timestep,HydroDispatch2,HydroDispatch1_inflow,HydroDispatch3_inflow,SolarBusC,WindBusA,4_Demand,2_Demand,3_Demand
1,0.084,0.084,0.084,0.0,0.963,0.438,0.346,0.387
2,0.076,0.076,0.076,0.0,0.938,0.418,0.346,0.38
3,0.076,0.076,0.076,0.0,0.98,0.409,0.351,0.379
4,0.084,0.084,0.084,0.0,0.976,0.404,0.364,0.378
5,0.076,0.076,0.076,0.0,0.924,0.408,0.4,0.386
6,0.076,0.076,0.076,0.0,0.665,0.431,0.452,0.406
7,0.084,0.084,0.084,0.0,0.419,0.48,0.473,0.433
8,0.076,0.076,0.076,0.528,0.319,0.512,0.458,0.428
9,0.076,0.076,0.076,0.678,0.33,0.55,0.432,0.422
10,0.076,0.076,0.076,0.77,0.207,0.575,0.416,0.424
11,0.076,0.076,0.076,0.777,0.185,0.593,0.405,0.414
12,0.076,0.076,0.076,0.742,0.411,0.6,0.396,0.412
13,0.076,0.076,0.076,0.744,0.138,0.596,0.389,0.412
14,0.084,0.084,0.084,0.74,0.011,0.597,0.384,0.408
15,0.084,0.084,0.084,0.656,0.0,0.591,0.382,0.406
16,0.264,0.264,0.264,0.479,0.018,0.582,0.383,0.408
17,0.254,0.254,0.254,0.0,0.256,0.594,0.411,0.419
18,0.264,0.264,0.264,0.0,0.316,0.663,0.449,0.494
19,0.18,0.18,0.18,0.0,0.162,0.653,0.444,0.501
20,0.084,0.084,0.084,0.0,0.162,0.631,0.437,0.494
21,0.076,0.076,0.076,0.0,0.185,0.602,0.423,0.481
22,0.076,0.076,0.076,0.0,0.044,0.562,0.392,0.455
23,0.076,0.076,0.076,0.0,0.009,0.514,0.362,0.425
24,0.076,0.076,0.076,0.0,0.001,0.465,0.348,0.399
25,0.056,0.056,0.056,0.0,0.005,0.434,0.341,0.385
26,0.056,0.056,0.056,0.0,0.018,0.417,0.34,0.38
27,0.056,0.056,0.056,0.0,0.077,0.405,0.343,0.377
28,0.056,0.056,0.056,0.0,0.123,0.399,0.355,0.378
29,0.056,0.056,0.056,0.0,0.159,0.402,0.385,0.385
30,0.056,0.056,0.056,0.0,0.166,0.426,0.429,0.405
31,0.066,0.066,0.066,0.0,0.069,0.472,0.447,0.434
32,0.048,0.048,0.048,0.517,0.038,0.501,0.43,0.426
33,0.066,0.066,0.066,0.698,0.025,0.539,0.412,0.422
34,0.048,0.048,0.048,0.737,0.005,0.568,0.404,0.419
35,0.056,0.056,0.056,0.786,0.0,0.592,0.396,0.416
36,0.056,0.056,0.056,0.786,0.0,0.608,0.393,0.413
37,0.056,0.056,0.056,0.77,0.0,0.615,0.39,0.408
38,0.056,0.056,0.056,0.742,0.0,0.626,0.387,0.408
39,0.056,0.056,0.056,0.658,0.0,0.626,0.386,0.405
40,0.066,0.066,0.066,0.475,0.0,0.612,0.386,0.402
41,0.066,0.066,0.066,0.0,0.004,0.609,0.408,0.427
42,0.066,0.066,0.066,0.0,0.009,0.663,0.444,0.487
43,0.076,0.076,0.076,0.0,0.167,0.653,0.441,0.492
44,0.076,0.076,0.076,0.0,0.171,0.623,0.429,0.49
45,0.084,0.084,0.084,0.0,0.089,0.595,0.413,0.477
46,0.094,0.094,0.094,0.0,0.067,0.556,0.384,0.45
47,0.094,0.094,0.094,0.0,0.241,0.505,0.354,0.423
48,0.094,0.094,0.094,0.0,0.349,0.459,0.338,0.399
49,0.076,0.076,0.076,0.0,0.18,0.428,0.333,0.386
50,0.066,0.066,0.066,0.0,0.558,0.411,0.327,0.381
51,0.056,0.056,0.056,0.0,0.664,0.403,0.33,0.378
52,0.066,0.066,0.066,0.0,0.893,0.397,0.341,0.379
53,0.066,0.066,0.066,0.0,0.539,0.397,0.368,0.387
54,0.066,0.066,0.066,0.0,0.734,0.418,0.413,0.409
55,0.066,0.066,0.066,0.0,0.727,0.463,0.432,0.439
56,0.066,0.066,0.066,0.521,0.719,0.493,0.422,0.429
57,0.066,0.066,0.066,0.675,0.784,0.542,0.409,0.426
58,0.066,0.066,0.066,0.759,0.56,0.57,0.403,0.422
59,0.076,0.076,0.076,0.764,0.438,0.599,0.4,0.419
60,0.066,0.066,0.066,0.751,0.773,0.621,0.395,0.414
61,0.066,0.066,0.066,0.709,0.396,0.628,0.392,0.41
62,0.066,0.066,0.066,0.693,0.581,0.637,0.39,0.405
63,0.066,0.066,0.066,0.671,0.559,0.637,0.387,0.403
64,0.066,0.066,0.066,0.479,0.491,0.626,0.386,0.401
65,0.066,0.066,0.066,0.0,0.493,0.614,0.401,0.381
66,0.066,0.066,0.066,0.0,0.533,0.654,0.433,0.475
67,0.076,0.076,0.076,0.0,0.651,0.633,0.423,0.477
68,0.066,0.066,0.066,0.0,0.624,0.603,0.409,0.471
69,0.076,0.076,0.076,0.0,0.8,0.569,0.4,0.459
70,0.084,0.084,0.084,0.0,0.767,0.537,0.381,0.444
71,0.076,0.076,0.076,0.0,0.811,0.496,0.356,0.425
72,0.076,0.076,0.076,0.0,0.537,0.459,0.339,0.404
73,0.076,0.076,0.076,0.0,0.192,0.426,0.333,0.389
74,0.066,0.066,0.066,0.0,0.206,0.41,0.328,0.384
75,0.066,0.066,0.066,0.0,0.159,0.397,0.33,0.381
76,0.066,0.066,0.066,0.0,0.316,0.388,0.335,0.38
77,0.076,0.076,0.076,0.0,0.279,0.387,0.35,0.384
78,0.066,0.066,0.066,0.0,0.156,0.396,0.373,0.393
79,0.056,0.056,0.056,0.0,0.127,0.409,0.393,0.403
80,0.066,0.066,0.066,0.539,0.139,0.417,0.401,0.395
81,0.066,0.066,0.066,0.715,0.018,0.446,0.399,0.399
82,0.066,0.066,0.066,0.79,0.0,0.476,0.394,0.401
83,0.066,0.066,0.066,0.799,0.0,0.495,0.388,0.397
84,0.056,0.056,0.056,0.797,0.0,0.503,0.38,0.388
85,0.056,0.056,0.056,0.797,0.033,0.503,0.372,0.392
86,0.056,0.056,0.056,0.759,0.407,0.494,0.364,0.388
87,0.066,0.066,0.066,0.667,0.438,0.486,0.363,0.386
88,0.056,0.056,0.056,0.503,0.517,0.478,0.367,0.38
89,0.066,0.066,0.066,0.0,0.256,0.484,0.391,0.403
90,0.056,0.056,0.056,0.0,0.255,0.541,0.423,0.464
91,0.076,0.076,0.076,0.0,0.711,0.557,0.415,0.465
92,0.066,0.066,0.066,0.0,0.926,0.544,0.405,0.458
93,0.066,0.066,0.066,0.0,0.964,0.529,0.39,0.447
94,0.066,0.066,0.066,0.0,0.991,0.506,0.37,0.434
95,0.066,0.066,0.066,0.0,0.991,0.475,0.35,0.418
96,0.122,0.122,0.122,0.0,0.994,0.447,0.338,0.401
97,0.066,0.066,0.066,0.0,0.99,0.421,0.333,0.388
98,0.066,0.066,0.066,0.0,0.991,0.406,0.33,0.382
99,0.076,0.076,0.076,0.0,0.995,0.398,0.332,0.376
100,0.056,0.056,0.056,0.0,0.989,0.393,0.339,0.376
101,0.056,0.056,0.056,0.0,0.995,0.391,0.351,0.379
102,0.056,0.056,0.056,0.0,0.993,0.391,0.373,0.385
103,0.066,0.066,0.066,0.0,0.992,0.398,0.395,0.392
104,0.066,0.066,0.066,0.534,0.989,0.397,0.402,0.384
105,0.066,0.066,0.066,0.724,0.981,0.414,0.396,0.389
106,0.076,0.076,0.076,0.773,0.986,0.432,0.389,0.394
107,0.066,0.066,0.066,0.768,0.946,0.446,0.377,0.394
108,0.076,0.076,0.076,0.777,0.687,0.454,0.37,0.391
109,0.076,0.076,0.076,0.753,0.529,0.457,0.362,0.389
110,0.084,0.084,0.084,0.74,0.475,0.459,0.356,0.387
111,0.076,0.076,0.076,0.691,0.345,0.459,0.356,0.384
112,0.084,0.084,0.084,0.488,0.361,0.455,0.359,0.383
113,0.076,0.076,0.076,0.0,0.298,0.464,0.388,0.405
114,0.084,0.084,0.084,0.0,0.564,0.527,0.428,0.461
115,0.084,0.084,0.084,0.0,0.523,0.549,0.427,0.467
116,0.076,0.076,0.076,0.0,0.451,0.543,0.418,0.462
117,0.084,0.084,0.084,0.0,0.14,0.526,0.4,0.447
118,0.114,0.114,0.114,0.0,0.098,0.5,0.372,0.429
119,0.076,0.076,0.076,0.0,0.263,0.464,0.346,0.407
120,0.122,0.122,0.122,0.0,0.584,0.432,0.337,0.39
121,0.076,0.076,0.076,0.0,0.701,0.407,0.334,0.38
122,0.076,0.076,0.076,0.0,0.791,0.396,0.334,0.377
123,0.076,0.076,0.076,0.0,0.877,0.388,0.34,0.373
124,0.076,0.076,0.076,0.0,0.911,0.386,0.355,0.375
125,0.076,0.076,0.076,0.0,0.83,0.393,0.396,0.383
126,0.076,0.076,0.076,0.0,0.704,0.417,0.456,0.405
127,0.264,0.264,0.264,0.0,0.651,0.468,0.481,0.437
128,0.254,0.254,0.254,0.519,0.637,0.504,0.456,0.428
129,0.254,0.254,0.254,0.715,0.676,0.535,0.428,0.427
130,0.264,0.264,0.264,0.795,0.893,0.564,0.415,0.423
131,0.254,0.254,0.254,0.808,0.98,0.587,0.405,0.423
132,0.264,0.264,0.264,0.801,0.966,0.6,0.397,0.42
133,0.254,0.254,0.254,0.768,0.917,0.601,0.389,0.41
134,0.254,0.254,0.254,0.746,0.83,0.605,0.382,0.399
135,0.264,0.264,0.264,0.656,0.881,0.602,0.381,0.402
136,0.254,0.254,0.254,0.488,0.966,0.592,0.384,0.4
137,0.284,0.284,0.284,0.0,0.877,0.588,0.41,0.422
138,0.518,0.518,0.518,0.0,0.925,0.645,0.454,0.494
139,0.51,0.51,0.51,0.0,0.863,0.64,0.454,0.509
140,0.518,0.518,0.518,0.0,0.929,0.614,0.445,0.504
141,0.518,0.518,0.518,0.0,0.909,0.585,0.429,0.494
142,0.518,0.518,0.518,0.0,0.978,0.548,0.395,0.471
143,0.518,0.518,0.518,0.0,0.995,0.496,0.367,0.434
144,0.396,0.396,0.396,0.0,0.999,0.455,0.353,0.411
145,0.084,0.084,0.084,0.0,0.998,0.421,0.352,0.384
146,0.076,0.076,0.076,0.0,0.996,0.406,0.351,0.381
147,0.084,0.084,0.084,0.0,0.991,0.396,0.357,0.38
148,0.076,0.076,0.076,0.0,0.991,0.395,0.372,0.382
149,0.084,0.084,0.084,0.0,0.987,0.399,0.414,0.392
150,0.084,0.084,0.084,0.0,0.981,0.421,0.473,0.419
151,0.254,0.254,0.254,0.0,0.992,0.476,0.494,0.454
152,0.254,0.254,0.254,0.545,0.993,0.509,0.469,0.443
153,0.284,0.284,0.284,0.704,0.998,0.541,0.435,0.43
154,0.254,0.254,0.254,0.757,0.995,0.564,0.416,0.42
155,0.264,0.264,0.264,0.77,0.934,0.587,0.401,0.381
156,0.254,0.254,0.254,0.735,0.96,0.597,0.393,0.416
157,0.254,0.254,0.254,0.753,0.99,0.601,0.39,0.41
158,0.264,0.264,0.264,0.735,0.986,0.603,0.381,0.404
159,0.254,0.254,0.254,0.687,0.972,0.606,0.379,0.399
160,0.264,0.264,0.264,0.483,0.986,0.596,0.382,0.4
161,0.5,0.5,0.5,0.0,0.989,0.591,0.408,0.425
162,0.518,0.518,0.518,0.0,0.95,0.64,0.449,0.498
163,0.51,0.51,0.51,0.0,0.993,0.637,0.448,0.513
164,0.416,0.416,0.416,0.0,0.982,0.612,0.444,0.507
165,0.218,0.218,0.218,0.0,0.985,0.588,0.425,0.499
166,0.076,0.076,0.076,0.0,0.924,0.547,0.396,0.474
167,0.076,0.076,0.076,0.0,0.958,0.497,0.366,0.437
168,0.076,0.076,0.076,0.0,0.98,0.452,0.357,0.413
169,0.084,0.084,0.084,0.0,0.898,0.422,0.351,0.4
170,0.076,0.076,0.076,0.0,0.67,0.405,0.354,0.397
171,0.076,0.076,0.076,0.0,0.466,0.397,0.36,0.395
172,0.084,0.084,0.084,0.0,0.628,0.395,0.381,0.398
173,0.076,0.076,0.076,0.0,0.678,0.401,0.42,0.411
174,0.076,0.076,0.076,0.0,0.723,0.425,0.486,0.443
175,0.084,0.084,0.084,0.0,0.951,0.483,0.513,0.484
176,0.076,0.076,0.076,0.514,0.998,0.514,0.487,0.471
177,0.076,0.076,0.076,0.678,0.999,0.543,0.447,0.457
178,0.076,0.076,0.076,0.731,1.0,0.57,0.424,0.445
179,0.076,0.076,0.076,0.728,1.0,0.588,0.408,0.435
180,0.076,0.076,0.076,0.759,0.978,0.598,0.395,0.427
181,0.076,0.076,0.076,0.768,0.982,0.595,0.388,0.417
182,0.084,0.084,0.084,0.751,0.984,0.594,0.382,0.413
183,0.084,0.084,0.084,0.675,0.992,0.59,0.379,0.406
184,0.264,0.264,0.264,0.506,0.988,0.582,0.385,0.413
185,0.254,0.254,0.254,0.0,0.991,0.581,0.411,0.451
186,0.264,0.264,0.264,0.0,0.997,0.64,0.454,0.511
187,0.18,0.18,0.18,0.0,0.996,0.641,0.453,0.521
188,0.084,0.084,0.084,0.0,0.993,0.618,0.446,0.516
189,0.076,0.076,0.076,0.0,0.979,0.595,0.434,0.5
190,0.076,0.076,0.076,0.0,0.98,0.552,0.401,0.474
191,0.076,0.076,0.076,0.0,0.99,0.504,0.372,0.439
192,0.076,0.076,0.076,0.0,0.991,0.459,0.359,0.414
193,0.056,0.056,0.056,0.0,0.99,0.427,0.356,0.401
194,0.056,0.056,0.056,0.0,0.986,0.409,0.357,0.394
195,0.056,0.056,0.056,0.0,0.997,0.404,0.364,0.393
196,0.056,0.056,0.056,0.0,0.995,0.402,0.381,0.396
197,0.056,0.056,0.056,0.0,0.993,0.405,0.424,0.406
198,0.056,0.056,0.056,0.0,0.991,0.429,0.49,0.437
199,0.066,0.066,0.066,0.0,0.993,0.481,0.511,0.472
200,0.048,0.048,0.048,0.514,0.994,0.517,0.486,0.457
201,0.066,0.066,0.066,0.669,0.988,0.557,0.449,0.446
202,0.048,0.048,0.048,0.728,0.975,0.584,0.425,0.436
203,0.056,0.056,0.056,0.775,0.855,0.594,0.408,0.416
204,0.056,0.056,0.056,0.786,0.548,0.599,0.398,0.404
205,0.056,0.056,0.056,0.786,0.299,0.599,0.389,0.399
206,0.056,0.056,0.056,0.766,0.185,0.605,0.383,0.394
207,0.056,0.056,0.056,0.706,0.073,0.599,0.38,0.391
208,0.066,0.066,0.066,0.503,0.035,0.596,0.382,0.394
209,0.066,0.066,0.066,0.0,0.062,0.591,0.406,0.413
210,0.066,0.066,0.066,0.0,0.095,0.65,0.451,0.485
211,0.076,0.076,0.076,0.0,0.204,0.65,0.452,0.498
212,0.076,0.076,0.076,0.0,0.429,0.619,0.445,0.493
213,0.084,0.084,0.084,0.0,0.559,0.589,0.431,0.479
214,0.094,0.094,0.094,0.0,0.79,0.547,0.401,0.455
215,0.094,0.094,0.094,0.0,0.76,0.498,0.371,0.426
216,0.094,0.094,0.094,0.0,0.824,0.453,0.355,0.403
217,0.076,0.076,0.076,0.0,0.759,0.422,0.352,0.391
218,0.066,0.066,0.066,0.0,0.587,0.408,0.352,0.385
219,0.056,0.056,0.056,0.0,0.686,0.401,0.358,0.383
220,0.066,0.066,0.066,0.0,0.686,0.398,0.374,0.385
221,0.066,0.066,0.066,0.0,0.536,0.401,0.415,0.395
222,0.066,0.066,0.066,0.0,0.312,0.425,0.479,0.419
223,0.066,0.066,0.066,0.0,0.192,0.477,0.5,0.444
224,0.066,0.066,0.066,0.523,0.351,0.514,0.475,0.435
225,0.066,0.066,0.066,0.669,0.593,0.547,0.44,0.429
226,0.066,0.066,0.066,0.728,0.62,0.577,0.418,0.426
227,0.076,0.076,0.076,0.762,0.582,0.595,0.405,0.423
228,0.066,0.066,0.066,0.746,0.507,0.604,0.393,0.417
229,0.066,0.066,0.066,0.711,0.51,0.603,0.384,0.411
230,0.066,0.066,0.066,0.711,0.61,0.601,0.382,0.406
231,0.066,0.066,0.066,0.693,0.746,0.593,0.376,0.401
232,0.066,0.066,0.066,0.486,0.63,0.577,0.378,0.398
233,0.066,0.066,0.066,0.0,0.523,0.577,0.395,0.413
234,0.066,0.066,0.066,0.0,0.0,0.62,0.429,0.472
235,0.076,0.076,0.076,0.0,0.0,0.619,0.422,0.479
236,0.066,0.066,0.066,0.0,0.084,0.592,0.415,0.472
237,0.076,0.076,0.076,0.0,0.354,0.569,0.404,0.463
238,0.084,0.084,0.084,0.0,0.236,0.535,0.382,0.448
239,0.076,0.076,0.076,0.0,0.373,0.496,0.356,0.426
240,0.076,0.076,0.076,0.0,0.394,0.458,0.341,0.404
241,0.076,0.076,0.076,0.0,0.199,0.427,0.333,0.391
242,0.066,0.066,0.066,0.0,0.128,0.409,0.332,0.385
243,0.066,0.066,0.066,0.0,0.106,0.401,0.332,0.381
244,0.066,0.066,0.066,0.0,0.28,0.393,0.338,0.38
245,0.076,0.076,0.076,0.0,0.286,0.393,0.35,0.382
246,0.066,0.066,0.066,0.0,0.214,0.4,0.374,0.388
247,0.056,0.056,0.056,0.0,0.094,0.414,0.398,0.397
248,0.066,0.066,0.066,0.545,0.059,0.425,0.411,0.392
249,0.066,0.066,0.066,0.74,0.045,0.462,0.41,0.398
250,0.066,0.066,0.066,0.799,0.022,0.502,0.4,0.401
251,0.066,0.066,0.066,0.653,0.0,0.529,0.393,0.397
252,0.056,0.056,0.056,0.011,0.093,0.529,0.382,0.394
253,0.056,0.056,0.056,0.009,0.322,0.52,0.374,0.39
254,0.056,0.056,0.056,0.598,0.475,0.507,0.364,0.388
255,0.066,0.066,0.066,0.461,0.712,0.494,0.362,0.386
256,0.056,0.056,0.056,0.552,0.75,0.486,0.364,0.389
257,0.066,0.066,0.066,0.0,0.898,0.494,0.385,0.409
258,0.056,0.056,0.056,0.0,0.688,0.553,0.419,0.463
259,0.076,0.076,0.076,0.0,0.254,0.574,0.414,0.465
260,0.066,0.066,0.066,0.0,0.172,0.558,0.405,0.46
261,0.066,0.066,0.066,0.0,0.098,0.542,0.39,0.449
262,0.066,0.066,0.066,0.0,0.373,0.517,0.369,0.433
263,0.066,0.066,0.066,0.0,0.234,0.483,0.345,0.416
264,0.122,0.122,0.122,0.0,0.339,0.453,0.332,0.398
265,0.066,0.066,0.066,0.0,0.483,0.429,0.323,0.385
266,0.066,0.066,0.066,0.0,0.43,0.411,0.319,0.38
267,0.076,0.076,0.076,0.0,0.498,0.403,0.316,0.375
268,0.056,0.056,0.056,0.0,0.548,0.395,0.317,0.374
269,0.056,0.056,0.056,0.0,0.5,0.395,0.328,0.376
270,0.056,0.056,0.056,0.0,0.532,0.4,0.348,0.383
271,0.066,0.066,0.066,0.0,0.488,0.406,0.368,0.39
272,0.066,0.066,0.066,0.561,0.489,0.41,0.38,0.383
273,0.066,0.066,0.066,0.762,0.454,0.429,0.382,0.389
274,0.076,0.076,0.076,0.821,0.475,0.447,0.381,0.395
275,0.066,0.066,0.066,0.832,0.481,0.458,0.376,0.394
276,0.076,0.076,0.076,0.828,0.356,0.457,0.371,0.397
277,0.076,0.076,0.076,0.819,0.292,0.462,0.363,0.393
278,0.084,0.084,0.084,0.804,0.293,0.458,0.356,0.393
279,0.076,0.076,0.076,0.74,0.29,0.452,0.356,0.392
280,0.084,0.084,0.084,0.6,0.284,0.451,0.362,0.394
281,0.076,0.076,0.076,0.0,0.202,0.465,0.388,0.414
282,0.084,0.084,0.084,0.0,0.407,0.539,0.433,0.486
283,0.084,0.084,0.084,0.0,0.494,0.576,0.434,0.5
284,0.076,0.076,0.076,0.0,0.415,0.573,0.423,0.493
285,0.084,0.084,0.084,0.0,0.236,0.553,0.411,0.481
286,0.114,0.114,0.114,0.0,0.206,0.526,0.391,0.466
287,0.076,0.076,0.076,0.0,0.376,0.494,0.364,0.447
288,0.122,0.122,0.122,0.0,0.464,0.458,0.351,0.424
289,0.094,0.094,0.094,0.0,0.546,0.43,0.349,0.41
290,0.076,0.076,0.076,0.0,0.738,0.411,0.35,0.403
291,0.084,0.084,0.084,0.0,0.869,0.404,0.355,0.4
292,0.076,0.076,0.076,0.0,0.957,0.401,0.373,0.402
293,0.076,0.076,0.076,0.0,0.765,0.406,0.404,0.411
294,0.084,0.084,0.084,0.0,0.95,0.427,0.45,0.431
295,0.076,0.076,0.076,0.0,0.591,0.468,0.475,0.453
296,0.066,0.066,0.066,0.55,0.585,0.49,0.474,0.441
297,0.056,0.056,0.056,0.773,0.227,0.525,0.46,0.445
298,0.066,0.066,0.066,0.781,0.171,0.556,0.449,0.452
299,0.066,0.066,0.066,0.775,0.305,0.572,0.435,0.444
300,0.066,0.066,0.066,0.808,0.043,0.573,0.417,0.435
301,0.076,0.076,0.076,0.821,0.105,0.564,0.405,0.427
302,0.084,0.084,0.084,0.812,0.195,0.562,0.393,0.419
303,0.094,0.094,0.094,0.775,0.601,0.552,0.388,0.413
304,0.076,0.076,0.076,0.592,0.496,0.543,0.393,0.411
305,0.084,0.084,0.084,0.0,0.707,0.551,0.432,0.435
306,0.076,0.076,0.076,0.0,0.979,0.618,0.477,0.517
307,0.084,0.084,0.084,0.0,0.949,0.633,0.48,0.53
308,0.076,0.076,0.076,0.0,0.337,0.618,0.473,0.533
309,0.076,0.076,0.076,0.0,0.364,0.589,0.461,0.518
310,0.084,0.084,0.084,0.0,0.549,0.551,0.428,0.496
311,0.076,0.076,0.076,0.0,0.234,0.506,0.395,0.465
312,0.076,0.076,0.076,0.0,0.434,0.461,0.388,0.435
313,0.104,0.104,0.104,0.0,0.781,0.429,0.385,0.418
314,0.076,0.076,0.076,0.0,0.871,0.41,0.388,0.413
315,0.076,0.076,0.076,0.0,0.997,0.404,0.397,0.409
316,0.076,0.076,0.076,0.0,0.988,0.401,0.417,0.413
317,0.076,0.076,0.076,0.0,0.997,0.405,0.464,0.425
318,0.076,0.076,0.076,0.0,0.997,0.433,0.536,0.46
319,0.076,0.076,0.076,0.0,0.992,0.494,0.562,0.498
320,0.076,0.076,0.076,0.558,0.982,0.535,0.526,0.483
321,0.056,0.056,0.056,0.733,0.983,0.568,0.481,0.466
322,0.076,0.076,0.076,0.768,0.972,0.583,0.451,0.452
323,0.076,0.076,0.076,0.751,0.92,0.601,0.427,0.44
324,0.076,0.076,0.076,0.775,0.914,0.6,0.412,0.428
325,0.076,0.076,0.076,0.737,0.895,0.602,0.398,0.418
326,0.076,0.076,0.076,0.742,0.836,0.595,0.39,0.409
327,0.076,0.076,0.076,0.684,0.84,0.592,0.384,0.405
328,0.076,0.076,0.076,0.543,0.792,0.581,0.389,0.404
329,0.076,0.076,0.076,0.0,0.486,0.578,0.418,0.43
330,0.084,0.084,0.084,0.0,0.088,0.661,0.472,0.504
331,0.076,0.076,0.076,0.0,0.782,0.674,0.477,0.518
332,0.076,0.076,0.076,0.0,0.91,0.639,0.475,0.514
333,0.076,0.076,0.076,0.0,0.955,0.607,0.465,0.499
334,0.076,0.076,0.076,0.0,0.43,0.569,0.429,0.471
335,0.076,0.076,0.076,0.0,0.496,0.513,0.4,0.439
336,0.076,0.076,0.076,0.0,0.608,0.463,0.384,0.409
337,0.094,0.094,0.094,0.0,0.718,0.431,0.38,0.397
338,0.076,0.076,0.076,0.0,0.452,0.411,0.38,0.392
339,0.094,0.094,0.094,0.0,0.351,0.403,0.386,0.389
340,0.084,0.084,0.084,0.0,0.494,0.399,0.405,0.391
341,0.076,0.076,0.076,0.0,0.22,0.407,0.454,0.402
342,0.076,0.076,0.076,0.0,0.159,0.431,0.52,0.43
343,0.076,0.076,0.076,0.0,0.22,0.497,0.543,0.467
344,0.084,0.084,0.084,0.499,0.508,0.536,0.516,0.453
345,0.076,0.076,0.076,0.651,0.534,0.563,0.474,0.439
346,0.076,0.076,0.076,0.408,0.568,0.585,0.444,0.429
347,0.084,0.084,0.084,0.309,0.604,0.604,0.421,0.426
348,0.076,0.076,0.076,0.342,0.276,0.611,0.408,0.42
349,0.066,0.066,0.066,0.662,0.272,0.607,0.397,0.417
350,0.076,0.076,0.076,0.786,0.166,0.604,0.389,0.413
351,0.076,0.076,0.076,0.706,0.295,0.595,0.384,0.407
352,0.076,0.076,0.076,0.618,0.216,0.591,0.388,0.405
353,0.084,0.084,0.084,0.0,0.128,0.608,0.415,0.427
354,0.076,0.076,0.076,0.0,0.0,0.669,0.467,0.494
355,0.076,0.076,0.076,0.0,0.0,0.674,0.47,0.505
356,0.264,0.264,0.264,0.0,0.0,0.656,0.466,0.496
357,0.264,0.264,0.264,0.0,0.0,0.62,0.452,0.479
358,0.076,0.076,0.076,0.0,0.231,0.576,0.414,0.452
359,0.056,0.056,0.056,0.0,0.0,0.515,0.38,0.419
360,0.056,0.056,0.056,0.0,0.0,0.465,0.364,0.394
361,0.076,0.076,0.076,0.0,0.0,0.431,0.358,0.38
362,0.056,0.056,0.056,0.0,0.163,0.417,0.357,0.376
363,0.056,0.056,0.056,0.0,0.428,0.406,0.357,0.376
364,0.056,0.056,0.056,0.0,0.376,0.403,0.373,0.378
365,0.056,0.056,0.056,0.0,0.337,0.408,0.41,0.384
366,0.066,0.066,0.066,0.0,0.448,0.433,0.469,0.404
367,0.056,0.056,0.056,0.0,0.273,0.489,0.496,0.436
368,0.056,0.056,0.056,0.581,0.173,0.529,0.471,0.435
369,0.056,0.056,0.056,0.786,0.271,0.558,0.444,0.433
370,0.056,0.056,0.056,0.83,0.327,0.578,0.429,0.428
371,0.066,0.066,0.066,0.832,0.634,0.594,0.419,0.417
372,0.076,0.076,0.076,0.841,0.599,0.598,0.411,0.414
373,0.076,0.076,0.076,0.823,0.556,0.594,0.404,0.41
374,0.084,0.084,0.084,0.792,0.575,0.592,0.399,0.405
375,0.076,0.076,0.076,0.757,0.382,0.583,0.394,0.403
376,0.084,0.084,0.084,0.62,0.325,0.573,0.4,0.403
377,0.084,0.084,0.084,0.0,0.525,0.576,0.425,0.422
378,0.264,0.264,0.264,0.0,0.815,0.641,0.474,0.493
379,0.264,0.264,0.264,0.0,0.967,0.661,0.476,0.511
380,0.264,0.264,0.264,0.0,0.972,0.642,0.468,0.512
381,0.236,0.236,0.236,0.0,0.953,0.618,0.457,0.498
382,0.056,0.056,0.056,0.0,0.921,0.578,0.421,0.472
383,0.056,0.056,0.056,0.0,0.976,0.524,0.391,0.437
384,0.056,0.056,0.056,0.0,0.968,0.474,0.378,0.41
385,0.066,0.066,0.066,0.0,0.949,0.44,0.377,0.401
386,0.066,0.066,0.066,0.0,0.983,0.421,0.378,0.396
387,0.066,0.066,0.066,0.0,0.932,0.411,0.385,0.395
388,0.066,0.066,0.066,0.0,0.995,0.409,0.402,0.399
389,0.066,0.066,0.066,0.0,0.989,0.414,0.446,0.411
390,0.076,0.076,0.076,0.0,0.96,0.44,0.512,0.441
391,0.076,0.076,0.076,0.0,0.979,0.497,0.541,0.479
392,0.076,0.076,0.076,0.576,0.953,0.541,0.506,0.467
393,0.076,0.076,0.076,0.737,0.935,0.565,0.465,0.456
394,0.084,0.084,0.084,0.792,0.978,0.586,0.436,0.446
395,0.076,0.076,0.076,0.808,0.966,0.593,0.413,0.435
396,0.114,0.114,0.114,0.801,0.968,0.599,0.399,0.423
397,0.264,0.264,0.264,0.806,0.997,0.592,0.388,0.415
398,0.264,0.264,0.264,0.77,0.995,0.587,0.379,0.411
399,0.264,0.264,0.264,0.742,0.943,0.579,0.373,0.403
400,0.264,0.264,0.264,0.598,0.987,0.566,0.376,0.4
401,0.312,0.312,0.312,0.0,0.85,0.563,0.398,0.417
402,0.518,0.518,0.518,0.0,0.975,0.623,0.441,0.484
403,0.51,0.51,0.51,0.0,0.958,0.628,0.448,0.502
404,0.518,0.518,0.518,0.0,0.937,0.609,0.444,0.502
405,0.254,0.254,0.254,0.0,0.949,0.582,0.442,0.494
406,0.084,0.084,0.084,0.0,0.967,0.555,0.422,0.481
407,0.076,0.076,0.076,0.0,0.88,0.517,0.399,0.455
408,0.076,0.076,0.076,0.0,0.612,0.475,0.388,0.432
409,0.076,0.076,0.076,0.0,0.502,0.444,0.384,0.42
410,0.084,0.084,0.084,0.0,0.467,0.422,0.385,0.413
411,0.076,0.076,0.076,0.0,0.276,0.41,0.39,0.41
412,0.084,0.084,0.084,0.0,0.171,0.405,0.401,0.411
413,0.264,0.264,0.264,0.0,0.179,0.406,0.422,0.418
414,0.264,0.264,0.264,0.0,0.141,0.416,0.456,0.433
415,0.254,0.254,0.254,0.0,0.163,0.434,0.487,0.448
416,0.264,0.264,0.264,0.563,0.196,0.447,0.493,0.439
417,0.264,0.264,0.264,0.773,0.088,0.478,0.472,0.438
418,0.264,0.264,0.264,0.812,0.045,0.499,0.448,0.437
419,0.264,0.264,0.264,0.817,0.034,0.511,0.422,0.427
420,0.254,0.254,0.254,0.795,0.04,0.509,0.399,0.41
421,0.264,0.264,0.264,0.781,0.025,0.502,0.382,0.402
422,0.264,0.264,0.264,0.748,0.004,0.489,0.371,0.394
423,0.264,0.264,0.264,0.731,0.001,0.479,0.363,0.39
424,0.254,0.254,0.254,0.6,0.009,0.47,0.366,0.388
425,0.444,0.444,0.444,0.0,0.017,0.475,0.389,0.407
426,0.764,0.764,0.764,0.0,0.039,0.528,0.433,0.473
427,0.784,0.784,0.784,0.0,0.013,0.56,0.436,0.489
428,0.784,0.784,0.784,0.0,0.001,0.546,0.43,0.486
429,0.764,0.764,0.764,0.0,0.025,0.529,0.423,0.479
430,0.614,0.614,0.614,0.0,0.024,0.508,0.408,0.467
431,0.528,0.528,0.528,0.0,0.038,0.482,0.39,0.452
432,0.32,0.32,0.32,0.0,0.026,0.466,0.381,0.43
433,0.264,0.264,0.264,0.0,0.02,0.429,0.378,0.417
434,0.264,0.264,0.264,0.0,0.029,0.41,0.379,0.408
435,0.264,0.264,0.264,0.0,0.069,0.401,0.385,0.405
436,0.264,0.264,0.264,0.0,0.183,0.395,0.394,0.402
437,0.264,0.264,0.264,0.0,0.274,0.395,0.413,0.404
438,0.264,0.264,0.264,0.0,0.316,0.401,0.44,0.407
439,0.254,0.254,0.254,0.0,0.341,0.409,0.467,0.414
440,0.264,0.264,0.264,0.55,0.324,0.412,0.475,0.41
441,0.264,0.264,0.264,0.728,0.412,0.431,0.457,0.418
442,0.264,0.264,0.264,0.806,0.543,0.447,0.431,0.419
443,0.254,0.254,0.254,0.817,0.5,0.459,0.41,0.412
444,0.264,0.264,0.264,0.845,0.252,0.462,0.395,0.407
445,0.254,0.254,0.254,0.832,0.129,0.462,0.38,0.4
446,0.254,0.254,0.254,0.821,0.138,0.462,0.367,0.394
447,0.264,0.264,0.264,0.746,0.122,0.458,0.361,0.387
448,0.254,0.254,0.254,0.603,0.094,0.456,0.367,0.39
449,0.264,0.264,0.264,0.024,0.015,0.466,0.391,0.406
450,0.312,0.312,0.312,0.0,0.301,0.524,0.442,0.472
451,0.312,0.312,0.312,0.0,0.563,0.559,0.451,0.489
452,0.33,0.33,0.33,0.0,0.357,0.555,0.445,0.488
453,0.33,0.33,0.33,0.0,0.247,0.541,0.429,0.477
454,0.284,0.284,0.284,0.0,0.063,0.516,0.399,0.456
455,0.264,0.264,0.264,0.0,0.043,0.476,0.372,0.432
456,0.264,0.264,0.264,0.0,0.335,0.441,0.358,0.41
457,0.254,0.254,0.254,0.0,0.74,0.414,0.356,0.397
458,0.264,0.264,0.264,0.0,0.458,0.403,0.357,0.391
459,0.264,0.264,0.264,0.0,0.551,0.398,0.361,0.391
460,0.264,0.264,0.264,0.0,0.682,0.394,0.379,0.395
461,0.264,0.264,0.264,0.0,0.86,0.399,0.42,0.407
462,0.264,0.264,0.264,0.0,0.842,0.423,0.487,0.436
463,0.254,0.254,0.254,0.0,0.647,0.476,0.512,0.472
464,0.264,0.264,0.264,0.572,0.313,0.51,0.482,0.462
465,0.264,0.264,0.264,0.768,0.329,0.543,0.451,0.453
466,0.264,0.264,0.264,0.843,0.438,0.567,0.43,0.445
467,0.264,0.264,0.264,0.854,0.415,0.584,0.414,0.435
468,0.254,0.254,0.254,0.85,0.187,0.591,0.405,0.423
469,0.264,0.264,0.264,0.834,0.15,0.592,0.395,0.418
470,0.254,0.254,0.254,0.81,0.355,0.592,0.387,0.411
471,0.264,0.264,0.264,0.77,0.407,0.587,0.383,0.406
472,0.254,0.254,0.254,0.625,0.329,0.581,0.385,0.403
473,0.264,0.264,0.264,0.119,0.285,0.577,0.406,0.419
474,0.264,0.264,0.264,0.0,0.119,0.626,0.453,0.491
475,0.462,0.462,0.462,0.0,0.092,0.641,0.456,0.51
476,0.34,0.34,0.34,0.0,0.05,0.617,0.446,0.507
477,0.35,0.35,0.35,0.0,0.017,0.593,0.426,0.494
478,0.34,0.34,0.34,0.0,0.004,0.551,0.393,0.465
479,0.32,0.32,0.32,0.0,0.033,0.498,0.362,0.434
480,0.254,0.254,0.254,0.0,0.16,0.456,0.345,0.406
481,0.264,0.264,0.264,0.0,0.194,0.424,0.341,0.393
482,0.264,0.264,0.264,0.0,0.112,0.408,0.338,0.388
483,0.264,0.264,0.264,0.0,0.034,0.398,0.343,0.388
484,0.264,0.264,0.264,0.0,0.009,0.394,0.356,0.393
485,0.264,0.264,0.264,0.0,0.008,0.399,0.395,0.406
486,0.264,0.264,0.264,0.0,0.054,0.422,0.452,0.433
487,0.264,0.264,0.264,0.0,0.083,0.478,0.474,0.468
488,0.264,0.264,0.264,0.552,0.047,0.51,0.451,0.454
489,0.254,0.254,0.254,0.742,0.022,0.543,0.431,0.448
490,0.254,0.254,0.254,0.804,0.005,0.568,0.416,0.442
491,0.254,0.254,0.254,0.801,0.007,0.591,0.404,0.427
492,0.254,0.254,0.254,0.841,0.004,0.606,0.398,0.42
493,0.254,0.254,0.254,0.826,0.003,0.611,0.392,0.413
494,0.254,0.254,0.254,0.804,0.003,0.612,0.394,0.408
495,0.254,0.254,0.254,0.764,0.001,0.611,0.386,0.407
496,0.254,0.254,0.254,0.62,0.001,0.598,0.386,0.406
497,0.264,0.264,0.264,0.124,0.002,0.586,0.402,0.417
498,0.264,0.264,0.264,0.0,0.117,0.636,0.447,0.485
499,0.5,0.5,0.5,0.0,0.109,0.654,0.445,0.507
500,0.518,0.518,0.518,0.0,0.081,0.628,0.434,0.502
501,0.51,0.51,0.51,0.0,0.05,0.581,0.418,0.49
502,0.51,0.51,0.51,0.0,0.019,0.541,0.382,0.466
503,0.254,0.254,0.254,0.0,0.002,0.493,0.349,0.433
504,0.264,0.264,0.264,0.0,0.001,0.446,0.333,0.409
505,0.264,0.264,0.264,0.0,0.0,0.419,0.328,0.395
506,0.264,0.264,0.264,0.0,0.0,0.405,0.327,0.388
507,0.254,0.254,0.254,0.0,0.0,0.399,0.33,0.386
508,0.264,0.264,0.264,0.0,0.001,0.394,0.344,0.388
509,0.264,0.264,0.264,0.0,0.001,0.397,0.379,0.399
510,0.254,0.254,0.254,0.0,0.006,0.421,0.442,0.426
511,0.264,0.264,0.264,0.0,0.022,0.473,0.48,0.461
512,0.264,0.264,0.264,0.574,0.04,0.517,0.458,0.449
513,0.264,0.264,0.264,0.755,0.063,0.538,0.428,0.438
514,0.254,0.254,0.254,0.775,0.045,0.562,0.412,0.431
515,0.264,0.264,0.264,0.751,0.024,0.579,0.401,0.419
516,0.264,0.264,0.264,0.781,0.007,0.588,0.398,0.412
517,0.254,0.254,0.254,0.742,0.0,0.586,0.393,0.407
518,0.264,0.264,0.264,0.764,0.0,0.584,0.39,0.402
519,0.264,0.264,0.264,0.751,0.0,0.579,0.387,0.398
520,0.264,0.264,0.264,0.618,0.001,0.568,0.39,0.397
521,0.254,0.254,0.254,0.13,0.005,0.566,0.408,0.414
522,0.32,0.32,0.32,0.0,0.014,0.62,0.455,0.471
523,0.33,0.33,0.33,0.0,0.116,0.639,0.458,0.487
524,0.33,0.33,0.33,0.0,0.348,0.622,0.45,0.482
525,0.34,0.34,0.34,0.0,0.171,0.589,0.435,0.471
526,0.33,0.33,0.33,0.0,0.426,0.548,0.398,0.449
527,0.284,0.284,0.284,0.0,0.924,0.499,0.369,0.417
528,0.264,0.264,0.264,0.0,0.939,0.456,0.355,0.397
529,0.254,0.254,0.254,0.0,0.704,0.426,0.351,0.386
530,0.264,0.264,0.264,0.0,0.931,0.412,0.354,0.383
531,0.264,0.264,0.264,0.0,0.973,0.406,0.361,0.382
532,0.254,0.254,0.254,0.0,0.971,0.4,0.38,0.384
533,0.264,0.264,0.264,0.0,0.949,0.404,0.426,0.394
534,0.264,0.264,0.264,0.0,0.975,0.424,0.493,0.419
535,0.34,0.34,0.34,0.0,0.995,0.478,0.519,0.454
536,0.33,0.33,0.33,0.572,0.997,0.515,0.491,0.439
537,0.34,0.34,0.34,0.757,0.987,0.548,0.453,0.437
538,0.34,0.34,0.34,0.819,0.96,0.573,0.428,0.431
539,0.33,0.33,0.33,0.815,0.724,0.586,0.408,0.42
540,0.33,0.33,0.33,0.821,0.726,0.594,0.397,0.414
541,0.264,0.264,0.264,0.826,0.947,0.602,0.389,0.408
542,0.264,0.264,0.264,0.795,0.971,0.59,0.38,0.403
543,0.254,0.254,0.254,0.757,0.923,0.582,0.38,0.398
544,0.264,0.264,0.264,0.629,0.943,0.572,0.384,0.397
545,0.254,0.254,0.254,0.135,0.808,0.568,0.406,0.409
546,0.312,0.312,0.312,0.0,0.449,0.613,0.454,0.474
547,0.33,0.33,0.33,0.0,0.803,0.637,0.459,0.493
548,0.396,0.396,0.396,0.0,0.805,0.622,0.452,0.49
549,0.406,0.406,0.406,0.0,0.975,0.593,0.438,0.48
550,0.264,0.264,0.264,0.0,0.931,0.552,0.403,0.454
551,0.17,0.17,0.17,0.0,0.94,0.506,0.371,0.427
552,0.254,0.254,0.254,0.0,0.898,0.458,0.361,0.4
553,0.254,0.254,0.254,0.0,0.986,0.43,0.357,0.386
554,0.264,0.264,0.264,0.0,0.896,0.413,0.36,0.38
555,0.254,0.254,0.254,0.0,0.853,0.408,0.367,0.376
556,0.264,0.264,0.264,0.0,0.821,0.404,0.387,0.377
557,0.254,0.254,0.254,0.0,0.795,0.406,0.429,0.382
558,0.264,0.264,0.264,0.0,0.913,0.429,0.493,0.402
559,0.254,0.254,0.254,0.0,0.931,0.485,0.519,0.434
560,0.264,0.264,0.264,0.589,0.968,0.516,0.492,0.424
561,0.254,0.254,0.254,0.773,0.968,0.548,0.454,0.419
562,0.254,0.254,0.254,0.839,0.978,0.57,0.435,0.419
563,0.284,0.284,0.284,0.854,0.985,0.584,0.415,0.415
564,0.254,0.254,0.254,0.85,0.986,0.588,0.401,0.409
565,0.264,0.264,0.264,0.839,0.989,0.584,0.39,0.407
566,0.254,0.254,0.254,0.812,0.992,0.581,0.383,0.4
567,0.254,0.254,0.254,0.757,0.989,0.573,0.38,0.398
568,0.264,0.264,0.264,0.638,0.98,0.563,0.381,0.394
569,0.254,0.254,0.254,0.188,0.955,0.561,0.398,0.404
570,0.51,0.51,0.51,0.0,0.894,0.607,0.438,0.461
571,0.518,0.518,0.518,0.0,0.984,0.621,0.441,0.476
572,0.51,0.51,0.51,0.0,0.984,0.598,0.434,0.472
573,0.35,0.35,0.35,0.0,0.982,0.576,0.427,0.461
574,0.274,0.274,0.274,0.0,0.854,0.544,0.403,0.448
575,0.246,0.246,0.246,0.0,0.818,0.503,0.38,0.43
576,0.246,0.246,0.246,0.0,0.935,0.461,0.368,0.407
577,0.254,0.254,0.254,0.0,0.831,0.432,0.363,0.394
578,0.254,0.254,0.254,0.0,0.782,0.414,0.365,0.389
579,0.076,0.076,0.076,0.0,0.739,0.403,0.368,0.386
580,0.076,0.076,0.076,0.0,0.427,0.401,0.378,0.385
581,0.084,0.084,0.084,0.0,0.646,0.401,0.4,0.388
582,0.076,0.076,0.076,0.0,0.73,0.409,0.43,0.398
583,0.104,0.104,0.104,0.0,0.742,0.426,0.459,0.407
584,0.254,0.254,0.254,0.574,0.79,0.438,0.463,0.4
585,0.264,0.264,0.264,0.757,0.953,0.469,0.451,0.406
586,0.254,0.254,0.254,0.81,0.991,0.492,0.431,0.412
587,0.264,0.264,0.264,0.799,0.986,0.506,0.412,0.406
588,0.254,0.254,0.254,0.795,0.995,0.508,0.393,0.403
589,0.254,0.254,0.254,0.786,0.989,0.501,0.379,0.398
590,0.264,0.264,0.264,0.786,0.993,0.489,0.368,0.392
591,0.254,0.254,0.254,0.77,0.995,0.48,0.362,0.388
592,0.264,0.264,0.264,0.625,0.992,0.47,0.366,0.389
593,0.254,0.254,0.254,0.194,0.983,0.471,0.386,0.404
594,0.472,0.472,0.472,0.0,0.83,0.518,0.426,0.465
595,0.518,0.518,0.518,0.0,0.72,0.554,0.429,0.477
596,0.518,0.518,0.518,0.0,0.934,0.546,0.423,0.472
597,0.246,0.246,0.246,0.0,0.904,0.53,0.414,0.462
598,0.084,0.084,0.084,0.0,0.99,0.508,0.395,0.448
599,0.076,0.076,0.076,0.0,0.989,0.479,0.374,0.436
600,0.076,0.076,0.076,0.0,0.991,0.449,0.363,0.415
601,0.084,0.084,0.084,0.0,0.983,0.424,0.357,0.402
602,0.084,0.084,0.084,0.0,0.989,0.405,0.357,0.394
603,0.264,0.264,0.264,0.0,0.991,0.397,0.358,0.391
604,0.254,0.254,0.254,0.0,0.987,0.393,0.367,0.391
605,0.264,0.264,0.264,0.0,0.987,0.391,0.381,0.393
606,0.254,0.254,0.254,0.0,0.972,0.397,0.406,0.402
607,0.264,0.264,0.264,0.0,0.985,0.404,0.429,0.409
608,0.254,0.254,0.254,0.581,0.945,0.406,0.435,0.402
609,0.254,0.254,0.254,0.753,0.934,0.426,0.422,0.404
610,0.264,0.264,0.264,0.808,0.974,0.442,0.406,0.406
611,0.254,0.254,0.254,0.795,0.86,0.453,0.389,0.398
612,0.254,0.254,0.254,0.786,0.966,0.456,0.377,0.393
613,0.264,0.264,0.264,0.788,0.895,0.456,0.365,0.388
614,0.254,0.254,0.254,0.779,0.802,0.454,0.359,0.383
615,0.254,0.254,0.254,0.764,0.79,0.453,0.356,0.38
616,0.264,0.264,0.264,0.6,0.783,0.453,0.358,0.381
617,0.34,0.34,0.34,0.21,0.608,0.468,0.379,0.391
618,0.51,0.51,0.51,0.0,0.322,0.512,0.443,0.445
619,0.528,0.528,0.528,0.0,0.381,0.549,0.438,0.467
620,0.518,0.518,0.518,0.0,0.236,0.545,0.429,0.465
621,0.51,0.51,0.51,0.0,0.545,0.536,0.415,0.456
622,0.518,0.518,0.518,0.0,0.706,0.513,0.386,0.439
623,0.444,0.444,0.444,0.0,0.874,0.476,0.356,0.416
624,0.208,0.208,0.208,0.0,0.95,0.438,0.345,0.399
625,0.264,0.264,0.264,0.0,0.999,0.415,0.343,0.387
626,0.254,0.254,0.254,0.0,0.999,0.402,0.344,0.382
627,0.254,0.254,0.254,0.0,0.988,0.398,0.352,0.381
628,0.246,0.246,0.246,0.0,0.972,0.396,0.37,0.382
629,0.254,0.254,0.254,0.0,0.852,0.399,0.414,0.392
630,0.254,0.254,0.254,0.0,0.762,0.424,0.482,0.42
631,0.254,0.254,0.254,0.0,0.953,0.482,0.506,0.456
632,0.264,0.264,0.264,0.576,0.999,0.517,0.477,0.443
633,0.254,0.254,0.254,0.748,1.0,0.55,0.444,0.436
634,0.254,0.254,0.254,0.779,1.0,0.573,0.423,0.43
635,0.264,0.264,0.264,0.79,1.0,0.59,0.407,0.421
636,0.254,0.254,0.254,0.797,1.0,0.598,0.4,0.412
637,0.264,0.264,0.264,0.792,1.0,0.602,0.389,0.409
638,0.264,0.264,0.264,0.775,0.996,0.597,0.384,0.407
639,0.33,0.33,0.33,0.726,0.999,0.591,0.383,0.404
640,0.518,0.518,0.518,0.631,0.987,0.579,0.382,0.402
641,0.51,0.51,0.51,0.196,0.96,0.579,0.398,0.411
642,0.518,0.518,0.518,0.0,0.202,0.618,0.442,0.471
643,0.518,0.518,0.518,0.0,0.459,0.641,0.447,0.492
644,0.518,0.518,0.518,0.0,0.872,0.626,0.436,0.486
645,0.518,0.518,0.518,0.0,0.896,0.6,0.419,0.471
646,0.518,0.518,0.518,0.0,0.832,0.557,0.384,0.447
647,0.434,0.434,0.434,0.0,0.962,0.506,0.352,0.417
648,0.274,0.274,0.274,0.0,0.989,0.463,0.339,0.39
649,0.264,0.264,0.264,0.0,0.987,0.423,0.335,0.378
650,0.264,0.264,0.264,0.0,0.984,0.406,0.333,0.373
651,0.264,0.264,0.264,0.0,0.993,0.399,0.341,0.371
652,0.264,0.264,0.264,0.0,0.99,0.394,0.358,0.372
653,0.264,0.264,0.264,0.0,0.987,0.397,0.4,0.38
654,0.264,0.264,0.264,0.0,0.929,0.419,0.463,0.4
655,0.264,0.264,0.264,0.0,0.911,0.472,0.485,0.425
656,0.264,0.264,0.264,0.585,0.814,0.502,0.454,0.416
657,0.254,0.254,0.254,0.753,0.8,0.53,0.426,0.414
658,0.246,0.246,0.246,0.781,0.819,0.553,0.41,0.417
659,0.254,0.254,0.254,0.766,0.611,0.571,0.401,0.412
660,0.254,0.254,0.254,0.777,0.358,0.578,0.392,0.409
661,0.246,0.246,0.246,0.784,0.421,0.576,0.386,0.409
662,0.34,0.34,0.34,0.777,0.785,0.577,0.38,0.403
663,0.51,0.51,0.51,0.748,0.58,0.573,0.38,0.387
664,0.51,0.51,0.51,0.461,0.453,0.565,0.382,0.384
665,0.518,0.518,0.518,0.203,0.755,0.561,0.396,0.393
666,0.518,0.518,0.518,0.0,0.672,0.603,0.44,0.442
667,0.518,0.518,0.518,0.0,0.62,0.621,0.446,0.463
668,0.51,0.51,0.51,0.0,0.508,0.604,0.439,0.457
669,0.518,0.518,0.518,0.0,0.875,0.579,0.42,0.446
670,0.424,0.424,0.424,0.0,0.819,0.538,0.388,0.425
671,0.264,0.264,0.264,0.0,0.884,0.491,0.358,0.399
672,0.246,0.246,0.246,0.0,0.955,0.449,0.346,0.378
673,0.246,0.246,0.246,0.0,0.99,0.429,0.343,0.368
674,0.254,0.254,0.254,0.0,0.985,0.414,0.344,0.364
675,0.254,0.254,0.254,0.0,0.99,0.404,0.349,0.362
676,0.264,0.264,0.264,0.0,0.994,0.402,0.365,0.362
677,0.254,0.254,0.254,0.0,0.994,0.404,0.408,0.368
678,0.254,0.254,0.254,0.0,0.993,0.427,0.467,0.385
679,0.254,0.254,0.254,0.0,0.994,0.484,0.486,0.4
680,0.264,0.264,0.264,0.605,0.992,0.519,0.465,0.407
681,0.254,0.254,0.254,0.806,0.989,0.551,0.438,0.403
682,0.254,0.254,0.254,0.845,0.991,0.57,0.421,0.409
683,0.264,0.264,0.264,0.854,0.989,0.588,0.406,0.41
684,0.49,0.49,0.49,0.857,0.989,0.593,0.394,0.409
685,0.5,0.5,0.5,0.841,0.986,0.593,0.389,0.406
686,0.51,0.51,0.51,0.815,0.99,0.597,0.384,0.404
687,0.518,0.518,0.518,0.742,0.993,0.59,0.382,0.405
688,0.51,0.51,0.51,0.651,0.982,0.581,0.383,0.402
689,0.518,0.518,0.518,0.196,0.955,0.573,0.394,0.409
690,0.246,0.246,0.246,0.0,0.853,0.61,0.437,0.46
691,0.254,0.254,0.254,0.0,0.738,0.637,0.442,0.48
692,0.254,0.254,0.254,0.0,0.744,0.617,0.437,0.476
693,0.254,0.254,0.254,0.0,0.741,0.593,0.421,0.461
694,0.254,0.254,0.254,0.0,0.935,0.551,0.389,0.44
695,0.084,0.084,0.084,0.0,0.919,0.5,0.358,0.414
696,0.076,0.076,0.076,0.0,0.742,0.459,0.347,0.389
697,0.076,0.076,0.076,0.0,0.893,0.426,0.343,0.376
698,0.084,0.084,0.084,0.0,0.966,0.41,0.345,0.372
699,0.076,0.076,0.076,0.0,0.963,0.402,0.349,0.371
700,0.076,0.076,0.076,0.0,0.949,0.399,0.368,0.372
701,0.084,0.084,0.084,0.0,0.936,0.401,0.408,0.379
702,0.264,0.264,0.264,0.0,0.87,0.424,0.471,0.4
703,0.254,0.254,0.254,0.0,0.731,0.478,0.488,0.428
704,0.264,0.264,0.264,0.605,0.738,0.519,0.461,0.42
705,0.254,0.254,0.254,0.801,0.958,0.547,0.429,0.419
706,0.264,0.264,0.264,0.861,0.976,0.57,0.411,0.415
707,0.254,0.254,0.254,0.874,0.875,0.587,0.398,0.412
708,0.264,0.264,0.264,0.865,0.921,0.595,0.39,0.407
709,0.254,0.254,0.254,0.868,0.913,0.596,0.387,0.407
710,0.264,0.264,0.264,0.837,0.815,0.597,0.383,0.406
711,0.264,0.264,0.264,0.784,0.624,0.595,0.38,0.404
712,0.49,0.49,0.49,0.66,0.36,0.584,0.382,0.403
713,0.358,0.358,0.358,0.216,0.227,0.576,0.395,0.41
714,0.066,0.066,0.066,0.0,0.745,0.622,0.436,0.462
715,0.076,0.076,0.076,0.0,0.811,0.651,0.442,0.479
716,0.066,0.066,0.066,0.0,0.652,0.634,0.433,0.473
717,0.084,0.084,0.084,0.0,0.788,0.59,0.417,0.461
718,0.084,0.084,0.084,0.0,0.943,0.549,0.385,0.435
719,0.084,0.084,0.084,0.0,0.96,0.501,0.352,0.408
720,0.084,0.084,0.084,0.0,0.984,0.453,0.338,0.388
721,0.094,0.094,0.094,0.0,0.976,0.424,0.332,0.375
722,0.084,0.084,0.084,0.0,0.862,0.408,0.331,0.369
723,0.094,0.094,0.094,0.0,0.969,0.402,0.333,0.367
724,0.084,0.084,0.084,0.0,0.582,0.398,0.353,0.367
725,0.084,0.084,0.084,0.0,0.347,0.399,0.386,0.373
726,0.094,0.094,0.094,0.0,0.269,0.421,0.445,0.391
727,0.084,0.084,0.084,0.0,0.38,0.473,0.47,0.415
728,0.084,0.084,0.084,0.623,0.542,0.505,0.447,0.408
729,0.094,0.094,0.094,0.759,0.373,0.543,0.422,0.41
730,0.084,0.084,0.084,0.788,0.104,0.569,0.409,0.412
731,0.084,0.084,0.084,0.799,0.121,0.596,0.397,0.411
732,0.056,0.056,0.056,0.79,0.133,0.605,0.39,0.41
733,0.056,0.056,0.056,0.788,0.04,0.61,0.388,0.406
734,0.066,0.066,0.066,0.83,0.003,0.616,0.383,0.405
735,0.056,0.056,0.056,0.832,0.0,0.614,0.382,0.402
736,0.056,0.056,0.056,0.673,0.013,0.603,0.382,0.4
737,0.056,0.056,0.056,0.256,0.169,0.591,0.389,0.402
738,0.066,0.066,0.066,0.0,0.148,0.616,0.421,0.447
739,0.056,0.056,0.056,0.0,0.278,0.63,0.424,0.467
740,0.056,0.056,0.056,0.0,0.579,0.606,0.415,0.458
741,0.066,0.066,0.066,0.0,0.813,0.567,0.401,0.447
742,0.056,0.056,0.056,0.0,0.898,0.532,0.378,0.433
743,0.056,0.056,0.056,0.0,0.829,0.49,0.35,0.415
744,0.056,0.056,0.056,0.0,0.951,0.452,0.337,0.395
745,0.056,0.056,0.056,0.0,0.946,0.423,0.334,0.364
746,0.056,0.056,0.056,0.0,0.857,0.402,0.332,0.358
747,0.056,0.056,0.056,0.0,0.872,0.39,0.333,0.355
748,0.056,0.056,0.056,0.0,0.91,0.383,0.339,0.355
749,0.056,0.056,0.056,0.0,0.871,0.379,0.355,0.358
750,0.066,0.066,0.066,0.0,0.968,0.39,0.379,0.367
751,0.056,0.056,0.056,0.0,0.986,0.411,0.402,0.372
752,0.056,0.056,0.056,0.611,0.978,0.425,0.412,0.367
753,0.066,0.066,0.066,0.759,0.989,0.461,0.405,0.375
754,0.056,0.056,0.056,0.845,0.999,0.489,0.397,0.381
755,0.056,0.056,0.056,0.854,0.997,0.506,0.385,0.377
756,0.066,0.066,0.066,0.863,0.991,0.512,0.376,0.375
757,0.056,0.056,0.056,0.85,0.607,0.509,0.37,0.371
758,0.056,0.056,0.056,0.828,0.993,0.501,0.366,0.369
759,0.066,0.066,0.066,0.777,0.995,0.492,0.363,0.366
760,0.066,0.066,0.066,0.687,0.997,0.484,0.366,0.365
761,0.066,0.066,0.066,0.276,0.996,0.485,0.376,0.374
762,0.066,0.066,0.066,0.0,0.998,0.525,0.41,0.428
763,0.084,0.084,0.084,0.0,0.959,0.556,0.411,0.443
764,0.066,0.066,0.066,0.0,0.773,0.546,0.399,0.437
765,0.076,0.076,0.076,0.0,0.423,0.527,0.384,0.426
766,0.076,0.076,0.076,0.0,0.509,0.507,0.363,0.41
767,0.084,0.084,0.084,0.0,0.654,0.476,0.343,0.395
768,0.076,0.076,0.076,0.0,0.579,0.444,0.331,0.376
769,0.076,0.076,0.076,0.0,0.796,0.417,0.324,0.361
770,0.076,0.076,0.076,0.0,0.993,0.4,0.32,0.352
771,0.076,0.076,0.076,0.0,0.997,0.389,0.321,0.349
772,0.076,0.076,0.076,0.0,0.989,0.382,0.322,0.348
773,0.076,0.076,0.076,0.0,0.997,0.382,0.329,0.348
774,0.084,0.084,0.084,0.0,0.974,0.386,0.344,0.355
775,0.076,0.076,0.076,0.0,0.95,0.391,0.359,0.358
776,0.254,0.254,0.254,0.611,0.954,0.394,0.375,0.353
777,0.264,0.264,0.264,0.795,1.0,0.418,0.387,0.36
778,0.254,0.254,0.254,0.806,0.998,0.44,0.389,0.368
779,0.264,0.264,0.264,0.779,0.853,0.461,0.383,0.369
780,0.254,0.254,0.254,0.821,0.644,0.472,0.377,0.37
781,0.264,0.264,0.264,0.819,0.598,0.481,0.37,0.369
782,0.254,0.254,0.254,0.801,0.446,0.485,0.365,0.367
783,0.264,0.264,0.264,0.762,0.352,0.486,0.359,0.363
784,0.254,0.254,0.254,0.667,0.276,0.482,0.356,0.36
785,0.264,0.264,0.264,0.3,0.245,0.478,0.361,0.362
786,0.254,0.254,0.254,0.0,0.113,0.512,0.395,0.403
787,0.264,0.264,0.264,0.0,0.221,0.55,0.404,0.422
788,0.254,0.254,0.254,0.0,0.134,0.546,0.406,0.428
789,0.264,0.264,0.264,0.0,0.076,0.529,0.396,0.428
790,0.084,0.084,0.084,0.0,0.042,0.503,0.367,0.409
791,0.084,0.084,0.084,0.0,0.007,0.464,0.341,0.39
792,0.076,0.076,0.076,0.0,0.001,0.428,0.331,0.37
793,0.076,0.076,0.076,0.0,0.0,0.401,0.329,0.36
794,0.132,0.132,0.132,0.0,0.0,0.387,0.328,0.355
795,0.254,0.254,0.254,0.0,0.0,0.378,0.331,0.355
796,0.264,0.264,0.264,0.0,0.003,0.376,0.344,0.358
797,0.254,0.254,0.254,0.0,0.052,0.38,0.378,0.368
798,0.254,0.254,0.254,0.0,0.119,0.409,0.445,0.395
799,0.264,0.264,0.264,0.0,0.175,0.467,0.472,0.429
800,0.264,0.264,0.264,0.594,0.156,0.505,0.444,0.419
801,0.264,0.264,0.264,0.795,0.101,0.539,0.42,0.414
802,0.264,0.264,0.264,0.845,0.113,0.568,0.408,0.406
803,0.254,0.254,0.254,0.87,0.189,0.589,0.397,0.402
804,0.264,0.264,0.264,0.857,0.164,0.599,0.39,0.396
805,0.264,0.264,0.264,0.841,0.071,0.605,0.384,0.391
806,0.254,0.254,0.254,0.815,0.029,0.613,0.382,0.388
807,0.284,0.284,0.284,0.731,0.015,0.616,0.379,0.383
808,0.51,0.51,0.51,0.675,0.009,0.606,0.381,0.379
809,0.518,0.518,0.518,0.307,0.009,0.598,0.394,0.389
810,0.51,0.51,0.51,0.0,0.011,0.624,0.437,0.453
811,0.518,0.518,0.518,0.0,0.012,0.639,0.445,0.482
812,0.51,0.51,0.51,0.0,0.006,0.615,0.434,0.48
813,0.518,0.518,0.518,0.0,0.0,0.585,0.417,0.469
814,0.274,0.274,0.274,0.0,0.0,0.546,0.383,0.441
815,0.094,0.094,0.094,0.0,0.001,0.498,0.352,0.409
816,0.076,0.076,0.076,0.0,0.014,0.451,0.339,0.384
817,0.084,0.084,0.084,0.0,0.062,0.419,0.335,0.371
818,0.246,0.246,0.246,0.0,0.16,0.4,0.334,0.365
819,0.254,0.254,0.254,0.0,0.142,0.39,0.337,0.364
820,0.264,0.264,0.264,0.0,0.111,0.384,0.35,0.368
821,0.254,0.254,0.254,0.0,0.094,0.39,0.387,0.38
822,0.264,0.264,0.264,0.0,0.072,0.418,0.453,0.409
823,0.254,0.254,0.254,0.0,0.074,0.476,0.478,0.444
824,0.264,0.264,0.264,0.631,0.072,0.51,0.446,0.432
825,0.254,0.254,0.254,0.79,0.071,0.543,0.416,0.423
826,0.264,0.264,0.264,0.795,0.061,0.572,0.403,0.415
827,0.254,0.254,0.254,0.792,0.034,0.593,0.394,0.404
828,0.264,0.264,0.264,0.801,0.019,0.614,0.391,0.395
829,0.254,0.254,0.254,0.786,0.011,0.618,0.388,0.39
830,0.264,0.264,0.264,0.795,0.005,0.624,0.387,0.388
831,0.254,0.254,0.254,0.762,0.003,0.626,0.385,0.386
832,0.518,0.518,0.518,0.671,0.0,0.621,0.388,0.339
833,0.518,0.518,0.518,0.309,0.003,0.608,0.398,0.336
834,0.51,0.51,0.51,0.0,0.001,0.627,0.441,0.441
835,0.49,0.49,0.49,0.0,0.001,0.661,0.446,0.462
836,0.264,0.264,0.264,0.0,0.013,0.632,0.435,0.47
837,0.264,0.264,0.264,0.0,0.0,0.593,0.411,0.455
838,0.254,0.254,0.254,0.0,0.0,0.548,0.376,0.439
839,0.254,0.254,0.254,0.0,0.0,0.502,0.345,0.408
840,0.076,0.076,0.076,0.0,0.0,0.455,0.333,0.378
841,0.084,0.084,0.084,0.0,0.007,0.418,0.328,0.367
842,0.076,0.076,0.076,0.0,0.085,0.401,0.328,0.362
843,0.076,0.076,0.076,0.0,0.194,0.391,0.331,0.359
844,0.246,0.246,0.246,0.0,0.259,0.387,0.341,0.362
845,0.264,0.264,0.264,0.0,0.304,0.39,0.376,0.372
846,0.254,0.254,0.254,0.0,0.324,0.421,0.437,0.4
847,0.264,0.264,0.264,0.0,0.32,0.477,0.46,0.428
848,0.254,0.254,0.254,0.62,0.307,0.511,0.436,0.417
849,0.264,0.264,0.264,0.786,0.262,0.55,0.412,0.408
850,0.254,0.254,0.254,0.786,0.283,0.578,0.401,0.405
851,0.254,0.254,0.254,0.821,0.292,0.606,0.396,0.397
852,0.264,0.264,0.264,0.832,0.086,0.623,0.392,0.397
853,0.254,0.254,0.254,0.795,0.018,0.631,0.394,0.392
854,0.264,0.264,0.264,0.784,0.005,0.638,0.394,0.389
855,0.274,0.274,0.274,0.786,0.016,0.639,0.395,0.389
856,0.51,0.51,0.51,0.649,0.0,0.63,0.398,0.387
857,0.51,0.51,0.51,0.316,0.0,0.619,0.405,0.393
858,0.518,0.518,0.518,0.0,0.008,0.65,0.443,0.437
859,0.518,0.518,0.518,0.0,0.075,0.662,0.446,0.463
860,0.51,0.51,0.51,0.0,0.1,0.641,0.433,0.463
861,0.292,0.292,0.292,0.0,0.138,0.599,0.413,0.446
862,0.254,0.254,0.254,0.0,0.169,0.553,0.377,0.424
863,0.076,0.076,0.076,0.0,0.178,0.501,0.345,0.396
864,0.076,0.076,0.076,0.0,0.195,0.457,0.331,0.37
865,0.076,0.076,0.076,0.0,0.313,0.421,0.326,0.359
866,0.076,0.076,0.076,0.0,0.386,0.403,0.323,0.353
867,0.084,0.084,0.084,0.0,0.346,0.392,0.324,0.351
868,0.254,0.254,0.254,0.0,0.33,0.388,0.333,0.353
869,0.254,0.254,0.254,0.0,0.45,0.393,0.36,0.362
870,0.264,0.264,0.264,0.0,0.481,0.419,0.412,0.385
871,0.264,0.264,0.264,0.0,0.521,0.474,0.434,0.413
872,0.254,0.254,0.254,0.629,0.517,0.506,0.421,0.4
873,0.264,0.264,0.264,0.792,0.454,0.543,0.409,0.397
874,0.254,0.254,0.254,0.83,0.365,0.584,0.4,0.395
875,0.264,0.264,0.264,0.85,0.165,0.615,0.397,0.397
876,0.254,0.254,0.254,0.828,0.142,0.636,0.393,0.393
877,0.264,0.264,0.264,0.786,0.133,0.645,0.391,0.394
878,0.264,0.264,0.264,0.812,0.121,0.65,0.389,0.394
879,0.264,0.264,0.264,0.781,0.133,0.652,0.387,0.392
880,0.518,0.518,0.518,0.658,0.148,0.641,0.389,0.387
881,0.518,0.518,0.518,0.313,0.204,0.624,0.401,0.395
882,0.518,0.518,0.518,0.0,0.01,0.64,0.44,0.438
883,0.49,0.49,0.49,0.0,0.113,0.657,0.447,0.466
884,0.264,0.264,0.264,0.0,0.193,0.638,0.435,0.459
885,0.264,0.264,0.264,0.0,0.146,0.595,0.415,0.442
886,0.076,0.076,0.076,0.0,0.067,0.548,0.378,0.419
887,0.076,0.076,0.076,0.0,0.061,0.499,0.347,0.392
888,0.076,0.076,0.076,0.0,0.1,0.453,0.335,0.368
889,0.076,0.076,0.076,0.0,0.167,0.419,0.331,0.356
890,0.076,0.076,0.076,0.0,0.115,0.401,0.329,0.351
891,0.076,0.076,0.076,0.0,0.105,0.39,0.332,0.35
892,0.076,0.076,0.076,0.0,0.141,0.385,0.342,0.351
893,0.076,0.076,0.076,0.0,0.147,0.386,0.374,0.358
894,0.104,0.104,0.104,0.0,0.156,0.414,0.434,0.38
895,0.254,0.254,0.254,0.0,0.175,0.469,0.461,0.402
896,0.254,0.254,0.254,0.616,0.189,0.503,0.437,0.397
897,0.264,0.264,0.264,0.722,0.163,0.537,0.415,0.394
898,0.254,0.254,0.254,0.759,0.131,0.566,0.401,0.399
899,0.264,0.264,0.264,0.817,0.121,0.588,0.395,0.396
900,0.264,0.264,0.264,0.768,0.136,0.6,0.39,0.392
901,0.254,0.254,0.254,0.773,0.111,0.605,0.388,0.391
902,0.254,0.254,0.254,0.759,0.096,0.611,0.384,0.389
903,0.264,0.264,0.264,0.766,0.106,0.618,0.38,0.387
904,0.254,0.254,0.254,0.651,0.134,0.604,0.381,0.384
905,0.35,0.35,0.35,0.322,0.169,0.587,0.385,0.387
906,0.518,0.518,0.518,0.0,0.046,0.603,0.416,0.427
907,0.51,0.51,0.51,0.0,0.123,0.629,0.423,0.451
908,0.528,0.528,0.528,0.0,0.156,0.602,0.411,0.444
909,0.292,0.292,0.292,0.0,0.138,0.57,0.399,0.429
910,0.066,0.066,0.066,0.0,0.158,0.534,0.378,0.416
911,0.084,0.084,0.084,0.0,0.057,0.492,0.353,0.395
912,0.076,0.076,0.076,0.0,0.049,0.452,0.34,0.373
913,0.076,0.076,0.076,0.0,0.079,0.421,0.333,0.359
914,0.076,0.076,0.076,0.0,0.249,0.399,0.331,0.353
915,0.084,0.084,0.084,0.0,0.35,0.387,0.332,0.35
916,0.076,0.076,0.076,0.0,0.425,0.381,0.336,0.35
917,0.094,0.094,0.094,0.0,0.422,0.381,0.35,0.355
918,0.264,0.264,0.264,0.0,0.413,0.389,0.375,0.363
919,0.254,0.254,0.254,0.0,0.391,0.405,0.394,0.37
920,0.264,0.264,0.264,0.603,0.383,0.419,0.406,0.368
921,0.264,0.264,0.264,0.773,0.277,0.453,0.404,0.377
922,0.254,0.254,0.254,0.804,0.203,0.484,0.401,0.382
923,0.264,0.264,0.264,0.792,0.115,0.506,0.391,0.379
924,0.264,0.264,0.264,0.837,0.092,0.519,0.381,0.373
925,0.254,0.254,0.254,0.821,0.086,0.518,0.37,0.369
926,0.264,0.264,0.264,0.804,0.076,0.512,0.365,0.364
927,0.254,0.254,0.254,0.726,0.065,0.505,0.363,0.361
928,0.254,0.254,0.254,0.664,0.046,0.498,0.365,0.36
929,0.254,0.254,0.254,0.331,0.027,0.493,0.373,0.366
930,0.34,0.34,0.34,0.0,0.016,0.52,0.406,0.409
931,0.518,0.518,0.518,0.0,0.007,0.563,0.417,0.439
932,0.518,0.518,0.518,0.0,0.011,0.547,0.407,0.435
933,0.51,0.51,0.51,0.0,0.026,0.528,0.394,0.425
934,0.518,0.518,0.518,0.0,0.051,0.508,0.373,0.417
935,0.452,0.452,0.452,0.0,0.065,0.475,0.351,0.402
936,0.114,0.114,0.114,0.0,0.067,0.444,0.34,0.384
937,0.094,0.094,0.094,0.0,0.057,0.414,0.334,0.368
938,0.084,0.084,0.084,0.0,0.061,0.395,0.333,0.362
939,0.084,0.084,0.084,0.0,0.034,0.383,0.334,0.36
940,0.084,0.084,0.084,0.0,0.007,0.375,0.339,0.359
941,0.084,0.084,0.084,0.0,0.001,0.375,0.349,0.364
942,0.094,0.094,0.094,0.0,0.015,0.378,0.368,0.372
943,0.254,0.254,0.254,0.0,0.003,0.384,0.386,0.376
944,0.254,0.254,0.254,0.605,0.0,0.388,0.392,0.369
945,0.264,0.264,0.264,0.784,0.0,0.413,0.39,0.374
946,0.254,0.254,0.254,0.819,0.0,0.438,0.383,0.375
947,0.254,0.254,0.254,0.843,0.0,0.459,0.375,0.369
948,0.274,0.274,0.274,0.837,0.0,0.472,0.369,0.366
949,0.49,0.49,0.49,0.804,0.0,0.481,0.363,0.363
950,0.51,0.51,0.51,0.812,0.0,0.484,0.361,0.36
951,0.528,0.528,0.528,0.781,0.0,0.489,0.359,0.358
952,0.518,0.518,0.518,0.66,0.0,0.488,0.363,0.359
953,0.736,0.736,0.736,0.336,0.0,0.486,0.375,0.365
954,0.764,0.764,0.764,0.0,0.0,0.513,0.41,0.411
955,0.784,0.784,0.784,0.0,0.003,0.562,0.427,0.439
956,0.774,0.774,0.774,0.0,0.0,0.555,0.417,0.436
957,0.764,0.764,0.764,0.0,0.0,0.538,0.399,0.424
958,0.642,0.642,0.642,0.0,0.006,0.507,0.37,0.409
959,0.51,0.51,0.51,0.0,0.013,0.468,0.343,0.386
960,0.284,0.284,0.284,0.0,0.003,0.432,0.333,0.368
961,0.254,0.254,0.254,0.0,0.0,0.4,0.33,0.355
962,0.264,0.264,0.264,0.0,0.0,0.387,0.33,0.351
963,0.254,0.254,0.254,0.0,0.0,0.379,0.334,0.35
964,0.254,0.254,0.254,0.0,0.001,0.373,0.346,0.354
965,0.254,0.254,0.254,0.0,0.005,0.381,0.381,0.363
966,0.264,0.264,0.264,0.0,0.025,0.41,0.449,0.388
967,0.254,0.254,0.254,0.0,0.041,0.461,0.473,0.413
968,0.254,0.254,0.254,0.609,0.055,0.498,0.447,0.405
969,0.264,0.264,0.264,0.784,0.112,0.537,0.423,0.402
970,0.254,0.254,0.254,0.826,0.232,0.578,0.408,0.334
971,0.462,0.462,0.462,0.821,0.331,0.613,0.401,0.331
972,0.518,0.518,0.518,0.781,0.141,0.632,0.397,0.393
973,0.5,0.5,0.5,0.768,0.219,0.642,0.395,0.392
974,0.518,0.518,0.518,0.784,0.251,0.65,0.392,0.392
975,0.51,0.51,0.51,0.766,0.135,0.654,0.39,0.344
976,0.5,0.5,0.5,0.66,0.063,0.646,0.393,0.385
977,0.518,0.518,0.518,0.333,0.009,0.631,0.401,0.388
978,0.51,0.51,0.51,0.0,0.212,0.637,0.438,0.431
979,0.518,0.518,0.518,0.0,0.349,0.667,0.45,0.463
980,0.51,0.51,0.51,0.0,0.693,0.626,0.437,0.458
981,0.51,0.51,0.51,0.0,0.711,0.596,0.416,0.444
982,0.518,0.518,0.518,0.0,0.76,0.551,0.383,0.42
983,0.33,0.33,0.33,0.0,0.797,0.496,0.35,0.395
984,0.254,0.254,0.254,0.0,0.45,0.449,0.338,0.37
985,0.264,0.264,0.264,0.0,0.14,0.414,0.333,0.357
986,0.254,0.254,0.254,0.0,0.184,0.398,0.332,0.352
987,0.254,0.254,0.254,0.0,0.171,0.385,0.337,0.35
988,0.254,0.254,0.254,0.0,0.184,0.381,0.349,0.352
989,0.254,0.254,0.254,0.0,0.157,0.384,0.384,0.359
990,0.254,0.254,0.254,0.0,0.132,0.411,0.448,0.383
991,0.264,0.264,0.264,0.0,0.098,0.469,0.471,0.409
992,0.254,0.254,0.254,0.609,0.145,0.499,0.443,0.403
993,0.254,0.254,0.254,0.784,0.261,0.536,0.42,0.405
994,0.254,0.254,0.254,0.823,0.237,0.568,0.407,0.405
995,0.254,0.254,0.254,0.861,0.136,0.588,0.398,0.398
996,0.462,0.462,0.462,0.848,0.09,0.599,0.393,0.393
997,0.518,0.518,0.518,0.839,0.059,0.602,0.389,0.388
998,0.518,0.518,0.518,0.823,0.001,0.603,0.39,0.382
999,0.51,0.51,0.51,0.781,0.0,0.602,0.386,0.38
1000,0.518,0.518,0.518,0.678,0.003,0.589,0.388,0.377
1001,0.51,0.51,0.51,0.353,0.0,0.575,0.395,0.383
1002,0.754,0.754,0.754,0.0,0.045,0.594,0.429,0.425
1003,0.784,0.784,0.784,0.0,0.069,0.621,0.441,0.464
1004,0.754,0.754,0.754,0.0,0.068,0.599,0.431,0.456
1005,0.754,0.754,0.754,0.0,0.075,0.574,0.413,0.443
1006,0.67,0.67,0.67,0.0,0.067,0.538,0.38,0.421
1007,0.368,0.368,0.368,0.0,0.075,0.492,0.348,0.392
1008,0.264,0.264,0.264,0.0,0.111,0.45,0.336,0.369
1009,0.264,0.264,0.264,0.0,0.232,0.417,0.33,0.354
1010,0.264,0.264,0.264,0.0,0.241,0.4,0.329,0.348
1011,0.246,0.246,0.246,0.0,0.227,0.388,0.333,0.345
1012,0.246,0.246,0.246,0.0,0.271,0.384,0.343,0.343
1013,0.254,0.254,0.254,0.0,0.304,0.388,0.376,0.349
1014,0.254,0.254,0.254,0.0,0.326,0.414,0.437,0.366
1015,0.246,0.246,0.246,0.0,0.387,0.464,0.454,0.384
1016,0.254,0.254,0.254,0.687,0.431,0.501,0.43,0.379
1017,0.254,0.254,0.254,0.854,0.395,0.538,0.409,0.384
1018,0.254,0.254,0.254,0.896,0.358,0.558,0.4,0.388
1019,0.254,0.254,0.254,0.925,0.211,0.574,0.396,0.387
1020,0.49,0.49,0.49,0.921,0.152,0.584,0.391,0.387
1021,0.518,0.518,0.518,0.901,0.088,0.583,0.39,0.384
1022,0.51,0.51,0.51,0.881,0.094,0.587,0.386,0.385
1023,0.51,0.51,0.51,0.815,0.085,0.582,0.385,0.38
1024,0.518,0.518,0.518,0.74,0.094,0.572,0.386,0.376
1025,0.51,0.51,0.51,0.386,0.11,0.566,0.396,0.367
1026,0.518,0.518,0.518,0.0,0.02,0.592,0.433,0.436
1027,0.726,0.726,0.726,0.0,0.032,0.626,0.448,0.483
1028,0.764,0.764,0.764,0.0,0.021,0.616,0.438,0.484
1029,0.774,0.774,0.774,0.0,0.037,0.587,0.417,0.472
1030,0.746,0.746,0.746,0.0,0.127,0.554,0.378,0.448
1031,0.5,0.5,0.5,0.0,0.268,0.503,0.347,0.417
1032,0.246,0.246,0.246,0.0,0.245,0.46,0.335,0.39
1033,0.264,0.264,0.264,0.0,0.165,0.431,0.328,0.374
1034,0.254,0.254,0.254,0.0,0.274,0.413,0.327,0.369
1035,0.246,0.246,0.246,0.0,0.215,0.403,0.328,0.368
1036,0.254,0.254,0.254,0.0,0.078,0.397,0.341,0.372
1037,0.264,0.264,0.264,0.0,0.0,0.404,0.377,0.384
1038,0.274,0.274,0.274,0.0,0.0,0.434,0.441,0.417
1039,0.254,0.254,0.254,0.0,0.0,0.492,0.464,0.445
1040,0.264,0.264,0.264,0.675,0.046,0.519,0.444,0.435
1041,0.254,0.254,0.254,0.861,0.098,0.55,0.421,0.426
1042,0.264,0.264,0.264,0.857,0.092,0.573,0.41,0.423
1043,0.254,0.254,0.254,0.892,0.081,0.584,0.399,0.412
1044,0.264,0.264,0.264,0.854,0.123,0.593,0.393,0.404
1045,0.254,0.254,0.254,0.89,0.185,0.59,0.388,0.396
1046,0.264,0.264,0.264,0.89,0.167,0.593,0.378,0.39
1047,0.254,0.254,0.254,0.887,0.161,0.584,0.374,0.384
1048,0.482,0.482,0.482,0.748,0.343,0.574,0.382,0.384
1049,0.51,0.51,0.51,0.386,0.43,0.572,0.393,0.399
1050,0.528,0.528,0.528,0.0,0.708,0.593,0.437,0.465
1051,0.51,0.51,0.51,0.0,0.913,0.639,0.452,0.505
1052,0.518,0.518,0.518,0.0,0.974,0.624,0.442,0.504
1053,0.472,0.472,0.472,0.0,0.993,0.605,0.425,0.491
1054,0.462,0.462,0.462,0.0,0.997,0.564,0.387,0.466
1055,0.518,0.518,0.518,0.0,0.995,0.518,0.357,0.432
1056,0.274,0.274,0.274,0.0,0.99,0.477,0.341,0.402
1057,0.264,0.264,0.264,0.0,0.984,0.431,0.336,0.386
1058,0.254,0.254,0.254,0.0,0.974,0.413,0.333,0.379
1059,0.246,0.246,0.246,0.0,0.943,0.401,0.334,0.379
1060,0.246,0.246,0.246,0.0,0.947,0.397,0.343,0.378
1061,0.254,0.254,0.254,0.0,0.94,0.404,0.373,0.39
1062,0.254,0.254,0.254,0.0,0.852,0.43,0.426,0.422
1063,0.254,0.254,0.254,0.0,0.74,0.489,0.449,0.453
1064,0.254,0.254,0.254,0.675,0.768,0.524,0.442,0.442
1065,0.264,0.264,0.264,0.834,0.709,0.554,0.431,0.435
1066,0.254,0.254,0.254,0.812,0.679,0.576,0.425,0.425
1067,0.264,0.264,0.264,0.819,0.657,0.586,0.414,0.412
1068,0.254,0.254,0.254,0.638,0.548,0.587,0.403,0.401
1069,0.254,0.254,0.254,0.146,0.448,0.583,0.396,0.393
1070,0.264,0.264,0.264,0.177,0.377,0.581,0.389,0.388
1071,0.254,0.254,0.254,0.731,0.337,0.572,0.387,0.382
1072,0.51,0.51,0.51,0.687,0.347,0.568,0.393,0.376
1073,0.5,0.5,0.5,0.294,0.492,0.579,0.405,0.382
1074,0.51,0.51,0.51,0.0,0.411,0.607,0.432,0.432
1075,0.518,0.518,0.518,0.0,0.48,0.631,0.44,0.471
1076,0.32,0.32,0.32,0.0,0.765,0.616,0.433,0.465
1077,0.264,0.264,0.264,0.0,0.665,0.592,0.424,0.453
1078,0.236,0.236,0.236,0.0,0.44,0.564,0.4,0.439
1079,0.066,0.066,0.066,0.0,0.311,0.521,0.374,0.415
1080,0.076,0.076,0.076,0.0,0.26,0.481,0.362,0.391
1081,0.066,0.066,0.066,0.0,0.182,0.442,0.356,0.373
1082,0.076,0.076,0.076,0.0,0.145,0.423,0.354,0.364
1083,0.066,0.066,0.066,0.0,0.125,0.41,0.356,0.361
1084,0.076,0.076,0.076,0.0,0.103,0.405,0.364,0.36
1085,0.094,0.094,0.094,0.0,0.096,0.404,0.382,0.363
1086,0.254,0.254,0.254,0.0,0.115,0.415,0.412,0.374
1087,0.254,0.254,0.254,0.0,0.14,0.427,0.436,0.376
1088,0.264,0.264,0.264,0.704,0.133,0.444,0.44,0.374
1089,0.254,0.254,0.254,0.815,0.111,0.483,0.425,0.381
1090,0.264,0.264,0.264,0.845,0.066,0.513,0.408,0.388
1091,0.084,0.084,0.084,0.894,0.031,0.524,0.393,0.385
1092,0.084,0.084,0.084,0.819,0.022,0.522,0.379,0.382
1093,0.084,0.084,0.084,0.51,0.013,0.51,0.369,0.377
1094,0.094,0.094,0.094,0.185,0.014,0.499,0.362,0.37
1095,0.084,0.084,0.084,0.124,0.016,0.486,0.359,0.366
1096,0.084,0.084,0.084,0.746,0.038,0.476,0.362,0.366
1097,0.084,0.084,0.084,0.397,0.03,0.476,0.372,0.38
1098,0.094,0.094,0.094,0.0,0.077,0.522,0.409,0.431
1099,0.084,0.084,0.084,0.0,0.117,0.57,0.422,0.465
1100,0.084,0.084,0.084,0.0,0.169,0.563,0.414,0.459
1101,0.094,0.094,0.094,0.0,0.127,0.547,0.401,0.449
1102,0.084,0.084,0.084,0.0,0.076,0.527,0.381,0.437
1103,0.094,0.094,0.094,0.0,0.154,0.498,0.359,0.416
1104,0.084,0.084,0.084,0.0,0.145,0.465,0.35,0.399
1105,0.066,0.066,0.066,0.0,0.159,0.436,0.344,0.383
1106,0.056,0.056,0.056,0.0,0.138,0.416,0.343,0.374
1107,0.056,0.056,0.056,0.0,0.136,0.403,0.345,0.369
1108,0.056,0.056,0.056,0.0,0.135,0.396,0.349,0.366
1109,0.056,0.056,0.056,0.0,0.07,0.395,0.363,0.366
1110,0.066,0.066,0.066,0.0,0.043,0.4,0.387,0.371
1111,0.056,0.056,0.056,0.0,0.076,0.409,0.406,0.373
1112,0.056,0.056,0.056,0.366,0.086,0.414,0.408,0.372
1113,0.056,0.056,0.056,0.748,0.209,0.433,0.4,0.387
1114,0.066,0.066,0.066,0.784,0.126,0.449,0.387,0.401
1115,0.056,0.056,0.056,0.85,0.028,0.461,0.377,0.403
1116,0.056,0.056,0.056,0.879,0.021,0.465,0.368,0.399
1117,0.056,0.056,0.056,0.872,0.016,0.462,0.362,0.386
1118,0.056,0.056,0.056,0.883,0.102,0.461,0.355,0.378
1119,0.076,0.076,0.076,0.872,0.101,0.454,0.354,0.373
1120,0.066,0.066,0.066,0.272,0.003,0.45,0.355,0.371
1121,0.076,0.076,0.076,0.002,0.001,0.453,0.369,0.382
1122,0.076,0.076,0.076,0.0,0.001,0.491,0.406,0.429
1123,0.066,0.066,0.066,0.0,0.099,0.549,0.425,0.464
1124,0.076,0.076,0.076,0.0,0.672,0.554,0.417,0.46
1125,0.084,0.084,0.084,0.0,0.789,0.547,0.404,0.453
1126,0.076,0.076,0.076,0.0,0.439,0.525,0.382,0.438
1127,0.076,0.076,0.076,0.0,0.465,0.495,0.358,0.422
1128,0.084,0.084,0.084,0.0,0.469,0.46,0.347,0.401
1129,0.056,0.056,0.056,0.0,0.209,0.428,0.345,0.386
1130,0.056,0.056,0.056,0.0,0.198,0.411,0.346,0.379
1131,0.056,0.056,0.056,0.0,0.03,0.402,0.351,0.377
1132,0.056,0.056,0.056,0.0,0.452,0.398,0.365,0.375
1133,0.056,0.056,0.056,0.0,0.793,0.404,0.399,0.385
1134,0.056,0.056,0.056,0.0,0.914,0.423,0.446,0.406
1135,0.056,0.056,0.056,0.0,0.855,0.452,0.468,0.417
1136,0.066,0.066,0.066,0.673,0.859,0.48,0.465,0.409
1137,0.056,0.056,0.056,0.808,0.846,0.516,0.443,0.411
1138,0.056,0.056,0.056,0.898,0.937,0.539,0.426,0.411
1139,0.066,0.066,0.066,0.901,0.766,0.553,0.406,0.407
1140,0.076,0.076,0.076,0.901,0.665,0.556,0.393,0.398
1141,0.066,0.066,0.066,0.854,0.563,0.55,0.384,0.391
1142,0.076,0.076,0.076,0.832,0.412,0.546,0.376,0.386
1143,0.066,0.066,0.066,0.857,0.382,0.54,0.374,0.382
1144,0.076,0.076,0.076,0.715,0.403,0.532,0.375,0.379
1145,0.066,0.066,0.066,0.417,0.412,0.531,0.389,0.387
1146,0.076,0.076,0.076,0.0,0.311,0.56,0.431,0.435
1147,0.066,0.066,0.066,0.0,0.61,0.621,0.455,0.489
1148,0.076,0.076,0.076,0.0,0.232,0.614,0.448,0.489
1149,0.066,0.066,0.066,0.0,0.075,0.6,0.431,0.478
1150,0.076,0.076,0.076,0.0,0.107,0.567,0.395,0.453
1151,0.066,0.066,0.066,0.0,0.533,0.518,0.365,0.423
1152,0.066,0.066,0.066,0.0,0.73,0.47,0.353,0.396
1153,0.066,0.066,0.066,0.0,0.979,0.438,0.35,0.379
1154,0.076,0.076,0.076,0.0,0.962,0.419,0.352,0.373
1155,0.066,0.066,0.066,0.0,0.818,0.41,0.358,0.374
1156,0.066,0.066,0.066,0.0,0.256,0.403,0.376,0.378
1157,0.076,0.076,0.076,0.0,0.285,0.411,0.422,0.391
1158,0.066,0.066,0.066,0.0,0.734,0.441,0.502,0.427
1159,0.066,0.066,0.066,0.0,0.777,0.5,0.527,0.456
1160,0.076,0.076,0.076,0.675,0.747,0.54,0.485,0.445
1161,0.056,0.056,0.056,0.85,0.827,0.567,0.443,0.438
1162,0.066,0.066,0.066,0.903,0.916,0.582,0.422,0.435
1163,0.066,0.066,0.066,0.916,0.937,0.597,0.407,0.418
1164,0.056,0.056,0.056,0.918,0.815,0.597,0.398,0.409
1165,0.056,0.056,0.056,0.896,0.651,0.594,0.389,0.401
1166,0.056,0.056,0.056,0.865,0.532,0.591,0.383,0.395
1167,0.056,0.056,0.056,0.804,0.356,0.584,0.38,0.387
1168,0.056,0.056,0.056,0.74,0.301,0.576,0.382,0.384
1169,0.048,0.048,0.048,0.417,0.242,0.569,0.394,0.392
1170,0.066,0.066,0.066,0.0,0.331,0.596,0.44,0.441
1171,0.076,0.076,0.076,0.0,0.639,0.657,0.464,0.5
1172,0.066,0.066,0.066,0.0,0.735,0.647,0.458,0.502
1173,0.066,0.066,0.066,0.0,0.755,0.624,0.443,0.488
1174,0.066,0.066,0.066,0.0,0.898,0.575,0.405,0.459
1175,0.076,0.076,0.076,0.0,0.969,0.524,0.372,0.43
1176,0.066,0.066,0.066,0.0,0.972,0.474,0.361,0.4
1177,0.076,0.076,0.076,0.0,0.949,0.438,0.357,0.383
1178,0.076,0.076,0.076,0.0,0.944,0.419,0.36,0.375
1179,0.066,0.066,0.066,0.0,0.91,0.406,0.367,0.372
1180,0.076,0.076,0.076,0.0,0.916,0.403,0.384,0.375
1181,0.066,0.066,0.066,0.0,0.874,0.408,0.434,0.385
1182,0.066,0.066,0.066,0.0,0.966,0.441,0.513,0.417
1183,0.076,0.076,0.076,0.0,0.927,0.507,0.538,0.437
1184,0.066,0.066,0.066,0.675,0.957,0.537,0.493,0.431
1185,0.066,0.066,0.066,0.837,0.984,0.567,0.446,0.423
1186,0.066,0.066,0.066,0.874,0.979,0.575,0.422,0.417
1187,0.066,0.066,0.066,0.881,0.804,0.591,0.406,0.407
1188,0.066,0.066,0.066,0.883,0.715,0.594,0.394,0.396
1189,0.076,0.076,0.076,0.865,0.874,0.592,0.386,0.395
1190,0.066,0.066,0.066,0.81,0.739,0.591,0.381,0.39
1191,0.066,0.066,0.066,0.821,0.602,0.586,0.377,0.384
1192,0.066,0.066,0.066,0.717,0.628,0.578,0.378,0.382
1193,0.066,0.066,0.066,0.417,0.773,0.571,0.387,0.386
1194,0.32,0.32,0.32,0.0,0.97,0.585,0.429,0.429
1195,0.528,0.528,0.528,0.0,0.972,0.639,0.455,0.476
1196,0.51,0.51,0.51,0.0,0.933,0.628,0.447,0.477
1197,0.518,0.518,0.518,0.0,0.857,0.603,0.434,0.461
1198,0.518,0.518,0.518,0.0,0.715,0.566,0.397,0.441
1199,0.34,0.34,0.34,0.0,0.651,0.516,0.366,0.411
1200,0.284,0.284,0.284,0.0,0.68,0.467,0.356,0.384
1201,0.056,0.056,0.056,0.0,0.681,0.433,0.353,0.368
1202,0.056,0.056,0.056,0.0,0.686,0.416,0.355,0.364
1203,0.066,0.066,0.066,0.0,0.946,0.406,0.362,0.362
1204,0.056,0.056,0.056,0.0,0.991,0.397,0.38,0.365
1205,0.056,0.056,0.056,0.0,0.987,0.407,0.426,0.375
1206,0.056,0.056,0.056,0.0,0.993,0.436,0.505,0.405
1207,0.056,0.056,0.056,0.298,0.995,0.492,0.528,0.426
1208,0.264,0.264,0.264,0.684,0.994,0.527,0.481,0.417
1209,0.254,0.254,0.254,0.801,0.997,0.557,0.44,0.413
1210,0.254,0.254,0.254,0.817,0.991,0.58,0.416,0.407
1211,0.264,0.264,0.264,0.843,0.991,0.589,0.401,0.402
1212,0.254,0.254,0.254,0.806,0.989,0.598,0.39,0.397
1213,0.264,0.264,0.264,0.786,0.991,0.598,0.384,0.394
1214,0.254,0.254,0.254,0.786,0.989,0.6,0.383,0.391
1215,0.264,0.264,0.264,0.828,0.979,0.595,0.38,0.388
1216,0.254,0.254,0.254,0.728,0.993,0.588,0.381,0.385
1217,0.218,0.218,0.218,0.424,0.998,0.578,0.389,0.388
1218,0.056,0.056,0.056,0.0,0.991,0.584,0.424,0.423
1219,0.056,0.056,0.056,0.0,0.608,0.623,0.444,0.469
1220,0.056,0.056,0.056,0.0,0.193,0.609,0.439,0.469
1221,0.056,0.056,0.056,0.0,0.006,0.585,0.423,0.452
1222,0.066,0.066,0.066,0.0,0.0,0.553,0.387,0.43
1223,0.076,0.076,0.076,0.0,0.034,0.506,0.357,0.4
1224,0.076,0.076,0.076,0.0,0.084,0.468,0.344,0.37
1225,0.076,0.076,0.076,0.0,0.12,0.428,0.341,0.362
1226,0.084,0.084,0.084,0.0,0.333,0.408,0.342,0.359
1227,0.076,0.076,0.076,0.0,0.37,0.4,0.347,0.356
1228,0.056,0.056,0.056,0.0,0.268,0.395,0.361,0.357
1229,0.056,0.056,0.056,0.0,0.165,0.399,0.403,0.367
1230,0.066,0.066,0.066,0.0,0.129,0.429,0.476,0.39
1231,0.056,0.056,0.056,0.302,0.214,0.478,0.499,0.41
1232,0.056,0.056,0.056,0.695,0.191,0.516,0.462,0.404
1233,0.056,0.056,0.056,0.786,0.045,0.553,0.425,0.403
1234,0.056,0.056,0.056,0.81,0.055,0.574,0.408,0.4
1235,0.056,0.056,0.056,0.821,0.06,0.587,0.396,0.4
1236,0.056,0.056,0.056,0.799,0.014,0.594,0.388,0.395
1237,0.056,0.056,0.056,0.784,0.003,0.593,0.385,0.394
1238,0.066,0.066,0.066,0.781,0.004,0.594,0.381,0.391
1239,0.056,0.056,0.056,0.808,0.009,0.581,0.378,0.389
1240,0.236,0.236,0.236,0.7,0.047,0.575,0.378,0.384
1241,0.254,0.254,0.254,0.415,0.13,0.568,0.381,0.385
1242,0.264,0.264,0.264,0.0,0.076,0.573,0.405,0.413
1243,0.254,0.254,0.254,0.0,0.21,0.606,0.422,0.452
1244,0.274,0.274,0.274,0.0,0.267,0.591,0.413,0.444
1245,0.264,0.264,0.264,0.0,0.105,0.571,0.401,0.431
1246,0.284,0.284,0.284,0.0,0.061,0.539,0.376,0.416
1247,0.284,0.284,0.284,0.0,0.032,0.502,0.354,0.395
1248,0.284,0.284,0.284,0.0,0.016,0.463,0.343,0.372
1249,0.084,0.084,0.084,0.0,0.02,0.43,0.337,0.361
1250,0.056,0.056,0.056,0.0,0.049,0.41,0.336,0.354
1251,0.056,0.056,0.056,0.0,0.092,0.397,0.338,0.351
1252,0.066,0.066,0.066,0.0,0.14,0.391,0.346,0.352
1253,0.056,0.056,0.056,0.0,0.158,0.391,0.362,0.356
1254,0.056,0.056,0.056,0.0,0.176,0.403,0.392,0.365
1255,0.056,0.056,0.056,0.311,0.177,0.416,0.413,0.363
1256,0.056,0.056,0.056,0.704,0.206,0.434,0.419,0.362
1257,0.066,0.066,0.066,0.834,0.183,0.466,0.408,0.368
1258,0.056,0.056,0.056,0.815,0.129,0.492,0.396,0.373
1259,0.056,0.056,0.056,0.845,0.109,0.506,0.387,0.373
1260,0.056,0.056,0.056,0.857,0.08,0.512,0.375,0.37
1261,0.056,0.056,0.056,0.83,0.059,0.512,0.367,0.368
1262,0.056,0.056,0.056,0.804,0.034,0.5,0.364,0.366
1263,0.056,0.056,0.056,0.797,0.018,0.491,0.363,0.365
1264,0.056,0.056,0.056,0.726,0.011,0.484,0.362,0.363
1265,0.066,0.066,0.066,0.43,0.007,0.481,0.372,0.367
1266,0.056,0.056,0.056,0.0,0.011,0.505,0.4,0.397
1267,0.18,0.18,0.18,0.0,0.009,0.551,0.412,0.432
1268,0.084,0.084,0.084,0.0,0.032,0.545,0.401,0.425
1269,0.084,0.084,0.084,0.0,0.049,0.528,0.385,0.413
1270,0.094,0.094,0.094,0.0,0.026,0.507,0.365,0.4
1271,0.094,0.094,0.094,0.0,0.018,0.478,0.342,0.385
1272,0.094,0.094,0.094,0.0,0.016,0.447,0.333,0.37
1273,0.084,0.084,0.084,0.0,0.036,0.42,0.326,0.358
1274,0.084,0.084,0.084,0.0,0.022,0.4,0.325,0.351
1275,0.084,0.084,0.084,0.0,0.007,0.391,0.324,0.346
1276,0.084,0.084,0.084,0.0,0.0,0.387,0.327,0.344
1277,0.076,0.076,0.076,0.0,0.05,0.386,0.337,0.345
1278,0.084,0.084,0.084,0.0,0.167,0.39,0.351,0.351
1279,0.066,0.066,0.066,0.278,0.097,0.386,0.364,0.35
1280,0.066,0.066,0.066,0.477,0.0,0.394,0.377,0.349
1281,0.056,0.056,0.056,0.7,0.001,0.417,0.384,0.356
1282,0.056,0.056,0.056,0.753,0.0,0.438,0.378,0.363
1283,0.056,0.056,0.056,0.792,0.0,0.457,0.373,0.364
1284,0.066,0.066,0.066,0.799,0.0,0.465,0.37,0.365
1285,0.056,0.056,0.056,0.823,0.003,0.467,0.366,0.363
1286,0.056,0.056,0.056,0.865,0.052,0.465,0.364,0.362
1287,0.056,0.056,0.056,0.762,0.305,0.465,0.364,0.362
1288,0.076,0.076,0.076,0.499,0.498,0.46,0.368,0.362
1289,0.076,0.076,0.076,0.386,0.27,0.462,0.378,0.367
1290,0.094,0.094,0.094,0.0,0.347,0.484,0.407,0.402
1291,0.084,0.084,0.084,0.0,0.709,0.539,0.429,0.438
1292,0.084,0.084,0.084,0.0,0.636,0.541,0.418,0.432
1293,0.094,0.094,0.094,0.0,0.061,0.53,0.397,0.42
1294,0.094,0.094,0.094,0.0,0.163,0.505,0.366,0.403
1295,0.094,0.094,0.094,0.0,0.452,0.472,0.338,0.383
1296,0.094,0.094,0.094,0.0,0.158,0.437,0.325,0.362
1297,0.076,0.076,0.076,0.0,0.293,0.404,0.32,0.351
1298,0.056,0.056,0.056,0.0,0.705,0.391,0.318,0.345
1299,0.076,0.076,0.076,0.0,0.83,0.384,0.321,0.342
1300,0.066,0.066,0.066,0.0,0.755,0.38,0.331,0.343
1301,0.066,0.066,0.066,0.0,0.645,0.385,0.361,0.349
1302,0.066,0.066,0.066,0.0,0.858,0.412,0.417,0.368
1303,0.066,0.066,0.066,0.333,0.845,0.463,0.434,0.381
1304,0.066,0.066,0.066,0.596,0.842,0.505,0.417,0.382
1305,0.066,0.066,0.066,0.503,0.978,0.546,0.4,0.386
1306,0.066,0.066,0.066,0.552,0.983,0.576,0.393,0.393
1307,0.066,0.066,0.066,0.819,0.868,0.59,0.39,0.394
1308,0.066,0.066,0.066,0.706,0.305,0.603,0.39,0.398
1309,0.066,0.066,0.066,0.32,0.061,0.604,0.389,0.399
1310,0.066,0.066,0.066,0.232,0.193,0.605,0.392,0.398
1311,0.066,0.066,0.066,0.558,0.504,0.604,0.392,0.396
1312,0.066,0.066,0.066,0.0,0.779,0.602,0.393,0.391
1313,0.066,0.066,0.066,0.0,0.314,0.61,0.398,0.397
1314,0.066,0.066,0.066,0.0,0.0,0.635,0.428,0.435
1315,0.076,0.076,0.076,0.0,0.0,0.663,0.448,0.471
1316,0.084,0.084,0.084,0.0,0.0,0.651,0.433,0.465
1317,0.104,0.104,0.104,0.0,0.0,0.617,0.411,0.446
1318,0.094,0.094,0.094,0.0,0.024,0.584,0.373,0.42
1319,0.076,0.076,0.076,0.0,0.605,0.531,0.343,0.391
1320,0.076,0.076,0.076,0.0,0.833,0.48,0.328,0.364
1321,0.076,0.076,0.076,0.0,0.725,0.443,0.323,0.351
1322,0.076,0.076,0.076,0.0,0.775,0.422,0.319,0.344
1323,0.066,0.066,0.066,0.0,0.722,0.411,0.319,0.341
1324,0.066,0.066,0.066,0.0,0.701,0.404,0.326,0.338
1325,0.076,0.076,0.076,0.0,0.701,0.398,0.348,0.336
1326,0.066,0.066,0.066,0.0,0.386,0.425,0.392,0.349
1327,0.066,0.066,0.066,0.0,0.138,0.474,0.408,0.364
1328,0.066,0.066,0.066,0.704,0.02,0.512,0.4,0.365
1329,0.076,0.076,0.076,0.863,0.082,0.542,0.397,0.374
1330,0.066,0.066,0.066,0.921,0.246,0.567,0.398,0.383
1331,0.066,0.066,0.066,0.887,0.533,0.584,0.4,0.392
1332,0.076,0.076,0.076,0.883,0.794,0.591,0.401,0.391
1333,0.066,0.066,0.066,0.874,0.852,0.591,0.4,0.386
1334,0.066,0.066,0.066,0.722,0.787,0.589,0.402,0.382
1335,0.084,0.084,0.084,0.817,0.755,0.585,0.401,0.381
1336,0.264,0.264,0.264,0.587,0.532,0.576,0.403,0.377
1337,0.254,0.254,0.254,0.455,0.266,0.564,0.41,0.375
1338,0.264,0.264,0.264,0.0,1.0,0.571,0.443,0.404
1339,0.264,0.264,0.264,0.0,0.924,0.616,0.455,0.452
1340,0.254,0.254,0.254,0.0,0.964,0.606,0.439,0.451
1341,0.264,0.264,0.264,0.0,0.993,0.583,0.418,0.435
1342,0.254,0.254,0.254,0.0,0.974,0.55,0.376,0.41
1343,0.246,0.246,0.246,0.0,0.98,0.503,0.345,0.381
1344,0.254,0.254,0.254,0.0,0.96,0.462,0.33,0.358
1345,0.264,0.264,0.264,0.0,0.951,0.426,0.322,0.346
1346,0.254,0.254,0.254,0.0,0.957,0.411,0.319,0.342
1347,0.264,0.264,0.264,0.0,0.757,0.4,0.318,0.339
1348,0.264,0.264,0.264,0.0,0.311,0.398,0.326,0.34
1349,0.254,0.254,0.254,0.0,0.024,0.401,0.35,0.346
1350,0.264,0.264,0.264,0.0,0.013,0.431,0.394,0.365
1351,0.254,0.254,0.254,0.322,0.032,0.479,0.411,0.378
1352,0.264,0.264,0.264,0.726,0.022,0.517,0.405,0.381
1353,0.264,0.264,0.264,0.852,0.003,0.546,0.4,0.382
1354,0.292,0.292,0.292,0.848,0.03,0.569,0.4,0.384
1355,0.518,0.518,0.518,0.881,0.016,0.585,0.399,0.388
1356,0.528,0.528,0.528,0.874,0.001,0.595,0.396,0.388
1357,0.51,0.51,0.51,0.879,0.002,0.593,0.396,0.375
1358,0.528,0.528,0.528,0.87,0.002,0.593,0.394,0.372
1359,0.518,0.518,0.518,0.874,0.0,0.589,0.393,0.371
1360,0.518,0.518,0.518,0.737,0.004,0.577,0.395,0.367
1361,0.518,0.518,0.518,0.457,0.211,0.567,0.4,0.37
1362,0.518,0.518,0.518,0.0,0.175,0.571,0.425,0.394
1363,0.518,0.518,0.518,0.0,0.137,0.616,0.45,0.439
1364,0.518,0.518,0.518,0.0,0.517,0.613,0.438,0.439
1365,0.528,0.528,0.528,0.0,0.585,0.597,0.416,0.435
1366,0.51,0.51,0.51,0.0,0.998,0.564,0.378,0.402
1367,0.444,0.444,0.444,0.0,0.998,0.515,0.347,0.374
1368,0.264,0.264,0.264,0.0,0.999,0.469,0.333,0.354
1369,0.264,0.264,0.264,0.0,1.0,0.436,0.327,0.345
1370,0.264,0.264,0.264,0.0,0.993,0.415,0.325,0.34
1371,0.264,0.264,0.264,0.0,0.972,0.405,0.327,0.338
1372,0.264,0.264,0.264,0.0,0.929,0.401,0.337,0.34
1373,0.274,0.274,0.274,0.0,0.558,0.406,0.369,0.346
1374,0.264,0.264,0.264,0.0,0.387,0.435,0.423,0.365
1375,0.264,0.264,0.264,0.34,0.814,0.486,0.438,0.375
1376,0.254,0.254,0.254,0.737,0.588,0.526,0.417,0.375
1377,0.264,0.264,0.264,0.874,0.844,0.56,0.4,0.376
1378,0.264,0.264,0.264,0.909,0.606,0.573,0.397,0.377
1379,0.264,0.264,0.264,0.905,0.887,0.588,0.394,0.375
1380,0.264,0.264,0.264,0.894,0.974,0.597,0.394,0.374
1381,0.104,0.104,0.104,0.863,0.74,0.593,0.397,0.375
1382,0.076,0.076,0.076,0.854,0.496,0.593,0.397,0.374
1383,0.076,0.076,0.076,0.828,0.34,0.591,0.395,0.374
1384,0.076,0.076,0.076,0.744,0.618,0.577,0.398,0.371
1385,0.076,0.076,0.076,0.446,0.565,0.572,0.398,0.374
1386,0.076,0.076,0.076,0.0,0.0,0.576,0.422,0.397
1387,0.076,0.076,0.076,0.0,0.0,0.623,0.446,0.441
1388,0.094,0.094,0.094,0.0,0.0,0.618,0.437,0.44
1389,0.084,0.084,0.084,0.0,0.003,0.599,0.415,0.445
1390,0.132,0.132,0.132,0.0,0.424,0.563,0.376,0.422
1391,0.114,0.114,0.114,0.0,0.534,0.516,0.346,0.394
1392,0.142,0.142,0.142,0.0,0.212,0.47,0.333,0.368
1393,0.094,0.094,0.094,0.0,0.005,0.437,0.329,0.356
1394,0.254,0.254,0.254,0.0,0.0,0.418,0.326,0.352
1395,0.264,0.264,0.264,0.0,0.073,0.406,0.328,0.349
1396,0.264,0.264,0.264,0.0,0.26,0.402,0.338,0.35
1397,0.264,0.264,0.264,0.0,0.175,0.406,0.367,0.357
1398,0.254,0.254,0.254,0.0,0.39,0.432,0.424,0.377
1399,0.264,0.264,0.264,0.342,0.378,0.485,0.44,0.386
1400,0.264,0.264,0.264,0.759,0.221,0.532,0.421,0.389
1401,0.264,0.264,0.264,0.837,0.188,0.571,0.404,0.393
1402,0.254,0.254,0.254,0.291,0.167,0.587,0.397,0.397
1403,0.264,0.264,0.264,0.874,0.139,0.604,0.396,0.395
1404,0.264,0.264,0.264,0.7,0.108,0.606,0.393,0.395
1405,0.264,0.264,0.264,0.96,0.048,0.599,0.39,0.391
1406,0.264,0.264,0.264,0.947,0.006,0.594,0.39,0.39
1407,0.254,0.254,0.254,0.874,0.009,0.588,0.388,0.388
1408,0.264,0.264,0.264,0.68,0.007,0.582,0.388,0.382
1409,0.528,0.528,0.528,0.47,0.013,0.576,0.389,0.385
1410,0.518,0.518,0.518,0.0,0.001,0.58,0.408,0.414
1411,0.518,0.518,0.518,0.0,0.0,0.624,0.427,0.46
1412,0.518,0.518,0.518,0.0,0.001,0.615,0.417,0.453
1413,0.528,0.528,0.528,0.0,0.1,0.596,0.401,0.442
1414,0.518,0.518,0.518,0.0,0.565,0.568,0.375,0.426
1415,0.5,0.5,0.5,0.0,0.519,0.525,0.35,0.405
1416,0.34,0.34,0.34,0.0,0.303,0.482,0.338,0.382
1417,0.274,0.274,0.274,0.0,0.15,0.447,0.33,0.368
1418,0.264,0.264,0.264,0.0,0.039,0.421,0.327,0.359
1419,0.264,0.264,0.264,0.0,0.051,0.408,0.325,0.355
1420,0.264,0.264,0.264,0.0,0.007,0.399,0.329,0.354
1421,0.264,0.264,0.264,0.0,0.011,0.401,0.339,0.357
1422,0.528,0.528,0.528,0.0,0.059,0.412,0.359,0.366
1423,0.51,0.51,0.51,0.36,0.156,0.422,0.374,0.362
1424,0.528,0.528,0.528,0.704,0.439,0.442,0.393,0.363
1425,0.528,0.528,0.528,0.817,0.59,0.474,0.397,0.372
1426,0.518,0.518,0.518,0.839,0.357,0.495,0.396,0.379
1427,0.528,0.528,0.528,0.874,0.013,0.506,0.389,0.377
1428,0.518,0.518,0.518,0.823,0.212,0.5,0.379,0.372
1429,0.528,0.528,0.528,0.806,0.239,0.49,0.369,0.368
1430,0.518,0.518,0.518,0.821,0.159,0.48,0.365,0.364
1431,0.528,0.528,0.528,0.879,0.036,0.467,0.362,0.361
1432,0.518,0.518,0.518,0.737,0.002,0.457,0.364,0.36
1433,0.518,0.518,0.518,0.45,0.001,0.46,0.37,0.362
1434,0.528,0.528,0.528,0.0,0.003,0.485,0.393,0.388
1435,0.518,0.518,0.518,0.0,0.0,0.548,0.412,0.435
1436,0.528,0.528,0.528,0.0,0.025,0.556,0.404,0.434
1437,0.49,0.49,0.49,0.0,0.105,0.542,0.39,0.421
1438,0.264,0.264,0.264,0.0,0.224,0.522,0.369,0.409
1439,0.264,0.264,0.264,0.0,0.444,0.49,0.349,0.397
1440,0.254,0.254,0.254,0.0,0.696,0.46,0.337,0.378
1441,0.264,0.264,0.264,0.0,0.036,0.416,0.321,0.347
1442,0.264,0.264,0.264,0.0,0.022,0.399,0.32,0.34
1443,0.264,0.264,0.264,0.0,0.007,0.392,0.319,0.333
1444,0.254,0.254,0.254,0.0,0.0,0.39,0.322,0.332
1445,0.264,0.264,0.264,0.0,0.05,0.388,0.335,0.333
1446,0.264,0.264,0.264,0.0,0.167,0.391,0.352,0.34
1447,0.264,0.264,0.264,0.278,0.097,0.389,0.367,0.338
1448,0.254,0.254,0.254,0.477,0.0,0.394,0.38,0.337
1449,0.264,0.264,0.264,0.7,0.001,0.413,0.388,0.345
1450,0.482,0.482,0.482,0.753,0.0,0.432,0.382,0.353
1451,0.528,0.528,0.528,0.792,0.0,0.449,0.376,0.354
1452,0.51,0.51,0.51,0.799,0.0,0.456,0.373,0.355
1453,0.518,0.518,0.518,0.823,0.003,0.458,0.368,0.353
1454,0.386,0.386,0.386,0.865,0.052,0.456,0.366,0.352
1455,0.264,0.264,0.264,0.762,0.305,0.456,0.367,0.352
1456,0.274,0.274,0.274,0.499,0.498,0.451,0.37,0.351
1457,0.292,0.292,0.292,0.386,0.27,0.453,0.381,0.357
1458,0.528,0.528,0.528,0.0,0.347,0.474,0.411,0.397
1459,0.528,0.528,0.528,0.0,0.709,0.529,0.433,0.439
1460,0.528,0.528,0.528,0.0,0.636,0.531,0.423,0.431
1461,0.518,0.518,0.518,0.0,0.061,0.52,0.402,0.418
1462,0.528,0.528,0.528,0.0,0.163,0.495,0.368,0.399
1463,0.538,0.538,0.538,0.0,0.452,0.463,0.336,0.376
1464,0.518,0.518,0.518,0.0,0.158,0.43,0.321,0.352
1465,0.32,0.32,0.32,0.0,0.293,0.403,0.314,0.339
1466,0.264,0.264,0.264,0.0,0.705,0.392,0.311,0.333
1467,0.264,0.264,0.264,0.0,0.83,0.387,0.315,0.329
1468,0.264,0.264,0.264,0.0,0.755,0.384,0.328,0.331
1469,0.254,0.254,0.254,0.0,0.645,0.388,0.363,0.337
1470,0.518,0.518,0.518,0.0,0.858,0.409,0.422,0.359
1471,0.518,0.518,0.518,0.333,0.845,0.454,0.438,0.374
1472,0.518,0.518,0.518,0.596,0.842,0.495,0.421,0.374
1473,0.518,0.518,0.518,0.503,0.978,0.537,0.404,0.379
1474,0.518,0.518,0.518,0.552,0.983,0.569,0.397,0.387
1475,0.528,0.528,0.528,0.819,0.868,0.584,0.394,0.388
1476,0.264,0.264,0.264,0.706,0.305,0.599,0.395,0.393
1477,0.264,0.264,0.264,0.32,0.061,0.601,0.393,0.394
1478,0.264,0.264,0.264,0.232,0.193,0.601,0.396,0.393
1479,0.254,0.254,0.254,0.558,0.504,0.601,0.396,0.391
1480,0.264,0.264,0.264,0.0,0.779,0.598,0.397,0.385
1481,0.33,0.33,0.33,0.0,0.314,0.607,0.403,0.392
1482,0.528,0.528,0.528,0.0,0.0,0.636,0.432,0.436
1483,0.528,0.528,0.528,0.0,0.0,0.669,0.452,0.477
1484,0.518,0.518,0.518,0.0,0.0,0.654,0.438,0.469
1485,0.518,0.518,0.518,0.0,0.0,0.615,0.416,0.448
1486,0.518,0.518,0.518,0.0,0.024,0.578,0.376,0.418
1487,0.292,0.292,0.292,0.0,0.605,0.521,0.342,0.385
1488,0.264,0.264,0.264,0.0,0.833,0.471,0.324,0.354
1489,0.264,0.264,0.264,0.0,0.725,0.436,0.317,0.34
1490,0.264,0.264,0.264,0.0,0.775,0.418,0.313,0.331
1491,0.264,0.264,0.264,0.0,0.722,0.409,0.312,0.328
1492,0.254,0.254,0.254,0.0,0.701,0.402,0.321,0.325
1493,0.264,0.264,0.264,0.0,0.701,0.398,0.348,0.323
1494,0.51,0.51,0.51,0.0,0.386,0.421,0.396,0.337
1495,0.518,0.518,0.518,0.0,0.138,0.465,0.412,0.354
1496,0.518,0.518,0.518,0.704,0.02,0.502,0.405,0.355
1497,0.518,0.518,0.518,0.863,0.082,0.533,0.402,0.365
1498,0.518,0.518,0.518,0.921,0.246,0.559,0.403,0.376
1499,0.528,0.528,0.528,0.887,0.533,0.578,0.404,0.386
1500,0.292,0.292,0.292,0.883,0.794,0.586,0.406,0.385
1501,0.254,0.254,0.254,0.874,0.852,0.586,0.405,0.379
1502,0.264,0.264,0.264,0.722,0.787,0.584,0.407,0.375
1503,0.264,0.264,0.264,0.817,0.755,0.58,0.405,0.373
1504,0.264,0.264,0.264,0.587,0.532,0.57,0.408,0.369
1505,0.264,0.264,0.264,0.455,0.266,0.557,0.415,0.367
1506,0.452,0.452,0.452,0.0,1.0,0.563,0.447,0.399
1507,0.518,0.518,0.518,0.0,0.924,0.614,0.459,0.455
1508,0.358,0.358,0.358,0.0,0.964,0.603,0.443,0.453
1509,0.33,0.33,0.33,0.0,0.993,0.577,0.422,0.435
1510,0.264,0.264,0.264,0.0,0.974,0.541,0.38,0.407
1511,0.264,0.264,0.264,0.0,0.98,0.493,0.345,0.374
1512,0.274,0.274,0.274,0.0,0.96,0.453,0.326,0.348
1513,0.264,0.264,0.264,0.0,0.951,0.421,0.317,0.334
1514,0.264,0.264,0.264,0.0,0.957,0.409,0.312,0.329
1515,0.264,0.264,0.264,0.0,0.757,0.4,0.31,0.326
1516,0.264,0.264,0.264,0.0,0.311,0.398,0.321,0.327
1517,0.264,0.264,0.264,0.0,0.024,0.4,0.35,0.334
1518,0.32,0.32,0.32,0.0,0.013,0.425,0.398,0.355
1519,0.462,0.462,0.462,0.322,0.032,0.47,0.416,0.37
1520,0.518,0.518,0.518,0.726,0.022,0.507,0.409,0.373
1521,0.518,0.518,0.518,0.852,0.003,0.537,0.404,0.375
1522,0.51,0.51,0.51,0.848,0.03,0.562,0.405,0.377
1523,0.264,0.264,0.264,0.881,0.016,0.579,0.404,0.381
1524,0.264,0.264,0.264,0.874,0.001,0.59,0.401,0.382
1525,0.264,0.264,0.264,0.879,0.002,0.588,0.401,0.366
1526,0.264,0.264,0.264,0.87,0.002,0.588,0.398,0.363
1527,0.274,0.274,0.274,0.874,0.0,0.583,0.397,0.362
1528,0.274,0.274,0.274,0.737,0.004,0.571,0.4,0.358
1529,0.51,0.51,0.51,0.457,0.211,0.56,0.405,0.361
1530,0.528,0.528,0.528,0.0,0.175,0.564,0.429,0.389
1531,0.518,0.518,0.518,0.0,0.137,0.613,0.454,0.44
1532,0.528,0.528,0.528,0.0,0.517,0.61,0.442,0.44
1533,0.5,0.5,0.5,0.0,0.585,0.592,0.421,0.435
1534,0.264,0.264,0.264,0.0,0.998,0.556,0.382,0.398
1535,0.274,0.274,0.274,0.0,0.998,0.504,0.347,0.365
1536,0.264,0.264,0.264,0.0,0.999,0.46,0.33,0.343
1537,0.264,0.264,0.264,0.0,1.0,0.43,0.323,0.332
1538,0.264,0.264,0.264,0.0,0.993,0.411,0.32,0.326
1539,0.264,0.264,0.264,0.0,0.972,0.403,0.322,0.325
1540,0.264,0.264,0.264,0.0,0.929,0.4,0.335,0.326
1541,0.264,0.264,0.264,0.0,0.558,0.405,0.371,0.334
1542,0.264,0.264,0.264,0.0,0.387,0.429,0.428,0.355
1543,0.33,0.33,0.33,0.34,0.814,0.477,0.442,0.367
1544,0.518,0.518,0.518,0.737,0.588,0.516,0.422,0.367
1545,0.51,0.51,0.51,0.874,0.844,0.552,0.405,0.368
1546,0.528,0.528,0.528,0.909,0.606,0.566,0.401,0.369
1547,0.274,0.274,0.274,0.905,0.887,0.583,0.399,0.367
1548,0.264,0.264,0.264,0.894,0.974,0.593,0.399,0.365
1549,0.274,0.274,0.274,0.863,0.74,0.589,0.402,0.367
1550,0.264,0.264,0.264,0.854,0.496,0.588,0.401,0.366
1551,0.264,0.264,0.264,0.828,0.34,0.586,0.4,0.366
1552,0.482,0.482,0.482,0.744,0.618,0.571,0.402,0.362
1553,0.518,0.518,0.518,0.446,0.565,0.565,0.403,0.365
1554,0.518,0.518,0.518,0.0,0.0,0.57,0.427,0.391
1555,0.518,0.518,0.518,0.0,0.0,0.622,0.45,0.442
1556,0.51,0.51,0.51,0.0,0.0,0.616,0.441,0.441
1557,0.264,0.264,0.264,0.0,0.003,0.595,0.42,0.446
1558,0.264,0.264,0.264,0.0,0.424,0.556,0.379,0.42
1559,0.264,0.264,0.264,0.0,0.534,0.505,0.346,0.388
1560,0.264,0.264,0.264,0.0,0.212,0.461,0.33,0.359
1561,0.264,0.264,0.264,0.0,0.005,0.431,0.325,0.345
1562,0.264,0.264,0.264,0.0,0.0,0.414,0.321,0.34
1563,0.264,0.264,0.264,0.0,0.073,0.405,0.324,0.337
1564,0.264,0.264,0.264,0.0,0.26,0.401,0.337,0.338
1565,0.264,0.264,0.264,0.0,0.175,0.404,0.37,0.346
1566,0.264,0.264,0.264,0.0,0.39,0.426,0.428,0.369
1567,0.274,0.274,0.274,0.342,0.378,0.476,0.444,0.38
1568,0.518,0.518,0.518,0.759,0.221,0.522,0.426,0.383
1569,0.518,0.518,0.518,0.837,0.188,0.564,0.408,0.387
1570,0.518,0.518,0.518,0.291,0.167,0.581,0.402,0.392
1571,0.518,0.518,0.518,0.874,0.139,0.601,0.401,0.389
1572,0.528,0.528,0.528,0.7,0.108,0.603,0.398,0.389
1573,0.518,0.518,0.518,0.96,0.048,0.594,0.395,0.385
1574,0.528,0.528,0.528,0.947,0.006,0.589,0.394,0.384
1575,0.518,0.518,0.518,0.874,0.009,0.583,0.392,0.381
1576,0.518,0.518,0.518,0.68,0.007,0.576,0.392,0.374
1577,0.528,0.528,0.528,0.47,0.013,0.569,0.394,0.378
1578,0.518,0.518,0.518,0.0,0.001,0.574,0.412,0.411
1579,0.518,0.518,0.518,0.0,0.0,0.623,0.431,0.464
1580,0.528,0.528,0.528,0.0,0.001,0.613,0.421,0.456
1581,0.518,0.518,0.518,0.0,0.1,0.592,0.405,0.443
1582,0.518,0.518,0.518,0.0,0.565,0.561,0.378,0.425
1583,0.33,0.33,0.33,0.0,0.519,0.515,0.35,0.401
1584,0.246,0.246,0.246,0.0,0.303,0.472,0.337,0.375
1585,0.264,0.264,0.264,0.0,0.15,0.44,0.327,0.359
1586,0.264,0.264,0.264,0.0,0.039,0.416,0.323,0.348
1587,0.254,0.254,0.254,0.0,0.051,0.406,0.32,0.343
1588,0.264,0.264,0.264,0.0,0.007,0.399,0.325,0.343
1589,0.274,0.274,0.274,0.0,0.011,0.4,0.338,0.346
1590,0.528,0.528,0.528,0.0,0.059,0.409,0.36,0.357
1591,0.51,0.51,0.51,0.36,0.156,0.418,0.378,0.351
1592,0.528,0.528,0.528,0.704,0.439,0.435,0.397,0.353
1593,0.518,0.518,0.518,0.817,0.59,0.464,0.402,0.363
1594,0.51,0.51,0.51,0.839,0.357,0.485,0.4,0.371
1595,0.312,0.312,0.312,0.874,0.013,0.496,0.393,0.369
1596,0.254,0.254,0.254,0.823,0.212,0.49,0.382,0.363
1597,0.264,0.264,0.264,0.806,0.239,0.48,0.371,0.359
1598,0.264,0.264,0.264,0.821,0.159,0.47,0.368,0.354
1599,0.264,0.264,0.264,0.879,0.036,0.458,0.364,0.351
1600,0.264,0.264,0.264,0.737,0.002,0.449,0.367,0.349
1601,0.264,0.264,0.264,0.45,0.001,0.451,0.373,0.352
1602,0.264,0.264,0.264,0.0,0.003,0.475,0.397,0.381
1603,0.368,0.368,0.368,0.0,0.0,0.539,0.417,0.435
1604,0.518,0.518,0.518,0.0,0.025,0.547,0.408,0.434
1605,0.51,0.51,0.51,0.0,0.105,0.532,0.395,0.419
1606,0.34,0.34,0.34,0.0,0.224,0.512,0.372,0.406
1607,0.114,0.114,0.114,0.0,0.444,0.48,0.349,0.391
1608,0.076,0.076,0.076,0.0,0.696,0.452,0.335,0.37
1609,0.084,0.084,0.084,0.0,0.837,0.425,0.329,0.356
1610,0.076,0.076,0.076,0.0,0.918,0.41,0.326,0.347
1611,0.076,0.076,0.076,0.0,0.939,0.402,0.326,0.344
1612,0.076,0.076,0.076,0.0,0.948,0.398,0.332,0.345
1613,0.084,0.084,0.084,0.0,1.0,0.397,0.342,0.346
1614,0.076,0.076,0.076,0.0,1.0,0.402,0.361,0.356
1615,0.472,0.472,0.472,0.386,1.0,0.399,0.376,0.348
1616,0.518,0.518,0.518,0.735,0.929,0.407,0.381,0.348
1617,0.528,0.528,0.528,0.773,0.503,0.422,0.38,0.354
1618,0.51,0.51,0.51,0.753,0.161,0.439,0.377,0.359
1619,0.284,0.284,0.284,0.704,0.227,0.45,0.372,0.356
1620,0.264,0.264,0.264,0.616,0.459,0.453,0.369,0.354
1621,0.264,0.264,0.264,0.781,0.217,0.452,0.366,0.354
1622,0.264,0.264,0.264,0.854,0.186,0.448,0.364,0.351
1623,0.274,0.274,0.274,0.775,0.465,0.446,0.361,0.35
1624,0.264,0.264,0.264,0.709,0.224,0.444,0.368,0.35
1625,0.51,0.51,0.51,0.419,0.156,0.448,0.379,0.353
1626,0.518,0.518,0.518,0.0,0.575,0.476,0.405,0.385
1627,0.51,0.51,0.51,0.0,0.842,0.531,0.429,0.435
1628,0.33,0.33,0.33,0.0,0.916,0.539,0.419,0.43
1629,0.264,0.264,0.264,0.0,0.86,0.526,0.401,0.418
1630,0.264,0.264,0.264,0.0,0.971,0.502,0.368,0.394
1631,0.264,0.264,0.264,0.0,0.982,0.464,0.336,0.373
1632,0.264,0.264,0.264,0.0,0.984,0.433,0.321,0.35
1633,0.264,0.264,0.264,0.0,0.982,0.41,0.316,0.34
1634,0.264,0.264,0.264,0.0,0.947,0.398,0.317,0.334
1635,0.264,0.264,0.264,0.0,0.93,0.392,0.319,0.332
1636,0.274,0.274,0.274,0.0,0.868,0.388,0.333,0.333
1637,0.274,0.274,0.274,0.0,0.815,0.394,0.368,0.34
1638,0.518,0.518,0.518,0.0,0.865,0.42,0.424,0.361
1639,0.518,0.518,0.518,0.296,0.842,0.464,0.436,0.378
1640,0.51,0.51,0.51,0.506,0.893,0.509,0.427,0.386
1641,0.518,0.518,0.518,0.532,0.897,0.545,0.412,0.397
1642,0.528,0.528,0.528,0.574,0.719,0.576,0.404,0.397
1643,0.51,0.51,0.51,0.748,0.643,0.595,0.398,0.394
1644,0.482,0.482,0.482,0.828,0.968,0.595,0.398,0.391
1645,0.254,0.254,0.254,0.81,0.797,0.6,0.393,0.391
1646,0.264,0.264,0.264,0.428,0.682,0.591,0.392,0.389
1647,0.264,0.264,0.264,0.163,0.512,0.585,0.391,0.384
1648,0.254,0.254,0.254,0.294,0.301,0.584,0.392,0.38
1649,0.51,0.51,0.51,0.126,0.33,0.589,0.402,0.382
1650,0.51,0.51,0.51,0.0,0.707,0.623,0.431,0.414
1651,0.518,0.518,0.518,0.0,0.16,0.667,0.447,0.473
1652,0.518,0.518,0.518,0.0,0.529,0.65,0.434,0.471
1653,0.518,0.518,0.518,0.0,0.562,0.609,0.412,0.45
1654,0.264,0.264,0.264,0.0,0.736,0.561,0.375,0.421
1655,0.264,0.264,0.264,0.0,0.857,0.506,0.342,0.387
1656,0.264,0.264,0.264,0.0,0.772,0.457,0.327,0.359
1657,0.264,0.264,0.264,0.0,0.78,0.427,0.319,0.343
1658,0.264,0.264,0.264,0.0,0.67,0.408,0.316,0.335
1659,0.254,0.254,0.254,0.0,0.501,0.402,0.316,0.331
1660,0.264,0.264,0.264,0.0,0.757,0.397,0.329,0.332
1661,0.35,0.35,0.35,0.0,0.756,0.403,0.362,0.337
1662,0.518,0.518,0.518,0.0,0.755,0.425,0.417,0.355
1663,0.518,0.518,0.518,0.404,0.757,0.468,0.432,0.365
1664,0.518,0.518,0.518,0.757,0.903,0.505,0.415,0.375
1665,0.518,0.518,0.518,0.868,0.98,0.536,0.401,0.383
1666,0.51,0.51,0.51,0.901,0.922,0.557,0.397,0.389
1667,0.528,0.528,0.528,0.821,0.871,0.576,0.395,0.387
1668,0.51,0.51,0.51,0.62,0.947,0.582,0.396,0.387
1669,0.264,0.264,0.264,0.638,0.843,0.582,0.394,0.386
1670,0.264,0.264,0.264,0.702,0.953,0.581,0.393,0.384
1671,0.264,0.264,0.264,0.532,0.725,0.575,0.393,0.38
1672,0.274,0.274,0.274,0.755,0.629,0.567,0.395,0.377
1673,0.518,0.518,0.518,0.547,0.68,0.559,0.4,0.38
1674,0.51,0.51,0.51,0.0,0.688,0.567,0.427,0.414
1675,0.528,0.528,0.528,0.0,0.767,0.621,0.451,0.479
1676,0.5,0.5,0.5,0.0,0.808,0.616,0.44,0.477
1677,0.264,0.264,0.264,0.0,0.726,0.593,0.418,0.462
1678,0.264,0.264,0.264,0.0,0.499,0.556,0.381,0.431
1679,0.264,0.264,0.264,0.0,0.457,0.504,0.348,0.395
1680,0.274,0.274,0.274,0.0,0.675,0.46,0.334,0.366
1681,0.264,0.264,0.264,0.0,0.675,0.426,0.325,0.351
1682,0.264,0.264,0.264,0.0,0.757,0.412,0.32,0.342
1683,0.264,0.264,0.264,0.0,0.84,0.402,0.321,0.338
1684,0.264,0.264,0.264,0.0,0.757,0.401,0.331,0.339
1685,0.254,0.254,0.254,0.0,0.859,0.406,0.365,0.347
1686,0.452,0.452,0.452,0.0,0.988,0.429,0.421,0.371
1687,0.51,0.51,0.51,0.413,0.982,0.469,0.437,0.382
1688,0.528,0.528,0.528,0.781,0.995,0.51,0.428,0.386
1689,0.518,0.518,0.518,0.896,0.997,0.542,0.411,0.393
1690,0.518,0.518,0.518,0.914,0.965,0.567,0.408,0.398
1691,0.518,0.518,0.518,0.901,0.986,0.577,0.402,0.395
1692,0.518,0.518,0.518,0.876,0.949,0.577,0.398,0.39
1693,0.264,0.264,0.264,0.861,0.959,0.582,0.393,0.388
1694,0.254,0.254,0.254,0.863,0.915,0.583,0.389,0.383
1695,0.274,0.274,0.274,0.896,0.893,0.581,0.39,0.377
1696,0.254,0.254,0.254,0.797,0.784,0.567,0.393,0.375
1697,0.424,0.424,0.424,0.506,0.937,0.561,0.398,0.378
1698,0.518,0.518,0.518,0.0,0.974,0.566,0.425,0.41
1699,0.518,0.518,0.518,0.0,0.959,0.617,0.454,0.479
1700,0.518,0.518,0.518,0.0,0.868,0.611,0.446,0.48
1701,0.518,0.518,0.518,0.0,0.9,0.589,0.429,0.465
1702,0.518,0.518,0.518,0.0,0.972,0.55,0.392,0.434
1703,0.33,0.33,0.33,0.0,0.992,0.498,0.359,0.397
1704,0.076,0.076,0.076,0.0,0.993,0.457,0.344,0.366
1705,0.076,0.076,0.076,0.0,0.991,0.425,0.338,0.35
1706,0.084,0.084,0.084,0.0,0.984,0.41,0.338,0.344
1707,0.076,0.076,0.076,0.0,0.991,0.403,0.34,0.34
1708,0.104,0.104,0.104,0.0,0.997,0.402,0.355,0.34
1709,0.292,0.292,0.292,0.0,0.996,0.403,0.393,0.348
1710,0.518,0.518,0.518,0.0,0.995,0.427,0.456,0.373
1711,0.518,0.518,0.518,0.446,0.985,0.468,0.467,0.387
1712,0.518,0.518,0.518,0.713,0.991,0.508,0.448,0.39
1713,0.51,0.51,0.51,0.839,0.995,0.544,0.427,0.396
1714,0.528,0.528,0.528,0.914,0.984,0.569,0.413,0.397
1715,0.51,0.51,0.51,0.969,0.984,0.582,0.402,0.389
1716,0.518,0.518,0.518,0.962,0.956,0.587,0.396,0.388
1717,0.264,0.264,0.264,0.949,0.978,0.586,0.393,0.388
1718,0.264,0.264,0.264,0.927,0.761,0.582,0.39,0.384
1719,0.264,0.264,0.264,0.861,0.651,0.574,0.388,0.382
1720,0.274,0.274,0.274,0.81,0.815,0.567,0.392,0.377
1721,0.68,0.68,0.68,0.51,0.925,0.562,0.403,0.378
1722,0.784,0.784,0.784,0.0,0.868,0.572,0.432,0.412
1723,0.774,0.774,0.774,0.0,0.817,0.626,0.451,0.481
1724,0.784,0.784,0.784,0.0,0.724,0.624,0.443,0.481
1725,0.764,0.764,0.764,0.0,0.769,0.592,0.425,0.464
1726,0.784,0.784,0.784,0.0,0.796,0.555,0.386,0.437
1727,0.716,0.716,0.716,0.0,0.803,0.504,0.351,0.403
1728,0.594,0.594,0.594,0.0,0.73,0.459,0.335,0.373
1729,0.34,0.34,0.34,0.0,0.776,0.427,0.329,0.355
1730,0.35,0.35,0.35,0.0,0.755,0.412,0.324,0.345
1731,0.518,0.518,0.518,0.0,0.671,0.403,0.328,0.342
1732,0.518,0.518,0.518,0.0,0.659,0.399,0.341,0.344
1733,0.518,0.518,0.518,0.0,0.54,0.406,0.378,0.352
1734,0.518,0.518,0.518,0.0,0.355,0.428,0.433,0.377
1735,0.528,0.528,0.528,0.426,0.226,0.469,0.451,0.393
1736,0.51,0.51,0.51,0.351,0.211,0.511,0.436,0.399
1737,0.518,0.518,0.518,0.26,0.198,0.547,0.424,0.406
1738,0.51,0.51,0.51,0.795,0.114,0.579,0.416,0.396
1739,0.518,0.518,0.518,0.687,0.066,0.604,0.407,0.407
1740,0.51,0.51,0.51,0.278,0.034,0.606,0.403,0.403
1741,0.518,0.518,0.518,0.508,0.041,0.593,0.396,0.393
1742,0.5,0.5,0.5,0.488,0.054,0.589,0.395,0.387
1743,0.5,0.5,0.5,0.419,0.028,0.573,0.39,0.383
1744,0.5,0.5,0.5,0.013,0.037,0.562,0.394,0.381
1745,0.5,0.5,0.5,0.002,0.032,0.557,0.403,0.396
1746,0.51,0.51,0.51,0.0,0.073,0.574,0.432,0.44
1747,0.49,0.49,0.49,0.0,0.069,0.625,0.452,0.499
1748,0.5,0.5,0.5,0.0,0.047,0.615,0.445,0.497
1749,0.51,0.51,0.51,0.0,0.046,0.59,0.431,0.484
1750,0.49,0.49,0.49,0.0,0.043,0.56,0.406,0.468
1751,0.5,0.5,0.5,0.0,0.0,0.514,0.372,0.439
1752,0.264,0.264,0.264,0.0,0.0,0.478,0.355,0.408
1753,0.254,0.254,0.254,0.0,0.0,0.45,0.348,0.385
1754,0.254,0.254,0.254,0.0,0.002,0.427,0.343,0.374
1755,0.246,0.246,0.246,0.0,0.009,0.413,0.344,0.363
1756,0.264,0.264,0.264,0.0,0.102,0.408,0.35,0.36
1757,0.33,0.33,0.33,0.0,0.228,0.409,0.364,0.364
1758,0.386,0.386,0.386,0.0,0.247,0.42,0.395,0.374
1759,0.518,0.518,0.518,0.322,0.206,0.426,0.422,0.374
1760,0.518,0.518,0.518,0.002,0.154,0.446,0.456,0.378
1761,0.518,0.518,0.518,0.011,0.16,0.482,0.487,0.385
1762,0.51,0.51,0.51,0.439,0.147,0.513,0.489,0.396
1763,0.518,0.518,0.518,0.852,0.129,0.524,0.483,0.392
1764,0.518,0.518,0.518,0.185,0.09,0.526,0.459,0.386
1765,0.51,0.51,0.51,0.563,0.055,0.519,0.451,0.381
1766,0.528,0.528,0.528,0.914,0.015,0.51,0.445,0.379
1767,0.51,0.51,0.51,0.364,0.005,0.503,0.444,0.368
1768,0.51,0.51,0.51,0.318,0.005,0.492,0.456,0.371
1769,0.528,0.528,0.528,0.587,0.003,0.491,0.475,0.384
1770,0.51,0.51,0.51,0.0,0.001,0.513,0.497,0.419
1771,0.51,0.51,0.51,0.0,0.011,0.574,0.504,0.483
1772,0.528,0.528,0.528,0.0,0.01,0.582,0.492,0.484
1773,0.35,0.35,0.35,0.0,0.005,0.567,0.478,0.472
1774,0.254,0.254,0.254,0.0,0.006,0.546,0.445,0.45
1775,0.246,0.246,0.246,0.0,0.069,0.51,0.411,0.426
1776,0.254,0.254,0.254,0.0,0.227,0.477,0.394,0.397
1777,0.32,0.32,0.32,0.0,0.106,0.45,0.384,0.377
1778,0.358,0.358,0.358,0.0,0.227,0.429,0.375,0.367
1779,0.51,0.51,0.51,0.0,0.297,0.42,0.37,0.36
1780,0.518,0.518,0.518,0.0,0.3,0.416,0.378,0.359
1781,0.51,0.51,0.51,0.0,0.326,0.415,0.391,0.362
1782,0.5,0.5,0.5,0.0,0.316,0.419,0.417,0.368
1783,0.518,0.518,0.518,0.408,0.271,0.417,0.436,0.36
1784,0.51,0.51,0.51,0.786,0.272,0.429,0.442,0.362
1785,0.528,0.528,0.528,0.914,0.25,0.451,0.439,0.368
1786,0.51,0.51,0.51,0.954,0.152,0.462,0.426,0.368
1787,0.518,0.518,0.518,0.927,0.048,0.473,0.411,0.367
1788,0.51,0.51,0.51,0.817,0.055,0.48,0.397,0.362
1789,0.518,0.518,0.518,0.731,0.073,0.481,0.383,0.359
1790,0.51,0.51,0.51,0.022,0.061,0.478,0.371,0.353
1791,0.528,0.528,0.528,0.007,0.045,0.474,0.366,0.349
1792,0.51,0.51,0.51,0.0,0.019,0.468,0.369,0.349
1793,0.518,0.518,0.518,0.494,0.009,0.47,0.383,0.355
1794,0.51,0.51,0.51,0.0,0.0,0.495,0.419,0.392
1795,0.51,0.51,0.51,0.0,0.0,0.56,0.457,0.456
1796,0.518,0.518,0.518,0.0,0.018,0.572,0.458,0.465
1797,0.51,0.51,0.51,0.0,0.48,0.566,0.44,0.453
1798,0.5,0.5,0.5,0.0,0.218,0.541,0.407,0.433
1799,0.5,0.5,0.5,0.0,0.169,0.5,0.377,0.407
1800,0.518,0.518,0.518,0.0,0.196,0.464,0.365,0.378
1801,0.312,0.312,0.312,0.0,0.183,0.432,0.36,0.362
1802,0.254,0.254,0.254,0.0,0.32,0.419,0.363,0.354
1803,0.264,0.264,0.264,0.0,0.435,0.415,0.369,0.351
1804,0.274,0.274,0.274,0.0,0.212,0.412,0.387,0.354
1805,0.518,0.518,0.518,0.0,0.368,0.419,0.43,0.368
1806,0.5,0.5,0.5,0.0,0.344,0.447,0.494,0.396
1807,0.518,0.518,0.518,0.512,0.419,0.49,0.51,0.406
1808,0.716,0.716,0.716,0.797,0.353,0.533,0.479,0.405
1809,0.774,0.774,0.774,0.857,0.289,0.568,0.447,0.405
1810,0.774,0.774,0.774,0.932,0.2,0.589,0.431,0.404
1811,0.764,0.764,0.764,0.943,0.0,0.6,0.416,0.398
1812,0.774,0.774,0.774,0.927,0.0,0.598,0.402,0.391
1813,0.548,0.548,0.548,0.901,0.032,0.611,0.39,0.387
1814,0.518,0.518,0.518,0.883,0.113,0.607,0.381,0.383
1815,0.51,0.51,0.51,0.881,0.078,0.578,0.38,0.377
1816,0.51,0.51,0.51,0.753,0.066,0.568,0.38,0.37
1817,0.518,0.518,0.518,0.55,0.043,0.562,0.388,0.376
1818,0.51,0.51,0.51,0.0,0.018,0.569,0.419,0.406
1819,0.518,0.518,0.518,0.0,0.048,0.626,0.459,0.488
1820,0.51,0.51,0.51,0.0,0.158,0.638,0.453,0.49
1821,0.51,0.51,0.51,0.0,0.155,0.62,0.44,0.478
1822,0.528,0.528,0.528,0.0,0.216,0.576,0.404,0.448
1823,0.482,0.482,0.482,0.0,0.167,0.524,0.371,0.412
1824,0.254,0.254,0.254,0.0,0.163,0.473,0.359,0.38
1825,0.254,0.254,0.254,0.0,0.046,0.44,0.354,0.363
1826,0.254,0.254,0.254,0.0,0.337,0.424,0.356,0.357
1827,0.254,0.254,0.254,0.0,0.305,0.415,0.361,0.355
1828,0.312,0.312,0.312,0.0,0.06,0.412,0.381,0.359
1829,0.518,0.518,0.518,0.0,0.205,0.416,0.424,0.373
1830,0.51,0.51,0.51,0.0,0.386,0.441,0.486,0.404
1831,0.51,0.51,0.51,0.508,0.258,0.486,0.495,0.413
1832,0.528,0.528,0.528,0.773,0.39,0.529,0.458,0.412
1833,0.754,0.754,0.754,0.892,0.396,0.559,0.426,0.41
1834,0.784,0.784,0.784,0.854,0.227,0.578,0.41,0.405
1835,0.764,0.764,0.764,0.837,0.082,0.589,0.397,0.395
1836,0.764,0.764,0.764,0.832,0.012,0.593,0.39,0.392
1837,0.774,0.774,0.774,0.879,0.032,0.59,0.383,0.389
1838,0.548,0.548,0.548,0.901,0.144,0.584,0.38,0.385
1839,0.51,0.51,0.51,0.801,0.149,0.578,0.377,0.382
1840,0.518,0.518,0.518,0.834,0.073,0.565,0.378,0.378
1841,0.51,0.51,0.51,0.576,0.078,0.559,0.385,0.38
1842,0.66,0.66,0.66,0.0,0.115,0.573,0.414,0.405
1843,0.774,0.774,0.774,0.0,0.028,0.622,0.441,0.477
1844,0.764,0.764,0.764,0.0,0.006,0.62,0.432,0.481
1845,0.518,0.518,0.518,0.0,0.076,0.601,0.413,0.463
1846,0.452,0.452,0.452,0.0,0.196,0.56,0.378,0.431
1847,0.32,0.32,0.32,0.0,0.069,0.508,0.344,0.395
1848,0.264,0.264,0.264,0.0,0.161,0.463,0.33,0.365
1849,0.264,0.264,0.264,0.0,0.516,0.431,0.323,0.348
1850,0.254,0.254,0.254,0.0,0.544,0.416,0.32,0.34
1851,0.274,0.274,0.274,0.0,0.62,0.409,0.322,0.338
1852,0.33,0.33,0.33,0.0,0.797,0.405,0.336,0.339
1853,0.482,0.482,0.482,0.0,0.744,0.407,0.372,0.346
1854,0.528,0.528,0.528,0.0,0.748,0.432,0.422,0.369
1855,0.518,0.518,0.518,0.543,0.785,0.473,0.435,0.378
1856,0.764,0.764,0.764,0.795,0.768,0.515,0.415,0.381
1857,0.774,0.774,0.774,0.839,0.816,0.55,0.402,0.386
1858,0.784,0.784,0.784,0.854,0.67,0.575,0.398,0.385
1859,0.774,0.774,0.774,0.852,0.526,0.587,0.39,0.382
1860,0.774,0.774,0.774,0.885,0.419,0.595,0.389,0.382
1861,0.774,0.774,0.774,0.848,0.359,0.588,0.386,0.382
1862,0.774,0.774,0.774,0.843,0.269,0.583,0.384,0.381
1863,0.774,0.774,0.774,0.887,0.558,0.577,0.382,0.377
1864,0.764,0.764,0.764,0.795,0.535,0.566,0.383,0.373
1865,0.5,0.5,0.5,0.589,0.326,0.557,0.385,0.375
1866,0.51,0.51,0.51,0.0,0.133,0.561,0.407,0.395
1867,0.5,0.5,0.5,0.0,0.133,0.606,0.434,0.466
1868,0.5,0.5,0.5,0.0,0.415,0.61,0.428,0.471
1869,0.5,0.5,0.5,0.0,0.349,0.593,0.414,0.453
1870,0.51,0.51,0.51,0.0,0.332,0.555,0.375,0.429
1871,0.5,0.5,0.5,0.0,0.611,0.505,0.344,0.394
1872,0.292,0.292,0.292,0.0,0.457,0.464,0.329,0.365
1873,0.264,0.264,0.264,0.0,0.61,0.435,0.323,0.351
1874,0.264,0.264,0.264,0.0,0.355,0.414,0.322,0.309
1875,0.254,0.254,0.254,0.0,0.193,0.407,0.326,0.309
1876,0.51,0.51,0.51,0.0,0.318,0.405,0.344,0.309
1877,0.518,0.518,0.518,0.0,0.243,0.41,0.382,0.313
1878,0.576,0.576,0.576,0.0,0.193,0.432,0.43,0.317
1879,0.764,0.764,0.764,0.528,0.212,0.473,0.445,0.386
1880,0.764,0.764,0.764,0.755,0.187,0.517,0.425,0.392
1881,0.754,0.754,0.754,0.863,0.484,0.55,0.407,0.397
1882,0.774,0.774,0.774,0.819,0.201,0.569,0.4,0.396
1883,0.764,0.764,0.764,0.792,0.183,0.583,0.395,0.389
1884,0.754,0.754,0.754,0.788,0.412,0.59,0.39,0.389
1885,0.754,0.754,0.754,0.834,0.526,0.589,0.385,0.385
1886,0.726,0.726,0.726,0.832,0.387,0.584,0.383,0.385
1887,0.51,0.51,0.51,0.841,0.109,0.578,0.381,0.381
1888,0.518,0.518,0.518,0.72,0.765,0.565,0.382,0.379
1889,0.51,0.51,0.51,0.468,0.91,0.556,0.389,0.38
1890,0.528,0.528,0.528,0.0,0.788,0.565,0.41,0.403
1891,0.66,0.66,0.66,0.0,0.837,0.613,0.438,0.471
1892,0.764,0.764,0.764,0.0,0.467,0.612,0.43,0.47
1893,0.746,0.746,0.746,0.0,0.442,0.592,0.413,0.453
1894,0.764,0.764,0.764,0.0,0.668,0.555,0.377,0.42
1895,0.746,0.746,0.746,0.0,0.576,0.503,0.344,0.386
1896,0.774,0.774,0.774,0.0,0.368,0.461,0.327,0.359
1897,0.33,0.33,0.33,0.0,0.148,0.432,0.322,0.343
1898,0.284,0.284,0.284,0.0,0.266,0.414,0.321,0.336
1899,0.264,0.264,0.264,0.0,0.565,0.405,0.324,0.332
1900,0.254,0.254,0.254,0.0,0.461,0.402,0.335,0.332
1901,0.274,0.274,0.274,0.0,0.036,0.407,0.368,0.337
1902,0.736,0.736,0.736,0.0,0.003,0.429,0.414,0.355
1903,0.764,0.764,0.764,0.53,0.0,0.466,0.428,0.358
1904,0.754,0.754,0.754,0.766,0.024,0.509,0.418,0.368
1905,0.754,0.754,0.754,0.872,0.034,0.548,0.403,0.379
1906,0.764,0.764,0.764,0.903,0.0,0.582,0.398,0.388
1907,0.774,0.774,0.774,0.519,0.0,0.596,0.393,0.389
1908,0.774,0.774,0.774,0.382,0.0,0.6,0.391,0.389
1909,0.774,0.774,0.774,0.479,0.0,0.601,0.385,0.389
1910,0.774,0.774,0.774,0.817,0.0,0.597,0.382,0.384
1911,0.764,0.764,0.764,0.121,0.0,0.585,0.38,0.378
1912,0.784,0.784,0.784,0.051,0.003,0.574,0.38,0.374
1913,0.764,0.764,0.764,0.276,0.0,0.569,0.382,0.374
1914,0.764,0.764,0.764,0.0,0.018,0.575,0.394,0.395
1915,0.65,0.65,0.65,0.0,0.0,0.612,0.416,0.452
1916,0.528,0.528,0.528,0.0,0.0,0.612,0.409,0.454
1917,0.51,0.51,0.51,0.0,0.005,0.583,0.397,0.443
1918,0.482,0.482,0.482,0.0,0.055,0.549,0.372,0.421
1919,0.254,0.254,0.254,0.0,0.126,0.509,0.343,0.394
1920,0.254,0.254,0.254,0.0,0.222,0.47,0.328,0.368
1921,0.254,0.254,0.254,0.0,0.125,0.436,0.322,0.35
1922,0.264,0.264,0.264,0.0,0.058,0.419,0.316,0.341
1923,0.254,0.254,0.254,0.0,0.106,0.407,0.315,0.337
1924,0.264,0.264,0.264,0.0,0.16,0.407,0.319,0.335
1925,0.254,0.254,0.254,0.0,0.047,0.407,0.33,0.337
1926,0.264,0.264,0.264,0.0,0.041,0.418,0.35,0.343
1927,0.264,0.264,0.264,0.448,0.088,0.421,0.365,0.331
1928,0.264,0.264,0.264,0.788,0.138,0.44,0.38,0.334
1929,0.51,0.51,0.51,0.905,0.165,0.469,0.39,0.343
1930,0.518,0.518,0.518,0.929,0.088,0.494,0.389,0.353
1931,0.518,0.518,0.518,0.859,0.071,0.505,0.386,0.357
1932,0.538,0.538,0.538,0.265,0.065,0.509,0.378,0.358
1933,0.774,0.774,0.774,0.128,0.007,0.503,0.368,0.355
1934,0.754,0.754,0.754,0.066,0.01,0.49,0.361,0.353
1935,0.774,0.774,0.774,0.196,0.055,0.479,0.359,0.349
1936,0.754,0.754,0.754,0.435,0.047,0.466,0.36,0.347
1937,0.774,0.774,0.774,0.327,0.102,0.461,0.369,0.352
1938,0.68,0.68,0.68,0.0,0.067,0.483,0.387,0.382
1939,0.462,0.462,0.462,0.0,0.022,0.53,0.417,0.44
1940,0.264,0.264,0.264,0.0,0.028,0.533,0.41,0.442
1941,0.254,0.254,0.254,0.0,0.073,0.523,0.393,0.433
1942,0.254,0.254,0.254,0.0,0.18,0.502,0.37,0.414
1943,0.254,0.254,0.254,0.0,0.087,0.476,0.348,0.391
1944,0.254,0.254,0.254,0.0,0.139,0.447,0.337,0.367
1945,0.246,0.246,0.246,0.0,0.051,0.422,0.335,0.351
1946,0.254,0.254,0.254,0.0,0.041,0.407,0.333,0.343
1947,0.264,0.264,0.264,0.0,0.046,0.399,0.334,0.338
1948,0.264,0.264,0.264,0.0,0.117,0.395,0.337,0.339
1949,0.264,0.264,0.264,0.0,0.131,0.395,0.347,0.34
1950,0.264,0.264,0.264,0.0,0.122,0.399,0.365,0.346
1951,0.378,0.378,0.378,0.525,0.134,0.396,0.379,0.339
1952,0.51,0.51,0.51,0.587,0.113,0.405,0.402,0.345
1953,0.51,0.51,0.51,0.662,0.138,0.421,0.415,0.357
1954,0.518,0.518,0.518,0.574,0.079,0.435,0.416,0.365
1955,0.51,0.51,0.51,0.077,0.084,0.445,0.407,0.362
1956,0.518,0.518,0.518,0.34,0.071,0.45,0.398,0.361
1957,0.774,0.774,0.774,0.135,0.049,0.449,0.392,0.36
1958,0.774,0.774,0.774,0.536,0.067,0.447,0.388,0.357
1959,0.774,0.774,0.774,0.94,0.045,0.444,0.39,0.353
1960,0.774,0.774,0.774,0.521,0.009,0.443,0.396,0.35
1961,0.764,0.764,0.764,0.629,0.001,0.447,0.409,0.353
1962,0.746,0.746,0.746,0.0,0.047,0.466,0.434,0.377
1963,0.736,0.736,0.736,0.0,0.014,0.525,0.463,0.43
1964,0.746,0.746,0.746,0.0,0.0,0.541,0.462,0.436
1965,0.754,0.754,0.754,0.0,0.007,0.533,0.439,0.427
1966,0.736,0.736,0.736,0.0,0.047,0.51,0.401,0.405
1967,0.614,0.614,0.614,0.0,0.005,0.474,0.369,0.382
1968,0.264,0.264,0.264,0.0,0.0,0.442,0.354,0.359
1969,0.254,0.254,0.254,0.0,0.0,0.413,0.348,0.347
1970,0.254,0.254,0.254,0.0,0.0,0.401,0.345,0.341
1971,0.264,0.264,0.264,0.0,0.005,0.394,0.346,0.34
1972,0.264,0.264,0.264,0.0,0.123,0.393,0.363,0.343
1973,0.284,0.284,0.284,0.0,0.147,0.398,0.401,0.353
1974,0.518,0.518,0.518,0.0,0.239,0.423,0.452,0.375
1975,0.528,0.528,0.528,0.45,0.268,0.46,0.465,0.378
1976,0.764,0.764,0.764,0.79,0.309,0.501,0.449,0.389
1977,0.774,0.774,0.774,0.934,0.289,0.537,0.434,0.395
1978,0.764,0.764,0.764,0.965,0.145,0.565,0.422,0.395
1979,0.774,0.774,0.774,0.967,0.119,0.58,0.413,0.387
1980,0.764,0.764,0.764,0.976,0.051,0.589,0.403,0.382
1981,0.764,0.764,0.764,0.956,0.017,0.586,0.396,0.38
1982,0.774,0.774,0.774,0.951,0.015,0.583,0.392,0.378
1983,0.764,0.764,0.764,0.932,0.011,0.575,0.389,0.373
1984,0.764,0.764,0.764,0.852,0.003,0.568,0.388,0.368
1985,0.774,0.774,0.774,0.62,0.007,0.559,0.4,0.373
1986,0.764,0.764,0.764,0.0,0.015,0.581,0.422,0.402
1987,0.774,0.774,0.774,0.0,0.053,0.634,0.454,0.469
1988,0.774,0.774,0.774,0.0,0.042,0.637,0.447,0.477
1989,0.774,0.774,0.774,0.0,0.018,0.612,0.429,0.455
1990,0.774,0.774,0.774,0.0,0.0,0.575,0.392,0.423
1991,0.784,0.784,0.784,0.0,0.001,0.514,0.359,0.387
1992,0.774,0.774,0.774,0.0,0.004,0.469,0.344,0.356
1993,0.358,0.358,0.358,0.0,0.171,0.437,0.338,0.342
1994,0.32,0.32,0.32,0.0,0.223,0.417,0.337,0.335
1995,0.32,0.32,0.32,0.0,0.159,0.41,0.342,0.332
1996,0.312,0.312,0.312,0.0,0.046,0.407,0.357,0.333
1997,0.312,0.312,0.312,0.0,0.153,0.415,0.393,0.339
1998,0.726,0.726,0.726,0.0,0.118,0.437,0.44,0.362
1999,0.774,0.774,0.774,0.521,0.088,0.477,0.449,0.384
2000,0.784,0.784,0.784,0.832,0.039,0.515,0.434,0.388
2001,0.774,0.774,0.774,0.949,0.022,0.551,0.417,0.395
2002,0.774,0.774,0.774,0.98,0.016,0.574,0.412,0.4
2003,0.764,0.764,0.764,0.98,0.001,0.584,0.406,0.392
2004,0.746,0.746,0.746,0.971,0.0,0.591,0.402,0.392
2005,0.754,0.754,0.754,0.967,0.015,0.587,0.402,0.402
2006,0.764,0.764,0.764,0.943,0.036,0.584,0.404,0.396
2007,0.754,0.754,0.754,0.929,0.066,0.576,0.408,0.389
2008,0.754,0.754,0.754,0.834,0.017,0.567,0.408,0.379
2009,0.754,0.754,0.754,0.614,0.022,0.561,0.413,0.383
2010,0.746,0.746,0.746,0.0,0.479,0.562,0.438,0.405
2011,0.774,0.774,0.774,0.0,0.278,0.615,0.473,0.487
2012,0.754,0.754,0.754,0.0,0.231,0.626,0.465,0.497
2013,0.764,0.764,0.764,0.0,0.313,0.601,0.448,0.477
2014,0.754,0.754,0.754,0.0,0.392,0.562,0.414,0.44
2015,0.754,0.754,0.754,0.0,0.58,0.515,0.381,0.398
2016,0.764,0.764,0.764,0.0,0.555,0.466,0.371,0.367
2017,0.556,0.556,0.556,0.0,0.728,0.438,0.37,0.351
2018,0.518,0.518,0.518,0.0,0.891,0.418,0.368,0.346
2019,0.518,0.518,0.518,0.0,0.845,0.41,0.374,0.344
2020,0.51,0.51,0.51,0.0,0.805,0.405,0.387,0.347
2021,0.518,0.518,0.518,0.0,0.561,0.409,0.43,0.358
2022,0.518,0.518,0.518,0.0,0.444,0.434,0.487,0.38
2023,0.538,0.538,0.538,0.583,0.388,0.473,0.489,0.389
2024,0.774,0.774,0.774,0.792,0.624,0.512,0.463,0.388
2025,0.774,0.774,0.774,0.834,0.43,0.544,0.434,0.386
2026,0.774,0.774,0.774,0.848,0.145,0.564,0.418,0.384
2027,0.774,0.774,0.774,0.892,0.115,0.58,0.404,0.38
2028,0.764,0.764,0.764,0.896,0.116,0.583,0.394,0.377
2029,0.784,0.784,0.784,0.834,0.073,0.583,0.387,0.375
2030,0.764,0.764,0.764,0.834,0.028,0.583,0.382,0.373
2031,0.774,0.774,0.774,0.892,0.007,0.58,0.377,0.368
2032,0.774,0.774,0.774,0.781,0.0,0.568,0.38,0.363
2033,0.736,0.736,0.736,0.576,0.002,0.56,0.383,0.365
2034,0.736,0.736,0.736,0.0,0.033,0.559,0.402,0.382
2035,0.754,0.754,0.754,0.0,0.036,0.603,0.439,0.445
2036,0.764,0.764,0.764,0.0,0.213,0.607,0.432,0.451
2037,0.754,0.754,0.754,0.0,0.538,0.587,0.419,0.437
2038,0.462,0.462,0.462,0.0,0.413,0.545,0.386,0.408
2039,0.312,0.312,0.312,0.0,0.153,0.498,0.355,0.372
2040,0.292,0.292,0.292,0.0,0.368,0.452,0.34,0.346
2041,0.264,0.264,0.264,0.0,0.344,0.424,0.335,0.335
2042,0.254,0.254,0.254,0.0,0.484,0.408,0.334,0.33
2043,0.264,0.264,0.264,0.0,0.653,0.4,0.339,0.327
2044,0.51,0.51,0.51,0.0,0.858,0.397,0.354,0.328
2045,0.518,0.518,0.518,0.0,0.896,0.402,0.391,0.336
2046,0.754,0.754,0.754,0.0,0.767,0.422,0.435,0.353
2047,0.774,0.774,0.774,0.539,0.693,0.459,0.443,0.362
2048,0.774,0.774,0.774,0.753,0.631,0.499,0.425,0.367
2049,0.774,0.774,0.774,0.912,0.428,0.536,0.409,0.37
2050,0.774,0.774,0.774,0.892,0.084,0.56,0.401,0.375
2051,0.774,0.774,0.774,0.874,0.1,0.584,0.395,0.377
2052,0.764,0.764,0.764,0.863,0.084,0.597,0.392,0.378
2053,0.774,0.774,0.774,0.865,0.044,0.601,0.39,0.38
2054,0.736,0.736,0.736,0.861,0.045,0.607,0.39,0.378
2055,0.746,0.746,0.746,0.83,0.045,0.608,0.388,0.375
2056,0.764,0.764,0.764,0.784,0.038,0.599,0.392,0.372
2057,0.642,0.642,0.642,0.578,0.08,0.583,0.391,0.372
2058,0.482,0.482,0.482,0.0,0.281,0.571,0.403,0.386
2059,0.482,0.482,0.482,0.0,0.177,0.603,0.435,0.447
2060,0.462,0.462,0.462,0.0,0.043,0.611,0.427,0.453
2061,0.264,0.264,0.264,0.0,0.813,0.577,0.409,0.436
2062,0.264,0.264,0.264,0.0,0.944,0.534,0.378,0.404
2063,0.188,0.188,0.188,0.0,0.962,0.485,0.345,0.368
2064,0.236,0.236,0.236,0.0,0.888,0.446,0.326,0.343
2065,0.246,0.246,0.246,0.0,0.936,0.416,0.321,0.33
2066,0.264,0.264,0.264,0.0,0.802,0.402,0.318,0.325
2067,0.274,0.274,0.274,0.0,0.788,0.39,0.318,0.322
2068,0.518,0.518,0.518,0.0,0.842,0.389,0.329,0.322
2069,0.518,0.518,0.518,0.0,0.763,0.392,0.357,0.328
2070,0.736,0.736,0.736,0.0,0.68,0.41,0.395,0.34
2071,0.774,0.774,0.774,0.581,0.666,0.443,0.407,0.346
2072,0.774,0.774,0.774,0.773,0.801,0.484,0.405,0.356
2073,0.774,0.774,0.774,0.839,0.829,0.523,0.4,0.364
2074,0.774,0.774,0.774,0.861,0.808,0.556,0.398,0.372
2075,0.774,0.774,0.774,0.828,0.752,0.582,0.395,0.377
2076,0.774,0.774,0.774,0.876,0.348,0.599,0.395,0.38
2077,0.774,0.774,0.774,0.852,0.205,0.608,0.394,0.383
2078,0.764,0.764,0.764,0.845,0.138,0.617,0.395,0.384
2079,0.784,0.784,0.784,0.85,0.227,0.609,0.393,0.384
2080,0.754,0.754,0.754,0.775,0.285,0.596,0.394,0.379
2081,0.51,0.51,0.51,0.583,0.252,0.575,0.394,0.377
2082,0.434,0.434,0.434,0.0,0.082,0.56,0.402,0.392
2083,0.246,0.246,0.246,0.0,0.045,0.587,0.425,0.446
2084,0.246,0.246,0.246,0.0,0.048,0.584,0.415,0.444
2085,0.254,0.254,0.254,0.0,0.016,0.557,0.4,0.428
2086,0.246,0.246,0.246,0.0,0.483,0.522,0.374,0.402
2087,0.246,0.246,0.246,0.0,0.572,0.478,0.345,0.376
2088,0.18,0.18,0.18,0.0,0.715,0.441,0.325,0.352
2089,0.254,0.254,0.254,0.0,0.726,0.414,0.317,0.335
2090,0.254,0.254,0.254,0.0,0.427,0.398,0.312,0.328
2091,0.264,0.264,0.264,0.0,0.078,0.39,0.311,0.324
2092,0.254,0.254,0.254,0.0,0.083,0.387,0.314,0.323
2093,0.264,0.264,0.264,0.0,0.074,0.386,0.327,0.324
2094,0.254,0.254,0.254,0.0,0.235,0.391,0.342,0.326
2095,0.34,0.34,0.34,0.475,0.178,0.395,0.356,0.321
2096,0.5,0.5,0.5,0.605,0.115,0.416,0.371,0.327
2097,0.51,0.51,0.51,0.744,0.119,0.446,0.378,0.338
2098,0.518,0.518,0.518,0.812,0.092,0.468,0.384,0.353
2099,0.518,0.518,0.518,0.691,0.018,0.487,0.382,0.356
2100,0.51,0.51,0.51,0.205,0.063,0.491,0.381,0.358
2101,0.528,0.528,0.528,0.448,0.119,0.488,0.38,0.362
2102,0.51,0.51,0.51,0.53,0.08,0.482,0.379,0.361
2103,0.51,0.51,0.51,0.232,0.068,0.474,0.38,0.358
2104,0.528,0.528,0.528,0.448,0.117,0.465,0.386,0.359
2105,0.726,0.726,0.726,0.417,0.193,0.465,0.389,0.362
2106,0.604,0.604,0.604,0.0,0.005,0.481,0.401,0.378
2107,0.594,0.594,0.594,0.0,0.051,0.524,0.42,0.433
2108,0.584,0.584,0.584,0.0,0.347,0.533,0.413,0.434
2109,0.358,0.358,0.358,0.0,0.258,0.513,0.393,0.418
2110,0.218,0.218,0.218,0.0,0.553,0.491,0.368,0.396
2111,0.084,0.084,0.084,0.0,0.618,0.461,0.341,0.377
2112,0.076,0.076,0.076,0.0,0.537,0.434,0.321,0.354
2113,0.33,0.33,0.33,0.0,0.645,0.411,0.31,0.337
2114,0.34,0.34,0.34,0.0,0.697,0.4,0.304,0.329
2115,0.358,0.358,0.358,0.0,0.743,0.391,0.301,0.324
2116,0.528,0.528,0.528,0.0,0.819,0.391,0.303,0.322
2117,0.774,0.774,0.774,0.0,0.835,0.39,0.307,0.323
2118,0.784,0.784,0.784,0.0,0.881,0.387,0.314,0.322
2119,0.764,0.764,0.764,0.587,0.86,0.385,0.326,0.317
2120,0.792,0.792,0.792,0.788,0.773,0.392,0.344,0.324
2121,0.774,0.774,0.774,0.879,0.632,0.406,0.355,0.335
2122,0.784,0.784,0.784,0.94,0.583,0.423,0.367,0.346
2123,0.764,0.764,0.764,0.947,0.707,0.439,0.37,0.348
2124,0.792,0.792,0.792,0.934,0.662,0.449,0.372,0.352
2125,0.774,0.774,0.774,0.936,0.444,0.451,0.373,0.353
2126,0.774,0.774,0.774,0.916,0.263,0.451,0.373,0.354
2127,0.774,0.774,0.774,0.876,0.415,0.448,0.374,0.354
2128,0.774,0.774,0.774,0.781,0.554,0.445,0.379,0.354
2129,0.754,0.754,0.754,0.6,0.279,0.446,0.387,0.356
2130,0.764,0.764,0.764,0.0,0.228,0.456,0.404,0.368
2131,0.66,0.66,0.66,0.0,0.2,0.506,0.432,0.423
2132,0.518,0.518,0.518,0.0,0.171,0.522,0.424,0.426
2133,0.528,0.528,0.528,0.0,0.17,0.514,0.402,0.413
2134,0.386,0.386,0.386,0.0,0.055,0.488,0.369,0.391
2135,0.264,0.264,0.264,0.0,0.069,0.453,0.335,0.368
2136,0.254,0.254,0.254,0.0,0.145,0.425,0.319,0.345
2137,0.254,0.254,0.254,0.0,0.176,0.402,0.311,0.332
2138,0.264,0.264,0.264,0.0,0.117,0.39,0.306,0.327
2139,0.284,0.284,0.284,0.0,0.061,0.385,0.306,0.325
2140,0.51,0.51,0.51,0.0,0.005,0.383,0.314,0.326
2141,0.65,0.65,0.65,0.0,0.004,0.387,0.339,0.331
2142,0.774,0.774,0.774,0.0,0.016,0.403,0.381,0.343
2143,0.774,0.774,0.774,0.252,0.007,0.438,0.4,0.346
2144,0.784,0.784,0.784,0.139,0.0,0.482,0.405,0.359
2145,0.764,0.764,0.764,0.38,0.0,0.519,0.406,0.373
2146,0.784,0.784,0.784,0.322,0.0,0.548,0.409,0.383
2147,0.774,0.774,0.774,0.413,0.0,0.569,0.409,0.387
2148,0.784,0.784,0.784,0.424,0.003,0.58,0.408,0.394
2149,0.764,0.764,0.764,0.706,0.021,0.58,0.407,0.399
2150,0.764,0.764,0.764,0.331,0.015,0.582,0.407,0.4
2151,0.764,0.764,0.764,0.119,0.01,0.576,0.407,0.396
2152,0.746,0.746,0.746,0.839,0.007,0.561,0.411,0.394
2153,0.736,0.736,0.736,0.627,0.013,0.554,0.414,0.393
2154,0.746,0.746,0.746,0.0,0.038,0.562,0.425,0.409
2155,0.764,0.764,0.764,0.0,0.053,0.596,0.452,0.472
2156,0.764,0.764,0.764,0.0,0.058,0.6,0.442,0.474
2157,0.784,0.784,0.784,0.0,0.347,0.575,0.424,0.454
2158,0.378,0.378,0.378,0.0,0.617,0.533,0.381,0.419
2159,0.32,0.32,0.32,0.0,0.324,0.483,0.345,0.385
2160,0.246,0.246,0.246,0.0,0.14,0.44,0.326,0.354
2161,0.254,0.254,0.254,0.0,0.094,0.412,0.316,0.337
2162,0.254,0.254,0.254,0.0,0.024,0.401,0.311,0.329
2163,0.246,0.246,0.246,0.0,0.059,0.395,0.31,0.326
2164,0.274,0.274,0.274,0.0,0.032,0.391,0.317,0.325
2165,0.528,0.528,0.528,0.0,0.028,0.396,0.343,0.33
2166,0.764,0.764,0.764,0.0,0.543,0.416,0.383,0.343
2167,0.792,0.792,0.792,0.245,0.322,0.452,0.399,0.354
2168,0.764,0.764,0.764,0.146,0.306,0.498,0.402,0.37
2169,0.784,0.784,0.784,0.861,0.289,0.54,0.404,0.384
2170,0.764,0.764,0.764,0.965,0.069,0.568,0.407,0.393
2171,0.792,0.792,0.792,0.373,0.057,0.593,0.404,0.391
2172,0.764,0.764,0.764,1.0,0.046,0.607,0.405,0.394
2173,0.754,0.754,0.754,0.249,0.076,0.611,0.402,0.396
2174,0.774,0.774,0.774,0.177,0.21,0.613,0.4,0.394
2175,0.764,0.764,0.764,0.201,0.115,0.614,0.398,0.392
2176,0.774,0.774,0.774,0.159,0.054,0.62,0.401,0.389
2177,0.754,0.754,0.754,0.004,0.086,0.633,0.406,0.401
2178,0.736,0.736,0.736,0.0,0.012,0.652,0.415,0.425
2179,0.754,0.754,0.754,0.0,0.029,0.666,0.443,0.469
2180,0.726,0.726,0.726,0.0,0.106,0.652,0.437,0.47
2181,0.584,0.584,0.584,0.0,0.082,0.616,0.416,0.445
2182,0.528,0.528,0.528,0.0,0.013,0.568,0.38,0.418
2183,0.518,0.518,0.518,0.0,0.002,0.509,0.344,0.382
2184,0.5,0.5,0.5,0.0,0.067,0.463,0.326,0.353
2185,0.264,0.264,0.264,0.0,0.013,0.413,0.336,0.357
2186,0.254,0.254,0.254,0.0,0.0,0.403,0.333,0.354
2187,0.254,0.254,0.254,0.0,0.0,0.396,0.331,0.352
2188,0.246,0.246,0.246,0.0,0.007,0.394,0.339,0.353
2189,0.254,0.254,0.254,0.0,0.032,0.395,0.362,0.357
2190,0.5,0.5,0.5,0.0,0.086,0.409,0.396,0.364
2191,0.774,0.774,0.774,0.647,0.217,0.444,0.414,0.371
2192,0.774,0.774,0.774,0.87,0.347,0.494,0.418,0.384
2193,0.774,0.774,0.774,0.938,0.22,0.541,0.417,0.395
2194,0.774,0.774,0.774,0.823,0.078,0.578,0.42,0.395
2195,0.792,0.792,0.792,0.843,0.025,0.608,0.422,0.394
2196,0.746,0.746,0.746,0.671,0.022,0.616,0.421,0.395
2197,0.604,0.604,0.604,0.506,0.038,0.612,0.423,0.393
2198,0.518,0.518,0.518,0.541,0.059,0.606,0.422,0.392
2199,0.528,0.528,0.528,0.417,0.091,0.598,0.417,0.388
2200,0.518,0.518,0.518,0.861,0.092,0.58,0.414,0.385
2201,0.51,0.51,0.51,0.64,0.047,0.567,0.42,0.385
2202,0.66,0.66,0.66,0.0,0.033,0.567,0.431,0.395
2203,0.584,0.584,0.584,0.0,0.133,0.637,0.461,0.452
2204,0.604,0.604,0.604,0.0,0.673,0.658,0.452,0.462
2205,0.584,0.584,0.584,0.0,0.258,0.622,0.432,0.448
2206,0.51,0.51,0.51,0.0,0.55,0.558,0.392,0.422
2207,0.51,0.51,0.51,0.0,0.717,0.486,0.359,0.393
2208,0.264,0.264,0.264,0.0,0.459,0.435,0.343,0.371
2209,0.246,0.246,0.246,0.0,0.49,0.408,0.336,0.36
2210,0.254,0.254,0.254,0.0,0.514,0.398,0.333,0.356
2211,0.254,0.254,0.254,0.0,0.554,0.393,0.333,0.354
2212,0.246,0.246,0.246,0.0,0.581,0.392,0.342,0.354
2213,0.302,0.302,0.302,0.0,0.826,0.394,0.369,0.359
2214,0.51,0.51,0.51,0.0,0.823,0.404,0.406,0.365
2215,0.51,0.51,0.51,0.561,0.84,0.439,0.424,0.371
2216,0.528,0.528,0.528,0.759,0.886,0.491,0.417,0.378
2217,0.764,0.764,0.764,0.868,0.723,0.542,0.41,0.386
2218,0.784,0.784,0.784,0.85,0.644,0.577,0.411,0.391
2219,0.754,0.754,0.754,0.852,0.359,0.606,0.408,0.393
2220,0.764,0.764,0.764,0.868,0.486,0.621,0.406,0.394
2221,0.764,0.764,0.764,0.865,0.399,0.618,0.407,0.392
2222,0.754,0.754,0.754,0.799,0.151,0.617,0.404,0.393
2223,0.774,0.774,0.774,0.94,0.056,0.602,0.401,0.39
2224,0.764,0.764,0.764,0.872,0.0,0.584,0.403,0.388
2225,0.764,0.764,0.764,0.64,0.0,0.568,0.406,0.388
2226,0.754,0.754,0.754,0.0,0.01,0.57,0.417,0.4
2227,0.764,0.764,0.764,0.0,0.105,0.631,0.451,0.453
2228,0.754,0.754,0.754,0.0,0.051,0.648,0.446,0.456
2229,0.774,0.774,0.774,0.0,0.014,0.615,0.428,0.443
2230,0.764,0.764,0.764,0.0,0.027,0.552,0.391,0.414
2231,0.584,0.584,0.584,0.0,0.024,0.48,0.358,0.383
2232,0.49,0.49,0.49,0.0,0.073,0.434,0.343,0.363
2233,0.5,0.5,0.5,0.0,0.462,0.406,0.336,0.354
2234,0.5,0.5,0.5,0.0,0.736,0.397,0.333,0.35
2235,0.5,0.5,0.5,0.0,0.78,0.393,0.334,0.348
2236,0.51,0.51,0.51,0.0,0.69,0.391,0.341,0.348
2237,0.518,0.518,0.518,0.0,0.942,0.393,0.363,0.35
2238,0.51,0.51,0.51,0.0,0.964,0.403,0.4,0.355
2239,0.632,0.632,0.632,0.225,0.977,0.433,0.41,0.359
2240,0.65,0.65,0.65,0.157,0.709,0.486,0.411,0.37
2241,0.716,0.716,0.716,0.17,0.546,0.545,0.409,0.377
2242,0.774,0.774,0.774,0.517,0.432,0.583,0.412,0.383
2243,0.774,0.774,0.774,0.472,0.398,0.609,0.412,0.386
2244,0.784,0.784,0.784,0.225,0.192,0.611,0.409,0.39
2245,0.764,0.764,0.764,0.565,0.07,0.604,0.408,0.393
2246,0.774,0.774,0.774,0.651,0.063,0.597,0.405,0.391
2247,0.774,0.774,0.774,0.514,0.067,0.594,0.402,0.389
2248,0.774,0.774,0.774,0.287,0.053,0.572,0.402,0.384
2249,0.774,0.774,0.774,0.119,0.033,0.57,0.406,0.384
2250,0.774,0.774,0.774,0.0,0.001,0.589,0.416,0.395
2251,0.68,0.68,0.68,0.0,0.0,0.638,0.435,0.446
2252,0.642,0.642,0.642,0.0,0.0,0.634,0.429,0.448
2253,0.51,0.51,0.51,0.0,0.012,0.593,0.415,0.435
2254,0.49,0.49,0.49,0.0,0.038,0.543,0.389,0.416
2255,0.254,0.254,0.254,0.0,0.029,0.477,0.361,0.393
2256,0.254,0.254,0.254,0.0,0.182,0.432,0.344,0.373
2257,0.254,0.254,0.254,0.0,0.343,0.411,0.336,0.361
2258,0.254,0.254,0.254,0.0,0.633,0.399,0.332,0.356
2259,0.254,0.254,0.254,0.0,0.69,0.391,0.33,0.353
2260,0.254,0.254,0.254,0.0,0.766,0.39,0.331,0.352
2261,0.254,0.254,0.254,0.0,0.695,0.39,0.34,0.353
2262,0.254,0.254,0.254,0.0,0.455,0.392,0.349,0.352
2263,0.264,0.264,0.264,0.53,0.362,0.394,0.362,0.35
2264,0.33,0.33,0.33,0.715,0.368,0.408,0.379,0.354
2265,0.35,0.35,0.35,0.011,0.452,0.436,0.391,0.363
2266,0.764,0.764,0.764,0.329,0.48,0.462,0.396,0.373
2267,0.774,0.774,0.774,0.236,0.427,0.483,0.392,0.373
2268,0.784,0.784,0.784,0.212,0.976,0.493,0.388,0.373
2269,0.764,0.764,0.764,0.241,1.0,0.472,0.383,0.372
2270,0.774,0.774,0.774,0.812,1.0,0.457,0.381,0.369
2271,0.774,0.774,0.774,0.916,1.0,0.445,0.38,0.368
2272,0.774,0.774,0.774,0.773,1.0,0.437,0.381,0.367
2273,0.774,0.774,0.774,0.587,0.986,0.432,0.387,0.367
2274,0.774,0.774,0.774,0.0,0.195,0.448,0.393,0.375
2275,0.774,0.774,0.774,0.0,0.189,0.534,0.42,0.419
2276,0.754,0.754,0.754,0.0,0.368,0.556,0.417,0.425
2277,0.302,0.302,0.302,0.0,0.524,0.531,0.401,0.414
2278,0.254,0.254,0.254,0.0,0.694,0.484,0.377,0.401
2279,0.254,0.254,0.254,0.0,0.422,0.444,0.353,0.385
2280,0.254,0.254,0.254,0.0,0.184,0.417,0.339,0.37
2281,0.32,0.32,0.32,0.0,0.131,0.4,0.331,0.359
2282,0.33,0.33,0.33,0.0,0.065,0.391,0.327,0.354
2283,0.51,0.51,0.51,0.0,0.223,0.389,0.326,0.351
2284,0.528,0.528,0.528,0.0,0.05,0.388,0.327,0.351
2285,0.774,0.774,0.774,0.0,0.054,0.389,0.334,0.353
2286,0.774,0.774,0.774,0.0,0.041,0.389,0.34,0.352
2287,0.784,0.784,0.784,0.614,0.083,0.389,0.35,0.349
2288,0.774,0.774,0.774,0.799,0.062,0.392,0.363,0.352
2289,0.774,0.774,0.774,0.832,0.189,0.401,0.372,0.359
2290,0.774,0.774,0.774,0.876,0.233,0.413,0.378,0.362
2291,0.774,0.774,0.774,0.857,0.066,0.42,0.38,0.367
2292,0.774,0.774,0.774,0.834,0.069,0.42,0.38,0.371
2293,0.764,0.764,0.764,0.841,0.086,0.423,0.381,0.372
2294,0.754,0.754,0.754,0.841,0.133,0.424,0.381,0.372
2295,0.746,0.746,0.746,0.896,0.131,0.42,0.385,0.373
2296,0.754,0.754,0.754,0.801,0.293,0.419,0.392,0.374
2297,0.774,0.774,0.774,0.592,0.351,0.42,0.399,0.375
2298,0.764,0.764,0.764,0.0,0.21,0.438,0.409,0.383
2299,0.764,0.764,0.764,0.0,0.025,0.51,0.445,0.428
2300,0.538,0.538,0.538,0.0,0.067,0.544,0.439,0.43
2301,0.518,0.518,0.518,0.0,0.376,0.517,0.413,0.413
2302,0.51,0.51,0.51,0.0,0.717,0.461,0.382,0.394
2303,0.528,0.528,0.528,0.0,0.727,0.415,0.351,0.37
2304,0.34,0.34,0.34,0.0,0.837,0.396,0.336,0.357
2305,0.51,0.51,0.51,0.0,0.454,0.389,0.329,0.35
2306,0.518,0.518,0.518,0.0,0.21,0.388,0.326,0.348
2307,0.518,0.518,0.518,0.0,0.139,0.388,0.326,0.348
2308,0.51,0.51,0.51,0.0,0.414,0.388,0.333,0.35
2309,0.784,0.784,0.784,0.0,0.092,0.394,0.357,0.357
2310,0.774,0.774,0.774,0.0,0.135,0.424,0.39,0.366
2311,0.774,0.774,0.774,0.278,0.406,0.459,0.41,0.37
2312,0.774,0.774,0.774,0.113,0.34,0.498,0.413,0.38
2313,0.774,0.774,0.774,0.294,0.238,0.541,0.413,0.391
2314,0.774,0.774,0.774,0.883,0.136,0.579,0.424,0.399
2315,0.746,0.746,0.746,0.907,0.129,0.599,0.43,0.408
2316,0.726,0.726,0.726,0.762,0.221,0.608,0.438,0.418
2317,0.764,0.764,0.764,0.424,0.194,0.607,0.445,0.423
2318,0.764,0.764,0.764,0.093,0.057,0.605,0.453,0.393
2319,0.764,0.764,0.764,0.252,0.037,0.596,0.457,0.43
2320,0.764,0.764,0.764,0.002,0.138,0.582,0.46,0.428
2321,0.764,0.764,0.764,0.0,0.159,0.582,0.454,0.422
2322,0.66,0.66,0.66,0.0,0.427,0.567,0.466,0.437
2323,0.764,0.764,0.764,0.0,0.657,0.644,0.495,0.484
2324,0.754,0.754,0.754,0.0,0.214,0.646,0.487,0.479
2325,0.518,0.518,0.518,0.0,0.115,0.567,0.461,0.45
2326,0.51,0.51,0.51,0.0,0.125,0.507,0.413,0.415
2327,0.51,0.51,0.51,0.0,0.438,0.435,0.373,0.381
2328,0.35,0.35,0.35,0.0,0.211,0.406,0.353,0.364
2329,0.51,0.51,0.51,0.0,0.461,0.394,0.343,0.356
2330,0.528,0.528,0.528,0.0,0.278,0.39,0.337,0.352
2331,0.51,0.51,0.51,0.0,0.316,0.389,0.336,0.351
2332,0.51,0.51,0.51,0.0,0.175,0.389,0.342,0.353
2333,0.632,0.632,0.632,0.0,0.107,0.396,0.362,0.361
2334,0.764,0.764,0.764,0.0,0.071,0.433,0.391,0.371
2335,0.784,0.784,0.784,0.139,0.146,0.481,0.408,0.374
2336,0.764,0.764,0.764,0.625,0.165,0.533,0.414,0.387
2337,0.764,0.764,0.764,0.89,0.054,0.582,0.42,0.401
2338,0.764,0.764,0.764,0.96,0.005,0.623,0.427,0.409
2339,0.784,0.784,0.784,0.956,0.0,0.647,0.434,0.423
2340,0.764,0.764,0.764,0.731,0.0,0.652,0.441,0.428
2341,0.774,0.774,0.774,0.982,0.0,0.645,0.441,0.434
2342,0.774,0.774,0.774,0.962,0.028,0.641,0.444,0.436
2343,0.774,0.774,0.774,0.26,0.03,0.628,0.441,0.435
2344,0.784,0.784,0.784,0.832,0.003,0.621,0.44,0.436
2345,0.764,0.764,0.764,0.627,0.002,0.608,0.442,0.432
2346,0.784,0.784,0.784,0.0,0.001,0.608,0.45,0.436
2347,0.708,0.708,0.708,0.0,0.0,0.679,0.477,0.488
2348,0.528,0.528,0.528,0.0,0.0,0.683,0.476,0.491
2349,0.5,0.5,0.5,0.0,0.059,0.603,0.453,0.458
2350,0.482,0.482,0.482,0.0,0.086,0.516,0.408,0.415
2351,0.51,0.51,0.51,0.0,0.02,0.438,0.371,0.384
2352,0.51,0.51,0.51,0.0,0.055,0.414,0.354,0.364
2353,0.518,0.518,0.518,0.0,0.13,0.397,0.343,0.355
2354,0.51,0.51,0.51,0.0,0.128,0.392,0.338,0.351
2355,0.518,0.518,0.518,0.0,0.154,0.39,0.337,0.349
2356,0.51,0.51,0.51,0.0,0.1,0.391,0.342,0.35
2357,0.556,0.556,0.556,0.0,0.091,0.404,0.365,0.358
2358,0.764,0.764,0.764,0.0,0.145,0.445,0.397,0.369
2359,0.792,0.792,0.792,0.634,0.153,0.497,0.415,0.371
2360,0.764,0.764,0.764,0.848,0.243,0.533,0.424,0.379
2361,0.774,0.774,0.774,0.457,0.346,0.577,0.421,0.389
2362,0.774,0.774,0.774,0.506,0.129,0.61,0.415,0.397
2363,0.764,0.764,0.764,0.177,0.093,0.624,0.412,0.398
2364,0.784,0.784,0.784,0.141,0.049,0.612,0.411,0.398
2365,0.764,0.764,0.764,0.068,0.013,0.605,0.414,0.397
2366,0.784,0.784,0.784,0.574,0.102,0.594,0.412,0.393
2367,0.764,0.764,0.764,0.141,0.153,0.582,0.411,0.389
2368,0.716,0.716,0.716,0.865,0.033,0.565,0.416,0.393
2369,0.518,0.518,0.518,0.618,0.02,0.552,0.416,0.393
2370,0.114,0.114,0.114,0.0,0.244,0.545,0.427,0.406
2371,0.254,0.254,0.254,0.0,0.191,0.604,0.461,0.457
2372,0.264,0.264,0.264,0.0,0.078,0.663,0.453,0.462
2373,0.254,0.254,0.254,0.0,0.169,0.605,0.431,0.442
2374,0.254,0.254,0.254,0.0,0.533,0.539,0.393,0.407
2375,0.264,0.264,0.264,0.0,0.715,0.451,0.36,0.378
2376,0.254,0.254,0.254,0.0,0.766,0.414,0.344,0.364
2377,0.264,0.264,0.264,0.0,0.56,0.399,0.338,0.359
2378,0.254,0.254,0.254,0.0,0.741,0.392,0.335,0.356
2379,0.264,0.264,0.264,0.0,0.792,0.391,0.337,0.357
2380,0.274,0.274,0.274,0.0,0.887,0.394,0.346,0.36
2381,0.548,0.548,0.548,0.0,0.94,0.405,0.374,0.376
2382,0.764,0.764,0.764,0.0,0.941,0.446,0.412,0.393
2383,0.774,0.774,0.774,0.634,0.924,0.486,0.424,0.394
2384,0.774,0.774,0.774,0.792,0.945,0.525,0.414,0.398
2385,0.764,0.764,0.764,0.901,0.927,0.559,0.407,0.404
2386,0.774,0.774,0.774,0.912,0.796,0.579,0.407,0.396
2387,0.784,0.784,0.784,0.874,0.777,0.589,0.404,0.397
2388,0.764,0.764,0.764,0.852,0.772,0.587,0.4,0.398
2389,0.784,0.784,0.784,0.841,0.701,0.59,0.399,0.4
2390,0.764,0.764,0.764,0.854,0.701,0.587,0.398,0.399
2391,0.784,0.784,0.784,0.927,0.778,0.583,0.396,0.399
2392,0.764,0.764,0.764,0.773,0.842,0.558,0.4,0.399
2393,0.754,0.754,0.754,0.592,0.839,0.537,0.404,0.399
2394,0.736,0.736,0.736,0.0,0.115,0.513,0.413,0.404
2395,0.576,0.576,0.576,0.0,0.108,0.584,0.449,0.45
2396,0.49,0.49,0.49,0.0,0.243,0.637,0.445,0.461
2397,0.424,0.424,0.424,0.0,0.423,0.586,0.427,0.437
2398,0.246,0.246,0.246,0.0,0.127,0.514,0.39,0.403
2399,0.246,0.246,0.246,0.0,0.251,0.436,0.36,0.375
2400,0.254,0.254,0.254,0.0,0.087,0.417,0.343,0.361
2401,0.246,0.246,0.246,0.0,0.007,0.399,0.337,0.356
2402,0.254,0.254,0.254,0.0,0.001,0.395,0.335,0.353
2403,0.264,0.264,0.264,0.0,0.0,0.391,0.334,0.351
2404,0.5,0.5,0.5,0.0,0.0,0.393,0.344,0.354
2405,0.5,0.5,0.5,0.0,0.0,0.407,0.372,0.366
2406,0.746,0.746,0.746,0.0,0.0,0.456,0.406,0.376
2407,0.726,0.726,0.726,0.636,0.0,0.513,0.418,0.38
2408,0.726,0.726,0.726,0.781,0.0,0.562,0.413,0.388
2409,0.736,0.736,0.736,0.898,0.0,0.596,0.407,0.396
2410,0.726,0.726,0.726,0.921,0.0,0.627,0.409,0.397
2411,0.726,0.726,0.726,0.958,0.0,0.654,0.41,0.402
2412,0.736,0.736,0.736,0.976,0.003,0.646,0.409,0.408
2413,0.726,0.726,0.726,0.974,0.005,0.638,0.415,0.411
2414,0.716,0.716,0.716,0.951,0.018,0.632,0.416,0.411
2415,0.716,0.716,0.716,0.881,0.02,0.618,0.417,0.413
2416,0.708,0.708,0.708,0.85,0.018,0.577,0.421,0.408
2417,0.708,0.708,0.708,0.647,0.024,0.54,0.422,0.407
2418,0.736,0.736,0.736,0.0,0.017,0.51,0.422,0.409
2419,0.716,0.716,0.716,0.0,0.007,0.576,0.448,0.448
2420,0.708,0.708,0.708,0.0,0.008,0.6,0.44,0.455
2421,0.49,0.49,0.49,0.0,0.001,0.541,0.421,0.436
2422,0.462,0.462,0.462,0.0,0.006,0.507,0.394,0.411
2423,0.254,0.254,0.254,0.0,0.012,0.444,0.361,0.384
2424,0.246,0.246,0.246,0.0,0.043,0.414,0.344,0.365
2425,0.264,0.264,0.264,0.0,0.009,0.397,0.335,0.358
2426,0.254,0.254,0.254,0.0,0.008,0.392,0.331,0.353
2427,0.264,0.264,0.264,0.0,0.02,0.39,0.33,0.351
2428,0.284,0.284,0.284,0.0,0.083,0.39,0.331,0.351
2429,0.51,0.51,0.51,0.0,0.088,0.392,0.339,0.353
2430,0.49,0.49,0.49,0.0,0.017,0.395,0.346,0.352
2431,0.518,0.518,0.518,0.627,0.056,0.404,0.362,0.352
2432,0.754,0.754,0.754,0.819,0.531,0.421,0.377,0.362
2433,0.746,0.746,0.746,0.863,0.771,0.451,0.39,0.376
2434,0.764,0.764,0.764,0.934,0.637,0.474,0.398,0.38
2435,0.774,0.774,0.774,0.909,0.938,0.49,0.401,0.384
2436,0.746,0.746,0.746,0.916,0.906,0.478,0.403,0.386
2437,0.764,0.764,0.764,0.852,0.914,0.468,0.407,0.39
2438,0.746,0.746,0.746,0.879,0.966,0.464,0.413,0.392
2439,0.754,0.754,0.754,0.912,0.91,0.453,0.423,0.396
2440,0.754,0.754,0.754,0.832,0.733,0.447,0.427,0.397
2441,0.726,0.726,0.726,0.618,0.501,0.44,0.434,0.402
2442,0.708,0.708,0.708,0.0,0.536,0.439,0.433,0.402
2443,0.716,0.716,0.716,0.0,0.518,0.507,0.455,0.439
2444,0.716,0.716,0.716,0.0,0.397,0.527,0.447,0.447
2445,0.716,0.716,0.716,0.0,0.44,0.504,0.423,0.43
2446,0.708,0.708,0.708,0.0,0.573,0.47,0.391,0.407
2447,0.556,0.556,0.556,0.0,0.916,0.428,0.362,0.382
2448,0.51,0.51,0.51,0.0,0.862,0.402,0.345,0.365
2449,0.5,0.5,0.5,0.0,0.716,0.393,0.335,0.356
2450,0.518,0.518,0.518,0.0,0.692,0.39,0.329,0.351
2451,0.518,0.518,0.518,0.0,0.679,0.388,0.328,0.35
2452,0.556,0.556,0.556,0.0,0.635,0.388,0.326,0.349
2453,0.764,0.764,0.764,0.0,0.405,0.389,0.332,0.35
2454,0.764,0.764,0.764,0.232,0.415,0.39,0.334,0.347
2455,0.764,0.764,0.764,0.645,0.388,0.39,0.346,0.348
2456,0.764,0.764,0.764,0.841,0.531,0.397,0.361,0.354
2457,0.764,0.764,0.764,0.916,0.61,0.411,0.375,0.364
2458,0.764,0.764,0.764,0.965,0.498,0.431,0.385,0.373
2459,0.764,0.764,0.764,0.985,0.235,0.434,0.394,0.38
2460,0.764,0.764,0.764,0.958,0.258,0.439,0.404,0.385
2461,0.774,0.774,0.774,0.971,0.324,0.434,0.408,0.389
2462,0.764,0.764,0.764,0.894,0.252,0.438,0.415,0.393
2463,0.764,0.764,0.764,0.371,0.179,0.432,0.424,0.399
2464,0.754,0.754,0.754,0.859,0.146,0.427,0.43,0.404
2465,0.764,0.764,0.764,0.634,0.096,0.428,0.436,0.405
2466,0.754,0.754,0.754,0.007,0.0,0.446,0.437,0.402
2467,0.764,0.764,0.764,0.0,0.0,0.502,0.469,0.438
2468,0.754,0.754,0.754,0.0,0.0,0.544,0.466,0.446
2469,0.754,0.754,0.754,0.0,0.0,0.522,0.437,0.427
2470,0.754,0.754,0.754,0.0,0.0,0.458,0.397,0.402
2471,0.764,0.764,0.764,0.0,0.0,0.418,0.362,0.373
2472,0.754,0.754,0.754,0.0,0.474,0.398,0.345,0.36
2473,0.716,0.716,0.716,0.0,0.819,0.39,0.335,0.353
2474,0.746,0.746,0.746,0.0,0.832,0.388,0.331,0.35
2475,0.754,0.754,0.754,0.0,0.719,0.388,0.329,0.349
2476,0.746,0.746,0.746,0.0,0.674,0.389,0.336,0.351
2477,0.746,0.746,0.746,0.0,0.724,0.397,0.357,0.359
2478,0.754,0.754,0.754,0.0,0.657,0.425,0.386,0.361
2479,0.736,0.736,0.736,0.0,0.484,0.466,0.405,0.367
2480,0.764,0.764,0.764,0.002,0.368,0.522,0.41,0.38
2481,0.764,0.764,0.764,0.093,0.335,0.562,0.412,0.397
2482,0.774,0.774,0.774,0.141,0.353,0.597,0.416,0.402
2483,0.764,0.764,0.764,0.068,0.163,0.613,0.418,0.404
2484,0.754,0.754,0.754,0.082,0.036,0.64,0.421,0.409
2485,0.774,0.774,0.774,0.071,0.053,0.636,0.421,0.41
2486,0.764,0.764,0.764,0.082,0.044,0.621,0.425,0.408
2487,0.774,0.774,0.774,0.216,0.096,0.618,0.422,0.402
2488,0.754,0.754,0.754,0.468,0.175,0.592,0.425,0.398
2489,0.764,0.764,0.764,0.424,0.185,0.57,0.429,0.394
2490,0.764,0.764,0.764,0.0,0.023,0.55,0.431,0.398
2491,0.764,0.764,0.764,0.0,0.024,0.617,0.464,0.443
2492,0.774,0.774,0.774,0.0,0.076,0.648,0.459,0.449
2493,0.746,0.746,0.746,0.0,0.125,0.599,0.435,0.429
2494,0.754,0.754,0.754,0.0,0.243,0.517,0.396,0.401
2495,0.764,0.764,0.764,0.0,0.415,0.454,0.36,0.374
2496,0.764,0.764,0.764,0.0,0.45,0.416,0.343,0.36
2497,0.736,0.736,0.736,0.0,0.551,0.402,0.335,0.353
2498,0.736,0.736,0.736,0.0,0.785,0.395,0.331,0.35
2499,0.746,0.746,0.746,0.0,0.579,0.393,0.331,0.35
2500,0.746,0.746,0.746,0.0,0.757,0.394,0.337,0.352
2501,0.736,0.736,0.736,0.0,0.535,0.41,0.359,0.36
2502,0.736,0.736,0.736,0.13,0.61,0.434,0.388,0.362
2503,0.764,0.764,0.764,0.351,0.582,0.467,0.405,0.366
2504,0.764,0.764,0.764,0.523,0.65,0.518,0.408,0.377
2505,0.754,0.754,0.754,0.717,0.467,0.561,0.411,0.389
2506,0.774,0.774,0.774,0.775,0.432,0.591,0.416,0.395
2507,0.764,0.764,0.764,0.748,0.316,0.613,0.421,0.39
2508,0.774,0.774,0.774,0.662,0.312,0.604,0.427,0.392
2509,0.754,0.754,0.754,0.514,0.108,0.618,0.432,0.394
2510,0.774,0.774,0.774,0.36,0.028,0.612,0.438,0.396
2511,0.754,0.754,0.754,0.353,0.017,0.602,0.445,0.395
2512,0.774,0.774,0.774,0.664,0.006,0.578,0.452,0.394
2513,0.774,0.774,0.774,0.437,0.017,0.562,0.452,0.389
2514,0.736,0.736,0.736,0.0,0.094,0.543,0.452,0.407
2515,0.746,0.746,0.746,0.0,0.131,0.593,0.48,0.455
2516,0.708,0.708,0.708,0.0,0.019,0.619,0.474,0.456
2517,0.482,0.482,0.482,0.0,0.016,0.572,0.447,0.436
2518,0.482,0.482,0.482,0.0,0.063,0.508,0.402,0.405
2519,0.49,0.49,0.49,0.0,0.032,0.447,0.366,0.376
2520,0.482,0.482,0.482,0.0,0.055,0.411,0.345,0.361
2521,0.556,0.556,0.556,0.0,0.171,0.401,0.335,0.354
2522,0.548,0.548,0.548,0.0,0.663,0.391,0.331,0.35
2523,0.556,0.556,0.556,0.0,0.506,0.391,0.331,0.349
2524,0.566,0.566,0.566,0.0,0.66,0.391,0.338,0.351
2525,0.604,0.604,0.604,0.0,0.792,0.402,0.36,0.357
2526,0.764,0.764,0.764,0.252,0.41,0.427,0.39,0.359
2527,0.764,0.764,0.764,0.647,0.203,0.463,0.407,0.366
2528,0.784,0.784,0.784,0.817,0.134,0.512,0.412,0.372
2529,0.774,0.774,0.774,0.905,0.222,0.555,0.417,0.383
2530,0.764,0.764,0.764,0.96,0.247,0.593,0.427,0.391
2531,0.774,0.774,0.774,0.912,0.421,0.609,0.439,0.403
2532,0.754,0.754,0.754,0.962,0.291,0.623,0.453,0.418
2533,0.764,0.764,0.764,0.89,0.136,0.626,0.467,0.436
2534,0.754,0.754,0.754,0.872,0.167,0.631,0.481,0.447
2535,0.774,0.774,0.774,0.863,0.354,0.62,0.495,0.451
2536,0.764,0.764,0.764,0.812,0.487,0.6,0.508,0.452
2537,0.746,0.746,0.746,0.636,0.459,0.562,0.511,0.462
2538,0.746,0.746,0.746,0.082,0.289,0.525,0.5,0.457
2539,0.462,0.462,0.462,0.0,0.33,0.571,0.517,0.494
2540,0.246,0.246,0.246,0.0,0.407,0.605,0.504,0.503
2541,0.254,0.254,0.254,0.0,0.502,0.561,0.473,0.469
2542,0.246,0.246,0.246,0.0,0.541,0.497,0.42,0.425
2543,0.264,0.264,0.264,0.0,0.31,0.444,0.374,0.391
2544,0.254,0.254,0.254,0.0,0.341,0.413,0.354,0.369
2545,0.246,0.246,0.246,0.0,0.6,0.396,0.342,0.36
2546,0.254,0.254,0.254,0.0,0.705,0.391,0.336,0.356
2547,0.254,0.254,0.254,0.0,0.724,0.39,0.334,0.353
2548,0.358,0.358,0.358,0.0,0.825,0.391,0.34,0.355
2549,0.774,0.774,0.774,0.0,0.828,0.403,0.361,0.363
2550,0.764,0.764,0.764,0.258,0.838,0.425,0.387,0.362
2551,0.792,0.792,0.792,0.611,0.925,0.465,0.409,0.37
2552,0.764,0.764,0.764,0.766,0.922,0.519,0.419,0.385
2553,0.774,0.774,0.774,0.821,0.827,0.562,0.431,0.412
2554,0.736,0.736,0.736,0.885,0.417,0.612,0.45,0.43
2555,0.754,0.754,0.754,0.879,0.498,0.651,0.475,0.443
2556,0.764,0.764,0.764,0.868,0.446,0.69,0.503,0.457
2557,0.764,0.764,0.764,0.894,0.504,0.714,0.527,0.473
2558,0.764,0.764,0.764,0.885,0.454,0.728,0.548,0.49
2559,0.764,0.764,0.764,0.894,0.335,0.732,0.566,0.509
2560,0.754,0.754,0.754,0.801,0.15,0.708,0.57,0.526
2561,0.754,0.754,0.754,0.598,0.121,0.66,0.556,0.542
2562,0.754,0.754,0.754,0.126,0.118,0.605,0.542,0.517
2563,0.5,0.5,0.5,0.0,0.095,0.625,0.557,0.546
2564,0.49,0.49,0.49,0.0,0.155,0.639,0.541,0.558
2565,0.49,0.49,0.49,0.0,0.187,0.575,0.503,0.529
2566,0.5,0.5,0.5,0.0,0.372,0.503,0.451,0.468
2567,0.34,0.34,0.34,0.0,0.459,0.446,0.4,0.417
2568,0.254,0.254,0.254,0.0,0.587,0.414,0.375,0.387
2569,0.254,0.254,0.254,0.0,0.635,0.399,0.363,0.37
2570,0.246,0.246,0.246,0.0,0.785,0.393,0.351,0.361
2571,0.254,0.254,0.254,0.0,0.833,0.391,0.347,0.357
2572,0.49,0.49,0.49,0.0,0.861,0.392,0.351,0.356
2573,0.518,0.518,0.518,0.0,0.556,0.401,0.367,0.363
2574,0.518,0.518,0.518,0.254,0.306,0.422,0.391,0.365
2575,0.538,0.538,0.538,0.631,0.167,0.456,0.414,0.368
2576,0.774,0.774,0.774,0.804,0.379,0.511,0.438,0.385
2577,0.774,0.774,0.774,0.909,0.552,0.56,0.458,0.393
2578,0.774,0.774,0.774,0.96,0.372,0.619,0.48,0.408
2579,0.784,0.784,0.784,0.971,0.359,0.63,0.488,0.418
2580,0.774,0.774,0.774,0.974,0.419,0.616,0.492,0.422
2581,0.774,0.774,0.774,0.823,0.656,0.615,0.497,0.426
2582,0.774,0.774,0.774,0.918,0.871,0.605,0.501,0.421
2583,0.784,0.784,0.784,0.011,0.995,0.583,0.512,0.413
2584,0.774,0.774,0.774,0.115,0.848,0.56,0.513,0.398
2585,0.764,0.764,0.764,0.576,0.672,0.541,0.504,0.401
2586,0.65,0.65,0.65,0.132,0.359,0.518,0.479,0.402
2587,0.518,0.518,0.518,0.0,0.581,0.556,0.483,0.433
2588,0.51,0.51,0.51,0.0,0.586,0.574,0.474,0.443
2589,0.49,0.49,0.49,0.0,0.738,0.536,0.453,0.426
2590,0.246,0.246,0.246,0.0,0.85,0.494,0.413,0.402
2591,0.254,0.254,0.254,0.0,0.835,0.447,0.376,0.378
2592,0.254,0.254,0.254,0.0,0.679,0.412,0.356,0.362
2593,0.254,0.254,0.254,0.0,0.679,0.4,0.342,0.354
2594,0.254,0.254,0.254,0.0,0.498,0.393,0.335,0.351
2595,0.254,0.254,0.254,0.0,0.375,0.391,0.33,0.35
2596,0.254,0.254,0.254,0.0,0.533,0.391,0.329,0.349
2597,0.264,0.264,0.264,0.0,0.441,0.394,0.334,0.351
2598,0.51,0.51,0.51,0.212,0.39,0.394,0.337,0.348
2599,0.548,0.548,0.548,0.629,0.364,0.401,0.357,0.35
2600,0.764,0.764,0.764,0.773,0.314,0.418,0.383,0.359
2601,0.774,0.774,0.774,0.411,0.402,0.445,0.403,0.373
2602,0.774,0.774,0.774,0.181,0.517,0.468,0.416,0.387
2603,0.764,0.764,0.764,0.715,0.31,0.475,0.417,0.392
2604,0.784,0.784,0.784,0.898,0.21,0.475,0.42,0.385
2605,0.764,0.764,0.764,0.934,0.24,0.456,0.421,0.388
2606,0.774,0.774,0.774,0.892,0.233,0.453,0.424,0.387
2607,0.764,0.764,0.764,0.894,0.118,0.447,0.432,0.39
2608,0.764,0.764,0.764,0.781,0.086,0.441,0.439,0.392
2609,0.754,0.754,0.754,0.611,0.046,0.439,0.442,0.393
2610,0.68,0.68,0.68,0.179,0.974,0.44,0.441,0.396
2611,0.378,0.378,0.378,0.0,0.366,0.474,0.459,0.439
2612,0.284,0.284,0.284,0.0,0.227,0.508,0.455,0.455
2613,0.254,0.254,0.254,0.0,0.714,0.494,0.433,0.437
2614,0.264,0.264,0.264,0.0,0.84,0.463,0.4,0.412
2615,0.254,0.254,0.254,0.0,0.958,0.423,0.367,0.385
2616,0.254,0.254,0.254,0.0,0.972,0.403,0.349,0.365
2617,0.264,0.264,0.264,0.0,0.946,0.393,0.336,0.356
2618,0.264,0.264,0.264,0.0,0.78,0.389,0.329,0.351
2619,0.264,0.264,0.264,0.0,0.866,0.388,0.326,0.349
2620,0.528,0.528,0.528,0.0,0.813,0.388,0.326,0.348
2621,0.764,0.764,0.764,0.0,0.89,0.388,0.329,0.349
2622,0.764,0.764,0.764,0.272,0.932,0.388,0.33,0.346
2623,0.792,0.792,0.792,0.678,0.903,0.388,0.345,0.347
2624,0.764,0.764,0.764,0.881,0.898,0.394,0.366,0.354
2625,0.784,0.784,0.784,0.929,0.073,0.406,0.381,0.364
2626,0.764,0.764,0.764,0.993,0.25,0.415,0.391,0.372
2627,0.774,0.774,0.774,0.998,0.258,0.421,0.4,0.378
2628,0.774,0.774,0.774,0.945,0.161,0.421,0.408,0.383
2629,0.774,0.774,0.774,0.914,0.073,0.42,0.415,0.385
2630,0.764,0.764,0.764,0.916,0.047,0.418,0.422,0.385
2631,0.774,0.774,0.774,0.905,0.065,0.414,0.429,0.385
2632,0.764,0.764,0.764,0.854,0.051,0.41,0.438,0.385
2633,0.774,0.774,0.774,0.649,0.011,0.413,0.441,0.383
2634,0.774,0.774,0.774,0.201,0.003,0.419,0.435,0.381
2635,0.764,0.764,0.764,0.0,0.0,0.452,0.462,0.412
2636,0.726,0.726,0.726,0.0,0.0,0.499,0.466,0.432
2637,0.444,0.444,0.444,0.0,0.004,0.489,0.439,0.415
2638,0.312,0.312,0.312,0.0,0.339,0.443,0.398,0.393
2639,0.254,0.254,0.254,0.0,0.244,0.415,0.361,0.368
2640,0.274,0.274,0.274,0.0,0.421,0.396,0.343,0.357
2641,0.274,0.274,0.274,0.0,0.649,0.39,0.334,0.351
2642,0.264,0.264,0.264,0.0,0.626,0.388,0.329,0.348
2643,0.472,0.472,0.472,0.0,0.388,0.388,0.329,0.347
2644,0.774,0.774,0.774,0.0,0.266,0.389,0.334,0.349
2645,0.764,0.764,0.764,0.0,0.323,0.398,0.353,0.356
2646,0.784,0.784,0.784,0.28,0.363,0.417,0.38,0.358
2647,0.774,0.774,0.774,0.66,0.126,0.451,0.401,0.364
2648,0.784,0.784,0.784,0.852,0.144,0.497,0.412,0.377
2649,0.774,0.774,0.774,0.956,0.071,0.535,0.422,0.388
2650,0.746,0.746,0.746,0.996,0.045,0.574,0.434,0.392
2651,0.736,0.736,0.736,0.989,0.037,0.586,0.441,0.396
2652,0.754,0.754,0.754,0.989,0.08,0.587,0.446,0.395
2653,0.764,0.764,0.764,0.951,0.088,0.592,0.454,0.384
2654,0.774,0.774,0.774,0.936,0.152,0.592,0.464,0.384
2655,0.764,0.764,0.764,0.896,0.11,0.572,0.471,0.383
2656,0.774,0.774,0.774,0.83,0.127,0.558,0.476,0.381
2657,0.764,0.764,0.764,0.649,0.156,0.532,0.472,0.38
2658,0.774,0.774,0.774,0.214,0.129,0.507,0.463,0.388
2659,0.764,0.764,0.764,0.0,0.244,0.543,0.488,0.432
2660,0.764,0.764,0.764,0.0,0.123,0.594,0.489,0.447
2661,0.68,0.68,0.68,0.0,0.237,0.544,0.457,0.428
2662,0.51,0.51,0.51,0.0,0.361,0.494,0.411,0.397
2663,0.254,0.254,0.254,0.0,0.344,0.438,0.372,0.371
2664,0.198,0.198,0.198,0.0,0.169,0.408,0.352,0.357
2665,0.254,0.254,0.254,0.0,0.084,0.397,0.341,0.352
2666,0.33,0.33,0.33,0.0,0.018,0.391,0.336,0.347
2667,0.51,0.51,0.51,0.0,0.001,0.39,0.335,0.347
2668,0.726,0.726,0.726,0.0,0.001,0.393,0.342,0.348
2669,0.784,0.784,0.784,0.0,0.011,0.405,0.363,0.355
2670,0.774,0.774,0.774,0.305,0.065,0.424,0.391,0.358
2671,0.764,0.764,0.764,0.684,0.091,0.461,0.41,0.365
2672,0.784,0.784,0.784,0.87,0.177,0.509,0.415,0.373
2673,0.764,0.764,0.764,0.916,0.096,0.553,0.417,0.382
2674,0.764,0.764,0.764,0.932,0.025,0.586,0.426,0.386
2675,0.754,0.754,0.754,0.936,0.024,0.619,0.434,0.389
2676,0.754,0.754,0.754,0.934,0.009,0.634,0.442,0.39
2677,0.754,0.754,0.754,0.927,0.006,0.641,0.453,0.382
2678,0.784,0.784,0.784,0.907,0.001,0.654,0.463,0.38
2679,0.774,0.774,0.774,0.892,0.004,0.647,0.473,0.38
2680,0.746,0.746,0.746,0.823,0.003,0.625,0.483,0.396
2681,0.746,0.746,0.746,0.62,0.001,0.611,0.483,0.394
2682,0.736,0.736,0.736,0.212,0.0,0.568,0.473,0.401
2683,0.754,0.754,0.754,0.0,0.003,0.605,0.495,0.442
2684,0.716,0.716,0.716,0.0,0.009,0.636,0.491,0.464
2685,0.51,0.51,0.51,0.0,0.009,0.565,0.461,0.44
2686,0.518,0.518,0.518,0.0,0.018,0.504,0.409,0.398
2687,0.49,0.49,0.49,0.0,0.05,0.441,0.371,0.372
2688,0.49,0.49,0.49,0.0,0.136,0.403,0.351,0.358
2689,0.518,0.518,0.518,0.0,0.053,0.393,0.342,0.353
2690,0.518,0.518,0.518,0.0,0.016,0.389,0.338,0.35
2691,0.528,0.528,0.528,0.0,0.121,0.388,0.336,0.349
2692,0.764,0.764,0.764,0.0,0.129,0.389,0.344,0.351
2693,0.774,0.774,0.774,0.0,0.078,0.4,0.364,0.361
2694,0.784,0.784,0.784,0.309,0.01,0.414,0.391,0.365
2695,0.774,0.774,0.774,0.638,0.016,0.449,0.411,0.374
2696,0.754,0.754,0.754,0.815,0.007,0.5,0.416,0.383
2697,0.764,0.764,0.764,0.914,0.005,0.544,0.421,0.393
2698,0.754,0.754,0.754,0.918,0.0,0.599,0.433,0.397
2699,0.764,0.764,0.764,0.914,0.011,0.636,0.442,0.403
2700,0.754,0.754,0.754,0.914,0.007,0.665,0.453,0.396
2701,0.784,0.784,0.784,0.883,0.003,0.677,0.468,0.403
2702,0.764,0.764,0.764,0.857,0.001,0.686,0.483,0.405
2703,0.792,0.792,0.792,0.843,0.0,0.676,0.498,0.412
2704,0.754,0.754,0.754,0.746,0.0,0.656,0.507,0.422
2705,0.764,0.764,0.764,0.598,0.0,0.611,0.505,0.422
2706,0.49,0.49,0.49,0.214,0.001,0.555,0.491,0.422
2707,0.51,0.51,0.51,0.0,0.01,0.569,0.512,0.461
2708,0.482,0.482,0.482,0.0,0.009,0.605,0.503,0.477
2709,0.246,0.246,0.246,0.0,0.011,0.55,0.473,0.448
2710,0.254,0.254,0.254,0.0,0.016,0.479,0.42,0.406
2711,0.218,0.218,0.218,0.0,0.045,0.423,0.376,0.376
2712,0.208,0.208,0.208,0.0,0.148,0.404,0.355,0.36
2713,0.254,0.254,0.254,0.0,0.525,0.397,0.344,0.353
2714,0.274,0.274,0.274,0.0,0.432,0.391,0.338,0.35
2715,0.51,0.51,0.51,0.0,0.29,0.39,0.336,0.349
2716,0.528,0.528,0.528,0.0,0.258,0.391,0.344,0.35
2717,0.51,0.51,0.51,0.0,0.36,0.401,0.364,0.357
2718,0.548,0.548,0.548,0.313,0.393,0.424,0.391,0.362
2719,0.774,0.774,0.774,0.649,0.295,0.471,0.411,0.369
2720,0.774,0.774,0.774,0.795,0.132,0.523,0.417,0.383
2721,0.784,0.784,0.784,0.821,0.031,0.594,0.425,0.398
2722,0.764,0.764,0.764,0.868,0.0,0.652,0.438,0.408
2723,0.764,0.764,0.764,0.868,0.0,0.687,0.452,0.416
2724,0.764,0.764,0.764,0.817,0.0,0.712,0.466,0.415
2725,0.764,0.764,0.764,0.845,0.0,0.74,0.485,0.428
2726,0.774,0.774,0.774,0.815,0.0,0.742,0.505,0.445
2727,0.754,0.754,0.754,0.806,0.003,0.736,0.524,0.443
2728,0.774,0.774,0.774,0.806,0.012,0.708,0.535,0.45
2729,0.754,0.754,0.754,0.607,0.007,0.661,0.535,0.457
2730,0.736,0.736,0.736,0.152,0.02,0.595,0.516,0.456
2731,0.746,0.746,0.746,0.0,0.03,0.595,0.531,0.501
2732,0.688,0.688,0.688,0.0,0.041,0.645,0.521,0.512
2733,0.5,0.5,0.5,0.0,0.039,0.582,0.486,0.476
2734,0.34,0.34,0.34,0.0,0.047,0.5,0.431,0.423
2735,0.246,0.246,0.246,0.0,0.094,0.438,0.385,0.385
2736,0.246,0.246,0.246,0.0,0.543,0.413,0.362,0.366
2737,0.264,0.264,0.264,0.0,0.202,0.399,0.35,0.357
2738,0.254,0.254,0.254,0.0,0.22,0.394,0.343,0.353
2739,0.528,0.528,0.528,0.0,0.33,0.391,0.341,0.351
2740,0.774,0.774,0.774,0.0,0.197,0.393,0.346,0.353
2741,0.764,0.764,0.764,0.0,0.146,0.403,0.364,0.361
2742,0.774,0.774,0.774,0.269,0.072,0.432,0.39,0.366
2743,0.774,0.774,0.774,0.362,0.115,0.475,0.412,0.375
2744,0.754,0.754,0.754,0.333,0.08,0.527,0.421,0.391
2745,0.774,0.774,0.774,0.172,0.287,0.586,0.432,0.406
2746,0.764,0.764,0.764,0.66,0.294,0.627,0.448,0.411
2747,0.774,0.774,0.774,0.437,0.2,0.666,0.469,0.42
2748,0.764,0.764,0.764,0.329,0.109,0.668,0.493,0.411
2749,0.764,0.764,0.764,0.921,0.034,0.68,0.513,0.42
2750,0.774,0.774,0.774,0.925,0.04,0.672,0.53,0.437
2751,0.764,0.764,0.764,0.89,0.049,0.647,0.528,0.457
2752,0.764,0.764,0.764,0.852,0.066,0.621,0.528,0.467
2753,0.764,0.764,0.764,0.664,0.125,0.563,0.525,0.466
2754,0.33,0.33,0.33,0.232,0.236,0.522,0.504,0.477
2755,0.094,0.094,0.094,0.0,0.392,0.533,0.518,0.489
2756,0.076,0.076,0.076,0.0,0.506,0.592,0.507,0.509
2757,0.084,0.084,0.084,0.0,0.609,0.542,0.481,0.48
2758,0.076,0.076,0.076,0.0,0.668,0.495,0.439,0.442
2759,0.076,0.076,0.076,0.0,0.575,0.445,0.398,0.401
2760,0.076,0.076,0.076,0.0,0.506,0.408,0.371,0.377
2761,0.076,0.076,0.076,0.0,0.43,0.399,0.357,0.364
2762,0.076,0.076,0.076,0.0,0.31,0.392,0.348,0.357
2763,0.076,0.076,0.076,0.0,0.251,0.39,0.343,0.353
2764,0.076,0.076,0.076,0.0,0.16,0.39,0.342,0.352
2765,0.132,0.132,0.132,0.0,0.121,0.392,0.345,0.354
2766,0.274,0.274,0.274,0.289,0.072,0.392,0.348,0.349
2767,0.518,0.518,0.518,0.673,0.047,0.4,0.37,0.354
2768,0.518,0.518,0.518,0.863,0.086,0.423,0.398,0.37
2769,0.764,0.764,0.764,0.929,0.134,0.451,0.421,0.388
2770,0.784,0.784,0.784,0.938,0.175,0.487,0.443,0.4
2771,0.774,0.774,0.774,0.949,0.08,0.488,0.458,0.397
2772,0.774,0.774,0.774,0.962,0.041,0.494,0.471,0.419
2773,0.774,0.774,0.774,0.967,0.032,0.484,0.485,0.43
2774,0.784,0.784,0.784,0.927,0.029,0.472,0.5,0.436
2775,0.774,0.774,0.774,0.852,0.031,0.467,0.512,0.443
2776,0.774,0.774,0.774,0.865,0.24,0.463,0.52,0.441
2777,0.764,0.764,0.764,0.673,0.473,0.459,0.512,0.441
2778,0.764,0.764,0.764,0.238,0.386,0.452,0.485,0.428
2779,0.32,0.32,0.32,0.0,0.2,0.492,0.487,0.451
2780,0.254,0.254,0.254,0.0,0.164,0.531,0.48,0.473
2781,0.246,0.246,0.246,0.0,0.459,0.508,0.447,0.45
2782,0.254,0.254,0.254,0.0,0.271,0.472,0.413,0.42
2783,0.218,0.218,0.218,0.0,0.226,0.418,0.381,0.391
2784,0.188,0.188,0.188,0.0,0.157,0.407,0.36,0.37
2785,0.264,0.264,0.264,0.0,0.165,0.397,0.347,0.358
2786,0.254,0.254,0.254,0.0,0.026,0.392,0.339,0.353
2787,0.264,0.264,0.264,0.0,0.099,0.389,0.334,0.351
2788,0.254,0.254,0.254,0.0,0.246,0.389,0.333,0.349
2789,0.264,0.264,0.264,0.0,0.225,0.389,0.334,0.35
2790,0.264,0.264,0.264,0.254,0.175,0.388,0.333,0.346
2791,0.274,0.274,0.274,0.68,0.129,0.391,0.348,0.348
2792,0.518,0.518,0.518,0.85,0.149,0.398,0.369,0.356
2793,0.566,0.566,0.566,0.974,0.142,0.416,0.386,0.366
2794,0.764,0.764,0.764,0.982,0.198,0.43,0.398,0.372
2795,0.784,0.784,0.784,0.956,0.328,0.438,0.404,0.378
2796,0.774,0.774,0.774,0.976,0.322,0.442,0.408,0.382
2797,0.764,0.764,0.764,0.976,0.321,0.442,0.412,0.383
2798,0.792,0.792,0.792,0.938,0.3,0.44,0.415,0.385
2799,0.764,0.764,0.764,0.923,0.292,0.44,0.417,0.386
2800,0.774,0.774,0.774,0.02,0.26,0.441,0.423,0.385
2801,0.754,0.754,0.754,0.143,0.218,0.447,0.428,0.388
2802,0.764,0.764,0.764,0.106,0.74,0.448,0.425,0.388
2803,0.764,0.764,0.764,0.0,0.661,0.494,0.449,0.414
2804,0.67,0.67,0.67,0.0,0.428,0.549,0.453,0.437
2805,0.5,0.5,0.5,0.0,0.619,0.511,0.429,0.421
2806,0.246,0.246,0.246,0.0,0.771,0.467,0.393,0.396
2807,0.254,0.254,0.254,0.0,0.84,0.422,0.359,0.373
2808,0.254,0.254,0.254,0.0,0.838,0.399,0.344,0.358
2809,0.254,0.254,0.254,0.0,0.858,0.392,0.337,0.353
2810,0.34,0.34,0.34,0.0,0.85,0.389,0.332,0.35
2811,0.51,0.51,0.51,0.0,0.589,0.389,0.332,0.35
2812,0.518,0.518,0.518,0.0,0.37,0.391,0.34,0.35
2813,0.51,0.51,0.51,0.0,0.278,0.407,0.36,0.358
2814,0.528,0.528,0.528,0.318,0.26,0.424,0.387,0.362
2815,0.518,0.518,0.518,0.693,0.194,0.464,0.408,0.369
2816,0.614,0.614,0.614,0.898,0.079,0.52,0.413,0.376
2817,0.784,0.784,0.784,0.938,0.032,0.558,0.415,0.385
2818,0.764,0.764,0.764,0.89,0.003,0.596,0.424,0.395
2819,0.784,0.784,0.784,0.843,0.0,0.627,0.429,0.405
2820,0.774,0.774,0.774,0.868,0.0,0.643,0.436,0.409
2821,0.774,0.774,0.774,0.89,0.0,0.641,0.441,0.419
2822,0.764,0.764,0.764,0.887,0.0,0.642,0.451,0.422
2823,0.764,0.764,0.764,0.916,0.004,0.629,0.461,0.428
2824,0.754,0.754,0.754,0.815,0.026,0.607,0.466,0.43
2825,0.784,0.784,0.784,0.636,0.03,0.576,0.47,0.428
2826,0.754,0.754,0.754,0.243,0.002,0.534,0.462,0.428
2827,0.708,0.708,0.708,0.0,0.004,0.56,0.485,0.46
2828,0.576,0.576,0.576,0.0,0.03,0.611,0.486,0.496
2829,0.51,0.51,0.51,0.0,0.009,0.547,0.458,0.468
2830,0.5,0.5,0.5,0.0,0.016,0.484,0.41,0.424
2831,0.51,0.51,0.51,0.0,0.049,0.447,0.369,0.384
2832,0.51,0.51,0.51,0.0,0.138,0.404,0.351,0.364
2833,0.51,0.51,0.51,0.0,0.223,0.396,0.341,0.357
2834,0.518,0.518,0.518,0.0,0.203,0.391,0.336,0.353
2835,0.51,0.51,0.51,0.0,0.227,0.389,0.337,0.351
2836,0.518,0.518,0.518,0.0,0.516,0.391,0.343,0.354
2837,0.528,0.528,0.528,0.0,0.572,0.404,0.363,0.363
2838,0.774,0.774,0.774,0.325,0.556,0.428,0.389,0.364
2839,0.784,0.784,0.784,0.662,0.314,0.481,0.409,0.376
2840,0.774,0.774,0.774,0.766,0.156,0.529,0.416,0.395
2841,0.774,0.774,0.774,0.857,0.153,0.565,0.422,0.41
2842,0.774,0.774,0.774,0.872,0.065,0.61,0.434,0.422
2843,0.774,0.774,0.774,0.883,0.001,0.628,0.446,0.438
2844,0.784,0.784,0.784,0.881,0.0,0.631,0.453,0.45
2845,0.764,0.764,0.764,0.903,0.0,0.628,0.469,0.463
2846,0.764,0.764,0.764,0.909,0.0,0.627,0.482,0.478
2847,0.784,0.784,0.784,0.868,0.002,0.616,0.5,0.488
2848,0.764,0.764,0.764,0.817,0.006,0.584,0.509,0.493
2849,0.764,0.764,0.764,0.645,0.004,0.575,0.508,0.484
2850,0.774,0.774,0.774,0.201,0.0,0.566,0.496,0.47
2851,0.746,0.746,0.746,0.0,0.0,0.61,0.511,0.5
2852,0.726,0.726,0.726,0.0,0.0,0.634,0.508,0.515
2853,0.49,0.49,0.49,0.0,0.007,0.579,0.473,0.477
2854,0.51,0.51,0.51,0.0,0.012,0.501,0.422,0.432
2855,0.482,0.482,0.482,0.0,0.0,0.436,0.377,0.39
2856,0.274,0.274,0.274,0.0,0.0,0.409,0.358,0.368
2857,0.528,0.528,0.528,0.0,0.004,0.397,0.348,0.359
2858,0.51,0.51,0.51,0.0,0.167,0.391,0.342,0.354
2859,0.51,0.51,0.51,0.0,0.256,0.39,0.34,0.352
2860,0.528,0.528,0.528,0.0,0.224,0.392,0.347,0.353
2861,0.51,0.51,0.51,0.0,0.148,0.407,0.365,0.36
2862,0.518,0.518,0.518,0.291,0.13,0.432,0.393,0.362
2863,0.518,0.518,0.518,0.545,0.066,0.484,0.415,0.373
2864,0.518,0.518,0.518,0.737,0.038,0.54,0.423,0.391
2865,0.518,0.518,0.518,0.87,0.144,0.585,0.433,0.414
2866,0.518,0.518,0.518,0.89,0.162,0.624,0.444,0.427
2867,0.754,0.754,0.754,0.786,0.127,0.643,0.458,0.439
2868,0.764,0.764,0.764,0.609,0.08,0.643,0.471,0.438
2869,0.784,0.784,0.784,0.556,0.108,0.646,0.486,0.45
2870,0.774,0.774,0.774,0.236,0.109,0.642,0.502,0.462
2871,0.774,0.774,0.774,0.254,0.107,0.627,0.521,0.465
2872,0.784,0.784,0.784,0.002,0.156,0.606,0.534,0.461
2873,0.49,0.49,0.49,0.254,0.195,0.574,0.531,0.448
2874,0.482,0.482,0.482,0.254,0.378,0.562,0.505,0.445
2875,0.312,0.312,0.312,0.0,0.363,0.615,0.516,0.492
2876,0.254,0.254,0.254,0.0,0.516,0.631,0.51,0.524
2877,0.254,0.254,0.254,0.0,0.456,0.575,0.479,0.483
2878,0.254,0.254,0.254,0.0,0.34,0.508,0.426,0.431
2879,0.15,0.15,0.15,0.0,0.169,0.441,0.382,0.393
2880,0.254,0.254,0.254,0.0,0.156,0.41,0.361,0.371
2881,0.254,0.254,0.254,0.0,0.086,0.398,0.347,0.36
2882,0.264,0.264,0.264,0.0,0.049,0.392,0.342,0.355
2883,0.264,0.264,0.264,0.0,0.051,0.39,0.34,0.353
2884,0.254,0.254,0.254,0.0,0.013,0.392,0.345,0.354
2885,0.264,0.264,0.264,0.0,0.009,0.403,0.364,0.364
2886,0.274,0.274,0.274,0.21,0.014,0.434,0.39,0.371
2887,0.528,0.528,0.528,0.243,0.007,0.5,0.413,0.381
2888,0.51,0.51,0.51,0.45,0.025,0.556,0.419,0.395
2889,0.528,0.528,0.528,0.682,0.026,0.616,0.425,0.416
2890,0.538,0.538,0.538,0.307,0.004,0.649,0.431,0.434
2891,0.774,0.774,0.774,0.578,0.005,0.669,0.434,0.446
2892,0.774,0.774,0.774,0.779,0.004,0.673,0.438,0.457
2893,0.784,0.784,0.784,0.854,0.001,0.681,0.442,0.456
2894,0.764,0.764,0.764,0.684,0.0,0.681,0.443,0.437
2895,0.764,0.764,0.764,0.104,0.0,0.664,0.441,0.435
2896,0.774,0.774,0.774,0.351,0.0,0.639,0.432,0.437
2897,0.764,0.764,0.764,0.3,0.0,0.589,0.429,0.432
2898,0.754,0.754,0.754,0.243,0.0,0.552,0.429,0.443
2899,0.764,0.764,0.764,0.0,0.0,0.573,0.454,0.478
2900,0.736,0.736,0.736,0.0,0.003,0.63,0.453,0.49
2901,0.51,0.51,0.51,0.0,0.006,0.582,0.434,0.46
2902,0.5,0.5,0.5,0.0,0.005,0.503,0.398,0.418
2903,0.264,0.264,0.264,0.0,0.007,0.444,0.363,0.386
2904,0.218,0.218,0.218,0.0,0.007,0.41,0.348,0.367
2905,0.264,0.264,0.264,0.0,0.003,0.404,0.329,0.334
2906,0.254,0.254,0.254,0.0,0.005,0.391,0.325,0.327
2907,0.254,0.254,0.254,0.0,0.0,0.388,0.323,0.323
2908,0.264,0.264,0.264,0.0,0.0,0.394,0.33,0.326
2909,0.254,0.254,0.254,0.0,0.0,0.414,0.351,0.336
2910,0.274,0.274,0.274,0.364,0.0,0.453,0.376,0.337
2911,0.518,0.518,0.518,0.656,0.0,0.5,0.394,0.352
2912,0.518,0.518,0.518,0.786,0.0,0.534,0.397,0.368
2913,0.518,0.518,0.518,0.81,0.0,0.556,0.397,0.387
2914,0.556,0.556,0.556,0.852,0.0,0.578,0.399,0.396
2915,0.774,0.774,0.774,0.857,0.0,0.587,0.4,0.41
2916,0.764,0.764,0.764,0.874,0.0,0.588,0.398,0.422
2917,0.792,0.792,0.792,0.863,0.0,0.588,0.396,0.436
2918,0.764,0.764,0.764,0.823,0.0,0.582,0.401,0.448
2919,0.784,0.784,0.784,0.828,0.0,0.568,0.404,0.462
2920,0.774,0.774,0.774,0.753,0.0,0.555,0.41,0.472
2921,0.784,0.784,0.784,0.634,0.0,0.543,0.41,0.476
2922,0.774,0.774,0.774,0.263,0.0,0.529,0.405,0.471
2923,0.604,0.604,0.604,0.0,0.0,0.547,0.421,0.478
2924,0.5,0.5,0.5,0.0,0.0,0.559,0.425,0.481
2925,0.254,0.254,0.254,0.0,0.0,0.536,0.413,0.461
2926,0.16,0.16,0.16,0.0,0.002,0.504,0.388,0.436
2927,0.254,0.254,0.254,0.0,0.0,0.467,0.36,0.405
2928,0.254,0.254,0.254,0.0,0.0,0.433,0.34,0.378
2929,0.254,0.254,0.254,0.0,0.0,0.411,0.33,0.361
2930,0.254,0.254,0.254,0.0,0.0,0.399,0.322,0.347
2931,0.264,0.264,0.264,0.0,0.0,0.391,0.319,0.34
2932,0.284,0.284,0.284,0.0,0.007,0.389,0.32,0.335
2933,0.528,0.528,0.528,0.0,0.026,0.4,0.323,0.333
2934,0.5,0.5,0.5,0.364,0.053,0.398,0.33,0.326
2935,0.51,0.51,0.51,0.649,0.03,0.414,0.349,0.34
2936,0.538,0.538,0.538,0.77,0.041,0.446,0.371,0.365
2937,0.726,0.726,0.726,0.797,0.025,0.483,0.389,0.381
2938,0.746,0.746,0.746,0.839,0.011,0.502,0.404,0.411
2939,0.746,0.746,0.746,0.799,0.011,0.513,0.412,0.425
2940,0.726,0.726,0.726,0.826,0.002,0.515,0.421,0.439
2941,0.754,0.754,0.754,0.832,0.001,0.507,0.429,0.45
2942,0.736,0.736,0.736,0.87,0.1,0.503,0.44,0.463
2943,0.736,0.736,0.736,0.828,0.119,0.495,0.452,0.478
2944,0.716,0.716,0.716,0.788,0.131,0.49,0.463,0.49
2945,0.312,0.312,0.312,0.629,0.231,0.487,0.467,0.494
2946,0.254,0.254,0.254,0.258,0.042,0.484,0.46,0.484
2947,0.246,0.246,0.246,0.0,0.034,0.498,0.464,0.484
2948,0.18,0.18,0.18,0.0,0.249,0.526,0.463,0.486
2949,0.094,0.094,0.094,0.0,0.185,0.511,0.438,0.469
2950,0.254,0.254,0.254,0.0,0.345,0.485,0.409,0.445
2951,0.264,0.264,0.264,0.0,0.371,0.452,0.375,0.415
2952,0.254,0.254,0.254,0.0,0.41,0.415,0.356,0.387
2953,0.264,0.264,0.264,0.0,0.454,0.397,0.339,0.366
2954,0.246,0.246,0.246,0.0,0.463,0.382,0.329,0.351
2955,0.254,0.254,0.254,0.0,0.617,0.375,0.322,0.341
2956,0.254,0.254,0.254,0.0,0.316,0.373,0.32,0.337
2957,0.264,0.264,0.264,0.0,0.299,0.375,0.318,0.333
2958,0.254,0.254,0.254,0.369,0.392,0.373,0.32,0.321
2959,0.51,0.51,0.51,0.684,0.243,0.381,0.34,0.336
2960,0.688,0.688,0.688,0.83,0.013,0.403,0.366,0.361
2961,0.736,0.736,0.736,0.857,0.029,0.43,0.393,0.391
2962,0.736,0.736,0.736,0.79,0.022,0.447,0.417,0.419
2963,0.754,0.754,0.754,0.828,0.04,0.465,0.442,0.443
2964,0.726,0.726,0.726,0.854,0.04,0.471,0.467,0.462
2965,0.736,0.736,0.736,0.843,0.034,0.479,0.487,0.48
2966,0.746,0.746,0.746,0.828,0.044,0.483,0.508,0.499
2967,0.736,0.736,0.736,0.821,0.036,0.484,0.524,0.515
2968,0.736,0.736,0.736,0.777,0.034,0.482,0.542,0.525
2969,0.746,0.746,0.746,0.62,0.036,0.479,0.547,0.518
2970,0.736,0.736,0.736,0.258,0.045,0.482,0.534,0.488
2971,0.736,0.736,0.736,0.0,0.072,0.502,0.53,0.495
2972,0.482,0.482,0.482,0.0,0.106,0.533,0.519,0.508
2973,0.246,0.246,0.246,0.0,0.133,0.515,0.484,0.488
2974,0.254,0.254,0.254,0.0,0.14,0.48,0.439,0.454
2975,0.254,0.254,0.254,0.0,0.392,0.44,0.394,0.417
2976,0.246,0.246,0.246,0.0,0.27,0.412,0.375,0.387
2977,0.254,0.254,0.254,0.0,0.194,0.395,0.354,0.368
2978,0.264,0.264,0.264,0.0,0.21,0.382,0.345,0.356
2979,0.254,0.254,0.254,0.0,0.256,0.379,0.339,0.347
2980,0.264,0.264,0.264,0.0,0.206,0.383,0.345,0.345
2981,0.264,0.264,0.264,0.0,0.248,0.406,0.362,0.348
2982,0.528,0.528,0.528,0.366,0.208,0.437,0.39,0.352
2983,0.746,0.746,0.746,0.62,0.183,0.476,0.42,0.378
2984,0.764,0.764,0.764,0.766,0.181,0.513,0.444,0.405
2985,0.746,0.746,0.746,0.823,0.052,0.543,0.466,0.44
2986,0.736,0.736,0.736,0.781,0.008,0.565,0.495,0.472
2987,0.736,0.736,0.736,0.777,0.003,0.578,0.522,0.499
2988,0.726,0.726,0.726,0.823,0.062,0.588,0.55,0.519
2989,0.726,0.726,0.726,0.865,0.49,0.602,0.578,0.538
2990,0.746,0.746,0.746,0.85,0.535,0.606,0.601,0.562
2991,0.736,0.736,0.736,0.826,0.485,0.602,0.613,0.564
2992,0.632,0.632,0.632,0.773,0.489,0.594,0.626,0.565
2993,0.736,0.736,0.736,0.611,0.594,0.574,0.626,0.577
2994,0.698,0.698,0.698,0.256,0.986,0.553,0.605,0.563
2995,0.518,0.518,0.518,0.0,0.908,0.559,0.595,0.566
2996,0.51,0.51,0.51,0.0,0.841,0.582,0.574,0.571
2997,0.254,0.254,0.254,0.0,0.741,0.553,0.534,0.535
2998,0.264,0.264,0.264,0.0,0.763,0.506,0.477,0.484
2999,0.254,0.254,0.254,0.0,0.689,0.46,0.424,0.439
3000,0.264,0.264,0.264,0.0,0.669,0.429,0.393,0.404
3001,0.254,0.254,0.254,0.0,0.593,0.412,0.371,0.381
3002,0.264,0.264,0.264,0.0,0.412,0.398,0.357,0.367
3003,0.254,0.254,0.254,0.0,0.327,0.393,0.351,0.359
3004,0.264,0.264,0.264,0.0,0.197,0.397,0.355,0.357
3005,0.264,0.264,0.264,0.0,0.075,0.423,0.372,0.363
3006,0.254,0.254,0.254,0.366,0.063,0.457,0.399,0.368
3007,0.284,0.284,0.284,0.642,0.028,0.499,0.431,0.393
3008,0.518,0.518,0.518,0.781,0.083,0.534,0.449,0.425
3009,0.518,0.518,0.518,0.837,0.053,0.565,0.467,0.455
3010,0.518,0.518,0.518,0.837,0.011,0.59,0.494,0.486
3011,0.518,0.518,0.518,0.85,0.0,0.602,0.523,0.518
3012,0.518,0.518,0.518,0.852,0.0,0.599,0.547,0.541
3013,0.614,0.614,0.614,0.872,0.0,0.595,0.567,0.565
3014,0.736,0.736,0.736,0.868,0.001,0.645,0.586,0.592
3015,0.746,0.746,0.746,0.841,0.004,0.642,0.596,0.6
3016,0.754,0.754,0.754,0.788,0.01,0.632,0.612,0.61
3017,0.746,0.746,0.746,0.62,0.008,0.592,0.615,0.603
3018,0.736,0.736,0.736,0.267,0.01,0.567,0.592,0.587
3019,0.736,0.736,0.736,0.0,0.007,0.579,0.58,0.584
3020,0.754,0.754,0.754,0.0,0.0,0.599,0.566,0.579
3021,0.708,0.708,0.708,0.0,0.0,0.567,0.536,0.538
3022,0.576,0.576,0.576,0.0,0.0,0.517,0.478,0.484
3023,0.49,0.49,0.49,0.0,0.0,0.468,0.425,0.441
3024,0.254,0.254,0.254,0.0,0.0,0.433,0.393,0.409
3025,0.254,0.254,0.254,0.0,0.003,0.414,0.371,0.387
3026,0.254,0.254,0.254,0.0,0.016,0.404,0.358,0.374
3027,0.254,0.254,0.254,0.0,0.055,0.398,0.352,0.364
3028,0.264,0.264,0.264,0.0,0.245,0.406,0.357,0.363
3029,0.274,0.274,0.274,0.0,0.301,0.427,0.374,0.37
3030,0.51,0.51,0.51,0.384,0.301,0.466,0.4,0.375
3031,0.764,0.764,0.764,0.653,0.356,0.5,0.421,0.397
3032,0.764,0.764,0.764,0.804,0.369,0.52,0.436,0.426
3033,0.774,0.774,0.774,0.861,0.177,0.55,0.447,0.455
3034,0.764,0.764,0.764,0.848,0.139,0.59,0.467,0.479
3035,0.764,0.764,0.764,0.876,0.109,0.599,0.494,0.501
3036,0.774,0.774,0.774,0.848,0.071,0.597,0.518,0.517
3037,0.764,0.764,0.764,0.89,0.047,0.601,0.539,0.531
3038,0.764,0.764,0.764,0.872,0.005,0.599,0.56,0.551
3039,0.774,0.774,0.774,0.857,0.0,0.597,0.565,0.565
3040,0.754,0.754,0.754,0.801,0.001,0.585,0.565,0.56
3041,0.784,0.784,0.784,0.642,0.036,0.568,0.558,0.553
3042,0.764,0.764,0.764,0.283,0.111,0.554,0.544,0.54
3043,0.764,0.764,0.764,0.0,0.208,0.573,0.543,0.539
3044,0.736,0.736,0.736,0.0,0.288,0.586,0.538,0.545
3045,0.5,0.5,0.5,0.0,0.448,0.559,0.509,0.513
3046,0.518,0.518,0.518,0.0,0.512,0.51,0.453,0.473
3047,0.264,0.264,0.264,0.0,0.501,0.466,0.404,0.431
3048,0.188,0.188,0.188,0.0,0.339,0.431,0.376,0.399
3049,0.264,0.264,0.264,0.0,0.078,0.416,0.358,0.38
3050,0.254,0.254,0.254,0.0,0.007,0.403,0.346,0.367
3051,0.264,0.264,0.264,0.0,0.001,0.4,0.341,0.359
3052,0.254,0.254,0.254,0.0,0.012,0.404,0.348,0.36
3053,0.538,0.538,0.538,0.0,0.011,0.425,0.365,0.367
3054,0.784,0.784,0.784,0.283,0.058,0.459,0.391,0.371
3055,0.774,0.774,0.774,0.656,0.367,0.505,0.416,0.389
3056,0.792,0.792,0.792,0.823,0.421,0.538,0.428,0.405
3057,0.774,0.774,0.774,0.905,0.231,0.571,0.441,0.429
3058,0.774,0.774,0.774,0.929,0.231,0.595,0.457,0.439
3059,0.784,0.784,0.784,0.945,0.2,0.606,0.473,0.454
3060,0.774,0.774,0.774,0.929,0.113,0.606,0.492,0.463
3061,0.792,0.792,0.792,0.927,0.09,0.611,0.511,0.481
3062,0.774,0.774,0.774,0.921,0.077,0.612,0.53,0.496
3063,0.784,0.784,0.784,0.865,0.102,0.602,0.543,0.506
3064,0.774,0.774,0.774,0.801,0.08,0.592,0.556,0.512
3065,0.784,0.784,0.784,0.636,0.021,0.571,0.556,0.506
3066,0.774,0.774,0.774,0.287,0.194,0.55,0.532,0.488
3067,0.754,0.754,0.754,0.0,0.163,0.563,0.526,0.487
3068,0.746,0.746,0.746,0.0,0.131,0.59,0.521,0.498
3069,0.746,0.746,0.746,0.0,0.209,0.562,0.494,0.474
3070,0.764,0.764,0.764,0.0,0.043,0.519,0.447,0.437
3071,0.518,0.518,0.518,0.0,0.022,0.473,0.403,0.401
3072,0.5,0.5,0.5,0.0,0.001,0.439,0.376,0.374
3073,0.254,0.254,0.254,0.0,0.0,0.417,0.361,0.357
3074,0.254,0.254,0.254,0.0,0.0,0.405,0.35,0.346
3075,0.254,0.254,0.254,0.0,0.008,0.399,0.346,0.34
3076,0.274,0.274,0.274,0.0,0.022,0.403,0.349,0.342
3077,0.518,0.518,0.518,0.0,0.022,0.428,0.366,0.349
3078,0.518,0.518,0.518,0.384,0.04,0.462,0.392,0.354
3079,0.518,0.518,0.518,0.669,0.063,0.501,0.417,0.372
3080,0.68,0.68,0.68,0.804,0.071,0.537,0.43,0.397
3081,0.774,0.774,0.774,0.852,0.051,0.564,0.442,0.418
3082,0.774,0.774,0.774,0.812,0.03,0.587,0.457,0.431
3083,0.784,0.784,0.784,0.826,0.034,0.599,0.467,0.438
3084,0.774,0.774,0.774,0.817,0.01,0.604,0.48,0.439
3085,0.784,0.784,0.784,0.852,0.0,0.596,0.492,0.437
3086,0.774,0.774,0.774,0.837,0.0,0.595,0.506,0.439
3087,0.792,0.792,0.792,0.879,0.0,0.598,0.513,0.449
3088,0.774,0.774,0.774,0.806,0.0,0.587,0.522,0.458
3089,0.774,0.774,0.774,0.634,0.0,0.567,0.521,0.461
3090,0.784,0.784,0.784,0.249,0.012,0.539,0.501,0.455
3091,0.764,0.764,0.764,0.0,0.0,0.539,0.499,0.456
3092,0.764,0.764,0.764,0.0,0.0,0.567,0.497,0.466
3093,0.726,0.726,0.726,0.0,0.0,0.546,0.474,0.447
3094,0.736,0.736,0.736,0.0,0.053,0.51,0.441,0.42
3095,0.5,0.5,0.5,0.0,0.401,0.468,0.401,0.39
3096,0.528,0.528,0.528,0.0,0.606,0.432,0.375,0.366
3097,0.264,0.264,0.264,0.0,0.685,0.413,0.358,0.349
3098,0.254,0.254,0.254,0.0,0.482,0.399,0.348,0.339
3099,0.254,0.254,0.254,0.0,0.46,0.394,0.34,0.331
3100,0.264,0.264,0.264,0.0,0.51,0.395,0.339,0.33
3101,0.49,0.49,0.49,0.0,0.491,0.406,0.339,0.328
3102,0.51,0.51,0.51,0.404,0.492,0.408,0.345,0.322
3103,0.5,0.5,0.5,0.678,0.548,0.42,0.37,0.336
3104,0.51,0.51,0.51,0.797,0.255,0.453,0.399,0.359
3105,0.5,0.5,0.5,0.868,0.213,0.487,0.424,0.383
3106,0.51,0.51,0.51,0.881,0.264,0.51,0.451,0.403
3107,0.5,0.5,0.5,0.879,0.216,0.529,0.473,0.417
3108,0.528,0.528,0.528,0.887,0.298,0.528,0.493,0.432
3109,0.736,0.736,0.736,0.868,0.364,0.524,0.509,0.447
3110,0.746,0.746,0.746,0.87,0.305,0.507,0.526,0.466
3111,0.736,0.736,0.736,0.839,0.256,0.503,0.535,0.48
3112,0.746,0.746,0.746,0.784,0.291,0.497,0.545,0.49
3113,0.736,0.736,0.736,0.634,0.3,0.49,0.546,0.493
3114,0.528,0.528,0.528,0.291,0.486,0.484,0.526,0.484
3115,0.518,0.518,0.518,0.0,0.704,0.499,0.516,0.478
3116,0.264,0.264,0.264,0.0,0.537,0.526,0.505,0.487
3117,0.254,0.254,0.254,0.0,0.103,0.513,0.474,0.466
3118,0.254,0.254,0.254,0.0,0.092,0.487,0.44,0.439
3119,0.254,0.254,0.254,0.0,0.02,0.455,0.401,0.407
3120,0.254,0.254,0.254,0.0,0.047,0.428,0.376,0.381
3121,0.264,0.264,0.264,0.0,0.208,0.407,0.36,0.36
3122,0.254,0.254,0.254,0.0,0.444,0.397,0.346,0.348
3123,0.264,0.264,0.264,0.0,0.512,0.39,0.339,0.34
3124,0.368,0.368,0.368,0.0,0.51,0.385,0.337,0.337
3125,0.518,0.518,0.518,0.0,0.602,0.383,0.332,0.333
3126,0.764,0.764,0.764,0.408,0.679,0.383,0.336,0.322
3127,0.784,0.784,0.784,0.636,0.731,0.389,0.355,0.338
3128,0.774,0.774,0.774,0.737,0.884,0.411,0.383,0.364
3129,0.792,0.792,0.792,0.79,0.944,0.433,0.409,0.394
3130,0.774,0.774,0.774,0.826,0.964,0.453,0.437,0.423
3131,0.784,0.784,0.784,0.828,0.985,0.464,0.464,0.449
3132,0.774,0.774,0.774,0.815,0.97,0.472,0.489,0.473
3133,0.784,0.784,0.784,0.773,0.912,0.478,0.513,0.472
3134,0.774,0.774,0.774,0.788,0.857,0.481,0.538,0.504
3135,0.764,0.764,0.764,0.852,0.871,0.481,0.554,0.528
3136,0.784,0.784,0.784,0.781,0.807,0.481,0.564,0.543
3137,0.754,0.754,0.754,0.614,0.618,0.486,0.57,0.545
3138,0.774,0.774,0.774,0.294,1.0,0.487,0.553,0.535
3139,0.764,0.764,0.764,0.0,0.784,0.5,0.546,0.53
3140,0.764,0.764,0.764,0.0,0.96,0.538,0.54,0.535
3141,0.764,0.764,0.764,0.0,0.964,0.524,0.502,0.505
3142,0.594,0.594,0.594,0.0,0.829,0.489,0.456,0.475
3143,0.604,0.604,0.604,0.0,0.756,0.445,0.41,0.438
3144,0.614,0.614,0.614,0.0,0.566,0.41,0.382,0.404
3145,0.764,0.764,0.764,0.0,0.198,0.398,0.365,0.383
3146,0.764,0.764,0.764,0.0,0.135,0.389,0.352,0.369
3147,0.774,0.774,0.774,0.0,0.21,0.386,0.348,0.359
3148,0.754,0.754,0.754,0.0,0.873,0.39,0.353,0.359
3149,0.784,0.784,0.784,0.0,0.906,0.413,0.369,0.364
3150,0.764,0.764,0.764,0.397,0.402,0.446,0.401,0.371
3151,0.754,0.754,0.754,0.651,0.383,0.492,0.427,0.398
3152,0.784,0.784,0.784,0.806,0.105,0.526,0.452,0.431
3153,0.754,0.754,0.754,0.859,0.0,0.565,0.472,0.458
3154,0.774,0.774,0.774,0.868,0.001,0.594,0.495,0.486
3155,0.764,0.764,0.764,0.868,0.051,0.603,0.522,0.516
3156,0.764,0.764,0.764,0.87,0.063,0.611,0.546,0.544
3157,0.774,0.774,0.774,0.863,0.088,0.62,0.573,0.564
3158,0.764,0.764,0.764,0.879,0.059,0.627,0.597,0.593
3159,0.774,0.774,0.774,0.819,0.067,0.629,0.609,0.621
3160,0.774,0.774,0.774,0.817,0.068,0.621,0.617,0.635
3161,0.764,0.764,0.764,0.64,0.058,0.596,0.616,0.63
3162,0.784,0.784,0.784,0.3,0.264,0.57,0.594,0.607
3163,0.736,0.736,0.736,0.0,0.284,0.577,0.577,0.599
3164,0.518,0.518,0.518,0.0,0.189,0.597,0.564,0.601
3165,0.518,0.518,0.518,0.0,0.249,0.568,0.532,0.569
3166,0.5,0.5,0.5,0.0,0.545,0.518,0.48,0.518
3167,0.518,0.518,0.518,0.0,0.545,0.472,0.429,0.464
3168,0.518,0.518,0.518,0.0,0.515,0.426,0.395,0.423
3169,0.622,0.622,0.622,0.0,0.441,0.407,0.374,0.398
3170,0.784,0.784,0.784,0.0,0.318,0.398,0.359,0.381
3171,0.774,0.774,0.774,0.0,0.232,0.393,0.353,0.371
3172,0.774,0.774,0.774,0.0,0.109,0.399,0.356,0.37
3173,0.792,0.792,0.792,0.0,0.066,0.417,0.369,0.374
3174,0.774,0.774,0.774,0.408,0.013,0.453,0.399,0.38
3175,0.774,0.774,0.774,0.647,0.021,0.501,0.427,0.408
3176,0.784,0.784,0.784,0.781,0.016,0.537,0.443,0.438
3177,0.774,0.774,0.774,0.832,0.002,0.567,0.461,0.47
3178,0.754,0.754,0.754,0.806,0.001,0.591,0.486,0.495
3179,0.764,0.764,0.764,0.843,0.001,0.609,0.508,0.515
3180,0.774,0.774,0.774,0.815,0.006,0.616,0.535,0.532
3181,0.754,0.754,0.754,0.773,0.008,0.623,0.561,0.545
3182,0.764,0.764,0.764,0.81,0.0,0.6,0.591,0.567
3183,0.764,0.764,0.764,0.834,0.0,0.624,0.606,0.591
3184,0.746,0.746,0.746,0.768,0.0,0.614,0.621,0.604
3185,0.774,0.774,0.774,0.6,0.0,0.6,0.623,0.603
3186,0.754,0.754,0.754,0.298,0.0,0.564,0.602,0.582
3187,0.736,0.736,0.736,0.0,0.0,0.565,0.588,0.569
3188,0.518,0.518,0.518,0.0,0.0,0.594,0.576,0.566
3189,0.518,0.518,0.518,0.0,0.0,0.567,0.539,0.532
3190,0.518,0.518,0.518,0.0,0.0,0.519,0.48,0.484
3191,0.528,0.528,0.528,0.0,0.0,0.468,0.428,0.436
3192,0.5,0.5,0.5,0.0,0.0,0.42,0.4,0.402
3193,0.528,0.528,0.528,0.0,0.0,0.402,0.377,0.38
3194,0.518,0.518,0.518,0.0,0.013,0.392,0.365,0.364
3195,0.518,0.518,0.518,0.0,0.007,0.388,0.361,0.355
3196,0.518,0.518,0.518,0.0,0.005,0.39,0.365,0.354
3197,0.51,0.51,0.51,0.0,0.002,0.41,0.378,0.359
3198,0.594,0.594,0.594,0.408,0.0,0.448,0.405,0.367
3199,0.764,0.764,0.764,0.647,0.0,0.492,0.432,0.4
3200,0.774,0.774,0.774,0.746,0.0,0.528,0.453,0.416
3201,0.774,0.774,0.774,0.852,0.0,0.559,0.473,0.447
3202,0.764,0.764,0.764,0.83,0.009,0.591,0.503,0.468
3203,0.774,0.774,0.774,0.828,0.03,0.616,0.529,0.484
3204,0.774,0.774,0.774,0.786,0.042,0.634,0.562,0.501
3205,0.764,0.764,0.764,0.817,0.003,0.66,0.595,0.514
3206,0.764,0.764,0.764,0.792,0.0,0.68,0.626,0.54
3207,0.764,0.764,0.764,0.788,0.0,0.676,0.649,0.567
3208,0.764,0.764,0.764,0.724,0.0,0.66,0.66,0.583
3209,0.528,0.528,0.528,0.603,0.002,0.628,0.66,0.584
3210,0.518,0.518,0.518,0.291,0.001,0.587,0.633,0.563
3211,0.528,0.528,0.528,0.0,0.0,0.581,0.614,0.551
3212,0.51,0.51,0.51,0.0,0.003,0.599,0.593,0.552
3213,0.51,0.51,0.51,0.0,0.002,0.562,0.554,0.518
3214,0.32,0.32,0.32,0.0,0.009,0.505,0.495,0.472
3215,0.264,0.264,0.264,0.0,0.002,0.458,0.437,0.428
3216,0.254,0.254,0.254,0.0,0.094,0.422,0.406,0.394
3217,0.254,0.254,0.254,0.0,0.061,0.404,0.383,0.372
3218,0.254,0.254,0.254,0.0,0.117,0.39,0.37,0.358
3219,0.254,0.254,0.254,0.0,0.042,0.387,0.364,0.351
3220,0.274,0.274,0.274,0.0,0.039,0.39,0.369,0.35
3221,0.518,0.518,0.518,0.0,0.038,0.408,0.381,0.357
3222,0.528,0.528,0.528,0.402,0.026,0.45,0.41,0.363
3223,0.784,0.784,0.784,0.64,0.047,0.494,0.441,0.386
3224,0.764,0.764,0.764,0.742,0.092,0.54,0.467,0.414
3225,0.784,0.784,0.784,0.762,0.084,0.568,0.492,0.445
3226,0.764,0.764,0.764,0.808,0.106,0.599,0.529,0.466
3227,0.774,0.774,0.774,0.788,0.01,0.632,0.563,0.484
3228,0.764,0.764,0.764,0.748,0.009,0.654,0.603,0.517
3229,0.774,0.774,0.774,0.737,0.028,0.676,0.639,0.544
3230,0.774,0.774,0.774,0.775,0.02,0.687,0.67,0.572
3231,0.764,0.764,0.764,0.773,0.007,0.692,0.68,0.599
3232,0.764,0.764,0.764,0.675,0.0,0.67,0.691,0.614
3233,0.764,0.764,0.764,0.583,0.009,0.642,0.683,0.605
3234,0.764,0.764,0.764,0.298,0.277,0.599,0.655,0.595
3235,0.746,0.746,0.746,0.0,0.315,0.587,0.63,0.583
3236,0.51,0.51,0.51,0.0,0.283,0.601,0.609,0.578
3237,0.34,0.34,0.34,0.0,0.105,0.565,0.565,0.538
3238,0.264,0.264,0.264,0.0,0.396,0.503,0.501,0.487
3239,0.264,0.264,0.264,0.0,0.477,0.455,0.449,0.44
3240,0.254,0.254,0.254,0.0,0.182,0.422,0.411,0.406
3241,0.264,0.264,0.264,0.0,0.147,0.402,0.388,0.382
3242,0.254,0.254,0.254,0.0,0.142,0.39,0.372,0.366
3243,0.264,0.264,0.264,0.0,0.029,0.385,0.365,0.358
3244,0.254,0.254,0.254,0.0,0.017,0.388,0.367,0.356
3245,0.254,0.254,0.254,0.0,0.037,0.41,0.379,0.361
3246,0.284,0.284,0.284,0.386,0.081,0.45,0.407,0.369
3247,0.518,0.518,0.518,0.625,0.076,0.501,0.443,0.395
3248,0.518,0.518,0.518,0.733,0.079,0.541,0.471,0.427
3249,0.528,0.528,0.528,0.786,0.0,0.574,0.498,0.463
3250,0.774,0.774,0.774,0.812,0.007,0.603,0.535,0.495
3251,0.774,0.774,0.774,0.828,0.006,0.627,0.574,0.531
3252,0.784,0.784,0.784,0.841,0.0,0.645,0.604,0.578
3253,0.764,0.764,0.764,0.83,0.0,0.67,0.633,0.606
3254,0.858,0.858,0.858,0.841,0.076,0.68,0.657,0.649
3255,0.764,0.764,0.764,0.795,0.095,0.672,0.677,0.685
3256,0.784,0.784,0.784,0.751,0.04,0.642,0.691,0.703
3257,0.764,0.764,0.764,0.611,0.011,0.622,0.688,0.69
3258,0.482,0.482,0.482,0.3,0.05,0.576,0.648,0.658
3259,0.254,0.254,0.254,0.0,0.103,0.564,0.622,0.635
3260,0.264,0.264,0.264,0.0,0.152,0.585,0.597,0.628
3261,0.254,0.254,0.254,0.0,0.31,0.557,0.561,0.592
3262,0.264,0.264,0.264,0.0,0.484,0.507,0.516,0.551
3263,0.254,0.254,0.254,0.0,0.361,0.467,0.465,0.506
3264,0.254,0.254,0.254,0.0,0.378,0.431,0.429,0.471
3265,0.264,0.264,0.264,0.0,0.385,0.411,0.404,0.444
3266,0.254,0.254,0.254,0.0,0.349,0.393,0.385,0.424
3267,0.254,0.254,0.254,0.0,0.301,0.385,0.372,0.407
3268,0.264,0.264,0.264,0.0,0.229,0.384,0.365,0.395
3269,0.254,0.254,0.254,0.0,0.173,0.39,0.363,0.386
3270,0.264,0.264,0.264,0.395,0.213,0.398,0.371,0.379
3271,0.264,0.264,0.264,0.64,0.21,0.419,0.402,0.404
3272,0.254,0.254,0.254,0.759,0.138,0.452,0.448,0.445
3273,0.51,0.51,0.51,0.817,0.153,0.486,0.49,0.499
3274,0.518,0.518,0.518,0.832,0.137,0.512,0.532,0.546
3275,0.51,0.51,0.51,0.843,0.078,0.532,0.572,0.589
3276,0.528,0.528,0.528,0.828,0.057,0.537,0.606,0.622
3277,0.528,0.528,0.528,0.834,0.037,0.54,0.634,0.65
3278,0.528,0.528,0.528,0.837,0.016,0.54,0.666,0.679
3279,0.528,0.528,0.528,0.834,0.003,0.539,0.678,0.701
3280,0.528,0.528,0.528,0.779,0.0,0.537,0.69,0.71
3281,0.774,0.774,0.774,0.636,0.027,0.532,0.689,0.702
3282,0.736,0.736,0.736,0.316,0.051,0.528,0.658,0.674
3283,0.754,0.754,0.754,0.0,0.058,0.521,0.628,0.645
3284,0.754,0.754,0.754,0.0,0.069,0.544,0.605,0.635
3285,0.614,0.614,0.614,0.0,0.076,0.529,0.561,0.597
3286,0.518,0.518,0.518,0.0,0.108,0.49,0.51,0.55
3287,0.264,0.264,0.264,0.0,0.098,0.454,0.461,0.501
3288,0.254,0.254,0.254,0.0,0.028,0.422,0.427,0.461
3289,0.264,0.264,0.264,0.0,0.011,0.4,0.399,0.431
3290,0.254,0.254,0.254,0.0,0.012,0.388,0.381,0.409
3291,0.264,0.264,0.264,0.0,0.045,0.379,0.366,0.392
3292,0.264,0.264,0.264,0.0,0.07,0.376,0.358,0.38
3293,0.518,0.518,0.518,0.0,0.114,0.378,0.351,0.368
3294,0.528,0.528,0.528,0.417,0.094,0.373,0.355,0.36
3295,0.764,0.764,0.764,0.638,0.116,0.383,0.389,0.386
3296,0.774,0.774,0.774,0.759,0.143,0.404,0.434,0.43
3297,0.774,0.774,0.774,0.775,0.0,0.426,0.476,0.477
3298,0.784,0.784,0.784,0.817,0.0,0.446,0.522,0.524
3299,0.774,0.774,0.774,0.773,0.013,0.464,0.561,0.569
3300,0.784,0.784,0.784,0.797,0.047,0.475,0.604,0.608
3301,0.774,0.774,0.774,0.792,0.045,0.487,0.64,0.639
3302,0.784,0.784,0.784,0.779,0.034,0.494,0.673,0.676
3303,0.774,0.774,0.774,0.804,0.017,0.502,0.693,0.704
3304,0.774,0.774,0.774,0.753,0.007,0.503,0.708,0.721
3305,0.708,0.708,0.708,0.611,0.005,0.498,0.706,0.719
3306,0.5,0.5,0.5,0.309,0.017,0.489,0.668,0.688
3307,0.34,0.34,0.34,0.0,0.013,0.497,0.642,0.662
3308,0.264,0.264,0.264,0.0,0.045,0.534,0.621,0.653
3309,0.254,0.254,0.254,0.0,0.07,0.515,0.572,0.606
3310,0.254,0.254,0.254,0.0,0.047,0.482,0.511,0.55
3311,0.264,0.264,0.264,0.0,0.078,0.444,0.462,0.496
3312,0.254,0.254,0.254,0.0,0.085,0.413,0.42,0.459
3313,0.254,0.254,0.254,0.0,0.059,0.396,0.397,0.429
3314,0.264,0.264,0.264,0.0,0.088,0.385,0.382,0.408
3315,0.264,0.264,0.264,0.0,0.162,0.382,0.375,0.394
3316,0.284,0.284,0.284,0.0,0.299,0.389,0.378,0.389
3317,0.528,0.528,0.528,0.0,0.296,0.412,0.392,0.391
3318,0.698,0.698,0.698,0.322,0.301,0.451,0.423,0.405
3319,0.774,0.774,0.774,0.477,0.285,0.504,0.455,0.447
3320,0.792,0.792,0.792,0.682,0.221,0.544,0.487,0.474
3321,0.764,0.764,0.764,0.753,0.078,0.589,0.522,0.506
3322,0.792,0.792,0.792,0.795,0.059,0.625,0.567,0.55
3323,0.784,0.784,0.784,0.792,0.032,0.655,0.604,0.596
3324,0.774,0.774,0.774,0.786,0.041,0.671,0.637,0.643
3325,0.792,0.792,0.792,0.804,0.04,0.675,0.667,0.684
3326,0.764,0.764,0.764,0.755,0.021,0.683,0.688,0.717
3327,0.792,0.792,0.792,0.746,0.009,0.677,0.691,0.723
3328,0.774,0.774,0.774,0.673,0.013,0.668,0.698,0.71
3329,0.754,0.754,0.754,0.483,0.016,0.641,0.688,0.688
3330,0.698,0.698,0.698,0.23,0.021,0.598,0.654,0.662
3331,0.604,0.604,0.604,0.0,0.015,0.573,0.639,0.668
3332,0.528,0.528,0.528,0.0,0.013,0.594,0.621,0.666
3333,0.49,0.49,0.49,0.0,0.062,0.566,0.585,0.625
3334,0.264,0.264,0.264,0.0,0.119,0.508,0.523,0.574
3335,0.254,0.254,0.254,0.0,0.055,0.464,0.461,0.521
3336,0.254,0.254,0.254,0.0,0.015,0.429,0.425,0.48
3337,0.264,0.264,0.264,0.0,0.024,0.41,0.405,0.449
3338,0.254,0.254,0.254,0.0,0.203,0.396,0.386,0.427
3339,0.264,0.264,0.264,0.0,0.073,0.389,0.38,0.411
3340,0.254,0.254,0.254,0.0,0.118,0.394,0.384,0.404
3341,0.472,0.472,0.472,0.0,0.12,0.413,0.399,0.406
3342,0.576,0.576,0.576,0.4,0.028,0.455,0.43,0.413
3343,0.792,0.792,0.792,0.618,0.012,0.504,0.46,0.435
3344,0.764,0.764,0.764,0.669,0.032,0.538,0.486,0.462
3345,0.784,0.784,0.784,0.636,0.044,0.573,0.519,0.493
3346,0.774,0.774,0.774,0.629,0.036,0.604,0.562,0.522
3347,0.784,0.784,0.784,0.675,0.0,0.634,0.602,0.545
3348,0.764,0.764,0.764,0.642,0.0,0.655,0.643,0.576
3349,0.784,0.784,0.784,0.64,0.0,0.681,0.684,0.607
3350,0.764,0.764,0.764,0.616,0.0,0.694,0.716,0.645
3351,0.784,0.784,0.784,0.735,0.0,0.699,0.741,0.674
3352,0.764,0.764,0.764,0.735,0.0,0.693,0.724,0.694
3353,0.764,0.764,0.764,0.592,0.0,0.661,0.663,0.676
3354,0.764,0.764,0.764,0.316,0.0,0.614,0.629,0.646
3355,0.764,0.764,0.764,0.0,0.001,0.593,0.62,0.638
3356,0.764,0.764,0.764,0.0,0.0,0.607,0.613,0.636
3357,0.726,0.726,0.726,0.0,0.001,0.57,0.585,0.601
3358,0.452,0.452,0.452,0.0,0.001,0.514,0.529,0.548
3359,0.254,0.254,0.254,0.0,0.011,0.465,0.475,0.496
3360,0.264,0.264,0.264,0.0,0.322,0.429,0.44,0.45
3361,0.264,0.264,0.264,0.0,0.312,0.41,0.417,0.425
3362,0.264,0.264,0.264,0.0,0.331,0.398,0.4,0.405
3363,0.274,0.274,0.274,0.0,0.139,0.392,0.392,0.393
3364,0.32,0.32,0.32,0.0,0.131,0.394,0.396,0.389
3365,0.528,0.528,0.528,0.0,0.12,0.413,0.407,0.392
3366,0.774,0.774,0.774,0.238,0.065,0.446,0.447,0.403
3367,0.774,0.774,0.774,0.355,0.073,0.495,0.489,0.445
3368,0.774,0.774,0.774,0.545,0.089,0.535,0.528,0.488
3369,0.774,0.774,0.774,0.508,0.073,0.577,0.563,0.538
3370,0.774,0.774,0.774,0.563,0.003,0.616,0.608,0.585
3371,0.754,0.754,0.754,0.695,0.002,0.639,0.653,0.629
3372,0.774,0.774,0.774,0.728,0.001,0.668,0.693,0.672
3373,0.774,0.774,0.774,0.731,0.004,0.692,0.732,0.704
3374,0.754,0.754,0.754,0.267,0.0,0.7,0.759,0.752
3375,0.774,0.774,0.774,0.011,0.0,0.694,0.78,0.791
3376,0.764,0.764,0.764,0.11,0.0,0.684,0.792,0.812
3377,0.784,0.784,0.784,0.082,0.0,0.656,0.784,0.807
3378,0.774,0.774,0.774,0.0,0.0,0.608,0.739,0.769
3379,0.764,0.764,0.764,0.0,0.0,0.596,0.719,0.74
3380,0.774,0.774,0.774,0.0,0.0,0.619,0.694,0.723
3381,0.764,0.764,0.764,0.0,0.0,0.588,0.645,0.667
3382,0.802,0.802,0.802,0.0,0.0,0.523,0.568,0.598
3383,0.754,0.754,0.754,0.0,0.028,0.468,0.5,0.531
3384,0.622,0.622,0.622,0.0,0.0,0.436,0.459,0.483
3385,0.518,0.518,0.518,0.0,0.142,0.414,0.433,0.452
3386,0.518,0.518,0.518,0.0,0.469,0.403,0.413,0.429
3387,0.528,0.528,0.528,0.0,0.481,0.395,0.4,0.412
3388,0.528,0.528,0.528,0.0,0.357,0.401,0.402,0.408
3389,0.51,0.51,0.51,0.0,0.262,0.422,0.412,0.408
3390,0.538,0.538,0.538,0.413,0.216,0.46,0.45,0.423
3391,0.614,0.614,0.614,0.607,0.015,0.51,0.492,0.466
3392,0.774,0.774,0.774,0.744,0.032,0.555,0.527,0.516
3393,0.774,0.774,0.774,0.753,0.175,0.585,0.561,0.562
3394,0.774,0.774,0.774,0.766,0.315,0.629,0.602,0.615
3395,0.764,0.764,0.764,0.83,0.214,0.655,0.639,0.656
3396,0.774,0.774,0.774,0.819,0.255,0.668,0.677,0.704
3397,0.774,0.774,0.774,0.795,0.137,0.687,0.716,0.748
3398,0.774,0.774,0.774,0.801,0.221,0.702,0.752,0.756
3399,0.764,0.764,0.764,0.786,0.15,0.704,0.777,0.749
3400,0.774,0.774,0.774,0.753,0.117,0.695,0.79,0.729
3401,0.774,0.774,0.774,0.611,0.707,0.663,0.785,0.722
3402,0.764,0.764,0.764,0.32,0.077,0.607,0.749,0.712
3403,0.764,0.764,0.764,0.0,0.986,0.592,0.713,0.704
3404,0.764,0.764,0.764,0.0,0.974,0.614,0.691,0.703
3405,0.584,0.584,0.584,0.0,0.976,0.579,0.645,0.667
3406,0.51,0.51,0.51,0.0,0.436,0.524,0.574,0.608
3407,0.49,0.49,0.49,0.0,0.118,0.479,0.503,0.548
3408,0.254,0.254,0.254,0.0,0.033,0.444,0.463,0.508
3409,0.264,0.264,0.264,0.0,0.038,0.414,0.435,0.478
3410,0.264,0.264,0.264,0.0,0.034,0.401,0.416,0.452
3411,0.254,0.254,0.254,0.0,0.018,0.395,0.404,0.436
3412,0.264,0.264,0.264,0.0,0.073,0.4,0.404,0.423
3413,0.254,0.254,0.254,0.0,0.206,0.421,0.413,0.416
3414,0.462,0.462,0.462,0.419,0.541,0.455,0.446,0.432
3415,0.518,0.518,0.518,0.634,0.856,0.5,0.489,0.477
3416,0.518,0.518,0.518,0.72,0.911,0.545,0.525,0.525
3417,0.774,0.774,0.774,0.817,0.925,0.594,0.558,0.58
3418,0.784,0.784,0.784,0.815,0.806,0.632,0.597,0.631
3419,0.774,0.774,0.774,0.848,0.963,0.661,0.64,0.668
3420,0.784,0.784,0.784,0.863,0.721,0.677,0.68,0.707
3421,0.784,0.784,0.784,0.874,0.448,0.692,0.726,0.732
3422,0.774,0.774,0.774,0.868,0.307,0.706,0.757,0.76
3423,0.774,0.774,0.774,0.819,0.289,0.701,0.777,0.779
3424,0.774,0.774,0.774,0.784,0.216,0.681,0.783,0.785
3425,0.784,0.784,0.784,0.645,0.219,0.636,0.772,0.773
3426,0.774,0.774,0.774,0.338,0.001,0.59,0.732,0.74
3427,0.764,0.764,0.764,0.0,0.012,0.571,0.691,0.705
3428,0.784,0.784,0.784,0.0,0.003,0.581,0.668,0.694
3429,0.708,0.708,0.708,0.0,0.0,0.556,0.626,0.656
3430,0.584,0.584,0.584,0.0,0.0,0.517,0.567,0.601
3431,0.51,0.51,0.51,0.0,0.0,0.475,0.509,0.544
3432,0.5,0.5,0.5,0.0,0.713,0.438,0.467,0.5
3433,0.264,0.264,0.264,0.0,0.902,0.418,0.435,0.466
3434,0.254,0.254,0.254,0.0,0.701,0.403,0.412,0.441
3435,0.264,0.264,0.264,0.0,0.705,0.395,0.398,0.424
3436,0.254,0.254,0.254,0.0,0.389,0.393,0.39,0.411
3437,0.264,0.264,0.264,0.0,0.313,0.395,0.383,0.399
3438,0.264,0.264,0.264,0.415,0.505,0.4,0.394,0.398
3439,0.274,0.274,0.274,0.658,0.583,0.423,0.438,0.431
3440,0.51,0.51,0.51,0.806,0.689,0.46,0.488,0.48
3441,0.518,0.518,0.518,0.887,0.89,0.498,0.54,0.532
3442,0.518,0.518,0.518,0.903,0.842,0.522,0.588,0.58
3443,0.518,0.518,0.518,0.887,0.587,0.539,0.633,0.619
3444,0.528,0.528,0.528,0.879,0.26,0.542,0.67,0.648
3445,0.784,0.784,0.784,0.863,0.226,0.546,0.702,0.664
3446,0.774,0.774,0.774,0.87,0.223,0.543,0.729,0.688
3447,0.774,0.774,0.774,0.834,0.196,0.54,0.746,0.705
3448,0.764,0.764,0.764,0.792,0.096,0.538,0.758,0.711
3449,0.784,0.784,0.784,0.649,0.065,0.528,0.747,0.698
3450,0.774,0.774,0.774,0.347,0.097,0.518,0.718,0.671
3451,0.538,0.538,0.538,0.0,0.018,0.516,0.678,0.639
3452,0.292,0.292,0.292,0.0,0.031,0.544,0.653,0.639
3453,0.254,0.254,0.254,0.0,0.129,0.527,0.6,0.603
3454,0.236,0.236,0.236,0.0,0.109,0.5,0.544,0.557
3455,0.246,0.246,0.246,0.0,0.183,0.468,0.493,0.514
3456,0.264,0.264,0.264,0.0,0.247,0.433,0.454,0.473
3457,0.254,0.254,0.254,0.0,0.146,0.411,0.426,0.444
3458,0.254,0.254,0.254,0.0,0.038,0.399,0.407,0.419
3459,0.264,0.264,0.264,0.0,0.056,0.388,0.393,0.401
3460,0.254,0.254,0.254,0.0,0.066,0.383,0.385,0.389
3461,0.254,0.254,0.254,0.0,0.063,0.384,0.375,0.374
3462,0.378,0.378,0.378,0.424,0.051,0.379,0.381,0.37
3463,0.642,0.642,0.642,0.634,0.099,0.392,0.416,0.399
3464,0.774,0.774,0.774,0.784,0.091,0.415,0.465,0.445
3465,0.764,0.764,0.764,0.823,0.058,0.441,0.515,0.495
3466,0.764,0.764,0.764,0.81,0.052,0.464,0.563,0.546
3467,0.774,0.774,0.774,0.845,0.014,0.475,0.611,0.586
3468,0.764,0.764,0.764,0.834,0.078,0.481,0.651,0.612
3469,0.774,0.774,0.774,0.753,0.019,0.484,0.687,0.627
3470,0.774,0.774,0.774,0.682,0.006,0.487,0.721,0.633
3471,0.774,0.774,0.774,0.596,0.0,0.49,0.733,0.632
3472,0.774,0.774,0.774,0.106,0.0,0.488,0.74,0.635
3473,0.784,0.784,0.784,0.366,0.0,0.489,0.737,0.618
3474,0.754,0.754,0.754,0.254,0.0,0.494,0.696,0.586
3475,0.576,0.576,0.576,0.0,0.011,0.51,0.662,0.582
3476,0.302,0.302,0.302,0.0,0.237,0.533,0.646,0.6
3477,0.274,0.274,0.274,0.0,0.036,0.516,0.592,0.576
3478,0.264,0.264,0.264,0.0,0.065,0.473,0.532,0.532
3479,0.264,0.264,0.264,0.0,0.026,0.441,0.473,0.484
3480,0.264,0.264,0.264,0.0,0.041,0.411,0.436,0.446
3481,0.264,0.264,0.264,0.0,0.016,0.395,0.412,0.419
3482,0.254,0.254,0.254,0.0,0.001,0.386,0.397,0.401
3483,0.33,0.33,0.33,0.0,0.002,0.382,0.386,0.393
3484,0.528,0.528,0.528,0.0,0.001,0.387,0.389,0.394
3485,0.784,0.784,0.784,0.0,0.017,0.418,0.402,0.398
3486,0.764,0.764,0.764,0.172,0.057,0.454,0.432,0.402
3487,0.784,0.784,0.784,0.329,0.026,0.5,0.469,0.414
3488,0.774,0.774,0.774,0.845,0.061,0.536,0.48,0.423
3489,0.784,0.784,0.784,0.932,0.055,0.568,0.481,0.433
3490,0.784,0.784,0.784,0.786,0.024,0.578,0.485,0.444
3491,0.774,0.774,0.774,0.799,0.0,0.599,0.486,0.453
3492,0.784,0.784,0.784,0.874,0.0,0.602,0.49,0.455
3493,0.774,0.774,0.774,0.801,0.0,0.608,0.501,0.45
3494,0.774,0.774,0.774,0.768,0.0,0.6,0.511,0.453
3495,0.764,0.764,0.764,0.698,0.005,0.6,0.514,0.457
3496,0.764,0.764,0.764,0.779,0.225,0.595,0.524,0.461
3497,0.764,0.764,0.764,0.66,0.084,0.577,0.528,0.46
3498,0.764,0.764,0.764,0.362,0.067,0.546,0.517,0.456
3499,0.764,0.764,0.764,0.0,0.036,0.537,0.507,0.463
3500,0.764,0.764,0.764,0.0,0.22,0.567,0.513,0.485
3501,0.754,0.754,0.754,0.0,0.142,0.55,0.491,0.47
3502,0.51,0.51,0.51,0.0,0.268,0.505,0.449,0.437
3503,0.518,0.518,0.518,0.0,0.811,0.458,0.4,0.403
3504,0.264,0.264,0.264,0.0,0.85,0.433,0.376,0.376
3505,0.264,0.264,0.264,0.0,0.635,0.41,0.359,0.36
3506,0.264,0.264,0.264,0.0,0.461,0.399,0.349,0.35
3507,0.274,0.274,0.274,0.0,0.426,0.392,0.347,0.345
3508,0.528,0.528,0.528,0.0,0.422,0.398,0.355,0.347
3509,0.792,0.792,0.792,0.0,0.076,0.411,0.366,0.349
3510,0.764,0.764,0.764,0.446,0.293,0.438,0.395,0.359
3511,0.774,0.774,0.774,0.667,0.551,0.491,0.422,0.384
3512,0.792,0.792,0.792,0.81,0.256,0.542,0.439,0.407
3513,0.774,0.774,0.774,0.861,0.072,0.573,0.457,0.434
3514,0.774,0.774,0.774,0.863,0.066,0.603,0.479,0.453
3515,0.784,0.784,0.784,0.857,0.096,0.621,0.501,0.469
3516,0.774,0.774,0.774,0.848,0.113,0.63,0.523,0.481
3517,0.754,0.754,0.754,0.848,0.113,0.637,0.552,0.494
3518,0.774,0.774,0.774,0.848,0.074,0.644,0.578,0.519
3519,0.774,0.774,0.774,0.872,0.105,0.641,0.602,0.544
3520,0.754,0.754,0.754,0.779,0.074,0.64,0.622,0.567
3521,0.784,0.784,0.784,0.627,0.035,0.625,0.629,0.574
3522,0.774,0.774,0.774,0.355,0.061,0.591,0.611,0.565
3523,0.764,0.764,0.764,0.0,0.015,0.572,0.589,0.555
3524,0.764,0.764,0.764,0.0,0.013,0.601,0.582,0.564
3525,0.774,0.774,0.774,0.0,0.02,0.578,0.548,0.533
3526,0.784,0.784,0.784,0.0,0.083,0.527,0.486,0.485
3527,0.66,0.66,0.66,0.0,0.064,0.479,0.434,0.438
3528,0.528,0.528,0.528,0.0,0.006,0.446,0.399,0.402
3529,0.528,0.528,0.528,0.0,0.003,0.424,0.38,0.38
3530,0.538,0.538,0.538,0.0,0.022,0.405,0.365,0.366
3531,0.528,0.528,0.528,0.0,0.002,0.398,0.358,0.357
3532,0.774,0.774,0.774,0.0,0.061,0.408,0.364,0.358
3533,0.784,0.784,0.784,0.0,0.21,0.418,0.376,0.36
3534,0.784,0.784,0.784,0.444,0.061,0.449,0.409,0.371
3535,0.774,0.774,0.774,0.669,0.013,0.502,0.445,0.4
3536,0.774,0.774,0.774,0.742,0.126,0.553,0.472,0.431
3537,0.784,0.784,0.784,0.775,0.117,0.602,0.499,0.468
3538,0.774,0.774,0.774,0.801,0.104,0.646,0.535,0.504
3539,0.774,0.774,0.774,0.819,0.009,0.685,0.577,0.535
3540,0.774,0.774,0.774,0.845,0.0,0.707,0.621,0.563
3541,0.764,0.764,0.764,0.832,0.0,0.729,0.667,0.59
3542,0.774,0.774,0.774,0.817,0.0,0.742,0.711,0.628
3543,0.774,0.774,0.774,0.804,0.011,0.748,0.74,0.669
3544,0.764,0.764,0.764,0.788,0.079,0.745,0.766,0.699
3545,0.784,0.784,0.784,0.645,0.142,0.725,0.77,0.711
3546,0.764,0.764,0.764,0.362,0.271,0.684,0.739,0.695
3547,0.754,0.754,0.754,0.0,0.364,0.657,0.694,0.664
3548,0.518,0.518,0.518,0.0,0.444,0.668,0.661,0.656
3549,0.51,0.51,0.51,0.0,0.378,0.639,0.621,0.605
3550,0.264,0.264,0.264,0.0,0.504,0.574,0.55,0.545
3551,0.254,0.254,0.254,0.0,0.37,0.517,0.487,0.489
3552,0.254,0.254,0.254,0.0,0.125,0.471,0.447,0.444
3553,0.264,0.264,0.264,0.0,0.396,0.436,0.417,0.415
3554,0.518,0.518,0.518,0.0,0.438,0.421,0.394,0.396
3555,0.518,0.518,0.518,0.0,0.585,0.413,0.385,0.383
3556,0.584,0.584,0.584,0.0,0.577,0.415,0.388,0.379
3557,0.784,0.784,0.784,0.0,0.546,0.437,0.395,0.377
3558,0.784,0.784,0.784,0.437,0.412,0.465,0.433,0.392
3559,0.774,0.774,0.774,0.673,0.307,0.524,0.474,0.427
3560,0.784,0.784,0.784,0.781,0.214,0.586,0.507,0.466
3561,0.784,0.784,0.784,0.85,0.187,0.635,0.544,0.511
3562,0.784,0.784,0.784,0.854,0.247,0.677,0.587,0.558
3563,0.774,0.774,0.774,0.848,0.225,0.707,0.63,0.6
3564,0.784,0.784,0.784,0.87,0.252,0.724,0.673,0.641
3565,0.774,0.774,0.774,0.872,0.296,0.743,0.716,0.671
3566,0.784,0.784,0.784,0.823,0.237,0.779,0.751,0.714
3567,0.754,0.754,0.754,0.832,0.18,0.745,0.767,0.753
3568,0.784,0.784,0.784,0.788,0.153,0.757,0.776,0.774
3569,0.774,0.774,0.774,0.662,0.086,0.723,0.771,0.772
3570,0.774,0.774,0.774,0.364,0.075,0.671,0.734,0.745
3571,0.774,0.774,0.774,0.0,0.094,0.627,0.692,0.703
3572,0.774,0.774,0.774,0.0,0.428,0.647,0.666,0.687
3573,0.462,0.462,0.462,0.0,0.566,0.613,0.623,0.638
3574,0.34,0.34,0.34,0.0,0.349,0.566,0.559,0.572
3575,0.254,0.254,0.254,0.0,0.349,0.502,0.499,0.512
3576,0.254,0.254,0.254,0.0,0.589,0.465,0.453,0.467
3577,0.264,0.264,0.264,0.0,0.683,0.435,0.424,0.435
3578,0.254,0.254,0.254,0.0,0.541,0.417,0.403,0.416
3579,0.254,0.254,0.254,0.0,0.59,0.409,0.394,0.402
3580,0.254,0.254,0.254,0.0,0.652,0.414,0.395,0.396
3581,0.51,0.51,0.51,0.0,0.736,0.441,0.399,0.388
3582,0.528,0.528,0.528,0.446,0.764,0.462,0.431,0.397
3583,0.784,0.784,0.784,0.68,0.661,0.52,0.475,0.43
3584,0.774,0.774,0.774,0.797,0.489,0.56,0.509,0.471
3585,0.774,0.774,0.774,0.876,0.519,0.596,0.541,0.518
3586,0.774,0.774,0.774,0.896,0.341,0.628,0.58,0.568
3587,0.774,0.774,0.774,0.885,0.51,0.646,0.613,0.613
3588,0.784,0.784,0.784,0.898,0.485,0.653,0.644,0.644
3589,0.774,0.774,0.774,0.892,0.242,0.659,0.676,0.664
3590,0.754,0.754,0.754,0.881,0.08,0.66,0.7,0.69
3591,0.784,0.784,0.784,0.863,0.144,0.643,0.715,0.705
3592,0.774,0.774,0.774,0.823,0.131,0.621,0.724,0.703
3593,0.764,0.764,0.764,0.671,0.069,0.596,0.719,0.669
3594,0.774,0.774,0.774,0.377,0.16,0.564,0.679,0.622
3595,0.774,0.774,0.774,0.0,0.229,0.562,0.642,0.606
3596,0.764,0.764,0.764,0.0,0.354,0.582,0.622,0.613
3597,0.584,0.584,0.584,0.0,0.336,0.567,0.585,0.581
3598,0.51,0.51,0.51,0.0,0.624,0.526,0.526,0.537
3599,0.264,0.264,0.264,0.0,0.475,0.489,0.473,0.492
3600,0.254,0.254,0.254,0.0,0.231,0.456,0.433,0.451
3601,0.254,0.254,0.254,0.0,0.11,0.432,0.406,0.423
3602,0.254,0.254,0.254,0.0,0.285,0.406,0.387,0.399
3603,0.264,0.264,0.264,0.0,0.309,0.411,0.373,0.384
3604,0.284,0.284,0.284,0.0,0.297,0.394,0.366,0.371
3605,0.528,0.528,0.528,0.0,0.528,0.395,0.361,0.358
3606,0.51,0.51,0.51,0.475,0.637,0.396,0.366,0.351
3607,0.51,0.51,0.51,0.724,0.606,0.418,0.395,0.366
3608,0.746,0.746,0.746,0.872,0.481,0.453,0.43,0.388
3609,0.754,0.754,0.754,0.947,0.382,0.476,0.466,0.406
3610,0.746,0.746,0.746,0.951,0.163,0.499,0.499,0.417
3611,0.736,0.736,0.736,0.947,0.126,0.524,0.525,0.424
3612,0.746,0.746,0.746,0.94,0.088,0.524,0.547,0.419
3613,0.736,0.736,0.736,0.945,0.04,0.52,0.566,0.406
3614,0.746,0.746,0.746,0.916,0.024,0.512,0.584,0.406
3615,0.726,0.726,0.726,0.872,0.141,0.506,0.593,0.413
3616,0.746,0.746,0.746,0.85,0.189,0.501,0.598,0.42
3617,0.746,0.746,0.746,0.702,0.337,0.5,0.594,0.423
3618,0.736,0.736,0.736,0.4,0.554,0.491,0.565,0.416
3619,0.518,0.518,0.518,0.0,0.513,0.493,0.541,0.413
3620,0.378,0.378,0.378,0.0,0.617,0.533,0.535,0.43
3621,0.264,0.264,0.264,0.0,0.508,0.525,0.507,0.42
3622,0.254,0.254,0.254,0.0,0.649,0.502,0.47,0.403
3623,0.254,0.254,0.254,0.0,0.93,0.468,0.431,0.381
3624,0.254,0.254,0.254,0.0,0.898,0.435,0.4,0.362
3625,0.264,0.264,0.264,0.0,0.871,0.414,0.381,0.349
3626,0.254,0.254,0.254,0.0,0.916,0.395,0.367,0.338
3627,0.264,0.264,0.264,0.0,0.922,0.385,0.359,0.334
3628,0.274,0.274,0.274,0.0,0.93,0.381,0.354,0.331
3629,0.518,0.518,0.518,0.0,0.927,0.385,0.345,0.322
3630,0.518,0.518,0.518,0.455,0.544,0.376,0.348,0.315
3631,0.736,0.736,0.736,0.684,0.075,0.391,0.367,0.327
3632,0.764,0.764,0.764,0.79,0.231,0.412,0.392,0.346
3633,0.774,0.774,0.774,0.801,0.434,0.431,0.419,0.365
3634,0.774,0.774,0.774,0.812,0.514,0.457,0.441,0.381
3635,0.774,0.774,0.774,0.845,0.61,0.482,0.459,0.393
3636,0.764,0.764,0.764,0.806,0.741,0.494,0.475,0.397
3637,0.784,0.784,0.784,0.795,0.641,0.5,0.48,0.397
3638,0.764,0.764,0.764,0.841,0.5,0.502,0.493,0.41
3639,0.774,0.774,0.774,0.879,0.614,0.504,0.5,0.423
3640,0.774,0.774,0.774,0.781,0.423,0.501,0.512,0.435
3641,0.736,0.736,0.736,0.64,0.448,0.494,0.515,0.441
3642,0.482,0.482,0.482,0.371,0.415,0.491,0.5,0.436
3643,0.378,0.378,0.378,0.0,0.441,0.491,0.482,0.434
3644,0.254,0.254,0.254,0.0,0.588,0.528,0.481,0.453
3645,0.254,0.254,0.254,0.0,0.811,0.524,0.457,0.437
3646,0.254,0.254,0.254,0.0,0.904,0.495,0.422,0.417
3647,0.264,0.264,0.264,0.0,0.893,0.455,0.386,0.39
3648,0.254,0.254,0.254,0.0,0.856,0.428,0.362,0.367
3649,0.264,0.264,0.264,0.0,0.443,0.359,0.346,0.338
3650,0.254,0.254,0.254,0.0,0.573,0.335,0.334,0.325
3651,0.274,0.274,0.274,0.0,0.406,0.331,0.33,0.317
3652,0.51,0.51,0.51,0.0,0.263,0.328,0.329,0.316
3653,0.774,0.774,0.774,0.0,0.482,0.329,0.328,0.305
3654,0.784,0.784,0.784,0.45,0.89,0.33,0.331,0.297
3655,0.764,0.764,0.764,0.653,0.916,0.348,0.351,0.312
3656,0.774,0.774,0.774,0.77,0.741,0.38,0.378,0.337
3657,0.784,0.784,0.784,0.852,0.631,0.419,0.405,0.368
3658,0.774,0.774,0.774,0.843,0.564,0.453,0.436,0.389
3659,0.774,0.774,0.774,0.839,0.564,0.475,0.463,0.407
3660,0.774,0.774,0.774,0.801,0.428,0.485,0.487,0.42
3661,0.774,0.774,0.774,0.837,0.205,0.496,0.508,0.428
3662,0.774,0.774,0.774,0.832,0.167,0.502,0.529,0.446
3663,0.764,0.764,0.764,0.812,0.135,0.503,0.545,0.468
3664,0.784,0.784,0.784,0.722,0.1,0.5,0.559,0.484
3665,0.764,0.764,0.764,0.631,0.094,0.503,0.568,0.495
3666,0.764,0.764,0.764,0.375,0.032,0.495,0.553,0.49
3667,0.764,0.764,0.764,0.0,0.035,0.487,0.533,0.486
3668,0.584,0.584,0.584,0.0,0.0,0.518,0.53,0.5
3669,0.528,0.528,0.528,0.0,0.0,0.507,0.502,0.479
3670,0.312,0.312,0.312,0.0,0.276,0.467,0.451,0.438
3671,0.254,0.254,0.254,0.0,0.256,0.422,0.401,0.398
3672,0.254,0.254,0.254,0.0,0.007,0.383,0.372,0.367
3673,0.264,0.264,0.264,0.0,0.08,0.358,0.356,0.345
3674,0.254,0.254,0.254,0.0,0.207,0.345,0.343,0.333
3675,0.264,0.264,0.264,0.0,0.202,0.34,0.34,0.326
3676,0.5,0.5,0.5,0.0,0.037,0.347,0.346,0.329
3677,0.746,0.746,0.746,0.0,0.0,0.368,0.355,0.33
3678,0.784,0.784,0.784,0.446,0.0,0.411,0.381,0.344
3679,0.774,0.774,0.774,0.634,0.0,0.461,0.412,0.369
3680,0.774,0.774,0.774,0.731,0.0,0.499,0.438,0.401
3681,0.746,0.746,0.746,0.781,0.0,0.543,0.46,0.432
3682,0.774,0.774,0.774,0.843,0.0,0.578,0.492,0.454
3683,0.764,0.764,0.764,0.85,0.0,0.605,0.522,0.478
3684,0.754,0.754,0.754,0.821,0.0,0.622,0.553,0.494
3685,0.754,0.754,0.754,0.764,0.0,0.636,0.585,0.513
3686,0.754,0.754,0.754,0.753,0.0,0.653,0.615,0.541
3687,0.764,0.764,0.764,0.74,0.001,0.654,0.635,0.567
3688,0.754,0.754,0.754,0.693,0.001,0.65,0.65,0.586
3689,0.754,0.754,0.754,0.605,0.003,0.634,0.655,0.59
3690,0.754,0.754,0.754,0.362,0.009,0.603,0.631,0.58
3691,0.754,0.754,0.754,0.0,0.013,0.574,0.601,0.57
3692,0.774,0.774,0.774,0.0,0.023,0.581,0.584,0.561
3693,0.548,0.548,0.548,0.0,0.024,0.556,0.546,0.53
3694,0.358,0.358,0.358,0.0,0.053,0.512,0.487,0.482
3695,0.254,0.254,0.254,0.0,0.122,0.462,0.432,0.433
3696,0.264,0.264,0.264,0.0,0.038,0.409,0.4,0.398
3697,0.254,0.254,0.254,0.0,0.078,0.386,0.378,0.375
3698,0.264,0.264,0.264,0.0,0.046,0.368,0.363,0.357
3699,0.302,0.302,0.302,0.0,0.02,0.357,0.355,0.347
3700,0.528,0.528,0.528,0.0,0.096,0.362,0.362,0.345
3701,0.51,0.51,0.51,0.0,0.118,0.391,0.369,0.345
3702,0.754,0.754,0.754,0.422,0.067,0.427,0.394,0.36
3703,0.774,0.774,0.774,0.645,0.071,0.476,0.428,0.393
3704,0.784,0.784,0.784,0.735,0.081,0.529,0.458,0.429
3705,0.774,0.774,0.774,0.804,0.027,0.572,0.488,0.465
3706,0.774,0.774,0.774,0.819,0.004,0.612,0.526,0.498
3707,0.774,0.774,0.774,0.817,0.003,0.64,0.565,0.531
3708,0.764,0.764,0.764,0.806,0.006,0.659,0.607,0.559
3709,0.764,0.764,0.764,0.777,0.005,0.682,0.649,0.586
3710,0.764,0.764,0.764,0.777,0.001,0.698,0.687,0.621
3711,0.774,0.774,0.774,0.779,0.018,0.712,0.709,0.652
3712,0.774,0.774,0.774,0.682,0.169,0.709,0.726,0.673
3713,0.764,0.764,0.764,0.605,0.097,0.694,0.728,0.679
3714,0.764,0.764,0.764,0.369,0.04,0.656,0.699,0.662
3715,0.764,0.764,0.764,0.0,0.013,0.613,0.657,0.636
3716,0.754,0.754,0.754,0.0,0.303,0.625,0.628,0.625
3717,0.736,0.736,0.736,0.0,0.678,0.596,0.586,0.585
3718,0.35,0.35,0.35,0.0,0.811,0.539,0.522,0.528
3719,0.254,0.254,0.254,0.0,0.71,0.475,0.46,0.472
3720,0.264,0.264,0.264,0.0,0.518,0.438,0.416,0.429
3721,0.254,0.254,0.254,0.0,0.676,0.406,0.39,0.398
3722,0.246,0.246,0.246,0.0,0.767,0.388,0.371,0.377
3723,0.274,0.274,0.274,0.0,0.702,0.376,0.362,0.365
3724,0.518,0.518,0.518,0.0,0.337,0.38,0.363,0.362
3725,0.518,0.518,0.518,0.0,0.22,0.394,0.373,0.359
3726,0.754,0.754,0.754,0.446,0.273,0.425,0.402,0.376
3727,0.784,0.784,0.784,0.653,0.204,0.476,0.439,0.41
3728,0.774,0.774,0.774,0.751,0.097,0.532,0.475,0.454
3729,0.784,0.784,0.784,0.751,0.065,0.576,0.512,0.497
3730,0.764,0.764,0.764,0.762,0.044,0.624,0.56,0.533
3731,0.784,0.784,0.784,0.817,0.023,0.653,0.608,0.576
3732,0.774,0.774,0.774,0.795,0.005,0.672,0.656,0.614
3733,0.784,0.784,0.784,0.788,0.003,0.698,0.702,0.654
3734,0.774,0.774,0.774,0.81,0.004,0.713,0.743,0.693
3735,0.764,0.764,0.764,0.759,0.007,0.721,0.772,0.729
3736,0.774,0.774,0.774,0.762,0.014,0.722,0.787,0.752
3737,0.764,0.764,0.764,0.642,0.006,0.701,0.78,0.753
3738,0.528,0.528,0.528,0.389,0.138,0.658,0.748,0.735
3739,0.246,0.246,0.246,0.0,0.249,0.614,0.701,0.703
3740,0.254,0.254,0.254,0.0,0.328,0.613,0.668,0.686
3741,0.264,0.264,0.264,0.0,0.626,0.585,0.618,0.636
3742,0.254,0.254,0.254,0.0,0.334,0.536,0.549,0.579
3743,0.254,0.254,0.254,0.0,0.355,0.472,0.489,0.519
3744,0.254,0.254,0.254,0.0,0.386,0.434,0.446,0.474
3745,0.254,0.254,0.254,0.0,0.214,0.404,0.419,0.437
3746,0.254,0.254,0.254,0.0,0.293,0.385,0.397,0.411
3747,0.264,0.264,0.264,0.0,0.328,0.376,0.387,0.396
3748,0.264,0.264,0.264,0.0,0.293,0.378,0.389,0.39
3749,0.254,0.254,0.254,0.0,0.115,0.397,0.396,0.386
3750,0.292,0.292,0.292,0.444,0.018,0.427,0.428,0.405
3751,0.518,0.518,0.518,0.62,0.0,0.478,0.473,0.443
3752,0.548,0.548,0.548,0.726,0.0,0.539,0.522,0.489
3753,0.774,0.774,0.774,0.823,0.0,0.59,0.569,0.542
3754,0.784,0.784,0.784,0.832,0.0,0.628,0.629,0.584
3755,0.774,0.774,0.774,0.81,0.002,0.665,0.686,0.633
3756,0.784,0.784,0.784,0.777,0.001,0.689,0.735,0.661
3757,0.774,0.774,0.774,0.821,0.001,0.708,0.777,0.709
3758,0.784,0.784,0.784,0.815,0.026,0.723,0.81,0.743
3759,0.792,0.792,0.792,0.797,0.049,0.732,0.836,0.767
3760,0.774,0.774,0.774,0.762,0.005,0.735,0.848,0.766
3761,0.774,0.774,0.774,0.631,0.004,0.719,0.834,0.75
3762,0.784,0.784,0.784,0.386,0.175,0.679,0.797,0.721
3763,0.736,0.736,0.736,0.0,0.249,0.644,0.755,0.683
3764,0.424,0.424,0.424,0.0,0.384,0.64,0.729,0.665
3765,0.198,0.198,0.198,0.0,0.606,0.613,0.689,0.627
3766,0.188,0.188,0.188,0.0,0.736,0.572,0.627,0.583
3767,0.254,0.254,0.254,0.0,0.833,0.516,0.558,0.535
3768,0.254,0.254,0.254,0.0,0.688,0.472,0.512,0.494
3769,0.254,0.254,0.254,0.0,0.563,0.44,0.477,0.464
3770,0.264,0.264,0.264,0.0,0.384,0.417,0.451,0.437
3771,0.254,0.254,0.254,0.0,0.211,0.405,0.432,0.42
3772,0.264,0.264,0.264,0.0,0.074,0.397,0.421,0.407
3773,0.254,0.254,0.254,0.0,0.075,0.396,0.412,0.389
3774,0.274,0.274,0.274,0.437,0.001,0.39,0.421,0.389
3775,0.518,0.518,0.518,0.662,0.331,0.433,0.466,0.425
3776,0.528,0.528,0.528,0.766,0.137,0.49,0.526,0.48
3777,0.51,0.51,0.51,0.804,0.098,0.549,0.592,0.538
3778,0.528,0.528,0.528,0.792,0.045,0.603,0.658,0.587
3779,0.518,0.518,0.518,0.757,0.027,0.65,0.715,0.636
3780,0.518,0.518,0.518,0.751,0.014,0.659,0.759,0.676
3781,0.518,0.518,0.518,0.784,0.01,0.673,0.794,0.712
3782,0.518,0.518,0.518,0.781,0.009,0.713,0.823,0.741
3783,0.51,0.51,0.51,0.792,0.007,0.72,0.846,0.763
3784,0.528,0.528,0.528,0.733,0.016,0.723,0.853,0.772
3785,0.528,0.528,0.528,0.623,0.282,0.718,0.842,0.767
3786,0.51,0.51,0.51,0.389,0.0,0.702,0.811,0.742
3787,0.528,0.528,0.528,0.0,0.011,0.662,0.763,0.703
3788,0.51,0.51,0.51,0.0,0.045,0.652,0.727,0.688
3789,0.528,0.528,0.528,0.0,0.025,0.631,0.671,0.655
3790,0.518,0.518,0.518,0.0,0.175,0.583,0.607,0.614
3791,0.302,0.302,0.302,0.0,0.169,0.532,0.551,0.565
3792,0.198,0.198,0.198,0.0,0.063,0.486,0.509,0.518
3793,0.246,0.246,0.246,0.0,0.038,0.448,0.474,0.479
3794,0.264,0.264,0.264,0.0,0.075,0.424,0.449,0.453
3795,0.264,0.264,0.264,0.0,0.011,0.405,0.43,0.433
3796,0.264,0.264,0.264,0.0,0.002,0.393,0.418,0.419
3797,0.264,0.264,0.264,0.0,0.018,0.384,0.402,0.398
3798,0.274,0.274,0.274,0.439,0.082,0.375,0.412,0.393
3799,0.518,0.518,0.518,0.651,0.044,0.402,0.451,0.435
3800,0.51,0.51,0.51,0.74,0.0,0.448,0.508,0.49
3801,0.528,0.528,0.528,0.748,0.017,0.504,0.566,0.557
3802,0.51,0.51,0.51,0.775,0.117,0.564,0.623,0.612
3803,0.518,0.518,0.518,0.79,0.63,0.608,0.679,0.665
3804,0.792,0.792,0.792,0.799,0.902,0.643,0.732,0.714
3805,0.774,0.774,0.774,0.79,0.806,0.664,0.778,0.748
3806,0.784,0.784,0.784,0.81,0.614,0.675,0.82,0.773
3807,0.784,0.784,0.784,0.764,0.434,0.685,0.845,0.796
3808,0.774,0.774,0.774,0.748,0.268,0.688,0.856,0.8
3809,0.774,0.774,0.774,0.636,0.45,0.681,0.85,0.784
3810,0.754,0.754,0.754,0.391,0.693,0.662,0.82,0.751
3811,0.764,0.764,0.764,0.0,0.573,0.636,0.781,0.717
3812,0.764,0.764,0.764,0.0,0.584,0.635,0.754,0.712
3813,0.716,0.716,0.716,0.0,0.556,0.624,0.697,0.678
3814,0.518,0.518,0.518,0.0,0.776,0.562,0.63,0.635
3815,0.49,0.49,0.49,0.0,0.709,0.498,0.562,0.581
3816,0.264,0.264,0.264,0.0,0.602,0.457,0.518,0.54
3817,0.264,0.264,0.264,0.0,0.473,0.429,0.488,0.505
3818,0.264,0.264,0.264,0.0,0.695,0.41,0.465,0.48
3819,0.274,0.274,0.274,0.0,0.864,0.402,0.448,0.459
3820,0.528,0.528,0.528,0.0,0.616,0.411,0.446,0.447
3821,0.528,0.528,0.528,0.0,0.341,0.43,0.452,0.438
3822,0.774,0.774,0.774,0.428,0.415,0.482,0.484,0.457
3823,0.764,0.764,0.764,0.636,0.628,0.52,0.532,0.504
3824,0.792,0.792,0.792,0.766,0.559,0.546,0.578,0.556
3825,0.774,0.774,0.774,0.77,0.079,0.575,0.615,0.609
3826,0.784,0.784,0.784,0.819,0.001,0.605,0.659,0.651
3827,0.774,0.774,0.774,0.821,0.0,0.627,0.704,0.693
3828,0.784,0.784,0.784,0.788,0.0,0.641,0.745,0.742
3829,0.774,0.774,0.774,0.757,0.0,0.662,0.786,0.781
3830,0.754,0.754,0.754,0.786,0.0,0.674,0.825,0.815
3831,0.764,0.764,0.764,0.799,0.001,0.683,0.857,0.833
3832,0.764,0.764,0.764,0.737,0.003,0.7,0.871,0.841
3833,0.792,0.792,0.792,0.642,0.001,0.692,0.863,0.833
3834,0.764,0.764,0.764,0.395,0.004,0.652,0.828,0.809
3835,0.764,0.764,0.764,0.0,0.0,0.616,0.789,0.772
3836,0.774,0.774,0.774,0.0,0.001,0.622,0.763,0.748
3837,0.754,0.754,0.754,0.0,0.006,0.601,0.716,0.699
3838,0.746,0.746,0.746,0.0,0.002,0.557,0.648,0.643
3839,0.5,0.5,0.5,0.0,0.0,0.495,0.583,0.576
3840,0.274,0.274,0.274,0.0,0.0,0.445,0.538,0.524
3841,0.254,0.254,0.254,0.0,0.0,0.414,0.51,0.484
3842,0.254,0.254,0.254,0.0,0.036,0.395,0.487,0.456
3843,0.312,0.312,0.312,0.0,0.054,0.385,0.469,0.438
3844,0.518,0.518,0.518,0.0,0.043,0.389,0.464,0.429
3845,0.784,0.784,0.784,0.0,0.005,0.42,0.47,0.421
3846,0.764,0.764,0.764,0.437,0.016,0.458,0.493,0.438
3847,0.754,0.754,0.754,0.603,0.026,0.505,0.531,0.469
3848,0.774,0.774,0.774,0.7,0.032,0.549,0.564,0.521
3849,0.784,0.784,0.784,0.746,0.005,0.59,0.598,0.579
3850,0.764,0.764,0.764,0.773,0.0,0.614,0.65,0.621
3851,0.784,0.784,0.784,0.797,0.0,0.63,0.695,0.669
3852,0.784,0.784,0.784,0.786,0.0,0.638,0.722,0.724
3853,0.754,0.754,0.754,0.598,0.0,0.645,0.749,0.768
3854,0.784,0.784,0.784,0.241,0.0,0.657,0.769,0.803
3855,0.764,0.764,0.764,0.256,0.0,0.663,0.792,0.832
3856,0.774,0.774,0.774,0.325,0.0,0.664,0.803,0.84
3857,0.754,0.754,0.754,0.587,0.0,0.645,0.786,0.822
3858,0.754,0.754,0.754,0.274,0.016,0.602,0.741,0.794
3859,0.764,0.764,0.764,0.0,0.027,0.573,0.712,0.764
3860,0.716,0.716,0.716,0.0,0.019,0.583,0.697,0.749
3861,0.51,0.51,0.51,0.0,0.003,0.558,0.662,0.713
3862,0.35,0.35,0.35,0.0,0.018,0.526,0.604,0.662
3863,0.264,0.264,0.264,0.0,0.103,0.467,0.55,0.601
3864,0.264,0.264,0.264,0.0,0.075,0.419,0.51,0.553
3865,0.254,0.254,0.254,0.0,0.053,0.394,0.484,0.521
3866,0.264,0.264,0.264,0.0,0.059,0.383,0.462,0.503
3867,0.254,0.254,0.254,0.0,0.043,0.374,0.455,0.498
3868,0.472,0.472,0.472,0.0,0.063,0.382,0.461,0.501
3869,0.746,0.746,0.746,0.0,0.098,0.405,0.479,0.502
3870,0.784,0.784,0.784,0.369,0.123,0.453,0.5,0.51
3871,0.774,0.774,0.774,0.523,0.19,0.493,0.528,0.528
3872,0.792,0.792,0.792,0.706,0.131,0.544,0.557,0.559
3873,0.764,0.764,0.764,0.695,0.092,0.585,0.594,0.602
3874,0.784,0.784,0.784,0.735,0.088,0.619,0.641,0.639
3875,0.774,0.774,0.774,0.658,0.076,0.643,0.685,0.642
3876,0.774,0.774,0.774,0.815,0.073,0.65,0.724,0.582
3877,0.774,0.774,0.774,0.768,0.043,0.664,0.761,0.582
3878,0.774,0.774,0.774,0.812,0.042,0.674,0.797,0.559
3879,0.774,0.774,0.774,0.779,0.027,0.678,0.815,0.563
3880,0.784,0.784,0.784,0.702,0.029,0.663,0.816,0.57
3881,0.764,0.764,0.764,0.623,0.018,0.641,0.762,0.571
3882,0.784,0.784,0.784,0.377,0.025,0.603,0.698,0.567
3883,0.754,0.754,0.754,0.0,0.121,0.576,0.67,0.557
3884,0.726,0.726,0.726,0.0,0.285,0.593,0.654,0.568
3885,0.49,0.49,0.49,0.0,0.196,0.575,0.629,0.55
3886,0.32,0.32,0.32,0.0,0.043,0.513,0.573,0.518
3887,0.254,0.254,0.254,0.0,0.309,0.463,0.525,0.475
3888,0.254,0.254,0.254,0.0,0.467,0.43,0.487,0.441
3889,0.254,0.254,0.254,0.0,0.28,0.401,0.46,0.42
3890,0.254,0.254,0.254,0.0,0.096,0.491,0.44,0.406
3891,0.254,0.254,0.254,0.0,0.158,0.482,0.426,0.396
3892,0.472,0.472,0.472,0.0,0.169,0.39,0.428,0.394
3893,0.51,0.51,0.51,0.0,0.529,0.413,0.437,0.398
3894,0.754,0.754,0.754,0.424,0.755,0.454,0.468,0.409
3895,0.774,0.774,0.774,0.623,0.838,0.502,0.513,0.447
3896,0.784,0.784,0.784,0.709,0.821,0.545,0.552,0.49
3897,0.774,0.774,0.774,0.753,0.413,0.584,0.588,0.541
3898,0.784,0.784,0.784,0.815,0.38,0.611,0.632,0.552
3899,0.774,0.774,0.774,0.843,0.561,0.627,0.669,0.581
3900,0.774,0.774,0.774,0.828,0.446,0.639,0.71,0.617
3901,0.784,0.784,0.784,0.843,0.476,0.619,0.745,0.645
3902,0.774,0.774,0.774,0.83,0.309,0.625,0.772,0.678
3903,0.774,0.774,0.774,0.777,0.348,0.668,0.796,0.706
3904,0.784,0.784,0.784,0.779,0.322,0.661,0.802,0.715
3905,0.774,0.774,0.774,0.656,0.405,0.64,0.793,0.715
3906,0.784,0.784,0.784,0.402,0.266,0.599,0.762,0.698
3907,0.764,0.764,0.764,0.0,0.464,0.578,0.725,0.673
3908,0.698,0.698,0.698,0.0,0.688,0.588,0.705,0.667
3909,0.472,0.472,0.472,0.0,0.897,0.567,0.663,0.636
3910,0.284,0.284,0.284,0.0,0.591,0.52,0.596,0.592
3911,0.264,0.264,0.264,0.0,0.116,0.461,0.532,0.542
3912,0.254,0.254,0.254,0.0,0.03,0.421,0.489,0.494
3913,0.254,0.254,0.254,0.0,0.073,0.387,0.456,0.462
3914,0.254,0.254,0.254,0.0,0.019,0.37,0.432,0.436
3915,0.254,0.254,0.254,0.0,0.318,0.361,0.419,0.422
3916,0.264,0.264,0.264,0.0,0.419,0.367,0.419,0.414
3917,0.254,0.254,0.254,0.0,0.338,0.392,0.421,0.406
3918,0.424,0.424,0.424,0.442,0.345,0.428,0.451,0.423
3919,0.518,0.518,0.518,0.651,0.248,0.481,0.498,0.468
3920,0.708,0.708,0.708,0.748,0.196,0.524,0.539,0.519
3921,0.774,0.774,0.774,0.839,0.041,0.562,0.576,0.565
3922,0.774,0.774,0.774,0.848,0.028,0.572,0.619,0.6
3923,0.784,0.784,0.784,0.843,0.013,0.593,0.662,0.634
3924,0.774,0.774,0.774,0.845,0.0,0.593,0.697,0.666
3925,0.784,0.784,0.784,0.852,0.0,0.606,0.732,0.69
3926,0.774,0.774,0.774,0.848,0.0,0.619,0.758,0.711
3927,0.784,0.784,0.784,0.83,0.0,0.622,0.778,0.729
3928,0.774,0.774,0.774,0.797,0.007,0.615,0.787,0.731
3929,0.784,0.784,0.784,0.671,0.033,0.591,0.776,0.723
3930,0.774,0.774,0.774,0.422,0.02,0.55,0.744,0.703
3931,0.784,0.784,0.784,0.0,0.001,0.527,0.699,0.674
3932,0.774,0.774,0.774,0.0,0.0,0.535,0.678,0.661
3933,0.726,0.726,0.726,0.0,0.0,0.518,0.638,0.63
3934,0.566,0.566,0.566,0.0,0.053,0.496,0.583,0.588
3935,0.472,0.472,0.472,0.0,0.193,0.44,0.524,0.539
3936,0.236,0.236,0.236,0.0,0.174,0.404,0.48,0.495
3937,0.076,0.076,0.076,0.0,0.077,0.378,0.447,0.461
3938,0.076,0.076,0.076,0.0,0.061,0.356,0.421,0.437
3939,0.076,0.076,0.076,0.0,0.102,0.346,0.403,0.418
3940,0.076,0.076,0.076,0.0,0.29,0.348,0.393,0.405
3941,0.104,0.104,0.104,0.0,0.267,0.346,0.384,0.388
3942,0.264,0.264,0.264,0.448,0.207,0.352,0.4,0.387
3943,0.254,0.254,0.254,0.64,0.283,0.377,0.438,0.418
3944,0.292,0.292,0.292,0.781,0.401,0.412,0.486,0.467
3945,0.518,0.518,0.518,0.815,0.325,0.447,0.532,0.516
3946,0.518,0.518,0.518,0.834,0.408,0.468,0.578,0.548
3947,0.576,0.576,0.576,0.821,0.274,0.481,0.618,0.576
3948,0.556,0.556,0.556,0.823,0.036,0.483,0.652,0.607
3949,0.754,0.754,0.754,0.821,0.047,0.482,0.68,0.634
3950,0.784,0.784,0.784,0.815,0.055,0.484,0.706,0.663
3951,0.784,0.784,0.784,0.823,0.053,0.486,0.729,0.686
3952,0.774,0.774,0.774,0.759,0.072,0.485,0.74,0.697
3953,0.784,0.784,0.784,0.645,0.049,0.479,0.738,0.697
3954,0.784,0.784,0.784,0.404,0.0,0.473,0.713,0.675
3955,0.774,0.774,0.774,0.0,0.0,0.466,0.668,0.642
3956,0.764,0.764,0.764,0.0,0.0,0.484,0.644,0.634
3957,0.594,0.594,0.594,0.0,0.013,0.477,0.598,0.606
3958,0.406,0.406,0.406,0.0,0.026,0.465,0.548,0.567
3959,0.264,0.264,0.264,0.0,0.047,0.428,0.495,0.52
3960,0.254,0.254,0.254,0.0,0.047,0.378,0.456,0.477
3961,0.254,0.254,0.254,0.0,0.022,0.357,0.425,0.443
3962,0.264,0.264,0.264,0.0,0.017,0.345,0.401,0.421
3963,0.528,0.528,0.528,0.0,0.012,0.334,0.384,0.404
3964,0.518,0.518,0.518,0.0,0.065,0.331,0.372,0.391
3965,0.764,0.764,0.764,0.0,0.172,0.326,0.359,0.372
3966,0.792,0.792,0.792,0.453,0.177,0.325,0.365,0.371
3967,0.774,0.774,0.774,0.669,0.161,0.338,0.397,0.401
3968,0.764,0.764,0.764,0.801,0.098,0.364,0.444,0.45
3969,0.784,0.784,0.784,0.85,0.056,0.39,0.489,0.502
3970,0.784,0.784,0.784,0.845,0.031,0.41,0.537,0.539
3971,0.774,0.774,0.774,0.865,0.014,0.421,0.584,0.581
3972,0.784,0.784,0.784,0.85,0.004,0.426,0.623,0.62
3973,0.774,0.774,0.774,0.863,0.001,0.43,0.659,0.654
3974,0.792,0.792,0.792,0.863,0.0,0.434,0.693,0.683
3975,0.764,0.764,0.764,0.808,0.0,0.439,0.721,0.703
3976,0.792,0.792,0.792,0.801,0.0,0.441,0.738,0.712
3977,0.774,0.774,0.774,0.675,0.0,0.441,0.738,0.712
3978,0.784,0.784,0.784,0.422,0.0,0.444,0.715,0.692
3979,0.764,0.764,0.764,0.0,0.0,0.447,0.672,0.657
3980,0.358,0.358,0.358,0.0,0.0,0.479,0.648,0.647
3981,0.274,0.274,0.274,0.0,0.0,0.47,0.601,0.617
3982,0.264,0.264,0.264,0.0,0.007,0.441,0.537,0.575
3983,0.122,0.122,0.122,0.0,0.003,0.399,0.477,0.521
3984,0.066,0.066,0.066,0.0,0.006,0.362,0.437,0.473
3985,0.49,0.49,0.49,0.0,0.045,0.347,0.409,0.438
3986,0.528,0.528,0.528,0.0,0.021,0.336,0.388,0.413
3987,0.518,0.518,0.518,0.0,0.0,0.333,0.377,0.396
3988,0.774,0.774,0.774,0.0,0.005,0.341,0.379,0.389
3989,0.792,0.792,0.792,0.0,0.0,0.371,0.385,0.386
3990,0.764,0.764,0.764,0.459,0.001,0.429,0.415,0.399
3991,0.784,0.784,0.784,0.667,0.089,0.47,0.456,0.44
3992,0.784,0.784,0.784,0.788,0.007,0.506,0.494,0.491
3993,0.784,0.784,0.784,0.812,0.0,0.531,0.531,0.538
3994,0.764,0.764,0.764,0.879,0.041,0.559,0.576,0.571
3995,0.774,0.774,0.774,0.852,0.042,0.574,0.618,0.605
3996,0.764,0.764,0.764,0.883,0.001,0.581,0.66,0.638
3997,0.784,0.784,0.784,0.89,0.0,0.591,0.697,0.661
3998,0.764,0.764,0.764,0.881,0.0,0.595,0.731,0.674
3999,0.774,0.774,0.774,0.85,0.001,0.597,0.761,0.711
4000,0.764,0.764,0.764,0.812,0.003,0.59,0.77,0.721
4001,0.764,0.764,0.764,0.687,0.049,0.573,0.761,0.713
4002,0.736,0.736,0.736,0.43,0.105,0.538,0.73,0.692
4003,0.528,0.528,0.528,0.0,0.046,0.518,0.684,0.66
4004,0.462,0.462,0.462,0.0,0.081,0.544,0.659,0.649
4005,0.254,0.254,0.254,0.0,0.343,0.528,0.618,0.616
4006,0.254,0.254,0.254,0.0,0.055,0.479,0.552,0.569
4007,0.254,0.254,0.254,0.0,0.011,0.416,0.496,0.515
4008,0.264,0.264,0.264,0.0,0.21,0.397,0.453,0.467
4009,0.302,0.302,0.302,0.0,0.034,0.371,0.428,0.432
4010,0.68,0.68,0.68,0.0,0.001,0.361,0.41,0.408
4011,0.764,0.764,0.764,0.0,0.78,0.354,0.399,0.394
4012,0.774,0.774,0.774,0.0,0.038,0.357,0.402,0.394
4013,0.784,0.784,0.784,0.0,0.091,0.38,0.408,0.392
4014,0.764,0.764,0.764,0.391,0.268,0.41,0.432,0.401
4015,0.784,0.784,0.784,0.433,0.262,0.455,0.471,0.435
4016,0.754,0.754,0.754,0.208,0.227,0.503,0.514,0.477
4017,0.774,0.774,0.774,0.018,0.22,0.547,0.559,0.524
4018,0.754,0.754,0.754,0.064,0.035,0.578,0.613,0.553
4019,0.764,0.764,0.764,0.307,0.166,0.598,0.669,0.574
4020,0.764,0.764,0.764,0.572,0.104,0.607,0.726,0.608
4021,0.764,0.764,0.764,0.883,0.067,0.616,0.774,0.635
4022,0.774,0.774,0.774,0.883,0.029,0.622,0.813,0.663
4023,0.764,0.764,0.764,0.859,0.008,0.622,0.849,0.681
4024,0.754,0.754,0.754,0.779,0.003,0.616,0.859,0.686
4025,0.548,0.548,0.548,0.682,0.015,0.595,0.85,0.677
4026,0.51,0.51,0.51,0.433,0.047,0.562,0.818,0.651
4027,0.51,0.51,0.51,0.0,0.163,0.542,0.776,0.619
4028,0.51,0.51,0.51,0.0,0.04,0.555,0.749,0.608
4029,0.292,0.292,0.292,0.0,0.047,0.544,0.7,0.572
4030,0.264,0.264,0.264,0.0,0.287,0.496,0.629,0.532
4031,0.254,0.254,0.254,0.0,0.563,0.446,0.558,0.481
4032,0.254,0.254,0.254,0.0,0.693,0.412,0.507,0.441
4033,0.518,0.518,0.518,0.0,0.218,0.388,0.475,0.41
4034,0.594,0.594,0.594,0.0,0.123,0.365,0.451,0.388
4035,0.792,0.792,0.792,0.0,0.083,0.36,0.437,0.377
4036,0.774,0.774,0.774,0.0,0.101,0.365,0.431,0.378
4037,0.784,0.784,0.784,0.0,0.477,0.385,0.436,0.371
4038,0.764,0.764,0.764,0.435,0.686,0.417,0.468,0.381
4039,0.764,0.764,0.764,0.649,0.599,0.467,0.511,0.413
4040,0.764,0.764,0.764,0.779,0.423,0.525,0.548,0.448
4041,0.754,0.754,0.754,0.801,0.504,0.567,0.586,0.478
4042,0.764,0.764,0.764,0.781,0.678,0.6,0.627,0.504
4043,0.746,0.746,0.746,0.817,0.837,0.625,0.666,0.525
4044,0.764,0.764,0.764,0.848,0.877,0.64,0.7,0.542
4045,0.764,0.764,0.764,0.845,0.746,0.656,0.73,0.551
4046,0.764,0.764,0.764,0.843,0.638,0.671,0.754,0.565
4047,0.764,0.764,0.764,0.841,0.625,0.682,0.776,0.59
4048,0.774,0.774,0.774,0.795,0.634,0.689,0.787,0.598
4049,0.764,0.764,0.764,0.671,0.74,0.675,0.775,0.608
4050,0.764,0.764,0.764,0.43,0.823,0.641,0.746,0.602
4051,0.774,0.774,0.774,0.0,0.819,0.608,0.703,0.579
4052,0.764,0.764,0.764,0.0,0.856,0.607,0.673,0.577
4053,0.396,0.396,0.396,0.0,0.776,0.587,0.633,0.554
4054,0.254,0.254,0.254,0.0,0.774,0.534,0.567,0.515
4055,0.236,0.236,0.236,0.0,0.829,0.482,0.503,0.469
4056,0.208,0.208,0.208,0.0,0.788,0.437,0.457,0.426
4057,0.254,0.254,0.254,0.0,0.617,0.41,0.426,0.396
4058,0.274,0.274,0.274,0.0,0.585,0.391,0.408,0.377
4059,0.51,0.51,0.51,0.0,0.715,0.382,0.393,0.367
4060,0.538,0.538,0.538,0.0,0.855,0.388,0.393,0.367
4061,0.784,0.784,0.784,0.0,0.884,0.407,0.398,0.364
4062,0.764,0.764,0.764,0.446,0.895,0.428,0.427,0.371
4063,0.784,0.784,0.784,0.664,0.953,0.493,0.466,0.403
4064,0.754,0.754,0.754,0.786,0.839,0.543,0.506,0.444
4065,0.774,0.774,0.774,0.857,0.793,0.587,0.537,0.484
4066,0.764,0.764,0.764,0.859,0.527,0.622,0.577,0.512
4067,0.764,0.764,0.764,0.857,0.49,0.644,0.613,0.543
4068,0.764,0.764,0.764,0.857,0.538,0.663,0.647,0.571
4069,0.774,0.774,0.774,0.85,0.378,0.682,0.678,0.598
4070,0.754,0.754,0.754,0.843,0.294,0.697,0.702,0.625
4071,0.764,0.764,0.764,0.819,0.304,0.707,0.721,0.645
4072,0.754,0.754,0.754,0.773,0.33,0.705,0.73,0.654
4073,0.754,0.754,0.754,0.656,0.344,0.682,0.725,0.649
4074,0.774,0.774,0.774,0.422,0.217,0.641,0.697,0.632
4075,0.764,0.764,0.764,0.0,0.294,0.606,0.665,0.603
4076,0.764,0.764,0.764,0.0,0.388,0.609,0.652,0.597
4077,0.754,0.754,0.754,0.0,0.721,0.593,0.615,0.575
4078,0.528,0.528,0.528,0.0,0.976,0.552,0.555,0.54
4079,0.264,0.264,0.264,0.0,0.918,0.497,0.497,0.492
4080,0.254,0.254,0.254,0.0,0.867,0.451,0.459,0.451
4081,0.254,0.254,0.254,0.0,0.788,0.428,0.431,0.418
4082,0.254,0.254,0.254,0.0,0.316,0.408,0.413,0.397
4083,0.254,0.254,0.254,0.0,0.276,0.398,0.401,0.386
4084,0.292,0.292,0.292,0.0,0.336,0.401,0.4,0.385
4085,0.51,0.51,0.51,0.0,0.567,0.419,0.409,0.379
4086,0.764,0.764,0.764,0.422,0.28,0.446,0.435,0.392
4087,0.774,0.774,0.774,0.623,0.366,0.505,0.478,0.431
4088,0.784,0.784,0.784,0.753,0.25,0.567,0.522,0.474
4089,0.774,0.774,0.774,0.828,0.291,0.622,0.557,0.515
4090,0.774,0.774,0.774,0.812,0.282,0.669,0.595,0.539
4091,0.792,0.792,0.792,0.81,0.309,0.713,0.638,0.563
4092,0.784,0.784,0.784,0.826,0.304,0.742,0.676,0.589
4093,0.774,0.774,0.774,0.817,0.248,0.776,0.706,0.615
4094,0.764,0.764,0.764,0.806,0.234,0.796,0.734,0.641
4095,0.774,0.774,0.774,0.815,0.365,0.808,0.754,0.667
4096,0.784,0.784,0.784,0.7,0.562,0.812,0.767,0.683
4097,0.754,0.754,0.754,0.581,0.479,0.796,0.756,0.687
4098,0.764,0.764,0.764,0.389,0.912,0.755,0.728,0.671
4099,0.688,0.688,0.688,0.0,0.902,0.719,0.684,0.641
4100,0.51,0.51,0.51,0.0,0.951,0.712,0.662,0.627
4101,0.254,0.254,0.254,0.0,0.888,0.688,0.624,0.595
4102,0.254,0.254,0.254,0.0,0.879,0.635,0.571,0.555
4103,0.254,0.254,0.254,0.0,0.846,0.573,0.512,0.507
4104,0.254,0.254,0.254,0.0,0.848,0.519,0.471,0.466
4105,0.254,0.254,0.254,0.0,0.711,0.477,0.444,0.432
4106,0.254,0.254,0.254,0.0,0.459,0.449,0.42,0.411
4107,0.254,0.254,0.254,0.0,0.374,0.43,0.402,0.395
4108,0.264,0.264,0.264,0.0,0.223,0.421,0.395,0.384
4109,0.254,0.254,0.254,0.0,0.147,0.422,0.387,0.367
4110,0.254,0.254,0.254,0.43,0.001,0.43,0.401,0.373
4111,0.254,0.254,0.254,0.631,0.018,0.46,0.446,0.408
4112,0.264,0.264,0.264,0.717,0.001,0.506,0.498,0.457
4113,0.254,0.254,0.254,0.77,0.0,0.563,0.55,0.513
4114,0.254,0.254,0.254,0.779,0.0,0.611,0.603,0.555
4115,0.264,0.264,0.264,0.764,0.0,0.649,0.654,0.59
4116,0.396,0.396,0.396,0.74,0.0,0.675,0.694,0.63
4117,0.764,0.764,0.764,0.779,0.0,0.696,0.728,0.666
4118,0.774,0.774,0.774,0.781,0.004,0.706,0.759,0.701
4119,0.784,0.784,0.784,0.742,0.0,0.714,0.785,0.732
4120,0.764,0.764,0.764,0.735,0.0,0.713,0.798,0.752
4121,0.774,0.774,0.774,0.631,0.0,0.698,0.792,0.756
4122,0.764,0.764,0.764,0.408,0.0,0.672,0.764,0.74
4123,0.774,0.774,0.774,0.0,0.0,0.645,0.72,0.703
4124,0.764,0.764,0.764,0.0,0.0,0.63,0.686,0.678
4125,0.736,0.736,0.736,0.0,0.0,0.612,0.634,0.638
4126,0.5,0.5,0.5,0.0,0.03,0.568,0.577,0.595
4127,0.518,0.518,0.518,0.0,0.017,0.522,0.524,0.543
4128,0.32,0.32,0.32,0.0,0.02,0.474,0.483,0.495
4129,0.254,0.254,0.254,0.0,0.025,0.438,0.454,0.461
4130,0.264,0.264,0.264,0.0,0.009,0.418,0.433,0.437
4131,0.254,0.254,0.254,0.0,0.085,0.405,0.413,0.421
4132,0.284,0.284,0.284,0.0,0.042,0.396,0.405,0.408
4133,0.528,0.528,0.528,0.0,0.02,0.393,0.39,0.388
4134,0.784,0.784,0.784,0.417,0.051,0.384,0.4,0.39
4135,0.754,0.754,0.754,0.623,0.035,0.389,0.44,0.427
4136,0.764,0.764,0.764,0.731,0.061,0.413,0.496,0.482
4137,0.774,0.774,0.774,0.773,0.034,0.45,0.553,0.547
4138,0.764,0.764,0.764,0.788,0.02,0.5,0.607,0.596
4139,0.764,0.764,0.764,0.817,0.013,0.54,0.661,0.654
4140,0.774,0.774,0.774,0.821,0.011,0.568,0.713,0.701
4141,0.774,0.774,0.774,0.797,0.011,0.595,0.752,0.738
4142,0.784,0.784,0.784,0.806,0.009,0.614,0.79,0.768
4143,0.784,0.784,0.784,0.801,0.011,0.63,0.82,0.792
4144,0.774,0.774,0.774,0.742,0.007,0.633,0.834,0.803
4145,0.784,0.784,0.784,0.649,0.001,0.622,0.831,0.799
4146,0.774,0.774,0.774,0.415,0.008,0.605,0.806,0.777
4147,0.764,0.764,0.764,0.0,0.016,0.579,0.763,0.746
4148,0.736,0.736,0.736,0.0,0.008,0.587,0.734,0.726
4149,0.33,0.33,0.33,0.0,0.017,0.572,0.686,0.687
4150,0.18,0.18,0.18,0.0,0.303,0.534,0.618,0.642
4151,0.236,0.236,0.236,0.0,0.335,0.483,0.557,0.588
4152,0.254,0.254,0.254,0.0,0.557,0.433,0.509,0.542
4153,0.254,0.254,0.254,0.0,0.519,0.403,0.479,0.509
4154,0.472,0.472,0.472,0.0,0.531,0.391,0.455,0.485
4155,0.784,0.784,0.784,0.0,0.183,0.383,0.443,0.466
4156,0.774,0.774,0.774,0.0,0.136,0.391,0.44,0.463
4157,0.792,0.792,0.792,0.0,0.055,0.415,0.446,0.455
4158,0.764,0.764,0.764,0.426,0.037,0.455,0.478,0.467
4159,0.784,0.784,0.784,0.627,0.034,0.503,0.528,0.513
4160,0.764,0.764,0.764,0.731,0.099,0.547,0.579,0.564
4161,0.746,0.746,0.746,0.781,0.073,0.581,0.627,0.627
4162,0.736,0.736,0.736,0.812,0.053,0.611,0.682,0.669
4163,0.746,0.746,0.746,0.83,0.063,0.644,0.737,0.71
4164,0.746,0.746,0.746,0.832,0.095,0.668,0.787,0.744
4165,0.754,0.754,0.754,0.841,0.098,0.691,0.829,0.774
4166,0.764,0.764,0.764,0.823,0.08,0.709,0.86,0.818
4167,0.764,0.764,0.764,0.786,0.065,0.719,0.883,0.82
4168,0.754,0.754,0.754,0.766,0.091,0.718,0.891,0.831
4169,0.784,0.784,0.784,0.656,0.09,0.698,0.878,0.825
4170,0.774,0.774,0.774,0.424,0.217,0.654,0.843,0.807
4171,0.774,0.774,0.774,0.0,0.306,0.608,0.793,0.772
4172,0.556,0.556,0.556,0.0,0.428,0.601,0.762,0.755
4173,0.51,0.51,0.51,0.0,0.43,0.577,0.716,0.718
4174,0.5,0.5,0.5,0.0,0.185,0.534,0.642,0.664
4175,0.5,0.5,0.5,0.0,0.455,0.478,0.574,0.608
4176,0.51,0.51,0.51,0.0,0.469,0.427,0.525,0.559
4177,0.528,0.528,0.528,0.0,0.343,0.399,0.49,0.521
4178,0.51,0.51,0.51,0.0,0.122,0.384,0.466,0.494
4179,0.528,0.528,0.528,0.0,0.051,0.373,0.449,0.475
4180,0.792,0.792,0.792,0.0,0.027,0.38,0.444,0.467
4181,0.774,0.774,0.774,0.0,0.081,0.402,0.445,0.457
4182,0.764,0.764,0.764,0.433,0.081,0.438,0.474,0.464
4183,0.764,0.764,0.764,0.636,0.063,0.484,0.522,0.496
4184,0.774,0.774,0.774,0.753,0.018,0.521,0.569,0.54
4185,0.774,0.774,0.774,0.795,0.0,0.564,0.608,0.588
4186,0.754,0.754,0.754,0.817,0.009,0.604,0.657,0.628
4187,0.774,0.774,0.774,0.797,0.003,0.633,0.705,0.665
4188,0.764,0.764,0.764,0.806,0.01,0.655,0.749,0.702
4189,0.764,0.764,0.764,0.81,0.008,0.674,0.792,0.734
4190,0.764,0.764,0.764,0.812,0.017,0.691,0.83,0.762
4191,0.774,0.774,0.774,0.806,0.014,0.699,0.857,0.782
4192,0.774,0.774,0.774,0.766,0.0,0.7,0.867,0.793
4193,0.774,0.774,0.774,0.642,0.0,0.677,0.859,0.787
4194,0.784,0.784,0.784,0.424,0.0,0.637,0.824,0.771
4195,0.708,0.708,0.708,0.0,0.0,0.597,0.777,0.735
4196,0.472,0.472,0.472,0.0,0.0,0.594,0.744,0.712
4197,0.274,0.274,0.274,0.0,0.001,0.57,0.693,0.668
4198,0.264,0.264,0.264,0.0,0.04,0.518,0.618,0.616
4199,0.254,0.254,0.254,0.0,0.306,0.47,0.552,0.555
4200,0.254,0.254,0.254,0.0,0.435,0.412,0.505,0.503
4201,0.254,0.254,0.254,0.0,0.549,0.386,0.475,0.468
4202,0.254,0.254,0.254,0.0,0.376,0.37,0.452,0.443
4203,0.518,0.518,0.518,0.0,0.129,0.361,0.439,0.426
4204,0.51,0.51,0.51,0.0,0.06,0.366,0.438,0.418
4205,0.784,0.784,0.784,0.0,0.057,0.385,0.444,0.41
4206,0.764,0.764,0.764,0.424,0.076,0.432,0.476,0.424
4207,0.764,0.764,0.764,0.614,0.121,0.475,0.524,0.464
4208,0.764,0.764,0.764,0.704,0.029,0.51,0.568,0.513
4209,0.764,0.764,0.764,0.746,0.107,0.548,0.609,0.571
4210,0.774,0.774,0.774,0.797,0.163,0.581,0.66,0.612
4211,0.764,0.764,0.764,0.797,0.101,0.618,0.705,0.661
4212,0.784,0.784,0.784,0.762,0.039,0.647,0.748,0.709
4213,0.774,0.774,0.774,0.781,0.024,0.67,0.789,0.748
4214,0.764,0.764,0.764,0.777,0.031,0.689,0.826,0.785
4215,0.784,0.784,0.784,0.775,0.014,0.705,0.853,0.814
4216,0.754,0.754,0.754,0.713,0.003,0.709,0.865,0.833
4217,0.774,0.774,0.774,0.631,0.031,0.687,0.853,0.828
4218,0.754,0.754,0.754,0.415,0.055,0.646,0.82,0.811
4219,0.754,0.754,0.754,0.0,0.03,0.609,0.77,0.775
4220,0.764,0.764,0.764,0.0,0.003,0.609,0.733,0.754
4221,0.754,0.754,0.754,0.0,0.026,0.585,0.685,0.71
4222,0.482,0.482,0.482,0.0,0.051,0.537,0.616,0.653
4223,0.254,0.254,0.254,0.0,0.013,0.467,0.553,0.587
4224,0.254,0.254,0.254,0.0,0.043,0.43,0.513,0.535
4225,0.264,0.264,0.264,0.0,0.243,0.401,0.481,0.494
4226,0.254,0.254,0.254,0.0,0.212,0.382,0.459,0.464
4227,0.264,0.264,0.264,0.0,0.063,0.374,0.445,0.443
4228,0.264,0.264,0.264,0.0,0.007,0.379,0.443,0.436
4229,0.528,0.528,0.528,0.0,0.0,0.403,0.447,0.425
4230,0.764,0.764,0.764,0.413,0.0,0.438,0.48,0.427
4231,0.764,0.764,0.764,0.614,0.051,0.492,0.528,0.483
4232,0.774,0.774,0.774,0.698,0.046,0.544,0.577,0.537
4233,0.746,0.746,0.746,0.759,0.026,0.589,0.617,0.595
4234,0.774,0.774,0.774,0.733,0.04,0.627,0.664,0.64
4235,0.764,0.764,0.764,0.731,0.02,0.659,0.707,0.686
4236,0.774,0.774,0.774,0.779,0.006,0.686,0.753,0.728
4237,0.764,0.764,0.764,0.773,0.042,0.696,0.798,0.758
4238,0.764,0.764,0.764,0.755,0.082,0.703,0.837,0.798
4239,0.774,0.774,0.774,0.753,0.058,0.724,0.867,0.832
4240,0.754,0.754,0.754,0.733,0.032,0.727,0.877,0.851
4241,0.774,0.774,0.774,0.629,0.025,0.705,0.866,0.851
4242,0.764,0.764,0.764,0.411,0.0,0.656,0.83,0.833
4243,0.764,0.764,0.764,0.0,0.0,0.617,0.783,0.797
4244,0.746,0.746,0.746,0.0,0.0,0.608,0.755,0.767
4245,0.518,0.518,0.518,0.0,0.016,0.59,0.711,0.719
4246,0.33,0.33,0.33,0.0,0.053,0.526,0.647,0.663
4247,0.264,0.264,0.264,0.0,0.068,0.469,0.588,0.601
4248,0.264,0.264,0.264,0.0,0.489,0.429,0.545,0.549
4249,0.274,0.274,0.274,0.0,0.396,0.402,0.51,0.509
4250,0.264,0.264,0.264,0.0,0.258,0.383,0.489,0.477
4251,0.264,0.264,0.264,0.0,0.152,0.375,0.474,0.457
4252,0.264,0.264,0.264,0.0,0.129,0.379,0.468,0.448
4253,0.472,0.472,0.472,0.0,0.054,0.396,0.472,0.436
4254,0.518,0.518,0.518,0.417,0.028,0.426,0.497,0.449
4255,0.774,0.774,0.774,0.611,0.011,0.469,0.54,0.496
4256,0.754,0.754,0.754,0.693,0.021,0.518,0.584,0.548
4257,0.538,0.538,0.538,0.717,0.009,0.571,0.627,0.61
4258,0.792,0.792,0.792,0.722,0.005,0.61,0.684,0.662
4259,0.764,0.764,0.764,0.746,0.003,0.646,0.737,0.71
4260,0.764,0.764,0.764,0.759,0.0,0.67,0.787,0.757
4261,0.764,0.764,0.764,0.775,0.0,0.693,0.818,0.795
4262,0.764,0.764,0.764,0.742,0.0,0.718,0.839,0.834
4263,0.764,0.764,0.764,0.72,0.0,0.73,0.855,0.865
4264,0.764,0.764,0.764,0.72,0.003,0.736,0.855,0.881
4265,0.764,0.764,0.764,0.629,0.003,0.711,0.84,0.88
4266,0.764,0.764,0.764,0.413,0.007,0.664,0.796,0.845
4267,0.764,0.764,0.764,0.0,0.005,0.621,0.759,0.805
4268,0.764,0.764,0.764,0.0,0.0,0.614,0.736,0.781
4269,0.764,0.764,0.764,0.0,0.0,0.583,0.704,0.739
4270,0.764,0.764,0.764,0.0,0.0,0.537,0.646,0.683
4271,0.764,0.764,0.764,0.0,0.0,0.485,0.587,0.626
4272,0.576,0.576,0.576,0.0,0.0,0.439,0.545,0.575
4273,0.518,0.518,0.518,0.0,0.0,0.407,0.515,0.537
4274,0.51,0.51,0.51,0.0,0.0,0.385,0.492,0.505
4275,0.5,0.5,0.5,0.0,0.0,0.369,0.475,0.484
4276,0.51,0.51,0.51,0.0,0.007,0.365,0.464,0.467
4277,0.51,0.51,0.51,0.0,0.055,0.368,0.454,0.447
4278,0.51,0.51,0.51,0.384,0.033,0.374,0.465,0.444
4279,0.51,0.51,0.51,0.574,0.033,0.4,0.505,0.476
4280,0.518,0.518,0.518,0.667,0.053,0.437,0.562,0.54
4281,0.518,0.518,0.518,0.653,0.007,0.485,0.62,0.61
4282,0.528,0.528,0.528,0.768,0.005,0.527,0.681,0.669
4283,0.51,0.51,0.51,0.598,0.013,0.558,0.732,0.721
4284,0.518,0.518,0.518,0.614,0.014,0.594,0.774,0.773
4285,0.528,0.528,0.528,0.064,0.014,0.62,0.8,0.807
4286,0.518,0.518,0.518,0.552,0.016,0.632,0.825,0.839
4287,0.518,0.518,0.518,0.709,0.012,0.627,0.833,0.861
4288,0.518,0.518,0.518,0.687,0.016,0.614,0.827,0.875
4289,0.518,0.518,0.518,0.607,0.069,0.598,0.805,0.873
4290,0.5,0.5,0.5,0.389,0.032,0.567,0.769,0.86
4291,0.518,0.518,0.518,0.0,0.043,0.532,0.744,0.806
4292,0.518,0.518,0.518,0.0,0.092,0.533,0.735,0.773
4293,0.51,0.51,0.51,0.0,0.089,0.529,0.7,0.727
4294,0.518,0.518,0.518,0.0,0.092,0.495,0.646,0.671
4295,0.518,0.518,0.518,0.0,0.101,0.454,0.598,0.618
4296,0.518,0.518,0.518,0.0,0.086,0.425,0.556,0.585
4297,0.274,0.274,0.274,0.0,0.082,0.387,0.527,0.548
4298,0.274,0.274,0.274,0.0,0.141,0.375,0.502,0.515
4299,0.274,0.274,0.274,0.0,0.156,0.36,0.485,0.489
4300,0.518,0.518,0.518,0.0,0.09,0.36,0.476,0.469
4301,0.784,0.784,0.784,0.0,0.038,0.354,0.465,0.448
4302,0.764,0.764,0.764,0.355,0.136,0.342,0.466,0.447
4303,0.784,0.784,0.784,0.545,0.212,0.363,0.501,0.483
4304,0.784,0.784,0.784,0.561,0.211,0.4,0.562,0.545
4305,0.764,0.764,0.764,0.583,0.081,0.443,0.632,0.615
4306,0.754,0.754,0.754,0.737,0.047,0.482,0.699,0.677
4307,0.774,0.774,0.774,0.759,0.048,0.523,0.755,0.728
4308,0.774,0.774,0.774,0.762,0.035,0.559,0.802,0.775
4309,0.764,0.764,0.764,0.766,0.037,0.594,0.842,0.798
4310,0.764,0.764,0.764,0.737,0.022,0.617,0.861,0.842
4311,0.764,0.764,0.764,0.764,0.007,0.646,0.87,0.86
4312,0.764,0.764,0.764,0.576,0.003,0.653,0.863,0.863
4313,0.784,0.784,0.784,0.245,0.001,0.651,0.823,0.857
4314,0.764,0.764,0.764,0.38,0.001,0.642,0.772,0.838
4315,0.764,0.764,0.764,0.0,0.004,0.624,0.744,0.806
4316,0.754,0.754,0.754,0.0,0.007,0.63,0.731,0.793
4317,0.49,0.49,0.49,0.0,0.01,0.606,0.686,0.76
4318,0.264,0.264,0.264,0.0,0.02,0.556,0.626,0.711
4319,0.254,0.254,0.254,0.0,0.052,0.494,0.569,0.654
4320,0.264,0.264,0.264,0.0,0.077,0.447,0.536,0.586
4321,0.49,0.49,0.49,0.0,0.024,0.416,0.511,0.545
4322,0.528,0.528,0.528,0.0,0.006,0.401,0.489,0.514
4323,0.764,0.764,0.764,0.0,0.005,0.396,0.476,0.492
4324,0.774,0.774,0.774,0.0,0.03,0.401,0.475,0.485
4325,0.764,0.764,0.764,0.0,0.152,0.415,0.483,0.476
4326,0.792,0.792,0.792,0.384,0.275,0.445,0.507,0.487
4327,0.774,0.774,0.774,0.561,0.225,0.495,0.545,0.524
4328,0.764,0.764,0.764,0.678,0.229,0.559,0.593,0.576
4329,0.764,0.764,0.764,0.744,0.082,0.621,0.638,0.63
4330,0.784,0.784,0.784,0.759,0.071,0.675,0.693,0.672
4331,0.764,0.764,0.764,0.786,0.076,0.701,0.742,0.714
4332,0.764,0.764,0.764,0.79,0.047,0.708,0.785,0.76
4333,0.754,0.754,0.754,0.755,0.017,0.713,0.821,0.785
4334,0.754,0.754,0.754,0.744,0.002,0.72,0.84,0.817
4335,0.754,0.754,0.754,0.724,0.0,0.745,0.852,0.84
4336,0.774,0.774,0.774,0.7,0.0,0.754,0.851,0.855
4337,0.754,0.754,0.754,0.647,0.0,0.746,0.828,0.857
4338,0.774,0.774,0.774,0.448,0.0,0.705,0.786,0.748
4339,0.774,0.774,0.774,0.0,0.0,0.677,0.758,0.794
4340,0.528,0.528,0.528,0.0,0.003,0.672,0.742,0.787
4341,0.5,0.5,0.5,0.0,0.005,0.64,0.704,0.756
4342,0.264,0.264,0.264,0.0,0.011,0.59,0.642,0.704
4343,0.254,0.254,0.254,0.0,0.018,0.517,0.579,0.65
4344,0.254,0.254,0.254,0.0,0.041,0.459,0.534,0.601
4345,0.518,0.518,0.518,0.0,0.099,0.425,0.504,0.568
4346,0.518,0.518,0.518,0.0,0.132,0.404,0.484,0.538
4347,0.518,0.518,0.518,0.0,0.117,0.392,0.47,0.511
4348,0.784,0.784,0.784,0.0,0.071,0.394,0.468,0.502
4349,0.774,0.774,0.774,0.0,0.088,0.412,0.475,0.496
4350,0.774,0.774,0.774,0.397,0.136,0.446,0.505,0.492
4351,0.784,0.784,0.784,0.605,0.065,0.492,0.554,0.527
4352,0.764,0.764,0.764,0.726,0.07,0.543,0.599,0.572
4353,0.754,0.754,0.754,0.751,0.037,0.59,0.642,0.625
4354,0.736,0.736,0.736,0.83,0.014,0.634,0.694,0.681
4355,0.736,0.736,0.736,0.828,0.018,0.648,0.738,0.727
4356,0.764,0.764,0.764,0.821,0.012,0.653,0.78,0.773
4357,0.746,0.746,0.746,0.779,0.003,0.672,0.813,0.803
4358,0.764,0.764,0.764,0.817,0.003,0.669,0.837,0.832
4359,0.764,0.764,0.764,0.742,0.0,0.672,0.851,0.833
4360,0.784,0.784,0.784,0.687,0.0,0.684,0.853,0.806
4361,0.774,0.774,0.774,0.576,0.0,0.695,0.81,0.798
4362,0.774,0.774,0.774,0.287,0.0,0.683,0.753,0.777
4363,0.774,0.774,0.774,0.0,0.0,0.661,0.72,0.752
4364,0.746,0.746,0.746,0.0,0.011,0.654,0.707,0.74
4365,0.396,0.396,0.396,0.0,0.009,0.632,0.673,0.707
4366,0.254,0.254,0.254,0.0,0.321,0.575,0.614,0.656
4367,0.254,0.254,0.254,0.0,0.541,0.511,0.558,0.603
4368,0.254,0.254,0.254,0.0,0.366,0.459,0.521,0.555
4369,0.51,0.51,0.51,0.0,0.31,0.399,0.493,0.546
4370,0.518,0.518,0.518,0.0,0.457,0.382,0.478,0.52
4371,0.736,0.736,0.736,0.0,0.513,0.373,0.465,0.506
4372,0.764,0.764,0.764,0.0,0.249,0.373,0.468,0.504
4373,0.784,0.784,0.784,0.0,0.149,0.388,0.475,0.503
4374,0.784,0.784,0.784,0.433,0.098,0.419,0.504,0.514
4375,0.754,0.754,0.754,0.653,0.071,0.478,0.545,0.554
4376,0.764,0.764,0.764,0.722,0.042,0.538,0.585,0.602
4377,0.774,0.774,0.774,0.611,0.007,0.602,0.624,0.65
4378,0.774,0.774,0.774,0.119,0.032,0.663,0.668,0.682
4379,0.774,0.774,0.774,0.108,0.013,0.71,0.71,0.722
4380,0.764,0.764,0.764,0.128,0.0,0.74,0.749,0.754
4381,0.784,0.784,0.784,0.086,0.057,0.776,0.779,0.78
4382,0.754,0.754,0.754,0.715,0.047,0.793,0.812,0.795
4383,0.764,0.764,0.764,0.669,0.047,0.808,0.835,0.809
4384,0.784,0.784,0.784,0.563,0.031,0.801,0.844,0.802
4385,0.764,0.764,0.764,0.486,0.01,0.767,0.835,0.781
4386,0.764,0.764,0.764,0.413,0.001,0.723,0.803,0.764
4387,0.726,0.726,0.726,0.0,0.325,0.675,0.769,0.738
4388,0.482,0.482,0.482,0.0,0.076,0.659,0.752,0.737
4389,0.33,0.33,0.33,0.0,0.192,0.627,0.717,0.711
4390,0.254,0.254,0.254,0.0,0.0,0.558,0.655,0.665
4391,0.254,0.254,0.254,0.0,0.0,0.493,0.596,0.611
4392,0.264,0.264,0.264,0.0,0.536,0.441,0.555,0.564
4393,0.51,0.51,0.51,0.0,0.709,0.408,0.525,0.53
4394,0.518,0.518,0.518,0.0,0.731,0.385,0.504,0.503
4395,0.518,0.518,0.518,0.0,0.516,0.373,0.489,0.485
4396,0.518,0.518,0.518,0.0,0.079,0.374,0.487,0.482
4397,0.528,0.528,0.528,0.0,0.02,0.387,0.493,0.474
4398,0.774,0.774,0.774,0.309,0.138,0.412,0.521,0.483
4399,0.774,0.774,0.774,0.541,0.02,0.467,0.563,0.53
4400,0.784,0.784,0.784,0.66,0.013,0.524,0.606,0.593
4401,0.764,0.764,0.764,0.695,0.009,0.578,0.65,0.654
4402,0.784,0.784,0.784,0.66,0.005,0.627,0.698,0.699
4403,0.764,0.764,0.764,0.634,0.001,0.672,0.74,0.746
4404,0.774,0.774,0.774,0.148,0.0,0.705,0.782,0.786
4405,0.764,0.764,0.764,0.267,0.025,0.74,0.818,0.824
4406,0.774,0.774,0.774,0.435,0.1,0.768,0.84,0.862
4407,0.754,0.754,0.754,0.629,0.297,0.788,0.852,0.892
4408,0.774,0.774,0.774,0.106,0.372,0.782,0.857,0.906
4409,0.764,0.764,0.764,0.252,0.181,0.755,0.843,0.903
4410,0.764,0.764,0.764,0.269,0.006,0.701,0.796,0.878
4411,0.764,0.764,0.764,0.0,0.0,0.669,0.756,0.843
4412,0.754,0.754,0.754,0.0,0.0,0.657,0.736,0.829
4413,0.754,0.754,0.754,0.0,0.001,0.62,0.702,0.799
4414,0.358,0.358,0.358,0.0,0.075,0.559,0.659,0.744
4415,0.246,0.246,0.246,0.0,0.326,0.493,0.585,0.679
4416,0.254,0.254,0.254,0.0,0.492,0.439,0.548,0.623
4417,0.274,0.274,0.274,0.0,0.507,0.406,0.523,0.582
4418,0.528,0.528,0.528,0.0,0.471,0.387,0.501,0.552
4419,0.518,0.518,0.518,0.0,0.299,0.374,0.489,0.528
4420,0.518,0.518,0.518,0.0,0.273,0.376,0.487,0.519
4421,0.518,0.518,0.518,0.0,0.305,0.389,0.49,0.504
4422,0.774,0.774,0.774,0.393,0.448,0.416,0.519,0.51
4423,0.784,0.784,0.784,0.605,0.392,0.471,0.56,0.556
4424,0.784,0.784,0.784,0.724,0.161,0.53,0.607,0.603
4425,0.764,0.764,0.764,0.792,0.021,0.585,0.646,0.678
4426,0.784,0.784,0.784,0.795,0.0,0.637,0.695,0.723
4427,0.774,0.774,0.774,0.797,0.0,0.68,0.742,0.77
4428,0.764,0.764,0.764,0.77,0.0,0.712,0.78,0.815
4429,0.764,0.764,0.764,0.755,0.0,0.735,0.817,0.851
4430,0.774,0.774,0.774,0.744,0.0,0.753,0.841,0.887
4431,0.764,0.764,0.764,0.753,0.0,0.761,0.86,0.912
4432,0.784,0.784,0.784,0.731,0.001,0.761,0.862,0.924
4433,0.746,0.746,0.746,0.631,0.004,0.742,0.848,0.916
4434,0.764,0.764,0.764,0.417,0.0,0.703,0.812,0.884
4435,0.764,0.764,0.764,0.0,0.0,0.666,0.768,0.85
4436,0.774,0.774,0.774,0.0,0.0,0.648,0.728,0.839
4437,0.538,0.538,0.538,0.0,0.0,0.624,0.699,0.804
4438,0.34,0.34,0.34,0.0,0.0,0.569,0.656,0.76
4439,0.264,0.264,0.264,0.0,0.001,0.507,0.603,0.702
4440,0.254,0.254,0.254,0.0,0.0,0.465,0.557,0.655
4441,0.254,0.254,0.254,0.0,0.032,0.423,0.522,0.617
4442,0.264,0.264,0.264,0.0,0.019,0.402,0.497,0.579
4443,0.254,0.254,0.254,0.0,0.113,0.384,0.479,0.55
4444,0.254,0.254,0.254,0.0,0.189,0.376,0.471,0.53
4445,0.518,0.518,0.518,0.0,0.191,0.373,0.467,0.508
4446,0.51,0.51,0.51,0.391,0.124,0.374,0.474,0.496
4447,0.518,0.518,0.518,0.578,0.101,0.403,0.517,0.536
4448,0.518,0.518,0.518,0.753,0.026,0.458,0.573,0.598
4449,0.51,0.51,0.51,0.863,0.0,0.514,0.632,0.666
4450,0.774,0.774,0.774,0.881,0.0,0.569,0.691,0.718
4451,0.774,0.774,0.774,0.887,0.003,0.615,0.739,0.763
4452,0.774,0.774,0.774,0.841,0.0,0.653,0.779,0.811
4453,0.774,0.774,0.774,0.797,0.0,0.675,0.809,0.847
4454,0.774,0.774,0.774,0.781,0.0,0.695,0.837,0.881
4455,0.764,0.764,0.764,0.773,0.0,0.702,0.853,0.899
4456,0.774,0.774,0.774,0.74,0.002,0.704,0.856,0.886
4457,0.746,0.746,0.746,0.623,0.001,0.677,0.844,0.868
4458,0.51,0.51,0.51,0.419,0.016,0.655,0.81,0.849
4459,0.51,0.51,0.51,0.0,0.009,0.62,0.772,0.822
4460,0.51,0.51,0.51,0.0,0.017,0.608,0.75,0.816
4461,0.51,0.51,0.51,0.0,0.005,0.592,0.71,0.789
4462,0.302,0.302,0.302,0.0,0.001,0.554,0.662,0.751
4463,0.236,0.236,0.236,0.0,0.0,0.504,0.603,0.701
4464,0.246,0.246,0.246,0.0,0.0,0.455,0.565,0.655
4465,0.246,0.246,0.246,0.0,0.198,0.42,0.535,0.615
4466,0.264,0.264,0.264,0.0,0.149,0.397,0.512,0.581
4467,0.254,0.254,0.254,0.0,0.177,0.379,0.493,0.547
4468,0.254,0.254,0.254,0.0,0.125,0.372,0.484,0.526
4469,0.264,0.264,0.264,0.0,0.072,0.358,0.48,0.503
4470,0.548,0.548,0.548,0.397,0.067,0.351,0.483,0.485
4471,0.784,0.784,0.784,0.578,0.082,0.372,0.509,0.529
4472,0.764,0.764,0.764,0.702,0.03,0.413,0.555,0.594
4473,0.784,0.784,0.784,0.726,0.005,0.458,0.597,0.666
4474,0.754,0.754,0.754,0.766,0.018,0.511,0.636,0.721
4475,0.774,0.774,0.774,0.788,0.022,0.555,0.667,0.771
4476,0.764,0.764,0.764,0.757,0.02,0.582,0.691,0.813
4477,0.764,0.764,0.764,0.715,0.007,0.62,0.72,0.853
4478,0.754,0.754,0.754,0.748,0.009,0.642,0.734,0.881
4479,0.764,0.764,0.764,0.724,0.014,0.658,0.746,0.89
4480,0.754,0.754,0.754,0.74,0.02,0.663,0.756,0.873
4481,0.774,0.774,0.774,0.618,0.031,0.649,0.749,0.875
4482,0.774,0.774,0.774,0.364,0.019,0.624,0.73,0.849
4483,0.764,0.764,0.764,0.0,0.012,0.586,0.704,0.82
4484,0.538,0.538,0.538,0.0,0.078,0.58,0.698,0.81
4485,0.33,0.33,0.33,0.0,0.228,0.568,0.667,0.782
4486,0.246,0.246,0.246,0.0,0.108,0.529,0.621,0.68
4487,0.254,0.254,0.254,0.0,0.065,0.48,0.574,0.698
4488,0.254,0.254,0.254,0.0,0.254,0.44,0.537,0.652
4489,0.246,0.246,0.246,0.0,0.069,0.41,0.513,0.614
4490,0.5,0.5,0.5,0.0,0.079,0.394,0.497,0.581
4491,0.5,0.5,0.5,0.0,0.181,0.382,0.486,0.56
4492,0.51,0.51,0.51,0.0,0.031,0.385,0.483,0.549
4493,0.708,0.708,0.708,0.0,0.026,0.396,0.485,0.534
4494,0.774,0.774,0.774,0.397,0.03,0.41,0.501,0.519
4495,0.774,0.774,0.774,0.609,0.036,0.453,0.533,0.538
4496,0.774,0.774,0.774,0.713,0.116,0.506,0.574,0.577
4497,0.764,0.764,0.764,0.759,0.136,0.553,0.619,0.622
4498,0.774,0.774,0.774,0.777,0.092,0.604,0.668,0.66
4499,0.764,0.764,0.764,0.781,0.046,0.647,0.707,0.692
4500,0.784,0.784,0.784,0.788,0.001,0.678,0.748,0.731
4501,0.754,0.754,0.754,0.775,0.0,0.701,0.783,0.744
4502,0.764,0.764,0.764,0.704,0.0,0.719,0.806,0.732
4503,0.774,0.774,0.774,0.603,0.0,0.721,0.819,0.727
4504,0.754,0.754,0.754,0.252,0.0,0.718,0.824,0.723
4505,0.754,0.754,0.754,0.625,0.012,0.701,0.814,0.728
4506,0.764,0.764,0.764,0.097,0.04,0.658,0.779,0.714
4507,0.746,0.746,0.746,0.0,0.046,0.621,0.743,0.704
4508,0.764,0.764,0.764,0.0,0.051,0.605,0.728,0.717
4509,0.726,0.726,0.726,0.0,0.023,0.586,0.704,0.695
4510,0.49,0.49,0.49,0.0,0.035,0.541,0.654,0.664
4511,0.396,0.396,0.396,0.0,0.072,0.491,0.605,0.62
4512,0.274,0.274,0.274,0.0,0.08,0.448,0.567,0.58
4513,0.264,0.264,0.264,0.0,0.16,0.416,0.537,0.554
4514,0.274,0.274,0.274,0.0,0.149,0.395,0.512,0.53
4515,0.51,0.51,0.51,0.0,0.132,0.382,0.495,0.516
4516,0.632,0.632,0.632,0.0,0.081,0.373,0.483,0.503
4517,0.774,0.774,0.774,0.0,0.047,0.372,0.474,0.494
4518,0.784,0.784,0.784,0.0,0.098,0.37,0.475,0.482
4519,0.764,0.764,0.764,0.536,0.177,0.393,0.501,0.475
4520,0.774,0.774,0.774,0.724,0.225,0.43,0.546,0.503
4521,0.784,0.784,0.784,0.777,0.127,0.478,0.594,0.55
4522,0.764,0.764,0.764,0.735,0.061,0.523,0.647,0.576
4523,0.774,0.774,0.774,0.753,0.001,0.568,0.687,0.61
4524,0.764,0.764,0.764,0.775,0.001,0.604,0.721,0.645
4525,0.764,0.764,0.764,0.797,0.0,0.627,0.748,0.656
4526,0.754,0.754,0.754,0.616,0.0,0.641,0.77,0.647
4527,0.774,0.774,0.774,0.342,0.005,0.639,0.786,0.638
4528,0.764,0.764,0.764,0.369,0.001,0.631,0.793,0.631
4529,0.764,0.764,0.764,0.0,0.0,0.619,0.783,0.636
4530,0.764,0.764,0.764,0.364,0.001,0.589,0.753,0.625
4531,0.764,0.764,0.764,0.0,0.015,0.553,0.716,0.609
4532,0.754,0.754,0.754,0.0,0.082,0.542,0.698,0.617
4533,0.726,0.726,0.726,0.0,0.128,0.524,0.673,0.593
4534,0.51,0.51,0.51,0.0,0.498,0.498,0.638,0.582
4535,0.5,0.5,0.5,0.0,0.342,0.458,0.59,0.552
4536,0.254,0.254,0.254,0.0,0.058,0.419,0.548,0.513
4537,0.254,0.254,0.254,0.0,0.294,0.39,0.515,0.482
4538,0.254,0.254,0.254,0.0,0.412,0.372,0.49,0.46
4539,0.5,0.5,0.5,0.0,0.477,0.364,0.476,0.447
4540,0.754,0.754,0.754,0.0,0.498,0.367,0.472,0.444
4541,0.746,0.746,0.746,0.0,0.452,0.383,0.479,0.441
4542,0.764,0.764,0.764,0.397,0.492,0.41,0.491,0.448
4543,0.746,0.746,0.746,0.578,0.623,0.462,0.509,0.492
4544,0.774,0.774,0.774,0.689,0.519,0.524,0.528,0.547
4545,0.764,0.764,0.764,0.788,0.347,0.575,0.54,0.603
4546,0.774,0.774,0.774,0.806,0.37,0.623,0.558,0.647
4547,0.774,0.774,0.774,0.828,0.26,0.664,0.571,0.687
4548,0.774,0.774,0.774,0.839,0.191,0.701,0.582,0.732
4549,0.764,0.764,0.764,0.837,0.173,0.723,0.599,0.768
4550,0.754,0.754,0.754,0.819,0.048,0.743,0.63,0.807
4551,0.754,0.754,0.754,0.788,0.176,0.753,0.666,0.805
4552,0.764,0.764,0.764,0.764,0.437,0.748,0.688,0.765
4553,0.764,0.764,0.764,0.658,0.586,0.724,0.691,0.735
4554,0.754,0.754,0.754,0.433,0.502,0.683,0.677,0.7
4555,0.754,0.754,0.754,0.0,0.267,0.63,0.653,0.692
4556,0.774,0.774,0.774,0.0,0.602,0.613,0.653,0.695
4557,0.754,0.754,0.754,0.0,0.798,0.585,0.626,0.672
4558,0.726,0.726,0.726,0.0,0.841,0.528,0.578,0.632
4559,0.584,0.584,0.584,0.0,0.914,0.469,0.524,0.581
4560,0.51,0.51,0.51,0.0,0.883,0.424,0.488,0.539
4561,0.518,0.518,0.518,0.0,0.724,0.394,0.463,0.509
4562,0.51,0.51,0.51,0.0,0.645,0.374,0.444,0.487
4563,0.746,0.746,0.746,0.0,0.516,0.366,0.438,0.471
4564,0.754,0.754,0.754,0.0,0.575,0.367,0.441,0.47
4565,0.764,0.764,0.764,0.0,0.552,0.379,0.449,0.468
4566,0.764,0.764,0.764,0.397,0.345,0.408,0.475,0.476
4567,0.774,0.774,0.774,0.623,0.428,0.459,0.514,0.524
4568,0.764,0.764,0.764,0.742,0.342,0.513,0.553,0.583
4569,0.774,0.774,0.774,0.795,0.142,0.563,0.595,0.642
4570,0.774,0.774,0.774,0.815,0.022,0.606,0.645,0.686
4571,0.764,0.764,0.764,0.81,0.024,0.639,0.684,0.734
4572,0.784,0.784,0.784,0.81,0.052,0.669,0.72,0.773
4573,0.754,0.754,0.754,0.837,0.036,0.694,0.738,0.788
4574,0.784,0.784,0.784,0.83,0.033,0.711,0.767,0.785
4575,0.764,0.764,0.764,0.806,0.059,0.728,0.787,0.772
4576,0.774,0.774,0.774,0.746,0.15,0.728,0.791,0.762
4577,0.774,0.774,0.774,0.64,0.326,0.704,0.772,0.77
4578,0.764,0.764,0.764,0.428,0.454,0.661,0.739,0.76
4579,0.736,0.736,0.736,0.0,0.475,0.621,0.716,0.732
4580,0.518,0.518,0.518,0.0,0.716,0.609,0.709,0.73
4581,0.49,0.49,0.49,0.0,0.115,0.582,0.681,0.702
4582,0.254,0.254,0.254,0.0,0.275,0.526,0.632,0.655
4583,0.254,0.254,0.254,0.0,0.066,0.469,0.577,0.604
4584,0.254,0.254,0.254,0.0,0.078,0.426,0.541,0.555
4585,0.254,0.254,0.254,0.0,0.162,0.396,0.515,0.521
4586,0.274,0.274,0.274,0.0,0.647,0.378,0.493,0.495
4587,0.518,0.518,0.518,0.0,0.459,0.365,0.482,0.475
4588,0.538,0.538,0.538,0.0,0.422,0.366,0.484,0.469
4589,0.792,0.792,0.792,0.0,0.457,0.377,0.493,0.461
4590,0.774,0.774,0.774,0.386,0.465,0.404,0.517,0.467
4591,0.764,0.764,0.764,0.587,0.391,0.455,0.554,0.514
4592,0.792,0.792,0.792,0.691,0.207,0.51,0.589,0.572
4593,0.774,0.774,0.774,0.784,0.086,0.564,0.613,0.629
4594,0.784,0.784,0.784,0.784,0.044,0.618,0.64,0.671
4595,0.774,0.774,0.774,0.775,0.0,0.647,0.67,0.713
4596,0.754,0.754,0.754,0.786,0.0,0.685,0.681,0.751
4597,0.764,0.764,0.764,0.792,0.025,0.712,0.679,0.782
4598,0.774,0.774,0.774,0.799,0.03,0.736,0.693,0.799
4599,0.754,0.754,0.754,0.781,0.004,0.748,0.71,0.797
4600,0.764,0.764,0.764,0.742,0.0,0.763,0.717,0.799
4601,0.764,0.764,0.764,0.631,0.0,0.739,0.702,0.791
4602,0.754,0.754,0.754,0.415,0.0,0.691,0.676,0.771
4603,0.754,0.754,0.754,0.0,0.0,0.648,0.65,0.742
4604,0.51,0.51,0.51,0.0,0.0,0.626,0.643,0.737
4605,0.254,0.254,0.254,0.0,0.0,0.6,0.618,0.701
4606,0.254,0.254,0.254,0.0,0.0,0.55,0.571,0.656
4607,0.254,0.254,0.254,0.0,0.0,0.487,0.525,0.608
4608,0.254,0.254,0.254,0.0,0.0,0.447,0.492,0.561
4609,0.246,0.246,0.246,0.0,0.0,0.416,0.466,0.524
4610,0.254,0.254,0.254,0.0,0.0,0.392,0.45,0.499
4611,0.264,0.264,0.264,0.0,0.0,0.379,0.436,0.481
4612,0.5,0.5,0.5,0.0,0.0,0.371,0.432,0.472
4613,0.5,0.5,0.5,0.0,0.0,0.37,0.427,0.459
4614,0.49,0.49,0.49,0.391,0.001,0.378,0.433,0.448
4615,0.528,0.528,0.528,0.603,0.001,0.403,0.483,0.463
4616,0.51,0.51,0.51,0.706,0.005,0.453,0.537,0.503
4617,0.528,0.528,0.528,0.768,0.0,0.512,0.588,0.553
4618,0.51,0.51,0.51,0.784,0.001,0.569,0.641,0.603
4619,0.528,0.528,0.528,0.773,0.009,0.615,0.684,0.66
4620,0.51,0.51,0.51,0.768,0.028,0.655,0.715,0.709
4621,0.528,0.528,0.528,0.775,0.014,0.67,0.747,0.752
4622,0.518,0.518,0.518,0.733,0.015,0.682,0.773,0.791
4623,0.518,0.518,0.518,0.748,0.022,0.697,0.79,0.819
4624,0.518,0.518,0.518,0.722,0.032,0.692,0.801,0.828
4625,0.518,0.518,0.518,0.618,0.034,0.678,0.795,0.808
4626,0.518,0.518,0.518,0.397,0.006,0.654,0.773,0.767
4627,0.51,0.51,0.51,0.0,0.0,0.615,0.739,0.729
4628,0.264,0.264,0.264,0.0,0.002,0.603,0.719,0.723
4629,0.254,0.254,0.254,0.0,0.006,0.581,0.676,0.698
4630,0.254,0.254,0.254,0.0,0.015,0.534,0.624,0.665
4631,0.254,0.254,0.254,0.0,0.02,0.486,0.573,0.62
4632,0.254,0.254,0.254,0.0,0.012,0.445,0.536,0.57
4633,0.254,0.254,0.254,0.0,0.0,0.415,0.508,0.533
4634,0.254,0.254,0.254,0.0,0.0,0.391,0.486,0.504
4635,0.264,0.264,0.264,0.0,0.005,0.376,0.469,0.483
4636,0.518,0.518,0.518,0.0,0.008,0.366,0.456,0.467
4637,0.784,0.784,0.784,0.0,0.026,0.36,0.444,0.449
4638,0.774,0.774,0.774,0.377,0.009,0.351,0.456,0.442
4639,0.774,0.774,0.774,0.57,0.014,0.368,0.498,0.483
4640,0.792,0.792,0.792,0.695,0.011,0.405,0.558,0.543
4641,0.764,0.764,0.764,0.724,0.0,0.452,0.616,0.609
4642,0.764,0.764,0.764,0.762,0.0,0.504,0.68,0.663
4643,0.764,0.764,0.764,0.735,0.0,0.552,0.733,0.711
4644,0.764,0.764,0.764,0.775,0.0,0.593,0.772,0.748
4645,0.774,0.774,0.774,0.777,0.0,0.625,0.802,0.774
4646,0.774,0.774,0.774,0.779,0.0,0.649,0.824,0.784
4647,0.764,0.764,0.764,0.775,0.0,0.658,0.838,0.732
4648,0.764,0.764,0.764,0.583,0.0,0.665,0.846,0.699
4649,0.68,0.68,0.68,0.605,0.002,0.651,0.838,0.705
4650,0.67,0.67,0.67,0.413,0.003,0.632,0.814,0.702
4651,0.774,0.774,0.774,0.0,0.0,0.598,0.775,0.672
4652,0.746,0.746,0.746,0.0,0.032,0.589,0.75,0.672
4653,0.51,0.51,0.51,0.0,0.069,0.569,0.703,0.647
4654,0.34,0.34,0.34,0.0,0.289,0.521,0.643,0.611
4655,0.264,0.264,0.264,0.0,0.224,0.466,0.59,0.568
4656,0.264,0.264,0.264,0.0,0.017,0.429,0.55,0.527
4657,0.518,0.518,0.518,0.0,0.015,0.4,0.522,0.492
4658,0.51,0.51,0.51,0.0,0.099,0.383,0.498,0.467
4659,0.528,0.528,0.528,0.0,0.21,0.373,0.48,0.45
4660,0.764,0.764,0.764,0.0,0.239,0.377,0.477,0.447
4661,0.784,0.784,0.784,0.0,0.392,0.393,0.483,0.443
4662,0.754,0.754,0.754,0.386,0.428,0.417,0.512,0.452
4663,0.754,0.754,0.754,0.578,0.357,0.464,0.556,0.498
4664,0.754,0.754,0.754,0.653,0.298,0.52,0.606,0.556
4665,0.754,0.754,0.754,0.706,0.268,0.573,0.65,0.614
4666,0.764,0.764,0.764,0.735,0.227,0.616,0.695,0.658
4667,0.754,0.754,0.754,0.795,0.125,0.654,0.739,0.706
4668,0.754,0.754,0.754,0.788,0.206,0.685,0.778,0.756
4669,0.754,0.754,0.754,0.786,0.214,0.711,0.815,0.8
4670,0.764,0.764,0.764,0.784,0.202,0.73,0.847,0.837
4671,0.764,0.764,0.764,0.777,0.134,0.738,0.872,0.864
4672,0.754,0.754,0.754,0.748,0.106,0.74,0.878,0.877
4673,0.754,0.754,0.754,0.631,0.097,0.718,0.869,0.872
4674,0.754,0.754,0.754,0.411,0.297,0.661,0.84,0.846
4675,0.754,0.754,0.754,0.0,0.486,0.614,0.796,0.808
4676,0.754,0.754,0.754,0.0,0.459,0.601,0.77,0.789
4677,0.754,0.754,0.754,0.0,0.332,0.575,0.724,0.75
4678,0.764,0.764,0.764,0.0,0.324,0.516,0.654,0.693
4679,0.764,0.764,0.764,0.0,0.39,0.459,0.591,0.631
4680,0.764,0.764,0.764,0.0,0.244,0.413,0.547,0.574
4681,0.746,0.746,0.746,0.0,0.266,0.387,0.518,0.536
4682,0.764,0.764,0.764,0.0,0.165,0.364,0.491,0.508
4683,0.746,0.746,0.746,0.0,0.101,0.355,0.475,0.49
4684,0.764,0.764,0.764,0.0,0.08,0.356,0.47,0.487
4685,0.754,0.754,0.754,0.0,0.112,0.373,0.473,0.479
4686,0.754,0.754,0.754,0.391,0.162,0.405,0.506,0.489
4687,0.754,0.754,0.754,0.605,0.138,0.455,0.556,0.538
4688,0.754,0.754,0.754,0.74,0.149,0.509,0.607,0.596
4689,0.754,0.754,0.754,0.81,0.034,0.553,0.654,0.659
4690,0.746,0.746,0.746,0.834,0.007,0.596,0.708,0.703
4691,0.764,0.764,0.764,0.828,0.014,0.631,0.756,0.754
4692,0.746,0.746,0.746,0.839,0.02,0.702,0.804,0.803
4693,0.774,0.774,0.774,0.832,0.015,0.724,0.843,0.841
4694,0.754,0.754,0.754,0.81,0.013,0.747,0.871,0.869
4695,0.764,0.764,0.764,0.83,0.003,0.767,0.895,0.886
4696,0.754,0.754,0.754,0.808,0.02,0.77,0.905,0.893
4697,0.774,0.774,0.774,0.693,0.063,0.705,0.896,0.887
4698,0.746,0.746,0.746,0.424,0.217,0.656,0.868,0.861
4699,0.764,0.764,0.764,0.0,0.117,0.619,0.824,0.821
4700,0.764,0.764,0.764,0.0,0.208,0.601,0.799,0.804
4701,0.584,0.584,0.584,0.0,0.701,0.58,0.755,0.757
4702,0.594,0.594,0.594,0.0,0.764,0.521,0.683,0.701
4703,0.614,0.614,0.614,0.0,0.82,0.464,0.614,0.634
4704,0.604,0.604,0.604,0.0,0.936,0.42,0.579,0.579
4705,0.614,0.614,0.614,0.0,0.852,0.392,0.541,0.54
4706,0.764,0.764,0.764,0.0,0.85,0.372,0.512,0.508
4707,0.754,0.754,0.754,0.0,0.802,0.365,0.5,0.488
4708,0.764,0.764,0.764,0.0,0.687,0.364,0.501,0.48
4709,0.764,0.764,0.764,0.0,0.84,0.379,0.509,0.471
4710,0.764,0.764,0.764,0.397,0.648,0.399,0.544,0.477
4711,0.754,0.754,0.754,0.611,0.779,0.451,0.583,0.52
4712,0.754,0.754,0.754,0.744,0.545,0.507,0.647,0.575
4713,0.764,0.764,0.764,0.806,0.336,0.553,0.69,0.63
4714,0.754,0.754,0.754,0.815,0.097,0.602,0.741,0.671
4715,0.754,0.754,0.754,0.806,0.092,0.642,0.785,0.712
4716,0.764,0.764,0.764,0.777,0.202,0.685,0.828,0.754
4717,0.754,0.754,0.754,0.77,0.261,0.714,0.869,0.789
4718,0.746,0.746,0.746,0.797,0.102,0.739,0.902,0.813
4719,0.754,0.754,0.754,0.792,0.208,0.754,0.92,0.851
4720,0.764,0.764,0.764,0.74,0.278,0.755,0.931,0.866
4721,0.754,0.754,0.754,0.631,0.384,0.732,0.92,0.863
4722,0.774,0.774,0.774,0.419,0.494,0.688,0.892,0.845
4723,0.784,0.784,0.784,0.0,0.697,0.639,0.855,0.807
4724,0.754,0.754,0.754,0.0,0.694,0.624,0.829,0.781
4725,0.538,0.538,0.538,0.0,0.871,0.599,0.787,0.739
4726,0.472,0.472,0.472,0.0,0.863,0.542,0.718,0.683
4727,0.51,0.51,0.51,0.0,0.796,0.483,0.655,0.62
4728,0.49,0.49,0.49,0.0,0.858,0.434,0.606,0.566
4729,0.5,0.5,0.5,0.0,0.737,0.404,0.575,0.526
4730,0.49,0.49,0.49,0.0,0.698,0.383,0.549,0.498
4731,0.548,0.548,0.548,0.0,0.935,0.374,0.534,0.477
4732,0.774,0.774,0.774,0.0,0.851,0.374,0.531,0.472
4733,0.774,0.774,0.774,0.0,0.835,0.386,0.536,0.466
4734,0.784,0.784,0.784,0.38,0.734,0.408,0.567,0.472
4735,0.774,0.774,0.774,0.605,0.605,0.46,0.62,0.52
4736,0.784,0.784,0.784,0.724,0.265,0.517,0.671,0.579
4737,0.774,0.774,0.774,0.766,0.199,0.568,0.718,0.641
4738,0.746,0.746,0.746,0.77,0.142,0.619,0.772,0.687
4739,0.736,0.736,0.736,0.779,0.09,0.666,0.824,0.745
4740,0.736,0.736,0.736,0.792,0.033,0.701,0.87,0.795
4741,0.746,0.746,0.746,0.733,0.016,0.736,0.909,0.832
4742,0.746,0.746,0.746,0.724,0.025,0.768,0.938,0.869
4743,0.754,0.754,0.754,0.768,0.036,0.783,0.959,0.898
4744,0.764,0.764,0.764,0.744,0.041,0.786,0.964,0.913
4745,0.764,0.764,0.764,0.638,0.03,0.767,0.953,0.91
4746,0.754,0.754,0.754,0.415,0.077,0.714,0.918,0.889
4747,0.764,0.764,0.764,0.0,0.053,0.67,0.88,0.855
4748,0.746,0.746,0.746,0.0,0.044,0.65,0.859,0.828
4749,0.754,0.754,0.754,0.0,0.098,0.622,0.816,0.779
4750,0.528,0.528,0.528,0.0,0.216,0.563,0.749,0.718
4751,0.51,0.51,0.51,0.0,0.565,0.5,0.681,0.652
4752,0.378,0.378,0.378,0.0,0.518,0.45,0.632,0.595
4753,0.51,0.51,0.51,0.0,0.388,0.415,0.595,0.557
4754,0.5,0.5,0.5,0.0,0.181,0.395,0.568,0.523
4755,0.5,0.5,0.5,0.0,0.115,0.383,0.553,0.507
4756,0.754,0.754,0.754,0.0,0.075,0.384,0.547,0.499
4757,0.764,0.764,0.764,0.0,0.042,0.397,0.55,0.493
4758,0.764,0.764,0.764,0.38,0.042,0.422,0.578,0.49
4759,0.754,0.754,0.754,0.585,0.014,0.473,0.629,0.526
4760,0.764,0.764,0.764,0.711,0.003,0.533,0.675,0.589
4761,0.754,0.754,0.754,0.777,0.0,0.588,0.719,0.654
4762,0.754,0.754,0.754,0.748,0.0,0.651,0.768,0.72
4763,0.754,0.754,0.754,0.733,0.0,0.691,0.814,0.781
4764,0.746,0.746,0.746,0.784,0.0,0.738,0.863,0.829
4765,0.764,0.764,0.764,0.764,0.003,0.779,0.904,0.872
4766,0.754,0.754,0.754,0.764,0.024,0.802,0.943,0.914
4767,0.754,0.754,0.754,0.764,0.061,0.811,0.969,0.943
4768,0.754,0.754,0.754,0.737,0.038,0.805,0.978,0.957
4769,0.754,0.754,0.754,0.616,0.036,0.78,0.967,0.955
4770,0.754,0.754,0.754,0.406,0.007,0.734,0.927,0.931
4771,0.754,0.754,0.754,0.0,0.034,0.688,0.877,0.894
4772,0.754,0.754,0.754,0.0,0.085,0.669,0.839,0.871
4773,0.528,0.528,0.528,0.0,0.116,0.643,0.791,0.824
4774,0.302,0.302,0.302,0.0,0.213,0.581,0.727,0.764
4775,0.254,0.254,0.254,0.0,0.126,0.523,0.669,0.699
4776,0.188,0.188,0.188,0.0,0.381,0.471,0.622,0.642
4777,0.254,0.254,0.254,0.0,0.383,0.433,0.599,0.595
4778,0.254,0.254,0.254,0.0,0.092,0.409,0.584,0.561
4779,0.254,0.254,0.254,0.0,0.013,0.393,0.571,0.531
4780,0.254,0.254,0.254,0.0,0.027,0.386,0.557,0.514
4781,0.254,0.254,0.254,0.0,0.0,0.386,0.542,0.498
4782,0.254,0.254,0.254,0.38,0.005,0.382,0.548,0.487
4783,0.254,0.254,0.254,0.585,0.005,0.418,0.597,0.524
4784,0.254,0.254,0.254,0.704,0.004,0.476,0.66,0.595
4785,0.264,0.264,0.264,0.72,0.0,0.539,0.719,0.674
4786,0.292,0.292,0.292,0.744,0.0,0.601,0.779,0.741
4787,0.538,0.538,0.538,0.753,0.0,0.642,0.824,0.811
4788,0.774,0.774,0.774,0.766,0.0,0.68,0.869,0.875
4789,0.792,0.792,0.792,0.706,0.0,0.709,0.903,0.913
4790,0.764,0.764,0.764,0.629,0.001,0.735,0.921,0.947
4791,0.784,0.784,0.784,0.687,0.007,0.746,0.905,0.969
4792,0.764,0.764,0.764,0.671,0.042,0.754,0.867,0.98
4793,0.774,0.774,0.774,0.598,0.076,0.747,0.821,0.976
4794,0.784,0.784,0.784,0.397,0.077,0.722,0.773,0.95
4795,0.746,0.746,0.746,0.0,0.04,0.692,0.74,0.914
4796,0.736,0.736,0.736,0.0,0.058,0.675,0.723,0.891
4797,0.746,0.746,0.746,0.0,0.291,0.654,0.688,0.848
4798,0.746,0.746,0.746,0.0,0.716,0.593,0.643,0.789
4799,0.764,0.764,0.764,0.0,0.221,0.535,0.598,0.725
4800,0.754,0.754,0.754,0.0,0.38,0.484,0.56,0.668
4801,0.754,0.754,0.754,0.0,0.32,0.446,0.531,0.621
4802,0.764,0.764,0.764,0.0,0.236,0.419,0.507,0.583
4803,0.764,0.764,0.764,0.0,0.105,0.402,0.491,0.554
4804,0.764,0.764,0.764,0.0,0.02,0.39,0.48,0.534
4805,0.754,0.754,0.754,0.0,0.007,0.384,0.469,0.513
4806,0.754,0.754,0.754,0.375,0.007,0.377,0.475,0.501
4807,0.764,0.764,0.764,0.587,0.012,0.396,0.517,0.54
4808,0.764,0.764,0.764,0.682,0.044,0.441,0.572,0.606
4809,0.764,0.764,0.764,0.726,0.012,0.491,0.627,0.681
4810,0.784,0.784,0.784,0.737,0.01,0.542,0.684,0.743
4811,0.774,0.774,0.774,0.711,0.003,0.579,0.739,0.807
4812,0.774,0.774,0.774,0.742,0.0,0.61,0.782,0.866
4813,0.784,0.784,0.784,0.669,0.0,0.631,0.818,0.904
4814,0.764,0.764,0.764,0.377,0.001,0.652,0.847,0.943
4815,0.784,0.784,0.784,0.331,0.004,0.673,0.867,0.969
4816,0.784,0.784,0.784,0.704,0.003,0.68,0.855,0.982
4817,0.784,0.784,0.784,0.532,0.001,0.672,0.83,0.978
4818,0.736,0.736,0.736,0.291,0.002,0.649,0.795,0.957
4819,0.472,0.472,0.472,0.0,0.001,0.621,0.773,0.918
4820,0.274,0.274,0.274,0.0,0.001,0.615,0.758,0.907
4821,0.254,0.254,0.254,0.0,0.0,0.6,0.725,0.867
4822,0.254,0.254,0.254,0.0,0.0,0.551,0.67,0.813
4823,0.254,0.254,0.254,0.0,0.0,0.496,0.617,0.754
4824,0.264,0.264,0.264,0.0,0.026,0.452,0.576,0.707
4825,0.632,0.632,0.632,0.0,0.303,0.423,0.545,0.669
4826,0.764,0.764,0.764,0.0,0.055,0.407,0.518,0.628
4827,0.792,0.792,0.792,0.0,0.001,0.402,0.508,0.601
4828,0.774,0.774,0.774,0.0,0.028,0.408,0.504,0.593
4829,0.746,0.746,0.746,0.0,0.017,0.429,0.513,0.591
4830,0.764,0.764,0.764,0.366,0.054,0.461,0.53,0.593
4831,0.764,0.764,0.764,0.563,0.015,0.509,0.561,0.643
4832,0.774,0.774,0.774,0.636,0.102,0.568,0.597,0.706
4833,0.774,0.774,0.774,0.687,0.086,0.619,0.637,0.77
4834,0.784,0.784,0.784,0.731,0.057,0.675,0.69,0.815
4835,0.764,0.764,0.764,0.737,0.017,0.722,0.737,0.863
4836,0.784,0.784,0.784,0.762,0.0,0.769,0.779,0.904
4837,0.774,0.774,0.774,0.404,0.0,0.802,0.814,0.932
4838,0.764,0.764,0.764,0.117,0.0,0.826,0.839,0.965
4839,0.746,0.746,0.746,0.174,0.0,0.828,0.855,0.989
4840,0.746,0.746,0.746,0.722,0.001,0.802,0.864,1.0
4841,0.754,0.754,0.754,0.62,0.0,0.761,0.857,0.987
4842,0.746,0.746,0.746,0.384,0.06,0.701,0.83,0.965
4843,0.754,0.754,0.754,0.0,0.142,0.67,0.801,0.943
4844,0.66,0.66,0.66,0.0,0.564,0.675,0.796,0.929
4845,0.556,0.556,0.556,0.0,0.665,0.65,0.754,0.83
4846,0.472,0.472,0.472,0.0,0.748,0.577,0.696,0.733
4847,0.34,0.34,0.34,0.0,0.78,0.52,0.641,0.657
4848,0.34,0.34,0.34,0.0,0.447,0.471,0.603,0.62
4849,0.754,0.754,0.754,0.0,0.271,0.441,0.575,0.585
4850,0.746,0.746,0.746,0.0,0.059,0.424,0.55,0.553
4851,0.746,0.746,0.746,0.0,0.04,0.413,0.537,0.531
4852,0.746,0.746,0.746,0.0,0.03,0.416,0.533,0.526
4853,0.764,0.764,0.764,0.0,0.069,0.434,0.539,0.529
4854,0.736,0.736,0.736,0.0,0.154,0.459,0.563,0.532
4855,0.764,0.764,0.764,0.0,0.112,0.511,0.611,0.546
4856,0.774,0.774,0.774,0.375,0.149,0.576,0.659,0.554
4857,0.764,0.764,0.764,0.695,0.061,0.634,0.707,0.646
4858,0.784,0.784,0.784,0.733,0.007,0.688,0.762,0.691
4859,0.764,0.764,0.764,0.759,0.0,0.732,0.814,0.742
4860,0.784,0.784,0.784,0.766,0.0,0.769,0.862,0.795
4861,0.764,0.764,0.764,0.402,0.0,0.794,0.899,0.833
4862,0.784,0.784,0.784,0.274,0.0,0.814,0.928,0.869
4863,0.754,0.754,0.754,0.013,0.0,0.822,0.948,0.901
4864,0.746,0.746,0.746,0.744,0.0,0.818,0.954,0.923
4865,0.746,0.746,0.746,0.614,0.0,0.79,0.932,0.925
4866,0.736,0.736,0.736,0.285,0.063,0.735,0.893,0.911
4867,0.716,0.716,0.716,0.0,0.029,0.684,0.858,0.884
4868,0.472,0.472,0.472,0.0,0.007,0.66,0.831,0.88
4869,0.33,0.33,0.33,0.0,0.006,0.626,0.786,0.837
4870,0.274,0.274,0.274,0.0,0.028,0.564,0.723,0.784
4871,0.264,0.264,0.264,0.0,0.029,0.504,0.666,0.724
4872,0.274,0.274,0.274,0.0,0.011,0.455,0.623,0.674
4873,0.538,0.538,0.538,0.0,0.085,0.428,0.589,0.634
4874,0.784,0.784,0.784,0.0,0.049,0.408,0.563,0.604
4875,0.784,0.784,0.784,0.0,0.021,0.398,0.551,0.584
4876,0.746,0.746,0.746,0.0,0.006,0.4,0.547,0.577
4877,0.746,0.746,0.746,0.0,0.0,0.417,0.553,0.573
4878,0.736,0.736,0.736,0.373,0.0,0.444,0.569,0.569
4879,0.764,0.764,0.764,0.596,0.0,0.492,0.619,0.594
4880,0.764,0.764,0.764,0.684,0.0,0.551,0.666,0.634
4881,0.784,0.784,0.784,0.735,0.0,0.602,0.708,0.686
4882,0.764,0.764,0.764,0.751,0.0,0.646,0.756,0.737
4883,0.784,0.784,0.784,0.733,0.0,0.689,0.8,0.796
4884,0.726,0.726,0.726,0.671,0.0,0.739,0.839,0.83
4885,0.726,0.726,0.726,0.413,0.0,0.764,0.877,0.825
4886,0.716,0.716,0.716,0.406,0.0,0.787,0.906,0.808
4887,0.746,0.746,0.746,0.715,0.0,0.798,0.927,0.81
4888,0.764,0.764,0.764,0.74,0.0,0.79,0.93,0.794
4889,0.754,0.754,0.754,0.627,0.001,0.752,0.917,0.775
4890,0.754,0.754,0.754,0.393,0.001,0.689,0.884,0.749
4891,0.5,0.5,0.5,0.0,0.0,0.643,0.851,0.747
4892,0.254,0.254,0.254,0.0,0.0,0.62,0.828,0.751
4893,0.254,0.254,0.254,0.0,0.0,0.593,0.793,0.723
4894,0.254,0.254,0.254,0.0,0.0,0.543,0.73,0.68
4895,0.246,0.246,0.246,0.0,0.0,0.49,0.672,0.628
4896,0.264,0.264,0.264,0.0,0.0,0.442,0.63,0.582
4897,0.254,0.254,0.254,0.0,0.188,0.415,0.605,0.547
4898,0.5,0.5,0.5,0.0,0.235,0.396,0.583,0.517
4899,0.51,0.51,0.51,0.0,0.129,0.388,0.568,0.503
4900,0.764,0.764,0.764,0.0,0.051,0.39,0.564,0.499
4901,0.784,0.784,0.784,0.0,0.022,0.41,0.574,0.502
4902,0.784,0.784,0.784,0.364,0.02,0.434,0.588,0.502
4903,0.774,0.774,0.774,0.534,0.019,0.485,0.615,0.531
4904,0.764,0.764,0.764,0.704,0.008,0.542,0.646,0.589
4905,0.784,0.784,0.784,0.775,0.0,0.593,0.675,0.659
4906,0.774,0.774,0.774,0.77,0.003,0.642,0.708,0.716
4907,0.774,0.774,0.774,0.766,0.0,0.683,0.735,0.776
4908,0.774,0.774,0.774,0.722,0.001,0.724,0.784,0.831
4909,0.754,0.754,0.754,0.415,0.0,0.749,0.83,0.875
4910,0.754,0.754,0.754,0.04,0.003,0.775,0.865,0.914
4911,0.736,0.736,0.736,0.325,0.004,0.782,0.889,0.939
4912,0.736,0.736,0.736,0.155,0.009,0.78,0.898,0.916
4913,0.716,0.716,0.716,0.274,0.008,0.756,0.887,0.849
4914,0.736,0.736,0.736,0.106,0.001,0.704,0.859,0.812
4915,0.746,0.746,0.746,0.0,0.0,0.662,0.826,0.782
4916,0.736,0.736,0.736,0.0,0.008,0.644,0.806,0.783
4917,0.264,0.264,0.264,0.0,0.026,0.616,0.772,0.754
4918,0.246,0.246,0.246,0.0,0.061,0.557,0.703,0.709
4919,0.254,0.254,0.254,0.0,0.077,0.5,0.642,0.66
4920,0.246,0.246,0.246,0.0,0.051,0.453,0.596,0.612
4921,0.254,0.254,0.254,0.0,0.047,0.424,0.562,0.577
4922,0.482,0.482,0.482,0.0,0.094,0.404,0.538,0.553
4923,0.754,0.754,0.754,0.0,0.157,0.396,0.521,0.537
4924,0.764,0.764,0.764,0.0,0.189,0.397,0.517,0.53
4925,0.784,0.784,0.784,0.0,0.167,0.414,0.524,0.527
4926,0.764,0.764,0.764,0.205,0.152,0.442,0.548,0.531
4927,0.774,0.774,0.774,0.389,0.185,0.496,0.607,0.583
4928,0.774,0.774,0.774,0.519,0.165,0.556,0.669,0.648
4929,0.784,0.784,0.784,0.558,0.087,0.612,0.728,0.713
4930,0.764,0.764,0.764,0.698,0.066,0.665,0.797,0.764
4931,0.764,0.764,0.764,0.762,0.05,0.718,0.858,0.816
4932,0.764,0.764,0.764,0.735,0.037,0.768,0.911,0.861
4933,0.764,0.764,0.764,0.547,0.02,0.807,0.952,0.901
4934,0.764,0.764,0.764,0.428,0.007,0.836,0.983,0.934
4935,0.764,0.764,0.764,0.183,0.003,0.852,1.0,0.959
4936,0.774,0.774,0.774,0.678,0.005,0.859,0.932,0.972
4937,0.754,0.754,0.754,0.616,0.002,0.832,0.873,0.967
4938,0.774,0.774,0.774,0.395,0.006,0.786,0.834,0.946
4939,0.764,0.764,0.764,0.0,0.032,0.749,0.813,0.912
4940,0.312,0.312,0.312,0.0,0.067,0.724,0.799,0.892
4941,0.246,0.246,0.246,0.0,0.035,0.7,0.769,0.847
4942,0.246,0.246,0.246,0.0,0.001,0.646,0.717,0.795
4943,0.246,0.246,0.246,0.0,0.013,0.584,0.663,0.733
4944,0.254,0.254,0.254,0.0,0.06,0.529,0.625,0.681
4945,0.246,0.246,0.246,0.0,0.102,0.49,0.602,0.65
4946,0.254,0.254,0.254,0.0,0.183,0.46,0.583,0.619
4947,0.254,0.254,0.254,0.0,0.26,0.439,0.567,0.592
4948,0.246,0.246,0.246,0.0,0.141,0.431,0.556,0.579
4949,0.254,0.254,0.254,0.0,0.374,0.432,0.547,0.57
4950,0.49,0.49,0.49,0.36,0.249,0.432,0.551,0.564
4951,0.518,0.518,0.518,0.576,0.284,0.466,0.602,0.6
4952,0.51,0.51,0.51,0.687,0.194,0.533,0.674,0.657
4953,0.774,0.774,0.774,0.702,0.093,0.601,0.739,0.707
4954,0.774,0.774,0.774,0.722,0.053,0.663,0.8,0.713
4955,0.784,0.784,0.784,0.786,0.033,0.732,0.846,0.72
4956,0.754,0.754,0.754,0.808,0.022,0.785,0.874,0.732
4957,0.736,0.736,0.736,0.768,0.013,0.817,0.89,0.757
4958,0.754,0.754,0.754,0.435,0.005,0.832,0.908,0.778
4959,0.736,0.736,0.736,0.252,0.013,0.84,0.915,0.796
4960,0.642,0.642,0.642,0.744,0.003,0.836,0.917,0.828
4961,0.528,0.528,0.528,0.574,0.009,0.811,0.909,0.843
4962,0.518,0.518,0.518,0.349,0.0,0.784,0.872,0.827
4963,0.528,0.528,0.528,0.0,0.0,0.776,0.836,0.807
4964,0.416,0.416,0.416,0.0,0.0,0.763,0.813,0.812
4965,0.416,0.416,0.416,0.0,0.003,0.731,0.77,0.785
4966,0.51,0.51,0.51,0.0,0.018,0.673,0.724,0.742
4967,0.51,0.51,0.51,0.0,0.002,0.63,0.681,0.697
4968,0.51,0.51,0.51,0.0,0.02,0.582,0.644,0.654
4969,0.51,0.51,0.51,0.0,0.358,0.544,0.61,0.616
4970,0.51,0.51,0.51,0.0,0.204,0.512,0.583,0.585
4971,0.518,0.518,0.518,0.0,0.146,0.488,0.567,0.561
4972,0.51,0.51,0.51,0.0,0.17,0.469,0.558,0.547
4973,0.548,0.548,0.548,0.0,0.243,0.461,0.55,0.535
4974,0.774,0.774,0.774,0.329,0.137,0.446,0.546,0.518
4975,0.774,0.774,0.774,0.539,0.081,0.463,0.582,0.539
4976,0.784,0.784,0.784,0.645,0.082,0.51,0.643,0.605
4977,0.764,0.764,0.764,0.656,0.029,0.564,0.701,0.682
4978,0.774,0.774,0.774,0.726,0.032,0.61,0.759,0.742
4979,0.774,0.774,0.774,0.667,0.059,0.638,0.809,0.8
4980,0.764,0.764,0.764,0.605,0.02,0.648,0.849,0.849
4981,0.764,0.764,0.764,0.594,0.014,0.679,0.876,0.891
4982,0.754,0.754,0.754,0.7,0.012,0.707,0.893,0.929
4983,0.754,0.754,0.754,0.563,0.004,0.727,0.91,0.956
4984,0.764,0.764,0.764,0.479,0.005,0.755,0.922,0.966
4985,0.746,0.746,0.746,0.11,0.006,0.757,0.917,0.962
4986,0.764,0.764,0.764,0.002,0.0,0.734,0.891,0.939
4987,0.764,0.764,0.764,0.0,0.0,0.708,0.868,0.906
4988,0.774,0.774,0.774,0.0,0.0,0.711,0.849,0.892
4989,0.482,0.482,0.482,0.0,0.001,0.692,0.803,0.849
4990,0.254,0.254,0.254,0.0,0.009,0.64,0.731,0.793
4991,0.254,0.254,0.254,0.0,0.008,0.576,0.658,0.734
4992,0.254,0.254,0.254,0.0,0.367,0.525,0.612,0.691
4993,0.556,0.556,0.556,0.0,0.432,0.492,0.582,0.654
4994,0.774,0.774,0.774,0.0,0.385,0.471,0.56,0.63
4995,0.764,0.764,0.764,0.0,0.32,0.461,0.544,0.613
4996,0.784,0.784,0.784,0.0,0.302,0.461,0.539,0.609
4997,0.784,0.784,0.784,0.0,0.139,0.476,0.548,0.599
4998,0.764,0.764,0.764,0.223,0.038,0.502,0.564,0.577
4999,0.754,0.754,0.754,0.32,0.02,0.556,0.606,0.623
5000,0.746,0.746,0.746,0.32,0.001,0.617,0.66,0.688
5001,0.754,0.754,0.754,0.369,0.0,0.686,0.715,0.753
5002,0.754,0.754,0.754,0.625,0.0,0.752,0.772,0.809
5003,0.754,0.754,0.754,0.333,0.0,0.801,0.827,0.862
5004,0.746,0.746,0.746,0.689,0.0,0.836,0.88,0.912
5005,0.774,0.774,0.774,0.728,0.0,0.857,0.923,0.952
5006,0.754,0.754,0.754,0.689,0.0,0.876,0.954,0.982
5007,0.754,0.754,0.754,0.698,0.0,0.895,0.964,0.969
5008,0.764,0.764,0.764,0.695,0.001,0.903,0.962,0.941
5009,0.764,0.764,0.764,0.583,0.013,0.891,0.945,0.913
5010,0.754,0.754,0.754,0.349,0.026,0.846,0.907,0.884
5011,0.746,0.746,0.746,0.0,0.045,0.809,0.875,0.858
5012,0.51,0.51,0.51,0.0,0.032,0.804,0.857,0.859
5013,0.33,0.33,0.33,0.0,0.243,0.773,0.817,0.837
5014,0.254,0.254,0.254,0.0,0.5,0.703,0.739,0.784
5015,0.254,0.254,0.254,0.0,0.637,0.628,0.682,0.724
5016,0.246,0.246,0.246,0.0,0.451,0.569,0.64,0.672
5017,0.51,0.51,0.51,0.0,0.419,0.53,0.607,0.634
5018,0.774,0.774,0.774,0.0,0.38,0.501,0.583,0.611
5019,0.774,0.774,0.774,0.0,0.315,0.487,0.568,0.592
5020,0.764,0.764,0.764,0.0,0.146,0.485,0.568,0.582
5021,0.792,0.792,0.792,0.0,0.069,0.499,0.579,0.579
5022,0.774,0.774,0.774,0.347,0.059,0.519,0.601,0.567
5023,0.764,0.764,0.764,0.563,0.02,0.566,0.636,0.611
5024,0.784,0.784,0.784,0.649,0.006,0.628,0.667,0.675
5025,0.754,0.754,0.754,0.698,0.002,0.693,0.703,0.738
5026,0.754,0.754,0.754,0.713,0.0,0.751,0.748,0.793
5027,0.736,0.736,0.736,0.74,0.0,0.767,0.78,0.848
5028,0.736,0.736,0.736,0.629,0.0,0.869,0.817,0.898
5029,0.754,0.754,0.754,0.128,0.0,0.862,0.857,0.936
5030,0.736,0.736,0.736,0.033,0.0,0.871,0.893,0.958
5031,0.736,0.736,0.736,0.013,0.0,0.875,0.916,0.937
5032,0.51,0.51,0.51,0.7,0.0,0.863,0.922,0.893
5033,0.284,0.284,0.284,0.625,0.0,0.832,0.904,0.863
5034,0.264,0.264,0.264,0.384,0.005,0.779,0.86,0.844
5035,0.264,0.264,0.264,0.0,0.013,0.733,0.833,0.829
5036,0.264,0.264,0.264,0.0,0.076,0.711,0.79,0.829
5037,0.264,0.264,0.264,0.0,0.455,0.678,0.726,0.797
5038,0.246,0.246,0.246,0.0,0.612,0.614,0.653,0.755
5039,0.236,0.236,0.236,0.0,0.633,0.55,0.581,0.706
5040,0.254,0.254,0.254,0.0,0.52,0.499,0.531,0.663
5041,0.518,0.518,0.518,0.0,0.365,0.472,0.505,0.635
5042,0.518,0.518,0.518,0.0,0.159,0.449,0.487,0.608
5043,0.51,0.51,0.51,0.0,0.025,0.443,0.478,0.596
5044,0.528,0.528,0.528,0.0,0.001,0.442,0.483,0.598
5045,0.774,0.774,0.774,0.0,0.005,0.46,0.499,0.598
5046,0.774,0.774,0.774,0.355,0.02,0.483,0.517,0.592
5047,0.764,0.764,0.764,0.589,0.032,0.527,0.556,0.626
5048,0.784,0.784,0.784,0.722,0.064,0.578,0.593,0.672
5049,0.764,0.764,0.764,0.781,0.025,0.632,0.628,0.726
5050,0.746,0.746,0.746,0.735,0.027,0.687,0.668,0.772
5051,0.754,0.754,0.754,0.724,0.02,0.744,0.706,0.824
5052,0.754,0.754,0.754,0.777,0.003,0.804,0.739,0.872
5053,0.764,0.764,0.764,0.779,0.018,0.847,0.769,0.91
5054,0.774,0.774,0.774,0.753,0.037,0.874,0.793,0.938
5055,0.754,0.754,0.754,0.762,0.0,0.886,0.808,0.956
5056,0.716,0.716,0.716,0.247,0.0,0.878,0.81,0.94
5057,0.49,0.49,0.49,0.256,0.0,0.882,0.792,0.909
5058,0.254,0.254,0.254,0.159,0.0,0.773,0.76,0.874
5059,0.254,0.254,0.254,0.0,0.0,0.737,0.742,0.849
5060,0.254,0.254,0.254,0.0,0.0,0.72,0.737,0.851
5061,0.254,0.254,0.254,0.0,0.007,0.694,0.71,0.822
5062,0.104,0.104,0.104,0.0,0.001,0.638,0.659,0.779
5063,0.104,0.104,0.104,0.0,0.015,0.575,0.613,0.728
5064,0.084,0.084,0.084,0.0,0.025,0.518,0.573,0.68
5065,0.084,0.084,0.084,0.0,0.053,0.485,0.547,0.643
5066,0.254,0.254,0.254,0.0,0.037,0.46,0.527,0.616
5067,0.264,0.264,0.264,0.0,0.01,0.451,0.517,0.596
5068,0.302,0.302,0.302,0.0,0.013,0.448,0.518,0.589
5069,0.518,0.518,0.518,0.0,0.015,0.467,0.529,0.585
5070,0.51,0.51,0.51,0.349,0.013,0.494,0.547,0.584
5071,0.528,0.528,0.528,0.6,0.001,0.543,0.562,0.618
5072,0.528,0.528,0.528,0.735,0.003,0.609,0.577,0.673
5073,0.764,0.764,0.764,0.795,0.001,0.67,0.584,0.729
5074,0.784,0.784,0.784,0.801,0.0,0.717,0.617,0.769
5075,0.764,0.764,0.764,0.808,0.0,0.756,0.659,0.812
5076,0.764,0.764,0.764,0.605,0.0,0.785,0.7,0.852
5077,0.764,0.764,0.764,0.06,0.0,0.815,0.735,0.882
5078,0.774,0.774,0.774,0.163,0.0,0.831,0.767,0.915
5079,0.754,0.754,0.754,0.095,0.0,0.839,0.786,0.932
5080,0.754,0.754,0.754,0.759,0.001,0.833,0.789,0.936
5081,0.764,0.764,0.764,0.631,0.017,0.808,0.772,0.938
5082,0.754,0.754,0.754,0.389,0.007,0.757,0.741,0.913
5083,0.51,0.51,0.51,0.0,0.034,0.712,0.712,0.883
5084,0.5,0.5,0.5,0.0,0.01,0.704,0.701,0.881
5085,0.35,0.35,0.35,0.0,0.007,0.672,0.676,0.844
5086,0.254,0.254,0.254,0.0,0.256,0.604,0.627,0.792
5087,0.254,0.254,0.254,0.0,0.274,0.545,0.575,0.732
5088,0.254,0.254,0.254,0.0,0.095,0.494,0.541,0.681
5089,0.254,0.254,0.254,0.0,0.127,0.463,0.517,0.645
5090,0.264,0.264,0.264,0.0,0.305,0.447,0.5,0.615
5091,0.482,0.482,0.482,0.0,0.38,0.436,0.491,0.596
5092,0.774,0.774,0.774,0.0,0.38,0.437,0.495,0.587
5093,0.784,0.784,0.784,0.0,0.35,0.452,0.506,0.581
5094,0.764,0.764,0.764,0.322,0.393,0.476,0.525,0.577
5095,0.764,0.764,0.764,0.576,0.295,0.523,0.559,0.616
5096,0.774,0.774,0.774,0.72,0.572,0.577,0.589,0.678
5097,0.764,0.764,0.764,0.786,0.56,0.63,0.619,0.737
5098,0.764,0.764,0.764,0.768,0.457,0.686,0.664,0.782
5099,0.764,0.764,0.764,0.821,0.477,0.723,0.695,0.824
5100,0.764,0.764,0.764,0.823,0.372,0.746,0.726,0.867
5101,0.754,0.754,0.754,0.821,0.297,0.766,0.75,0.902
5102,0.764,0.764,0.764,0.806,0.281,0.78,0.774,0.937
5103,0.746,0.746,0.746,0.797,0.247,0.779,0.77,0.963
5104,0.482,0.482,0.482,0.715,0.228,0.77,0.752,0.97
5105,0.264,0.264,0.264,0.627,0.25,0.748,0.726,0.958
5106,0.254,0.254,0.254,0.382,0.348,0.7,0.695,0.932
5107,0.132,0.132,0.132,0.0,0.419,0.655,0.683,0.907
5108,0.084,0.084,0.084,0.0,0.43,0.652,0.677,0.897
5109,0.246,0.246,0.246,0.0,0.814,0.627,0.655,0.843
5110,0.254,0.254,0.254,0.0,0.934,0.58,0.615,0.78
5111,0.264,0.264,0.264,0.0,0.781,0.531,0.574,0.715
5112,0.254,0.254,0.254,0.0,0.471,0.49,0.543,0.657
5113,0.264,0.264,0.264,0.0,0.384,0.535,0.536,0.604
5114,0.264,0.264,0.264,0.0,0.291,0.515,0.519,0.569
5115,0.264,0.264,0.264,0.0,0.404,0.501,0.507,0.544
5116,0.264,0.264,0.264,0.0,0.423,0.498,0.504,0.527
5117,0.264,0.264,0.264,0.0,0.45,0.503,0.504,0.518
5118,0.264,0.264,0.264,0.32,0.508,0.508,0.501,0.505
5119,0.264,0.264,0.264,0.552,0.419,0.527,0.523,0.524
5120,0.518,0.518,0.518,0.618,0.276,0.565,0.554,0.571
5121,0.784,0.784,0.784,0.647,0.144,0.609,0.592,0.627
5122,0.774,0.774,0.774,0.746,0.084,0.648,0.63,0.665
5123,0.774,0.774,0.774,0.784,0.055,0.676,0.651,0.719
5124,0.784,0.784,0.784,0.808,0.059,0.699,0.67,0.771
5125,0.774,0.774,0.774,0.806,0.077,0.704,0.691,0.816
5126,0.774,0.774,0.774,0.768,0.095,0.713,0.725,0.866
5127,0.784,0.784,0.784,0.768,0.121,0.708,0.754,0.902
5128,0.774,0.774,0.774,0.792,0.061,0.691,0.769,0.918
5129,0.774,0.774,0.774,0.66,0.049,0.666,0.765,0.917
5130,0.784,0.784,0.784,0.395,0.036,0.635,0.74,0.89
5131,0.716,0.716,0.716,0.0,0.011,0.621,0.716,0.859
5132,0.462,0.462,0.462,0.0,0.0,0.634,0.709,0.854
5133,0.32,0.32,0.32,0.0,0.061,0.622,0.679,0.814
5134,0.264,0.264,0.264,0.0,0.68,0.588,0.633,0.768
5135,0.16,0.16,0.16,0.0,0.601,0.552,0.592,0.713
5136,0.254,0.254,0.254,0.0,0.432,0.516,0.549,0.655
5137,0.254,0.254,0.254,0.0,0.401,0.493,0.518,0.614
5138,0.264,0.264,0.264,0.0,0.093,0.479,0.499,0.585
5139,0.254,0.254,0.254,0.0,0.154,0.469,0.487,0.562
5140,0.274,0.274,0.274,0.0,0.363,0.464,0.479,0.544
5141,0.528,0.528,0.528,0.0,0.432,0.464,0.476,0.533
5142,0.774,0.774,0.774,0.309,0.385,0.463,0.469,0.517
5143,0.774,0.774,0.774,0.609,0.238,0.47,0.484,0.547
5144,0.774,0.774,0.774,0.733,0.083,0.488,0.51,0.601
5145,0.764,0.764,0.764,0.837,0.0,0.515,0.541,0.662
5146,0.784,0.784,0.784,0.87,0.0,0.55,0.57,0.712
5147,0.774,0.774,0.774,0.863,0.0,0.582,0.593,0.763
5148,0.784,0.784,0.784,0.852,0.03,0.608,0.615,0.809
5149,0.774,0.774,0.774,0.854,0.056,0.627,0.633,0.841
5150,0.774,0.774,0.774,0.85,0.088,0.638,0.659,0.876
5151,0.784,0.784,0.784,0.826,0.055,0.64,0.685,0.902
5152,0.746,0.746,0.746,0.79,0.0,0.638,0.705,0.911
5153,0.764,0.764,0.764,0.667,0.0,0.626,0.707,0.898
5154,0.754,0.754,0.754,0.395,0.0,0.609,0.691,0.866
5155,0.754,0.754,0.754,0.0,0.0,0.601,0.679,0.822
5156,0.746,0.746,0.746,0.0,0.0,0.625,0.677,0.81
5157,0.35,0.35,0.35,0.0,0.0,0.618,0.647,0.769
5158,0.254,0.254,0.254,0.0,0.212,0.578,0.602,0.719
5159,0.254,0.254,0.254,0.0,0.373,0.532,0.557,0.66
5160,0.264,0.264,0.264,0.0,0.353,0.497,0.527,0.61
5161,0.462,0.462,0.462,0.0,0.171,0.478,0.508,0.576
5162,0.518,0.518,0.518,0.0,0.141,0.467,0.494,0.551
5163,0.792,0.792,0.792,0.0,0.15,0.465,0.488,0.534
5164,0.764,0.764,0.764,0.0,0.173,0.469,0.492,0.527
5165,0.784,0.784,0.784,0.0,0.143,0.49,0.507,0.524
5166,0.764,0.764,0.764,0.305,0.102,0.518,0.521,0.522
5167,0.764,0.764,0.764,0.623,0.082,0.554,0.543,0.557
5168,0.764,0.764,0.764,0.777,0.086,0.6,0.572,0.607
5169,0.764,0.764,0.764,0.837,0.011,0.637,0.606,0.655
5170,0.754,0.754,0.754,0.845,0.013,0.667,0.646,0.696
5171,0.754,0.754,0.754,0.857,0.009,0.696,0.687,0.739
5172,0.764,0.764,0.764,0.854,0.01,0.717,0.722,0.785
5173,0.754,0.754,0.754,0.845,0.004,0.736,0.756,0.819
5174,0.764,0.764,0.764,0.841,0.016,0.759,0.781,0.85
5175,0.774,0.774,0.774,0.837,0.01,0.771,0.805,0.879
5176,0.754,0.754,0.754,0.744,0.005,0.767,0.813,0.884
5177,0.754,0.754,0.754,0.66,0.003,0.741,0.805,0.867
5178,0.764,0.764,0.764,0.393,0.011,0.681,0.769,0.834
5179,0.754,0.754,0.754,0.0,0.02,0.647,0.744,0.8
5180,0.754,0.754,0.754,0.0,0.026,0.658,0.736,0.79
5181,0.754,0.754,0.754,0.0,0.0,0.634,0.701,0.741
5182,0.764,0.764,0.764,0.0,0.0,0.583,0.638,0.684
5183,0.576,0.576,0.576,0.0,0.0,0.532,0.583,0.627
5184,0.51,0.51,0.51,0.0,0.0,0.494,0.549,0.577
5185,0.5,0.5,0.5,0.0,0.006,0.474,0.529,0.544
5186,0.51,0.51,0.51,0.0,0.023,0.463,0.513,0.517
5187,0.736,0.736,0.736,0.0,0.082,0.459,0.502,0.501
5188,0.746,0.746,0.746,0.0,0.082,0.464,0.499,0.496
5189,0.754,0.754,0.754,0.0,0.048,0.485,0.506,0.494
5190,0.754,0.754,0.754,0.344,0.082,0.513,0.52,0.492
5191,0.774,0.774,0.774,0.614,0.023,0.552,0.553,0.523
5192,0.774,0.774,0.774,0.764,0.018,0.597,0.59,0.566
5193,0.774,0.774,0.774,0.83,0.015,0.638,0.623,0.608
5194,0.784,0.784,0.784,0.832,0.054,0.681,0.662,0.638
5195,0.754,0.754,0.754,0.85,0.049,0.715,0.7,0.671
5196,0.764,0.764,0.764,0.819,0.02,0.74,0.739,0.709
5197,0.754,0.754,0.754,0.808,0.037,0.767,0.768,0.735
5198,0.754,0.754,0.754,0.821,0.068,0.793,0.797,0.768
5199,0.754,0.754,0.754,0.817,0.078,0.8,0.813,0.795
5200,0.764,0.764,0.764,0.773,0.04,0.798,0.813,0.807
5201,0.764,0.764,0.764,0.656,0.012,0.767,0.798,0.798
5202,0.754,0.754,0.754,0.382,0.076,0.705,0.762,0.768
5203,0.754,0.754,0.754,0.0,0.049,0.666,0.731,0.734
5204,0.736,0.736,0.736,0.0,0.015,0.672,0.721,0.722
5205,0.51,0.51,0.51,0.0,0.118,0.647,0.681,0.675
5206,0.254,0.254,0.254,0.0,0.435,0.588,0.622,0.616
5207,0.254,0.254,0.254,0.0,0.131,0.538,0.566,0.562
5208,0.246,0.246,0.246,0.0,0.141,0.496,0.532,0.519
5209,0.246,0.246,0.246,0.0,0.177,0.476,0.513,0.487
5210,0.254,0.254,0.254,0.0,0.215,0.464,0.498,0.467
5211,0.254,0.254,0.254,0.0,0.233,0.458,0.489,0.452
5212,0.254,0.254,0.254,0.0,0.084,0.463,0.49,0.451
5213,0.518,0.518,0.518,0.0,0.023,0.482,0.499,0.452
5214,0.518,0.518,0.518,0.344,0.004,0.509,0.518,0.454
5215,0.754,0.754,0.754,0.609,0.005,0.547,0.54,0.489
5216,0.764,0.764,0.764,0.709,0.022,0.595,0.575,0.537
5217,0.764,0.764,0.764,0.801,0.0,0.651,0.612,0.574
5218,0.764,0.764,0.764,0.799,0.0,0.696,0.655,0.619
5219,0.784,0.784,0.784,0.755,0.0,0.739,0.697,0.678
5220,0.754,0.754,0.754,0.762,0.0,0.793,0.743,0.721
5221,0.764,0.764,0.764,0.812,0.0,0.824,0.784,0.758
5222,0.764,0.764,0.764,0.839,0.0,0.858,0.818,0.799
5223,0.65,0.65,0.65,0.826,0.0,0.875,0.84,0.832
5224,0.5,0.5,0.5,0.764,0.0,0.873,0.849,0.848
5225,0.246,0.246,0.246,0.634,0.026,0.833,0.836,0.841
5226,0.208,0.208,0.208,0.371,0.0,0.762,0.798,0.813
5227,0.208,0.208,0.208,0.0,0.001,0.703,0.757,0.782
5228,0.246,0.246,0.246,0.0,0.004,0.694,0.734,0.777
5229,0.132,0.132,0.132,0.0,0.0,0.664,0.691,0.733
5230,0.254,0.254,0.254,0.0,0.0,0.6,0.622,0.677
5231,0.246,0.246,0.246,0.0,0.0,0.545,0.566,0.617
5232,0.254,0.254,0.254,0.0,0.0,0.503,0.531,0.57
5233,0.254,0.254,0.254,0.0,0.0,0.48,0.509,0.537
5234,0.246,0.246,0.246,0.0,0.041,0.465,0.495,0.513
5235,0.254,0.254,0.254,0.0,0.051,0.46,0.487,0.498
5236,0.254,0.254,0.254,0.0,0.002,0.466,0.488,0.491
5237,0.254,0.254,0.254,0.0,0.11,0.482,0.498,0.493
5238,0.246,0.246,0.246,0.333,0.163,0.507,0.514,0.49
5239,0.274,0.274,0.274,0.592,0.204,0.546,0.554,0.529
5240,0.528,0.528,0.528,0.722,0.227,0.59,0.594,0.583
5241,0.708,0.708,0.708,0.74,0.076,0.626,0.635,0.647
5242,0.774,0.774,0.774,0.742,0.076,0.655,0.683,0.689
5243,0.726,0.726,0.726,0.768,0.052,0.665,0.73,0.731
5244,0.736,0.736,0.736,0.817,0.041,0.672,0.776,0.77
5245,0.716,0.716,0.716,0.788,0.023,0.684,0.817,0.77
5246,0.754,0.754,0.754,0.81,0.045,0.702,0.85,0.798
5247,0.746,0.746,0.746,0.779,0.046,0.72,0.864,0.83
5248,0.764,0.764,0.764,0.768,0.051,0.722,0.859,0.843
5249,0.754,0.754,0.754,0.64,0.054,0.702,0.827,0.826
5250,0.754,0.754,0.754,0.366,0.0,0.654,0.773,0.788
5251,0.746,0.746,0.746,0.0,0.011,0.618,0.738,0.76
5252,0.518,0.518,0.518,0.0,0.007,0.642,0.72,0.75
5253,0.264,0.264,0.264,0.0,0.0,0.617,0.689,0.7
5254,0.254,0.254,0.254,0.0,0.002,0.575,0.631,0.646
5255,0.254,0.254,0.254,0.0,0.004,0.529,0.578,0.59
5256,0.254,0.254,0.254,0.0,0.0,0.493,0.546,0.546
5257,0.5,0.5,0.5,0.0,0.183,0.473,0.526,0.51
5258,0.254,0.254,0.254,0.0,0.17,0.462,0.511,0.487
5259,0.254,0.254,0.254,0.0,0.144,0.457,0.505,0.47
5260,0.264,0.264,0.264,0.0,0.167,0.462,0.506,0.468
5261,0.51,0.51,0.51,0.0,0.153,0.481,0.521,0.469
5262,0.774,0.774,0.774,0.327,0.096,0.509,0.533,0.466
5263,0.746,0.746,0.746,0.605,0.042,0.544,0.553,0.494
5264,0.518,0.518,0.518,0.728,0.001,0.582,0.579,0.531
5265,0.518,0.518,0.518,0.797,0.0,0.617,0.601,0.564
5266,0.518,0.518,0.518,0.817,0.022,0.642,0.617,0.581
5267,0.518,0.518,0.518,0.837,0.039,0.673,0.632,0.603
5268,0.51,0.51,0.51,0.812,0.007,0.694,0.653,0.626
5269,0.528,0.528,0.528,0.823,0.0,0.713,0.68,0.65
5270,0.49,0.49,0.49,0.832,0.003,0.736,0.712,0.682
5271,0.556,0.556,0.556,0.801,0.001,0.742,0.736,0.713
5272,0.716,0.716,0.716,0.777,0.0,0.736,0.75,0.731
5273,0.51,0.51,0.51,0.651,0.0,0.701,0.745,0.731
5274,0.312,0.312,0.312,0.371,0.0,0.652,0.716,0.712
5275,0.264,0.264,0.264,0.0,0.0,0.613,0.682,0.686
5276,0.246,0.246,0.246,0.0,0.005,0.616,0.667,0.685
5277,0.236,0.236,0.236,0.0,0.023,0.593,0.639,0.648
5278,0.094,0.094,0.094,0.0,0.037,0.552,0.592,0.609
5279,0.094,0.094,0.094,0.0,0.405,0.513,0.548,0.563
5280,0.094,0.094,0.094,0.0,0.239,0.48,0.517,0.522
5281,0.254,0.254,0.254,0.0,0.23,0.459,0.495,0.493
5282,0.264,0.264,0.264,0.0,0.238,0.446,0.478,0.471
5283,0.254,0.254,0.254,0.0,0.285,0.436,0.468,0.455
5284,0.254,0.254,0.254,0.0,0.281,0.435,0.462,0.446
5285,0.264,0.264,0.264,0.0,0.349,0.437,0.459,0.441
5286,0.254,0.254,0.254,0.333,0.396,0.436,0.461,0.429
5287,0.274,0.274,0.274,0.583,0.444,0.451,0.49,0.459
5288,0.51,0.51,0.51,0.702,0.268,0.483,0.532,0.51
5289,0.528,0.528,0.528,0.792,0.051,0.522,0.581,0.565
5290,0.528,0.528,0.528,0.808,0.047,0.553,0.628,0.605
5291,0.528,0.528,0.528,0.834,0.024,0.582,0.672,0.644
5292,0.528,0.528,0.528,0.841,0.022,0.599,0.712,0.683
5293,0.518,0.518,0.518,0.841,0.024,0.634,0.746,0.71
5294,0.518,0.518,0.518,0.839,0.011,0.621,0.776,0.743
5295,0.528,0.528,0.528,0.817,0.002,0.63,0.799,0.768
5296,0.51,0.51,0.51,0.775,0.004,0.629,0.808,0.78
5297,0.518,0.518,0.518,0.634,0.055,0.614,0.803,0.779
5298,0.528,0.528,0.528,0.355,0.005,0.592,0.765,0.753
5299,0.518,0.518,0.518,0.0,0.003,0.572,0.723,0.72
5300,0.51,0.51,0.51,0.0,0.057,0.585,0.699,0.707
5301,0.518,0.518,0.518,0.0,0.036,0.566,0.647,0.67
5302,0.5,0.5,0.5,0.0,0.084,0.531,0.598,0.625
5303,0.51,0.51,0.51,0.0,0.065,0.497,0.549,0.576
5304,0.254,0.254,0.254,0.0,0.078,0.466,0.516,0.529
5305,0.254,0.254,0.254,0.0,0.073,0.445,0.492,0.496
5306,0.264,0.264,0.264,0.0,0.053,0.433,0.474,0.472
5307,0.254,0.254,0.254,0.0,0.081,0.426,0.465,0.453
5308,0.264,0.264,0.264,0.0,0.162,0.425,0.457,0.44
5309,0.264,0.264,0.264,0.0,0.242,0.423,0.452,0.433
5310,0.264,0.264,0.264,0.325,0.279,0.419,0.451,0.419
5311,0.5,0.5,0.5,0.572,0.277,0.425,0.476,0.443
5312,0.518,0.518,0.518,0.684,0.194,0.447,0.52,0.487
5313,0.51,0.51,0.51,0.768,0.098,0.472,0.571,0.544
5314,0.518,0.518,0.518,0.845,0.041,0.496,0.624,0.594
5315,0.548,0.548,0.548,0.863,0.029,0.518,0.681,0.65
5316,0.51,0.51,0.51,0.863,0.022,0.536,0.737,0.702
5317,0.51,0.51,0.51,0.854,0.012,0.549,0.788,0.744
5318,0.754,0.754,0.754,0.845,0.008,0.563,0.83,0.785
5319,0.736,0.736,0.736,0.801,0.03,0.577,0.866,0.818
5320,0.754,0.754,0.754,0.77,0.024,0.583,0.886,0.835
5321,0.784,0.784,0.784,0.638,0.011,0.577,0.885,0.833
5322,0.764,0.764,0.764,0.355,0.002,0.557,0.849,0.804
5323,0.784,0.784,0.784,0.0,0.0,0.542,0.807,0.768
5324,0.538,0.538,0.538,0.0,0.0,0.562,0.776,0.751
5325,0.482,0.482,0.482,0.0,0.0,0.553,0.717,0.709
5326,0.264,0.264,0.264,0.0,0.002,0.519,0.649,0.65
5327,0.254,0.254,0.254,0.0,0.001,0.483,0.588,0.593
5328,0.246,0.246,0.246,0.0,0.0,0.457,0.552,0.544
5329,0.264,0.264,0.264,0.0,0.0,0.441,0.527,0.507
5330,0.254,0.254,0.254,0.0,0.001,0.434,0.51,0.482
5331,0.254,0.254,0.254,0.0,0.015,0.434,0.501,0.465
5332,0.284,0.284,0.284,0.0,0.037,0.44,0.504,0.463
5333,0.254,0.254,0.254,0.0,0.0,0.459,0.521,0.463
5334,0.284,0.284,0.284,0.311,0.0,0.483,0.544,0.461
5335,0.518,0.518,0.518,0.607,0.001,0.519,0.592,0.495
5336,0.528,0.528,0.528,0.737,0.0,0.558,0.646,0.547
5337,0.754,0.754,0.754,0.764,0.0,0.589,0.702,0.606
5338,0.774,0.774,0.774,0.812,0.005,0.614,0.767,0.659
5339,0.754,0.754,0.754,0.848,0.012,0.634,0.825,0.714
5340,0.774,0.774,0.774,0.85,0.044,0.657,0.875,0.765
5341,0.754,0.754,0.754,0.845,0.016,0.682,0.92,0.798
5342,0.764,0.764,0.764,0.839,0.041,0.71,0.96,0.831
5343,0.754,0.754,0.754,0.812,0.028,0.724,0.988,0.854
5344,0.754,0.754,0.754,0.773,0.036,0.731,1.0,0.863
5345,0.764,0.764,0.764,0.631,0.005,0.712,0.982,0.857
5346,0.754,0.754,0.754,0.347,0.005,0.663,0.928,0.827
5347,0.764,0.764,0.764,0.0,0.0,0.628,0.885,0.792
5348,0.764,0.764,0.764,0.0,0.071,0.639,0.858,0.762
5349,0.754,0.754,0.754,0.0,0.283,0.606,0.81,0.699
5350,0.698,0.698,0.698,0.0,0.272,0.556,0.729,0.632
5351,0.378,0.378,0.378,0.0,0.655,0.508,0.66,0.575
5352,0.254,0.254,0.254,0.0,0.562,0.473,0.615,0.527
5353,0.254,0.254,0.254,0.0,0.819,0.453,0.581,0.496
5354,0.254,0.254,0.254,0.0,0.622,0.441,0.559,0.474
5355,0.264,0.264,0.264,0.0,0.374,0.436,0.543,0.457
5356,0.254,0.254,0.254,0.0,0.48,0.438,0.538,0.452
5357,0.254,0.254,0.254,0.0,0.291,0.452,0.549,0.452
5358,0.254,0.254,0.254,0.316,0.266,0.474,0.564,0.449
5359,0.5,0.5,0.5,0.607,0.765,0.509,0.595,0.481
5360,0.746,0.746,0.746,0.709,0.605,0.559,0.639,0.53
5361,0.754,0.754,0.754,0.804,0.297,0.605,0.691,0.585
5362,0.746,0.746,0.746,0.801,0.182,0.653,0.75,0.638
5363,0.774,0.774,0.774,0.773,0.08,0.692,0.812,0.696
5364,0.764,0.764,0.764,0.77,0.04,0.729,0.872,0.762
5365,0.774,0.774,0.774,0.808,0.046,0.782,0.923,0.814
5366,0.764,0.764,0.764,0.819,0.042,0.805,0.964,0.863
5367,0.774,0.774,0.774,0.817,0.064,0.83,0.991,0.898
5368,0.764,0.764,0.764,0.735,0.096,0.834,0.991,0.915
5369,0.754,0.754,0.754,0.6,0.127,0.8,0.951,0.913
5370,0.774,0.774,0.774,0.311,0.22,0.735,0.898,0.891
5371,0.746,0.746,0.746,0.0,0.367,0.687,0.866,0.858
5372,0.32,0.32,0.32,0.0,0.148,0.686,0.838,0.841
5373,0.284,0.284,0.284,0.0,0.014,0.648,0.789,0.776
5374,0.226,0.226,0.226,0.0,0.0,0.585,0.714,0.705
5375,0.254,0.254,0.254,0.0,0.132,0.53,0.654,0.637
5376,0.254,0.254,0.254,0.0,0.084,0.488,0.61,0.585
5377,0.254,0.254,0.254,0.0,0.123,0.465,0.58,0.544
5378,0.254,0.254,0.254,0.0,0.177,0.45,0.557,0.518
5379,0.246,0.246,0.246,0.0,0.419,0.446,0.542,0.503
5380,0.254,0.254,0.254,0.0,0.468,0.447,0.541,0.498
5381,0.254,0.254,0.254,0.0,0.445,0.463,0.552,0.499
5382,0.254,0.254,0.254,0.298,0.332,0.484,0.569,0.496
5383,0.254,0.254,0.254,0.567,0.313,0.522,0.593,0.528
5384,0.416,0.416,0.416,0.675,0.281,0.577,0.614,0.58
5385,0.538,0.538,0.538,0.762,0.0,0.632,0.641,0.64
5386,0.726,0.726,0.726,0.775,0.0,0.688,0.692,0.695
5387,0.774,0.774,0.774,0.775,0.0,0.742,0.743,0.754
5388,0.784,0.784,0.784,0.773,0.0,0.75,0.792,0.812
5389,0.784,0.784,0.784,0.759,0.009,0.851,0.827,0.859
5390,0.774,0.774,0.774,0.733,0.0,0.904,0.86,0.909
5391,0.764,0.764,0.764,0.638,0.0,0.962,0.886,0.936
5392,0.754,0.754,0.754,0.717,0.0,0.913,0.891,0.941
5393,0.528,0.528,0.528,0.607,0.0,0.885,0.836,0.925
5394,0.254,0.254,0.254,0.322,0.0,0.788,0.776,0.888
5395,0.254,0.254,0.254,0.0,0.0,0.766,0.758,0.856
5396,0.254,0.254,0.254,0.0,0.0,0.761,0.739,0.847
5397,0.084,0.084,0.084,0.0,0.239,0.708,0.701,0.795
5398,0.084,0.084,0.084,0.0,0.717,0.639,0.638,0.736
5399,0.076,0.076,0.076,0.0,0.29,0.569,0.575,0.674
5400,0.084,0.084,0.084,0.0,0.057,0.521,0.542,0.618
5401,0.084,0.084,0.084,0.0,0.048,0.492,0.524,0.578
5402,0.076,0.076,0.076,0.0,0.02,0.473,0.509,0.551
5403,0.084,0.084,0.084,0.0,0.03,0.466,0.505,0.533
5404,0.084,0.084,0.084,0.0,0.063,0.47,0.507,0.527
5405,0.094,0.094,0.094,0.0,0.026,0.487,0.522,0.528
5406,0.254,0.254,0.254,0.305,0.001,0.509,0.54,0.526
5407,0.254,0.254,0.254,0.581,0.006,0.547,0.578,0.561
5408,0.254,0.254,0.254,0.675,0.0,0.618,0.621,0.618
5409,0.254,0.254,0.254,0.764,0.0,0.681,0.663,0.672
5410,0.254,0.254,0.254,0.731,0.0,0.738,0.715,0.723
5411,0.254,0.254,0.254,0.68,0.0,0.791,0.768,0.774
5412,0.5,0.5,0.5,0.653,0.0,0.847,0.822,0.831
5413,0.774,0.774,0.774,0.629,0.0,0.901,0.87,0.87
5414,0.774,0.774,0.774,0.227,0.001,0.953,0.912,0.882
5415,0.784,0.784,0.784,0.446,0.001,0.981,0.942,0.889
5416,0.774,0.774,0.774,0.521,0.0,0.976,0.942,0.895
5417,0.774,0.774,0.774,0.391,0.0,0.926,0.898,0.887
5418,0.764,0.764,0.764,0.313,0.151,0.826,0.83,0.858
5419,0.764,0.764,0.764,0.0,0.15,0.768,0.797,0.838
5420,0.716,0.716,0.716,0.0,0.0,0.756,0.755,0.843
5421,0.5,0.5,0.5,0.0,0.346,0.711,0.702,0.797
5422,0.358,0.358,0.358,0.0,0.392,0.636,0.636,0.743
5423,0.246,0.246,0.246,0.0,0.469,0.572,0.584,0.682
5424,0.254,0.254,0.254,0.0,0.274,0.519,0.552,0.634
5425,0.084,0.084,0.084,0.0,0.245,0.489,0.531,0.596
5426,0.076,0.076,0.076,0.0,0.197,0.474,0.514,0.564
5427,0.084,0.084,0.084,0.0,0.254,0.464,0.506,0.543
5428,0.076,0.076,0.076,0.0,0.376,0.465,0.507,0.537
5429,0.084,0.084,0.084,0.0,0.623,0.48,0.52,0.539
5430,0.254,0.254,0.254,0.283,0.709,0.505,0.537,0.532
5431,0.264,0.264,0.264,0.552,0.585,0.541,0.576,0.563
5432,0.264,0.264,0.264,0.653,0.372,0.592,0.617,0.621
5433,0.518,0.518,0.518,0.737,0.245,0.65,0.658,0.678
5434,0.528,0.528,0.528,0.797,0.14,0.704,0.708,0.733
5435,0.784,0.784,0.784,0.757,0.036,0.753,0.792,0.782
5436,0.764,0.764,0.764,0.722,0.045,0.79,0.795,0.833
5437,0.774,0.774,0.774,0.68,0.022,0.836,0.818,0.869
5438,0.764,0.764,0.764,0.68,0.003,0.873,0.848,0.905
5439,0.754,0.754,0.754,0.709,0.001,0.896,0.875,0.921
5440,0.764,0.764,0.764,0.74,0.016,0.884,0.877,0.926
5441,0.736,0.736,0.736,0.594,0.0,0.838,0.856,0.907
5442,0.32,0.32,0.32,0.313,0.0,0.754,0.821,0.87
5443,0.076,0.076,0.076,0.0,0.0,0.692,0.776,0.837
5444,0.076,0.076,0.076,0.0,0.0,0.692,0.749,0.817
5445,0.076,0.076,0.076,0.0,0.011,0.649,0.705,0.766
5446,0.076,0.076,0.076,0.0,0.211,0.595,0.642,0.715
5447,0.104,0.104,0.104,0.0,0.17,0.546,0.575,0.658
5448,0.084,0.084,0.084,0.0,0.254,0.489,0.533,0.608
5449,0.084,0.084,0.084,0.0,0.416,0.492,0.504,0.567
5450,0.076,0.076,0.076,0.0,0.339,0.462,0.489,0.536
5451,0.076,0.076,0.076,0.0,0.359,0.454,0.479,0.516
5452,0.076,0.076,0.076,0.0,0.262,0.452,0.477,0.504
5453,0.18,0.18,0.18,0.0,0.203,0.459,0.476,0.498
5454,0.254,0.254,0.254,0.283,0.068,0.458,0.473,0.485
5455,0.264,0.264,0.264,0.554,0.061,0.471,0.504,0.51
5456,0.274,0.274,0.274,0.667,0.1,0.505,0.539,0.506
5457,0.264,0.264,0.264,0.731,0.066,0.547,0.612,0.617
5458,0.264,0.264,0.264,0.801,0.064,0.589,0.636,0.665
5459,0.264,0.264,0.264,0.79,0.067,0.624,0.671,0.708
5460,0.264,0.264,0.264,0.804,0.034,0.646,0.707,0.747
5461,0.264,0.264,0.264,0.823,0.009,0.665,0.738,0.774
5462,0.264,0.264,0.264,0.815,0.004,0.684,0.765,0.812
5463,0.264,0.264,0.264,0.792,0.003,0.695,0.784,0.833
5464,0.264,0.264,0.264,0.764,0.0,0.693,0.788,0.844
5465,0.49,0.49,0.49,0.62,0.002,0.669,0.783,0.829
5466,0.518,0.518,0.518,0.316,0.005,0.603,0.75,0.792
5467,0.472,0.472,0.472,0.0,0.001,0.579,0.727,0.758
5468,0.32,0.32,0.32,0.0,0.0,0.596,0.703,0.739
5469,0.076,0.076,0.076,0.0,0.0,0.572,0.661,0.69
5470,0.076,0.076,0.076,0.0,0.0,0.542,0.615,0.644
5471,0.076,0.076,0.076,0.0,0.003,0.506,0.569,0.595
5472,0.226,0.226,0.226,0.0,0.007,0.476,0.54,0.55
5473,0.084,0.084,0.084,0.0,0.261,0.457,0.519,0.518
5474,0.076,0.076,0.076,0.0,0.206,0.444,0.503,0.491
5475,0.076,0.076,0.076,0.0,0.17,0.438,0.491,0.473
5476,0.076,0.076,0.076,0.0,0.165,0.437,0.485,0.46
5477,0.076,0.076,0.076,0.0,0.228,0.439,0.482,0.453
5478,0.076,0.076,0.076,0.3,0.166,0.436,0.478,0.434
5479,0.076,0.076,0.076,0.596,0.171,0.438,0.5,0.459
5480,0.264,0.264,0.264,0.717,0.132,0.456,0.54,0.507
5481,0.254,0.254,0.254,0.759,0.076,0.482,0.589,0.561
5482,0.254,0.254,0.254,0.808,0.022,0.512,0.643,0.618
5483,0.264,0.264,0.264,0.834,0.012,0.54,0.693,0.677
5484,0.254,0.254,0.254,0.845,0.005,0.562,0.734,0.738
5485,0.264,0.264,0.264,0.804,0.006,0.583,0.768,0.777
5486,0.312,0.312,0.312,0.837,0.011,0.607,0.8,0.805
5487,0.51,0.51,0.51,0.826,0.019,0.619,0.827,0.816
5488,0.528,0.528,0.528,0.768,0.005,0.625,0.841,0.831
5489,0.764,0.764,0.764,0.627,0.0,0.615,0.827,0.826
5490,0.764,0.764,0.764,0.311,0.017,0.593,0.791,0.805
5491,0.784,0.784,0.784,0.0,0.03,0.574,0.769,0.782
5492,0.5,0.5,0.5,0.0,0.059,0.594,0.753,0.772
5493,0.246,0.246,0.246,0.0,0.095,0.575,0.699,0.721
5494,0.076,0.076,0.076,0.0,0.07,0.534,0.634,0.666
5495,0.076,0.076,0.076,0.0,0.018,0.493,0.582,0.606
5496,0.084,0.084,0.084,0.0,0.001,0.465,0.548,0.564
5497,0.076,0.076,0.076,0.0,0.005,0.448,0.528,0.536
5498,0.076,0.076,0.076,0.0,0.018,0.44,0.512,0.517
5499,0.084,0.084,0.084,0.0,0.032,0.438,0.503,0.501
5500,0.076,0.076,0.076,0.0,0.057,0.444,0.505,0.495
5501,0.094,0.094,0.094,0.0,0.106,0.462,0.517,0.499
5502,0.264,0.264,0.264,0.287,0.146,0.487,0.541,0.496
5503,0.264,0.264,0.264,0.57,0.136,0.514,0.578,0.53
5504,0.254,0.254,0.254,0.687,0.092,0.552,0.617,0.589
5505,0.302,0.302,0.302,0.751,0.034,0.592,0.659,0.589
5506,0.518,0.518,0.518,0.826,0.02,0.629,0.706,0.71
5507,0.518,0.518,0.518,0.872,0.005,0.655,0.758,0.77
5508,0.518,0.518,0.518,0.863,0.002,0.686,0.803,0.82
5509,0.754,0.754,0.754,0.861,0.0,0.707,0.845,0.855
5510,0.784,0.784,0.784,0.859,0.0,0.73,0.88,0.882
5511,0.764,0.764,0.764,0.834,0.0,0.74,0.9,0.903
5512,0.784,0.784,0.784,0.784,0.0,0.735,0.9,0.901
5513,0.774,0.774,0.774,0.623,0.0,0.71,0.832,0.89
5514,0.774,0.774,0.774,0.307,0.0,0.655,0.752,0.864
5515,0.764,0.764,0.764,0.0,0.003,0.618,0.727,0.839
5516,0.65,0.65,0.65,0.0,0.045,0.627,0.699,0.821
5517,0.5,0.5,0.5,0.0,0.005,0.594,0.662,0.757
5518,0.5,0.5,0.5,0.0,0.013,0.543,0.602,0.697
5519,0.274,0.274,0.274,0.0,0.081,0.5,0.552,0.638
5520,0.254,0.254,0.254,0.0,0.171,0.464,0.524,0.584
5521,0.264,0.264,0.264,0.0,0.279,0.448,0.506,0.547
5522,0.264,0.264,0.264,0.0,0.229,0.437,0.494,0.517
5523,0.254,0.254,0.254,0.0,0.118,0.432,0.488,0.498
5524,0.254,0.254,0.254,0.0,0.082,0.439,0.489,0.489
5525,0.274,0.274,0.274,0.0,0.178,0.456,0.506,0.493
5526,0.264,0.264,0.264,0.294,0.269,0.48,0.53,0.492
5527,0.254,0.254,0.254,0.611,0.212,0.512,0.55,0.523
5528,0.254,0.254,0.254,0.744,0.12,0.549,0.571,0.574
5529,0.254,0.254,0.254,0.81,0.141,0.584,0.591,0.624
5530,0.51,0.51,0.51,0.857,0.142,0.616,0.615,0.674
5531,0.518,0.518,0.518,0.876,0.169,0.647,0.641,0.725
5532,0.528,0.528,0.528,0.879,0.056,0.667,0.675,0.773
5533,0.784,0.784,0.784,0.872,0.014,0.686,0.717,0.81
5534,0.764,0.764,0.764,0.857,0.012,0.703,0.753,0.848
5535,0.774,0.774,0.774,0.823,0.025,0.715,0.784,0.873
5536,0.774,0.774,0.774,0.788,0.022,0.712,0.803,0.886
5537,0.764,0.764,0.764,0.631,0.022,0.684,0.795,0.876
5538,0.784,0.784,0.784,0.302,0.0,0.635,0.76,0.84
5539,0.754,0.754,0.754,0.0,0.154,0.61,0.742,0.811
5540,0.764,0.764,0.764,0.0,0.347,0.624,0.725,0.789
5541,0.764,0.764,0.764,0.0,0.344,0.596,0.687,0.729
5542,0.66,0.66,0.66,0.0,0.467,0.543,0.621,0.665
5543,0.33,0.33,0.33,0.0,0.393,0.5,0.571,0.607
5544,0.094,0.094,0.094,0.0,0.39,0.467,0.536,0.56
5545,0.076,0.076,0.076,0.0,0.252,0.45,0.514,0.527
5546,0.076,0.076,0.076,0.0,0.117,0.438,0.499,0.504
5547,0.084,0.084,0.084,0.0,0.205,0.436,0.492,0.486
5548,0.076,0.076,0.076,0.0,0.238,0.44,0.494,0.479
5549,0.114,0.114,0.114,0.0,0.28,0.457,0.51,0.481
5550,0.264,0.264,0.264,0.287,0.334,0.481,0.534,0.48
5551,0.284,0.284,0.284,0.57,0.386,0.514,0.566,0.511
5552,0.518,0.518,0.518,0.704,0.358,0.548,0.595,0.561
5553,0.548,0.548,0.548,0.832,0.338,0.584,0.635,0.613
5554,0.784,0.784,0.784,0.834,0.463,0.614,0.676,0.665
5555,0.784,0.784,0.784,0.826,0.253,0.645,0.714,0.719
5556,0.764,0.764,0.764,0.826,0.252,0.662,0.749,0.765
5557,0.764,0.764,0.764,0.828,0.1,0.689,0.787,0.801
5558,0.764,0.764,0.764,0.828,0.197,0.706,0.821,0.834
5559,0.614,0.614,0.614,0.823,0.049,0.719,0.844,0.859
5560,0.584,0.584,0.584,0.768,0.022,0.71,0.856,0.865
5561,0.604,0.604,0.604,0.62,0.059,0.687,0.839,0.852
5562,0.34,0.34,0.34,0.289,0.133,0.635,0.797,0.807
5563,0.264,0.264,0.264,0.0,0.113,0.607,0.772,0.773
5564,0.264,0.264,0.264,0.0,0.086,0.619,0.747,0.753
5565,0.264,0.264,0.264,0.0,0.093,0.589,0.707,0.696
5566,0.254,0.254,0.254,0.0,0.258,0.542,0.644,0.64
5567,0.076,0.076,0.076,0.0,0.537,0.497,0.584,0.588
5568,0.076,0.076,0.076,0.0,0.584,0.466,0.547,0.541
5569,0.076,0.076,0.076,0.0,0.523,0.447,0.524,0.507
5570,0.076,0.076,0.076,0.0,0.477,0.44,0.509,0.481
5571,0.076,0.076,0.076,0.0,0.583,0.435,0.502,0.464
5572,0.084,0.084,0.084,0.0,0.641,0.438,0.504,0.457
5573,0.076,0.076,0.076,0.0,0.592,0.453,0.515,0.459
5574,0.076,0.076,0.076,0.283,0.562,0.479,0.538,0.457
5575,0.076,0.076,0.076,0.605,0.505,0.51,0.573,0.484
5576,0.104,0.104,0.104,0.733,0.359,0.549,0.611,0.531
5577,0.264,0.264,0.264,0.806,0.191,0.584,0.649,0.578
5578,0.312,0.312,0.312,0.808,0.184,0.622,0.69,0.623
5579,0.518,0.518,0.518,0.828,0.144,0.654,0.736,0.666
5580,0.538,0.538,0.538,0.808,0.096,0.678,0.776,0.705
5581,0.774,0.774,0.774,0.81,0.082,0.709,0.811,0.736
5582,0.784,0.784,0.784,0.821,0.067,0.731,0.839,0.771
5583,0.784,0.784,0.784,0.804,0.08,0.741,0.859,0.798
5584,0.764,0.764,0.764,0.759,0.042,0.737,0.863,0.81
5585,0.764,0.764,0.764,0.609,0.03,0.711,0.84,0.801
5586,0.764,0.764,0.764,0.276,0.001,0.656,0.792,0.768
5587,0.774,0.774,0.774,0.0,0.0,0.628,0.758,0.736
5588,0.716,0.716,0.716,0.0,0.0,0.637,0.726,0.713
5589,0.51,0.51,0.51,0.0,0.063,0.605,0.675,0.655
5590,0.462,0.462,0.462,0.0,0.069,0.554,0.608,0.599
5591,0.246,0.246,0.246,0.0,0.043,0.508,0.554,0.544
5592,0.254,0.254,0.254,0.0,0.032,0.473,0.52,0.495
5593,0.264,0.264,0.264,0.0,0.016,0.453,0.5,0.463
5594,0.254,0.254,0.254,0.0,0.003,0.442,0.486,0.441
5595,0.254,0.254,0.254,0.0,0.0,0.438,0.48,0.428
5596,0.254,0.254,0.254,0.0,0.001,0.442,0.483,0.421
5597,0.254,0.254,0.254,0.0,0.0,0.455,0.496,0.424
5598,0.254,0.254,0.254,0.278,0.0,0.478,0.515,0.424
5599,0.264,0.264,0.264,0.567,0.0,0.506,0.544,0.447
5600,0.254,0.254,0.254,0.687,0.0,0.546,0.581,0.485
5601,0.34,0.34,0.34,0.742,0.0,0.588,0.62,0.527
5602,0.49,0.49,0.49,0.751,0.0,0.625,0.664,0.562
5603,0.688,0.688,0.688,0.801,0.0,0.662,0.709,0.604
5604,0.764,0.764,0.764,0.837,0.0,0.687,0.759,0.659
5605,0.784,0.784,0.784,0.843,0.0,0.713,0.822,0.704
5606,0.764,0.764,0.764,0.786,0.009,0.737,0.858,0.753
5607,0.784,0.784,0.784,0.804,0.007,0.756,0.886,0.784
5608,0.774,0.774,0.774,0.762,0.001,0.752,0.899,0.8
5609,0.784,0.784,0.784,0.605,0.0,0.728,0.874,0.794
5610,0.774,0.774,0.774,0.269,0.001,0.674,0.816,0.765
5611,0.774,0.774,0.774,0.0,0.0,0.641,0.776,0.74
5612,0.736,0.736,0.736,0.0,0.011,0.646,0.734,0.712
5613,0.65,0.65,0.65,0.0,0.013,0.612,0.687,0.667
5614,0.34,0.34,0.34,0.0,0.02,0.562,0.626,0.618
5615,0.254,0.254,0.254,0.0,0.024,0.517,0.571,0.568
5616,0.226,0.226,0.226,0.0,0.011,0.482,0.534,0.524
5617,0.076,0.076,0.076,0.0,0.002,0.459,0.509,0.493
5618,0.076,0.076,0.076,0.0,0.005,0.447,0.489,0.469
5619,0.084,0.084,0.084,0.0,0.013,0.44,0.478,0.454
5620,0.084,0.084,0.084,0.0,0.051,0.438,0.472,0.443
5621,0.094,0.094,0.094,0.0,0.04,0.443,0.469,0.44
5622,0.094,0.094,0.094,0.28,0.045,0.445,0.469,0.43
5623,0.312,0.312,0.312,0.572,0.037,0.456,0.494,0.455
5624,0.518,0.518,0.518,0.695,0.057,0.485,0.547,0.505
5625,0.528,0.528,0.528,0.742,0.053,0.521,0.606,0.559
5626,0.518,0.518,0.518,0.742,0.018,0.555,0.67,0.613
5627,0.518,0.518,0.518,0.753,0.012,0.579,0.732,0.665
5628,0.518,0.518,0.518,0.804,0.007,0.597,0.784,0.717
5629,0.518,0.518,0.518,0.828,0.002,0.607,0.829,0.762
5630,0.518,0.518,0.518,0.823,0.0,0.619,0.862,0.803
5631,0.528,0.528,0.528,0.788,0.0,0.629,0.888,0.834
5632,0.548,0.548,0.548,0.753,0.0,0.628,0.896,0.846
5633,0.774,0.774,0.774,0.607,0.001,0.616,0.88,0.841
5634,0.792,0.792,0.792,0.265,0.004,0.589,0.829,0.807
5635,0.774,0.774,0.774,0.0,0.009,0.574,0.782,0.78
5636,0.764,0.764,0.764,0.0,0.011,0.586,0.743,0.761
5637,0.746,0.746,0.746,0.0,0.006,0.562,0.684,0.708
5638,0.51,0.51,0.51,0.0,0.001,0.526,0.625,0.655
5639,0.462,0.462,0.462,0.0,0.0,0.495,0.582,0.601
5640,0.254,0.254,0.254,0.0,0.002,0.468,0.557,0.549
5641,0.254,0.254,0.254,0.0,0.003,0.449,0.535,0.51
5642,0.254,0.254,0.254,0.0,0.006,0.438,0.519,0.483
5643,0.254,0.254,0.254,0.0,0.023,0.431,0.506,0.462
5644,0.254,0.254,0.254,0.0,0.105,0.426,0.495,0.45
5645,0.254,0.254,0.254,0.0,0.096,0.428,0.489,0.442
5646,0.254,0.254,0.254,0.276,0.105,0.426,0.482,0.425
5647,0.254,0.254,0.254,0.605,0.084,0.431,0.507,0.446
5648,0.254,0.254,0.254,0.695,0.06,0.445,0.554,0.493
5649,0.254,0.254,0.254,0.742,0.051,0.466,0.606,0.546
5650,0.518,0.518,0.518,0.746,0.02,0.49,0.671,0.605
5651,0.774,0.774,0.774,0.786,0.018,0.512,0.728,0.664
5652,0.764,0.764,0.764,0.792,0.017,0.531,0.778,0.728
5653,0.764,0.764,0.764,0.817,0.007,0.551,0.826,0.778
5654,0.754,0.754,0.754,0.804,0.003,0.57,0.867,0.824
5655,0.764,0.764,0.764,0.795,0.005,0.588,0.888,0.856
5656,0.764,0.764,0.764,0.726,0.003,0.6,0.892,0.871
5657,0.754,0.754,0.754,0.592,0.001,0.597,0.873,0.867
5658,0.754,0.754,0.754,0.254,0.001,0.579,0.83,0.832
5659,0.754,0.754,0.754,0.0,0.002,0.57,0.806,0.798
5660,0.764,0.764,0.764,0.0,0.0,0.592,0.779,0.753
5661,0.764,0.764,0.764,0.0,0.003,0.566,0.715,0.719
5662,0.746,0.746,0.746,0.0,0.001,0.529,0.646,0.659
5663,0.472,0.472,0.472,0.0,0.009,0.489,0.588,0.599
5664,0.264,0.264,0.264,0.0,0.002,0.46,0.555,0.551
5665,0.264,0.264,0.264,0.0,0.018,0.446,0.535,0.516
5666,0.264,0.264,0.264,0.0,0.0,0.438,0.518,0.489
5667,0.264,0.264,0.264,0.0,0.013,0.434,0.505,0.472
5668,0.264,0.264,0.264,0.0,0.038,0.437,0.506,0.468
5669,0.264,0.264,0.264,0.0,0.062,0.455,0.521,0.471
5670,0.264,0.264,0.264,0.272,0.083,0.475,0.546,0.469
5671,0.254,0.254,0.254,0.596,0.107,0.506,0.586,0.502
5672,0.49,0.49,0.49,0.711,0.088,0.551,0.632,0.552
5673,0.726,0.726,0.726,0.795,0.045,0.595,0.683,0.614
5674,0.774,0.774,0.774,0.801,0.028,0.64,0.744,0.672
5675,0.784,0.784,0.784,0.806,0.033,0.676,0.807,0.739
5676,0.754,0.754,0.754,0.797,0.024,0.711,0.865,0.81
5677,0.764,0.764,0.764,0.823,0.016,0.749,0.921,0.861
5678,0.754,0.754,0.754,0.821,0.009,0.784,0.96,0.899
5679,0.764,0.764,0.764,0.795,0.009,0.807,0.986,0.917
5680,0.754,0.754,0.754,0.728,0.031,0.811,0.991,0.91
5681,0.764,0.764,0.764,0.576,0.056,0.781,0.954,0.897
5682,0.746,0.746,0.746,0.232,0.046,0.719,0.867,0.871
5683,0.754,0.754,0.754,0.0,0.122,0.679,0.789,0.852
5684,0.754,0.754,0.754,0.0,0.212,0.684,0.733,0.823
5685,0.764,0.764,0.764,0.0,0.595,0.634,0.69,0.758
5686,0.754,0.754,0.754,0.0,0.593,0.574,0.625,0.692
5687,0.518,0.518,0.518,0.0,0.86,0.521,0.572,0.627
5688,0.33,0.33,0.33,0.0,0.935,0.481,0.545,0.575
5689,0.264,0.264,0.264,0.0,0.747,0.463,0.525,0.539
5690,0.254,0.254,0.254,0.0,0.91,0.449,0.512,0.514
5691,0.254,0.254,0.254,0.0,0.999,0.445,0.505,0.499
5692,0.254,0.254,0.254,0.0,0.995,0.447,0.509,0.492
5693,0.254,0.254,0.254,0.0,0.992,0.465,0.526,0.499
5694,0.49,0.49,0.49,0.254,0.977,0.486,0.55,0.501
5695,0.51,0.51,0.51,0.545,0.889,0.521,0.576,0.533
5696,0.736,0.736,0.736,0.671,0.992,0.572,0.576,0.587
5697,0.764,0.764,0.764,0.751,0.982,0.635,0.585,0.651
5698,0.774,0.774,0.774,0.733,0.989,0.689,0.612,0.712
5699,0.764,0.764,0.764,0.728,0.99,0.752,0.645,0.738
5700,0.764,0.764,0.764,0.651,0.983,0.824,0.677,0.839
5701,0.754,0.754,0.754,0.221,0.976,0.898,0.715,0.889
5702,0.764,0.764,0.764,0.185,0.987,0.957,0.749,0.929
5703,0.764,0.764,0.764,0.071,0.977,0.977,0.779,0.961
5704,0.746,0.746,0.746,0.461,0.958,0.967,0.798,0.966
5705,0.764,0.764,0.764,0.519,0.959,0.907,0.791,0.945
5706,0.754,0.754,0.754,0.21,0.481,0.817,0.757,0.905
5707,0.746,0.746,0.746,0.0,0.55,0.769,0.75,0.887
5708,0.746,0.746,0.746,0.0,0.664,0.749,0.723,0.869
5709,0.754,0.754,0.754,0.0,0.766,0.69,0.679,0.814
5710,0.746,0.746,0.746,0.0,0.211,0.617,0.62,0.753
5711,0.614,0.614,0.614,0.0,0.361,0.553,0.568,0.689
5712,0.226,0.226,0.226,0.0,0.353,0.506,0.536,0.632
5713,0.254,0.254,0.254,0.0,0.174,0.481,0.517,0.592
5714,0.254,0.254,0.254,0.0,0.144,0.464,0.505,0.563
5715,0.254,0.254,0.254,0.0,0.115,0.46,0.499,0.542
5716,0.254,0.254,0.254,0.0,0.111,0.462,0.502,0.534
5717,0.254,0.254,0.254,0.0,0.158,0.475,0.52,0.538
5718,0.5,0.5,0.5,0.245,0.129,0.501,0.54,0.538
5719,0.746,0.746,0.746,0.565,0.208,0.54,0.577,0.568
5720,0.774,0.774,0.774,0.651,0.298,0.597,0.616,0.624
5721,0.774,0.774,0.774,0.735,0.232,0.661,0.658,0.678
5722,0.764,0.764,0.764,0.726,0.141,0.727,0.712,0.739
5723,0.754,0.754,0.754,0.724,0.086,0.798,0.77,0.799
5724,0.774,0.774,0.774,0.411,0.069,0.873,0.819,0.86
5725,0.764,0.764,0.764,0.715,0.08,0.94,0.863,0.908
5726,0.774,0.774,0.774,0.731,0.119,0.984,0.896,0.936
5727,0.754,0.754,0.754,0.709,0.144,1.0,0.918,0.957
5728,0.764,0.764,0.764,0.302,0.063,0.956,0.926,0.963
5729,0.774,0.774,0.774,0.528,0.117,0.908,0.897,0.95
5730,0.746,0.746,0.746,0.219,0.142,0.822,0.84,0.91
5731,0.51,0.51,0.51,0.0,0.095,0.775,0.824,0.885
5732,0.51,0.51,0.51,0.0,0.141,0.764,0.784,0.862
5733,0.32,0.32,0.32,0.0,0.456,0.7,0.726,0.806
5734,0.254,0.254,0.254,0.0,0.386,0.624,0.653,0.744
5735,0.254,0.254,0.254,0.0,0.267,0.558,0.594,0.685
5736,0.254,0.254,0.254,0.0,0.162,0.513,0.555,0.632
5737,0.254,0.254,0.254,0.0,0.124,0.481,0.532,0.594
5738,0.254,0.254,0.254,0.0,0.073,0.466,0.517,0.562
5739,0.264,0.264,0.264,0.0,0.095,0.458,0.507,0.54
5740,0.254,0.254,0.254,0.0,0.192,0.46,0.511,0.53
5741,0.254,0.254,0.254,0.0,0.296,0.475,0.527,0.533
5742,0.264,0.264,0.264,0.243,0.299,0.5,0.55,0.533
5743,0.254,0.254,0.254,0.585,0.232,0.539,0.58,0.564
5744,0.51,0.51,0.51,0.737,0.138,0.597,0.59,0.62
5745,0.538,0.538,0.538,0.81,0.349,0.657,0.593,0.678
5746,0.764,0.764,0.764,0.834,0.219,0.715,0.593,0.732
5747,0.754,0.754,0.754,0.837,0.17,0.767,0.592,0.782
5748,0.774,0.774,0.774,0.83,0.059,0.828,0.606,0.829
5749,0.764,0.764,0.764,0.83,0.001,0.878,0.639,0.86
5750,0.764,0.764,0.764,0.817,0.0,0.919,0.666,0.882
5751,0.754,0.754,0.754,0.788,0.0,0.941,0.692,0.895
5752,0.754,0.754,0.754,0.744,0.0,0.928,0.705,0.894
5753,0.51,0.51,0.51,0.587,0.0,0.885,0.687,0.876
5754,0.5,0.5,0.5,0.221,0.005,0.791,0.657,0.836
5755,0.254,0.254,0.254,0.0,0.0,0.729,0.65,0.814
5756,0.246,0.246,0.246,0.0,0.0,0.716,0.636,0.79
5757,0.254,0.254,0.254,0.0,0.001,0.659,0.608,0.743
5758,0.246,0.246,0.246,0.0,0.0,0.592,0.561,0.687
5759,0.274,0.274,0.274,0.0,0.0,0.532,0.52,0.635
5760,0.218,0.218,0.218,0.0,0.0,0.489,0.497,0.586
5761,0.254,0.254,0.254,0.0,0.0,0.466,0.484,0.553
5762,0.254,0.254,0.254,0.0,0.032,0.453,0.473,0.53
5763,0.254,0.254,0.254,0.0,0.016,0.449,0.47,0.515
5764,0.264,0.264,0.264,0.0,0.086,0.45,0.476,0.506
5765,0.254,0.254,0.254,0.0,0.142,0.465,0.493,0.508
5766,0.264,0.264,0.264,0.254,0.214,0.484,0.515,0.506
5767,0.254,0.254,0.254,0.603,0.18,0.518,0.543,0.533
5768,0.284,0.284,0.284,0.7,0.254,0.56,0.571,0.582
5769,0.264,0.264,0.264,0.762,0.115,0.608,0.595,0.626
5770,0.246,0.246,0.246,0.83,0.057,0.647,0.635,0.662
5771,0.264,0.264,0.264,0.834,0.035,0.69,0.668,0.698
5772,0.51,0.51,0.51,0.841,0.076,0.721,0.702,0.721
5773,0.792,0.792,0.792,0.843,0.069,0.757,0.744,0.765
5774,0.764,0.764,0.764,0.843,0.039,0.786,0.776,0.79
5775,0.746,0.746,0.746,0.815,0.038,0.802,0.804,0.807
5776,0.754,0.754,0.754,0.77,0.02,0.794,0.814,0.811
5777,0.746,0.746,0.746,0.603,0.004,0.752,0.795,0.797
5778,0.754,0.754,0.754,0.216,0.0,0.68,0.747,0.76
5779,0.746,0.746,0.746,0.0,0.001,0.644,0.729,0.739
5780,0.584,0.584,0.584,0.0,0.001,0.641,0.698,0.712
5781,0.518,0.518,0.518,0.0,0.004,0.603,0.663,0.669
5782,0.518,0.518,0.518,0.0,0.01,0.554,0.615,0.626
5783,0.264,0.264,0.264,0.0,0.053,0.51,0.568,0.579
5784,0.218,0.218,0.218,0.0,0.056,0.474,0.536,0.536
5785,0.246,0.246,0.246,0.0,0.067,0.455,0.515,0.506
5786,0.254,0.254,0.254,0.0,0.151,0.443,0.497,0.482
5787,0.254,0.254,0.254,0.0,0.257,0.436,0.487,0.463
5788,0.254,0.254,0.254,0.0,0.216,0.435,0.481,0.452
5789,0.254,0.254,0.254,0.0,0.227,0.441,0.481,0.445
5790,0.254,0.254,0.254,0.254,0.199,0.442,0.479,0.431
5791,0.254,0.254,0.254,0.605,0.205,0.455,0.51,0.45
5792,0.254,0.254,0.254,0.753,0.221,0.485,0.557,0.49
5793,0.254,0.254,0.254,0.819,0.111,0.525,0.606,0.536
5794,0.254,0.254,0.254,0.819,0.029,0.568,0.655,0.578
5795,0.254,0.254,0.254,0.804,0.02,0.578,0.699,0.621
5796,0.434,0.434,0.434,0.815,0.009,0.609,0.739,0.664
5797,0.556,0.556,0.556,0.784,0.026,0.627,0.772,0.702
5798,0.784,0.784,0.784,0.804,0.015,0.647,0.801,0.742
5799,0.774,0.774,0.774,0.826,0.009,0.658,0.816,0.771
5800,0.792,0.792,0.792,0.755,0.002,0.655,0.82,0.788
5801,0.764,0.764,0.764,0.585,0.0,0.642,0.804,0.778
5802,0.792,0.792,0.792,0.208,0.005,0.608,0.753,0.743
5803,0.774,0.774,0.774,0.0,0.013,0.596,0.727,0.721
5804,0.688,0.688,0.688,0.0,0.008,0.601,0.687,0.699
5805,0.528,0.528,0.528,0.0,0.0,0.572,0.638,0.652
5806,0.396,0.396,0.396,0.0,0.0,0.537,0.586,0.604
5807,0.254,0.254,0.254,0.0,0.0,0.503,0.541,0.56
5808,0.254,0.254,0.254,0.0,0.0,0.471,0.51,0.516
5809,0.254,0.254,0.254,0.0,0.002,0.452,0.488,0.484
5810,0.254,0.254,0.254,0.0,0.047,0.44,0.471,0.462
5811,0.254,0.254,0.254,0.0,0.034,0.432,0.459,0.444
5812,0.254,0.254,0.254,0.0,0.012,0.429,0.452,0.434
5813,0.254,0.254,0.254,0.0,0.0,0.43,0.449,0.428
5814,0.254,0.254,0.254,0.256,0.0,0.427,0.444,0.413
5815,0.444,0.444,0.444,0.638,0.0,0.43,0.468,0.429
5816,0.528,0.528,0.528,0.766,0.002,0.455,0.51,0.473
5817,0.584,0.584,0.584,0.753,0.018,0.483,0.557,0.523
5818,0.604,0.604,0.604,0.795,0.0,0.519,0.614,0.57
5819,0.614,0.614,0.614,0.801,0.0,0.554,0.669,0.621
5820,0.764,0.764,0.764,0.817,0.0,0.589,0.721,0.675
5821,0.792,0.792,0.792,0.801,0.0,0.628,0.764,0.721
5822,0.764,0.764,0.764,0.759,0.001,0.66,0.798,0.763
5823,0.754,0.754,0.754,0.779,0.0,0.686,0.823,0.795
5824,0.754,0.754,0.754,0.673,0.0,0.696,0.836,0.811
5825,0.754,0.754,0.754,0.539,0.0,0.686,0.827,0.802
5826,0.754,0.754,0.754,0.192,0.0,0.656,0.781,0.766
5827,0.754,0.754,0.754,0.0,0.0,0.638,0.745,0.74
5828,0.528,0.528,0.528,0.0,0.001,0.643,0.701,0.716
5829,0.5,0.5,0.5,0.0,0.001,0.61,0.638,0.661
5830,0.51,0.51,0.51,0.0,0.001,0.558,0.571,0.608
5831,0.264,0.264,0.264,0.0,0.0,0.512,0.522,0.553
5832,0.226,0.226,0.226,0.0,0.001,0.478,0.492,0.508
5833,0.254,0.254,0.254,0.0,0.007,0.457,0.472,0.482
5834,0.254,0.254,0.254,0.0,0.011,0.45,0.46,0.461
5835,0.264,0.264,0.264,0.0,0.007,0.445,0.453,0.447
5836,0.264,0.264,0.264,0.0,0.013,0.447,0.454,0.443
5837,0.264,0.264,0.264,0.0,0.021,0.467,0.467,0.448
5838,0.51,0.51,0.51,0.247,0.032,0.483,0.487,0.449
5839,0.518,0.518,0.518,0.589,0.034,0.517,0.517,0.473
5840,0.518,0.518,0.518,0.709,0.017,0.571,0.552,0.517
5841,0.528,0.528,0.528,0.744,0.026,0.628,0.591,0.57
5842,0.736,0.736,0.736,0.786,0.007,0.682,0.641,0.624
5843,0.746,0.746,0.746,0.808,0.007,0.747,0.696,0.68
5844,0.754,0.754,0.754,0.784,0.002,0.806,0.754,0.74
5845,0.792,0.792,0.792,0.773,0.001,0.857,0.815,0.789
5846,0.764,0.764,0.764,0.762,0.001,0.905,0.866,0.838
5847,0.784,0.784,0.784,0.702,0.0,0.938,0.907,0.873
5848,0.774,0.774,0.774,0.669,0.0,0.922,0.924,0.884
5849,0.754,0.754,0.754,0.563,0.001,0.88,0.901,0.873
5850,0.764,0.764,0.764,0.17,0.005,0.794,0.84,0.835
5851,0.754,0.754,0.754,0.0,0.0,0.752,0.798,0.804
5852,0.66,0.66,0.66,0.0,0.013,0.742,0.741,0.76
5853,0.34,0.34,0.34,0.0,0.098,0.684,0.68,0.694
5854,0.274,0.274,0.274,0.0,0.566,0.603,0.604,0.634
5855,0.264,0.264,0.264,0.0,0.496,0.541,0.546,0.573
5856,0.254,0.254,0.254,0.0,0.111,0.493,0.514,0.524
5857,0.254,0.254,0.254,0.0,0.338,0.447,0.494,0.498
5858,0.254,0.254,0.254,0.0,0.534,0.426,0.47,0.473
5859,0.264,0.264,0.264,0.0,0.551,0.414,0.458,0.453
5860,0.264,0.264,0.264,0.0,0.594,0.418,0.461,0.445
5861,0.472,0.472,0.472,0.0,0.663,0.442,0.485,0.454
5862,0.51,0.51,0.51,0.243,0.799,0.479,0.511,0.455
5863,0.518,0.518,0.518,0.583,0.863,0.519,0.548,0.484
5864,0.754,0.754,0.754,0.722,0.896,0.578,0.589,0.532
5865,0.784,0.784,0.784,0.788,0.719,0.632,0.627,0.581
5866,0.764,0.764,0.764,0.817,0.711,0.677,0.673,0.634
5867,0.764,0.764,0.764,0.83,0.628,0.727,0.72,0.693
5868,0.746,0.746,0.746,0.834,0.435,0.76,0.763,0.751
5869,0.746,0.746,0.746,0.821,0.431,0.794,0.798,0.805
5870,0.736,0.736,0.736,0.826,0.46,0.825,0.825,0.846
5871,0.716,0.716,0.716,0.742,0.44,0.843,0.847,0.868
5872,0.736,0.736,0.736,0.726,0.35,0.816,0.853,0.871
5873,0.764,0.764,0.764,0.567,0.299,0.816,0.845,0.853
5874,0.784,0.784,0.784,0.124,0.819,0.74,0.813,0.819
5875,0.764,0.764,0.764,0.0,0.471,0.74,0.789,0.807
5876,0.726,0.726,0.726,0.0,0.59,0.73,0.753,0.774
5877,0.51,0.51,0.51,0.0,0.535,0.685,0.708,0.723
5878,0.246,0.246,0.246,0.0,0.425,0.62,0.643,0.671
5879,0.246,0.246,0.246,0.0,0.117,0.551,0.583,0.617
5880,0.254,0.254,0.254,0.0,0.37,0.498,0.544,0.57
5881,0.254,0.254,0.254,0.0,0.579,0.461,0.519,0.536
5882,0.246,0.246,0.246,0.0,0.421,0.431,0.501,0.513
5883,0.254,0.254,0.254,0.0,0.45,0.423,0.494,0.497
5884,0.264,0.264,0.264,0.0,0.591,0.427,0.496,0.492
5885,0.51,0.51,0.51,0.0,0.532,0.454,0.519,0.503
5886,0.51,0.51,0.51,0.236,0.473,0.495,0.545,0.514
5887,0.51,0.51,0.51,0.583,0.628,0.536,0.585,0.543
5888,0.51,0.51,0.51,0.715,0.823,0.59,0.624,0.595
5889,0.698,0.698,0.698,0.64,0.515,0.639,0.664,0.648
5890,0.784,0.784,0.784,0.523,0.247,0.687,0.708,0.7
5891,0.774,0.774,0.774,0.748,0.196,0.725,0.752,0.742
5892,0.764,0.764,0.764,0.735,0.054,0.761,0.785,0.783
5893,0.784,0.784,0.784,0.634,0.049,0.789,0.816,0.817
5894,0.754,0.754,0.754,0.552,0.054,0.82,0.839,0.845
5895,0.764,0.764,0.764,0.552,0.074,0.835,0.855,0.863
5896,0.746,0.746,0.746,0.735,0.003,0.831,0.857,0.87
5897,0.754,0.754,0.754,0.561,0.04,0.804,0.84,0.86
5898,0.754,0.754,0.754,0.053,0.026,0.723,0.808,0.828
5899,0.528,0.528,0.528,0.0,0.078,0.721,0.793,0.819
5900,0.34,0.34,0.34,0.0,0.094,0.711,0.763,0.786
5901,0.254,0.254,0.254,0.0,0.339,0.667,0.721,0.729
5902,0.246,0.246,0.246,0.0,0.331,0.603,0.66,0.671
5903,0.246,0.246,0.246,0.0,0.345,0.539,0.601,0.614
5904,0.246,0.246,0.246,0.0,0.299,0.482,0.564,0.567
5905,0.254,0.254,0.254,0.0,0.183,0.448,0.536,0.534
5906,0.246,0.246,0.246,0.0,0.049,0.426,0.513,0.509
5907,0.254,0.254,0.254,0.0,0.017,0.418,0.502,0.492
5908,0.246,0.246,0.246,0.0,0.002,0.423,0.504,0.487
5909,0.452,0.452,0.452,0.0,0.0,0.448,0.526,0.493
5910,0.5,0.5,0.5,0.234,0.006,0.484,0.557,0.499
5911,0.49,0.49,0.49,0.558,0.002,0.526,0.594,0.528
5912,0.51,0.51,0.51,0.713,0.014,0.585,0.63,0.583
5913,0.528,0.528,0.528,0.746,0.035,0.642,0.664,0.638
5914,0.68,0.68,0.68,0.804,0.021,0.689,0.711,0.687
5915,0.764,0.764,0.764,0.821,0.0,0.728,0.749,0.735
5916,0.774,0.774,0.774,0.801,0.0,0.758,0.782,0.779
5917,0.764,0.764,0.764,0.784,0.0,0.794,0.816,0.813
5918,0.784,0.784,0.784,0.786,0.004,0.826,0.835,0.844
5919,0.774,0.774,0.774,0.755,0.012,0.843,0.85,0.861
5920,0.774,0.774,0.774,0.698,0.017,0.843,0.852,0.87
5921,0.716,0.716,0.716,0.583,0.022,0.81,0.832,0.858
5922,0.736,0.736,0.736,0.148,0.045,0.755,0.797,0.824
5923,0.726,0.726,0.726,0.0,0.047,0.725,0.781,0.813
5924,0.548,0.548,0.548,0.0,0.018,0.715,0.748,0.778
5925,0.482,0.482,0.482,0.0,0.06,0.665,0.711,0.721
5926,0.254,0.254,0.254,0.0,0.069,0.602,0.654,0.66
5927,0.246,0.246,0.246,0.0,0.044,0.54,0.595,0.6
5928,0.254,0.254,0.254,0.0,0.014,0.483,0.553,0.553
5929,0.246,0.246,0.246,0.0,0.001,0.448,0.524,0.523
5930,0.254,0.254,0.254,0.0,0.005,0.425,0.503,0.497
5931,0.264,0.264,0.264,0.0,0.024,0.412,0.491,0.483
5932,0.264,0.264,0.264,0.0,0.029,0.416,0.491,0.479
5933,0.5,0.5,0.5,0.0,0.04,0.441,0.512,0.492
5934,0.518,0.518,0.518,0.256,0.059,0.476,0.539,0.5
5935,0.51,0.51,0.51,0.6,0.033,0.52,0.582,0.529
5936,0.518,0.518,0.518,0.706,0.005,0.579,0.624,0.584
5937,0.5,0.5,0.5,0.779,0.013,0.634,0.665,0.636
5938,0.764,0.764,0.764,0.815,0.126,0.681,0.715,0.692
5939,0.754,0.754,0.754,0.764,0.128,0.722,0.761,0.738
5940,0.764,0.764,0.764,0.786,0.115,0.755,0.8,0.776
5941,0.754,0.754,0.754,0.786,0.062,0.79,0.832,0.807
5942,0.764,0.764,0.764,0.744,0.036,0.819,0.856,0.838
5943,0.754,0.754,0.754,0.779,0.013,0.828,0.868,0.845
5944,0.746,0.746,0.746,0.737,0.015,0.829,0.869,0.838
5945,0.746,0.746,0.746,0.576,0.005,0.809,0.85,0.827
5946,0.746,0.746,0.746,0.152,0.0,0.762,0.812,0.792
5947,0.5,0.5,0.5,0.0,0.007,0.734,0.793,0.789
5948,0.33,0.33,0.33,0.0,0.03,0.716,0.758,0.761
5949,0.264,0.264,0.264,0.0,0.022,0.668,0.719,0.707
5950,0.254,0.254,0.254,0.0,0.025,0.611,0.67,0.657
5951,0.254,0.254,0.254,0.0,0.02,0.55,0.621,0.604
5952,0.254,0.254,0.254,0.0,0.031,0.499,0.585,0.554
5953,0.254,0.254,0.254,0.0,0.096,0.459,0.557,0.521
5954,0.264,0.264,0.264,0.0,0.118,0.434,0.539,0.495
5955,0.246,0.246,0.246,0.0,0.175,0.416,0.523,0.474
5956,0.254,0.254,0.254,0.0,0.274,0.41,0.513,0.46
5957,0.246,0.246,0.246,0.0,0.355,0.414,0.511,0.455
5958,0.254,0.254,0.254,0.245,0.394,0.417,0.503,0.441
5959,0.246,0.246,0.246,0.572,0.457,0.438,0.546,0.458
5960,0.246,0.246,0.246,0.693,0.416,0.493,0.602,0.519
5961,0.254,0.254,0.254,0.737,0.279,0.555,0.653,0.584
5962,0.246,0.246,0.246,0.751,0.115,0.606,0.703,0.645
5963,0.49,0.49,0.49,0.797,0.04,0.66,0.743,0.698
5964,0.518,0.518,0.518,0.781,0.008,0.7,0.775,0.744
5965,0.528,0.528,0.528,0.77,0.046,0.728,0.798,0.775
5966,0.528,0.528,0.528,0.786,0.05,0.746,0.811,0.811
5967,0.518,0.518,0.518,0.775,0.045,0.752,0.818,0.836
5968,0.51,0.51,0.51,0.722,0.055,0.752,0.808,0.842
5969,0.5,0.5,0.5,0.561,0.041,0.736,0.771,0.826
5970,0.5,0.5,0.5,0.13,0.001,0.703,0.71,0.792
5971,0.49,0.49,0.49,0.0,0.003,0.692,0.661,0.78
5972,0.5,0.5,0.5,0.0,0.006,0.684,0.629,0.753
5973,0.482,0.482,0.482,0.0,0.006,0.642,0.592,0.71
5974,0.32,0.32,0.32,0.0,0.009,0.592,0.548,0.66
5975,0.264,0.264,0.264,0.0,0.031,0.541,0.503,0.613
5976,0.246,0.246,0.246,0.0,0.055,0.49,0.473,0.567
5977,0.246,0.246,0.246,0.0,0.065,0.455,0.455,0.54
5978,0.254,0.254,0.254,0.0,0.108,0.43,0.436,0.522
5979,0.246,0.246,0.246,0.0,0.142,0.417,0.424,0.508
5980,0.254,0.254,0.254,0.0,0.185,0.406,0.421,0.491
5981,0.246,0.246,0.246,0.0,0.208,0.402,0.425,0.486
5982,0.254,0.254,0.254,0.236,0.203,0.396,0.416,0.468
5983,0.518,0.518,0.518,0.589,0.191,0.406,0.449,0.484
5984,0.518,0.518,0.518,0.728,0.201,0.454,0.506,0.541
5985,0.518,0.518,0.518,0.784,0.208,0.512,0.556,0.599
5986,0.51,0.51,0.51,0.746,0.09,0.578,0.594,0.652
5987,0.736,0.736,0.736,0.748,0.1,0.641,0.624,0.697
5988,0.746,0.746,0.746,0.797,0.115,0.691,0.651,0.733
5989,0.754,0.754,0.754,0.786,0.097,0.723,0.68,0.756
5990,0.764,0.764,0.764,0.735,0.094,0.745,0.701,0.787
5991,0.754,0.754,0.754,0.561,0.086,0.76,0.72,0.794
5992,0.754,0.754,0.754,0.634,0.053,0.756,0.728,0.778
5993,0.726,0.726,0.726,0.528,0.037,0.741,0.719,0.754
5994,0.5,0.5,0.5,0.038,0.02,0.713,0.693,0.731
5995,0.482,0.482,0.482,0.0,0.013,0.698,0.685,0.734
5996,0.33,0.33,0.33,0.0,0.026,0.691,0.659,0.715
5997,0.254,0.254,0.254,0.0,0.018,0.655,0.617,0.677
5998,0.254,0.254,0.254,0.0,0.035,0.606,0.554,0.636
5999,0.254,0.254,0.254,0.0,0.06,0.553,0.51,0.592
6000,0.254,0.254,0.254,0.0,0.054,0.503,0.476,0.548
6001,0.254,0.254,0.254,0.0,0.012,0.465,0.453,0.517
6002,0.246,0.246,0.246,0.0,0.09,0.441,0.441,0.49
6003,0.246,0.246,0.246,0.0,0.008,0.425,0.43,0.472
6004,0.254,0.254,0.254,0.0,0.012,0.419,0.431,0.463
6005,0.246,0.246,0.246,0.0,0.001,0.425,0.435,0.46
6006,0.246,0.246,0.246,0.225,0.009,0.424,0.437,0.447
6007,0.254,0.254,0.254,0.55,0.016,0.44,0.472,0.465
6008,0.254,0.254,0.254,0.715,0.034,0.486,0.526,0.525
6009,0.49,0.49,0.49,0.788,0.115,0.545,0.573,0.592
6010,0.746,0.746,0.746,0.817,0.096,0.612,0.617,0.654
6011,0.736,0.736,0.736,0.808,0.074,0.675,0.655,0.71
6012,0.746,0.746,0.746,0.804,0.106,0.724,0.686,0.754
6013,0.754,0.754,0.754,0.775,0.106,0.757,0.71,0.786
6014,0.764,0.764,0.764,0.642,0.132,0.781,0.731,0.803
6015,0.754,0.754,0.754,0.494,0.086,0.788,0.747,0.82
6016,0.764,0.764,0.764,0.031,0.098,0.782,0.754,0.827
6017,0.746,0.746,0.746,0.508,0.051,0.769,0.746,0.816
6018,0.746,0.746,0.746,0.029,0.004,0.734,0.72,0.79
6019,0.736,0.736,0.736,0.0,0.004,0.725,0.701,0.788
6020,0.746,0.746,0.746,0.0,0.029,0.722,0.67,0.762
6021,0.736,0.736,0.736,0.0,0.026,0.682,0.636,0.713
6022,0.51,0.51,0.51,0.0,0.071,0.618,0.581,0.664
6023,0.33,0.33,0.33,0.0,0.314,0.552,0.53,0.616
6024,0.254,0.254,0.254,0.0,0.078,0.5,0.494,0.577
6025,0.254,0.254,0.254,0.0,0.047,0.465,0.471,0.542
6026,0.254,0.254,0.254,0.0,0.018,0.444,0.456,0.514
6027,0.254,0.254,0.254,0.0,0.001,0.436,0.451,0.498
6028,0.254,0.254,0.254,0.0,0.036,0.438,0.459,0.489
6029,0.254,0.254,0.254,0.0,0.148,0.464,0.49,0.5
6030,0.254,0.254,0.254,0.221,0.216,0.516,0.52,0.506
6031,0.254,0.254,0.254,0.57,0.346,0.566,0.556,0.531
6032,0.264,0.264,0.264,0.722,0.326,0.634,0.587,0.584
6033,0.49,0.49,0.49,0.801,0.377,0.701,0.619,0.637
6034,0.726,0.726,0.726,0.81,0.205,0.762,0.656,0.688
6035,0.774,0.774,0.774,0.684,0.134,0.818,0.69,0.735
6036,0.764,0.764,0.764,0.051,0.029,0.859,0.72,0.774
6037,0.774,0.774,0.774,0.091,0.0,0.891,0.746,0.805
6038,0.764,0.764,0.764,0.276,0.0,0.911,0.767,0.845
6039,0.754,0.754,0.754,0.36,0.0,0.918,0.782,0.867
6040,0.68,0.68,0.68,0.377,0.0,0.913,0.787,0.877
6041,0.746,0.746,0.746,0.45,0.0,0.886,0.769,0.866
6042,0.746,0.746,0.746,0.02,0.0,0.841,0.742,0.83
6043,0.746,0.746,0.746,0.0,0.0,0.822,0.735,0.828
6044,0.764,0.764,0.764,0.0,0.014,0.81,0.708,0.796
6045,0.736,0.736,0.736,0.0,0.04,0.76,0.67,0.746
6046,0.736,0.736,0.736,0.0,0.214,0.684,0.61,0.685
6047,0.312,0.312,0.312,0.0,0.302,0.609,0.552,0.632
6048,0.254,0.254,0.254,0.0,0.156,0.548,0.517,0.584
6049,0.264,0.264,0.264,0.0,0.035,0.507,0.49,0.553
6050,0.254,0.254,0.254,0.0,0.038,0.478,0.474,0.524
6051,0.264,0.264,0.264,0.0,0.068,0.464,0.461,0.506
6052,0.264,0.264,0.264,0.0,0.078,0.469,0.465,0.501
6053,0.264,0.264,0.264,0.0,0.082,0.491,0.487,0.517
6054,0.264,0.264,0.264,0.225,0.092,0.537,0.517,0.501
6055,0.264,0.264,0.264,0.592,0.11,0.58,0.557,0.56
6056,0.472,0.472,0.472,0.693,0.061,0.64,0.594,0.596
6057,0.51,0.51,0.51,0.766,0.069,0.696,0.631,0.609
6058,0.518,0.518,0.518,0.781,0.111,0.747,0.669,0.649
6059,0.518,0.518,0.518,0.779,0.064,0.794,0.704,0.698
6060,0.614,0.614,0.614,0.737,0.034,0.829,0.734,0.74
6061,0.784,0.784,0.784,0.556,0.005,0.859,0.764,0.769
6062,0.774,0.774,0.774,0.115,0.0,0.876,0.781,0.803
6063,0.754,0.754,0.754,0.007,0.0,0.882,0.792,0.835
6064,0.754,0.754,0.754,0.68,0.0,0.874,0.794,0.846
6065,0.622,0.622,0.622,0.523,0.0,0.841,0.78,0.827
6066,0.66,0.66,0.66,0.0,0.0,0.78,0.751,0.8
6067,0.754,0.754,0.754,0.0,0.007,0.763,0.741,0.808
6068,0.736,0.736,0.736,0.0,0.122,0.746,0.716,0.762
6069,0.736,0.736,0.736,0.0,0.169,0.7,0.677,0.701
6070,0.726,0.726,0.726,0.0,0.126,0.63,0.618,0.639
6071,0.34,0.34,0.34,0.0,0.055,0.559,0.556,0.583
6072,0.274,0.274,0.274,0.0,0.076,0.506,0.512,0.535
6073,0.254,0.254,0.254,0.0,0.108,0.469,0.487,0.501
6074,0.246,0.246,0.246,0.0,0.008,0.45,0.46,0.474
6075,0.254,0.254,0.254,0.0,0.003,0.439,0.448,0.46
6076,0.246,0.246,0.246,0.0,0.073,0.442,0.451,0.454
6077,0.254,0.254,0.254,0.0,0.237,0.467,0.474,0.464
6078,0.254,0.254,0.254,0.0,0.265,0.512,0.504,0.478
6079,0.246,0.246,0.246,0.589,0.246,0.553,0.522,0.496
6080,0.51,0.51,0.51,0.74,0.189,0.607,0.531,0.541
6081,0.5,0.5,0.5,0.792,0.036,0.658,0.549,0.583
6082,0.736,0.736,0.736,0.762,0.258,0.703,0.578,0.626
6083,0.708,0.708,0.708,0.795,0.18,0.737,0.606,0.664
6084,0.746,0.746,0.746,0.806,0.049,0.761,0.628,0.697
6085,0.726,0.726,0.726,0.804,0.013,0.783,0.656,0.711
6086,0.746,0.746,0.746,0.788,0.0,0.799,0.676,0.703
6087,0.754,0.754,0.754,0.748,0.0,0.807,0.693,0.692
6088,0.746,0.746,0.746,0.74,0.0,0.803,0.699,0.677
6089,0.764,0.764,0.764,0.492,0.0,0.77,0.687,0.67
6090,0.746,0.746,0.746,0.0,0.0,0.71,0.662,0.666
6091,0.754,0.754,0.754,0.0,0.0,0.696,0.663,0.682
6092,0.378,0.378,0.378,0.0,0.011,0.679,0.645,0.647
6093,0.236,0.236,0.236,0.0,0.005,0.635,0.607,0.603
6094,0.254,0.254,0.254,0.0,0.011,0.576,0.539,0.55
6095,0.246,0.246,0.246,0.0,0.035,0.516,0.484,0.506
6096,0.254,0.254,0.254,0.0,0.134,0.472,0.451,0.469
6097,0.254,0.254,0.254,0.0,0.036,0.443,0.425,0.449
6098,0.254,0.254,0.254,0.0,0.227,0.425,0.413,0.433
6099,0.264,0.264,0.264,0.0,0.188,0.417,0.405,0.423
6100,0.254,0.254,0.254,0.0,0.117,0.427,0.413,0.424
6101,0.264,0.264,0.264,0.0,0.085,0.452,0.439,0.438
6102,0.264,0.264,0.264,0.0,0.086,0.506,0.467,0.45
6103,0.254,0.254,0.254,0.62,0.078,0.548,0.494,0.467
6104,0.264,0.264,0.264,0.795,0.134,0.591,0.52,0.508
6105,0.444,0.444,0.444,0.861,0.361,0.631,0.553,0.543
6106,0.528,0.528,0.528,0.865,0.184,0.666,0.585,0.579
6107,0.66,0.66,0.66,0.863,0.014,0.691,0.618,0.611
6108,0.886,0.886,0.886,0.879,0.0,0.709,0.644,0.643
6109,0.726,0.726,0.726,0.887,0.0,0.726,0.669,0.671
6110,0.812,0.812,0.812,0.859,0.0,0.736,0.691,0.706
6111,0.84,0.84,0.84,0.795,0.0,0.737,0.706,0.732
6112,0.688,0.688,0.688,0.762,0.001,0.727,0.707,0.735
6113,0.632,0.632,0.632,0.57,0.0,0.693,0.687,0.723
6114,0.746,0.746,0.746,0.0,0.004,0.64,0.658,0.694
6115,0.746,0.746,0.746,0.0,0.192,0.63,0.652,0.694
6116,0.754,0.754,0.754,0.0,0.221,0.618,0.629,0.669
6117,0.368,0.368,0.368,0.0,0.457,0.582,0.602,0.632
6118,0.076,0.076,0.076,0.0,0.929,0.535,0.558,0.593
6119,0.076,0.076,0.076,0.0,0.767,0.492,0.51,0.551
6120,0.084,0.084,0.084,0.0,0.96,0.451,0.478,0.514
6121,0.076,0.076,0.076,0.0,0.779,0.423,0.455,0.488
6122,0.084,0.084,0.084,0.0,0.446,0.405,0.439,0.466
6123,0.084,0.084,0.084,0.0,0.904,0.396,0.427,0.447
6124,0.094,0.094,0.094,0.0,0.871,0.395,0.423,0.434
6125,0.264,0.264,0.264,0.0,0.963,0.4,0.43,0.429
6126,0.264,0.264,0.264,0.0,0.945,0.418,0.432,0.417
6127,0.264,0.264,0.264,0.614,0.944,0.436,0.468,0.431
6128,0.254,0.254,0.254,0.781,0.949,0.475,0.511,0.482
6129,0.518,0.518,0.518,0.843,0.864,0.509,0.534,0.536
6130,0.528,0.528,0.528,0.868,0.473,0.542,0.548,0.579
6131,0.51,0.51,0.51,0.87,0.426,0.564,0.573,0.612
6132,0.5,0.5,0.5,0.861,0.407,0.58,0.601,0.641
6133,0.49,0.49,0.49,0.87,0.351,0.588,0.601,0.659
6134,0.49,0.49,0.49,0.861,0.356,0.593,0.59,0.68
6135,0.5,0.5,0.5,0.841,0.285,0.601,0.599,0.694
6136,0.49,0.49,0.49,0.773,0.272,0.597,0.605,0.698
6137,0.716,0.716,0.716,0.57,0.309,0.581,0.607,0.682
6138,0.944,0.944,0.944,0.0,0.324,0.558,0.597,0.649
6139,0.802,0.802,0.802,0.0,0.407,0.568,0.599,0.648
6140,0.576,0.576,0.576,0.0,0.661,0.568,0.58,0.622
6141,0.424,0.424,0.424,0.0,0.819,0.539,0.552,0.583
6142,0.462,0.462,0.462,0.0,0.184,0.502,0.515,0.545
6143,0.246,0.246,0.246,0.0,0.152,0.466,0.476,0.503
6144,0.084,0.084,0.084,0.0,0.052,0.425,0.442,0.463
6145,0.254,0.254,0.254,0.0,0.032,0.4,0.421,0.433
6146,0.246,0.246,0.246,0.0,0.018,0.384,0.406,0.41
6147,0.254,0.254,0.254,0.0,0.001,0.37,0.392,0.393
6148,0.246,0.246,0.246,0.0,0.068,0.366,0.388,0.383
6149,0.254,0.254,0.254,0.0,0.1,0.369,0.389,0.38
6150,0.254,0.254,0.254,0.0,0.162,0.368,0.385,0.367
6151,0.254,0.254,0.254,0.611,0.157,0.374,0.414,0.378
6152,0.254,0.254,0.254,0.728,0.15,0.404,0.471,0.424
6153,0.518,0.518,0.518,0.795,0.158,0.437,0.522,0.471
6154,0.518,0.518,0.518,0.828,0.041,0.472,0.573,0.515
6155,0.51,0.51,0.51,0.85,0.001,0.497,0.614,0.566
6156,0.518,0.518,0.518,0.841,0.0,0.52,0.651,0.608
6157,0.698,0.698,0.698,0.832,0.0,0.539,0.674,0.649
6158,0.754,0.754,0.754,0.806,0.0,0.557,0.693,0.68
6159,0.764,0.764,0.764,0.823,0.0,0.572,0.7,0.699
6160,0.764,0.764,0.764,0.735,0.0,0.578,0.702,0.708
6161,0.812,0.812,0.812,0.547,0.165,0.572,0.692,0.7
6162,0.65,0.65,0.65,0.0,0.073,0.558,0.671,0.67
6163,0.556,0.556,0.556,0.0,0.011,0.578,0.666,0.668
6164,0.482,0.482,0.482,0.0,0.002,0.58,0.64,0.639
6165,0.5,0.5,0.5,0.0,0.004,0.554,0.595,0.604
6166,0.254,0.254,0.254,0.0,0.005,0.512,0.543,0.558
6167,0.264,0.264,0.264,0.0,0.0,0.464,0.49,0.506
6168,0.254,0.254,0.254,0.0,0.001,0.424,0.455,0.47
6169,0.264,0.264,0.264,0.0,0.003,0.399,0.434,0.44
6170,0.254,0.254,0.254,0.0,0.016,0.386,0.418,0.42
6171,0.246,0.246,0.246,0.0,0.032,0.379,0.407,0.408
6172,0.246,0.246,0.246,0.0,0.029,0.39,0.414,0.407
6173,0.254,0.254,0.254,0.0,0.037,0.421,0.442,0.422
6174,0.246,0.246,0.246,0.0,0.051,0.469,0.468,0.434
6175,0.444,0.444,0.444,0.596,0.018,0.508,0.505,0.455
6176,0.566,0.566,0.566,0.737,0.092,0.561,0.541,0.496
6177,0.424,0.424,0.424,0.784,0.126,0.608,0.574,0.544
6178,0.368,0.368,0.368,0.773,0.053,0.646,0.616,0.585
6179,0.746,0.746,0.746,0.815,0.012,0.679,0.655,0.63
6180,0.924,0.924,0.924,0.812,0.02,0.708,0.693,0.674
6181,0.726,0.726,0.726,0.797,0.012,0.733,0.723,0.708
6182,0.716,0.716,0.716,0.788,0.004,0.757,0.748,0.74
6183,0.716,0.716,0.716,0.77,0.003,0.77,0.77,0.766
6184,0.802,0.802,0.802,0.706,0.003,0.771,0.775,0.776
6185,0.746,0.746,0.746,0.503,0.005,0.746,0.764,0.762
6186,0.764,0.764,0.764,0.0,0.013,0.7,0.736,0.735
6187,0.764,0.764,0.764,0.0,0.011,0.694,0.725,0.728
6188,0.67,0.67,0.67,0.0,0.013,0.682,0.687,0.69
6189,0.584,0.584,0.584,0.0,0.007,0.638,0.65,0.643
6190,0.51,0.51,0.51,0.0,0.006,0.575,0.594,0.588
6191,0.274,0.274,0.274,0.0,0.007,0.511,0.533,0.534
6192,0.208,0.208,0.208,0.0,0.008,0.46,0.498,0.494
6193,0.254,0.254,0.254,0.0,0.003,0.428,0.476,0.462
6194,0.264,0.264,0.264,0.0,0.0,0.407,0.458,0.441
6195,0.254,0.254,0.254,0.0,0.0,0.394,0.45,0.429
6196,0.246,0.246,0.246,0.0,0.0,0.401,0.456,0.426
6197,0.246,0.246,0.246,0.0,0.004,0.43,0.477,0.44
6198,0.246,0.246,0.246,0.0,0.006,0.478,0.504,0.453
6199,0.482,0.482,0.482,0.567,0.009,0.519,0.527,0.468
6200,0.632,0.632,0.632,0.726,0.003,0.571,0.555,0.511
6201,0.774,0.774,0.774,0.748,0.0,0.624,0.591,0.561
6202,0.736,0.736,0.736,0.753,0.0,0.668,0.632,0.6
6203,0.764,0.764,0.764,0.795,0.0,0.702,0.67,0.65
6204,0.746,0.746,0.746,0.781,0.0,0.727,0.707,0.699
6205,0.746,0.746,0.746,0.768,0.0,0.753,0.736,0.738
6206,0.754,0.754,0.754,0.706,0.0,0.775,0.751,0.776
6207,0.754,0.754,0.754,0.702,0.0,0.788,0.755,0.801
6208,0.736,0.736,0.736,0.369,0.0,0.787,0.753,0.809
6209,0.754,0.754,0.754,0.26,0.0,0.752,0.735,0.794
6210,0.754,0.754,0.754,0.0,0.0,0.701,0.706,0.761
6211,0.754,0.754,0.754,0.0,0.0,0.696,0.699,0.751
6212,0.754,0.754,0.754,0.0,0.062,0.679,0.666,0.711
6213,0.594,0.594,0.594,0.0,0.04,0.637,0.627,0.66
6214,0.5,0.5,0.5,0.0,0.223,0.573,0.565,0.606
6215,0.462,0.462,0.462,0.0,0.252,0.516,0.513,0.546
6216,0.236,0.236,0.236,0.0,0.355,0.466,0.477,0.506
6217,0.246,0.246,0.246,0.0,0.243,0.433,0.453,0.476
6218,0.246,0.246,0.246,0.0,0.09,0.416,0.437,0.453
6219,0.246,0.246,0.246,0.0,0.036,0.407,0.43,0.439
6220,0.254,0.254,0.254,0.0,0.022,0.413,0.436,0.436
6221,0.32,0.32,0.32,0.0,0.032,0.439,0.461,0.448
6222,0.518,0.518,0.518,0.0,0.066,0.489,0.497,0.459
6223,0.68,0.68,0.68,0.552,0.065,0.528,0.524,0.474
6224,0.764,0.764,0.764,0.728,0.012,0.574,0.557,0.517
6225,0.754,0.754,0.754,0.768,0.002,0.617,0.584,0.563
6226,0.754,0.754,0.754,0.728,0.109,0.656,0.614,0.599
6227,0.754,0.754,0.754,0.713,0.155,0.686,0.64,0.643
6228,0.736,0.736,0.736,0.695,0.176,0.706,0.67,0.689
6229,0.754,0.754,0.754,0.455,0.148,0.73,0.691,0.726
6230,0.726,0.726,0.726,0.024,0.125,0.746,0.712,0.76
6231,0.764,0.764,0.764,0.004,0.06,0.755,0.729,0.788
6232,0.746,0.746,0.746,0.691,0.114,0.745,0.732,0.798
6233,0.716,0.716,0.716,0.521,0.127,0.707,0.714,0.776
6234,0.746,0.746,0.746,0.0,0.131,0.656,0.691,0.742
6235,0.746,0.746,0.746,0.0,0.353,0.66,0.685,0.745
6236,0.736,0.736,0.736,0.0,0.637,0.649,0.654,0.718
6237,0.5,0.5,0.5,0.0,0.662,0.609,0.621,0.67
6238,0.246,0.246,0.246,0.0,0.637,0.548,0.564,0.623
6239,0.246,0.246,0.246,0.0,0.324,0.493,0.512,0.571
6240,0.254,0.254,0.254,0.0,0.377,0.45,0.481,0.526
6241,0.254,0.254,0.254,0.0,0.812,0.423,0.456,0.495
6242,0.264,0.264,0.264,0.0,0.68,0.407,0.438,0.476
6243,0.254,0.254,0.254,0.0,0.577,0.401,0.428,0.461
6244,0.264,0.264,0.264,0.0,0.672,0.41,0.434,0.456
6245,0.254,0.254,0.254,0.0,0.874,0.436,0.459,0.47
6246,0.35,0.35,0.35,0.0,0.862,0.496,0.49,0.488
6247,0.528,0.528,0.528,0.344,0.881,0.536,0.522,0.498
6248,0.764,0.764,0.764,0.572,0.966,0.57,0.555,0.524
6249,0.764,0.764,0.764,0.611,0.92,0.601,0.585,0.558
6250,0.754,0.754,0.754,0.77,0.827,0.617,0.62,0.593
6251,0.764,0.764,0.764,0.808,0.695,0.623,0.648,0.619
6252,0.754,0.754,0.754,0.854,0.453,0.62,0.677,0.641
6253,0.754,0.754,0.754,0.848,0.252,0.618,0.702,0.672
6254,0.764,0.764,0.764,0.834,0.295,0.615,0.722,0.703
6255,0.754,0.754,0.754,0.757,0.436,0.613,0.737,0.723
6256,0.736,0.736,0.736,0.759,0.31,0.602,0.736,0.706
6257,0.386,0.386,0.386,0.543,0.229,0.585,0.715,0.693
6258,0.358,0.358,0.358,0.0,0.214,0.561,0.691,0.672
6259,0.35,0.35,0.35,0.0,0.108,0.59,0.673,0.689
6260,0.358,0.358,0.358,0.0,0.181,0.588,0.643,0.669
6261,0.358,0.358,0.358,0.0,0.35,0.559,0.61,0.628
6262,0.35,0.35,0.35,0.0,0.461,0.51,0.555,0.584
6263,0.452,0.452,0.452,0.0,0.803,0.459,0.503,0.538
6264,0.386,0.386,0.386,0.0,0.912,0.42,0.466,0.494
6265,0.368,0.368,0.368,0.0,0.914,0.397,0.443,0.466
6266,0.35,0.35,0.35,0.0,0.836,0.386,0.422,0.443
6267,0.368,0.368,0.368,0.0,0.776,0.38,0.412,0.431
6268,0.358,0.358,0.358,0.0,0.85,0.384,0.416,0.426
6269,0.35,0.35,0.35,0.0,0.92,0.412,0.435,0.439
6270,0.358,0.358,0.358,0.0,0.912,0.466,0.463,0.451
6271,0.34,0.34,0.34,0.634,0.867,0.503,0.492,0.458
6272,0.15,0.15,0.15,0.837,0.767,0.538,0.518,0.489
6273,0.208,0.208,0.208,0.912,0.545,0.574,0.545,0.511
6274,0.264,0.264,0.264,0.925,0.0,0.599,0.576,0.524
6275,0.434,0.434,0.434,0.932,0.0,0.616,0.595,0.536
6276,0.604,0.604,0.604,0.923,0.083,0.62,0.619,0.552
6277,0.924,0.924,0.924,0.916,0.013,0.629,0.64,0.561
6278,0.916,0.916,0.916,0.89,0.0,0.627,0.656,0.571
6279,1.0,1.0,1.0,0.857,0.0,0.621,0.669,0.581
6280,0.99,0.99,0.99,0.779,0.0,0.607,0.673,0.576
6281,0.792,0.792,0.792,0.554,0.0,0.588,0.655,0.556
6282,0.518,0.518,0.518,0.0,0.034,0.552,0.628,0.528
6283,0.51,0.51,0.51,0.0,0.02,0.574,0.627,0.54
6284,0.518,0.518,0.518,0.0,0.097,0.569,0.599,0.518
6285,0.284,0.284,0.284,0.0,0.224,0.544,0.569,0.492
6286,0.254,0.254,0.254,0.0,0.071,0.502,0.521,0.469
6287,0.254,0.254,0.254,0.0,0.351,0.46,0.47,0.438
6288,0.254,0.254,0.254,0.0,0.606,0.418,0.432,0.407
6289,0.254,0.254,0.254,0.0,0.466,0.391,0.407,0.385
6290,0.254,0.254,0.254,0.0,0.559,0.375,0.388,0.369
6291,0.264,0.264,0.264,0.0,0.297,0.364,0.375,0.361
6292,0.264,0.264,0.264,0.0,0.364,0.36,0.367,0.356
6293,0.264,0.264,0.264,0.0,0.692,0.37,0.372,0.358
6294,0.264,0.264,0.264,0.0,0.65,0.383,0.371,0.35
6295,0.264,0.264,0.264,0.594,0.691,0.395,0.394,0.354
6296,0.264,0.264,0.264,0.748,0.566,0.439,0.442,0.387
6297,0.254,0.254,0.254,0.859,0.517,0.476,0.484,0.382
6298,0.34,0.34,0.34,0.898,0.199,0.505,0.521,0.398
6299,0.556,0.556,0.556,0.887,0.22,0.524,0.549,0.439
6300,0.51,0.51,0.51,0.881,0.133,0.536,0.573,0.452
6301,0.518,0.518,0.518,0.87,0.115,0.536,0.593,0.46
6302,0.518,0.518,0.518,0.881,0.125,0.54,0.61,0.473
6303,0.518,0.518,0.518,0.876,0.073,0.545,0.62,0.483
6304,0.51,0.51,0.51,0.764,0.047,0.547,0.625,0.49
6305,0.528,0.528,0.528,0.528,0.038,0.54,0.612,0.485
6306,0.518,0.518,0.518,0.0,0.073,0.532,0.584,0.476
6307,0.5,0.5,0.5,0.0,0.098,0.556,0.578,0.499
6308,0.302,0.302,0.302,0.0,0.268,0.555,0.547,0.491
6309,0.254,0.254,0.254,0.0,0.26,0.529,0.514,0.468
6310,0.264,0.264,0.264,0.0,0.022,0.495,0.469,0.448
6311,0.264,0.264,0.264,0.0,0.16,0.454,0.428,0.417
6312,0.264,0.264,0.264,0.0,0.096,0.417,0.395,0.389
6313,0.264,0.264,0.264,0.0,0.0,0.39,0.372,0.368
6314,0.254,0.254,0.254,0.0,0.007,0.372,0.356,0.355
6315,0.264,0.264,0.264,0.0,0.053,0.36,0.345,0.346
6316,0.264,0.264,0.264,0.0,0.074,0.356,0.341,0.34
6317,0.264,0.264,0.264,0.0,0.202,0.361,0.341,0.34
6318,0.264,0.264,0.264,0.0,0.321,0.36,0.335,0.329
6319,0.254,0.254,0.254,0.585,0.461,0.369,0.356,0.333
6320,0.264,0.264,0.264,0.737,0.716,0.401,0.396,0.36
6321,0.434,0.434,0.434,0.843,0.931,0.44,0.434,0.39
6322,0.518,0.518,0.518,0.876,0.344,0.471,0.474,0.405
6323,0.518,0.518,0.518,0.876,0.153,0.5,0.509,0.424
6324,0.746,0.746,0.746,0.863,0.051,0.528,0.544,0.441
6325,0.764,0.764,0.764,0.845,0.007,0.549,0.575,0.458
6326,0.764,0.764,0.764,0.837,0.005,0.574,0.603,0.482
6327,0.746,0.746,0.746,0.83,0.001,0.594,0.621,0.502
6328,0.726,0.726,0.726,0.731,0.0,0.6,0.631,0.513
6329,0.726,0.726,0.726,0.514,0.0,0.597,0.622,0.511
6330,0.726,0.726,0.726,0.0,0.0,0.581,0.603,0.503
6331,0.538,0.538,0.538,0.0,0.0,0.602,0.602,0.524
6332,0.312,0.312,0.312,0.0,0.0,0.595,0.574,0.507
6333,0.254,0.254,0.254,0.0,0.001,0.559,0.529,0.482
6334,0.254,0.254,0.254,0.0,0.011,0.511,0.474,0.452
6335,0.264,0.264,0.264,0.0,0.018,0.459,0.423,0.419
6336,0.264,0.264,0.264,0.0,0.015,0.422,0.391,0.389
6337,0.254,0.254,0.254,0.0,0.005,0.398,0.371,0.369
6338,0.264,0.264,0.264,0.0,0.001,0.382,0.357,0.354
6339,0.264,0.264,0.264,0.0,0.0,0.376,0.351,0.348
6340,0.264,0.264,0.264,0.0,0.0,0.384,0.358,0.351
6341,0.254,0.254,0.254,0.0,0.0,0.414,0.387,0.368
6342,0.264,0.264,0.264,0.0,0.0,0.46,0.418,0.381
6343,0.264,0.264,0.264,0.609,0.001,0.492,0.439,0.39
6344,0.274,0.274,0.274,0.733,0.004,0.545,0.465,0.418
6345,0.518,0.518,0.518,0.786,0.039,0.593,0.489,0.444
6346,0.726,0.726,0.726,0.837,0.018,0.629,0.52,0.46
6347,0.736,0.736,0.736,0.845,0.023,0.66,0.55,0.479
6348,0.746,0.746,0.746,0.845,0.032,0.684,0.582,0.5
6349,0.726,0.726,0.726,0.788,0.045,0.705,0.611,0.517
6350,0.716,0.716,0.716,0.762,0.027,0.723,0.639,0.541
6351,0.698,0.698,0.698,0.799,0.015,0.73,0.655,0.562
6352,0.708,0.708,0.708,0.722,0.013,0.726,0.664,0.575
6353,0.726,0.726,0.726,0.466,0.024,0.703,0.655,0.57
6354,0.51,0.51,0.51,0.0,0.001,0.66,0.634,0.555
6355,0.518,0.518,0.518,0.0,0.002,0.664,0.624,0.569
6356,0.528,0.528,0.528,0.0,0.035,0.644,0.59,0.542
6357,0.51,0.51,0.51,0.0,0.119,0.601,0.551,0.51
6358,0.33,0.33,0.33,0.0,0.726,0.539,0.491,0.471
6359,0.274,0.274,0.274,0.0,0.45,0.479,0.437,0.427
6360,0.264,0.264,0.264,0.0,0.252,0.432,0.403,0.396
6361,0.264,0.264,0.264,0.0,0.408,0.401,0.38,0.373
6362,0.254,0.254,0.254,0.0,0.33,0.382,0.365,0.36
6363,0.264,0.264,0.264,0.0,0.385,0.373,0.359,0.354
6364,0.264,0.264,0.264,0.0,0.362,0.378,0.367,0.357
6365,0.264,0.264,0.264,0.0,0.492,0.404,0.394,0.374
6366,0.264,0.264,0.264,0.0,0.558,0.455,0.424,0.385
6367,0.274,0.274,0.274,0.572,0.604,0.492,0.447,0.39
6368,0.518,0.518,0.518,0.768,0.731,0.538,0.468,0.418
6369,0.518,0.518,0.518,0.784,0.686,0.584,0.495,0.447
6370,0.518,0.518,0.518,0.821,0.343,0.616,0.529,0.463
6371,0.518,0.518,0.518,0.839,0.096,0.642,0.567,0.491
6372,0.746,0.746,0.746,0.861,0.028,0.67,0.605,0.522
6373,0.754,0.754,0.754,0.823,0.031,0.689,0.64,0.555
6374,0.764,0.764,0.764,0.815,0.072,0.707,0.666,0.59
6375,0.754,0.754,0.754,0.698,0.172,0.713,0.686,0.619
6376,0.65,0.65,0.65,0.751,0.055,0.708,0.692,0.63
6377,0.622,0.622,0.622,0.472,0.051,0.679,0.68,0.617
6378,0.726,0.726,0.726,0.0,0.028,0.634,0.656,0.596
6379,0.51,0.51,0.51,0.0,0.066,0.643,0.649,0.609
6380,0.518,0.518,0.518,0.0,0.062,0.627,0.617,0.59
6381,0.518,0.518,0.518,0.0,0.345,0.586,0.58,0.556
6382,0.5,0.5,0.5,0.0,0.353,0.524,0.52,0.521
6383,0.528,0.528,0.528,0.0,0.154,0.467,0.466,0.476
6384,0.34,0.34,0.34,0.0,0.181,0.423,0.428,0.439
6385,0.264,0.264,0.264,0.0,0.042,0.398,0.409,0.416
6386,0.254,0.254,0.254,0.0,0.062,0.383,0.397,0.396
6387,0.254,0.254,0.254,0.0,0.12,0.379,0.39,0.386
6388,0.246,0.246,0.246,0.0,0.058,0.383,0.398,0.388
6389,0.254,0.254,0.254,0.0,0.132,0.412,0.426,0.4
6390,0.264,0.264,0.264,0.0,0.368,0.464,0.458,0.416
6391,0.264,0.264,0.264,0.589,0.624,0.496,0.482,0.422
6392,0.518,0.518,0.518,0.788,0.738,0.538,0.507,0.448
6393,0.726,0.726,0.726,0.854,0.668,0.579,0.536,0.471
6394,0.746,0.746,0.746,0.868,0.334,0.612,0.568,0.482
6395,0.726,0.726,0.726,0.863,0.316,0.637,0.597,0.495
6396,0.708,0.708,0.708,0.839,0.287,0.651,0.621,0.508
6397,0.708,0.708,0.708,0.826,0.257,0.666,0.643,0.516
6398,0.84,0.84,0.84,0.815,0.32,0.668,0.649,0.524
6399,0.952,0.952,0.952,0.812,0.245,0.662,0.662,0.53
6400,0.962,0.962,0.962,0.713,0.419,0.653,0.661,0.532
6401,0.736,0.736,0.736,0.448,0.585,0.632,0.639,0.518
6402,0.34,0.34,0.34,0.0,0.474,0.599,0.618,0.508
6403,0.188,0.188,0.188,0.0,0.452,0.617,0.612,0.53
6404,0.236,0.236,0.236,0.0,0.296,0.604,0.584,0.515
6405,0.246,0.246,0.246,0.0,0.324,0.566,0.547,0.484
6406,0.254,0.254,0.254,0.0,0.564,0.513,0.491,0.452
6407,0.246,0.246,0.246,0.0,0.526,0.46,0.437,0.414
6408,0.254,0.254,0.254,0.0,0.666,0.418,0.401,0.388
6409,0.264,0.264,0.264,0.0,0.852,0.392,0.379,0.367
6410,0.264,0.264,0.264,0.0,0.981,0.374,0.361,0.354
6411,0.264,0.264,0.264,0.0,0.962,0.371,0.354,0.349
6412,0.264,0.264,0.264,0.0,0.995,0.373,0.359,0.348
6413,0.264,0.264,0.264,0.0,0.996,0.402,0.385,0.367
6414,0.264,0.264,0.264,0.0,0.99,0.458,0.413,0.379
6415,0.254,0.254,0.254,0.567,0.948,0.495,0.429,0.383
6416,0.264,0.264,0.264,0.746,0.858,0.538,0.445,0.407
6417,0.33,0.33,0.33,0.808,0.737,0.579,0.465,0.427
6418,0.51,0.51,0.51,0.826,0.535,0.612,0.489,0.435
6419,0.528,0.528,0.528,0.852,0.316,0.636,0.514,0.458
6420,0.548,0.548,0.548,0.848,0.055,0.649,0.537,0.473
6421,0.784,0.784,0.784,0.843,0.263,0.659,0.562,0.491
6422,0.736,0.736,0.736,0.828,0.432,0.663,0.583,0.513
6423,0.726,0.726,0.726,0.79,0.278,0.661,0.6,0.537
6424,0.716,0.716,0.716,0.728,0.132,0.645,0.608,0.554
6425,0.716,0.716,0.716,0.442,0.126,0.62,0.597,0.546
6426,0.482,0.482,0.482,0.0,0.176,0.587,0.585,0.538
6427,0.528,0.528,0.528,0.0,0.228,0.609,0.585,0.558
6428,0.51,0.51,0.51,0.0,0.8,0.596,0.553,0.544
6429,0.518,0.518,0.518,0.0,0.457,0.561,0.521,0.513
6430,0.292,0.292,0.292,0.0,0.33,0.51,0.469,0.477
6431,0.254,0.254,0.254,0.0,0.543,0.458,0.418,0.438
6432,0.264,0.264,0.264,0.0,0.69,0.417,0.382,0.407
6433,0.264,0.264,0.264,0.0,0.612,0.394,0.364,0.385
6434,0.264,0.264,0.264,0.0,0.521,0.383,0.351,0.371
6435,0.264,0.264,0.264,0.0,0.504,0.375,0.348,0.366
6436,0.264,0.264,0.264,0.0,0.452,0.382,0.357,0.368
6437,0.264,0.264,0.264,0.0,0.262,0.407,0.384,0.383
6438,0.264,0.264,0.264,0.0,0.155,0.462,0.416,0.4
6439,0.254,0.254,0.254,0.603,0.181,0.499,0.44,0.403
6440,0.264,0.264,0.264,0.733,0.147,0.537,0.462,0.424
6441,0.264,0.264,0.264,0.81,0.155,0.571,0.487,0.445
6442,0.51,0.51,0.51,0.87,0.012,0.595,0.514,0.448
6443,0.51,0.51,0.51,0.857,0.0,0.608,0.538,0.458
6444,0.736,0.736,0.736,0.801,0.013,0.616,0.562,0.464
6445,0.944,0.944,0.944,0.839,0.027,0.624,0.579,0.471
6446,0.962,0.962,0.962,0.848,0.017,0.623,0.596,0.481
6447,0.944,0.944,0.944,0.815,0.018,0.614,0.605,0.485
6448,0.972,0.972,0.972,0.722,0.029,0.594,0.607,0.486
6449,0.698,0.698,0.698,0.437,0.0,0.579,0.588,0.475
6450,0.5,0.5,0.5,0.0,0.0,0.564,0.573,0.473
6451,0.452,0.452,0.452,0.0,0.0,0.587,0.567,0.496
6452,0.254,0.254,0.254,0.0,0.0,0.574,0.542,0.486
6453,0.264,0.264,0.264,0.0,0.002,0.544,0.515,0.422
6454,0.264,0.264,0.264,0.0,0.0,0.504,0.477,0.439
6455,0.264,0.264,0.264,0.0,0.001,0.457,0.435,0.411
6456,0.104,0.104,0.104,0.0,0.001,0.417,0.404,0.384
6457,0.084,0.084,0.084,0.0,0.002,0.389,0.38,0.362
6458,0.084,0.084,0.084,0.0,0.02,0.374,0.363,0.351
6459,0.094,0.094,0.094,0.0,0.019,0.361,0.352,0.343
6460,0.084,0.084,0.084,0.0,0.076,0.361,0.349,0.342
6461,0.084,0.084,0.084,0.0,0.019,0.37,0.356,0.343
6462,0.084,0.084,0.084,0.0,0.007,0.39,0.359,0.339
6463,0.084,0.084,0.084,0.567,0.001,0.401,0.381,0.341
6464,0.104,0.104,0.104,0.746,0.004,0.449,0.416,0.369
6465,0.396,0.396,0.396,0.881,0.007,0.489,0.451,0.392
6466,0.518,0.518,0.518,0.876,0.0,0.522,0.48,0.4
6467,0.528,0.528,0.528,0.874,0.0,0.54,0.505,0.412
6468,0.726,0.726,0.726,0.872,0.002,0.55,0.526,0.423
6469,0.736,0.736,0.736,0.852,0.003,0.554,0.547,0.432
6470,0.716,0.716,0.716,0.852,0.016,0.558,0.562,0.445
6471,0.726,0.726,0.726,0.834,0.029,0.56,0.573,0.459
6472,0.736,0.736,0.736,0.724,0.027,0.557,0.574,0.463
6473,0.708,0.708,0.708,0.428,0.052,0.545,0.563,0.459
6474,0.604,0.604,0.604,0.0,0.008,0.532,0.551,0.457
6475,0.49,0.49,0.49,0.0,0.002,0.561,0.544,0.48
6476,0.518,0.518,0.518,0.0,0.0,0.549,0.516,0.469
6477,0.35,0.35,0.35,0.0,0.0,0.523,0.487,0.449
6478,0.254,0.254,0.254,0.0,0.001,0.488,0.452,0.43
6479,0.264,0.264,0.264,0.0,0.004,0.448,0.414,0.404
6480,0.264,0.264,0.264,0.0,0.0,0.411,0.386,0.378
6481,0.264,0.264,0.264,0.0,0.0,0.383,0.364,0.358
6482,0.254,0.254,0.254,0.0,0.0,0.364,0.35,0.343
6483,0.264,0.264,0.264,0.0,0.0,0.353,0.342,0.336
6484,0.264,0.264,0.264,0.0,0.004,0.349,0.338,0.331
6485,0.254,0.254,0.254,0.0,0.014,0.35,0.343,0.334
6486,0.264,0.264,0.264,0.0,0.02,0.353,0.339,0.326
6487,0.264,0.264,0.264,0.592,0.028,0.357,0.357,0.324
6488,0.264,0.264,0.264,0.724,0.038,0.389,0.393,0.355
6489,0.264,0.264,0.264,0.792,0.049,0.432,0.432,0.38
6490,0.5,0.5,0.5,0.834,0.014,0.464,0.471,0.397
6491,0.708,0.708,0.708,0.857,0.007,0.49,0.504,0.415
6492,0.726,0.726,0.726,0.857,0.005,0.51,0.538,0.433
6493,0.736,0.736,0.736,0.83,0.015,0.528,0.571,0.445
6494,0.716,0.716,0.716,0.832,0.018,0.547,0.598,0.464
6495,0.736,0.736,0.736,0.819,0.013,0.561,0.617,0.48
6496,0.716,0.716,0.716,0.709,0.011,0.569,0.628,0.489
6497,0.698,0.698,0.698,0.413,0.009,0.565,0.622,0.484
6498,0.51,0.51,0.51,0.0,0.0,0.556,0.612,0.482
6499,0.5,0.5,0.5,0.0,0.001,0.587,0.608,0.5
6500,0.51,0.51,0.51,0.0,0.003,0.578,0.573,0.484
6501,0.51,0.51,0.51,0.0,0.001,0.547,0.534,0.457
6502,0.5,0.5,0.5,0.0,0.003,0.501,0.479,0.43
6503,0.5,0.5,0.5,0.0,0.016,0.454,0.43,0.398
6504,0.254,0.254,0.254,0.0,0.039,0.411,0.401,0.37
6505,0.236,0.236,0.236,0.0,0.059,0.389,0.382,0.352
6506,0.246,0.246,0.246,0.0,0.052,0.377,0.373,0.341
6507,0.254,0.254,0.254,0.0,0.063,0.371,0.366,0.338
6508,0.264,0.264,0.264,0.0,0.041,0.382,0.377,0.342
6509,0.264,0.264,0.264,0.0,0.038,0.411,0.408,0.359
6510,0.264,0.264,0.264,0.0,0.058,0.464,0.443,0.376
6511,0.264,0.264,0.264,0.55,0.057,0.498,0.472,0.379
6512,0.312,0.312,0.312,0.706,0.052,0.546,0.501,0.407
6513,0.518,0.518,0.518,0.804,0.045,0.591,0.531,0.431
6514,0.736,0.736,0.736,0.828,0.016,0.627,0.57,0.444
6515,0.716,0.716,0.716,0.817,0.0,0.658,0.606,0.468
6516,0.726,0.726,0.726,0.817,0.0,0.681,0.641,0.488
6517,0.716,0.716,0.716,0.806,0.0,0.703,0.673,0.511
6518,0.736,0.736,0.736,0.797,0.0,0.718,0.699,0.54
6519,0.716,0.716,0.716,0.788,0.0,0.727,0.724,0.562
6520,0.736,0.736,0.736,0.678,0.0,0.722,0.729,0.576
6521,0.952,0.952,0.952,0.391,0.0,0.693,0.715,0.572
6522,0.972,0.972,0.972,0.0,0.0,0.65,0.693,0.565
6523,0.982,0.982,0.982,0.0,0.0,0.657,0.676,0.576
6524,0.952,0.952,0.952,0.0,0.0,0.637,0.639,0.551
6525,0.698,0.698,0.698,0.0,0.0,0.593,0.593,0.515
6526,0.5,0.5,0.5,0.0,0.0,0.534,0.533,0.476
6527,0.51,0.51,0.51,0.0,0.0,0.478,0.478,0.437
6528,0.51,0.51,0.51,0.0,0.0,0.432,0.442,0.404
6529,0.264,0.264,0.264,0.0,0.0,0.405,0.417,0.38
6530,0.264,0.264,0.264,0.0,0.0,0.385,0.398,0.367
6531,0.264,0.264,0.264,0.0,0.0,0.38,0.391,0.36
6532,0.274,0.274,0.274,0.0,0.001,0.384,0.394,0.362
6533,0.264,0.264,0.264,0.0,0.0,0.414,0.424,0.379
6534,0.254,0.254,0.254,0.0,0.001,0.474,0.46,0.393
6535,0.264,0.264,0.264,0.554,0.002,0.507,0.485,0.4
6536,0.254,0.254,0.254,0.74,0.007,0.544,0.518,0.428
6537,0.49,0.49,0.49,0.799,0.004,0.582,0.557,0.458
6538,0.726,0.726,0.726,0.764,0.009,0.611,0.606,0.477
6539,0.746,0.746,0.746,0.799,0.0,0.637,0.646,0.506
6540,0.754,0.754,0.754,0.819,0.0,0.654,0.688,0.542
6541,0.746,0.746,0.746,0.821,0.0,0.671,0.724,0.575
6542,0.736,0.736,0.736,0.812,0.0,0.685,0.75,0.609
6543,0.726,0.726,0.726,0.764,0.0,0.69,0.766,0.638
6544,0.726,0.726,0.726,0.669,0.0,0.683,0.768,0.656
6545,0.708,0.708,0.708,0.391,0.0,0.661,0.748,0.645
6546,0.688,0.688,0.688,0.0,0.0,0.623,0.725,0.627
6547,0.708,0.708,0.708,0.0,0.0,0.637,0.705,0.63
6548,0.708,0.708,0.708,0.0,0.0,0.615,0.667,0.599
6549,0.51,0.51,0.51,0.0,0.0,0.576,0.623,0.557
6550,0.472,0.472,0.472,0.0,0.0,0.524,0.56,0.514
6551,0.51,0.51,0.51,0.0,0.0,0.466,0.503,0.468
6552,0.51,0.51,0.51,0.0,0.0,0.421,0.463,0.426
6553,0.284,0.284,0.284,0.0,0.0,0.394,0.434,0.401
6554,0.264,0.264,0.264,0.0,0.0,0.376,0.414,0.384
6555,0.264,0.264,0.264,0.0,0.0,0.368,0.403,0.374
6556,0.254,0.254,0.254,0.0,0.004,0.374,0.407,0.375
6557,0.264,0.264,0.264,0.0,0.022,0.406,0.433,0.391
6558,0.264,0.264,0.264,0.0,0.056,0.462,0.46,0.406
6559,0.264,0.264,0.264,0.576,0.122,0.498,0.488,0.412
6560,0.264,0.264,0.264,0.753,0.115,0.537,0.516,0.445
6561,0.264,0.264,0.264,0.81,0.164,0.579,0.549,0.479
6562,0.274,0.274,0.274,0.812,0.141,0.611,0.589,0.504
6563,0.518,0.518,0.518,0.823,0.098,0.644,0.628,0.537
6564,0.688,0.688,0.688,0.797,0.075,0.663,0.667,0.576
6565,0.736,0.736,0.736,0.79,0.035,0.684,0.708,0.616
6566,0.962,0.962,0.962,0.779,0.006,0.697,0.731,0.652
6567,0.962,0.962,0.962,0.79,0.001,0.704,0.747,0.678
6568,0.952,0.952,0.952,0.684,0.0,0.699,0.748,0.687
6569,0.962,0.962,0.962,0.382,0.0,0.675,0.726,0.671
6570,0.972,0.972,0.972,0.0,0.0,0.637,0.703,0.649
6571,0.952,0.952,0.952,0.0,0.0,0.651,0.679,0.639
6572,0.764,0.764,0.764,0.0,0.0,0.628,0.635,0.606
6573,0.434,0.434,0.434,0.0,0.0,0.586,0.593,0.559
6574,0.452,0.452,0.452,0.0,0.0,0.529,0.53,0.519
6575,0.34,0.34,0.34,0.0,0.0,0.471,0.47,0.469
6576,0.264,0.264,0.264,0.0,0.0,0.422,0.433,0.428
6577,0.264,0.264,0.264,0.0,0.0,0.431,0.388,0.412
6578,0.264,0.264,0.264,0.0,0.0,0.416,0.376,0.39
6579,0.264,0.264,0.264,0.0,0.0,0.416,0.368,0.372
6580,0.264,0.264,0.264,0.0,0.0,0.42,0.372,0.374
6581,0.264,0.264,0.264,0.0,0.0,0.436,0.395,0.397
6582,0.264,0.264,0.264,0.0,0.0,0.478,0.419,0.418
6583,0.264,0.264,0.264,0.576,0.0,0.504,0.437,0.425
6584,0.264,0.264,0.264,0.704,0.0,0.55,0.457,0.459
6585,0.264,0.264,0.264,0.744,0.0,0.609,0.485,0.49
6586,0.264,0.264,0.264,0.744,0.0,0.664,0.523,0.514
6587,0.518,0.518,0.518,0.737,0.0,0.716,0.565,0.543
6588,0.688,0.688,0.688,0.762,0.0,0.75,0.606,0.569
6589,0.736,0.736,0.736,0.779,0.0,0.78,0.646,0.587
6590,0.868,0.868,0.868,0.762,0.0,0.776,0.678,0.598
6591,0.972,0.972,0.972,0.748,0.0,0.785,0.699,0.602
6592,0.952,0.952,0.952,0.645,0.0,0.803,0.699,0.602
6593,0.972,0.972,0.972,0.353,0.0,0.77,0.674,0.599
6594,0.802,0.802,0.802,0.0,0.001,0.715,0.648,0.596
6595,0.736,0.736,0.736,0.0,0.0,0.725,0.625,0.594
6596,0.51,0.51,0.51,0.0,0.0,0.679,0.585,0.581
6597,0.518,0.518,0.518,0.0,0.002,0.621,0.546,0.559
6598,0.5,0.5,0.5,0.0,0.011,0.549,0.486,0.531
6599,0.49,0.49,0.49,0.0,0.022,0.489,0.437,0.491
6600,0.5,0.5,0.5,0.0,0.019,0.453,0.401,0.447
6601,0.264,0.264,0.264,0.0,0.013,0.436,0.379,0.415
6602,0.264,0.264,0.264,0.0,0.0,0.425,0.364,0.394
6603,0.264,0.264,0.264,0.0,0.003,0.42,0.357,0.379
6604,0.264,0.264,0.264,0.0,0.022,0.422,0.362,0.38
6605,0.264,0.264,0.264,0.0,0.017,0.439,0.384,0.399
6606,0.264,0.264,0.264,0.0,0.041,0.478,0.411,0.419
6607,0.254,0.254,0.254,0.545,0.027,0.504,0.429,0.422
6608,0.264,0.264,0.264,0.689,0.016,0.547,0.448,0.455
6609,0.264,0.264,0.264,0.695,0.0,0.604,0.468,0.488
6610,0.264,0.264,0.264,0.746,0.0,0.656,0.5,0.514
6611,0.35,0.35,0.35,0.709,0.0,0.704,0.532,0.539
6612,0.51,0.51,0.51,0.731,0.0,0.733,0.568,0.565
6613,0.726,0.726,0.726,0.726,0.0,0.76,0.607,0.584
6614,0.944,0.944,0.944,0.722,0.0,0.788,0.637,0.596
6615,0.962,0.962,0.962,0.702,0.0,0.783,0.664,0.602
6616,0.962,0.962,0.962,0.614,0.0,0.756,0.667,0.603
6617,0.934,0.934,0.934,0.331,0.0,0.702,0.647,0.601
6618,0.726,0.726,0.726,0.0,0.0,0.657,0.616,0.597
6619,0.736,0.736,0.736,0.0,0.0,0.676,0.587,0.592
6620,0.556,0.556,0.556,0.0,0.003,0.647,0.548,0.577
6621,0.5,0.5,0.5,0.0,0.011,0.596,0.515,0.554
6622,0.51,0.51,0.51,0.0,0.042,0.542,0.473,0.531
6623,0.49,0.49,0.49,0.0,0.073,0.494,0.428,0.496
6624,0.274,0.274,0.274,0.0,0.148,0.457,0.398,0.456
6625,0.254,0.254,0.254,0.0,0.189,0.437,0.374,0.426
6626,0.254,0.254,0.254,0.0,0.053,0.426,0.36,0.403
6627,0.246,0.246,0.246,0.0,0.003,0.419,0.349,0.385
6628,0.264,0.264,0.264,0.0,0.0,0.418,0.345,0.375
6629,0.254,0.254,0.254,0.0,0.0,0.422,0.349,0.375
6630,0.264,0.264,0.264,0.0,0.0,0.431,0.355,0.374
6631,0.264,0.264,0.264,0.563,0.0,0.438,0.372,0.367
6632,0.254,0.254,0.254,0.711,0.005,0.465,0.407,0.405
6633,0.246,0.246,0.246,0.768,0.033,0.504,0.446,0.455
6634,0.264,0.264,0.264,0.795,0.084,0.536,0.486,0.477
6635,0.264,0.264,0.264,0.781,0.009,0.559,0.526,0.518
6636,0.264,0.264,0.264,0.784,0.0,0.571,0.567,0.55
6637,0.264,0.264,0.264,0.777,0.0,0.567,0.604,0.575
6638,0.264,0.264,0.264,0.753,0.0,0.562,0.637,0.592
6639,0.358,0.358,0.358,0.642,0.0,0.557,0.66,0.598
6640,0.518,0.518,0.518,0.625,0.0,0.548,0.665,0.597
6641,0.518,0.518,0.518,0.232,0.0,0.538,0.634,0.591
6642,0.51,0.51,0.51,0.0,0.0,0.545,0.608,0.588
6643,0.5,0.5,0.5,0.0,0.0,0.577,0.58,0.587
6644,0.51,0.51,0.51,0.0,0.0,0.563,0.544,0.577
6645,0.49,0.49,0.49,0.0,0.188,0.536,0.506,0.558
6646,0.49,0.49,0.49,0.0,0.183,0.502,0.466,0.538
6647,0.32,0.32,0.32,0.0,0.233,0.469,0.427,0.511
6648,0.254,0.254,0.254,0.0,0.143,0.445,0.399,0.479
6649,0.254,0.254,0.254,0.0,0.098,0.43,0.379,0.456
6650,0.254,0.254,0.254,0.0,0.028,0.422,0.366,0.436
6651,0.264,0.264,0.264,0.0,0.016,0.415,0.356,0.422
6652,0.254,0.254,0.254,0.0,0.026,0.414,0.349,0.411
6653,0.274,0.274,0.274,0.0,0.02,0.413,0.351,0.41
6654,0.51,0.51,0.51,0.0,0.009,0.417,0.348,0.357
6655,0.528,0.528,0.528,0.049,0.0,0.417,0.348,0.397
6656,0.51,0.51,0.51,0.002,0.0,0.432,0.395,0.343
6657,0.51,0.51,0.51,0.007,0.011,0.452,0.451,0.454
6658,0.51,0.51,0.51,0.194,0.001,0.478,0.49,0.466
6659,0.49,0.49,0.49,0.143,0.0,0.495,0.534,0.505
6660,0.49,0.49,0.49,0.433,0.0,0.501,0.575,0.519
6661,0.51,0.51,0.51,0.19,0.005,0.503,0.609,0.541
6662,0.754,0.754,0.754,0.459,0.007,0.504,0.634,0.55
6663,0.774,0.774,0.774,0.283,0.002,0.503,0.651,0.553
6664,0.764,0.764,0.764,0.26,0.005,0.505,0.655,0.555
6665,0.688,0.688,0.688,0.238,0.008,0.506,0.638,0.555
6666,0.452,0.452,0.452,0.0,0.0,0.529,0.626,0.569
6667,0.246,0.246,0.246,0.0,0.0,0.558,0.61,0.574
6668,0.254,0.254,0.254,0.0,0.03,0.55,0.575,0.57
6669,0.264,0.264,0.264,0.0,0.0,0.522,0.535,0.558
6670,0.254,0.254,0.254,0.0,0.023,0.491,0.488,0.533
6671,0.254,0.254,0.254,0.0,0.02,0.458,0.444,0.5
6672,0.254,0.254,0.254,0.0,0.0,0.437,0.414,0.469
6673,0.254,0.254,0.254,0.0,0.036,0.425,0.397,0.444
6674,0.254,0.254,0.254,0.0,0.066,0.42,0.383,0.421
6675,0.254,0.254,0.254,0.0,0.047,0.42,0.377,0.408
6676,0.254,0.254,0.254,0.0,0.032,0.425,0.383,0.412
6677,0.246,0.246,0.246,0.0,0.107,0.444,0.409,0.434
6678,0.254,0.254,0.254,0.0,0.119,0.482,0.437,0.463
6679,0.254,0.254,0.254,0.486,0.102,0.508,0.458,0.467
6680,0.254,0.254,0.254,0.706,0.078,0.551,0.482,0.49
6681,0.452,0.452,0.452,0.799,0.067,0.605,0.505,0.513
6682,0.726,0.726,0.726,0.797,0.009,0.649,0.546,0.539
6683,0.736,0.736,0.736,0.618,0.003,0.688,0.585,0.554
6684,0.746,0.746,0.746,0.605,0.001,0.714,0.619,0.562
6685,0.708,0.708,0.708,0.766,0.001,0.733,0.652,0.569
6686,0.708,0.708,0.708,0.799,0.001,0.745,0.67,0.577
6687,0.698,0.698,0.698,0.777,0.001,0.742,0.679,0.587
6688,0.708,0.708,0.708,0.371,0.003,0.716,0.695,0.59
6689,0.708,0.708,0.708,0.159,0.001,0.67,0.653,0.586
6690,0.708,0.708,0.708,0.0,0.001,0.637,0.647,0.584
6691,0.726,0.726,0.726,0.0,0.0,0.662,0.634,0.589
6692,0.49,0.49,0.49,0.0,0.0,0.639,0.604,0.58
6693,0.274,0.274,0.274,0.0,0.0,0.586,0.569,0.561
6694,0.254,0.254,0.254,0.0,0.0,0.525,0.517,0.527
6695,0.254,0.254,0.254,0.0,0.0,0.476,0.466,0.485
6696,0.264,0.264,0.264,0.0,0.038,0.445,0.435,0.448
6697,0.246,0.246,0.246,0.0,0.246,0.429,0.414,0.418
6698,0.246,0.246,0.246,0.0,0.415,0.42,0.395,0.397
6699,0.246,0.246,0.246,0.0,0.432,0.417,0.387,0.385
6700,0.254,0.254,0.254,0.0,0.316,0.418,0.391,0.386
6701,0.246,0.246,0.246,0.0,0.09,0.435,0.413,0.407
6702,0.246,0.246,0.246,0.0,0.007,0.472,0.44,0.425
6703,0.254,0.254,0.254,0.536,0.0,0.5,0.46,0.423
6704,0.424,0.424,0.424,0.742,0.002,0.543,0.488,0.462
6705,0.5,0.5,0.5,0.812,0.009,0.591,0.52,0.497
6706,0.736,0.736,0.736,0.832,0.0,0.634,0.559,0.531
6707,0.792,0.792,0.792,0.865,0.0,0.665,0.593,0.558
6708,0.622,0.622,0.622,0.865,0.067,0.675,0.63,0.574
6709,0.584,0.584,0.584,0.868,0.136,0.683,0.657,0.589
6710,0.726,0.726,0.726,0.859,0.075,0.686,0.681,0.595
6711,0.726,0.726,0.726,0.812,0.045,0.684,0.696,0.597
6712,0.716,0.716,0.716,0.682,0.048,0.667,0.695,0.596
6713,0.518,0.518,0.518,0.309,0.044,0.63,0.674,0.59
6714,0.51,0.51,0.51,0.0,0.241,0.602,0.662,0.592
6715,0.5,0.5,0.5,0.0,0.457,0.63,0.64,0.595
6716,0.49,0.49,0.49,0.0,0.614,0.607,0.607,0.587
6717,0.254,0.254,0.254,0.0,0.847,0.566,0.566,0.567
6718,0.254,0.254,0.254,0.0,0.772,0.508,0.507,0.532
6719,0.264,0.264,0.264,0.0,0.885,0.464,0.456,0.49
6720,0.264,0.264,0.264,0.0,0.869,0.435,0.426,0.453
6721,0.264,0.264,0.264,0.0,0.662,0.419,0.405,0.428
6722,0.264,0.264,0.264,0.0,0.728,0.412,0.388,0.404
6723,0.264,0.264,0.264,0.0,0.618,0.408,0.379,0.392
6724,0.254,0.254,0.254,0.0,0.611,0.411,0.378,0.393
6725,0.264,0.264,0.264,0.0,0.547,0.428,0.401,0.415
6726,0.264,0.264,0.264,0.0,0.59,0.467,0.428,0.438
6727,0.264,0.264,0.264,0.57,0.599,0.494,0.45,0.436
6728,0.264,0.264,0.264,0.766,0.524,0.525,0.476,0.456
6729,0.518,0.518,0.518,0.821,0.309,0.566,0.506,0.478
6730,0.716,0.716,0.716,0.841,0.061,0.598,0.544,0.511
6731,0.726,0.726,0.726,0.85,0.026,0.625,0.581,0.539
6732,0.736,0.736,0.736,0.861,0.02,0.639,0.617,0.553
6733,0.736,0.736,0.736,0.874,0.001,0.657,0.649,0.567
6734,0.726,0.726,0.726,0.861,0.001,0.66,0.674,0.576
6735,0.736,0.736,0.736,0.83,0.0,0.657,0.686,0.579
6736,0.736,0.736,0.736,0.691,0.096,0.643,0.687,0.583
6737,0.716,0.716,0.716,0.307,0.043,0.611,0.665,0.578
6738,0.518,0.518,0.518,0.0,0.699,0.592,0.658,0.582
6739,0.518,0.518,0.518,0.0,0.747,0.622,0.641,0.587
6740,0.264,0.264,0.264,0.0,0.905,0.601,0.605,0.582
6741,0.264,0.264,0.264,0.0,0.96,0.558,0.571,0.566
6742,0.264,0.264,0.264,0.0,0.952,0.505,0.517,0.536
6743,0.254,0.254,0.254,0.0,0.927,0.461,0.469,0.496
6744,0.264,0.264,0.264,0.0,0.865,0.434,0.44,0.456
6745,0.264,0.264,0.264,0.0,0.735,0.419,0.417,0.428
6746,0.254,0.254,0.254,0.0,0.642,0.411,0.401,0.406
6747,0.264,0.264,0.264,0.0,0.49,0.408,0.395,0.394
6748,0.264,0.264,0.264,0.0,0.396,0.411,0.401,0.394
6749,0.264,0.264,0.264,0.0,0.336,0.426,0.425,0.414
6750,0.254,0.254,0.254,0.0,0.143,0.468,0.461,0.443
6751,0.264,0.264,0.264,0.57,0.029,0.496,0.477,0.444
6752,0.264,0.264,0.264,0.806,0.081,0.525,0.498,0.456
6753,0.32,0.32,0.32,0.859,0.123,0.565,0.525,0.471
6754,0.538,0.538,0.538,0.898,0.2,0.602,0.555,0.482
6755,0.716,0.716,0.716,0.903,0.022,0.622,0.59,0.483
6756,0.736,0.736,0.736,0.905,0.0,0.635,0.623,0.479
6757,0.716,0.716,0.716,0.883,0.0,0.645,0.647,0.476
6758,0.726,0.726,0.726,0.87,0.0,0.65,0.647,0.476
6759,0.726,0.726,0.726,0.83,0.0,0.642,0.62,0.471
6760,0.726,0.726,0.726,0.704,0.0,0.621,0.604,0.47
6761,0.716,0.716,0.716,0.307,0.001,0.591,0.594,0.467
6762,0.726,0.726,0.726,0.0,0.037,0.575,0.603,0.489
6763,0.716,0.716,0.716,0.0,0.04,0.604,0.594,0.507
6764,0.736,0.736,0.736,0.0,0.244,0.584,0.568,0.505
6765,0.538,0.538,0.538,0.0,0.303,0.547,0.545,0.484
6766,0.264,0.264,0.264,0.0,0.506,0.496,0.501,0.454
6767,0.254,0.254,0.254,0.0,0.531,0.457,0.463,0.415
6768,0.246,0.246,0.246,0.0,0.875,0.429,0.434,0.38
6769,0.254,0.254,0.254,0.0,0.916,0.417,0.413,0.361
6770,0.254,0.254,0.254,0.0,0.893,0.409,0.4,0.345
6771,0.264,0.264,0.264,0.0,0.695,0.408,0.394,0.339
6772,0.264,0.264,0.264,0.0,0.604,0.41,0.403,0.346
6773,0.254,0.254,0.254,0.0,0.379,0.425,0.431,0.368
6774,0.264,0.264,0.264,0.0,0.406,0.462,0.471,0.397
6775,0.264,0.264,0.264,0.578,0.405,0.49,0.477,0.393
6776,0.264,0.264,0.264,0.792,0.254,0.523,0.487,0.413
6777,0.264,0.264,0.264,0.861,0.113,0.558,0.501,0.439
6778,0.378,0.378,0.378,0.857,0.051,0.583,0.529,0.467
6779,0.49,0.49,0.49,0.89,0.003,0.597,0.554,0.478
6780,0.482,0.482,0.482,0.868,0.024,0.604,0.571,0.489
6781,0.716,0.716,0.716,0.879,0.004,0.612,0.59,0.494
6782,0.716,0.716,0.716,0.883,0.011,0.61,0.592,0.501
6783,0.736,0.736,0.736,0.845,0.029,0.6,0.582,0.504
6784,0.716,0.716,0.716,0.724,0.044,0.586,0.562,0.493
6785,0.726,0.726,0.726,0.307,0.107,0.561,0.533,0.474
6786,0.726,0.726,0.726,0.0,0.032,0.559,0.532,0.483
6787,0.726,0.726,0.726,0.0,0.157,0.584,0.517,0.496
6788,0.538,0.538,0.538,0.0,0.283,0.566,0.493,0.487
6789,0.264,0.264,0.264,0.0,0.171,0.534,0.465,0.472
6790,0.254,0.254,0.254,0.0,0.084,0.496,0.431,0.435
6791,0.246,0.246,0.246,0.0,0.141,0.46,0.395,0.399
6792,0.254,0.254,0.254,0.0,0.31,0.437,0.368,0.363
6793,0.264,0.264,0.264,0.0,0.379,0.424,0.35,0.34
6794,0.254,0.254,0.254,0.0,0.366,0.415,0.337,0.315
6795,0.264,0.264,0.264,0.0,0.605,0.412,0.332,0.307
6796,0.264,0.264,0.264,0.0,0.606,0.411,0.328,0.302
6797,0.264,0.264,0.264,0.0,0.635,0.415,0.337,0.307
6798,0.254,0.254,0.254,0.0,0.589,0.425,0.34,0.31
6799,0.264,0.264,0.264,0.57,0.459,0.429,0.355,0.301
6800,0.264,0.264,0.264,0.746,0.295,0.455,0.382,0.332
6801,0.264,0.264,0.264,0.839,0.135,0.482,0.405,0.37
6802,0.264,0.264,0.264,0.826,0.202,0.503,0.434,0.394
6803,0.416,0.416,0.416,0.87,0.18,0.517,0.456,0.409
6804,0.51,0.51,0.51,0.87,0.105,0.52,0.478,0.419
6805,0.51,0.51,0.51,0.863,0.021,0.517,0.495,0.431
6806,0.518,0.518,0.518,0.854,0.005,0.514,0.509,0.441
6807,0.518,0.518,0.518,0.845,0.002,0.51,0.52,0.449
6808,0.518,0.518,0.518,0.682,0.011,0.505,0.52,0.455
6809,0.518,0.518,0.518,0.258,0.0,0.497,0.509,0.45
6810,0.528,0.528,0.528,0.0,0.0,0.514,0.508,0.471
6811,0.518,0.518,0.518,0.0,0.0,0.54,0.494,0.484
6812,0.518,0.518,0.518,0.0,0.0,0.53,0.468,0.473
6813,0.518,0.518,0.518,0.0,0.0,0.507,0.442,0.456
6814,0.518,0.518,0.518,0.0,0.0,0.478,0.409,0.429
6815,0.518,0.518,0.518,0.0,0.0,0.452,0.378,0.395
6816,0.358,0.358,0.358,0.0,0.0,0.431,0.356,0.36
6817,0.264,0.264,0.264,0.0,0.048,0.419,0.338,0.335
6818,0.264,0.264,0.264,0.0,0.086,0.41,0.327,0.314
6819,0.254,0.254,0.254,0.0,0.0,0.406,0.32,0.304
6820,0.264,0.264,0.264,0.0,0.0,0.405,0.318,0.3
6821,0.264,0.264,0.264,0.0,0.023,0.407,0.324,0.306
6822,0.264,0.264,0.264,0.0,0.061,0.412,0.325,0.299
6823,0.254,0.254,0.254,0.475,0.137,0.41,0.335,0.292
6824,0.264,0.264,0.264,0.706,0.199,0.422,0.36,0.334
6825,0.264,0.264,0.264,0.804,0.135,0.442,0.384,0.372
6826,0.518,0.518,0.518,0.812,0.082,0.461,0.41,0.405
6827,0.528,0.528,0.528,0.781,0.047,0.474,0.438,0.425
6828,0.66,0.66,0.66,0.764,0.003,0.484,0.463,0.44
6829,0.726,0.726,0.726,0.808,0.0,0.49,0.486,0.453
6830,0.726,0.726,0.726,0.812,0.0,0.495,0.505,0.469
6831,0.726,0.726,0.726,0.786,0.0,0.492,0.515,0.485
6832,0.726,0.726,0.726,0.656,0.0,0.491,0.519,0.49
6833,0.716,0.716,0.716,0.256,0.0,0.488,0.511,0.485
6834,0.736,0.736,0.736,0.0,0.016,0.515,0.522,0.499
6835,0.716,0.716,0.716,0.0,0.014,0.549,0.515,0.509
6836,0.538,0.538,0.538,0.0,0.022,0.54,0.487,0.501
6837,0.32,0.32,0.32,0.0,0.051,0.512,0.456,0.477
6838,0.264,0.264,0.264,0.0,0.056,0.477,0.42,0.44
6839,0.264,0.264,0.264,0.0,0.034,0.447,0.384,0.401
6840,0.264,0.264,0.264,0.0,0.024,0.425,0.36,0.358
6841,0.264,0.264,0.264,0.0,0.028,0.415,0.346,0.335
6842,0.264,0.264,0.264,0.0,0.037,0.41,0.334,0.32
6843,0.254,0.254,0.254,0.0,0.039,0.409,0.331,0.315
6844,0.264,0.264,0.264,0.0,0.024,0.414,0.337,0.323
6845,0.264,0.264,0.264,0.0,0.018,0.43,0.359,0.35
6846,0.264,0.264,0.264,0.0,0.044,0.466,0.385,0.392
6847,0.264,0.264,0.264,0.545,0.116,0.491,0.403,0.395
6848,0.264,0.264,0.264,0.742,0.106,0.524,0.423,0.415
6849,0.264,0.264,0.264,0.826,0.142,0.555,0.439,0.434
6850,0.264,0.264,0.264,0.854,0.144,0.581,0.463,0.462
6851,0.444,0.444,0.444,0.845,0.105,0.595,0.483,0.479
6852,0.754,0.754,0.754,0.852,0.126,0.602,0.495,0.491
6853,0.726,0.726,0.726,0.83,0.375,0.613,0.509,0.505
6854,0.82,0.82,0.82,0.841,0.517,0.619,0.515,0.51
6855,0.952,0.952,0.952,0.792,0.715,0.615,0.52,0.52
6856,0.962,0.962,0.962,0.673,0.786,0.604,0.52,0.524
6857,0.944,0.944,0.944,0.267,0.766,0.578,0.507,0.518
6858,0.736,0.736,0.736,0.0,0.266,0.581,0.517,0.528
6859,0.746,0.746,0.746,0.0,0.179,0.605,0.507,0.538
6860,0.698,0.698,0.698,0.0,0.473,0.583,0.483,0.53
6861,0.622,0.622,0.622,0.0,0.42,0.545,0.454,0.431
6862,0.51,0.51,0.51,0.0,0.245,0.496,0.407,0.469
6863,0.358,0.358,0.358,0.0,0.081,0.457,0.371,0.425
6864,0.264,0.264,0.264,0.0,0.013,0.433,0.348,0.391
6865,0.264,0.264,0.264,0.0,0.032,0.419,0.334,0.367
6866,0.264,0.264,0.264,0.0,0.084,0.413,0.327,0.352
6867,0.264,0.264,0.264,0.0,0.164,0.41,0.325,0.343
6868,0.264,0.264,0.264,0.0,0.172,0.414,0.334,0.344
6869,0.264,0.264,0.264,0.0,0.091,0.428,0.357,0.37
6870,0.264,0.264,0.264,0.0,0.093,0.469,0.387,0.406
6871,0.264,0.264,0.264,0.572,0.152,0.499,0.401,0.399
6872,0.302,0.302,0.302,0.79,0.142,0.529,0.414,0.412
6873,0.358,0.358,0.358,0.898,0.117,0.56,0.424,0.433
6874,0.32,0.32,0.32,0.905,0.011,0.587,0.44,0.456
6875,0.528,0.528,0.528,0.909,0.07,0.612,0.459,0.471
6876,0.716,0.716,0.716,0.89,0.042,0.624,0.478,0.486
6877,0.726,0.726,0.726,0.879,0.024,0.636,0.493,0.502
6878,0.726,0.726,0.726,0.863,0.007,0.634,0.508,0.516
6879,0.726,0.726,0.726,0.821,0.005,0.624,0.518,0.521
6880,0.726,0.726,0.726,0.675,0.0,0.602,0.521,0.52
6881,0.736,0.736,0.736,0.247,0.0,0.577,0.51,0.508
6882,0.726,0.726,0.726,0.0,0.0,0.577,0.519,0.524
6883,0.736,0.736,0.736,0.0,0.0,0.601,0.511,0.531
6884,0.726,0.726,0.726,0.0,0.003,0.581,0.487,0.521
6885,0.726,0.726,0.726,0.0,0.003,0.542,0.46,0.499
6886,0.698,0.698,0.698,0.0,0.001,0.494,0.417,0.457
6887,0.49,0.49,0.49,0.0,0.001,0.453,0.379,0.41
6888,0.254,0.254,0.254,0.0,0.001,0.429,0.356,0.372
6889,0.246,0.246,0.246,0.0,0.022,0.416,0.343,0.346
6890,0.254,0.254,0.254,0.0,0.009,0.408,0.334,0.33
6891,0.254,0.254,0.254,0.0,0.0,0.406,0.331,0.32
6892,0.254,0.254,0.254,0.0,0.0,0.41,0.34,0.33
6893,0.254,0.254,0.254,0.0,0.0,0.42,0.365,0.353
6894,0.254,0.254,0.254,0.0,0.0,0.461,0.391,0.385
6895,0.254,0.254,0.254,0.55,0.0,0.487,0.403,0.378
6896,0.264,0.264,0.264,0.779,0.001,0.519,0.413,0.401
6897,0.274,0.274,0.274,0.85,0.001,0.552,0.427,0.428
6898,0.548,0.548,0.548,0.872,0.002,0.58,0.443,0.45
6899,0.622,0.622,0.622,0.885,0.001,0.604,0.464,0.465
6900,0.726,0.726,0.726,0.81,0.002,0.618,0.492,0.477
6901,0.726,0.726,0.726,0.815,0.001,0.631,0.515,0.49
6902,0.716,0.716,0.716,0.784,0.0,0.635,0.534,0.507
6903,0.746,0.746,0.746,0.812,0.0,0.63,0.548,0.514
6904,0.726,0.726,0.726,0.653,0.0,0.613,0.548,0.517
6905,0.952,0.952,0.952,0.196,0.0,0.586,0.537,0.509
6906,0.934,0.934,0.934,0.0,0.0,0.584,0.538,0.515
6907,0.972,0.972,0.972,0.0,0.0,0.609,0.52,0.524
6908,0.944,0.944,0.944,0.0,0.0,0.586,0.494,0.512
6909,0.632,0.632,0.632,0.0,0.0,0.544,0.466,0.484
6910,0.358,0.358,0.358,0.0,0.0,0.495,0.419,0.443
6911,0.218,0.218,0.218,0.0,0.001,0.454,0.377,0.396
6912,0.33,0.33,0.33,0.0,0.0,0.429,0.354,0.361
6913,0.264,0.264,0.264,0.0,0.0,0.418,0.34,0.342
6914,0.264,0.264,0.264,0.0,0.0,0.411,0.331,0.326
6915,0.264,0.264,0.264,0.0,0.0,0.407,0.327,0.319
6916,0.264,0.264,0.264,0.0,0.0,0.409,0.337,0.327
6917,0.264,0.264,0.264,0.0,0.0,0.423,0.361,0.352
6918,0.264,0.264,0.264,0.0,0.0,0.464,0.391,0.378
6919,0.254,0.254,0.254,0.543,0.0,0.488,0.402,0.376
6920,0.264,0.264,0.264,0.762,0.001,0.521,0.414,0.399
6921,0.51,0.51,0.51,0.841,0.0,0.556,0.426,0.424
6922,0.764,0.764,0.764,0.894,0.0,0.586,0.449,0.448
6923,0.784,0.784,0.784,0.85,0.0,0.601,0.47,0.466
6924,0.754,0.754,0.754,0.819,0.0,0.613,0.495,0.475
6925,0.774,0.774,0.774,0.777,0.0,0.621,0.52,0.495
6926,0.754,0.754,0.754,0.795,0.0,0.624,0.544,0.513
6927,0.746,0.746,0.746,0.77,0.0,0.617,0.561,0.521
6928,0.716,0.716,0.716,0.638,0.0,0.599,0.563,0.524
6929,0.716,0.716,0.716,0.203,0.0,0.573,0.548,0.517
6930,0.716,0.716,0.716,0.0,0.0,0.582,0.546,0.53
6931,0.708,0.708,0.708,0.0,0.0,0.599,0.529,0.531
6932,0.482,0.482,0.482,0.0,0.001,0.577,0.501,0.519
6933,0.51,0.51,0.51,0.0,0.002,0.54,0.473,0.493
6934,0.292,0.292,0.292,0.0,0.001,0.495,0.428,0.452
6935,0.264,0.264,0.264,0.0,0.0,0.455,0.385,0.408
6936,0.264,0.264,0.264,0.0,0.0,0.431,0.362,0.37
6937,0.264,0.264,0.264,0.0,0.0,0.418,0.346,0.349
6938,0.264,0.264,0.264,0.0,0.0,0.413,0.334,0.331
6939,0.264,0.264,0.264,0.0,0.0,0.412,0.332,0.324
6940,0.264,0.264,0.264,0.0,0.0,0.41,0.339,0.333
6941,0.254,0.254,0.254,0.0,0.0,0.426,0.366,0.357
6942,0.264,0.264,0.264,0.0,0.0,0.465,0.396,0.382
6943,0.264,0.264,0.264,0.556,0.0,0.495,0.409,0.382
6944,0.264,0.264,0.264,0.784,0.0,0.524,0.42,0.398
6945,0.302,0.302,0.302,0.876,0.0,0.555,0.429,0.425
6946,0.67,0.67,0.67,0.896,0.0,0.583,0.447,0.445
6947,0.746,0.746,0.746,0.863,0.0,0.6,0.472,0.456
6948,0.726,0.726,0.726,0.556,0.001,0.602,0.497,0.466
6949,0.726,0.726,0.726,0.044,0.0,0.6,0.523,0.482
6950,0.736,0.736,0.736,0.338,0.0,0.597,0.535,0.483
6951,0.726,0.726,0.726,0.684,0.0,0.584,0.536,0.479
6952,0.716,0.716,0.716,0.102,0.0,0.57,0.528,0.476
6953,0.716,0.716,0.716,0.011,0.0,0.556,0.519,0.472
6954,0.708,0.708,0.708,0.0,0.0,0.568,0.53,0.496
6955,0.716,0.716,0.716,0.0,0.0,0.581,0.515,0.501
6956,0.698,0.698,0.698,0.0,0.0,0.555,0.497,0.487
6957,0.708,0.708,0.708,0.0,0.0,0.529,0.475,0.47
6958,0.518,0.518,0.518,0.0,0.0,0.486,0.439,0.446
6959,0.264,0.264,0.264,0.0,0.0,0.456,0.408,0.411
6960,0.274,0.274,0.274,0.0,0.0,0.433,0.382,0.379
6961,0.254,0.254,0.254,0.0,0.0,0.419,0.365,0.354
6962,0.264,0.264,0.264,0.0,0.0,0.41,0.355,0.337
6963,0.264,0.264,0.264,0.0,0.0,0.405,0.348,0.328
6964,0.274,0.274,0.274,0.0,0.0,0.406,0.348,0.326
6965,0.264,0.264,0.264,0.0,0.0,0.41,0.356,0.334
6966,0.264,0.264,0.264,0.0,0.0,0.423,0.368,0.344
6967,0.254,0.254,0.254,0.0,0.0,0.43,0.378,0.344
6968,0.264,0.264,0.264,0.002,0.0,0.454,0.394,0.385
6969,0.254,0.254,0.254,0.004,0.0,0.48,0.408,0.397
6970,0.264,0.264,0.264,0.168,0.0,0.494,0.418,0.4
6971,0.264,0.264,0.264,0.046,0.0,0.504,0.427,0.405
6972,0.264,0.264,0.264,0.223,0.0,0.505,0.432,0.402
6973,0.33,0.33,0.33,0.51,0.0,0.501,0.434,0.405
6974,0.51,0.51,0.51,0.605,0.0,0.495,0.432,0.407
6975,0.5,0.5,0.5,0.013,0.0,0.49,0.431,0.41
6976,0.5,0.5,0.5,0.0,0.0,0.484,0.427,0.402
6977,0.49,0.49,0.49,0.0,0.0,0.48,0.425,0.404
6978,0.274,0.274,0.274,0.0,0.0,0.509,0.441,0.448
6979,0.274,0.274,0.274,0.0,0.0,0.531,0.434,0.455
6980,0.254,0.254,0.254,0.0,0.205,0.517,0.42,0.448
6981,0.254,0.254,0.254,0.0,0.411,0.499,0.402,0.431
6982,0.274,0.274,0.274,0.0,0.515,0.471,0.377,0.407
6983,0.284,0.284,0.284,0.0,0.52,0.448,0.35,0.377
6984,0.274,0.274,0.274,0.0,0.649,0.427,0.333,0.351
6985,0.274,0.274,0.274,0.0,0.84,0.414,0.32,0.329
6986,0.274,0.274,0.274,0.0,0.966,0.407,0.311,0.313
6987,0.274,0.274,0.274,0.0,0.88,0.401,0.306,0.305
6988,0.274,0.274,0.274,0.0,0.822,0.401,0.305,0.304
6989,0.274,0.274,0.274,0.0,0.801,0.403,0.311,0.306
6990,0.274,0.274,0.274,0.0,0.754,0.407,0.317,0.307
6991,0.274,0.274,0.274,0.563,0.645,0.409,0.326,0.296
6992,0.264,0.264,0.264,0.779,0.764,0.422,0.345,0.325
6993,0.264,0.264,0.264,0.848,0.951,0.438,0.359,0.36
6994,0.264,0.264,0.264,0.865,0.912,0.454,0.372,0.386
6995,0.274,0.274,0.274,0.828,0.79,0.463,0.382,0.401
6996,0.358,0.358,0.358,0.841,0.827,0.467,0.392,0.408
6997,0.698,0.698,0.698,0.832,0.696,0.467,0.402,0.416
6998,0.736,0.736,0.736,0.834,0.779,0.467,0.407,0.424
6999,0.754,0.754,0.754,0.826,0.829,0.465,0.415,0.432
7000,0.708,0.708,0.708,0.647,0.796,0.467,0.422,0.433
7001,0.482,0.482,0.482,0.093,0.912,0.478,0.427,0.432
7002,0.386,0.386,0.386,0.0,0.847,0.513,0.454,0.468
7003,0.302,0.302,0.302,0.0,0.916,0.533,0.45,0.477
7004,0.264,0.264,0.264,0.0,0.7,0.521,0.434,0.468
7005,0.254,0.254,0.254,0.0,0.9,0.496,0.408,0.448
7006,0.264,0.264,0.264,0.0,0.99,0.466,0.374,0.42
7007,0.274,0.274,0.274,0.0,0.994,0.438,0.342,0.381
7008,0.274,0.274,0.274,0.0,0.942,0.421,0.324,0.349
7009,0.254,0.254,0.254,0.0,0.91,0.41,0.314,0.329
7010,0.264,0.264,0.264,0.0,0.953,0.404,0.308,0.313
7011,0.264,0.264,0.264,0.0,0.954,0.403,0.309,0.311
7012,0.264,0.264,0.264,0.0,0.917,0.405,0.318,0.321
7013,0.284,0.284,0.284,0.0,0.79,0.421,0.345,0.347
7014,0.274,0.274,0.274,0.0,0.898,0.46,0.379,0.378
7015,0.264,0.264,0.264,0.57,0.941,0.49,0.39,0.377
7016,0.274,0.274,0.274,0.832,0.937,0.517,0.397,0.396
7017,0.51,0.51,0.51,0.909,0.971,0.546,0.405,0.421
7018,0.528,0.528,0.528,0.929,0.805,0.571,0.414,0.442
7019,0.716,0.716,0.716,0.929,0.522,0.585,0.427,0.457
7020,0.736,0.736,0.736,0.912,0.098,0.588,0.437,0.462
7021,0.716,0.716,0.716,0.89,0.146,0.59,0.449,0.473
7022,0.726,0.726,0.726,0.868,0.066,0.587,0.457,0.48
7023,0.726,0.726,0.726,0.784,0.001,0.581,0.465,0.485
7024,0.726,0.726,0.726,0.651,0.061,0.569,0.467,0.484
7025,0.716,0.716,0.716,0.046,0.072,0.563,0.466,0.477
7026,0.736,0.736,0.736,0.0,0.002,0.588,0.486,0.504
7027,0.716,0.716,0.716,0.0,0.0,0.6,0.48,0.509
7028,0.68,0.68,0.68,0.0,0.0,0.579,0.46,0.496
7029,0.528,0.528,0.528,0.0,0.04,0.542,0.44,0.472
7030,0.51,0.51,0.51,0.0,0.078,0.495,0.4,0.431
7031,0.264,0.264,0.264,0.0,0.121,0.454,0.366,0.389
7032,0.274,0.274,0.274,0.0,0.078,0.429,0.344,0.351
7033,0.264,0.264,0.264,0.0,0.1,0.416,0.334,0.332
7034,0.274,0.274,0.274,0.0,0.052,0.41,0.325,0.319
7035,0.264,0.264,0.264,0.0,0.082,0.407,0.323,0.315
7036,0.274,0.274,0.274,0.0,0.208,0.41,0.331,0.321
7037,0.274,0.274,0.274,0.0,0.189,0.425,0.357,0.349
7038,0.264,0.264,0.264,0.0,0.271,0.465,0.394,0.382
7039,0.274,0.274,0.274,0.428,0.452,0.493,0.405,0.377
7040,0.254,0.254,0.254,0.799,0.38,0.523,0.412,0.393
7041,0.264,0.264,0.264,0.879,0.271,0.559,0.419,0.414
7042,0.51,0.51,0.51,0.87,0.123,0.585,0.427,0.429
7043,0.528,0.528,0.528,0.859,0.082,0.603,0.432,0.439
7044,0.51,0.51,0.51,0.861,0.067,0.612,0.437,0.44
7045,0.518,0.518,0.518,0.887,0.087,0.618,0.444,0.446
7046,0.538,0.538,0.538,0.865,0.051,0.616,0.449,0.448
7047,0.716,0.716,0.716,0.817,0.054,0.609,0.45,0.446
7048,0.716,0.716,0.716,0.649,0.007,0.593,0.449,0.442
7049,0.726,0.726,0.726,0.009,0.0,0.568,0.444,0.44
7050,0.726,0.726,0.726,0.0,0.0,0.585,0.472,0.478
7051,0.708,0.708,0.708,0.0,0.0,0.601,0.466,0.483
7052,0.518,0.518,0.518,0.0,0.022,0.581,0.449,0.467
7053,0.34,0.34,0.34,0.0,0.016,0.541,0.428,0.445
7054,0.274,0.274,0.274,0.0,0.0,0.489,0.39,0.411
7055,0.254,0.254,0.254,0.0,0.016,0.453,0.355,0.372
7056,0.274,0.274,0.274,0.0,0.044,0.427,0.335,0.341
7057,0.264,0.264,0.264,0.0,0.072,0.414,0.323,0.32
7058,0.264,0.264,0.264,0.0,0.086,0.409,0.317,0.309
7059,0.264,0.264,0.264,0.0,0.017,0.407,0.317,0.303
7060,0.264,0.264,0.264,0.0,0.057,0.409,0.327,0.313
7061,0.274,0.274,0.274,0.0,0.098,0.422,0.355,0.342
7062,0.274,0.274,0.274,0.0,0.519,0.462,0.387,0.374
7063,0.264,0.264,0.264,0.558,0.716,0.492,0.396,0.367
7064,0.264,0.264,0.264,0.817,0.757,0.524,0.399,0.381
7065,0.264,0.264,0.264,0.912,0.902,0.56,0.403,0.403
7066,0.264,0.264,0.264,0.945,0.913,0.588,0.411,0.412
7067,0.264,0.264,0.264,0.929,0.768,0.61,0.417,0.424
7068,0.264,0.264,0.264,0.918,0.68,0.624,0.424,0.426
7069,0.264,0.264,0.264,0.903,0.792,0.636,0.432,0.43
7070,0.264,0.264,0.264,0.879,0.729,0.645,0.437,0.432
7071,0.264,0.264,0.264,0.845,0.585,0.641,0.44,0.43
7072,0.264,0.264,0.264,0.647,0.564,0.626,0.443,0.427
7073,0.122,0.122,0.122,0.0,0.538,0.604,0.442,0.43
7074,0.084,0.084,0.084,0.0,0.288,0.608,0.467,0.474
7075,0.084,0.084,0.084,0.0,0.242,0.621,0.461,0.483
7076,0.084,0.084,0.084,0.0,0.61,0.595,0.446,0.471
7077,0.084,0.084,0.084,0.0,1.0,0.551,0.425,0.447
7078,0.104,0.104,0.104,0.0,0.96,0.5,0.386,0.409
7079,0.084,0.084,0.084,0.0,0.962,0.458,0.353,0.367
7080,0.094,0.094,0.094,0.0,0.969,0.431,0.336,0.335
7081,0.094,0.094,0.094,0.0,0.927,0.416,0.323,0.315
7082,0.094,0.094,0.094,0.0,0.916,0.41,0.319,0.303
7083,0.084,0.084,0.084,0.0,0.989,0.408,0.318,0.301
7084,0.094,0.094,0.094,0.0,0.997,0.409,0.327,0.31
7085,0.094,0.094,0.094,0.0,0.995,0.423,0.353,0.34
7086,0.094,0.094,0.094,0.0,0.995,0.466,0.387,0.373
7087,0.094,0.094,0.094,0.539,0.995,0.492,0.397,0.366
7088,0.094,0.094,0.094,0.764,0.997,0.525,0.398,0.379
7089,0.094,0.094,0.094,0.852,0.995,0.566,0.401,0.4
7090,0.094,0.094,0.094,0.885,0.992,0.601,0.407,0.412
7091,0.094,0.094,0.094,0.896,0.989,0.631,0.413,0.419
7092,0.094,0.094,0.094,0.879,0.988,0.648,0.42,0.428
7093,0.084,0.084,0.084,0.872,0.972,0.666,0.431,0.432
7094,0.094,0.094,0.094,0.848,0.964,0.678,0.438,0.436
7095,0.094,0.094,0.094,0.775,0.987,0.67,0.441,0.437
7096,0.084,0.084,0.084,0.592,0.993,0.652,0.446,0.436
7097,0.094,0.094,0.094,0.0,0.942,0.621,0.444,0.437
7098,0.264,0.264,0.264,0.0,0.605,0.619,0.467,0.477
7099,0.264,0.264,0.264,0.0,0.798,0.628,0.459,0.493
7100,0.284,0.284,0.284,0.0,0.973,0.599,0.441,0.477
7101,0.274,0.274,0.274,0.0,0.951,0.556,0.424,0.455
7102,0.284,0.284,0.284,0.0,0.922,0.502,0.386,0.418
7103,0.274,0.274,0.274,0.0,0.917,0.46,0.352,0.377
7104,0.274,0.274,0.274,0.0,0.861,0.432,0.332,0.344
7105,0.104,0.104,0.104,0.0,0.583,0.418,0.324,0.323
7106,0.094,0.094,0.094,0.0,0.25,0.411,0.32,0.308
7107,0.094,0.094,0.094,0.0,0.179,0.408,0.317,0.309
7108,0.094,0.094,0.094,0.0,0.431,0.411,0.329,0.315
7109,0.094,0.094,0.094,0.0,0.275,0.426,0.355,0.345
7110,0.094,0.094,0.094,0.0,0.538,0.466,0.388,0.379
7111,0.094,0.094,0.094,0.541,0.253,0.495,0.398,0.373
7112,0.104,0.104,0.104,0.735,0.167,0.527,0.398,0.389
7113,0.094,0.094,0.094,0.79,0.028,0.571,0.403,0.413
7114,0.094,0.094,0.094,0.845,0.073,0.61,0.41,0.427
7115,0.094,0.094,0.094,0.852,0.055,0.644,0.415,0.438
7116,0.15,0.15,0.15,0.861,0.051,0.665,0.426,0.446
7117,0.264,0.264,0.264,0.857,0.263,0.684,0.438,0.454
7118,0.462,0.462,0.462,0.812,0.254,0.697,0.446,0.462
7119,0.264,0.264,0.264,0.755,0.124,0.689,0.455,0.469
7120,0.264,0.264,0.264,0.581,0.087,0.666,0.455,0.469
7121,0.274,0.274,0.274,0.0,0.058,0.628,0.45,0.465
7122,0.33,0.33,0.33,0.0,0.047,0.622,0.468,0.491
7123,0.34,0.34,0.34,0.0,0.009,0.622,0.453,0.493
7124,0.33,0.33,0.33,0.0,0.001,0.591,0.434,0.478
7125,0.34,0.34,0.34,0.0,0.001,0.553,0.419,0.46
7126,0.264,0.264,0.264,0.0,0.0,0.508,0.39,0.431
7127,0.254,0.254,0.254,0.0,0.0,0.468,0.358,0.392
7128,0.264,0.264,0.264,0.0,0.006,0.439,0.34,0.362
7129,0.104,0.104,0.104,0.0,0.036,0.423,0.327,0.337
7130,0.076,0.076,0.076,0.0,0.083,0.413,0.32,0.321
7131,0.076,0.076,0.076,0.0,0.119,0.408,0.315,0.31
7132,0.084,0.084,0.084,0.0,0.093,0.407,0.321,0.309
7133,0.076,0.076,0.076,0.0,0.082,0.41,0.33,0.318
7134,0.084,0.084,0.084,0.0,0.113,0.422,0.34,0.322
7135,0.076,0.076,0.076,0.497,0.173,0.43,0.351,0.307
7136,0.076,0.076,0.076,0.702,0.231,0.454,0.37,0.339
7137,0.084,0.084,0.084,0.786,0.215,0.487,0.385,0.372
7138,0.076,0.076,0.076,0.872,0.149,0.512,0.398,0.393
7139,0.084,0.084,0.084,0.885,0.045,0.536,0.409,0.398
7140,0.076,0.076,0.076,0.87,0.049,0.55,0.417,0.4
7141,0.076,0.076,0.076,0.854,0.029,0.557,0.428,0.406
7142,0.084,0.084,0.084,0.83,0.019,0.56,0.441,0.411
7143,0.264,0.264,0.264,0.735,0.02,0.556,0.45,0.415
7144,0.284,0.284,0.284,0.605,0.021,0.546,0.455,0.416
7145,0.51,0.51,0.51,0.0,0.021,0.54,0.453,0.418
7146,0.518,0.518,0.518,0.0,0.016,0.564,0.466,0.456
7147,0.518,0.518,0.518,0.0,0.008,0.572,0.454,0.461
7148,0.264,0.264,0.264,0.0,0.007,0.548,0.435,0.448
7149,0.264,0.264,0.264,0.0,0.007,0.52,0.412,0.43
7150,0.264,0.264,0.264,0.0,0.007,0.488,0.388,0.407
7151,0.264,0.264,0.264,0.0,0.014,0.456,0.36,0.377
7152,0.264,0.264,0.264,0.0,0.034,0.432,0.342,0.345
7153,0.084,0.084,0.084,0.0,0.037,0.42,0.328,0.322
7154,0.076,0.076,0.076,0.0,0.056,0.411,0.321,0.305
7155,0.084,0.084,0.084,0.0,0.078,0.406,0.315,0.298
7156,0.094,0.094,0.094,0.0,0.109,0.405,0.316,0.297
7157,0.084,0.084,0.084,0.0,0.184,0.406,0.322,0.304
7158,0.084,0.084,0.084,0.0,0.271,0.411,0.327,0.302
7159,0.094,0.094,0.094,0.506,0.287,0.412,0.335,0.283
7160,0.084,0.084,0.084,0.715,0.254,0.424,0.356,0.315
7161,0.094,0.094,0.094,0.812,0.226,0.444,0.372,0.347
7162,0.084,0.084,0.084,0.839,0.189,0.465,0.391,0.374
7163,0.094,0.094,0.094,0.857,0.088,0.486,0.403,0.385
7164,0.094,0.094,0.094,0.843,0.067,0.5,0.421,0.389
7165,0.104,0.104,0.104,0.828,0.109,0.518,0.436,0.394
7166,0.104,0.104,0.104,0.81,0.042,0.531,0.452,0.403
7167,0.122,0.122,0.122,0.77,0.008,0.537,0.465,0.409
7168,0.264,0.264,0.264,0.583,0.023,0.537,0.473,0.413
7169,0.472,0.472,0.472,0.0,0.071,0.53,0.473,0.42
7170,0.33,0.33,0.33,0.0,0.051,0.557,0.491,0.462
7171,0.264,0.264,0.264,0.0,0.034,0.573,0.477,0.469
7172,0.264,0.264,0.264,0.0,0.014,0.552,0.454,0.459
7173,0.264,0.264,0.264,0.0,0.011,0.525,0.426,0.433
7174,0.254,0.254,0.254,0.0,0.008,0.481,0.391,0.4
7175,0.264,0.264,0.264,0.0,0.011,0.449,0.353,0.363
7176,0.274,0.274,0.274,0.0,0.031,0.425,0.335,0.333
7177,0.274,0.274,0.274,0.0,0.059,0.414,0.325,0.313
7178,0.274,0.274,0.274,0.0,0.056,0.409,0.319,0.302
7179,0.264,0.264,0.264,0.0,0.078,0.406,0.318,0.299
7180,0.264,0.264,0.264,0.0,0.1,0.41,0.329,0.308
7181,0.264,0.264,0.264,0.0,0.055,0.429,0.357,0.343
7182,0.254,0.254,0.254,0.0,0.032,0.469,0.395,0.374
7183,0.264,0.264,0.264,0.494,0.035,0.496,0.406,0.367
7184,0.254,0.254,0.254,0.702,0.045,0.535,0.416,0.386
7185,0.264,0.264,0.264,0.759,0.016,0.586,0.424,0.407
7186,0.264,0.264,0.264,0.775,0.031,0.629,0.44,0.425
7187,0.51,0.51,0.51,0.81,0.115,0.67,0.457,0.437
7188,0.528,0.528,0.528,0.81,0.008,0.686,0.471,0.444
7189,0.51,0.51,0.51,0.781,0.0,0.726,0.484,0.451
7190,0.528,0.528,0.528,0.799,0.0,0.756,0.489,0.459
7191,0.51,0.51,0.51,0.757,0.0,0.758,0.49,0.461
7192,0.528,0.528,0.528,0.578,0.0,0.736,0.487,0.46
7193,0.518,0.518,0.518,0.0,0.0,0.692,0.494,0.461
7194,0.518,0.518,0.518,0.0,0.0,0.685,0.513,0.496
7195,0.51,0.51,0.51,0.0,0.0,0.671,0.501,0.501
7196,0.528,0.528,0.528,0.0,0.0,0.641,0.485,0.487
7197,0.518,0.518,0.518,0.0,0.0,0.58,0.46,0.459
7198,0.518,0.518,0.518,0.0,0.0,0.52,0.424,0.421
7199,0.51,0.51,0.51,0.0,0.0,0.47,0.383,0.381
7200,0.284,0.284,0.284,0.0,0.003,0.441,0.363,0.348
7201,0.264,0.264,0.264,0.0,0.027,0.425,0.349,0.329
7202,0.264,0.264,0.264,0.0,0.107,0.416,0.344,0.318
7203,0.264,0.264,0.264,0.0,0.248,0.412,0.339,0.313
7204,0.254,0.254,0.254,0.0,0.331,0.414,0.349,0.321
7205,0.264,0.264,0.264,0.0,0.59,0.431,0.377,0.353
7206,0.264,0.264,0.264,0.0,0.678,0.477,0.419,0.391
7207,0.264,0.264,0.264,0.492,0.744,0.507,0.433,0.395
7208,0.254,0.254,0.254,0.746,0.869,0.537,0.434,0.401
7209,0.264,0.264,0.264,0.812,0.564,0.575,0.443,0.421
7210,0.274,0.274,0.274,0.804,0.386,0.611,0.457,0.432
7211,0.528,0.528,0.528,0.812,0.382,0.64,0.471,0.438
7212,0.51,0.51,0.51,0.751,0.708,0.656,0.474,0.436
7213,0.518,0.518,0.518,0.755,0.78,0.67,0.473,0.439
7214,0.518,0.518,0.518,0.795,0.635,0.682,0.482,0.434
7215,0.518,0.518,0.518,0.735,0.862,0.674,0.487,0.431
7216,0.518,0.518,0.518,0.587,0.69,0.65,0.49,0.428
7217,0.518,0.518,0.518,0.0,0.856,0.617,0.489,0.435
7218,0.528,0.528,0.528,0.0,0.67,0.629,0.512,0.481
7219,0.518,0.518,0.518,0.0,0.224,0.628,0.504,0.487
7220,0.518,0.518,0.518,0.0,0.456,0.598,0.487,0.476
7221,0.538,0.538,0.538,0.0,0.22,0.555,0.462,0.448
7222,0.51,0.51,0.51,0.0,0.347,0.502,0.419,0.412
7223,0.518,0.518,0.518,0.0,0.681,0.462,0.382,0.373
7224,0.284,0.284,0.284,0.0,0.536,0.436,0.358,0.343
7225,0.264,0.264,0.264,0.0,0.591,0.423,0.347,0.327
7226,0.254,0.254,0.254,0.0,0.567,0.416,0.338,0.315
7227,0.264,0.264,0.264,0.0,0.591,0.412,0.335,0.311
7228,0.264,0.264,0.264,0.0,0.521,0.418,0.342,0.319
7229,0.264,0.264,0.264,0.0,0.475,0.434,0.369,0.353
7230,0.254,0.254,0.254,0.0,0.374,0.474,0.407,0.384
7231,0.264,0.264,0.264,0.499,0.376,0.507,0.418,0.378
7232,0.264,0.264,0.264,0.773,0.31,0.532,0.428,0.386
7233,0.264,0.264,0.264,0.863,0.249,0.566,0.436,0.411
7234,0.264,0.264,0.264,0.896,0.251,0.603,0.449,0.424
7235,0.434,0.434,0.434,0.898,0.172,0.633,0.461,0.433
7236,0.538,0.538,0.538,0.874,0.152,0.652,0.477,0.427
7237,0.528,0.528,0.528,0.868,0.088,0.66,0.487,0.428
7238,0.538,0.538,0.538,0.83,0.095,0.659,0.493,0.429
7239,0.518,0.518,0.518,0.77,0.106,0.641,0.496,0.427
7240,0.34,0.34,0.34,0.594,0.202,0.619,0.498,0.423
7241,0.274,0.274,0.274,0.0,0.196,0.6,0.493,0.426
7242,0.284,0.284,0.284,0.0,0.214,0.618,0.514,0.472
7243,0.264,0.264,0.264,0.0,0.344,0.617,0.504,0.477
7244,0.264,0.264,0.264,0.0,0.444,0.593,0.485,0.469
7245,0.264,0.264,0.264,0.0,0.432,0.552,0.46,0.447
7246,0.264,0.264,0.264,0.0,0.483,0.503,0.418,0.412
7247,0.264,0.264,0.264,0.0,0.541,0.464,0.377,0.373
7248,0.264,0.264,0.264,0.0,0.405,0.435,0.352,0.34
7249,0.084,0.084,0.084,0.0,0.239,0.424,0.339,0.322
7250,0.094,0.094,0.094,0.0,0.624,0.418,0.33,0.311
7251,0.084,0.084,0.084,0.0,0.558,0.413,0.327,0.309
7252,0.094,0.094,0.094,0.0,0.1,0.417,0.335,0.318
7253,0.094,0.094,0.094,0.0,0.197,0.432,0.362,0.351
7254,0.084,0.084,0.084,0.0,0.325,0.475,0.399,0.382
7255,0.104,0.104,0.104,0.499,0.507,0.502,0.407,0.377
7256,0.254,0.254,0.254,0.731,0.948,0.531,0.404,0.39
7257,0.274,0.274,0.274,0.854,0.963,0.565,0.405,0.405
7258,0.264,0.264,0.264,0.894,0.965,0.597,0.408,0.413
7259,0.264,0.264,0.264,0.863,0.5,0.624,0.411,0.419
7260,0.528,0.528,0.528,0.857,0.192,0.645,0.415,0.433
7261,0.528,0.528,0.528,0.843,0.301,0.662,0.42,0.411
7262,0.528,0.528,0.528,0.828,0.334,0.662,0.421,0.412
7263,0.51,0.51,0.51,0.779,0.249,0.66,0.428,0.409
7264,0.518,0.518,0.518,0.589,0.266,0.643,0.43,0.405
7265,0.378,0.378,0.378,0.0,0.372,0.612,0.434,0.414
7266,0.292,0.292,0.292,0.0,0.253,0.628,0.464,0.459
7267,0.264,0.264,0.264,0.0,0.629,0.624,0.458,0.466
7268,0.264,0.264,0.264,0.0,0.919,0.599,0.443,0.458
7269,0.254,0.254,0.254,0.0,0.772,0.556,0.424,0.436
7270,0.274,0.274,0.274,0.0,0.548,0.505,0.389,0.406
7271,0.274,0.274,0.274,0.0,0.454,0.463,0.356,0.368
7272,0.264,0.264,0.264,0.0,0.443,0.437,0.337,0.342
7273,0.17,0.17,0.17,0.0,0.498,0.421,0.328,0.323
7274,0.076,0.076,0.076,0.0,0.548,0.413,0.324,0.313
7275,0.076,0.076,0.076,0.0,0.591,0.41,0.322,0.309
7276,0.218,0.218,0.218,0.0,0.728,0.412,0.332,0.318
7277,0.254,0.254,0.254,0.0,0.531,0.426,0.36,0.342
7278,0.264,0.264,0.264,0.0,0.352,0.463,0.396,0.36
7279,0.254,0.254,0.254,0.448,0.326,0.496,0.402,0.348
7280,0.264,0.264,0.264,0.709,0.288,0.521,0.402,0.37
7281,0.254,0.254,0.254,0.779,0.299,0.56,0.406,0.392
7282,0.264,0.264,0.264,0.848,0.358,0.591,0.409,0.407
7283,0.254,0.254,0.254,0.868,0.241,0.629,0.413,0.41
7284,0.264,0.264,0.264,0.85,0.189,0.645,0.419,0.408
7285,0.254,0.254,0.254,0.85,0.259,0.665,0.425,0.409
7286,0.264,0.264,0.264,0.823,0.205,0.674,0.432,0.412
7287,0.254,0.254,0.254,0.766,0.148,0.672,0.439,0.413
7288,0.274,0.274,0.274,0.585,0.105,0.646,0.44,0.412
7289,0.518,0.518,0.518,0.0,0.084,0.621,0.44,0.42
7290,0.518,0.518,0.518,0.0,0.14,0.629,0.459,0.461
7291,0.528,0.528,0.528,0.0,0.24,0.618,0.446,0.464
7292,0.35,0.35,0.35,0.0,0.22,0.587,0.43,0.454
7293,0.34,0.34,0.34,0.0,0.17,0.544,0.414,0.438
7294,0.33,0.33,0.33,0.0,0.042,0.502,0.385,0.411
7295,0.34,0.34,0.34,0.0,0.013,0.461,0.355,0.375
7296,0.132,0.132,0.132,0.0,0.003,0.439,0.335,0.346
7297,0.094,0.094,0.094,0.0,0.0,0.422,0.325,0.311
7298,0.094,0.094,0.094,0.0,0.0,0.415,0.319,0.332
7299,0.094,0.094,0.094,0.0,0.0,0.411,0.316,0.307
7300,0.084,0.084,0.084,0.0,0.0,0.409,0.32,0.309
7301,0.094,0.094,0.094,0.0,0.002,0.412,0.33,0.321
7302,0.094,0.094,0.094,0.0,0.02,0.42,0.343,0.327
7303,0.048,0.048,0.048,0.448,0.096,0.43,0.354,0.32
7304,0.038,0.038,0.038,0.746,0.144,0.449,0.371,0.341
7305,0.048,0.048,0.048,0.777,0.109,0.482,0.387,0.367
7306,0.038,0.038,0.038,0.784,0.134,0.508,0.399,0.38
7307,0.066,0.066,0.066,0.781,0.119,0.528,0.407,0.387
7308,0.076,0.076,0.076,0.819,0.146,0.541,0.414,0.389
7309,0.066,0.066,0.066,0.806,0.042,0.544,0.425,0.389
7310,0.104,0.104,0.104,0.792,0.012,0.546,0.438,0.391
7311,0.264,0.264,0.264,0.755,0.064,0.544,0.448,0.392
7312,0.254,0.254,0.254,0.565,0.097,0.538,0.452,0.393
7313,0.5,0.5,0.5,0.0,0.166,0.527,0.456,0.409
7314,0.528,0.528,0.528,0.0,0.286,0.557,0.468,0.452
7315,0.518,0.518,0.518,0.0,0.295,0.554,0.449,0.455
7316,0.51,0.51,0.51,0.0,0.262,0.538,0.428,0.446
7317,0.5,0.5,0.5,0.0,0.372,0.51,0.407,0.431
7318,0.254,0.254,0.254,0.0,0.165,0.473,0.381,0.405
7319,0.264,0.264,0.264,0.0,0.069,0.448,0.354,0.374
7320,0.264,0.264,0.264,0.0,0.036,0.428,0.336,0.344
7321,0.264,0.264,0.264,0.0,0.063,0.391,0.33,0.361
7322,0.264,0.264,0.264,0.0,0.233,0.364,0.327,0.351
7323,0.254,0.254,0.254,0.0,0.244,0.336,0.325,0.341
7324,0.264,0.264,0.264,0.0,0.14,0.329,0.325,0.337
7325,0.264,0.264,0.264,0.0,0.322,0.335,0.328,0.335
7326,0.264,0.264,0.264,0.0,0.465,0.346,0.333,0.331
7327,0.264,0.264,0.264,0.428,0.709,0.344,0.337,0.337
7328,0.264,0.264,0.264,0.695,0.496,0.364,0.348,0.329
7329,0.274,0.274,0.274,0.815,0.84,0.403,0.357,0.342
7330,0.274,0.274,0.274,0.834,0.983,0.44,0.366,0.361
7331,0.274,0.274,0.274,0.83,0.999,0.463,0.372,0.377
7332,0.264,0.264,0.264,0.823,0.999,0.476,0.375,0.386
7333,0.274,0.274,0.274,0.819,0.992,0.489,0.38,0.39
7334,0.274,0.274,0.274,0.792,0.981,0.492,0.387,0.391
7335,0.274,0.274,0.274,0.722,0.935,0.496,0.392,0.394
7336,0.452,0.452,0.452,0.561,0.769,0.494,0.399,0.396
7337,0.622,0.622,0.622,0.0,0.873,0.499,0.414,0.397
7338,0.774,0.774,0.774,0.0,0.861,0.553,0.452,0.407
7339,0.754,0.754,0.754,0.0,0.432,0.567,0.445,0.452
7340,0.764,0.764,0.764,0.0,0.858,0.554,0.422,0.451
7341,0.736,0.736,0.736,0.0,0.77,0.538,0.395,0.445
7342,0.49,0.49,0.49,0.0,0.467,0.503,0.365,0.434
7343,0.32,0.32,0.32,0.0,0.494,0.46,0.341,0.416
7344,0.264,0.264,0.264,0.0,0.499,0.419,0.33,0.384
7345,0.246,0.246,0.246,0.0,0.583,0.388,0.327,0.352
7346,0.264,0.264,0.264,0.0,0.573,0.381,0.325,0.343
7347,0.254,0.254,0.254,0.0,0.386,0.374,0.324,0.338
7348,0.264,0.264,0.264,0.0,0.216,0.374,0.329,0.338
7349,0.264,0.264,0.264,0.0,0.171,0.388,0.347,0.345
7350,0.254,0.254,0.254,0.0,0.243,0.413,0.382,0.367
7351,0.264,0.264,0.264,0.419,0.264,0.468,0.392,0.37
7352,0.264,0.264,0.264,0.715,0.21,0.52,0.39,0.383
7353,0.254,0.254,0.254,0.784,0.142,0.554,0.391,0.399
7354,0.302,0.302,0.302,0.812,0.141,0.576,0.399,0.414
7355,0.518,0.518,0.518,0.808,0.246,0.592,0.407,0.421
7356,0.518,0.518,0.518,0.786,0.072,0.604,0.415,0.428
7357,0.518,0.518,0.518,0.781,0.014,0.608,0.424,0.431
7358,0.538,0.538,0.538,0.773,0.016,0.61,0.432,0.435
7359,0.518,0.518,0.518,0.737,0.019,0.612,0.438,0.436
7360,0.528,0.528,0.528,0.541,0.021,0.602,0.441,0.432
7361,0.528,0.528,0.528,0.0,0.039,0.599,0.45,0.44
7362,0.518,0.518,0.518,0.0,0.026,0.624,0.485,0.479
7363,0.518,0.518,0.518,0.0,0.025,0.62,0.471,0.476
7364,0.528,0.528,0.528,0.0,0.042,0.604,0.444,0.471
7365,0.51,0.51,0.51,0.0,0.026,0.582,0.417,0.459
7366,0.528,0.528,0.528,0.0,0.005,0.551,0.377,0.434
7367,0.518,0.518,0.518,0.0,0.0,0.495,0.348,0.405
7368,0.518,0.518,0.518,0.0,0.0,0.443,0.337,0.381
7369,0.274,0.274,0.274,0.0,0.0,0.405,0.332,0.363
7370,0.264,0.264,0.264,0.0,0.0,0.392,0.329,0.353
7371,0.264,0.264,0.264,0.0,0.0,0.381,0.328,0.348
7372,0.264,0.264,0.264,0.0,0.0,0.373,0.334,0.348
7373,0.264,0.264,0.264,0.0,0.001,0.381,0.354,0.355
7374,0.264,0.264,0.264,0.0,0.0,0.407,0.389,0.376
7375,0.264,0.264,0.264,0.442,0.002,0.473,0.398,0.376
7376,0.254,0.254,0.254,0.711,0.001,0.515,0.395,0.388
7377,0.264,0.264,0.264,0.786,0.009,0.555,0.394,0.402
7378,0.51,0.51,0.51,0.826,0.024,0.58,0.401,0.413
7379,0.518,0.518,0.518,0.837,0.008,0.595,0.404,0.422
7380,0.528,0.528,0.528,0.817,0.015,0.599,0.415,0.427
7381,0.51,0.51,0.51,0.788,0.028,0.601,0.422,0.429
7382,0.528,0.528,0.528,0.799,0.04,0.602,0.428,0.434
7383,0.518,0.518,0.518,0.742,0.049,0.599,0.437,0.433
7384,0.528,0.528,0.528,0.406,0.069,0.594,0.438,0.43
7385,0.518,0.518,0.518,0.0,0.081,0.584,0.443,0.44
7386,0.518,0.518,0.518,0.0,0.027,0.611,0.452,0.475
7387,0.528,0.528,0.528,0.0,0.033,0.597,0.43,0.462
7388,0.518,0.518,0.518,0.0,0.069,0.577,0.417,0.457
7389,0.518,0.518,0.518,0.0,0.028,0.56,0.406,0.448
7390,0.518,0.518,0.518,0.0,0.005,0.531,0.372,0.43
7391,0.518,0.518,0.518,0.0,0.02,0.482,0.346,0.402
7392,0.518,0.518,0.518,0.0,0.018,0.439,0.335,0.379
7393,0.274,0.274,0.274,0.0,0.035,0.408,0.33,0.36
7394,0.254,0.254,0.254,0.0,0.053,0.391,0.329,0.352
7395,0.246,0.246,0.246,0.0,0.09,0.382,0.327,0.347
7396,0.254,0.254,0.254,0.0,0.146,0.379,0.333,0.348
7397,0.254,0.254,0.254,0.0,0.237,0.394,0.353,0.356
7398,0.254,0.254,0.254,0.0,0.251,0.413,0.387,0.373
7399,0.254,0.254,0.254,0.437,0.237,0.466,0.398,0.376
7400,0.472,0.472,0.472,0.717,0.268,0.51,0.392,0.388
7401,0.51,0.51,0.51,0.751,0.301,0.552,0.39,0.397
7402,0.518,0.518,0.518,0.751,0.301,0.578,0.395,0.41
7403,0.528,0.528,0.528,0.748,0.183,0.594,0.401,0.414
7404,0.528,0.528,0.528,0.773,0.177,0.601,0.408,0.421
7405,0.528,0.528,0.528,0.742,0.142,0.608,0.416,0.422
7406,0.538,0.538,0.538,0.757,0.122,0.605,0.418,0.422
7407,0.528,0.528,0.528,0.751,0.09,0.609,0.423,0.42
7408,0.538,0.538,0.538,0.492,0.051,0.602,0.424,0.415
7409,0.528,0.528,0.528,0.0,0.03,0.598,0.439,0.432
7410,0.528,0.528,0.528,0.0,0.111,0.627,0.474,0.473
7411,0.538,0.538,0.538,0.0,0.158,0.622,0.459,0.475
7412,0.518,0.518,0.518,0.0,0.17,0.606,0.438,0.47
7413,0.33,0.33,0.33,0.0,0.121,0.587,0.413,0.457
7414,0.254,0.254,0.254,0.0,0.076,0.552,0.373,0.434
7415,0.274,0.274,0.274,0.0,0.072,0.513,0.346,0.406
7416,0.284,0.284,0.284,0.0,0.079,0.464,0.333,0.379
7417,0.254,0.254,0.254,0.0,0.072,0.42,0.33,0.36
7418,0.254,0.254,0.254,0.0,0.078,0.392,0.327,0.351
7419,0.264,0.264,0.264,0.0,0.068,0.375,0.327,0.345
7420,0.264,0.264,0.264,0.0,0.088,0.372,0.332,0.346
7421,0.264,0.264,0.264,0.0,0.098,0.379,0.352,0.354
7422,0.254,0.254,0.254,0.0,0.107,0.418,0.387,0.376
7423,0.264,0.264,0.264,0.291,0.076,0.472,0.396,0.381
7424,0.274,0.274,0.274,0.355,0.055,0.518,0.39,0.39
7425,0.452,0.452,0.452,0.664,0.048,0.553,0.387,0.398
7426,0.51,0.51,0.51,0.735,0.053,0.587,0.392,0.406
7427,0.528,0.528,0.528,0.715,0.063,0.605,0.396,0.412
7428,0.538,0.538,0.538,0.706,0.068,0.616,0.403,0.415
7429,0.518,0.518,0.518,0.642,0.064,0.621,0.409,0.397
7430,0.528,0.528,0.528,0.724,0.059,0.626,0.413,0.399
7431,0.518,0.518,0.518,0.711,0.051,0.625,0.42,0.402
7432,0.538,0.538,0.538,0.501,0.048,0.619,0.422,0.414
7433,0.518,0.518,0.518,0.0,0.04,0.613,0.439,0.426
7434,0.518,0.518,0.518,0.0,0.022,0.635,0.474,0.47
7435,0.528,0.528,0.528,0.0,0.025,0.63,0.459,0.472
7436,0.518,0.518,0.518,0.0,0.003,0.613,0.435,0.467
7437,0.518,0.518,0.518,0.0,0.0,0.594,0.411,0.455
7438,0.518,0.518,0.518,0.0,0.034,0.56,0.374,0.432
7439,0.254,0.254,0.254,0.0,0.051,0.513,0.345,0.409
7440,0.264,0.264,0.264,0.0,0.058,0.461,0.334,0.383
7441,0.254,0.254,0.254,0.0,0.045,0.417,0.329,0.364
7442,0.254,0.254,0.254,0.0,0.314,0.395,0.328,0.355
7443,0.264,0.264,0.264,0.0,0.494,0.38,0.327,0.35
7444,0.264,0.264,0.264,0.0,0.999,0.376,0.33,0.35
7445,0.254,0.254,0.254,0.0,0.976,0.38,0.351,0.358
7446,0.264,0.264,0.264,0.0,0.995,0.418,0.386,0.377
7447,0.254,0.254,0.254,0.4,0.876,0.475,0.397,0.376
7448,0.452,0.452,0.452,0.704,0.794,0.521,0.39,0.387
7449,0.518,0.518,0.518,0.775,0.771,0.56,0.389,0.397
7450,0.518,0.518,0.518,0.768,0.564,0.59,0.397,0.409
7451,0.518,0.518,0.518,0.656,0.349,0.603,0.4,0.421
7452,0.528,0.528,0.528,0.764,0.332,0.61,0.409,0.426
7453,0.528,0.528,0.528,0.801,0.189,0.612,0.419,0.422
7454,0.538,0.538,0.538,0.786,0.271,0.612,0.427,0.422
7455,0.518,0.518,0.518,0.731,0.225,0.61,0.433,0.42
7456,0.528,0.528,0.528,0.464,0.403,0.6,0.435,0.413
7457,0.528,0.528,0.528,0.0,0.284,0.597,0.446,0.426
7458,0.528,0.528,0.528,0.0,0.655,0.624,0.462,0.465
7459,0.386,0.386,0.386,0.0,0.802,0.615,0.442,0.463
7460,0.246,0.246,0.246,0.0,0.933,0.593,0.424,0.461
7461,0.254,0.254,0.254,0.0,0.899,0.576,0.402,0.449
7462,0.264,0.264,0.264,0.0,0.687,0.545,0.374,0.432
7463,0.254,0.254,0.254,0.0,0.817,0.502,0.349,0.412
7464,0.264,0.264,0.264,0.0,0.927,0.454,0.336,0.388
7465,0.114,0.114,0.114,0.0,0.988,0.421,0.329,0.355
7466,0.084,0.084,0.084,0.0,0.987,0.392,0.325,0.343
7467,0.076,0.076,0.076,0.0,0.993,0.371,0.325,0.336
7468,0.076,0.076,0.076,0.0,0.987,0.364,0.326,0.332
7469,0.076,0.076,0.076,0.0,0.992,0.358,0.33,0.333
7470,0.246,0.246,0.246,0.0,0.987,0.373,0.339,0.341
7471,0.264,0.264,0.264,0.393,0.98,0.387,0.345,0.328
7472,0.264,0.264,0.264,0.673,0.977,0.417,0.357,0.33
7473,0.254,0.254,0.254,0.759,0.958,0.467,0.367,0.349
7474,0.264,0.264,0.264,0.773,0.931,0.509,0.377,0.366
7475,0.264,0.264,0.264,0.773,0.804,0.534,0.382,0.38
7476,0.264,0.264,0.264,0.801,0.508,0.544,0.39,0.399
7477,0.254,0.254,0.254,0.801,0.572,0.55,0.397,0.4
7478,0.264,0.264,0.264,0.779,0.672,0.547,0.404,0.401
7479,0.264,0.264,0.264,0.722,0.682,0.542,0.409,0.399
7480,0.284,0.284,0.284,0.494,0.356,0.537,0.414,0.4
7481,0.518,0.518,0.518,0.0,0.21,0.537,0.426,0.415
7482,0.528,0.528,0.528,0.0,0.456,0.584,0.447,0.455
7483,0.51,0.51,0.51,0.0,0.98,0.583,0.428,0.452
7484,0.528,0.528,0.528,0.0,0.95,0.566,0.408,0.44
7485,0.34,0.34,0.34,0.0,0.915,0.55,0.389,0.432
7486,0.264,0.264,0.264,0.0,0.958,0.519,0.365,0.419
7487,0.264,0.264,0.264,0.0,0.989,0.48,0.344,0.405
7488,0.254,0.254,0.254,0.0,0.989,0.439,0.334,0.382
7489,0.094,0.094,0.094,0.0,0.991,0.397,0.327,0.361
7490,0.076,0.076,0.076,0.0,0.993,0.37,0.324,0.349
7491,0.076,0.076,0.076,0.0,0.989,0.348,0.323,0.34
7492,0.076,0.076,0.076,0.0,0.983,0.334,0.323,0.337
7493,0.076,0.076,0.076,0.0,0.984,0.335,0.326,0.336
7494,0.094,0.094,0.094,0.0,0.986,0.342,0.332,0.341
7495,0.264,0.264,0.264,0.373,0.987,0.342,0.336,0.328
7496,0.264,0.264,0.264,0.702,0.997,0.362,0.347,0.331
7497,0.264,0.264,0.264,0.768,0.989,0.408,0.355,0.349
7498,0.264,0.264,0.264,0.808,0.981,0.453,0.366,0.368
7499,0.264,0.264,0.264,0.83,0.837,0.486,0.371,0.383
7500,0.378,0.378,0.378,0.792,0.645,0.506,0.379,0.39
7501,0.518,0.518,0.518,0.784,0.7,0.522,0.389,0.392
7502,0.51,0.51,0.51,0.766,0.56,0.529,0.398,0.393
7503,0.528,0.528,0.528,0.724,0.277,0.535,0.404,0.391
7504,0.528,0.528,0.528,0.49,0.221,0.531,0.41,0.39
7505,0.528,0.528,0.528,0.0,0.164,0.533,0.43,0.408
7506,0.528,0.528,0.528,0.0,0.562,0.577,0.462,0.455
7507,0.518,0.518,0.518,0.0,0.529,0.583,0.449,0.451
7508,0.528,0.528,0.528,0.0,0.501,0.572,0.424,0.44
7509,0.528,0.528,0.528,0.0,0.314,0.553,0.396,0.422
7510,0.292,0.292,0.292,0.0,0.548,0.523,0.364,0.402
7511,0.264,0.264,0.264,0.0,0.91,0.48,0.339,0.382
7512,0.264,0.264,0.264,0.0,0.97,0.43,0.33,0.36
7513,0.254,0.254,0.254,0.0,0.985,0.391,0.325,0.344
7514,0.264,0.264,0.264,0.0,0.98,0.368,0.323,0.333
7515,0.264,0.264,0.264,0.0,0.987,0.359,0.323,0.328
7516,0.254,0.254,0.254,0.0,0.9,0.355,0.328,0.326
7517,0.264,0.264,0.264,0.0,0.483,0.372,0.345,0.334
7518,0.264,0.264,0.264,0.0,0.398,0.418,0.383,0.355
7519,0.264,0.264,0.264,0.373,0.671,0.47,0.393,0.359
7520,0.264,0.264,0.264,0.678,0.744,0.523,0.393,0.37
7521,0.254,0.254,0.254,0.759,0.8,0.574,0.396,0.385
7522,0.264,0.264,0.264,0.826,0.812,0.613,0.406,0.401
7523,0.416,0.416,0.416,0.845,0.905,0.641,0.416,0.417
7524,0.528,0.528,0.528,0.83,0.994,0.661,0.43,0.423
7525,0.538,0.538,0.538,0.823,0.99,0.671,0.443,0.433
7526,0.548,0.548,0.548,0.781,0.995,0.679,0.459,0.433
7527,0.528,0.528,0.528,0.713,0.996,0.682,0.467,0.438
7528,0.528,0.528,0.528,0.488,0.988,0.677,0.472,0.434
7529,0.528,0.528,0.528,0.0,0.993,0.669,0.482,0.447
7530,0.538,0.538,0.538,0.0,0.976,0.679,0.512,0.486
7531,0.538,0.538,0.538,0.0,0.992,0.67,0.481,0.479
7532,0.518,0.518,0.518,0.0,0.939,0.649,0.458,0.468
7533,0.528,0.528,0.528,0.0,0.993,0.628,0.422,0.451
7534,0.35,0.35,0.35,0.0,1.0,0.594,0.378,0.426
7535,0.264,0.264,0.264,0.0,1.0,0.543,0.348,0.402
7536,0.264,0.264,0.264,0.0,1.0,0.488,0.334,0.377
7537,0.264,0.264,0.264,0.0,1.0,0.445,0.329,0.356
7538,0.264,0.264,0.264,0.0,1.0,0.416,0.326,0.347
7539,0.264,0.264,0.264,0.0,1.0,0.398,0.326,0.341
7540,0.264,0.264,0.264,0.0,0.996,0.391,0.33,0.338
7541,0.264,0.264,0.264,0.0,0.983,0.396,0.35,0.343
7542,0.264,0.264,0.264,0.0,0.987,0.436,0.384,0.364
7543,0.264,0.264,0.264,0.362,0.93,0.493,0.391,0.367
7544,0.254,0.254,0.254,0.702,0.895,0.545,0.389,0.38
7545,0.302,0.302,0.302,0.77,0.833,0.594,0.393,0.395
7546,0.528,0.528,0.528,0.819,0.45,0.634,0.411,0.405
7547,0.518,0.518,0.518,0.764,0.701,0.662,0.423,0.419
7548,0.528,0.528,0.528,0.759,0.744,0.68,0.444,0.43
7549,0.528,0.528,0.528,0.731,0.229,0.69,0.467,0.436
7550,0.51,0.51,0.51,0.717,0.541,0.695,0.483,0.444
7551,0.528,0.528,0.528,0.7,0.663,0.696,0.491,0.458
7552,0.528,0.528,0.528,0.468,0.701,0.69,0.496,0.454
7553,0.518,0.518,0.518,0.0,0.84,0.682,0.499,0.459
7554,0.528,0.528,0.528,0.0,0.934,0.686,0.527,0.493
7555,0.528,0.528,0.528,0.0,0.959,0.674,0.499,0.486
7556,0.518,0.518,0.518,0.0,0.975,0.653,0.468,0.476
7557,0.518,0.518,0.518,0.0,0.897,0.629,0.432,0.458
7558,0.528,0.528,0.528,0.0,0.979,0.596,0.387,0.435
7559,0.51,0.51,0.51,0.0,0.953,0.545,0.35,0.409
7560,0.33,0.33,0.33,0.0,0.951,0.487,0.337,0.383
7561,0.264,0.264,0.264,0.0,0.726,0.443,0.331,0.361
7562,0.264,0.264,0.264,0.0,0.366,0.408,0.327,0.349
7563,0.254,0.254,0.254,0.0,0.342,0.387,0.326,0.343
7564,0.264,0.264,0.264,0.0,0.459,0.379,0.33,0.342
7565,0.254,0.254,0.254,0.0,0.399,0.388,0.348,0.35
7566,0.264,0.264,0.264,0.0,0.195,0.431,0.386,0.37
7567,0.264,0.264,0.264,0.364,0.227,0.482,0.395,0.371
7568,0.254,0.254,0.254,0.695,0.291,0.53,0.391,0.382
7569,0.406,0.406,0.406,0.797,0.44,0.581,0.397,0.394
7570,0.518,0.518,0.518,0.828,0.329,0.617,0.41,0.41
7571,0.528,0.528,0.528,0.845,0.082,0.641,0.424,0.426
7572,0.518,0.518,0.518,0.848,0.33,0.656,0.44,0.439
7573,0.528,0.528,0.528,0.812,0.166,0.664,0.459,0.447
7574,0.528,0.528,0.528,0.799,0.04,0.668,0.478,0.45
7575,0.518,0.518,0.518,0.68,0.062,0.667,0.493,0.45
7576,0.528,0.528,0.528,0.481,0.036,0.661,0.5,0.452
7577,0.51,0.51,0.51,0.0,0.049,0.646,0.501,0.461
7578,0.528,0.528,0.528,0.0,0.29,0.661,0.522,0.498
7579,0.528,0.528,0.528,0.0,0.38,0.646,0.493,0.494
7580,0.518,0.518,0.518,0.0,0.086,0.627,0.461,0.482
7581,0.528,0.528,0.528,0.0,0.209,0.608,0.43,0.467
7582,0.32,0.32,0.32,0.0,0.413,0.576,0.384,0.445
7583,0.264,0.264,0.264,0.0,0.401,0.527,0.349,0.42
7584,0.264,0.264,0.264,0.0,0.261,0.472,0.337,0.393
7585,0.264,0.264,0.264,0.0,0.07,0.427,0.33,0.374
7586,0.264,0.264,0.264,0.0,0.144,0.4,0.327,0.359
7587,0.254,0.254,0.254,0.0,0.148,0.381,0.326,0.351
7588,0.264,0.264,0.264,0.0,0.343,0.373,0.33,0.348
7589,0.264,0.264,0.264,0.0,0.26,0.381,0.348,0.352
7590,0.254,0.254,0.254,0.0,0.25,0.42,0.384,0.371
7591,0.264,0.264,0.264,0.36,0.314,0.475,0.393,0.371
7592,0.264,0.264,0.264,0.74,0.292,0.521,0.392,0.386
7593,0.264,0.264,0.264,0.879,0.173,0.562,0.398,0.408
7594,0.51,0.51,0.51,0.863,0.135,0.594,0.409,0.425
7595,0.528,0.528,0.528,0.865,0.007,0.615,0.417,0.438
7596,0.528,0.528,0.528,0.859,0.004,0.628,0.431,0.444
7597,0.518,0.518,0.518,0.839,0.001,0.631,0.44,0.447
7598,0.528,0.528,0.528,0.799,0.042,0.633,0.451,0.444
7599,0.518,0.518,0.518,0.717,0.074,0.636,0.457,0.446
7600,0.528,0.528,0.528,0.497,0.055,0.622,0.458,0.439
7601,0.528,0.528,0.528,0.0,0.114,0.613,0.465,0.447
7602,0.518,0.518,0.518,0.0,0.076,0.641,0.49,0.483
7603,0.528,0.528,0.528,0.0,0.463,0.633,0.468,0.477
7604,0.518,0.518,0.518,0.0,0.613,0.613,0.437,0.464
7605,0.518,0.518,0.518,0.0,0.831,0.588,0.416,0.45
7606,0.34,0.34,0.34,0.0,0.891,0.555,0.379,0.429
7607,0.32,0.32,0.32,0.0,0.858,0.508,0.35,0.41
7608,0.264,0.264,0.264,0.0,0.698,0.451,0.336,0.383
7609,0.264,0.264,0.264,0.0,0.336,0.412,0.331,0.365
7610,0.264,0.264,0.264,0.0,0.302,0.382,0.328,0.353
7611,0.264,0.264,0.264,0.0,0.51,0.365,0.328,0.344
7612,0.264,0.264,0.264,0.0,0.588,0.358,0.332,0.345
7613,0.264,0.264,0.264,0.0,0.636,0.365,0.344,0.348
7614,0.254,0.254,0.254,0.0,0.423,0.401,0.37,0.362
7615,0.264,0.264,0.264,0.358,0.437,0.444,0.376,0.355
7616,0.264,0.264,0.264,0.72,0.353,0.485,0.385,0.363
7617,0.264,0.264,0.264,0.804,0.249,0.538,0.389,0.379
7618,0.254,0.254,0.254,0.857,0.472,0.572,0.397,0.394
7619,0.302,0.302,0.302,0.876,0.297,0.595,0.401,0.406
7620,0.424,0.424,0.424,0.874,0.278,0.608,0.408,0.409
7621,0.518,0.518,0.518,0.841,0.218,0.614,0.416,0.412
7622,0.528,0.528,0.528,0.828,0.028,0.616,0.422,0.411
7623,0.518,0.518,0.518,0.77,0.012,0.619,0.428,0.409
7624,0.518,0.518,0.518,0.486,0.468,0.611,0.428,0.407
7625,0.518,0.518,0.518,0.0,0.757,0.608,0.439,0.422
7626,0.528,0.528,0.528,0.0,0.823,0.63,0.455,0.46
7627,0.528,0.528,0.528,0.0,0.803,0.614,0.433,0.452
7628,0.472,0.472,0.472,0.0,0.788,0.592,0.416,0.445
7629,0.254,0.254,0.254,0.0,0.695,0.575,0.397,0.433
7630,0.254,0.254,0.254,0.0,0.44,0.543,0.372,0.42
7631,0.15,0.15,0.15,0.0,0.78,0.502,0.349,0.405
7632,0.254,0.254,0.254,0.0,0.62,0.453,0.338,0.387
7633,0.104,0.104,0.104,0.0,0.696,0.414,0.33,0.369
7634,0.076,0.076,0.076,0.0,0.792,0.382,0.327,0.358
7635,0.084,0.084,0.084,0.0,0.816,0.361,0.325,0.351
7636,0.076,0.076,0.076,0.0,0.566,0.35,0.326,0.35
7637,0.084,0.084,0.084,0.0,0.507,0.35,0.332,0.351
7638,0.076,0.076,0.076,0.0,0.573,0.365,0.342,0.36
7639,0.084,0.084,0.084,0.358,0.794,0.374,0.35,0.357
7640,0.246,0.246,0.246,0.706,0.826,0.405,0.363,0.358
7641,0.264,0.264,0.264,0.812,0.641,0.454,0.372,0.372
7642,0.284,0.284,0.284,0.81,0.467,0.493,0.377,0.388
7643,0.528,0.528,0.528,0.81,0.168,0.516,0.381,0.395
7644,0.518,0.518,0.518,0.713,0.211,0.529,0.383,0.4
7645,0.528,0.528,0.528,0.715,0.235,0.528,0.38,0.397
7646,0.518,0.518,0.518,0.528,0.261,0.517,0.38,0.398
7647,0.518,0.518,0.518,0.117,0.411,0.502,0.377,0.395
7648,0.35,0.35,0.35,0.0,0.519,0.493,0.382,0.394
7649,0.264,0.264,0.264,0.0,0.393,0.506,0.409,0.411
7650,0.274,0.274,0.274,0.0,0.927,0.56,0.429,0.449
7651,0.264,0.264,0.264,0.0,0.989,0.568,0.418,0.446
7652,0.264,0.264,0.264,0.0,0.995,0.551,0.4,0.438
7653,0.264,0.264,0.264,0.0,0.991,0.531,0.386,0.427
7654,0.264,0.264,0.264,0.0,0.984,0.508,0.364,0.416
7655,0.254,0.254,0.254,0.0,0.987,0.473,0.346,0.404
7656,0.264,0.264,0.264,0.0,0.993,0.429,0.336,0.387
7657,0.264,0.264,0.264,0.0,0.981,0.39,0.33,0.37
7658,0.254,0.254,0.254,0.0,0.991,0.363,0.327,0.353
7659,0.264,0.264,0.264,0.0,0.997,0.345,0.325,0.347
7660,0.264,0.264,0.264,0.0,0.996,0.33,0.325,0.343
7661,0.264,0.264,0.264,0.0,0.993,0.328,0.327,0.343
7662,0.254,0.254,0.254,0.0,0.99,0.337,0.334,0.346
7663,0.264,0.264,0.264,0.336,0.994,0.338,0.337,0.336
7664,0.264,0.264,0.264,0.684,0.986,0.353,0.348,0.34
7665,0.368,0.368,0.368,0.826,0.989,0.396,0.358,0.357
7666,0.518,0.518,0.518,0.857,0.989,0.427,0.365,0.368
7667,0.528,0.528,0.528,0.865,0.993,0.455,0.366,0.377
7668,0.528,0.528,0.528,0.85,0.985,0.464,0.371,0.38
7669,0.518,0.518,0.518,0.837,0.989,0.472,0.372,0.38
7670,0.528,0.528,0.528,0.797,0.986,0.477,0.377,0.378
7671,0.528,0.528,0.528,0.726,0.955,0.476,0.38,0.374
7672,0.518,0.518,0.518,0.47,0.826,0.475,0.383,0.375
7673,0.386,0.386,0.386,0.0,0.492,0.486,0.409,0.402
7674,0.358,0.358,0.358,0.0,0.701,0.554,0.444,0.444
7675,0.35,0.35,0.35,0.0,0.274,0.565,0.435,0.445
7676,0.358,0.358,0.358,0.0,0.25,0.555,0.415,0.438
7677,0.188,0.188,0.188,0.0,0.274,0.539,0.389,0.428
7678,0.076,0.076,0.076,0.0,0.57,0.505,0.36,0.414
7679,0.084,0.084,0.084,0.0,0.79,0.463,0.337,0.398
7680,0.084,0.084,0.084,0.0,0.431,0.413,0.329,0.377
7681,0.264,0.264,0.264,0.0,0.764,0.375,0.326,0.36
7682,0.264,0.264,0.264,0.0,0.968,0.355,0.324,0.351
7683,0.254,0.254,0.254,0.0,0.988,0.338,0.324,0.349
7684,0.264,0.264,0.264,0.0,0.991,0.337,0.33,0.35
7685,0.264,0.264,0.264,0.0,0.993,0.356,0.348,0.358
7686,0.254,0.254,0.254,0.0,0.999,0.396,0.388,0.377
7687,0.264,0.264,0.264,0.325,0.52,0.458,0.402,0.391
7688,0.33,0.33,0.33,0.702,0.912,0.503,0.4,0.395
7689,0.51,0.51,0.51,0.817,0.999,0.542,0.397,0.401
7690,0.556,0.556,0.556,0.839,0.997,0.571,0.394,0.405
7691,0.538,0.538,0.538,0.857,0.991,0.59,0.39,0.411
7692,0.538,0.538,0.538,0.863,0.909,0.603,0.39,0.433
7693,0.556,0.556,0.556,0.843,1.0,0.607,0.392,0.45
7694,0.538,0.538,0.538,0.808,0.997,0.612,0.392,0.445
7695,0.538,0.538,0.538,0.711,0.991,0.612,0.394,0.432
7696,0.538,0.538,0.538,0.446,0.978,0.603,0.398,0.399
7697,0.538,0.538,0.538,0.0,0.977,0.599,0.422,0.426
7698,0.368,0.368,0.368,0.0,0.951,0.634,0.459,0.467
7699,0.274,0.274,0.274,0.0,0.988,0.625,0.447,0.47
7700,0.254,0.254,0.254,0.0,0.745,0.608,0.43,0.468
7701,0.264,0.264,0.264,0.0,0.325,0.59,0.402,0.449
7702,0.254,0.254,0.254,0.0,0.716,0.556,0.369,0.428
7703,0.254,0.254,0.254,0.0,0.889,0.507,0.343,0.407
7704,0.254,0.254,0.254,0.0,0.755,0.452,0.333,0.381
7705,0.254,0.254,0.254,0.0,0.707,0.408,0.328,0.363
7706,0.264,0.264,0.264,0.0,0.936,0.385,0.327,0.353
7707,0.274,0.274,0.274,0.0,0.809,0.368,0.328,0.35
7708,0.264,0.264,0.264,0.0,0.794,0.362,0.333,0.352
7709,0.274,0.274,0.274,0.0,0.498,0.379,0.353,0.359
7710,0.264,0.264,0.264,0.0,0.767,0.418,0.394,0.377
7711,0.274,0.274,0.274,0.3,0.695,0.478,0.404,0.379
7712,0.264,0.264,0.264,0.68,0.541,0.518,0.394,0.385
7713,0.274,0.274,0.274,0.843,0.566,0.559,0.39,0.393
7714,0.274,0.274,0.274,0.883,0.61,0.585,0.391,0.402
7715,0.32,0.32,0.32,0.883,0.658,0.597,0.39,0.41
7716,0.538,0.538,0.538,0.868,0.63,0.609,0.39,0.415
7717,0.538,0.538,0.538,0.828,0.862,0.614,0.391,0.417
7718,0.528,0.528,0.528,0.786,0.866,0.619,0.386,0.421
7719,0.518,0.518,0.518,0.706,0.76,0.62,0.391,0.419
7720,0.528,0.528,0.528,0.433,0.384,0.612,0.394,0.415
7721,0.518,0.518,0.518,0.0,0.251,0.609,0.421,0.435
7722,0.528,0.528,0.528,0.0,0.202,0.638,0.459,0.468
7723,0.518,0.518,0.518,0.0,0.367,0.628,0.445,0.469
7724,0.528,0.528,0.528,0.0,0.494,0.612,0.428,0.46
7725,0.518,0.518,0.518,0.0,0.432,0.592,0.403,0.445
7726,0.302,0.302,0.302,0.0,0.471,0.562,0.368,0.426
7727,0.264,0.264,0.264,0.0,0.465,0.507,0.343,0.405
7728,0.254,0.254,0.254,0.0,0.554,0.456,0.334,0.378
7729,0.264,0.264,0.264,0.0,0.4,0.414,0.33,0.401
7730,0.274,0.274,0.274,0.0,0.479,0.385,0.328,0.393
7731,0.264,0.264,0.264,0.0,0.624,0.368,0.328,0.391
7732,0.274,0.274,0.274,0.0,0.704,0.363,0.334,0.391
7733,0.274,0.274,0.274,0.0,0.634,0.374,0.355,0.4
7734,0.274,0.274,0.274,0.0,0.702,0.411,0.401,0.422
7735,0.264,0.264,0.264,0.325,0.617,0.466,0.411,0.428
7736,0.274,0.274,0.274,0.693,0.568,0.515,0.397,0.432
7737,0.264,0.264,0.264,0.788,0.797,0.556,0.391,0.436
7738,0.264,0.264,0.264,0.817,0.974,0.589,0.391,0.442
7739,0.358,0.358,0.358,0.817,0.769,0.614,0.39,0.446
7740,0.528,0.528,0.528,0.828,0.895,0.627,0.393,0.453
7741,0.538,0.538,0.538,0.812,0.993,0.635,0.395,0.454
7742,0.528,0.528,0.528,0.79,0.989,0.642,0.396,0.455
7743,0.538,0.538,0.538,0.7,0.987,0.643,0.4,0.453
7744,0.538,0.538,0.538,0.45,0.987,0.635,0.399,0.449
7745,0.528,0.528,0.528,0.0,0.871,0.63,0.422,0.47
7746,0.528,0.528,0.528,0.0,0.63,0.649,0.454,0.511
7747,0.538,0.538,0.538,0.0,0.849,0.636,0.443,0.511
7748,0.378,0.378,0.378,0.0,0.67,0.621,0.433,0.503
7749,0.274,0.274,0.274,0.0,0.824,0.598,0.407,0.49
7750,0.264,0.264,0.264,0.0,0.98,0.566,0.372,0.476
7751,0.264,0.264,0.264,0.0,0.962,0.519,0.346,0.453
7752,0.264,0.264,0.264,0.0,0.986,0.459,0.334,0.428
7753,0.264,0.264,0.264,0.0,0.986,0.417,0.331,0.368
7754,0.264,0.264,0.264,0.0,0.993,0.391,0.329,0.359
7755,0.264,0.264,0.264,0.0,0.806,0.373,0.33,0.355
7756,0.264,0.264,0.264,0.0,0.073,0.366,0.336,0.357
7757,0.264,0.264,0.264,0.0,0.136,0.377,0.358,0.367
7758,0.264,0.264,0.264,0.0,0.514,0.415,0.403,0.393
7759,0.264,0.264,0.264,0.309,0.957,0.472,0.416,0.398
7760,0.254,0.254,0.254,0.689,0.902,0.517,0.403,0.398
7761,0.274,0.274,0.274,0.788,0.591,0.559,0.387,0.402
7762,0.32,0.32,0.32,0.81,0.545,0.591,0.377,0.406
7763,0.5,0.5,0.5,0.819,0.457,0.615,0.392,0.411
7764,0.5,0.5,0.5,0.823,0.213,0.628,0.393,0.408
7765,0.5,0.5,0.5,0.799,0.336,0.636,0.394,0.409
7766,0.5,0.5,0.5,0.773,0.063,0.638,0.4,0.409
7767,0.5,0.5,0.5,0.698,0.098,0.639,0.403,0.408
7768,0.5,0.5,0.5,0.442,0.091,0.629,0.406,0.404
7769,0.51,0.51,0.51,0.0,0.114,0.625,0.427,0.424
7770,0.518,0.518,0.518,0.0,0.067,0.647,0.457,0.462
7771,0.528,0.528,0.528,0.0,0.024,0.634,0.445,0.464
7772,0.548,0.548,0.548,0.0,0.149,0.615,0.427,0.456
7773,0.35,0.35,0.35,0.0,0.065,0.598,0.405,0.445
7774,0.254,0.254,0.254,0.0,0.071,0.563,0.37,0.429
7775,0.264,0.264,0.264,0.0,0.16,0.517,0.345,0.406
7776,0.264,0.264,0.264,0.0,0.515,0.46,0.336,0.384
7777,0.274,0.274,0.274,0.0,0.423,0.416,0.329,0.368
7778,0.264,0.264,0.264,0.0,0.216,0.392,0.329,0.359
7779,0.274,0.274,0.274,0.0,0.104,0.37,0.329,0.355
7780,0.274,0.274,0.274,0.0,0.017,0.367,0.336,0.357
7781,0.274,0.274,0.274,0.0,0.0,0.375,0.357,0.366
7782,0.264,0.264,0.264,0.0,0.001,0.41,0.406,0.388
7783,0.274,0.274,0.274,0.296,0.001,0.468,0.418,0.397
7784,0.274,0.274,0.274,0.664,0.018,0.517,0.402,0.395
7785,0.274,0.274,0.274,0.742,0.057,0.559,0.395,0.401
7786,0.274,0.274,0.274,0.781,0.101,0.59,0.391,0.408
7787,0.274,0.274,0.274,0.801,0.138,0.61,0.392,0.408
7788,0.548,0.548,0.548,0.799,0.062,0.626,0.393,0.413
7789,0.518,0.518,0.518,0.786,0.03,0.631,0.393,0.413
7790,0.528,0.528,0.528,0.759,0.034,0.636,0.395,0.414
7791,0.518,0.518,0.518,0.682,0.04,0.636,0.4,0.409
7792,0.538,0.538,0.538,0.428,0.023,0.625,0.399,0.406
7793,0.538,0.538,0.538,0.0,0.028,0.622,0.417,0.422
7794,0.528,0.528,0.528,0.0,0.007,0.643,0.44,0.457
7795,0.538,0.538,0.538,0.0,0.034,0.628,0.423,0.452
7796,0.538,0.538,0.538,0.0,0.012,0.608,0.407,0.444
7797,0.528,0.528,0.528,0.0,0.006,0.588,0.392,0.432
7798,0.518,0.518,0.518,0.0,0.001,0.563,0.37,0.421
7799,0.528,0.528,0.528,0.0,0.002,0.52,0.347,0.408
7800,0.528,0.528,0.528,0.0,0.001,0.473,0.336,0.387
7801,0.084,0.084,0.084,0.0,0.001,0.429,0.329,0.37
7802,0.084,0.084,0.084,0.0,0.012,0.399,0.328,0.358
7803,0.076,0.076,0.076,0.0,0.009,0.383,0.327,0.353
7804,0.084,0.084,0.084,0.0,0.016,0.372,0.329,0.353
7805,0.076,0.076,0.076,0.0,0.029,0.372,0.336,0.356
7806,0.076,0.076,0.076,0.0,0.053,0.385,0.349,0.365
7807,0.122,0.122,0.122,0.0,0.079,0.401,0.357,0.359
7808,0.254,0.254,0.254,0.653,0.033,0.433,0.371,0.357
7809,0.264,0.264,0.264,0.74,0.0,0.482,0.377,0.37
7810,0.284,0.284,0.284,0.753,0.0,0.523,0.381,0.38
7811,0.274,0.274,0.274,0.797,0.0,0.551,0.381,0.386
7812,0.274,0.274,0.274,0.801,0.0,0.567,0.381,0.391
7813,0.264,0.264,0.264,0.784,0.0,0.575,0.381,0.394
7814,0.274,0.274,0.274,0.77,0.009,0.575,0.382,0.392
7815,0.264,0.264,0.264,0.687,0.02,0.57,0.386,0.393
7816,0.274,0.274,0.274,0.415,0.01,0.561,0.39,0.391
7817,0.518,0.518,0.518,0.0,0.011,0.563,0.411,0.412
7818,0.528,0.528,0.528,0.0,0.169,0.597,0.436,0.458
7819,0.528,0.528,0.528,0.0,0.157,0.595,0.419,0.442
7820,0.518,0.518,0.518,0.0,0.119,0.579,0.405,0.432
7821,0.528,0.528,0.528,0.0,0.134,0.562,0.385,0.42
7822,0.284,0.284,0.284,0.0,0.096,0.537,0.364,0.411
7823,0.264,0.264,0.264,0.0,0.04,0.502,0.344,0.401
7824,0.264,0.264,0.264,0.0,0.073,0.458,0.334,0.381
7825,0.254,0.254,0.254,0.0,0.071,0.423,0.327,0.363
7826,0.264,0.264,0.264,0.0,0.079,0.391,0.325,0.352
7827,0.264,0.264,0.264,0.0,0.128,0.373,0.325,0.345
7828,0.264,0.264,0.264,0.0,0.141,0.353,0.326,0.343
7829,0.284,0.284,0.284,0.0,0.148,0.355,0.329,0.344
7830,0.274,0.274,0.274,0.0,0.134,0.369,0.337,0.35
7831,0.274,0.274,0.274,0.0,0.092,0.373,0.342,0.341
7832,0.284,0.284,0.284,0.647,0.024,0.39,0.354,0.341
7833,0.274,0.274,0.274,0.781,0.006,0.433,0.362,0.354
7834,0.264,0.264,0.264,0.773,0.0,0.475,0.369,0.37
7835,0.264,0.264,0.264,0.799,0.0,0.507,0.373,0.38
7836,0.264,0.264,0.264,0.762,0.006,0.532,0.382,0.388
7837,0.528,0.528,0.528,0.768,0.006,0.547,0.387,0.39
7838,0.528,0.528,0.528,0.746,0.001,0.557,0.397,0.391
7839,0.528,0.528,0.528,0.682,0.028,0.56,0.403,0.39
7840,0.538,0.538,0.538,0.426,0.04,0.559,0.41,0.389
7841,0.528,0.528,0.528,0.0,0.5,0.56,0.434,0.41
7842,0.528,0.528,0.528,0.0,0.882,0.598,0.466,0.447
7843,0.538,0.538,0.538,0.0,0.715,0.598,0.455,0.444
7844,0.528,0.528,0.528,0.0,0.777,0.587,0.432,0.435
7845,0.358,0.358,0.358,0.0,0.794,0.572,0.404,0.424
7846,0.284,0.284,0.284,0.0,0.962,0.539,0.37,0.409
7847,0.274,0.274,0.274,0.0,0.968,0.497,0.345,0.395
7848,0.264,0.264,0.264,0.0,0.935,0.45,0.334,0.373
7849,0.264,0.264,0.264,0.0,0.96,0.409,0.33,0.357
7850,0.264,0.264,0.264,0.0,0.922,0.383,0.327,0.349
7851,0.264,0.264,0.264,0.0,0.51,0.368,0.329,0.344
7852,0.264,0.264,0.264,0.0,0.271,0.365,0.333,0.347
7853,0.264,0.264,0.264,0.0,0.155,0.377,0.353,0.356
7854,0.274,0.274,0.274,0.0,0.093,0.423,0.393,0.377
7855,0.264,0.264,0.264,0.0,0.148,0.482,0.409,0.383
7856,0.5,0.5,0.5,0.667,0.146,0.523,0.403,0.385
7857,0.528,0.528,0.528,0.748,0.268,0.571,0.406,0.396
7858,0.528,0.528,0.528,0.757,0.25,0.606,0.411,0.406
7859,0.518,0.518,0.518,0.764,0.238,0.631,0.418,0.412
7860,0.528,0.528,0.528,0.804,0.096,0.649,0.428,0.416
7861,0.528,0.528,0.528,0.779,0.004,0.657,0.437,0.417
7862,0.518,0.518,0.518,0.751,0.016,0.664,0.445,0.421
7863,0.528,0.528,0.528,0.678,0.008,0.664,0.45,0.419
7864,0.538,0.538,0.538,0.417,0.0,0.657,0.447,0.415
7865,0.518,0.518,0.518,0.0,0.0,0.649,0.474,0.434
7866,0.538,0.538,0.538,0.0,0.0,0.662,0.504,0.467
7867,0.284,0.284,0.284,0.0,0.0,0.645,0.481,0.464
7868,0.264,0.264,0.264,0.0,0.0,0.627,0.456,0.455
7869,0.264,0.264,0.264,0.0,0.009,0.608,0.426,0.441
7870,0.264,0.264,0.264,0.0,0.018,0.573,0.388,0.423
7871,0.264,0.264,0.264,0.0,0.018,0.525,0.352,0.402
7872,0.274,0.274,0.274,0.0,0.023,0.47,0.34,0.378
7873,0.264,0.264,0.264,0.0,0.235,0.428,0.332,0.361
7874,0.264,0.264,0.264,0.0,0.238,0.399,0.33,0.352
7875,0.274,0.274,0.274,0.0,0.442,0.378,0.33,0.348
7876,0.264,0.264,0.264,0.0,0.572,0.376,0.334,0.349
7877,0.264,0.264,0.264,0.0,0.709,0.383,0.357,0.357
7878,0.274,0.274,0.274,0.0,0.695,0.416,0.398,0.374
7879,0.518,0.518,0.518,0.0,0.609,0.483,0.411,0.384
7880,0.51,0.51,0.51,0.638,0.543,0.526,0.403,0.386
7881,0.518,0.518,0.518,0.759,0.715,0.567,0.404,0.397
7882,0.518,0.518,0.518,0.779,0.798,0.591,0.411,0.405
7883,0.51,0.51,0.51,0.799,0.581,0.609,0.417,0.415
7884,0.528,0.528,0.528,0.83,0.172,0.621,0.428,0.419
7885,0.528,0.528,0.528,0.795,0.455,0.626,0.436,0.416
7886,0.528,0.528,0.528,0.79,0.007,0.626,0.448,0.419
7887,0.528,0.528,0.528,0.669,0.61,0.624,0.453,0.419
7888,0.518,0.518,0.518,0.426,0.872,0.619,0.452,0.416
7889,0.528,0.528,0.528,0.0,0.747,0.616,0.47,0.439
7890,0.528,0.528,0.528,0.0,0.34,0.641,0.497,0.469
7891,0.538,0.538,0.538,0.0,0.214,0.629,0.476,0.464
7892,0.518,0.518,0.518,0.0,0.441,0.613,0.454,0.456
7893,0.33,0.33,0.33,0.0,0.779,0.597,0.428,0.444
7894,0.254,0.254,0.254,0.0,0.73,0.569,0.385,0.426
7895,0.246,0.246,0.246,0.0,0.875,0.52,0.354,0.407
7896,0.226,0.226,0.226,0.0,0.989,0.468,0.34,0.382
7897,0.264,0.264,0.264,0.0,0.587,0.427,0.332,0.364
7898,0.264,0.264,0.264,0.0,0.155,0.4,0.331,0.354
7899,0.254,0.254,0.254,0.0,0.365,0.383,0.329,0.348
7900,0.264,0.264,0.264,0.0,0.604,0.384,0.335,0.347
7901,0.264,0.264,0.264,0.0,0.724,0.395,0.355,0.354
7902,0.264,0.264,0.264,0.0,0.942,0.423,0.393,0.373
7903,0.274,0.274,0.274,0.0,0.919,0.479,0.405,0.378
7904,0.274,0.274,0.274,0.656,0.972,0.517,0.403,0.383
7905,0.254,0.254,0.254,0.779,0.98,0.556,0.4,0.396
7906,0.264,0.264,0.264,0.797,0.984,0.582,0.406,0.407
7907,0.264,0.264,0.264,0.812,0.869,0.598,0.41,0.417
7908,0.312,0.312,0.312,0.81,0.08,0.604,0.414,0.418
7909,0.518,0.518,0.518,0.81,0.186,0.603,0.421,0.418
7910,0.528,0.528,0.528,0.777,0.74,0.604,0.424,0.418
7911,0.528,0.528,0.528,0.675,0.421,0.593,0.425,0.413
7912,0.482,0.482,0.482,0.417,0.655,0.587,0.421,0.409
7913,0.34,0.34,0.34,0.0,0.797,0.592,0.447,0.433
7914,0.264,0.264,0.264,0.0,0.972,0.624,0.471,0.462
7915,0.264,0.264,0.264,0.0,0.992,0.613,0.453,0.458
7916,0.254,0.254,0.254,0.0,0.952,0.596,0.436,0.449
7917,0.284,0.284,0.284,0.0,0.783,0.579,0.415,0.439
7918,0.274,0.274,0.274,0.0,0.759,0.554,0.384,0.427
7919,0.284,0.284,0.284,0.0,0.897,0.512,0.356,0.412
7920,0.274,0.274,0.274,0.0,0.993,0.463,0.341,0.387
7921,0.076,0.076,0.076,0.0,0.995,0.413,0.333,0.366
7922,0.104,0.104,0.104,0.0,0.81,0.385,0.328,0.353
7923,0.094,0.094,0.094,0.0,1.0,0.368,0.327,0.343
7924,0.104,0.104,0.104,0.0,1.0,0.358,0.329,0.34
7925,0.094,0.094,0.094,0.0,0.994,0.359,0.335,0.342
7926,0.104,0.104,0.104,0.0,0.995,0.373,0.343,0.348
7927,0.104,0.104,0.104,0.0,0.997,0.382,0.351,0.341
7928,0.264,0.264,0.264,0.684,0.999,0.391,0.367,0.341
7929,0.264,0.264,0.264,0.823,0.996,0.427,0.382,0.36
7930,0.264,0.264,0.264,0.845,0.998,0.455,0.391,0.379
7931,0.264,0.264,0.264,0.85,0.998,0.477,0.395,0.391
7932,0.264,0.264,0.264,0.839,0.949,0.488,0.395,0.396
7933,0.274,0.274,0.274,0.812,0.932,0.496,0.389,0.398
7934,0.518,0.518,0.518,0.784,0.811,0.493,0.38,0.395
7935,0.518,0.518,0.518,0.706,0.79,0.488,0.366,0.387
7936,0.5,0.5,0.5,0.424,0.939,0.48,0.359,0.381
7937,0.264,0.264,0.264,0.0,0.876,0.484,0.369,0.395
7938,0.264,0.264,0.264,0.0,0.748,0.524,0.383,0.414
7939,0.274,0.274,0.274,0.0,0.987,0.513,0.379,0.407
7940,0.264,0.264,0.264,0.0,0.965,0.5,0.371,0.402
7941,0.264,0.264,0.264,0.0,0.984,0.493,0.365,0.394
7942,0.264,0.264,0.264,0.0,0.98,0.481,0.35,0.39
7943,0.274,0.274,0.274,0.0,0.991,0.447,0.336,0.386
7944,0.264,0.264,0.264,0.0,0.974,0.409,0.329,0.371
7945,0.114,0.114,0.114,0.0,0.964,0.378,0.325,0.356
7946,0.076,0.076,0.076,0.0,0.966,0.355,0.324,0.348
7947,0.084,0.084,0.084,0.0,0.989,0.345,0.323,0.344
7948,0.076,0.076,0.076,0.0,0.993,0.34,0.326,0.345
7949,0.076,0.076,0.076,0.0,0.912,0.348,0.335,0.349
7950,0.084,0.084,0.084,0.0,0.965,0.366,0.346,0.362
7951,0.104,0.104,0.104,0.0,0.978,0.394,0.351,0.36
7952,0.254,0.254,0.254,0.651,0.982,0.415,0.359,0.357
7953,0.254,0.254,0.254,0.775,0.994,0.457,0.366,0.368
7954,0.264,0.264,0.264,0.839,0.987,0.489,0.366,0.377
7955,0.264,0.264,0.264,0.832,0.976,0.509,0.368,0.382
7956,0.254,0.254,0.254,0.812,0.868,0.517,0.366,0.383
7957,0.264,0.264,0.264,0.759,0.927,0.521,0.363,0.381
7958,0.302,0.302,0.302,0.733,0.697,0.516,0.363,0.379
7959,0.518,0.518,0.518,0.684,0.707,0.516,0.361,0.376
7960,0.528,0.528,0.528,0.411,0.72,0.509,0.366,0.376
7961,0.358,0.358,0.358,0.0,0.885,0.523,0.395,0.402
7962,0.358,0.358,0.358,0.0,0.773,0.574,0.418,0.434
7963,0.312,0.312,0.312,0.0,0.777,0.565,0.409,0.434
7964,0.264,0.264,0.264,0.0,0.872,0.55,0.396,0.428
7965,0.274,0.274,0.274,0.0,0.964,0.538,0.384,0.421
7966,0.254,0.254,0.254,0.0,0.973,0.512,0.365,0.416
7967,0.264,0.264,0.264,0.0,0.986,0.473,0.344,0.406
7968,0.264,0.264,0.264,0.0,0.984,0.428,0.335,0.391
7969,0.084,0.084,0.084,0.0,0.984,0.395,0.33,0.373
7970,0.084,0.084,0.084,0.0,0.989,0.373,0.327,0.362
7971,0.076,0.076,0.076,0.0,0.997,0.353,0.327,0.358
7972,0.076,0.076,0.076,0.0,0.987,0.345,0.328,0.354
7973,0.076,0.076,0.076,0.0,0.924,0.347,0.333,0.358
7974,0.076,0.076,0.076,0.0,0.825,0.358,0.343,0.361
7975,0.084,0.084,0.084,0.0,0.769,0.378,0.35,0.36
7976,0.076,0.076,0.076,0.645,0.822,0.393,0.362,0.36
7977,0.094,0.094,0.094,0.784,0.911,0.439,0.373,0.373
7978,0.084,0.084,0.084,0.797,0.947,0.469,0.375,0.382
7979,0.094,0.094,0.094,0.815,0.875,0.493,0.374,0.386
7980,0.218,0.218,0.218,0.815,0.715,0.503,0.369,0.386
7981,0.284,0.284,0.284,0.795,0.436,0.507,0.367,0.381
7982,0.264,0.264,0.264,0.764,0.307,0.498,0.364,0.378
7983,0.292,0.292,0.292,0.656,0.322,0.487,0.365,0.374
7984,0.274,0.274,0.274,0.417,0.465,0.488,0.368,0.373
7985,0.528,0.528,0.528,0.0,0.444,0.493,0.395,0.402
7986,0.548,0.548,0.548,0.0,0.208,0.547,0.425,0.44
7987,0.538,0.538,0.538,0.0,0.16,0.551,0.414,0.441
7988,0.528,0.528,0.528,0.0,0.058,0.54,0.401,0.436
7989,0.538,0.538,0.538,0.0,0.0,0.525,0.385,0.43
7990,0.528,0.528,0.528,0.0,0.0,0.505,0.364,0.422
7991,0.264,0.264,0.264,0.0,0.0,0.471,0.345,0.413
7992,0.264,0.264,0.264,0.0,0.055,0.433,0.336,0.395
7993,0.264,0.264,0.264,0.0,0.264,0.399,0.329,0.378
7994,0.264,0.264,0.264,0.0,0.214,0.385,0.327,0.368
7995,0.254,0.254,0.254,0.0,0.224,0.37,0.325,0.363
7996,0.264,0.264,0.264,0.0,0.194,0.361,0.326,0.362
7997,0.264,0.264,0.264,0.0,0.214,0.36,0.33,0.366
7998,0.254,0.254,0.254,0.0,0.094,0.363,0.339,0.369
7999,0.264,0.264,0.264,0.0,0.077,0.378,0.345,0.363
8000,0.264,0.264,0.264,0.647,0.036,0.374,0.355,0.359
8001,0.264,0.264,0.264,0.775,0.034,0.404,0.362,0.372
8002,0.264,0.264,0.264,0.797,0.037,0.435,0.364,0.379
8003,0.254,0.254,0.254,0.81,0.043,0.45,0.366,0.382
8004,0.264,0.264,0.264,0.815,0.1,0.462,0.363,0.381
8005,0.292,0.292,0.292,0.808,0.101,0.472,0.361,0.378
8006,0.528,0.528,0.528,0.779,0.449,0.474,0.358,0.375
8007,0.518,0.518,0.518,0.695,0.701,0.473,0.359,0.373
8008,0.518,0.518,0.518,0.411,0.762,0.473,0.367,0.376
8009,0.518,0.518,0.518,0.0,0.963,0.503,0.406,0.407
8010,0.528,0.528,0.528,0.0,0.993,0.555,0.446,0.45
8011,0.528,0.528,0.528,0.0,0.983,0.56,0.44,0.451
8012,0.518,0.518,0.518,0.0,0.994,0.558,0.425,0.445
8013,0.32,0.32,0.32,0.0,0.985,0.543,0.398,0.435
8014,0.302,0.302,0.302,0.0,0.996,0.515,0.367,0.419
8015,0.274,0.274,0.274,0.0,0.988,0.476,0.343,0.401
8016,0.274,0.274,0.274,0.0,0.99,0.43,0.333,0.379
8017,0.274,0.274,0.274,0.0,0.989,0.396,0.33,0.361
8018,0.264,0.264,0.264,0.0,0.995,0.37,0.328,0.352
8019,0.274,0.274,0.274,0.0,0.991,0.359,0.329,0.347
8020,0.264,0.264,0.264,0.0,0.993,0.356,0.336,0.347
8021,0.274,0.274,0.274,0.0,0.997,0.366,0.36,0.354
8022,0.34,0.34,0.34,0.0,0.999,0.408,0.409,0.377
8023,0.51,0.51,0.51,0.0,0.998,0.483,0.43,0.39
8024,0.518,0.518,0.518,0.0,0.997,0.527,0.418,0.393
8025,0.518,0.518,0.518,0.002,0.987,0.56,0.408,0.399
8026,0.518,0.518,0.518,0.004,0.923,0.58,0.403,0.403
8027,0.538,0.538,0.538,0.024,0.923,0.59,0.398,0.409
8028,0.528,0.528,0.528,0.611,0.943,0.593,0.393,0.41
8029,0.528,0.528,0.528,0.848,0.968,0.59,0.391,0.411
8030,0.528,0.528,0.528,0.804,0.976,0.587,0.389,0.41
8031,0.538,0.538,0.538,0.702,0.947,0.581,0.384,0.406
8032,0.528,0.528,0.528,0.419,0.76,0.581,0.391,0.403
8033,0.538,0.538,0.538,0.0,0.531,0.594,0.441,0.433
8034,0.284,0.284,0.284,0.0,0.348,0.633,0.49,0.475
8035,0.264,0.264,0.264,0.0,0.518,0.628,0.479,0.48
8036,0.254,0.254,0.254,0.0,0.636,0.617,0.46,0.475
8037,0.084,0.084,0.084,0.0,0.845,0.602,0.432,0.459
8038,0.094,0.094,0.094,0.0,0.956,0.574,0.391,0.442
8039,0.084,0.084,0.084,0.0,0.775,0.524,0.356,0.419
8040,0.084,0.084,0.084,0.0,0.129,0.472,0.345,0.394
8041,0.254,0.254,0.254,0.0,0.0,0.434,0.317,0.385
8042,0.264,0.264,0.264,0.0,0.007,0.424,0.311,0.378
8043,0.274,0.274,0.274,0.0,0.035,0.414,0.312,0.376
8044,0.264,0.264,0.264,0.0,0.081,0.408,0.323,0.376
8045,0.274,0.274,0.274,0.0,0.053,0.42,0.355,0.382
8046,0.274,0.274,0.274,0.0,0.053,0.443,0.402,0.399
8047,0.274,0.274,0.274,0.0,0.1,0.481,0.416,0.412
8048,0.264,0.264,0.264,0.682,0.136,0.512,0.407,0.408
8049,0.284,0.284,0.284,0.841,0.224,0.544,0.398,0.411
8050,0.386,0.386,0.386,0.876,0.26,0.562,0.393,0.409
8051,0.528,0.528,0.528,0.879,0.283,0.571,0.39,0.405
8052,0.538,0.538,0.538,0.874,0.148,0.58,0.386,0.411
8053,0.528,0.528,0.528,0.868,0.107,0.578,0.383,0.41
8054,0.538,0.538,0.538,0.834,0.151,0.573,0.379,0.406
8055,0.538,0.538,0.538,0.726,0.135,0.575,0.373,0.404
8056,0.518,0.518,0.518,0.43,0.236,0.567,0.381,0.404
8057,0.538,0.538,0.538,0.0,0.185,0.583,0.421,0.434
8058,0.528,0.528,0.528,0.0,0.074,0.638,0.447,0.483
8059,0.518,0.518,0.518,0.0,0.027,0.634,0.437,0.49
8060,0.274,0.274,0.274,0.0,0.04,0.623,0.435,0.486
8061,0.284,0.284,0.284,0.0,0.03,0.605,0.413,0.481
8062,0.284,0.284,0.284,0.0,0.07,0.572,0.38,0.459
8063,0.274,0.274,0.274,0.0,0.064,0.522,0.346,0.431
8064,0.264,0.264,0.264,0.0,0.003,0.491,0.327,0.408
8065,0.264,0.264,0.264,0.0,0.045,0.459,0.321,0.391
8066,0.254,0.254,0.254,0.0,0.064,0.431,0.316,0.387
8067,0.246,0.246,0.246,0.0,0.119,0.421,0.321,0.385
8068,0.254,0.254,0.254,0.0,0.117,0.416,0.334,0.388
8069,0.254,0.254,0.254,0.0,0.096,0.424,0.371,0.397
8070,0.254,0.254,0.254,0.0,0.081,0.448,0.426,0.422
8071,0.246,0.246,0.246,0.0,0.065,0.492,0.44,0.441
8072,0.264,0.264,0.264,0.664,0.051,0.529,0.423,0.441
8073,0.264,0.264,0.264,0.826,0.066,0.557,0.414,0.446
8074,0.35,0.35,0.35,0.852,0.073,0.575,0.407,0.448
8075,0.548,0.548,0.548,0.865,0.048,0.585,0.401,0.45
8076,0.528,0.528,0.528,0.85,0.022,0.588,0.398,0.446
8077,0.538,0.538,0.538,0.841,0.013,0.585,0.39,0.442
8078,0.528,0.528,0.528,0.817,0.009,0.584,0.387,0.438
8079,0.548,0.548,0.548,0.722,0.0,0.577,0.389,0.436
8080,0.538,0.538,0.538,0.422,0.0,0.577,0.401,0.437
8081,0.528,0.528,0.528,0.0,0.0,0.592,0.453,0.482
8082,0.548,0.548,0.548,0.0,0.0,0.648,0.491,0.552
8083,0.528,0.528,0.528,0.0,0.001,0.642,0.492,0.563
8084,0.368,0.368,0.368,0.0,0.003,0.631,0.486,0.56
8085,0.284,0.284,0.284,0.0,0.014,0.613,0.469,0.545
8086,0.264,0.264,0.264,0.0,0.023,0.582,0.433,0.537
8087,0.254,0.254,0.254,0.0,0.021,0.533,0.4,0.494
8088,0.264,0.264,0.264,0.0,0.007,0.483,0.384,0.457
8089,0.264,0.264,0.264,0.0,0.0,0.454,0.38,0.451
8090,0.274,0.274,0.274,0.0,0.0,0.435,0.38,0.43
8091,0.264,0.264,0.264,0.0,0.001,0.423,0.384,0.427
8092,0.254,0.254,0.254,0.0,0.034,0.423,0.404,0.427
8093,0.264,0.264,0.264,0.0,0.152,0.427,0.444,0.439
8094,0.254,0.254,0.254,0.0,0.355,0.453,0.493,0.467
8095,0.264,0.264,0.264,0.0,0.499,0.499,0.511,0.494
8096,0.264,0.264,0.264,0.631,0.402,0.538,0.485,0.482
8097,0.284,0.284,0.284,0.792,0.505,0.563,0.457,0.47
8098,0.452,0.452,0.452,0.83,0.79,0.582,0.439,0.457
8099,0.538,0.538,0.538,0.841,0.984,0.588,0.421,0.439
8100,0.538,0.538,0.538,0.839,0.784,0.594,0.407,0.418
8101,0.538,0.538,0.538,0.815,0.0,0.583,0.397,0.439
8102,0.538,0.538,0.538,0.77,0.0,0.581,0.388,0.432
8103,0.548,0.548,0.548,0.704,0.0,0.579,0.384,0.426
8104,0.538,0.538,0.538,0.234,0.032,0.575,0.394,0.401
8105,0.482,0.482,0.482,0.0,0.254,0.589,0.445,0.445
8106,0.264,0.264,0.264,0.0,0.107,0.648,0.487,0.499
8107,0.264,0.264,0.264,0.0,0.177,0.643,0.492,0.534
8108,0.264,0.264,0.264,0.0,0.177,0.63,0.488,0.542
8109,0.264,0.264,0.264,0.0,0.069,0.615,0.477,0.539
8110,0.254,0.254,0.254,0.0,0.227,0.584,0.442,0.53
8111,0.284,0.284,0.284,0.0,0.34,0.538,0.41,0.497
8112,0.274,0.274,0.274,0.0,0.409,0.487,0.395,0.464
8113,0.264,0.264,0.264,0.0,0.361,0.448,0.393,0.431
8114,0.264,0.264,0.264,0.0,0.355,0.428,0.392,0.429
8115,0.264,0.264,0.264,0.0,0.49,0.417,0.399,0.432
8116,0.254,0.254,0.254,0.0,0.51,0.413,0.415,0.407
8117,0.264,0.264,0.264,0.0,0.502,0.416,0.454,0.416
8118,0.254,0.254,0.254,0.0,0.389,0.443,0.508,0.447
8119,0.264,0.264,0.264,0.0,0.386,0.493,0.518,0.457
8120,0.254,0.254,0.254,0.636,0.264,0.528,0.489,0.482
8121,0.264,0.264,0.264,0.779,0.045,0.558,0.451,0.452
8122,0.264,0.264,0.264,0.799,0.121,0.576,0.429,0.441
8123,0.254,0.254,0.254,0.77,0.296,0.584,0.408,0.436
8124,0.444,0.444,0.444,0.781,0.233,0.589,0.393,0.412
8125,0.528,0.528,0.528,0.742,0.22,0.584,0.382,0.403
8126,0.528,0.528,0.528,0.746,0.179,0.583,0.373,0.396
8127,0.528,0.528,0.528,0.678,0.132,0.582,0.367,0.411
8128,0.518,0.518,0.518,0.4,0.057,0.575,0.376,0.406
8129,0.264,0.264,0.264,0.0,0.007,0.582,0.415,0.44
8130,0.264,0.264,0.264,0.0,0.0,0.631,0.444,0.49
8131,0.254,0.254,0.254,0.0,0.0,0.621,0.445,0.498
8132,0.254,0.254,0.254,0.0,0.001,0.605,0.44,0.495
8133,0.254,0.254,0.254,0.0,0.003,0.585,0.434,0.498
8134,0.246,0.246,0.246,0.0,0.007,0.558,0.414,0.461
8135,0.254,0.254,0.254,0.0,0.013,0.516,0.385,0.447
8136,0.264,0.264,0.264,0.0,0.014,0.475,0.369,0.425
8137,0.254,0.254,0.254,0.0,0.007,0.442,0.365,0.445
8138,0.264,0.264,0.264,0.0,0.003,0.423,0.364,0.415
8139,0.264,0.264,0.264,0.0,0.002,0.413,0.366,0.397
8140,0.264,0.264,0.264,0.0,0.003,0.405,0.378,0.424
8141,0.264,0.264,0.264,0.0,0.006,0.407,0.396,0.414
8142,0.254,0.254,0.254,0.0,0.009,0.41,0.424,0.423
8143,0.264,0.264,0.264,0.0,0.005,0.424,0.443,0.419
8144,0.264,0.264,0.264,0.607,0.009,0.444,0.442,0.41
8145,0.264,0.264,0.264,0.781,0.009,0.475,0.428,0.414
8146,0.264,0.264,0.264,0.815,0.011,0.5,0.411,0.413
8147,0.254,0.254,0.254,0.817,0.03,0.516,0.394,0.412
8148,0.274,0.274,0.274,0.812,0.011,0.52,0.378,0.408
8149,0.284,0.284,0.284,0.815,0.003,0.518,0.365,0.401
8150,0.284,0.284,0.284,0.781,0.001,0.508,0.359,0.396
8151,0.284,0.284,0.284,0.671,0.0,0.505,0.356,0.391
8152,0.284,0.284,0.284,0.402,0.004,0.498,0.362,0.396
8153,0.284,0.284,0.284,0.0,0.004,0.511,0.404,0.428
8154,0.246,0.246,0.246,0.0,0.001,0.565,0.434,0.47
8155,0.066,0.066,0.066,0.0,0.003,0.563,0.429,0.486
8156,0.066,0.066,0.066,0.0,0.018,0.553,0.425,0.481
8157,0.084,0.084,0.084,0.0,0.03,0.538,0.417,0.475
8158,0.084,0.084,0.084,0.0,0.035,0.52,0.398,0.486
8159,0.084,0.084,0.084,0.0,0.054,0.485,0.372,0.457
8160,0.084,0.084,0.084,0.0,0.066,0.458,0.357,0.438
8161,0.076,0.076,0.076,0.0,0.063,0.435,0.349,0.42
8162,0.076,0.076,0.076,0.0,0.051,0.415,0.347,0.413
8163,0.084,0.084,0.084,0.0,0.05,0.401,0.348,0.409
8164,0.236,0.236,0.236,0.0,0.04,0.399,0.356,0.407
8165,0.264,0.264,0.264,0.0,0.032,0.4,0.37,0.41
8166,0.284,0.284,0.284,0.0,0.041,0.401,0.394,0.42
8167,0.284,0.284,0.284,0.0,0.048,0.406,0.407,0.421
8168,0.274,0.274,0.274,0.64,0.045,0.421,0.412,0.411
8169,0.284,0.284,0.284,0.764,0.047,0.434,0.407,0.412
8170,0.284,0.284,0.284,0.828,0.075,0.452,0.399,0.412
8171,0.274,0.274,0.274,0.841,0.049,0.466,0.387,0.409
8172,0.284,0.284,0.284,0.815,0.021,0.469,0.377,0.403
8173,0.284,0.284,0.284,0.812,0.034,0.47,0.366,0.397
8174,0.274,0.274,0.274,0.77,0.049,0.473,0.356,0.393
8175,0.284,0.284,0.284,0.68,0.022,0.471,0.354,0.39
8176,0.284,0.284,0.284,0.404,0.016,0.468,0.365,0.392
8177,0.284,0.284,0.284,0.0,0.045,0.487,0.415,0.43
8178,0.518,0.518,0.518,0.0,0.01,0.549,0.454,0.49
8179,0.518,0.518,0.518,0.0,0.005,0.56,0.457,0.499
8180,0.34,0.34,0.34,0.0,0.078,0.556,0.451,0.5
8181,0.114,0.114,0.114,0.0,0.018,0.545,0.433,0.497
8182,0.084,0.084,0.084,0.0,0.005,0.52,0.397,0.482
8183,0.094,0.094,0.094,0.0,0.055,0.484,0.365,0.459
8184,0.114,0.114,0.114,0.0,0.168,0.449,0.35,0.436
8185,0.254,0.254,0.254,0.0,0.081,0.422,0.345,0.421
8186,0.264,0.264,0.264,0.0,0.037,0.406,0.345,0.415
8187,0.264,0.264,0.264,0.0,0.086,0.4,0.349,0.414
8188,0.264,0.264,0.264,0.0,0.035,0.399,0.369,0.417
8189,0.264,0.264,0.264,0.0,0.017,0.402,0.411,0.429
8190,0.254,0.254,0.254,0.0,0.003,0.431,0.466,0.455
8191,0.264,0.264,0.264,0.0,0.001,0.483,0.481,0.479
8192,0.274,0.274,0.274,0.645,0.0,0.521,0.456,0.466
8193,0.34,0.34,0.34,0.753,0.0,0.555,0.429,0.455
8194,0.5,0.5,0.5,0.766,0.0,0.577,0.413,0.443
8195,0.528,0.528,0.528,0.764,0.0,0.588,0.409,0.433
8196,0.528,0.528,0.528,0.755,0.0,0.598,0.388,0.424
8197,0.528,0.528,0.528,0.753,0.0,0.598,0.381,0.417
8198,0.528,0.528,0.528,0.768,0.0,0.601,0.376,0.409
8199,0.528,0.528,0.528,0.7,0.002,0.6,0.374,0.412
8200,0.528,0.528,0.528,0.408,0.005,0.589,0.38,0.406
8201,0.538,0.538,0.538,0.0,0.049,0.596,0.424,0.445
8202,0.528,0.528,0.528,0.0,0.016,0.648,0.464,0.508
8203,0.538,0.538,0.538,0.0,0.378,0.641,0.463,0.518
8204,0.51,0.51,0.51,0.0,0.418,0.627,0.457,0.518
8205,0.274,0.274,0.274,0.0,0.314,0.607,0.442,0.51
8206,0.284,0.284,0.284,0.0,0.229,0.573,0.406,0.491
8207,0.284,0.284,0.284,0.0,0.18,0.519,0.371,0.462
8208,0.264,0.264,0.264,0.0,0.111,0.472,0.354,0.426
8209,0.264,0.264,0.264,0.0,0.095,0.435,0.351,0.412
8210,0.264,0.264,0.264,0.0,0.148,0.419,0.35,0.406
8211,0.264,0.264,0.264,0.0,0.169,0.408,0.356,0.406
8212,0.264,0.264,0.264,0.0,0.082,0.404,0.373,0.408
8213,0.264,0.264,0.264,0.0,0.046,0.412,0.415,0.419
8214,0.264,0.264,0.264,0.0,0.021,0.436,0.471,0.444
8215,0.264,0.264,0.264,0.0,0.019,0.489,0.483,0.465
8216,0.264,0.264,0.264,0.636,0.018,0.527,0.454,0.454
8217,0.312,0.312,0.312,0.748,0.021,0.555,0.42,0.44
8218,0.434,0.434,0.434,0.777,0.028,0.58,0.403,0.43
8219,0.538,0.538,0.538,0.777,0.016,0.594,0.39,0.423
8220,0.528,0.528,0.528,0.786,0.004,0.6,0.378,0.416
8221,0.538,0.538,0.538,0.751,0.0,0.604,0.376,0.409
8222,0.538,0.538,0.538,0.744,0.0,0.603,0.37,0.404
8223,0.518,0.518,0.518,0.671,0.0,0.6,0.371,0.401
8224,0.538,0.538,0.538,0.397,0.001,0.592,0.375,0.399
8225,0.51,0.51,0.51,0.0,0.005,0.599,0.417,0.432
8226,0.518,0.518,0.518,0.0,0.005,0.654,0.455,0.491
8227,0.518,0.518,0.518,0.0,0.013,0.645,0.455,0.5
8228,0.528,0.528,0.528,0.0,0.019,0.629,0.45,0.498
8229,0.312,0.312,0.312,0.0,0.032,0.607,0.436,0.488
8230,0.264,0.264,0.264,0.0,0.04,0.574,0.401,0.471
8231,0.264,0.264,0.264,0.0,0.082,0.518,0.366,0.446
8232,0.274,0.274,0.274,0.0,0.152,0.471,0.351,0.42
8233,0.264,0.264,0.264,0.0,0.111,0.439,0.348,0.406
8234,0.254,0.254,0.254,0.0,0.107,0.421,0.35,0.399
8235,0.264,0.264,0.264,0.0,0.108,0.411,0.356,0.396
8236,0.264,0.264,0.264,0.0,0.094,0.407,0.375,0.398
8237,0.264,0.264,0.264,0.0,0.09,0.413,0.419,0.407
8238,0.254,0.254,0.254,0.0,0.065,0.44,0.474,0.431
8239,0.264,0.264,0.264,0.0,0.057,0.495,0.489,0.448
8240,0.264,0.264,0.264,0.629,0.061,0.53,0.462,0.44
8241,0.264,0.264,0.264,0.74,0.064,0.557,0.43,0.426
8242,0.264,0.264,0.264,0.753,0.054,0.583,0.409,0.419
8243,0.49,0.49,0.49,0.773,0.045,0.599,0.395,0.415
8244,0.528,0.528,0.528,0.764,0.039,0.604,0.385,0.407
8245,0.518,0.518,0.518,0.768,0.028,0.605,0.377,0.403
8246,0.518,0.518,0.518,0.731,0.019,0.607,0.373,0.399
8247,0.518,0.518,0.518,0.638,0.012,0.603,0.372,0.396
8248,0.528,0.528,0.528,0.389,0.008,0.595,0.376,0.397
8249,0.378,0.378,0.378,0.0,0.029,0.602,0.419,0.426
8250,0.284,0.284,0.284,0.0,0.04,0.665,0.456,0.481
8251,0.274,0.274,0.274,0.0,0.005,0.654,0.455,0.485
8252,0.274,0.274,0.274,0.0,0.004,0.631,0.45,0.481
8253,0.274,0.274,0.274,0.0,0.003,0.611,0.434,0.47
8254,0.264,0.264,0.264,0.0,0.0,0.578,0.4,0.454
8255,0.264,0.264,0.264,0.0,0.013,0.52,0.363,0.429
8256,0.264,0.264,0.264,0.0,0.053,0.474,0.346,0.405
8257,0.254,0.254,0.254,0.0,0.09,0.442,0.34,0.393
8258,0.264,0.264,0.264,0.0,0.07,0.421,0.339,0.387
8259,0.264,0.264,0.264,0.0,0.033,0.411,0.344,0.383
8260,0.264,0.264,0.264,0.0,0.027,0.408,0.36,0.385
8261,0.264,0.264,0.264,0.0,0.019,0.414,0.399,0.393
8262,0.264,0.264,0.264,0.0,0.014,0.443,0.456,0.414
8263,0.274,0.274,0.274,0.0,0.01,0.493,0.466,0.434
8264,0.284,0.284,0.284,0.611,0.007,0.528,0.439,0.427
8265,0.284,0.284,0.284,0.733,0.003,0.56,0.413,0.421
8266,0.284,0.284,0.284,0.762,0.0,0.581,0.399,0.421
8267,0.274,0.274,0.274,0.753,0.0,0.596,0.389,0.417
8268,0.274,0.274,0.274,0.781,0.0,0.608,0.383,0.41
8269,0.274,0.274,0.274,0.777,0.002,0.612,0.381,0.409
8270,0.274,0.274,0.274,0.766,0.001,0.616,0.377,0.406
8271,0.396,0.396,0.396,0.675,0.001,0.611,0.379,0.403
8272,0.528,0.528,0.528,0.402,0.001,0.598,0.382,0.404
8273,0.538,0.538,0.538,0.0,0.005,0.606,0.42,0.429
8274,0.538,0.538,0.538,0.0,0.037,0.663,0.455,0.478
8275,0.528,0.528,0.528,0.0,0.053,0.655,0.45,0.48
8276,0.368,0.368,0.368,0.0,0.045,0.626,0.441,0.476
8277,0.264,0.264,0.264,0.0,0.076,0.602,0.426,0.465
8278,0.254,0.254,0.254,0.0,0.047,0.571,0.387,0.449
8279,0.264,0.264,0.264,0.0,0.077,0.518,0.348,0.427
8280,0.264,0.264,0.264,0.0,0.071,0.469,0.33,0.406
8281,0.264,0.264,0.264,0.0,0.076,0.435,0.323,0.394
8282,0.264,0.264,0.264,0.0,0.069,0.418,0.32,0.389
8283,0.254,0.254,0.254,0.0,0.06,0.407,0.322,0.387
8284,0.264,0.264,0.264,0.0,0.042,0.404,0.335,0.388
8285,0.264,0.264,0.264,0.0,0.028,0.409,0.37,0.395
8286,0.274,0.274,0.274,0.0,0.012,0.435,0.424,0.415
8287,0.284,0.284,0.284,0.0,0.002,0.484,0.442,0.431
8288,0.274,0.274,0.274,0.587,0.0,0.515,0.409,0.424
8289,0.284,0.284,0.284,0.731,0.0,0.549,0.402,0.423
8290,0.284,0.284,0.284,0.79,0.0,0.574,0.391,0.416
8291,0.312,0.312,0.312,0.804,0.028,0.592,0.384,0.413
8292,0.274,0.274,0.274,0.79,0.003,0.605,0.378,0.408
8293,0.284,0.284,0.284,0.784,0.0,0.607,0.374,0.404
8294,0.274,0.274,0.274,0.753,0.0,0.606,0.371,0.403
8295,0.274,0.274,0.274,0.669,0.0,0.599,0.368,0.4
8296,0.424,0.424,0.424,0.397,0.003,0.589,0.372,0.4
8297,0.528,0.528,0.528,0.0,0.002,0.595,0.412,0.433
8298,0.538,0.538,0.538,0.0,0.001,0.645,0.441,0.478
8299,0.538,0.538,0.538,0.0,0.001,0.632,0.434,0.474
8300,0.528,0.528,0.528,0.0,0.01,0.609,0.426,0.467
8301,0.32,0.32,0.32,0.0,0.018,0.586,0.415,0.459
8302,0.246,0.246,0.246,0.0,0.009,0.558,0.389,0.449
8303,0.236,0.236,0.236,0.0,0.011,0.516,0.356,0.432
8304,0.264,0.264,0.264,0.0,0.008,0.469,0.334,0.414
8305,0.076,0.076,0.076,0.0,0.005,0.435,0.326,0.398
8306,0.084,0.084,0.084,0.0,0.001,0.413,0.323,0.389
8307,0.084,0.084,0.084,0.0,0.04,0.398,0.323,0.384
8308,0.094,0.094,0.094,0.0,0.189,0.396,0.33,0.383
8309,0.094,0.094,0.094,0.0,0.112,0.396,0.348,0.385
8310,0.264,0.264,0.264,0.0,0.028,0.402,0.374,0.393
8311,0.264,0.264,0.264,0.0,0.442,0.416,0.392,0.397
8312,0.254,0.254,0.254,0.585,0.864,0.428,0.399,0.392
8313,0.264,0.264,0.264,0.773,0.751,0.458,0.395,0.394
8314,0.254,0.254,0.254,0.826,0.862,0.488,0.388,0.398
8315,0.264,0.264,0.264,0.845,0.934,0.505,0.38,0.398
8316,0.254,0.254,0.254,0.845,0.96,0.508,0.371,0.394
8317,0.264,0.264,0.264,0.837,0.826,0.507,0.361,0.391
8318,0.264,0.264,0.264,0.797,0.697,0.498,0.356,0.389
8319,0.264,0.264,0.264,0.695,0.305,0.491,0.355,0.386
8320,0.292,0.292,0.292,0.406,0.119,0.489,0.365,0.389
8321,0.528,0.528,0.528,0.0,0.024,0.516,0.401,0.416
8322,0.518,0.518,0.518,0.0,0.024,0.578,0.432,0.462
8323,0.518,0.518,0.518,0.0,0.029,0.581,0.425,0.461
8324,0.528,0.528,0.528,0.0,0.0,0.571,0.417,0.452
8325,0.528,0.528,0.528,0.0,0.055,0.556,0.405,0.444
8326,0.51,0.51,0.51,0.0,0.078,0.534,0.382,0.438
8327,0.49,0.49,0.49,0.0,0.127,0.5,0.354,0.423
8328,0.264,0.264,0.264,0.0,0.462,0.461,0.337,0.407
8329,0.254,0.254,0.254,0.0,0.643,0.429,0.328,0.394
8330,0.264,0.264,0.264,0.0,0.972,0.412,0.323,0.387
8331,0.254,0.254,0.254,0.0,0.753,0.404,0.324,0.381
8332,0.264,0.264,0.264,0.0,0.376,0.395,0.327,0.379
8333,0.254,0.254,0.254,0.0,0.049,0.393,0.34,0.378
8334,0.254,0.254,0.254,0.0,0.0,0.399,0.359,0.382
8335,0.264,0.264,0.264,0.0,0.006,0.404,0.374,0.379
8336,0.264,0.264,0.264,0.62,0.086,0.408,0.383,0.402
8337,0.254,0.254,0.254,0.804,0.125,0.429,0.383,0.383
8338,0.264,0.264,0.264,0.843,0.252,0.45,0.379,0.387
8339,0.264,0.264,0.264,0.859,0.332,0.463,0.376,0.39
8340,0.51,0.51,0.51,0.845,0.332,0.469,0.371,0.389
8341,0.51,0.51,0.51,0.806,0.225,0.47,0.365,0.389
8342,0.528,0.528,0.528,0.792,0.123,0.47,0.358,0.387
8343,0.528,0.528,0.528,0.713,0.63,0.472,0.359,0.385
8344,0.51,0.51,0.51,0.411,0.461,0.478,0.367,0.388
8345,0.528,0.528,0.528,0.0,0.476,0.507,0.415,0.418
8346,0.528,0.528,0.528,0.0,0.98,0.574,0.451,0.498
8347,0.548,0.548,0.548,0.0,0.918,0.581,0.451,0.476
8348,0.518,0.518,0.518,0.0,0.974,0.58,0.444,0.474
8349,0.368,0.368,0.368,0.0,0.744,0.565,0.425,0.464
8350,0.254,0.254,0.254,0.0,0.763,0.536,0.389,0.445
8351,0.264,0.264,0.264,0.0,0.755,0.494,0.355,0.426
8352,0.264,0.264,0.264,0.0,0.782,0.455,0.339,0.405
8353,0.264,0.264,0.264,0.0,0.841,0.427,0.335,0.392
8354,0.264,0.264,0.264,0.0,0.852,0.408,0.333,0.388
8355,0.254,0.254,0.254,0.0,0.918,0.406,0.339,0.386
8356,0.246,0.246,0.246,0.0,0.869,0.403,0.358,0.388
8357,0.246,0.246,0.246,0.0,0.817,0.407,0.401,0.397
8358,0.264,0.264,0.264,0.0,0.74,0.435,0.459,0.419
8359,0.264,0.264,0.264,0.0,0.641,0.485,0.476,0.437
8360,0.264,0.264,0.264,0.596,0.659,0.522,0.453,0.43
8361,0.264,0.264,0.264,0.737,0.469,0.55,0.426,0.425
8362,0.264,0.264,0.264,0.768,0.324,0.572,0.412,0.423
8363,0.254,0.254,0.254,0.775,0.72,0.585,0.399,0.42
8364,0.264,0.264,0.264,0.804,0.883,0.591,0.39,0.413
8365,0.518,0.518,0.518,0.788,0.896,0.59,0.384,0.408
8366,0.51,0.51,0.51,0.74,0.89,0.59,0.378,0.406
8367,0.528,0.528,0.528,0.693,0.989,0.585,0.378,0.402
8368,0.528,0.528,0.528,0.397,0.974,0.582,0.379,0.403
8369,0.576,0.576,0.576,0.0,0.993,0.597,0.43,0.442
8370,0.764,0.764,0.764,0.0,0.996,0.668,0.472,0.496
8371,0.784,0.784,0.784,0.0,0.997,0.668,0.473,0.5
8372,0.774,0.774,0.774,0.0,0.984,0.648,0.468,0.498
8373,0.584,0.584,0.584,0.0,0.993,0.626,0.45,0.49
8374,0.254,0.254,0.254,0.0,0.989,0.585,0.412,0.473
8375,0.188,0.188,0.188,0.0,0.804,0.529,0.376,0.445
8376,0.254,0.254,0.254,0.0,0.817,0.479,0.359,0.417
8377,0.264,0.264,0.264,0.0,0.997,0.444,0.353,0.402
8378,0.264,0.264,0.264,0.0,0.992,0.423,0.355,0.396
8379,0.264,0.264,0.264,0.0,0.97,0.411,0.361,0.394
8380,0.254,0.254,0.254,0.0,0.891,0.41,0.383,0.398
8381,0.264,0.264,0.264,0.0,0.929,0.416,0.426,0.408
8382,0.274,0.274,0.274,0.0,0.926,0.442,0.479,0.427
8383,0.274,0.274,0.274,0.0,0.987,0.496,0.493,0.446
8384,0.264,0.264,0.264,0.585,0.996,0.536,0.466,0.438
8385,0.274,0.274,0.274,0.726,0.967,0.563,0.436,0.427
8386,0.274,0.274,0.274,0.764,1.0,0.584,0.409,0.423
8387,0.284,0.284,0.284,0.815,0.992,0.594,0.402,0.417
8388,0.274,0.274,0.274,0.812,0.898,0.599,0.394,0.42
8389,0.518,0.518,0.518,0.786,0.89,0.598,0.386,0.419
8390,0.528,0.528,0.528,0.766,0.989,0.597,0.378,0.417
8391,0.518,0.518,0.518,0.57,0.988,0.592,0.376,0.407
8392,0.538,0.538,0.538,0.408,0.854,0.587,0.388,0.412
8393,0.774,0.774,0.774,0.0,0.588,0.604,0.438,0.45
8394,0.754,0.754,0.754,0.0,0.572,0.69,0.474,0.508
8395,0.764,0.764,0.764,0.0,0.372,0.677,0.473,0.518
8396,0.726,0.726,0.726,0.0,0.2,0.655,0.466,0.515
8397,0.518,0.518,0.518,0.0,0.281,0.626,0.453,0.502
8398,0.274,0.274,0.274,0.0,0.86,0.587,0.415,0.482
8399,0.264,0.264,0.264,0.0,0.919,0.53,0.38,0.454
8400,0.274,0.274,0.274,0.0,0.819,0.476,0.361,0.426
8401,0.264,0.264,0.264,0.0,0.895,0.441,0.356,0.409
8402,0.254,0.254,0.254,0.0,0.879,0.421,0.357,0.403
8403,0.264,0.264,0.264,0.0,0.767,0.41,0.363,0.4
8404,0.254,0.254,0.254,0.0,0.959,0.405,0.382,0.401
8405,0.264,0.264,0.264,0.0,0.988,0.41,0.426,0.412
8406,0.254,0.254,0.254,0.0,0.989,0.436,0.481,0.437
8407,0.264,0.264,0.264,0.0,0.993,0.493,0.492,0.455
8408,0.264,0.264,0.264,0.607,0.995,0.525,0.466,0.439
8409,0.264,0.264,0.264,0.737,0.997,0.555,0.434,0.43
8410,0.254,0.254,0.254,0.764,0.995,0.58,0.412,0.424
8411,0.5,0.5,0.5,0.764,0.993,0.593,0.398,0.419
8412,0.518,0.518,0.518,0.755,0.99,0.604,0.386,0.413
8413,0.538,0.538,0.538,0.744,0.995,0.603,0.379,0.409
8414,0.538,0.538,0.538,0.753,0.997,0.607,0.374,0.404
8415,0.566,0.566,0.566,0.706,0.989,0.603,0.373,0.402
8416,0.358,0.358,0.358,0.413,0.986,0.596,0.38,0.406
8417,0.538,0.538,0.538,0.0,0.989,0.611,0.429,0.445
8418,0.538,0.538,0.538,0.0,0.996,0.682,0.467,0.499
8419,0.528,0.528,0.528,0.0,0.991,0.676,0.466,0.502
8420,0.538,0.538,0.538,0.0,0.99,0.642,0.46,0.498
8421,0.528,0.528,0.528,0.0,0.976,0.617,0.445,0.489
8422,0.538,0.538,0.538,0.0,0.986,0.581,0.41,0.472
8423,0.528,0.528,0.528,0.0,0.976,0.526,0.372,0.442
8424,0.284,0.284,0.284,0.0,0.98,0.473,0.35,0.418
8425,0.264,0.264,0.264,0.0,0.937,0.44,0.345,0.403
8426,0.264,0.264,0.264,0.0,0.849,0.419,0.343,0.397
8427,0.264,0.264,0.264,0.0,0.816,0.407,0.349,0.392
8428,0.264,0.264,0.264,0.0,0.869,0.405,0.364,0.393
8429,0.264,0.264,0.264,0.0,0.678,0.409,0.407,0.401
8430,0.264,0.264,0.264,0.0,0.329,0.435,0.459,0.422
8431,0.264,0.264,0.264,0.0,0.152,0.489,0.477,0.442
8432,0.264,0.264,0.264,0.585,0.07,0.52,0.452,0.436
8433,0.254,0.254,0.254,0.742,0.036,0.556,0.425,0.434
8434,0.264,0.264,0.264,0.768,0.032,0.583,0.409,0.429
8435,0.434,0.434,0.434,0.792,0.005,0.602,0.395,0.425
8436,0.538,0.538,0.538,0.784,0.0,0.611,0.387,0.417
8437,0.538,0.538,0.538,0.784,0.0,0.618,0.388,0.41
8438,0.434,0.434,0.434,0.746,0.001,0.621,0.377,0.407
8439,0.472,0.472,0.472,0.642,0.019,0.62,0.374,0.406
8440,0.538,0.538,0.538,0.391,0.047,0.609,0.384,0.407
8441,0.528,0.528,0.528,0.0,0.076,0.615,0.425,0.443
8442,0.51,0.51,0.51,0.0,0.0,0.672,0.46,0.497
8443,0.434,0.434,0.434,0.0,0.0,0.661,0.459,0.497
8444,0.254,0.254,0.254,0.0,0.19,0.638,0.454,0.498
8445,0.264,0.264,0.264,0.0,0.256,0.618,0.44,0.487
8446,0.284,0.284,0.284,0.0,0.354,0.581,0.403,0.467
8447,0.284,0.284,0.284,0.0,0.85,0.527,0.365,0.443
8448,0.264,0.264,0.264,0.0,0.987,0.475,0.345,0.416
8449,0.264,0.264,0.264,0.0,0.994,0.439,0.338,0.402
8450,0.284,0.284,0.284,0.0,0.987,0.416,0.337,0.393
8451,0.292,0.292,0.292,0.0,1.0,0.402,0.341,0.392
8452,0.254,0.254,0.254,0.0,0.993,0.4,0.357,0.393
8453,0.264,0.264,0.264,0.0,0.987,0.407,0.396,0.401
8454,0.254,0.254,0.254,0.0,0.997,0.435,0.453,0.42
8455,0.274,0.274,0.274,0.0,0.938,0.49,0.468,0.438
8456,0.274,0.274,0.274,0.603,1.0,0.523,0.449,0.433
8457,0.274,0.274,0.274,0.775,1.0,0.552,0.426,0.427
8458,0.274,0.274,0.274,0.801,0.954,0.575,0.41,0.421
8459,0.264,0.264,0.264,0.821,0.762,0.592,0.395,0.417
8460,0.274,0.274,0.274,0.83,0.678,0.595,0.384,0.412
8461,0.274,0.274,0.274,0.79,0.654,0.594,0.376,0.405
8462,0.218,0.218,0.218,0.768,0.763,0.592,0.372,0.402
8463,0.274,0.274,0.274,0.66,0.695,0.587,0.369,0.399
8464,0.254,0.254,0.254,0.413,0.856,0.575,0.373,0.406
8465,0.254,0.254,0.254,0.0,0.703,0.591,0.414,0.438
8466,0.34,0.34,0.34,0.0,0.897,0.657,0.444,0.483
8467,0.35,0.35,0.35,0.0,0.73,0.646,0.438,0.485
8468,0.142,0.142,0.142,0.0,0.575,0.62,0.432,0.476
8469,0.094,0.094,0.094,0.0,0.082,0.597,0.422,0.469
8470,0.084,0.084,0.084,0.0,0.465,0.571,0.397,0.454
8471,0.094,0.094,0.094,0.0,0.395,0.526,0.368,0.44
8472,0.084,0.084,0.084,0.0,0.562,0.481,0.345,0.416
8473,0.084,0.084,0.084,0.0,0.764,0.449,0.336,0.399
8474,0.094,0.094,0.094,0.0,0.838,0.424,0.331,0.391
8475,0.084,0.084,0.084,0.0,0.759,0.41,0.332,0.387
8476,0.094,0.094,0.094,0.0,0.435,0.403,0.339,0.387
8477,0.094,0.094,0.094,0.0,0.318,0.401,0.356,0.389
8478,0.226,0.226,0.226,0.0,0.27,0.408,0.383,0.396
8479,0.274,0.274,0.274,0.0,0.211,0.424,0.403,0.4
8480,0.274,0.274,0.274,0.479,0.146,0.432,0.416,0.398
8481,0.284,0.284,0.284,0.777,0.109,0.468,0.414,0.406
8482,0.274,0.274,0.274,0.821,0.139,0.499,0.404,0.412
8483,0.274,0.274,0.274,0.819,0.266,0.512,0.389,0.413
8484,0.284,0.284,0.284,0.821,0.498,0.515,0.377,0.409
8485,0.274,0.274,0.274,0.819,0.441,0.513,0.367,0.403
8486,0.284,0.284,0.284,0.795,0.157,0.509,0.361,0.398
8487,0.274,0.274,0.274,0.66,0.069,0.497,0.361,0.398
8488,0.274,0.274,0.274,0.199,0.002,0.497,0.373,0.404
8489,0.236,0.236,0.236,0.0,0.016,0.531,0.416,0.44
8490,0.236,0.236,0.236,0.0,0.03,0.584,0.441,0.484
8491,0.236,0.236,0.236,0.0,0.02,0.588,0.433,0.481
8492,0.254,0.254,0.254,0.0,0.025,0.577,0.425,0.473
8493,0.34,0.34,0.34,0.0,0.001,0.565,0.413,0.467
8494,0.142,0.142,0.142,0.0,0.018,0.543,0.389,0.42
8495,0.094,0.094,0.094,0.0,0.026,0.511,0.357,0.438
8496,0.084,0.084,0.084,0.0,0.015,0.477,0.338,0.418
8497,0.084,0.084,0.084,0.0,0.019,0.445,0.323,0.405
8498,0.084,0.084,0.084,0.0,0.017,0.428,0.315,0.397
8499,0.094,0.094,0.094,0.0,0.015,0.419,0.312,0.393
8500,0.084,0.084,0.084,0.0,0.051,0.41,0.315,0.394
8501,0.084,0.084,0.084,0.0,0.027,0.407,0.328,0.399
8502,0.084,0.084,0.084,0.0,0.024,0.411,0.344,0.402
8503,0.094,0.094,0.094,0.0,0.011,0.419,0.36,0.406
8504,0.084,0.084,0.084,0.587,0.001,0.43,0.376,0.398
8505,0.084,0.084,0.084,0.779,0.0,0.454,0.384,0.403
8506,0.264,0.264,0.264,0.834,0.0,0.466,0.392,0.403
8507,0.254,0.254,0.254,0.821,0.004,0.472,0.381,0.403
8508,0.264,0.264,0.264,0.799,0.002,0.473,0.374,0.4
8509,0.264,0.264,0.264,0.786,0.001,0.471,0.366,0.399
8510,0.264,0.264,0.264,0.759,0.0,0.467,0.36,0.4
8511,0.264,0.264,0.264,0.684,0.0,0.465,0.361,0.401
8512,0.264,0.264,0.264,0.428,0.0,0.467,0.372,0.402
8513,0.274,0.274,0.274,0.0,0.007,0.491,0.421,0.441
8514,0.274,0.274,0.274,0.0,0.0,0.568,0.459,0.499
8515,0.284,0.284,0.284,0.0,0.001,0.586,0.462,0.507
8516,0.33,0.33,0.33,0.0,0.001,0.587,0.454,0.506
8517,0.358,0.358,0.358,0.0,0.0,0.583,0.439,0.499
8518,0.312,0.312,0.312,0.0,0.0,0.564,0.403,0.487
8519,0.274,0.274,0.274,0.0,0.0,0.526,0.369,0.468
8520,0.284,0.284,0.284,0.0,0.0,0.479,0.35,0.443
8521,0.094,0.094,0.094,0.0,0.003,0.447,0.339,0.425
8522,0.084,0.084,0.084,0.0,0.002,0.43,0.337,0.417
8523,0.084,0.084,0.084,0.0,0.012,0.421,0.34,0.413
8524,0.084,0.084,0.084,0.0,0.028,0.419,0.358,0.413
8525,0.094,0.094,0.094,0.0,0.028,0.422,0.396,0.422
8526,0.094,0.094,0.094,0.0,0.033,0.452,0.448,0.439
8527,0.084,0.084,0.084,0.0,0.029,0.501,0.467,0.454
8528,0.084,0.084,0.084,0.558,0.016,0.539,0.453,0.445
8529,0.094,0.094,0.094,0.717,0.001,0.574,0.435,0.441
8530,0.254,0.254,0.254,0.81,0.001,0.596,0.426,0.443
8531,0.274,0.274,0.274,0.828,0.003,0.605,0.417,0.442
8532,0.274,0.274,0.274,0.817,0.001,0.602,0.406,0.436
8533,0.264,0.264,0.264,0.808,0.0,0.59,0.404,0.431
8534,0.274,0.274,0.274,0.784,0.0,0.585,0.395,0.43
8535,0.264,0.264,0.264,0.698,0.0,0.576,0.395,0.432
8536,0.274,0.274,0.274,0.402,0.0,0.574,0.41,0.442
8537,0.274,0.274,0.274,0.0,0.0,0.592,0.454,0.488
8538,0.452,0.452,0.452,0.0,0.0,0.674,0.498,0.549
8539,0.528,0.528,0.528,0.0,0.03,0.68,0.501,0.555
8540,0.538,0.538,0.538,0.0,0.007,0.676,0.495,0.547
8541,0.472,0.472,0.472,0.0,0.015,0.653,0.477,0.528
8542,0.18,0.18,0.18,0.0,0.005,0.621,0.437,0.508
8543,0.246,0.246,0.246,0.0,0.008,0.563,0.398,0.473
8544,0.274,0.274,0.274,0.0,0.004,0.511,0.378,0.443
8545,0.292,0.292,0.292,0.0,0.009,0.47,0.372,0.423
8546,0.254,0.254,0.254,0.0,0.017,0.447,0.374,0.413
8547,0.274,0.274,0.274,0.0,0.01,0.438,0.379,0.41
8548,0.284,0.284,0.284,0.0,0.006,0.432,0.399,0.414
8549,0.264,0.264,0.264,0.0,0.003,0.44,0.44,0.425
8550,0.274,0.274,0.274,0.0,0.006,0.469,0.492,0.445
8551,0.274,0.274,0.274,0.0,0.007,0.514,0.51,0.462
8552,0.264,0.264,0.264,0.596,0.005,0.547,0.487,0.461
8553,0.274,0.274,0.274,0.751,0.001,0.576,0.458,0.465
8554,0.274,0.274,0.274,0.806,0.001,0.59,0.438,0.467
8555,0.264,0.264,0.264,0.81,0.016,0.597,0.423,0.457
8556,0.264,0.264,0.264,0.795,0.028,0.594,0.41,0.442
8557,0.264,0.264,0.264,0.79,0.022,0.587,0.405,0.432
8558,0.274,0.274,0.274,0.766,0.018,0.579,0.401,0.423
8559,0.274,0.274,0.274,0.702,0.001,0.573,0.402,0.416
8560,0.518,0.518,0.518,0.428,0.0,0.568,0.417,0.419
8561,0.528,0.528,0.528,0.0,0.0,0.583,0.466,0.461
8562,0.538,0.538,0.538,0.0,0.001,0.661,0.507,0.525
8563,0.528,0.528,0.528,0.0,0.005,0.664,0.51,0.538
8564,0.528,0.528,0.528,0.0,0.005,0.652,0.507,0.537
8565,0.5,0.5,0.5,0.0,0.011,0.636,0.495,0.531
8566,0.274,0.274,0.274,0.0,0.04,0.607,0.46,0.51
8567,0.264,0.264,0.264,0.0,0.042,0.558,0.423,0.487
8568,0.274,0.274,0.274,0.0,0.029,0.505,0.407,0.456
8569,0.302,0.302,0.302,0.0,0.007,0.467,0.404,0.438
8570,0.274,0.274,0.274,0.0,0.005,0.446,0.405,0.427
8571,0.254,0.254,0.254,0.0,0.012,0.434,0.414,0.425
8572,0.254,0.254,0.254,0.0,0.015,0.429,0.435,0.43
8573,0.254,0.254,0.254,0.0,0.013,0.438,0.477,0.44
8574,0.254,0.254,0.254,0.0,0.007,0.466,0.528,0.468
8575,0.274,0.274,0.274,0.0,0.0,0.511,0.546,0.485
8576,0.264,0.264,0.264,0.589,0.0,0.547,0.523,0.471
8577,0.274,0.274,0.274,0.762,0.0,0.581,0.489,0.464
8578,0.264,0.264,0.264,0.777,0.0,0.598,0.463,0.453
8579,0.264,0.264,0.264,0.757,0.0,0.602,0.441,0.446
8580,0.218,0.218,0.218,0.753,0.0,0.602,0.423,0.434
8581,0.518,0.518,0.518,0.775,0.0,0.59,0.408,0.425
8582,0.528,0.528,0.528,0.742,0.0,0.582,0.399,0.416
8583,0.518,0.518,0.518,0.667,0.0,0.581,0.395,0.412
8584,0.528,0.528,0.528,0.413,0.0,0.571,0.405,0.412
8585,0.518,0.518,0.518,0.0,0.0,0.589,0.458,0.451
8586,0.528,0.528,0.528,0.0,0.003,0.671,0.508,0.518
8587,0.33,0.33,0.33,0.0,0.001,0.676,0.515,0.531
8588,0.274,0.274,0.274,0.0,0.0,0.666,0.511,0.534
8589,0.274,0.274,0.274,0.0,0.0,0.648,0.505,0.526
8590,0.274,0.274,0.274,0.0,0.0,0.619,0.472,0.513
8591,0.142,0.142,0.142,0.0,0.023,0.566,0.436,0.489
8592,0.264,0.264,0.264,0.0,0.359,0.514,0.42,0.46
8593,0.284,0.284,0.284,0.0,0.594,0.475,0.415,0.439
8594,0.264,0.264,0.264,0.0,0.846,0.451,0.417,0.431
8595,0.246,0.246,0.246,0.0,0.815,0.443,0.422,0.43
8596,0.254,0.254,0.254,0.0,0.488,0.438,0.444,0.432
8597,0.246,0.246,0.246,0.0,0.205,0.444,0.482,0.445
8598,0.254,0.254,0.254,0.0,0.446,0.468,0.533,0.469
8599,0.254,0.254,0.254,0.0,0.419,0.514,0.548,0.485
8600,0.246,0.246,0.246,0.574,0.198,0.546,0.526,0.472
8601,0.254,0.254,0.254,0.74,0.33,0.579,0.492,0.462
8602,0.246,0.246,0.246,0.753,0.72,0.602,0.465,0.452
8603,0.264,0.264,0.264,0.751,0.826,0.609,0.441,0.444
8604,0.264,0.264,0.264,0.74,0.835,0.601,0.42,0.438
8605,0.274,0.274,0.274,0.742,0.539,0.592,0.406,0.427
8606,0.274,0.274,0.274,0.7,0.141,0.585,0.394,0.419
8607,0.264,0.264,0.264,0.611,0.013,0.582,0.39,0.419
8608,0.274,0.274,0.274,0.404,0.0,0.574,0.402,0.417
8609,0.482,0.482,0.482,0.0,0.0,0.595,0.452,0.446
8610,0.264,0.264,0.264,0.0,0.241,0.671,0.498,0.513
8611,0.264,0.264,0.264,0.0,0.199,0.665,0.503,0.54
8612,0.274,0.274,0.274,0.0,0.474,0.653,0.502,0.528
8613,0.084,0.084,0.084,0.0,0.38,0.635,0.493,0.522
8614,0.076,0.076,0.076,0.0,0.597,0.607,0.464,0.51
8615,0.076,0.076,0.076,0.0,0.904,0.557,0.429,0.485
8616,0.084,0.084,0.084,0.0,0.877,0.507,0.411,0.451
8617,0.114,0.114,0.114,0.0,0.706,0.464,0.403,0.432
8618,0.084,0.084,0.084,0.0,0.665,0.445,0.4,0.421
8619,0.094,0.094,0.094,0.0,0.508,0.433,0.402,0.414
8620,0.084,0.084,0.084,0.0,0.415,0.429,0.414,0.413
8621,0.084,0.084,0.084,0.0,0.05,0.431,0.447,0.42
8622,0.094,0.094,0.094,0.0,0.0,0.453,0.488,0.435
8623,0.084,0.084,0.084,0.0,0.0,0.494,0.508,0.45
8624,0.094,0.094,0.094,0.554,0.16,0.523,0.501,0.452
8625,0.084,0.084,0.084,0.768,0.085,0.554,0.487,0.456
8626,0.236,0.236,0.236,0.806,0.018,0.573,0.473,0.456
8627,0.254,0.254,0.254,0.832,0.034,0.582,0.472,0.449
8628,0.264,0.264,0.264,0.83,0.004,0.569,0.461,0.44
8629,0.254,0.254,0.254,0.815,0.001,0.554,0.452,0.423
8630,0.264,0.264,0.264,0.792,0.024,0.54,0.446,0.412
8631,0.254,0.254,0.254,0.693,0.018,0.531,0.442,0.406
8632,0.264,0.264,0.264,0.439,0.01,0.524,0.449,0.403
8633,0.084,0.084,0.084,0.0,0.014,0.538,0.484,0.439
8634,0.084,0.084,0.084,0.0,0.005,0.613,0.506,0.5
8635,0.084,0.084,0.084,0.0,0.002,0.622,0.501,0.506
8636,0.094,0.094,0.094,0.0,0.0,0.606,0.495,0.503
8637,0.094,0.094,0.094,0.0,0.013,0.59,0.488,0.493
8638,0.094,0.094,0.094,0.0,0.026,0.566,0.465,0.484
8639,0.104,0.104,0.104,0.0,0.012,0.529,0.435,0.467
8640,0.094,0.094,0.094,0.0,0.032,0.484,0.417,0.447
8641,0.122,0.122,0.122,0.0,0.008,0.448,0.409,0.427
8642,0.084,0.084,0.084,0.0,0.002,0.427,0.405,0.415
8643,0.084,0.084,0.084,0.0,0.002,0.415,0.408,0.409
8644,0.084,0.084,0.084,0.0,0.0,0.406,0.415,0.408
8645,0.084,0.084,0.084,0.0,0.001,0.408,0.431,0.411
8646,0.104,0.104,0.104,0.0,0.004,0.415,0.458,0.419
8647,0.094,0.094,0.094,0.0,0.0,0.431,0.48,0.42
8648,0.094,0.094,0.094,0.545,0.003,0.435,0.486,0.411
8649,0.094,0.094,0.094,0.695,0.003,0.459,0.473,0.413
8650,0.094,0.094,0.094,0.753,0.001,0.478,0.453,0.414
8651,0.104,0.104,0.104,0.797,0.004,0.486,0.431,0.41
8652,0.094,0.094,0.094,0.759,0.064,0.484,0.408,0.403
8653,0.094,0.094,0.094,0.779,0.058,0.48,0.389,0.396
8654,0.094,0.094,0.094,0.762,0.03,0.475,0.373,0.391
8655,0.104,0.104,0.104,0.684,0.144,0.471,0.368,0.387
8656,0.094,0.094,0.094,0.433,0.224,0.464,0.373,0.389
8657,0.094,0.094,0.094,0.0,0.067,0.482,0.417,0.415
8658,0.094,0.094,0.094,0.0,0.771,0.552,0.46,0.469
8659,0.104,0.104,0.104,0.0,0.771,0.563,0.462,0.479
8660,0.094,0.094,0.094,0.0,0.504,0.557,0.463,0.481
8661,0.104,0.104,0.104,0.0,0.265,0.545,0.455,0.477
8662,0.094,0.094,0.094,0.0,0.081,0.531,0.439,0.473
8663,0.226,0.226,0.226,0.0,0.072,0.503,0.413,0.462
8664,0.254,0.254,0.254,0.0,0.003,0.469,0.395,0.444
8665,0.142,0.142,0.142,0.0,0.035,0.438,0.386,0.426
8666,0.076,0.076,0.076,0.0,0.053,0.418,0.382,0.415
8667,0.076,0.076,0.076,0.0,0.016,0.401,0.386,0.412
8668,0.076,0.076,0.076,0.0,0.0,0.392,0.393,0.411
8669,0.076,0.076,0.076,0.0,0.0,0.391,0.41,0.416
8670,0.076,0.076,0.076,0.0,0.0,0.397,0.434,0.425
8671,0.084,0.084,0.084,0.0,0.005,0.403,0.453,0.425
8672,0.076,0.076,0.076,0.565,0.021,0.409,0.46,0.415
8673,0.076,0.076,0.076,0.731,0.029,0.427,0.445,0.414
8674,0.076,0.076,0.076,0.775,0.008,0.443,0.424,0.411
8675,0.076,0.076,0.076,0.775,0.005,0.451,0.404,0.406
8676,0.076,0.076,0.076,0.773,0.021,0.454,0.385,0.4
8677,0.076,0.076,0.076,0.726,0.038,0.454,0.374,0.393
8678,0.076,0.076,0.076,0.724,0.024,0.458,0.363,0.389
8679,0.076,0.076,0.076,0.647,0.015,0.456,0.359,0.388
8680,0.076,0.076,0.076,0.417,0.009,0.457,0.363,0.388
8681,0.254,0.254,0.254,0.0,0.148,0.472,0.399,0.412
8682,0.264,0.264,0.264,0.0,0.392,0.538,0.429,0.462
8683,0.264,0.264,0.264,0.0,0.736,0.539,0.426,0.462
8684,0.264,0.264,0.264,0.0,0.959,0.526,0.425,0.455
8685,0.254,0.254,0.254,0.0,0.759,0.513,0.424,0.45
8686,0.264,0.264,0.264,0.0,0.912,0.498,0.414,0.446
8687,0.264,0.264,0.264,0.0,0.875,0.479,0.396,0.442
8688,0.254,0.254,0.254,0.0,0.853,0.452,0.383,0.428
8689,0.104,0.104,0.104,0.0,0.746,0.429,0.375,0.414
8690,0.076,0.076,0.076,0.0,0.413,0.415,0.373,0.406
8691,0.084,0.084,0.084,0.0,0.339,0.401,0.378,0.401
8692,0.076,0.076,0.076,0.0,0.726,0.395,0.385,0.4
8693,0.076,0.076,0.076,0.0,0.779,0.391,0.402,0.402
8694,0.084,0.084,0.084,0.0,0.74,0.395,0.428,0.409
8695,0.076,0.076,0.076,0.0,0.369,0.402,0.442,0.403
8696,0.076,0.076,0.076,0.536,0.264,0.401,0.438,0.394
8697,0.084,0.084,0.084,0.711,0.473,0.415,0.417,0.389
8698,0.084,0.084,0.084,0.731,0.6,0.43,0.399,0.387
8699,0.264,0.264,0.264,0.744,0.591,0.439,0.38,0.385
8700,0.254,0.254,0.254,0.757,0.628,0.444,0.362,0.381
8701,0.264,0.264,0.264,0.713,0.798,0.446,0.347,0.378
8702,0.264,0.264,0.264,0.687,0.653,0.443,0.334,0.374
8703,0.254,0.254,0.254,0.649,0.652,0.442,0.325,0.371
8704,0.264,0.264,0.264,0.382,0.518,0.443,0.327,0.372
8705,0.482,0.482,0.482,0.0,0.4,0.452,0.361,0.395
8706,0.518,0.518,0.518,0.0,0.134,0.507,0.402,0.433
8707,0.518,0.518,0.518,0.0,0.138,0.512,0.411,0.437
8708,0.518,0.518,0.518,0.0,0.031,0.508,0.413,0.441
8709,0.518,0.518,0.518,0.0,0.012,0.503,0.411,0.438
8710,0.518,0.518,0.518,0.0,0.053,0.49,0.393,0.434
8711,0.33,0.33,0.33,0.0,0.041,0.466,0.367,0.425
8712,0.208,0.208,0.208,0.0,0.03,0.433,0.356,0.411
8713,0.076,0.076,0.076,0.0,0.028,0.41,0.352,0.399
8714,0.076,0.076,0.076,0.0,0.009,0.398,0.354,0.393
8715,0.084,0.084,0.084,0.0,0.0,0.389,0.361,0.39
8716,0.076,0.076,0.076,0.0,0.0,0.389,0.374,0.389
8717,0.076,0.076,0.076,0.0,0.016,0.394,0.406,0.396
8718,0.084,0.084,0.084,0.0,0.037,0.411,0.441,0.407
8719,0.094,0.094,0.094,0.0,0.067,0.447,0.459,0.411
8720,0.076,0.076,0.076,0.51,0.095,0.47,0.455,0.407
8721,0.084,0.084,0.084,0.658,0.108,0.502,0.434,0.414
8722,0.254,0.254,0.254,0.742,0.098,0.531,0.416,0.42
8723,0.264,0.264,0.264,0.74,0.069,0.548,0.4,0.419
8724,0.264,0.264,0.264,0.706,0.099,0.555,0.384,0.418
8725,0.264,0.264,0.264,0.691,0.146,0.551,0.371,0.417
8726,0.254,0.254,0.254,0.704,0.172,0.547,0.362,0.411
8727,0.264,0.264,0.264,0.623,0.141,0.542,0.358,0.407
8728,0.264,0.264,0.264,0.366,0.108,0.542,0.365,0.411
8729,0.444,0.444,0.444,0.0,0.1,0.552,0.41,0.448
8730,0.754,0.754,0.754,0.0,0.109,0.61,0.45,0.498
8731,0.764,0.764,0.764,0.0,0.158,0.608,0.447,0.501
8732,0.774,0.774,0.774,0.0,0.198,0.591,0.438,0.494
8733,0.784,0.784,0.784,0.0,0.204,0.575,0.427,0.483
8734,0.49,0.49,0.49,0.0,0.231,0.547,0.399,0.445
8735,0.32,0.32,0.32,0.0,0.107,0.504,0.366,0.448
8736,0.254,0.254,0.254,0.0,0.113,0.462,0.348,0.421
8737,0.084,0.084,0.084,0.0,0.086,0.431,0.341,0.404
8738,0.084,0.084,0.084,0.0,0.042,0.412,0.338,0.396
8739,0.094,0.094,0.094,0.0,0.009,0.405,0.341,0.396
8740,0.094,0.094,0.094,0.0,0.016,0.4,0.351,0.393
8741,0.094,0.094,0.094,0.0,0.063,0.408,0.381,0.399
8742,0.104,0.104,0.104,0.0,0.123,0.422,0.416,0.41
8743,0.114,0.114,0.114,0.0,0.16,0.455,0.434,0.413
8744,0.264,0.264,0.264,0.554,0.284,0.478,0.442,0.409
8745,0.264,0.264,0.264,0.082,0.282,0.514,0.443,0.412
8746,0.254,0.254,0.254,0.779,0.336,0.537,0.435,0.412
8747,0.264,0.264,0.264,0.845,0.222,0.551,0.427,0.413
8748,0.264,0.264,0.264,0.823,0.178,0.557,0.416,0.411
8749,0.254,0.254,0.254,0.711,0.476,0.553,0.408,0.407
8750,0.246,0.246,0.246,0.444,1.0,0.552,0.399,0.402
8751,0.254,0.254,0.254,0.589,0.885,0.544,0.39,0.4
8752,0.5,0.5,0.5,0.428,0.647,0.546,0.399,0.405
8753,0.518,0.518,0.518,0.0,0.565,0.555,0.434,0.438
8754,0.518,0.518,0.518,0.0,0.665,0.62,0.473,0.484
8755,0.51,0.51,0.51,0.0,0.765,0.624,0.469,0.49
8756,0.5,0.5,0.5,0.0,0.653,0.613,0.458,0.486
8757,0.5,0.5,0.5,0.0,0.873,0.592,0.445,0.473
8758,0.518,0.518,0.518,0.0,0.682,0.564,0.413,0.457
8759,0.254,0.254,0.254,0.0,0.522,0.518,0.382,0.436
8760,0.254,0.254,0.254,0.0,0.535,0.474,0.362,0.414
