name,seed,n_rep_periods,period_length,clustering_type,weight_type,normalization,tol,projection_error,sigma_max,sigma_min,kappa,stable_rank,numerical_rank,mean_weight_sum,max_weight_sum,frac_weight_sum_gt1,frac_weight_sum_lt1,weight_density,pgd_total_iters,pgd_max_iters_per_fit,cache_hits,cache_misses,termination_status,objective_value,cost_of_investment,cost_of_operations,cost_of_spillage,cost_of_borrow,n_variables,n_constraints,evaluation_termination_status,evaluated_objective_value,eval_cost_of_investment,eval_cost_of_operations,eval_cost_of_spillage,eval_cost_of_borrow,eval_n_variables,eval_n_constraints,total_spillage,total_borrow,time_to_preprocess,time_to_cluster,time_to_fit_weights,time_to_formulate_model,time_to_solve,time_to_read
tyndp/gep_1_8760_k_means_dirac_0.01_economic,653657,1,8760,k_means,dirac,economic,0.01,0.0,1.0,1.0,1.0,1.0,1,1.0,1.0,0.0,0.0,1.0,0,0,0,0,OPTIMAL,6.6152486747575805e7,4.2178614801414296e7,2.397387194609671e7,0.0,0.0,1489306,3959534,N/A,,,,,,0,0,0.0,0.0,0.004507792,0.216082875,1.0e-6,7.269749791,72.347363291,0.272698583
tyndp/gep_10_24_k_means_dirac_0.01_economic,653657,10,24,k_means,dirac,economic,0.01,795162.5852082047,394916.88547886343,6165.403716107824,64.05369439913525,1.0420262707725945,10,1.0,1.0,0.0,0.0,0.1,0,0,0,0,OPTIMAL,5.0846251832241766e7,3.326131037469894e7,1.758494145754341e7,0.0,0.0,40906,141154,OPTIMAL,3.33466848375944e8,3.326131037469894e7,3.002055380012408e8,0.0,0.0,1489306,3959534,0.0,0.0,0.004991583,0.15948725,1.666e-6,0.503459334,1.506041084,0.272698583
tyndp/gep_10_24_k_means_convex_0.01_economic,653657,10,24,k_means,convex,economic,0.01,759932.5195570156,394916.88547886343,6165.403716107824,64.05369439913525,1.0420262707725945,10,1.0,1.0000000000000002,0.0,0.0,0.2843835616438356,158626,1382,0,0,OPTIMAL,5.1242580595026955e7,3.3602539807541214e7,1.764004078748588e7,0.0,0.0,40906,141154,OPTIMAL,3.2665217197701204e8,3.3602539807541214e7,2.9304963216948265e8,0.0,0.0,1489306,3959534,0.0,0.0,0.005191125,0.257508417,0.514092208,0.498792083,1.455372167,0.272698583
tyndp/gep_10_24_k_means_conical_0.01_economic,653657,10,24,k_means,conical,economic,0.01,737895.1974825858,394916.88547886343,6165.403716107824,64.05369439913525,1.0420262707725945,10,1.0028599138027983,1.3256969764572195,0.536986301369863,0.46301369863013697,0.2821917808219178,188442,1415,0,0,OPTIMAL,5.153535520535767e7,3.361104842423083e7,1.7924306781127054e7,0.0,0.0,40906,141154,OPTIMAL,3.313899860555187e8,3.361104842423083e7,2.977789376313584e8,0.0,0.0,1489306,3959534,0.0,0.0,0.005191042,0.1559575,0.495444875,0.500346666,1.576016916,0.272698583
tyndp/gep_10_24_k_means_conical_bounded_0.01_economic,653657,10,24,k_means,conical_bounded,economic,0.01,750567.5675180029,394916.88547886343,6165.403716107824,64.05369439913525,1.0420262707725945,10,0.9571632725309053,1.0,0.0,0.5287671232876713,0.27972602739726027,169302,1382,0,0,OPTIMAL,5.087626500907584e7,3.346546175247798e7,1.7410803256597545e7,0.0,0.0,40906,141154,OPTIMAL,3.2137260090209275e8,3.346546175247798e7,2.8790713914961976e8,0.0,0.0,1489306,3959534,0.0,0.0,0.005101667,0.152421917,0.5246825,0.502378875,1.780345958,0.272698583
tyndp/gep_10_24_k_medoids_dirac_0.01_economic,653657,10,24,k_medoids,dirac,economic,0.01,966197.167859801,409429.37745105295,22432.656758216155,18.25148852692608,1.0994717920063046,10,1.0,1.0,0.0,0.0,0.1,0,0,0,0,OPTIMAL,6.012170422255399e7,4.129881398211267e7,1.8822890240441166e7,0.0,0.0,40906,141154,OPTIMAL,9.392600382485344e7,4.129881398211267e7,5.262718984268513e7,0.0,0.0,1489306,3959534,0.0,0.0,0.00516875,0.623086958,1.584e-6,0.445896125,1.455227417,0.272698583
tyndp/gep_10_24_k_medoids_convex_0.01_economic,653657,10,24,k_medoids,convex,economic,0.01,794946.5812061435,409429.37745105295,22432.656758216155,18.25148852692608,1.0994717920063046,10,1.0,1.0000000000000002,0.0,0.0,0.45972602739726026,139453,588,0,0,OPTIMAL,6.115278213563398e7,4.114664684883965e7,2.0006135286794282e7,0.0,0.0,40906,141154,OPTIMAL,9.48688151520491e7,4.114664684883965e7,5.372216830322218e7,0.0,0.0,1489306,3959534,0.0,0.0,0.005227125,0.265688958,0.051679,0.937392625,1.654442291,0.272698583
tyndp/gep_10_24_k_medoids_conical_0.01_economic,653657,10,24,k_medoids,conical,economic,0.01,764400.9837128002,409429.37745105295,22432.656758216155,18.25148852692608,1.0994717920063046,10,0.9605685147500066,1.3620904571263774,0.36164383561643837,0.6109589041095891,0.4761643835616438,151377,655,0,0,OPTIMAL,6.097116132651462e7,4.1142300855880044e7,1.982886047063458e7,0.0,0.0,40906,141154,OPTIMAL,9.47582638875653e7,4.1142300855880044e7,5.361596303165745e7,0.0,0.0,1489306,3959534,0.0,0.0,0.004990291,0.146077,0.109217375,0.653304417,1.813196,0.272698583
tyndp/gep_10_24_k_medoids_conical_bounded_0.01_economic,653657,10,24,k_medoids,conical_bounded,economic,0.01,773256.2959329992,409429.37745105295,22432.656758216155,18.25148852692608,1.0994717920063046,10,0.923845019207637,1.0,0.0,0.6821917808219178,0.4586301369863014,145728,625,0,0,OPTIMAL,6.071585635476101e7,4.109286241754163e7,1.962299393721912e7,0.0,0.0,40906,141154,OPTIMAL,9.541069963893926e7,4.109286241754163e7,5.431783722140661e7,0.0,0.0,1489306,3959534,0.0,0.0,0.005236959,0.259820291,0.054760125,0.927690625,1.78634725,0.272698583
tyndp/gep_10_24_hierarchical_dirac_0.01_economic,653657,10,24,hierarchical,dirac,economic,0.01,1.0118008254262422e6,400631.8760417363,18756.41127533777,21.359729756433463,1.0827897012343377,10,1.0,1.0,0.0,0.0,0.1,0,0,0,0,OPTIMAL,5.314531122615578e7,3.587317735139807e7,1.727213387475762e7,0.0,0.0,40906,141154,OPTIMAL,2.3548273131379104e8,3.587317735139807e7,1.996095539623739e8,0.0,0.0,1489306,3959534,0.0,0.0,0.005180125,0.599983042,1.75e-6,0.547486917,1.492254125,0.272698583
tyndp/gep_10_24_hierarchical_convex_0.01_economic,653657,10,24,hierarchical,convex,economic,0.01,837627.0444272126,400631.8760417363,18756.41127533777,21.359729756433463,1.0827897012343377,10,1.0,1.0000000000000002,0.0,0.0,0.46876712328767123,148064,638,0,0,OPTIMAL,5.362187776107877e7,3.676033142003141e7,1.6861546341047663e7,0.0,0.0,40906,141154,OPTIMAL,2.471883059503118e8,3.676033142003141e7,2.1042797453027418e8,0.0,0.0,1489306,3959534,0.0,0.0,0.005165167,0.310261084,0.054008375,0.951479459,1.802882167,0.272698583
tyndp/gep_10_24_hierarchical_conical_0.01_economic,653657,10,24,hierarchical,conical,economic,0.01,806993.2689920596,400631.8760417363,18756.41127533777,21.359729756433463,1.0827897012343377,10,0.968220269231971,1.3275587800635733,0.4,0.5726027397260274,0.4841095890410959,161599,697,0,0,OPTIMAL,5.3658549175336674e7,3.69980682042016e7,1.6660480971135136e7,0.0,0.0,40906,141154,OPTIMAL,2.6382038840834814e8,3.69980682042016e7,2.2682232020420402e8,0.0,0.0,1489306,3959534,0.0,0.0,0.005181666,0.154012625,0.091668125,0.447598708,1.779130083,0.272698583
tyndp/gep_10_24_hierarchical_conical_bounded_0.01_economic,653657,10,24,hierarchical,conical_bounded,economic,0.01,819092.5081471299,400631.8760417363,18756.41127533777,21.359729756433463,1.0827897012343377,10,0.9252236343081082,1.0,0.0,0.6109589041095891,0.4638356164383562,154227,688,0,0,OPTIMAL,5.317890694047595e7,3.683770076201116e7,1.634120617846466e7,0.0,0.0,40906,141154,OPTIMAL,2.5785210064911354e8,3.683770076201116e7,2.210143998871263e8,0.0,0.0,1489306,3959534,0.0,0.0,0.005217625,0.148443333,0.066469208,0.456944167,1.884732084,0.272698583
tyndp/gep_10_24_chronological_dirac_0.01_economic,653657,10,24,chronological,dirac,economic,0.01,1.124693064236561e6,387581.5171582128,22397.631602735335,17.304575949489184,1.0948518778466214,10,1.0,1.0,0.0,0.0,0.1,0,0,0,0,OPTIMAL,5.388586373960476e7,3.6373147362352416e7,1.751271637725241e7,0.0,0.0,40906,141154,OPTIMAL,2.416012005555081e8,3.6373147362352416e7,2.05228053193069e8,0.0,0.0,1489306,3959534,0.0,0.0,0.005193667,0.15025425,1.666e-6,0.451028875,1.003995542,0.272698583
tyndp/gep_10_24_chronological_convex_0.01_economic,653657,10,24,chronological,convex,economic,0.01,854000.1059656246,387581.5171582128,22397.631602735335,17.304575949489184,1.0948518778466214,10,1.0,1.0000000000000002,0.0,0.0,0.47698630136986303,142420,589,0,0,OPTIMAL,5.398978499897061e7,3.6227245698002905e7,1.776253930096794e7,0.0,0.0,40906,141154,OPTIMAL,2.311082717872913e8,3.6227245698002905e7,1.9488102608922905e8,0.0,0.0,1489306,3959534,0.0,0.0,0.005255041,0.157465542,0.054551708,0.457968625,1.713966834,0.272698583
tyndp/gep_10_24_chronological_conical_0.01_economic,653657,10,24,chronological,conical,economic,0.01,811371.9427468667,387581.5171582128,22397.631602735335,17.304575949489184,1.0948518778466214,10,0.998669991164037,1.4704810048702281,0.46301369863013697,0.5095890410958904,0.5068493150684932,156428,605,0,0,OPTIMAL,5.388291394139828e7,3.6281145567821294e7,1.760176837357703e7,0.0,0.0,40906,141154,OPTIMAL,2.3643696023820218e8,3.6281145567821294e7,2.0015581467032295e8,0.0,0.0,1489306,3959534,0.0,0.0,0.00520525,0.27039625,0.035600583,0.47374775,2.255167583,0.272698583
tyndp/gep_10_24_chronological_conical_bounded_0.01_economic,653657,10,24,chronological,conical_bounded,economic,0.01,834498.4336902974,387581.5171582128,22397.631602735335,17.304575949489184,1.0948518778466214,10,0.9377794402923466,1.0,0.0,0.589041095890411,0.4778082191780822,147516,614,0,0,OPTIMAL,5.3425996593475886e7,3.6178910345280245e7,1.7247086248195615e7,0.0,0.0,40906,141154,OPTIMAL,2.3708221261430976e8,3.6178910345280245e7,2.009033022689367e8,0.0,0.0,1489306,3959534,0.0,0.0,0.005058334,0.144727459,0.136484708,0.648807208,1.743209709,0.272698583
tyndp/gep_10_24_convex_hull_dirac_0.01_economic,653657,10,24,convex_hull,dirac,economic,0.01,1.1758992386360324e6,422563.7333157672,26303.417398818423,16.06497463461722,1.1841550207832412,10,1.0,1.0,0.0,0.0,0.1,0,0,856,2384,OPTIMAL,7.065319548428698e7,4.0642414997443005e7,3.0010780486843884e7,0.0,0.0,40906,141154,OPTIMAL,1.2239204065502952e8,4.0642414997443005e7,8.17496256576376e7,0.0,0.0,1489306,3959534,0.0,0.0,0.005186708,0.9877985,1.209e-6,0.404211916,1.585192583,0.272698583
tyndp/gep_10_24_convex_hull_convex_0.01_economic,653657,10,24,convex_hull,convex,economic,0.01,800113.0061073564,422563.7333157672,26303.417398818423,16.06497463461722,1.1841550207832412,10,1.0,1.0000000000000002,0.0,0.0,0.5484931506849315,111497,477,856,2384,OPTIMAL,7.408101969788168e7,4.223520726621472e7,3.184581243166653e7,0.0,0.0,40906,141154,OPTIMAL,1.231947652459867e8,4.223520726621472e7,8.095955797979738e7,0.0,0.0,1489306,3959534,0.0,0.0,0.005186459,0.354182417,0.039866834,0.525957292,1.463422916,0.272698583
tyndp/gep_10_24_convex_hull_conical_0.01_economic,653657,10,24,convex_hull,conical,economic,0.01,759178.6067531984,422563.7333157672,26303.417398818423,16.06497463461722,1.1841550207832412,10,0.9057111413385893,1.239225157602805,0.2493150684931507,0.7232876712328767,0.5638356164383561,123983,537,856,2384,OPTIMAL,7.391370095437267e7,4.235351381548613e7,3.1560187138886973e7,0.0,0.0,40906,141154,OPTIMAL,1.2529011623827371e8,4.235351381548613e7,8.293660242277595e7,0.0,0.0,1489306,3959534,0.0,0.0,0.005180208,1.100561542,0.029132584,0.501100875,1.734788709,0.272698583
tyndp/gep_10_24_convex_hull_conical_bounded_0.01_economic,653657,10,24,convex_hull,conical_bounded,economic,0.01,765983.2016778797,422563.7333157672,26303.417398818423,16.06497463461722,1.1841550207832412,10,0.883402814972033,1.0,0.0,0.7698630136986301,0.5504109589041096,121934,561,856,2384,OPTIMAL,7.289603223834385e7,4.224140971678712e7,3.0654622521557033e7,0.0,0.0,40906,141154,OPTIMAL,1.2471921083216229e8,4.224140971678712e7,8.247780111542732e7,0.0,0.0,1489306,3959534,0.0,0.0,0.005225375,0.35421525,0.045568458,0.528728208,1.810350458,0.272698583
tyndp/gep_10_24_convex_hull_with_null_dirac_0.01_economic,653657,10,24,convex_hull_with_null,dirac,economic,0.01,1.1761483921798877e6,433888.8094511438,28824.584638005068,15.052734146915116,1.1846915928156243,10,1.0,1.0,0.0,0.0,0.1,0,0,862,2743,OPTIMAL,9.911861399757758e7,4.774006785566105e7,5.137854614191623e7,0.0,0.0,40906,141154,OPTIMAL,7.75805961985362e7,4.774006785566105e7,2.984052834290656e7,0.0,0.0,1489306,3959534,0.0,0.0,0.005176125,1.027746875,1.0e-6,0.400525833,1.720457917,0.272698583
tyndp/gep_10_24_convex_hull_with_null_convex_0.01_economic,653657,10,24,convex_hull_with_null,convex,economic,0.01,811433.1899717469,433888.8094511438,28824.584638005068,15.052734146915116,1.1846915928156243,10,1.0,1.0000000000000002,0.0,0.0,0.5364383561643835,113322,503,862,2743,OPTIMAL,1.0429243813247648e8,4.798426684244336e7,5.6308171290032595e7,0.0,0.0,40906,141154,OPTIMAL,8.079086568792671e7,4.798426684244336e7,3.2806598845484816e7,0.0,0.0,1489306,3959534,0.0,0.0,0.005176,0.835042167,0.216702958,0.485811291,1.87163,0.272698583
tyndp/gep_10_24_convex_hull_with_null_conical_0.01_economic,653657,10,24,convex_hull_with_null,conical,economic,0.01,746375.5429930083,433888.8094511438,28824.584638005068,15.052734146915116,1.1846915928156243,10,0.9111365953564069,1.2497566637212927,0.2602739726027397,0.7123287671232876,0.5473972602739726,128444,512,862,2743,OPTIMAL,9.315712955690654e7,4.613118907950697e7,4.702594047740033e7,0.0,0.0,40906,141154,OPTIMAL,7.988154497724096e7,4.613118907950697e7,3.3750355897729374e7,0.0,0.0,1489306,3959534,0.0,0.0,0.005217209,0.838659417,0.20612425,0.486289458,1.698368459,0.272698583
tyndp/gep_10_24_convex_hull_with_null_conical_bounded_0.01_economic,653657,10,24,convex_hull_with_null,conical_bounded,economic,0.01,752595.3893334902,433888.8094511438,28824.584638005068,15.052734146915116,1.1846915928156243,10,0.8867170248395052,1.0,0.0,0.7753424657534247,0.5378082191780822,126182,489,862,2743,OPTIMAL,8.999748756956628e7,4.614062716195378e7,4.385686040761259e7,0.0,0.0,40906,141154,OPTIMAL,8.091792043479437e7,4.614062716195378e7,3.477729327285517e7,0.0,0.0,1489306,3959534,0.0,0.0,0.005273916,0.882618541,0.116346917,0.641714042,1.98597575,0.272698583
tyndp/gep_10_24_conical_hull_dirac_0.01_economic,653657,10,24,conical_hull,dirac,economic,0.01,1.1833146240368315e6,322125.3016914302,29679.10527427817,10.85360554890463,1.272620095674998,10,1.0,1.0,0.0,0.0,0.1,0,0,660,2580,OPTIMAL,8.429038772634493e7,4.354088191759957e7,4.074950580874546e7,0.0,0.0,40906,141154,OPTIMAL,7.552741759768063e7,4.354088191759957e7,3.198653568005479e7,0.0,0.0,1489306,3959534,0.0,0.0,0.005273917,0.770493584,1.208e-6,0.482033417,1.5263245,0.272698583
tyndp/gep_10_24_conical_hull_convex_0.01_economic,653657,10,24,conical_hull,convex,economic,0.01,886798.8962593311,322125.3016914302,29679.10527427817,10.85360554890463,1.272620095674998,10,1.0,1.0000000000000004,0.0,0.0,0.5345205479452054,86926,389,660,2580,OPTIMAL,1.016561889211863e8,4.916337225524466e7,5.249281666594193e7,0.0,0.0,40906,141154,OPTIMAL,7.851356714602815e7,4.916337225524466e7,2.935019489077484e7,0.0,0.0,1489306,3959534,0.0,0.0,0.0052065,0.672133791,0.100999042,0.644734833,1.7549125,0.272698583
tyndp/gep_10_24_conical_hull_conical_0.01_economic,653657,10,24,conical_hull,conical,economic,0.01,772613.1900364424,322125.3016914302,29679.10527427817,10.85360554890463,1.272620095674998,10,1.1997905444525419,1.6637745943216524,0.8657534246575342,0.10684931506849316,0.6232876712328768,103297,433,660,2580,OPTIMAL,9.782681287054212e7,4.837907449547734e7,4.9447738375065364e7,0.0,0.0,40906,141154,OPTIMAL,7.743265126920363e7,4.837907449547734e7,2.9053576773695983e7,0.0,0.0,1489306,3959534,0.0,0.0,0.005246375,0.776548625,0.097137833,0.655271917,1.955942708,0.272698583
tyndp/gep_10_24_conical_hull_conical_bounded_0.01_economic,653657,10,24,conical_hull,conical_bounded,economic,0.01,885579.2264124686,322125.3016914302,29679.10527427817,10.85360554890463,1.272620095674998,10,0.9884018231124145,1.0,0.0,0.24383561643835616,0.5312328767123288,87233,387,660,2580,OPTIMAL,1.0193540834450297e8,4.924311184405093e7,5.269229650045198e7,0.0,0.0,40906,141154,OPTIMAL,8.008617723767984e7,4.924311184405093e7,3.084306539362593e7,0.0,0.0,1489306,3959534,0.0,0.0,0.005236625,0.790266708,0.035473,0.53667275,1.959343542,0.272698583
tyndp/gep_20_24_k_means_dirac_0.01_economic,653657,20,24,k_means,dirac,economic,0.01,752537.8192031911,563582.3503486516,5410.50298432117,104.16450226195775,1.0582814927571769,20,1.0,1.0,0.0,0.0,0.05,0,0,0,0,OPTIMAL,5.259648095987044e7,3.470327890218292e7,1.789320205768801e7,0.0,0.0,81706,248714,OPTIMAL,1.7439412400475967e8,3.470327890218292e7,1.3969084510263154e8,0.0,0.0,1489306,3959534,0.0,0.0,0.005210583,0.154709084,7.08e-7,0.567037792,5.937647333,0.272698583
tyndp/gep_20_24_k_means_convex_0.01_economic,653657,20,24,k_means,convex,economic,0.01,708372.6484474347,563582.3503486516,5410.50298432117,104.16450226195775,1.0582814927571769,20,1.0,1.0000000000000002,0.0,0.0,0.18095890410958904,259516,1917,0,0,OPTIMAL,5.340193182133497e7,3.508822867182049e7,1.8313703149514724e7,0.0,0.0,81706,248714,OPTIMAL,1.85420021114136e8,3.508822867182049e7,1.5033179244228333e8,0.0,0.0,1489306,3959534,0.0,0.0,0.0052815,0.164098916,0.252597209,0.566252583,10.742581125,0.272698583
tyndp/gep_20_24_k_means_conical_0.01_economic,653657,20,24,k_means,conical,economic,0.01,687651.404517276,563582.3503486516,5410.50298432117,104.16450226195775,1.0582814927571769,20,1.0027784835284428,1.2808554600511304,0.5726027397260274,0.4273972602739726,0.18273972602739727,296399,1918,0,0,OPTIMAL,5.363902890772265e7,3.5172653984000996e7,1.8466374923721574e7,0.0,0.0,81706,248714,OPTIMAL,1.8521618305561265e8,3.5172653984000996e7,1.5004352907153666e8,0.0,0.0,1489306,3959534,0.0,0.0,0.00523125,0.201485708,0.22356475,0.56826375,11.243140667,0.272698583
tyndp/gep_20_24_k_means_conical_bounded_0.01_economic,653657,20,24,k_means,conical_bounded,economic,0.01,699098.7980619823,563582.3503486516,5410.50298432117,104.16450226195775,1.0582814927571769,20,0.9603851000310035,1.0000000000000002,0.0,0.5013698630136987,0.18054794520547945,270833,1917,0,0,OPTIMAL,5.311131341623403e7,3.507967544822659e7,1.8031637968007755e7,0.0,0.0,81706,248714,OPTIMAL,1.862073377147598e8,3.507967544822659e7,1.511276622664715e8,0.0,0.0,1489306,3959534,0.0,0.0,0.005243125,0.160799542,0.293412583,0.565778166,11.302999833,0.272698583
tyndp/gep_20_24_k_medoids_dirac_0.01_economic,653657,20,24,k_medoids,dirac,economic,0.01,923534.0557216273,555649.2013011515,16114.155017377363,34.482056347474895,1.118667564816742,20,1.0,1.0,0.0,0.0,0.05,0,0,0,0,OPTIMAL,5.954048242141552e7,3.94508507682217e7,2.008963165319411e7,0.0,0.0,81706,248714,OPTIMAL,8.853953765788747e7,3.94508507682217e7,4.908868688968241e7,0.0,0.0,1489306,3959534,0.0,0.0,0.0051495,0.153179542,8.75e-7,0.565572416,5.495498041,0.272698583
tyndp/gep_20_24_k_medoids_convex_0.01_economic,653657,20,24,k_medoids,convex,economic,0.01,730742.5952093985,555649.2013011515,16114.155017377363,34.482056347474895,1.118667564816742,20,1.0,1.0000000000000002,0.0,0.0,0.2908219178082192,220435,1019,0,0,OPTIMAL,5.9096723353352994e7,3.706234029484665e7,2.203438305850677e7,0.0,0.0,81706,248714,OPTIMAL,1.0244917815772772e8,3.706234029484665e7,6.538683786291004e7,0.0,0.0,1489306,3959534,0.0,0.0,0.005222625,0.270975458,0.665656542,0.796035666,14.527452417,0.272698583
tyndp/gep_20_24_k_medoids_conical_0.01_economic,653657,20,24,k_medoids,conical,economic,0.01,709635.7728552078,555649.2013011515,16114.155017377363,34.482056347474895,1.118667564816742,20,0.9924831294274571,1.307466701824363,0.4438356164383562,0.5013698630136987,0.3015068493150685,236440,1007,0,0,OPTIMAL,5.936940619669781e7,3.722710081736641e7,2.2142305379331987e7,0.0,0.0,81706,248714,OPTIMAL,1.0308905632914548e8,3.722710081736641e7,6.586195551174222e7,0.0,0.0,1489306,3959534,0.0,0.0,0.005207667,0.224848334,0.100947917,0.603854583,17.415540917,0.272698583
tyndp/gep_20_24_k_medoids_conical_bounded_0.01_economic,653657,20,24,k_medoids,conical_bounded,economic,0.01,720811.7796536578,555649.2013011515,16114.155017377363,34.482056347474895,1.118667564816742,20,0.9467810548344842,1.0000000000000002,0.0,0.6191780821917808,0.28726027397260273,226156,1071,0,0,OPTIMAL,5.894493745417638e7,3.7251283699087545e7,2.169365375508836e7,0.0,0.0,81706,248714,OPTIMAL,1.0347613382554096e8,3.7251283699087545e7,6.622485012640535e7,0.0,0.0,1489306,3959534,0.0,0.0,0.005317333,0.228141958,0.202393167,0.65441475,18.394585334,0.272698583
tyndp/gep_20_24_hierarchical_dirac_0.01_economic,653657,20,24,hierarchical,dirac,economic,0.01,958642.013119773,555197.3822082604,14753.518474686125,37.63152384028665,1.1153349136899398,20,1.0,1.0,0.0,0.0,0.05,0,0,0,0,OPTIMAL,6.2501254016995616e7,4.153156519079326e7,2.0969688826202497e7,0.0,0.0,81706,248714,OPTIMAL,9.495047614426096e7,4.153156519079326e7,5.3418910953515425e7,0.0,0.0,1489306,3959534,0.0,0.0,0.00524075,0.227421333,1.666e-6,0.567645375,5.368956167,0.272698583
tyndp/gep_20_24_hierarchical_convex_0.01_economic,653657,20,24,hierarchical,convex,economic,0.01,732565.5830529598,555197.3822082604,14753.518474686125,37.63152384028665,1.1153349136899398,20,1.0,1.0000000000000002,0.0,0.0,0.2979452054794521,229519,989,0,0,OPTIMAL,6.3849989983951695e7,3.903682946740821e7,2.4813160516543582e7,0.0,0.0,81706,248714,OPTIMAL,9.747612826930363e7,3.903682946740821e7,5.8439298801869765e7,0.0,0.0,1489306,3959534,0.0,0.0,0.005146375,0.629690959,0.385767417,0.60409775,13.710048958,0.272698583
tyndp/gep_20_24_hierarchical_conical_0.01_economic,653657,20,24,hierarchical,conical,economic,0.01,705145.7018532353,555197.3822082604,14753.518474686125,37.63152384028665,1.1153349136899398,20,1.0139757871932769,1.457530557603171,0.5178082191780822,0.4273972602739726,0.31602739726027396,247955,1043,0,0,OPTIMAL,6.430880487210661e7,3.9147018597102635e7,2.5161786275004424e7,0.0,0.0,81706,248714,OPTIMAL,9.38867153515911e7,3.9147018597102635e7,5.473969675452267e7,0.0,0.0,1489306,3959534,0.0,0.0,0.005238125,0.6215725,0.333952333,0.622130292,16.639962417,0.272698583
tyndp/gep_20_24_hierarchical_conical_bounded_0.01_economic,653657,20,24,hierarchical,conical_bounded,economic,0.01,721942.7799964669,555197.3822082604,14753.518474686125,37.63152384028665,1.1153349136899398,20,0.9564279636073543,1.0000000000000002,0.0,0.5342465753424658,0.2984931506849315,233250,1020,0,0,OPTIMAL,6.325159643820762e7,3.874655202538837e7,2.4505044412819076e7,0.0,0.0,81706,248714,OPTIMAL,9.80777895093836e7,3.874655202538837e7,5.933123748391535e7,0.0,0.0,1489306,3959534,0.0,0.0,0.005252375,0.626436667,0.394475875,0.59760475,21.196359625,0.272698583
tyndp/gep_20_24_chronological_dirac_0.01_economic,653657,20,24,chronological,dirac,economic,0.01,1.0857749928973606e6,551836.9970081598,16668.07937637411,33.10741355061891,1.1022657010364123,20,1.0,1.0,0.0,0.0,0.05,0,0,0,0,OPTIMAL,6.318004258850951e7,4.016376965519449e7,2.3016272933314353e7,0.0,0.0,81706,248714,OPTIMAL,1.7532633139645588e8,4.016376965519449e7,1.3516256174133557e8,0.0,0.0,1489306,3959534,0.0,0.0,0.005177083,0.623544458,1.709e-6,0.6353995,2.644398458,0.272698583
tyndp/gep_20_24_chronological_convex_0.01_economic,653657,20,24,chronological,convex,economic,0.01,770034.0774703614,551836.9970081598,16668.07937637411,33.10741355061891,1.1022657010364123,20,1.0,1.0000000000000002,0.0,0.0,0.2949315068493151,226715,977,0,0,OPTIMAL,6.4726439870746925e7,4.46045998618998e7,2.012184000884782e7,0.0,0.0,81706,248714,OPTIMAL,1.4150286729284552e8,4.46045998618998e7,9.68982674309402e7,0.0,0.0,1489306,3959534,0.0,0.0,0.005255875,0.15547475,0.291469458,1.053702083,17.061795541,0.272698583
tyndp/gep_20_24_chronological_conical_0.01_economic,653657,20,24,chronological,conical,economic,0.01,737145.5446304065,551836.9970081598,16668.07937637411,33.10741355061891,1.1022657010364123,20,1.001172475083696,1.337113229093547,0.4657534246575342,0.4794520547945205,0.30917808219178083,241089,982,0,0,OPTIMAL,6.402264766203312e7,4.364582188150909e7,2.0376825780523553e7,0.0,0.0,81706,248714,OPTIMAL,1.3415588685554571e8,4.364582188150909e7,9.051006497398597e7,0.0,0.0,1489306,3959534,0.0,0.0,0.0053035,0.21995825,0.108301292,0.682473875,15.139859958,0.272698583
tyndp/gep_20_24_chronological_conical_bounded_0.01_economic,653657,20,24,chronological,conical_bounded,economic,0.01,754475.5938774995,551836.9970081598,16668.07937637411,33.10741355061891,1.1022657010364123,20,0.9478470637644199,1.0000000000000002,0.0,0.6191780821917808,0.2928767123287671,229396,966,0,0,OPTIMAL,6.271484470261947e7,4.0037727823647015e7,2.2677116878972292e7,0.0,0.0,81706,248714,OPTIMAL,1.5203532358727145e8,4.0037727823647015e7,1.1199759576362126e8,0.0,0.0,1489306,3959534,0.0,0.0,0.005176375,0.222208291,0.192332292,0.6533875,14.451834041,0.272698583
tyndp/gep_20_24_convex_hull_dirac_0.01_economic,653657,20,24,convex_hull,dirac,economic,0.01,1.0530406846551264e6,580457.9086605712,19223.56576391385,30.195121747402183,1.1866595228343426,20,1.0,1.0,0.0,0.0,0.05,0,0,2658,4087,OPTIMAL,6.938549184297808e7,4.342577797142856e7,2.5959713871549945e7,0.0,0.0,81706,248714,OPTIMAL,6.953446359601972e7,4.342577797142856e7,2.610868562457011e7,0.0,0.0,1489306,3959534,0.0,0.0,0.005257875,0.85819225,1.0e-6,0.557673291,6.254377083,0.272698583
tyndp/gep_20_24_convex_hull_convex_0.01_economic,653657,20,24,convex_hull,convex,economic,0.01,683459.8527404695,580457.9086605712,19223.56576391385,30.195121747402183,1.1866595228343426,20,1.0,1.0000000000000002,0.0,0.0,0.36205479452054795,190537,821,2658,4087,OPTIMAL,7.303985993798667e7,4.353973974599448e7,2.9500120191992193e7,0.0,0.0,81706,248714,OPTIMAL,6.945357716091378e7,4.353973974599448e7,2.5913837414935295e7,0.0,0.0,1489306,3959534,0.0,0.0,0.005204,1.549844958,0.134840791,0.647506166,12.177619875,0.272698583
tyndp/gep_20_24_convex_hull_conical_0.01_economic,653657,20,24,convex_hull,conical,economic,0.01,664115.3907641929,580457.9086605712,19223.56576391385,30.195121747402183,1.1866595228343426,20,0.9849790778169613,1.2752618581582316,0.4301369863013699,0.5150684931506849,0.37246575342465754,205929,851,2658,4087,OPTIMAL,7.473986658558322e7,4.3477183172872946e7,3.1262683412710357e7,0.0,0.0,81706,248714,OPTIMAL,6.990294223932886e7,4.3477183172872946e7,2.6425759066470735e7,0.0,0.0,1489306,3959534,0.0,0.0,0.00523575,0.84558125,0.083343708,0.629383333,13.718615959,0.272698583
tyndp/gep_20_24_convex_hull_conical_bounded_0.01_economic,653657,20,24,convex_hull,conical_bounded,economic,0.01,673420.9255343194,580457.9086605712,19223.56576391385,30.195121747402183,1.1866595228343426,20,0.945183653011994,1.0000000000000002,0.0,0.6575342465753424,0.35726027397260274,198127,841,2658,4087,OPTIMAL,7.347142877042364e7,4.346753476630092e7,3.0003894004122425e7,0.0,0.0,81706,248714,OPTIMAL,6.965755420741616e7,4.346753476630092e7,2.6190019441112302e7,0.0,0.0,1489306,3959534,0.0,0.0,0.005245042,0.848723333,0.150344375,0.680338209,18.106905167,0.272698583
tyndp/gep_20_24_convex_hull_with_null_dirac_0.01_economic,653657,20,24,convex_hull_with_null,dirac,economic,0.01,1.0660762542995298e6,609777.8048711139,20083.12408642919,30.362696672434556,1.1795194329739698,20,1.0,1.0,0.0,0.0,0.05,0,0,2755,4355,OPTIMAL,7.019877827429333e7,4.349273499130438e7,2.6706043282989465e7,0.0,0.0,81706,248714,OPTIMAL,6.738068159774761e7,4.349273499130438e7,2.3887946606440246e7,0.0,0.0,1489306,3959534,0.0,0.0,0.005212334,0.903887416,1.041e-6,0.561247584,5.253602708,0.272698583
tyndp/gep_20_24_convex_hull_with_null_convex_0.01_economic,653657,20,24,convex_hull_with_null,convex,economic,0.01,721756.1027226945,609777.8048711139,20083.12408642919,30.362696672434556,1.1795194329739698,20,1.0,1.0000000000000002,0.0,0.0,0.3476712328767123,196111,827,2755,4355,OPTIMAL,8.808501278265828e7,4.779569407617813e7,4.028931870648032e7,0.0,0.0,81706,248714,OPTIMAL,7.135899721637711e7,4.779569407617813e7,2.356330314019109e7,0.0,0.0,1489306,3959534,0.0,0.0,0.00549925,1.477874875,0.132706542,0.615183417,16.686492083,0.272698583
tyndp/gep_20_24_convex_hull_with_null_conical_0.01_economic,653657,20,24,convex_hull_with_null,conical,economic,0.01,664034.4914377483,609777.8048711139,20083.12408642919,30.362696672434556,1.1795194329739698,20,0.9321831186611244,1.269143660200941,0.3287671232876712,0.6164383561643836,0.3593150684931507,205543,920,2755,4355,OPTIMAL,8.318534547372106e7,4.592413549456909e7,3.726120997915185e7,0.0,0.0,81706,248714,OPTIMAL,6.998791732876846e7,4.592413549456909e7,2.4063781834215585e7,0.0,0.0,1489306,3959534,0.0,0.0,0.00520975,1.435349,0.06949875,0.622465333,19.412188084,0.272698583
tyndp/gep_20_24_convex_hull_with_null_conical_bounded_0.01_economic,653657,20,24,convex_hull_with_null,conical_bounded,economic,0.01,673197.7191915738,609777.8048711139,20083.12408642919,30.362696672434556,1.1795194329739698,20,0.9036162451274709,1.0000000000000002,0.0,0.7561643835616438,0.34876712328767123,203168,857,2755,4355,OPTIMAL,7.98930539071528e7,4.464279342262296e7,3.525026048452995e7,0.0,0.0,81706,248714,OPTIMAL,6.903430816611645e7,4.464279342262296e7,2.4391514743461516e7,0.0,0.0,1489306,3959534,0.0,0.0,0.005246667,0.895812708,0.157155209,0.622353625,18.053545417,0.272698583
tyndp/gep_20_24_conical_hull_dirac_0.01_economic,653657,20,24,conical_hull,dirac,economic,0.01,1.115835788131736e6,443946.8699342045,19005.224107725866,23.35920204980558,1.2584326060502244,20,1.0,1.0,0.0,0.0,0.05,0,0,2398,4347,OPTIMAL,7.996093751422045e7,4.136785958844638e7,3.859307792577392e7,0.0,0.0,81706,248714,OPTIMAL,7.0571477211797e7,4.136785958844638e7,2.920361762333452e7,0.0,0.0,1489306,3959534,0.0,0.0,0.00539825,0.398589666,8.75e-7,0.575699916,5.101969875,0.272698583
tyndp/gep_20_24_conical_hull_convex_0.01_economic,653657,20,24,conical_hull,convex,economic,0.01,831670.3726544824,443946.8699342045,19005.224107725866,23.35920204980558,1.2584326060502244,20,1.0,1.0000000000000002,0.0,0.0,0.3236986301369863,140678,665,2398,4347,OPTIMAL,8.874743964528638e7,4.6069445565615036e7,4.267799407967135e7,0.0,0.0,81706,248714,OPTIMAL,7.246366392656699e7,4.6069445565615036e7,2.6394218360892907e7,0.0,0.0,1489306,3959534,0.0,0.0,0.005289791,0.385219291,0.111802083,0.593280041,7.11547725,0.272698583
tyndp/gep_20_24_conical_hull_conical_0.01_economic,653657,20,24,conical_hull,conical,economic,0.01,693057.756526996,443946.8699342045,19005.224107725866,23.35920204980558,1.2584326060502244,20,1.2078729954209468,1.6458538381177565,0.8493150684931506,0.0958904109589041,0.40178082191780823,168987,687,2398,4347,OPTIMAL,8.446500029493684e7,4.380432111979706e7,4.066067917514005e7,0.0,0.0,81706,248714,OPTIMAL,7.093614146073774e7,4.380432111979706e7,2.713182034094905e7,0.0,0.0,1489306,3959534,0.0,0.0,0.00519725,0.34625975,0.073461334,0.702452917,15.917311834,0.272698583
tyndp/gep_20_24_conical_hull_conical_bounded_0.01_economic,653657,20,24,conical_hull,conical_bounded,economic,0.01,831834.7275054615,443946.8699342045,19005.224107725866,23.35920204980558,1.2584326060502244,20,0.9912279242000169,1.0000000000000002,0.0,0.3506849315068493,0.3226027397260274,140755,654,2398,4347,OPTIMAL,8.885051062837721e7,4.621155841338289e7,4.26389522149945e7,0.0,0.0,81706,248714,OPTIMAL,7.291567269904901e7,4.621155841338289e7,2.670411428566236e7,0.0,0.0,1489306,3959534,0.0,0.0,0.005240042,0.396072791,0.118074375,0.6170475,7.060168875,0.272698583
tyndp/gep_40_24_k_means_dirac_0.01_economic,653657,40,24,k_means,dirac,economic,0.01,703896.6715826314,784339.0335683727,4105.626850790537,191.04001948383313,1.0751722775136892,40,1.0,1.0,0.0,0.0,0.025,0,0,0,0,OPTIMAL,5.323314239435882e7,3.5662187837047525e7,1.7570954557310995e7,0.0,0.0,163306,463834,OPTIMAL,1.5321533786322218e8,3.5662187837047525e7,1.1755315002616493e8,0.0,0.0,1489306,3959534,0.0,0.0,0.005276333,0.2299745,9.16e-7,0.948730292,12.25321125,0.272698583
tyndp/gep_40_24_k_means_convex_0.01_economic,653657,40,24,k_means,convex,economic,0.01,646385.501606572,784339.0335683727,4105.626850790537,191.04001948383313,1.0751722775136892,40,1.0,1.0000000000000002,0.0,0.0,0.11082191780821918,383087,2336,0,0,OPTIMAL,5.347201531261498e7,3.6015962210189626e7,1.7456053102424145e7,0.0,0.0,163306,463834,OPTIMAL,1.559673796173757e8,3.6015962210189626e7,1.1995141740719633e8,0.0,0.0,1489306,3959534,0.0,0.0,0.005267709,0.159425209,0.580476959,0.917889084,40.265847625,0.272698583
tyndp/gep_40_24_k_means_conical_0.01_economic,653657,40,24,k_means,conical,economic,0.01,628338.5346921181,784339.0335683727,4105.626850790537,191.04001948383313,1.0751722775136892,40,1.0280374547955327,1.3729642490425769,0.6438356164383562,0.3561643835616438,0.1165068493150685,431403,2232,0,0,OPTIMAL,5.362819425713368e7,3.550517680757024e7,1.8123017449564334e7,0.0,0.0,163306,463834,OPTIMAL,1.4582242900687897e8,3.550517680757024e7,1.1031725219937663e8,0.0,0.0,1489306,3959534,0.0,0.0,0.005200209,0.200319333,0.358584,0.960240834,29.041105541,0.272698583
tyndp/gep_40_24_k_means_conical_bounded_0.01_economic,653657,40,24,k_means,conical_bounded,economic,0.01,641771.5017902717,784339.0335683727,4105.626850790537,191.04001948383313,1.0751722775136892,40,0.9733121755418475,1.0000000000000002,0.0,0.5095890410958904,0.10965753424657534,391812,2336,0,0,OPTIMAL,5.327423129251843e7,3.597168113855723e7,1.7302550153961007e7,0.0,0.0,163306,463834,OPTIMAL,1.5609989705955538e8,3.597168113855723e7,1.2012821592098573e8,0.0,0.0,1489306,3959534,0.0,0.0,0.005230167,0.646114875,0.721968917,0.91363575,32.9328585,0.272698583
tyndp/gep_40_24_k_medoids_dirac_0.01_economic,653657,40,24,k_medoids,dirac,economic,0.01,878306.0349379709,770741.3354756858,11608.87082322191,66.39244653613737,1.137021353551272,40,1.0,1.0,0.0,0.0,0.025,0,0,0,0,OPTIMAL,6.1701688266241245e7,4.034454955975974e7,2.135713870647981e7,0.0,0.0,163306,463834,OPTIMAL,8.532049628902127e7,4.034454955975974e7,4.497594672925032e7,0.0,0.0,1489306,3959534,0.0,0.0,0.005167,0.1566245,1.542e-6,0.935669375,10.82504925,0.272698583
tyndp/gep_40_24_k_medoids_convex_0.01_economic,653657,40,24,k_medoids,convex,economic,0.01,652883.0498288488,770741.3354756858,11608.87082322191,66.39244653613737,1.137021353551272,40,1.0,1.0000000000000002,0.0,0.0,0.17493150684931508,321509,1428,0,0,OPTIMAL,6.1826729323803395e7,4.105622028449385e7,2.0770509039309945e7,0.0,0.0,163306,463834,OPTIMAL,9.16780659932334e7,4.105622028449385e7,5.0621845708694905e7,0.0,0.0,1489306,3959534,0.0,0.0,0.005253042,0.231734,0.460487791,0.982706583,27.793568333,0.272698583
tyndp/gep_40_24_k_medoids_conical_0.01_economic,653657,40,24,k_medoids,conical,economic,0.01,629241.2694870196,770741.3354756858,11608.87082322191,66.39244653613737,1.137021353551272,40,1.0354482915527317,1.3906308949166049,0.536986301369863,0.35342465753424657,0.19041095890410958,348609,1592,0,0,OPTIMAL,6.220827056908016e7,4.124075959084962e7,2.0967510978231277e7,0.0,0.0,163306,463834,OPTIMAL,9.147882921856067e7,4.124075959084962e7,5.023806962776266e7,0.0,0.0,1489306,3959534,0.0,0.0,0.005217,0.229012584,0.295244042,1.005618084,28.469291875,0.272698583
tyndp/gep_40_24_k_medoids_conical_bounded_0.01_economic,653657,40,24,k_medoids,conical_bounded,economic,0.01,647516.7936260846,770741.3354756858,11608.87082322191,66.39244653613737,1.137021353551272,40,0.9671029357751258,1.0000000000000002,0.0,0.6164383561643836,0.1728082191780822,325695,1532,0,0,OPTIMAL,6.1521174596885175e7,4.096443558836817e7,2.0556739008517094e7,0.0,0.0,163306,463834,OPTIMAL,9.266470967505196e7,4.096443558836817e7,5.170027408660322e7,0.0,0.0,1489306,3959534,0.0,0.0,0.00521025,0.15047575,1.114397,0.94608575,29.2142385,0.272698583
tyndp/gep_40_24_hierarchical_dirac_0.01_economic,653657,40,24,hierarchical,dirac,economic,0.01,894045.8819346086,793897.1551504757,9996.195093761442,79.41993405530286,1.1294706936853522,40,1.0,1.0,0.0,0.0,0.025,0,0,0,0,OPTIMAL,6.387705656291582e7,4.068942318613703e7,2.3187633376778223e7,0.0,0.0,163306,463834,OPTIMAL,7.670777715316807e7,4.068942318613703e7,3.60183539669758e7,0.0,0.0,1489306,3959534,0.0,0.0,0.005235167,0.149281916,1.583e-6,0.916111792,12.823497834,0.272698583
tyndp/gep_40_24_hierarchical_convex_0.01_economic,653657,40,24,hierarchical,convex,economic,0.01,645858.7599368312,793897.1551504757,9996.195093761442,79.41993405530286,1.1294706936853522,40,1.0,1.0000000000000004,0.0,0.0,0.17678082191780822,334421,1603,0,0,OPTIMAL,6.42849753277048e7,4.021523300510267e7,2.4069742322602637e7,0.0,0.0,163306,463834,OPTIMAL,7.997148033177502e7,4.021523300510267e7,3.9756247326671004e7,0.0,0.0,1489306,3959534,0.0,0.0,0.00519875,0.152287583,0.518174,1.006348916,24.408344792,0.272698583
tyndp/gep_40_24_hierarchical_conical_0.01_economic,653657,40,24,hierarchical,conical,economic,0.01,623429.6552996491,793897.1551504757,9996.195093761442,79.41993405530286,1.1294706936853522,40,1.0143417317335386,1.3904104315193866,0.5013698630136987,0.38904109589041097,0.1841095890410959,352028,1609,0,0,OPTIMAL,6.47088105217642e7,4.0515727897280574e7,2.4193082624483388e7,0.0,0.0,163306,463834,OPTIMAL,7.746415284871991e7,4.0515727897280574e7,3.694842495147041e7,0.0,0.0,1489306,3959534,0.0,0.0,0.005247625,0.189964,0.306280167,0.9929785,26.275401167,0.272698583
tyndp/gep_40_24_hierarchical_conical_bounded_0.01_economic,653657,40,24,hierarchical,conical_bounded,economic,0.01,637975.7185443251,793897.1551504757,9996.195093761442,79.41993405530286,1.1294706936853522,40,0.9617147277833826,1.0000000000000002,0.0,0.5835616438356165,0.17383561643835616,334359,1613,0,0,OPTIMAL,6.352193745339117e7,3.993047538214226e7,2.3591462071249288e7,0.0,0.0,163306,463834,OPTIMAL,7.99678716006464e7,3.993047538214226e7,4.003739621850443e7,0.0,0.0,1489306,3959534,0.0,0.0,0.005171625,0.150135083,0.505182,0.904672083,24.619202833,0.272698583
tyndp/gep_40_24_chronological_dirac_0.01_economic,653657,40,24,chronological,dirac,economic,0.01,1.0532766718733418e6,787227.3254778087,11840.582247985081,66.48552486612486,1.1252889007653994,40,1.0,1.0,0.0,0.0,0.025,0,0,0,0,OPTIMAL,6.502545686930759e7,4.300815354604532e7,2.201730332326553e7,0.0,0.0,163306,463834,OPTIMAL,9.168434032434255e7,4.300815354604532e7,4.867618677824593e7,0.0,0.0,1489306,3959534,0.0,0.0,0.005194875,0.219068834,2.125e-6,0.927963541,6.321588375,0.272698583
tyndp/gep_40_24_chronological_convex_0.01_economic,653657,40,24,chronological,convex,economic,0.01,669729.8524574473,787227.3254778087,11840.582247985081,66.48552486612486,1.1252889007653994,40,1.0,1.0000000000000002,0.0,0.0,0.1715068493150685,336092,1599,0,0,OPTIMAL,6.4183988708228976e7,4.3823872925439484e7,2.036011578278978e7,0.0,0.0,163306,463834,OPTIMAL,9.186558769532984e7,4.3823872925439484e7,4.8041714769855484e7,0.0,0.0,1489306,3959534,0.0,0.0,0.005240958,0.151873833,0.508487958,0.916074584,27.51420125,0.272698583
tyndp/gep_40_24_chronological_conical_0.01_economic,653657,40,24,chronological,conical,economic,0.01,640832.6508048272,787227.3254778087,11840.582247985081,66.48552486612486,1.1252889007653994,40,0.9930115980512629,1.2875357916794041,0.4520547945205479,0.4383561643835616,0.18082191780821918,351877,1558,0,0,OPTIMAL,6.4080908842632614e7,4.3769650569472566e7,2.0311258273160543e7,0.0,0.0,163306,463834,OPTIMAL,9.043220702580544e7,4.3769650569472566e7,4.66625564562772e7,0.0,0.0,1489306,3959534,0.0,0.0,0.005240042,0.194907,0.291898917,0.936709125,31.235132542,0.272698583
tyndp/gep_40_24_chronological_conical_bounded_0.01_economic,653657,40,24,chronological,conical_bounded,economic,0.01,655390.192063095,787227.3254778087,11840.582247985081,66.48552486612486,1.1252889007653994,40,0.9498031451172235,1.0000000000000002,0.0,0.6136986301369863,0.17027397260273971,336848,1599,0,0,OPTIMAL,6.3225958735702164e7,4.225374618903353e7,2.0972212546668958e7,0.0,0.0,163306,463834,OPTIMAL,9.395846134178524e7,4.225374618903353e7,5.170471515277796e7,0.0,0.0,1489306,3959534,0.0,0.0,0.005197292,0.150787583,0.512430125,0.922416458,29.714843584,0.272698583
tyndp/gep_40_24_convex_hull_dirac_0.01_economic,653657,40,24,convex_hull,dirac,economic,0.01,967337.3592936341,809317.9601566794,13469.244115464817,60.08636811530164,1.1814863173937136,40,1.0,1.0,0.0,0.0,0.025,0,0,7508,5947,OPTIMAL,7.015006102254528e7,4.2597780472899064e7,2.7552280549647037e7,0.0,0.0,163306,463834,OPTIMAL,6.768441731962128e7,4.2597780472899064e7,2.5086636846760225e7,0.0,0.0,1489306,3959534,0.0,0.0,0.005241166,2.366502125,1.917e-6,0.849319459,17.419206834,0.272698583
tyndp/gep_40_24_convex_hull_convex_0.01_economic,653657,40,24,convex_hull,convex,economic,0.01,603469.8251860148,809317.9601566794,13469.244115464817,60.08636811530164,1.1814863173937136,40,1.0,1.0000000000000004,0.0,0.0,0.20568493150684933,291017,1237,7508,5947,OPTIMAL,7.435274451476951e7,4.288842418367293e7,3.146432033109612e7,0.0,0.0,163306,463834,OPTIMAL,6.818720303425823e7,4.288842418367293e7,2.529877885056439e7,0.0,0.0,1489306,3959534,0.0,0.0,0.005532792,2.767589917,0.332483875,0.963724709,20.823268583,0.272698583
tyndp/gep_40_24_convex_hull_conical_0.01_economic,653657,40,24,convex_hull,conical,economic,0.01,584906.079847092,809317.9601566794,13469.244115464817,60.08636811530164,1.1814863173937136,40,1.022892656723423,1.30706603428146,0.5452054794520548,0.3452054794520548,0.21780821917808219,314060,1358,7508,5947,OPTIMAL,7.661062970007986e7,4.329391817639438e7,3.331671152368665e7,0.0,0.0,163306,463834,OPTIMAL,6.807522335402812e7,4.329391817639438e7,2.4781305177606914e7,0.0,0.0,1489306,3959534,0.0,0.0,0.005153208,2.320187458,0.262964583,0.934109209,26.566747292,0.272698583
tyndp/gep_40_24_convex_hull_conical_bounded_0.01_economic,653657,40,24,convex_hull,conical_bounded,economic,0.01,598361.122589136,809317.9601566794,13469.244115464817,60.08636811530164,1.1814863173937136,40,0.9659919745648355,1.0000000000000002,0.0,0.6273972602739726,0.20506849315068493,298498,1350,7508,5947,OPTIMAL,7.434850881372334e7,4.2864458024694785e7,3.148405078902869e7,0.0,0.0,163306,463834,OPTIMAL,6.830301296451509e7,4.2864458024694785e7,2.543855493980155e7,0.0,0.0,1489306,3959534,0.0,0.0,0.005274417,2.418265416,0.432587583,0.922764,25.91090675,0.272698583
tyndp/gep_40_24_convex_hull_with_null_dirac_0.01_economic,653657,40,24,convex_hull_with_null,dirac,economic,0.01,968898.8916345804,841475.0796845342,11852.38409904447,70.9962715224841,1.1725044111797813,40,1.0,1.0,0.0,0.0,0.025,0,0,7703,6117,OPTIMAL,6.620317837266462e7,4.288707429632832e7,2.331610407633534e7,0.0,0.0,163306,463834,OPTIMAL,6.700993770864227e7,4.288707429632832e7,2.4122863412305348e7,0.0,0.0,1489306,3959534,0.0,0.0,0.005267792,2.500677917,1.875e-6,0.858005875,17.675378041,0.272698583
tyndp/gep_40_24_convex_hull_with_null_convex_0.01_economic,653657,40,24,convex_hull_with_null,convex,economic,0.01,627323.4610020159,841475.0796845342,11852.38409904447,70.9962715224841,1.1725044111797813,40,1.0,1.0000000000000002,0.0,0.0,0.20123287671232876,303500,1453,7703,6117,OPTIMAL,7.300812167547812e7,4.378319373377972e7,2.9224927941698126e7,0.0,0.0,163306,463834,OPTIMAL,6.764081831637858e7,4.378319373377972e7,2.3857624582590338e7,0.0,0.0,1489306,3959534,0.0,0.0,0.005264542,2.45991075,0.4306675,1.018792458,37.011292667,0.272698583
tyndp/gep_40_24_convex_hull_with_null_conical_0.01_economic,653657,40,24,convex_hull_with_null,conical,economic,0.01,588096.3781584927,841475.0796845342,11852.38409904447,70.9962715224841,1.1725044111797813,40,0.9671048726093889,1.2572905346497698,0.3589041095890411,0.5315068493150685,0.20616438356164385,317833,1368,7703,6117,OPTIMAL,7.383691508429104e7,4.360760422050582e7,3.022931086378475e7,0.0,0.0,163306,463834,OPTIMAL,6.789299494753553e7,4.360760422050582e7,2.4285390727039915e7,0.0,0.0,1489306,3959534,0.0,0.0,0.00517025,3.238123458,0.251933166,0.935031375,30.557502792,0.272698583
tyndp/gep_40_24_convex_hull_with_null_conical_bounded_0.01_economic,653657,40,24,convex_hull_with_null,conical_bounded,economic,0.01,598724.9154393891,841475.0796845342,11852.38409904447,70.9962715224841,1.1725044111797813,40,0.9307424026166303,1.0000000000000002,0.0,0.7287671232876712,0.19808219178082193,308702,1310,7703,6117,OPTIMAL,7.163234742426045e7,4.346895032911797e7,2.816339709514345e7,0.0,0.0,163306,463834,OPTIMAL,6.791981364438596e7,4.346895032911797e7,2.445086331527288e7,0.0,0.0,1489306,3959534,0.0,0.0,0.005243917,2.400588708,0.448102625,1.009681959,27.983161541,0.272698583
tyndp/gep_40_24_conical_hull_dirac_0.01_economic,653657,40,24,conical_hull,dirac,economic,0.01,1.0353380950987774e6,632004.0764349746,12102.42032567491,52.22129618934136,1.2434972759375331,40,1.0,1.0,0.0,0.0,0.025,0,0,7164,6291,OPTIMAL,7.465218982880054e7,4.727252496737441e7,2.7379664861426592e7,0.0,0.0,163306,463834,OPTIMAL,7.452521166697356e7,4.727252496737441e7,2.7252686699686028e7,0.0,0.0,1489306,3959534,0.0,0.0,0.005156958,1.283749583,1.042e-6,0.875951958,10.24860775,0.272698583
tyndp/gep_40_24_conical_hull_convex_0.01_economic,653657,40,24,conical_hull,convex,economic,0.01,743073.9231441981,632004.0764349746,12102.42032567491,52.22129618934136,1.2434972759375331,40,1.0,1.0000000000000002,0.0,0.0,0.1795890410958904,220253,1185,7164,6291,OPTIMAL,8.334489460355076e7,4.9908320016130716e7,3.3436574587419555e7,0.0,0.0,163306,463834,OPTIMAL,7.493603139527765e7,4.9908320016130716e7,2.5027711379183695e7,0.0,0.0,1489306,3959534,0.0,0.0,0.005168375,1.267914833,0.270862833,0.908805208,24.934992,0.272698583
tyndp/gep_40_24_conical_hull_conical_0.01_economic,653657,40,24,conical_hull,conical,economic,0.01,617469.2099068221,632004.0764349746,12102.42032567491,52.22129618934136,1.2434972759375331,40,1.1858803711372983,1.615373686240662,0.8191780821917808,0.07123287671232877,0.22726027397260273,270990,1169,7164,6291,OPTIMAL,8.307420579792264e7,4.7759764610901915e7,3.531444118702137e7,0.0,0.0,163306,463834,OPTIMAL,7.258953767774302e7,4.7759764610901915e7,2.4829773066832233e7,0.0,0.0,1489306,3959534,0.0,0.0,0.005209208,0.618412292,0.236267625,0.997950541,24.812485166,0.272698583
tyndp/gep_40_24_conical_hull_conical_bounded_0.01_economic,653657,40,24,conical_hull,conical_bounded,economic,0.01,744087.3581125847,632004.0764349746,12102.42032567491,52.22129618934136,1.2434972759375331,40,0.9924023993286043,1.0000000000000002,0.0,0.410958904109589,0.1791095890410959,220089,1047,7164,6291,OPTIMAL,8.336394907809384e7,4.989289044634729e7,3.3471058631746337e7,0.0,0.0,163306,463834,OPTIMAL,7.503288701864605e7,4.989289044634729e7,2.5139996572275635e7,0.0,0.0,1489306,3959534,0.0,0.0,0.005317208,1.412151417,0.279969125,0.934718208,20.791831042,0.272698583
tyndp/gep_80_24_k_means_dirac_0.01_economic,653657,80,24,k_means,dirac,economic,0.01,634113.1064958745,1.1214823875174348e6,3080.779995866981,364.0254705048588,1.0933589327101578,80,1.0,1.0,0.0,0.0,0.0125,0,0,0,0,OPTIMAL,5.665769087738037e7,3.724889167573047e7,1.94087992016504e7,0.0,0.0,326506,894074,OPTIMAL,8.842529234881637e7,3.724889167573047e7,5.117640067303121e7,0.0,0.0,1489306,3959534,0.0,0.0,0.005514125,0.191801541,1.917e-6,1.51612275,34.284137208,0.272698583
tyndp/gep_80_24_k_means_convex_0.01_economic,653657,80,24,k_means,convex,economic,0.01,569221.8308645074,1.1214823875174348e6,3080.779995866981,364.0254705048588,1.0933589327101578,80,1.0,1.0000000000000002,0.0,0.0,0.06705479452054794,567406,3288,0,0,OPTIMAL,5.901394994328865e7,3.8385912110085025e7,2.0628037833203822e7,0.0,0.0,326506,894074,OPTIMAL,8.2082583575704e7,3.8385912110085025e7,4.369667146561305e7,0.0,0.0,1489306,3959534,0.0,0.0,0.005221666,0.225326125,1.77987175,1.56214775,128.72395725,0.272698583
tyndp/gep_80_24_k_means_conical_0.01_economic,653657,80,24,k_means,conical,economic,0.01,553624.4267975779,1.1214823875174348e6,3080.779995866981,364.0254705048588,1.0933589327101578,80,1.027941279572349,1.283949466826237,0.6465753424657534,0.3315068493150685,0.07034246575342466,620995,3401,0,0,OPTIMAL,6.000985289460024e7,3.834570534748766e7,2.1664147547113188e7,0.0,0.0,326506,894074,OPTIMAL,8.000945783532815e7,3.834570534748766e7,4.166375248783614e7,0.0,0.0,1489306,3959534,0.0,0.0,0.005169625,0.187943375,1.160890833,2.1257045,113.321907625,0.272698583
tyndp/gep_80_24_k_means_conical_bounded_0.01_economic,653657,80,24,k_means,conical_bounded,economic,0.01,566373.9702318225,1.1214823875174348e6,3080.779995866981,364.0254705048588,1.0933589327101578,80,0.9774539353832539,1.0000000000000002,0.0,0.5753424657534246,0.06585616438356165,575961,3288,0,0,OPTIMAL,5.89209501213136e7,3.829030244331721e7,2.0630647677996974e7,0.0,0.0,326506,894074,OPTIMAL,8.265958101101199e7,3.829030244331721e7,4.436927856766678e7,0.0,0.0,1489306,3959534,0.0,0.0,0.005137958,0.182009583,1.89506175,1.62155375,132.385374792,0.272698583
tyndp/gep_80_24_k_medoids_dirac_0.01_economic,653657,80,24,k_medoids,dirac,economic,0.01,792764.5355905512,1.1100278476666908e6,7182.748206522442,154.54082695794727,1.1442088418436993,80,1.0,1.0,0.0,0.0,0.0125,0,0,0,0,OPTIMAL,6.318788783168397e7,3.963456909202509e7,2.3553318739659514e7,0.0,0.0,326506,894074,OPTIMAL,7.040057318729548e7,3.963456909202509e7,3.076600409528297e7,0.0,0.0,1489306,3959534,0.0,0.0,0.005186875,0.200520791,1.708e-6,1.619761542,29.272421167,0.272698583
tyndp/gep_80_24_k_medoids_convex_0.01_economic,653657,80,24,k_medoids,convex,economic,0.01,563430.9639651714,1.1100278476666908e6,7182.748206522442,154.54082695794727,1.1442088418436993,80,1.0,1.0000000000000002,0.0,0.0,0.0939041095890411,456554,2249,0,0,OPTIMAL,6.387769804949968e7,4.052179552884166e7,2.335590252065802e7,0.0,0.0,326506,894074,OPTIMAL,7.11017770146683e7,4.052179552884166e7,3.0579981485841244e7,0.0,0.0,1489306,3959534,0.0,0.0,0.005169792,0.189068625,1.480436875,1.6580305,96.471020792,0.272698583
tyndp/gep_80_24_k_medoids_conical_0.01_economic,653657,80,24,k_medoids,conical,economic,0.01,542380.1266940995,1.1100278476666908e6,7182.748206522442,154.54082695794727,1.1442088418436993,80,1.0251191412232874,1.3553175968659943,0.473972602739726,0.30684931506849317,0.10071917808219179,482723,2383,0,0,OPTIMAL,6.442039734150827e7,4.018382176062043e7,2.4236575580887023e7,0.0,0.0,326506,894074,OPTIMAL,7.049639988692424e7,4.018382176062043e7,3.031257812626262e7,0.0,0.0,1489306,3959534,0.0,0.0,0.005219083,0.187589958,0.90600425,1.677885625,75.713280708,0.272698583
tyndp/gep_80_24_k_medoids_conical_bounded_0.01_economic,653657,80,24,k_medoids,conical_bounded,economic,0.01,557822.8445942699,1.1100278476666908e6,7182.748206522442,154.54082695794727,1.1442088418436993,80,0.971529849296888,1.0000000000000002,0.0,0.5808219178082191,0.09332191780821918,454203,2234,0,0,OPTIMAL,6.3593787042471536e7,4.021986581945163e7,2.337392122302077e7,0.0,0.0,326506,894074,OPTIMAL,7.184448552846892e7,4.021986581945163e7,3.162461970902493e7,0.0,0.0,1489306,3959534,0.0,0.0,0.005221125,0.181345,1.432274542,1.704263167,106.183280375,0.272698583
tyndp/gep_80_24_hierarchical_dirac_0.01_economic,653657,80,24,hierarchical,dirac,economic,0.01,798539.0644893756,1.105920294137535e6,7440.207863254373,148.64104800074787,1.146223411751886,80,1.0,1.0,0.0,0.0,0.0125,0,0,0,0,OPTIMAL,6.4794498433803655e7,4.1102043157135665e7,2.36924552766683e7,0.0,0.0,326506,894074,OPTIMAL,6.770853665552655e7,4.1102043157135665e7,2.660649349842045e7,0.0,0.0,1489306,3959534,0.0,0.0,0.005156333,0.19377525,1.417e-6,1.617463084,47.343077875,0.272698583
tyndp/gep_80_24_hierarchical_convex_0.01_economic,653657,80,24,hierarchical,convex,economic,0.01,558807.3527959974,1.105920294137535e6,7440.207863254373,148.64104800074787,1.146223411751886,80,1.0,1.0000000000000002,0.0,0.0,0.09342465753424657,449713,2388,0,0,OPTIMAL,6.722530037001398e7,4.157373197118249e7,2.565156839883099e7,0.0,0.0,326506,894074,OPTIMAL,6.780769924973841e7,4.157373197118249e7,2.6233967278543763e7,0.0,0.0,1489306,3959534,0.0,0.0,0.005357666,0.203220333,1.372723625,1.590949209,119.442140417,0.272698583
tyndp/gep_80_24_hierarchical_conical_0.01_economic,653657,80,24,hierarchical,conical,economic,0.01,537980.0097752269,1.105920294137535e6,7440.207863254373,148.64104800074787,1.146223411751886,80,1.0259028671913353,1.31899931800199,0.4876712328767123,0.29315068493150687,0.10013698630136986,473009,2442,0,0,OPTIMAL,6.823584051127544e7,4.126856566711265e7,2.6967274844162874e7,0.0,0.0,326506,894074,OPTIMAL,6.798578832462348e7,4.126856566711265e7,2.671722265747673e7,0.0,0.0,1489306,3959534,0.0,0.0,0.005287375,0.197976875,0.907233708,2.246023208,126.994525791,0.272698583
tyndp/gep_80_24_hierarchical_conical_bounded_0.01_economic,653657,80,24,hierarchical,conical_bounded,economic,0.01,554704.2861532929,1.105920294137535e6,7440.207863254373,148.64104800074787,1.146223411751886,80,0.9720192561812158,1.0000000000000002,0.0,0.5534246575342465,0.0923972602739726,448583,2615,0,0,OPTIMAL,6.6798083093068935e7,4.142474677035893e7,2.537333632271025e7,0.0,0.0,326506,894074,OPTIMAL,6.829797005470835e7,4.142474677035893e7,2.687322328436249e7,0.0,0.0,1489306,3959534,0.0,0.0,0.005264917,0.18060175,2.066216166,1.5702805,115.34970475,0.272698583
tyndp/gep_80_24_chronological_dirac_0.01_economic,653657,80,24,chronological,dirac,economic,0.01,959476.1405021057,1.1075656872721985e6,7030.116525603283,157.5458505187656,1.1369443765553642,80,1.0,1.0,0.0,0.0,0.0125,0,0,0,0,OPTIMAL,6.372477289536736e7,4.145386983003486e7,2.2270903065328386e7,0.0,0.0,326506,894074,OPTIMAL,6.92267527718241e7,4.145386983003486e7,2.7772882941796783e7,0.0,0.0,1489306,3959534,0.0,0.0,0.005180333,0.176296125,1.542e-6,2.037976167,12.070165458,0.272698583
tyndp/gep_80_24_chronological_convex_0.01_economic,653657,80,24,chronological,convex,economic,0.01,574430.1254998135,1.1075656872721985e6,7030.116525603283,157.5458505187656,1.1369443765553642,80,1.0,1.0000000000000002,0.0,0.0,0.09366438356164383,456317,2366,0,0,OPTIMAL,6.294859529432836e7,4.106325056286427e7,2.188534473146327e7,0.0,0.0,326506,894074,OPTIMAL,6.911319589610064e7,4.106325056286427e7,2.8049945333198674e7,0.0,0.0,1489306,3959534,0.0,0.0,0.005237167,0.163233875,1.432597292,1.634335375,109.161559,0.272698583
tyndp/gep_80_24_chronological_conical_0.01_economic,653657,80,24,chronological,conical,economic,0.01,553252.3026360731,1.1075656872721985e6,7030.116525603283,157.5458505187656,1.1369443765553642,80,1.0286053123375747,1.575235111175296,0.4958904109589041,0.28493150684931506,0.10078767123287671,482577,2402,0,0,OPTIMAL,6.326056205450074e7,4.102591786929513e7,2.223464418520497e7,0.0,0.0,326506,894074,OPTIMAL,6.910669032635584e7,4.102591786929513e7,2.8080772457021993e7,0.0,0.0,1489306,3959534,0.0,0.0,0.005526958,0.194728917,0.919296542,1.731621875,127.651239584,0.272698583
tyndp/gep_80_24_chronological_conical_bounded_0.01_economic,653657,80,24,chronological,conical_bounded,economic,0.01,569790.1936755336,1.1075656872721985e6,7030.116525603283,157.5458505187656,1.1369443765553642,80,0.9729988006788184,1.0000000000000002,0.0,0.547945205479452,0.09410958904109588,460482,2251,0,0,OPTIMAL,6.264072166855582e7,4.1147763208351925e7,2.1492958460205264e7,0.0,0.0,326506,894074,OPTIMAL,6.908241072439617e7,4.1147763208351925e7,2.7934647516034886e7,0.0,0.0,1489306,3959534,0.0,0.0,0.005292292,0.180471208,1.492774875,1.707533834,143.7292355,0.272698583
tyndp/gep_80_24_convex_hull_dirac_0.01_economic,653657,80,24,convex_hull,dirac,economic,0.01,843281.6336204498,1.13098601690806e6,8176.666813720654,138.31871136172956,1.180462648903503,80,1.0,1.0,0.0,0.0,0.0125,0,0,17891,7784,OPTIMAL,6.850671786670153e7,4.291375043523006e7,2.5592967431469318e7,0.0,0.0,326506,894074,OPTIMAL,6.702315637929437e7,4.291375043523006e7,2.410940594404806e7,0.0,0.0,1489306,3959534,0.0,0.0,0.00531625,7.513274416,1.208e-6,1.636118084,41.253170208,0.272698583
tyndp/gep_80_24_convex_hull_convex_0.01_economic,653657,80,24,convex_hull,convex,economic,0.01,515385.32531125814,1.13098601690806e6,8176.666813720654,138.31871136172956,1.180462648903503,80,1.0,1.0000000000000002,0.0,0.0,0.1047945205479452,423266,2111,17891,7784,OPTIMAL,7.141674353391257e7,4.3826835251026176e7,2.758990828288722e7,0.0,0.0,326506,894074,OPTIMAL,6.7064425459634736e7,4.3826835251026176e7,2.3237590208580032e7,0.0,0.0,1489306,3959534,0.0,0.0,0.005308,8.213165375,1.230637875,1.840161375,74.401764667,0.272698583
tyndp/gep_80_24_convex_hull_conical_0.01_economic,653657,80,24,convex_hull,conical,economic,0.01,496387.4147207392,1.13098601690806e6,8176.666813720654,138.31871136172956,1.180462648903503,80,1.0205529958703354,1.2656341789494567,0.4904109589041096,0.29041095890410956,0.11099315068493151,447066,2300,17891,7784,OPTIMAL,7.334727675320958e7,4.464941578059818e7,2.8697860972609825e7,0.0,0.0,326506,894074,OPTIMAL,6.770728848708637e7,4.464941578059818e7,2.305787270649247e7,0.0,0.0,1489306,3959534,0.0,0.0,0.005180166,7.848302583,1.565219833,1.640046875,111.430303,0.272698583
tyndp/gep_80_24_convex_hull_conical_bounded_0.01_economic,653657,80,24,convex_hull,conical_bounded,economic,0.01,511631.871352587,1.13098601690806e6,8176.666813720654,138.31871136172956,1.180462648903503,80,0.9710509116683956,1.0000000000000002,0.0,0.6191780821917808,0.10465753424657534,425267,2111,17891,7784,OPTIMAL,7.130624116560437e7,4.379889911845073e7,2.7507342047154043e7,0.0,0.0,326506,894074,OPTIMAL,6.71546424083329e7,4.379889911845073e7,2.335574328986805e7,0.0,0.0,1489306,3959534,0.0,0.0,0.005025292,7.215591667,1.205745125,1.890010833,90.676053875,0.272698583
tyndp/gep_80_24_convex_hull_with_null_dirac_0.01_economic,653657,80,24,convex_hull_with_null,dirac,economic,0.01,852634.1163179971,1.1550560939101395e6,8070.097622804884,143.1278960797357,1.1756347953275954,80,1.0,1.0,0.0,0.0,0.0125,0,0,17999,8041,OPTIMAL,6.652044104309683e7,4.2388916205636844e7,2.4131524837457076e7,0.0,0.0,326506,894074,OPTIMAL,6.7289305800841e7,4.2388916205636844e7,2.4900389595211755e7,0.0,0.0,1489306,3959534,0.0,0.0,0.005185625,8.013663708,1.708e-6,1.540422792,47.007387833,0.272698583
tyndp/gep_80_24_convex_hull_with_null_convex_0.01_economic,653657,80,24,convex_hull_with_null,convex,economic,0.01,530958.8603739516,1.1550560939101395e6,8070.097622804884,143.1278960797357,1.1756347953275954,80,1.0,1.0000000000000002,0.0,0.0,0.10208904109589041,422095,1995,17999,8041,OPTIMAL,7.095005824515542e7,4.4094510831409745e7,2.685554741374576e7,0.0,0.0,326506,894074,OPTIMAL,6.728448472270225e7,4.4094510831409745e7,2.3189973891302574e7,0.0,0.0,1489306,3959534,0.0,0.0,0.005293125,9.186030291,1.152520458,1.6153095,94.521402709,0.272698583
tyndp/gep_80_24_convex_hull_with_null_conical_0.01_economic,653657,80,24,convex_hull_with_null,conical,economic,0.01,499387.0824303001,1.1550560939101395e6,8070.097622804884,143.1278960797357,1.1756347953275954,80,0.9883468382213283,1.2523886722140125,0.3561643835616438,0.4246575342465753,0.10910958904109588,449815,2258,17999,8041,OPTIMAL,7.17257963279695e7,4.44029394439375e7,2.732285688403201e7,0.0,0.0,326506,894074,OPTIMAL,6.774766653960484e7,4.44029394439375e7,2.33447270957091e7,0.0,0.0,1489306,3959534,0.0,0.0,0.0052585,8.629466834,0.7869445,1.618186375,77.334154167,0.272698583
tyndp/gep_80_24_convex_hull_with_null_conical_bounded_0.01_economic,653657,80,24,convex_hull_with_null,conical_bounded,economic,0.01,512553.73687868024,1.1550560939101395e6,8070.097622804884,143.1278960797357,1.1756347953275954,80,0.9501715690498801,1.0000000000000002,0.0,0.6356164383561644,0.10263698630136986,434162,2354,17999,8041,OPTIMAL,7.003478066530667e7,4.3949223088826776e7,2.608555757647946e7,0.0,0.0,326506,894074,OPTIMAL,6.724639187196311e7,4.3949223088826776e7,2.3297168783137493e7,0.0,0.0,1489306,3959534,0.0,0.0,0.0051735,7.973671417,1.331969042,1.722866875,105.333759667,0.272698583
tyndp/gep_80_24_conical_hull_dirac_0.01_economic,653657,80,24,conical_hull,dirac,economic,0.01,922104.2164758873,920386.4607424793,7220.2653562854175,127.47266413709579,1.2241591730813757,80,1.0,1.0,0.0,0.0,0.0125,0,0,16886,8789,OPTIMAL,6.885686085430016e7,4.068131843388921e7,2.8175542420411382e7,0.0,0.0,326506,894074,OPTIMAL,6.856664528747974e7,4.068131843388921e7,2.7885326853547152e7,0.0,0.0,1489306,3959534,0.0,0.0,0.005250667,2.364563,1.792e-6,1.776280375,26.08271175,0.272698583
tyndp/gep_80_24_conical_hull_convex_0.01_economic,653657,80,24,conical_hull,convex,economic,0.01,642665.1713420781,920386.4607424793,7220.2653562854175,127.47266413709579,1.2241591730813757,80,1.0,1.0000000000000002,0.0,0.0,0.0963013698630137,329843,1713,16886,8789,OPTIMAL,7.586612875258683e7,4.3958807168310404e7,3.1907321584276892e7,0.0,0.0,326506,894074,OPTIMAL,6.87214827726908e7,4.3958807168310404e7,2.4762675604381476e7,0.0,0.0,1489306,3959534,0.0,0.0,0.005213708,1.544061375,1.033772167,1.680098834,111.0815275,0.272698583
tyndp/gep_80_24_conical_hull_conical_0.01_economic,653657,80,24,conical_hull,conical,economic,0.01,526573.1969552407,920386.4607424793,7220.2653562854175,127.47266413709579,1.2241591730813757,80,1.1563276499918245,1.5342298584317198,0.7287671232876712,0.052054794520547946,0.12297945205479452,407509,1966,16886,8789,OPTIMAL,7.661455770251645e7,4.3901719209726006e7,3.271283849279109e7,0.0,0.0,326506,894074,OPTIMAL,6.859219866375443e7,4.3901719209726006e7,2.4690479454085626e7,0.0,0.0,1489306,3959534,0.0,0.0,0.005236583,2.348944083,0.709217292,1.795033833,101.777503875,0.272698583
tyndp/gep_80_24_conical_hull_conical_bounded_0.01_economic,653657,80,24,conical_hull,conical_bounded,economic,0.01,644520.0255810127,920386.4607424793,7220.2653562854175,127.47266413709579,1.2241591730813757,80,0.9934514622803681,1.0000000000000002,0.0,0.4246575342465753,0.09599315068493151,328729,1801,16886,8789,OPTIMAL,7.577169543289286e7,4.39146109978063e7,3.1857084435085464e7,0.0,0.0,326506,894074,OPTIMAL,6.873517158283913e7,4.39146109978063e7,2.4820560585031446e7,0.0,0.0,1489306,3959534,0.0,0.0,0.005204875,1.5515075,1.044391875,1.636328458,118.935516625,0.272698583
tyndp/gep_10_24_k_means_dirac_0.01,653657,10,24,k_means,dirac,unscaled,0.01,113.80821478169405,62.22040627136805,0.958850648563444,64.89061290680363,1.0494985987165348,10,1.0,1.0,0.0,0.0,0.1,0,0,0,0,OPTIMAL,5.101228361867263e7,3.3347174175266176e7,1.766510944340624e7,0.0,0.0,40906,141154,OPTIMAL,3.619077505448786e8,3.3347174175266176e7,3.2856057636967295e8,0.0,0.0,1489306,3959534,0.0,0.0,0.005130917,0.173680875,2.917e-6,0.447827333,1.450545959,0.272698583
tyndp/gep_10_24_k_means_convex_0.01,653657,10,24,k_means,convex,unscaled,0.01,108.42303138612857,62.22040627136805,0.958850648563444,64.89061290680363,1.0494985987165348,10,1.0,1.0000000000000002,0.0,0.0,0.2876712328767123,54050,368,0,0,OPTIMAL,5.102406298669834e7,3.342029644681879e7,1.7603766539879587e7,0.0,0.0,40906,141154,OPTIMAL,3.525880278217512e8,3.342029644681879e7,3.191677313750305e8,0.0,0.0,1489306,3959534,0.0,0.0,0.005239958,0.143839042,0.023798959,0.473930291,1.556858292,0.272698583
tyndp/gep_10_24_k_means_conical_0.01,653657,10,24,k_means,conical,unscaled,0.01,105.61783786477031,62.22040627136805,0.958850648563444,64.89061290680363,1.0494985987165348,10,1.0031406918993186,1.1744529572017053,0.5534246575342465,0.4465753424657534,0.2808219178082192,57090,393,0,0,OPTIMAL,5.1118259351841584e7,3.337560943716735e7,1.7742649914674677e7,0.0,0.0,40906,141154,OPTIMAL,3.581044556034866e8,3.337560943716735e7,3.2472884616629463e8,0.0,0.0,1489306,3959534,0.0,0.0,0.005283458,0.146977833,0.016758583,0.45691725,2.235948041,0.272698583
tyndp/gep_10_24_k_means_conical_bounded_0.01,653657,10,24,k_means,conical_bounded,unscaled,0.01,107.03968034859193,62.22040627136805,0.958850648563444,64.89061290680363,1.0494985987165348,10,0.9697265917613423,1.0,0.0,0.4821917808219178,0.2821917808219178,54811,389,0,0,OPTIMAL,5.05925047675426e7,3.3356425751885533e7,1.7236079015657492e7,0.0,0.0,40906,141154,OPTIMAL,3.557121615542681e8,3.3356425751885533e7,3.223557358024834e8,0.0,0.0,1489306,3959534,0.0,0.0,0.005244791,0.276773792,0.024663583,0.458775959,2.621789375,0.272698583
tyndp/gep_10_24_k_medoids_dirac_0.01,653657,10,24,k_medoids,dirac,unscaled,0.01,142.00772086756305,60.86074351947346,3.6785999095208584,16.544540046868168,1.1016823351623481,10,1.0,1.0,0.0,0.0,0.1,0,0,0,0,OPTIMAL,5.784302607665546e7,3.649864622056953e7,2.1344379856085792e7,0.0,0.0,40906,141154,OPTIMAL,1.0112115068070453e8,3.649864622056953e7,6.462250446015709e7,0.0,0.0,1489306,3959534,0.0,0.0,0.0052285,0.143476042,1.541e-6,0.455028208,1.575051541,0.272698583
tyndp/gep_10_24_k_medoids_convex_0.01,653657,10,24,k_medoids,convex,unscaled,0.01,118.31970204457201,60.86074351947346,3.6785999095208584,16.544540046868168,1.1016823351623481,10,1.0,1.0000000000000002,0.0,0.0,0.4736986301369863,47436,196,0,0,OPTIMAL,5.796179912585554e7,3.743989526276241e7,2.0521903863092713e7,0.0,0.0,40906,141154,OPTIMAL,1.0220482021397196e8,3.743989526276241e7,6.476492495114374e7,0.0,0.0,1489306,3959534,0.0,0.0,0.005281417,0.144270083,0.021441375,0.5300165,1.929161833,0.272698583
tyndp/gep_10_24_k_medoids_conical_0.01,653657,10,24,k_medoids,conical,unscaled,0.01,115.72459801660204,60.86074351947346,3.6785999095208584,16.544540046868168,1.1016823351623481,10,0.9906501596822381,1.247018460311233,0.4794520547945205,0.4931506849315068,0.4882191780821918,49824,239,0,0,OPTIMAL,5.7904193683500305e7,3.7452106788889036e7,2.0452086894611303e7,0.0,0.0,40906,141154,OPTIMAL,1.0084258351217394e8,3.7452106788889036e7,6.339047672328949e7,0.0,0.0,1489306,3959534,0.0,0.0,0.005294875,0.262835333,0.013944166,0.490419334,1.897237834,0.272698583
tyndp/gep_10_24_k_medoids_conical_bounded_0.01,653657,10,24,k_medoids,conical_bounded,unscaled,0.01,116.81955152247377,60.86074351947346,3.6785999095208584,16.544540046868168,1.1016823351623481,10,0.9613717393797797,1.0000000000000002,0.0,0.5643835616438356,0.4767123287671233,48334,227,0,0,OPTIMAL,5.753498716039688e7,3.746844354465056e7,2.006654361574627e7,0.0,0.0,40906,141154,OPTIMAL,1.022003679828081e8,3.746844354465056e7,6.473192443814253e7,0.0,0.0,1489306,3959534,0.0,0.0,0.005238583,0.273553875,0.021419458,0.477798833,1.95536425,0.272698583
tyndp/gep_10_24_hierarchical_dirac_0.01,653657,10,24,hierarchical,dirac,unscaled,0.01,145.66336269976316,60.8252920292618,3.5760603769161508,17.009022672518483,1.1009935974439777,10,1.0,1.0,0.0,0.0,0.1,0,0,0,0,OPTIMAL,5.666823158561368e7,3.699826265639163e7,1.966996892922154e7,0.0,0.0,40906,141154,OPTIMAL,1.1861083210817191e8,3.699826265639163e7,8.161256945170559e7,0.0,0.0,1489306,3959534,0.0,0.0,0.005251834,0.14733675,1.375e-6,0.454665833,1.463844667,0.272698583
tyndp/gep_10_24_hierarchical_convex_0.01,653657,10,24,hierarchical,convex,unscaled,0.01,117.7061933479111,60.8252920292618,3.5760603769161508,17.009022672518483,1.1009935974439777,10,1.0,1.0000000000000002,0.0,0.0,0.4967123287671233,47801,216,0,0,OPTIMAL,5.707299335589754e7,3.7063382186735004e7,2.0009611169163037e7,0.0,0.0,40906,141154,OPTIMAL,1.1940281374182908e8,3.7063382186735004e7,8.23394315551313e7,0.0,0.0,1489306,3959534,0.0,0.0,0.004981375,0.139957584,0.0199115,0.535663333,1.741363833,0.272698583
tyndp/gep_10_24_hierarchical_conical_0.01,653657,10,24,hierarchical,conical,unscaled,0.01,115.31989098372172,60.8252920292618,3.5760603769161508,17.009022672518483,1.1009935974439777,10,0.9865348205738969,1.1814119493202648,0.4410958904109589,0.5315068493150685,0.5090410958904109,51028,237,0,0,OPTIMAL,5.709814457295897e7,3.703665009664488e7,2.006149447631392e7,0.0,0.0,40906,141154,OPTIMAL,1.209406366114655e8,3.703665009664488e7,8.390398651479733e7,0.0,0.0,1489306,3959534,0.0,0.0,0.005281959,0.143578416,0.125938833,0.445263542,1.861068042,0.272698583
tyndp/gep_10_24_hierarchical_conical_bounded_0.01,653657,10,24,hierarchical,conical_bounded,unscaled,0.01,116.29488836472004,60.8252920292618,3.5760603769161508,17.009022672518483,1.1009935974439777,10,0.9586076199794091,1.0000000000000002,0.0,0.6136986301369863,0.5002739726027398,50233,230,0,0,OPTIMAL,5.675384272715434e7,3.706686287491828e7,1.968697985223621e7,0.0,0.0,40906,141154,OPTIMAL,1.1980626709928825e8,3.706686287491828e7,8.273940422442503e7,0.0,0.0,1489306,3959534,0.0,0.0,0.005285417,0.598873083,0.022230875,0.525046042,2.171677958,0.272698583
tyndp/gep_10_24_chronological_dirac_0.01,653657,10,24,chronological,dirac,unscaled,0.01,157.26929892703495,57.723594666046864,3.25811538803424,17.71686628350937,1.0870919623161965,10,1.0,1.0,0.0,0.0,0.1,0,0,0,0,OPTIMAL,5.924806639755746e7,4.246262665797417e7,1.6785439739583284e7,0.0,0.0,40906,141154,OPTIMAL,1.986773530780217e8,4.246262665797417e7,1.5621472641997635e8,0.0,0.0,1489306,3959534,0.0,0.0,0.005228208,0.277361958,1.041e-6,0.43944625,1.091906,0.272698583
tyndp/gep_10_24_chronological_convex_0.01,653657,10,24,chronological,convex,unscaled,0.01,123.52979213575682,57.723594666046864,3.25811538803424,17.71686628350937,1.0870919623161965,10,1.0,1.0000000000000002,0.0,0.0,0.4695890410958904,49104,216,0,0,OPTIMAL,5.904749552654788e7,4.199457856009474e7,1.705291696645309e7,0.0,0.0,40906,141154,OPTIMAL,1.949796368031037e8,4.199457856009474e7,1.529850582430459e8,0.0,0.0,1489306,3959534,0.0,0.0,0.005168542,0.141000083,0.022579334,0.565943917,1.564258708,0.272698583
tyndp/gep_10_24_chronological_conical_0.01,653657,10,24,chronological,conical,unscaled,0.01,120.28901263026965,57.723594666046864,3.25811538803424,17.71686628350937,1.0870919623161965,10,1.0229518860056142,1.277272474410772,0.5917808219178082,0.38082191780821917,0.4893150684931507,50632,220,0,0,OPTIMAL,5.921324132468122e7,4.2084421229178526e7,1.7128820095502704e7,0.0,0.0,40906,141154,OPTIMAL,1.8750069780931377e8,4.2084421229178526e7,1.454162765800715e8,0.0,0.0,1489306,3959534,0.0,0.0,0.005124792,0.623978083,0.014000083,0.565707041,1.800966334,0.272698583
tyndp/gep_10_24_chronological_conical_bounded_0.01,653657,10,24,chronological,conical_bounded,unscaled,0.01,122.62329397790828,57.723594666046864,3.25811538803424,17.71686628350937,1.0870919623161965,10,0.9714539052964651,1.0000000000000002,0.0,0.4684931506849315,0.4671232876712329,49771,216,0,0,OPTIMAL,5.8851607011756934e7,4.178710499199649e7,1.7064502019760113e7,0.0,0.0,40906,141154,OPTIMAL,1.9529588717129663e8,4.178710499199649e7,1.535087821792439e8,0.0,0.0,1489306,3959534,0.0,0.0,0.005265708,0.145947125,0.024684,0.545249792,1.640127334,0.272698583
tyndp/gep_10_24_convex_hull_dirac_0.01,653657,10,24,convex_hull,dirac,unscaled,0.01,164.91612737688237,62.86231546733968,4.6111875423622415,13.632565340236903,1.1924771175761435,10,1.0,1.0,0.0,0.0,0.1,0,0,619,2621,OPTIMAL,8.816764241158399e7,4.3544438248525e7,4.462320416305907e7,0.0,0.0,40906,141154,OPTIMAL,8.119512341494505e7,4.3544438248525e7,3.765068516640713e7,0.0,0.0,1489306,3959534,0.0,0.0,0.005249375,0.827849584,1.0e-6,0.405653,1.571496667,0.272698583
tyndp/gep_10_24_convex_hull_convex_0.01,653657,10,24,convex_hull,convex,unscaled,0.01,111.67931472369462,62.86231546733968,4.6111875423622415,13.632565340236903,1.1924771175761435,10,1.0,1.0000000000000004,0.0,0.0,0.5726027397260274,41907,186,619,2621,OPTIMAL,9.158374511510046e7,4.6378461351925425e7,4.520528376317463e7,0.0,0.0,40906,141154,OPTIMAL,8.095728406841734e7,4.6378461351925425e7,3.457882271645173e7,0.0,0.0,1489306,3959534,0.0,0.0,0.00523875,0.792063958,0.087348917,0.656101042,1.83230925,0.272698583
tyndp/gep_10_24_convex_hull_conical_0.01,653657,10,24,convex_hull,conical,unscaled,0.01,108.47661076103307,62.86231546733968,4.6111875423622415,13.632565340236903,1.1924771175761435,10,1.0041736508811767,1.236367273311255,0.5178082191780822,0.4547945205479452,0.5821917808219178,43650,185,619,2621,OPTIMAL,9.406625091115291e7,4.6489251365202114e7,4.75769995459508e7,0.0,0.0,40906,141154,OPTIMAL,8.32633349389282e7,4.6489251365202114e7,3.6774083573694125e7,0.0,0.0,1489306,3959534,0.0,0.0,0.005246584,0.768506791,0.013729375,0.66749775,2.10825375,0.272698583
tyndp/gep_10_24_convex_hull_conical_bounded_0.01,653657,10,24,convex_hull,conical_bounded,unscaled,0.01,110.27815649398471,62.86231546733968,4.6111875423622415,13.632565340236903,1.1924771175761435,10,0.9647713861018088,1.0,0.0,0.5726027397260274,0.5698630136986301,42698,185,619,2621,OPTIMAL,8.929557836431612e7,4.582493346796847e7,4.347064489634771e7,0.0,0.0,40906,141154,OPTIMAL,7.914361536054862e7,4.582493346796847e7,3.331868189258607e7,0.0,0.0,1489306,3959534,0.0,0.0,0.005195334,0.829106625,0.086603875,0.65528325,2.169622417,0.272698583
tyndp/gep_10_24_convex_hull_with_null_dirac_0.01,653657,10,24,convex_hull_with_null,dirac,unscaled,0.01,162.9318502994368,65.756592162208,3.9594414455024145,16.60754252014557,1.1722559542740045,10,1.0,1.0,0.0,0.0,0.1,0,0,931,2674,OPTIMAL,7.923414765228789e7,4.39051447506873e7,3.5329002901600964e7,0.0,0.0,40906,141154,OPTIMAL,7.455367811404552e7,4.39051447506873e7,3.0648533363377225e7,0.0,0.0,1489306,3959534,0.0,0.0,0.005222917,0.8166025,1.167e-6,0.402119458,1.5427225,0.272698583
tyndp/gep_10_24_convex_hull_with_null_convex_0.01,653657,10,24,convex_hull_with_null,convex,unscaled,0.01,113.64115229829251,65.756592162208,3.9594414455024145,16.60754252014557,1.1722559542740045,10,1.0,1.0000000000000002,0.0,0.0,0.5463013698630137,42587,207,931,2674,OPTIMAL,8.486661452120602e7,4.6002990428070456e7,3.886362409313561e7,0.0,0.0,40906,141154,OPTIMAL,7.582930782164809e7,4.6002990428070456e7,2.9826317393587187e7,0.0,0.0,1489306,3959534,0.0,0.0,0.005184791,0.281309542,0.017593291,0.483513458,1.613951166,0.272698583
tyndp/gep_10_24_convex_hull_with_null_conical_0.01,653657,10,24,convex_hull_with_null,conical,unscaled,0.01,107.49129009886896,65.756592162208,3.9594414455024145,16.60754252014557,1.1722559542740045,10,0.9442695959392694,1.2297811506747922,0.2821917808219178,0.6904109589041096,0.5523287671232877,44412,227,931,2674,OPTIMAL,8.10049591076758e7,4.402224736670596e7,3.698271174096964e7,0.0,0.0,40906,141154,OPTIMAL,7.46712965746242e7,4.402224736670596e7,3.0649049207895555e7,0.0,0.0,1489306,3959534,0.0,0.0,0.00518675,0.876272167,0.013931625,0.670601167,1.6953615,0.272698583
tyndp/gep_10_24_convex_hull_with_null_conical_bounded_0.01,653657,10,24,convex_hull_with_null,conical_bounded,unscaled,0.01,108.24409188495235,65.756592162208,3.9594414455024145,16.60754252014557,1.1722559542740045,10,0.9268380313032852,1.0,0.0,0.7534246575342466,0.547945205479452,44951,220,931,2674,OPTIMAL,7.95589756532099e7,4.372515247901798e7,3.5833823174191914e7,0.0,0.0,40906,141154,OPTIMAL,7.433741092413236e7,4.372515247901798e7,3.061225844511901e7,0.0,0.0,1489306,3959534,0.0,0.0,0.005173667,0.811698166,0.020341791,0.449803625,1.934592375,0.272698583
tyndp/gep_10_24_conical_hull_dirac_0.01,653657,10,24,conical_hull,dirac,unscaled,0.01,161.12862265282345,54.84091065195726,4.6104423356154465,11.89493472856473,1.2166446515418838,10,1.0,1.0,0.0,0.0,0.1,0,0,711,2529,OPTIMAL,8.0866885764847e7,4.132291171305954e7,3.954397405178732e7,0.0,0.0,40906,141154,OPTIMAL,8.103085115424459e7,4.132291171305954e7,3.970793944118539e7,0.0,0.0,1489306,3959534,0.0,0.0,0.005267333,0.242422459,1.5e-6,0.405879208,1.421398125,0.272698583
tyndp/gep_10_24_conical_hull_convex_0.01,653657,10,24,conical_hull,convex,unscaled,0.01,116.00223237352355,54.84091065195726,4.6104423356154465,11.89493472856473,1.2166446515418838,10,1.0,1.0000000000000004,0.0,0.0,0.5687671232876712,36566,173,711,2529,OPTIMAL,8.651736486506587e7,4.374859103611163e7,4.2768773828954235e7,0.0,0.0,40906,141154,OPTIMAL,8.346077443329835e7,4.374859103611163e7,3.9712183397172764e7,0.0,0.0,1489306,3959534,0.0,0.0,0.0052235,0.2532415,0.015977416,0.483805167,1.690412291,0.272698583
tyndp/gep_10_24_conical_hull_conical_0.01,653657,10,24,conical_hull,conical,unscaled,0.01,110.1985924051296,54.84091065195726,4.6104423356154465,11.89493472856473,1.2166446515418838,10,1.0779131048418005,1.38630633486913,0.7561643835616438,0.21643835616438356,0.6052054794520548,37795,163,711,2529,OPTIMAL,8.798724889916685e7,4.418827374119138e7,4.379897515797532e7,0.0,0.0,40906,141154,OPTIMAL,7.957064422107854e7,4.418827374119138e7,3.53823704798689e7,0.0,0.0,1489306,3959534,0.0,0.0,0.005207333,0.240024917,0.011784458,0.483544625,1.734241125,0.272698583
tyndp/gep_10_24_conical_hull_conical_bounded_0.01,653657,10,24,conical_hull,conical_bounded,unscaled,0.01,115.73260584005973,54.84091065195726,4.6104423356154465,11.89493472856473,1.2166446515418838,10,0.9866160803638081,1.0,0.0,0.40821917808219177,0.5668493150684931,36360,173,711,2529,OPTIMAL,8.655261045119447e7,4.374862859270145e7,4.280398185849343e7,0.0,0.0,40906,141154,OPTIMAL,8.309043047569227e7,4.374862859270145e7,3.934180188302783e7,0.0,0.0,1489306,3959534,0.0,0.0,0.005183709,0.785147667,0.01812675,0.663355709,1.917577708,0.272698583
tyndp/gep_20_24_k_means_dirac_0.01,653657,20,24,k_means,dirac,unscaled,0.01,106.65168945503443,87.0107956326854,0.8422662386027272,103.30557209206374,1.058789344359275,20,1.0,1.0,0.0,0.0,0.05,0,0,0,0,OPTIMAL,5.2597667203241855e7,3.493531883209675e7,1.766234837114554e7,0.0,0.0,81706,248714,OPTIMAL,2.2349549047942898e8,3.493531883209675e7,1.8856017164733973e8,0.0,0.0,1489306,3959534,0.0,0.0,0.005186583,0.291421708,1.5e-6,0.567371459,4.721632833,0.272698583
tyndp/gep_20_24_k_means_convex_0.01,653657,20,24,k_means,convex,unscaled,0.01,100.39154138359868,87.0107956326854,0.8422662386027272,103.30557209206374,1.058789344359275,20,1.0,1.0000000000000002,0.0,0.0,0.1804109589041096,90992,591,0,0,OPTIMAL,5.249899876462222e7,3.505415296258512e7,1.7444845802036952e7,0.0,0.0,81706,248714,OPTIMAL,2.2806504749512935e8,3.505415296258512e7,1.9301089453258047e8,0.0,0.0,1489306,3959534,0.0,0.0,0.005239084,0.161449542,0.062798458,0.639429875,10.616836416,0.272698583
tyndp/gep_20_24_k_means_conical_0.01,653657,20,24,k_means,conical,unscaled,0.01,98.33888074078305,87.0107956326854,0.8422662386027272,103.30557209206374,1.058789344359275,20,1.0059084145395067,1.173516061384879,0.5397260273972603,0.4602739726027397,0.17643835616438355,96188,633,0,0,OPTIMAL,5.261414021274673e7,3.5095280992917016e7,1.7518859219828986e7,0.0,0.0,81706,248714,OPTIMAL,2.2875504577398044e8,3.5095280992917016e7,1.9365976478100982e8,0.0,0.0,1489306,3959534,0.0,0.0,0.005175292,0.226905834,0.035118125,0.580288416,11.158751291,0.272698583
tyndp/gep_20_24_k_means_conical_bounded_0.01,653657,20,24,k_means,conical_bounded,unscaled,0.01,99.61082285860824,87.0107956326854,0.8422662386027272,103.30557209206374,1.058789344359275,20,0.9735416978132408,1.0000000000000002,0.0,0.5643835616438356,0.1754794520547945,92044,591,0,0,OPTIMAL,5.227393276301268e7,3.503950139337589e7,1.7234431369637314e7,0.0,0.0,81706,248714,OPTIMAL,2.2693992744041008e8,3.503950139337589e7,1.9190042604707047e8,0.0,0.0,1489306,3959534,0.0,0.0,0.005235,0.149404084,0.127952209,0.568390333,9.703527417,0.272698583
tyndp/gep_20_24_k_medoids_dirac_0.01,653657,20,24,k_medoids,dirac,unscaled,0.01,134.28672585180036,85.4415696032223,2.993235065001944,28.54489131249263,1.1235595898394148,20,1.0,1.0,0.0,0.0,0.05,0,0,0,0,OPTIMAL,6.300692689085577e7,4.029769672640508e7,2.270923016445077e7,0.0,0.0,81706,248714,OPTIMAL,9.327297220213242e7,4.029769672640508e7,5.2975275475784145e7,0.0,0.0,1489306,3959534,0.0,0.0,0.00530925,0.197316416,1.292e-6,0.568099084,4.038932292,0.272698583
tyndp/gep_20_24_k_medoids_convex_0.01,653657,20,24,k_medoids,convex,unscaled,0.01,104.52976880017579,85.4415696032223,2.993235065001944,28.54489131249263,1.1235595898394148,20,1.0,1.0000000000000002,0.0,0.0,0.31465753424657533,74771,324,0,0,OPTIMAL,6.234887701868671e7,3.972831600912879e7,2.2620561009557076e7,0.0,0.0,81706,248714,OPTIMAL,9.689512661073196e7,3.972831600912879e7,5.716681060161731e7,0.0,0.0,1489306,3959534,0.0,0.0,0.005174959,0.142614417,0.110538791,0.595056791,17.028769042,0.272698583
tyndp/gep_20_24_k_medoids_conical_0.01,653657,20,24,k_medoids,conical,unscaled,0.01,101.44139846932673,85.4415696032223,2.993235065001944,28.54489131249263,1.1235595898394148,20,0.9768279654450912,1.1854489026063773,0.3863013698630137,0.5589041095890411,0.3165753424657534,75408,336,0,0,OPTIMAL,6.207855071689823e7,3.976054296090208e7,2.2318007755996108e7,0.0,0.0,81706,248714,OPTIMAL,9.697458194321717e7,3.976054296090208e7,5.721403898236761e7,0.0,0.0,1489306,3959534,0.0,0.0,0.005255583,0.191256167,0.029976167,0.604271416,20.252708583,0.272698583
tyndp/gep_20_24_k_medoids_conical_bounded_0.01,653657,20,24,k_medoids,conical_bounded,unscaled,0.01,102.45804203534908,85.4415696032223,2.993235065001944,28.54489131249263,1.1235595898394148,20,0.9559063838350248,1.0000000000000002,0.0,0.6712328767123288,0.3089041095890411,74898,332,0,0,OPTIMAL,6.164524310965561e7,3.968111540927066e7,2.196412770038449e7,0.0,0.0,81706,248714,OPTIMAL,9.830850113962889e7,3.968111540927066e7,5.8627385730382405e7,0.0,0.0,1489306,3959534,0.0,0.0,0.005244416,0.141006542,0.077317208,0.597372167,21.097626667,0.272698583
tyndp/gep_20_24_hierarchical_dirac_0.01,653657,20,24,hierarchical,dirac,unscaled,0.01,137.32158068567233,84.57264723002822,2.6837493507197467,31.51287105382883,1.1207545552914964,20,1.0,1.0,0.0,0.0,0.05,0,0,0,0,OPTIMAL,5.9736107848950565e7,3.768605438486016e7,2.205005346409008e7,0.0,0.0,81706,248714,OPTIMAL,9.100592244735381e7,3.768605438486016e7,5.3319868062482476e7,0.0,0.0,1489306,3959534,0.0,0.0,0.005197333,0.623239833,1.584e-6,0.622826542,4.557488125,0.272698583
tyndp/gep_20_24_hierarchical_convex_0.01,653657,20,24,hierarchical,convex,unscaled,0.01,104.42296088418233,84.57264723002822,2.6837493507197467,31.51287105382883,1.1207545552914964,20,1.0,1.0000000000000002,0.0,0.0,0.3045205479452055,75882,368,0,0,OPTIMAL,6.052699675882767e7,3.836785918277328e7,2.2159137576054513e7,0.0,0.0,81706,248714,OPTIMAL,9.194569615361653e7,3.836785918277328e7,5.3577836970826946e7,0.0,0.0,1489306,3959534,0.0,0.0,0.005329875,0.214069125,0.05191975,0.661958417,12.943850708,0.272698583
tyndp/gep_20_24_hierarchical_conical_0.01,653657,20,24,hierarchical,conical,unscaled,0.01,100.95033832299548,84.57264723002822,2.6837493507197467,31.51287105382883,1.1207545552914964,20,1.0101063774578716,1.2815369417085585,0.5397260273972603,0.4054794520547945,0.3163013698630137,78298,360,0,0,OPTIMAL,6.07903717986101e7,3.836561570562896e7,2.242475609298107e7,0.0,0.0,81706,248714,OPTIMAL,9.025512644723341e7,3.836561570562896e7,5.18895107416489e7,0.0,0.0,1489306,3959534,0.0,0.0,0.005256959,0.2164895,0.030366875,0.612182084,18.197641084,0.272698583
tyndp/gep_20_24_hierarchical_conical_bounded_0.01,653657,20,24,hierarchical,conical_bounded,unscaled,0.01,103.15044978662067,84.57264723002822,2.6837493507197467,31.51287105382883,1.1207545552914964,20,0.9674000188871653,1.0000000000000002,0.0,0.5589041095890411,0.3049315068493151,76886,385,0,0,OPTIMAL,6.015289171390633e7,3.8012126516379654e7,2.2140765197526418e7,0.0,0.0,81706,248714,OPTIMAL,9.246300704178302e7,3.8012126516379654e7,5.4450880525406115e7,0.0,0.0,1489306,3959534,0.0,0.0,0.005267625,0.145305083,0.098681167,0.609807625,6.989024708,0.272698583
tyndp/gep_20_24_chronological_dirac_0.01,653657,20,24,chronological,dirac,unscaled,0.01,151.28134198242293,83.68968309746818,2.6850882891410253,31.168317047869206,1.1018554240283975,20,1.0,1.0,0.0,0.0,0.05,0,0,0,0,OPTIMAL,6.434621146197964e7,4.255692746234185e7,2.178928399963955e7,0.0,0.0,81706,248714,OPTIMAL,1.5258117759614405e8,4.255692746234185e7,1.1002425013385789e8,0.0,0.0,1489306,3959534,0.0,0.0,0.005254125,0.14677675,1.458e-6,0.566544375,2.49893875,0.272698583
tyndp/gep_20_24_chronological_convex_0.01,653657,20,24,chronological,convex,unscaled,0.01,110.09391456527065,83.68968309746818,2.6850882891410253,31.168317047869206,1.1018554240283975,20,1.0,1.0000000000000002,0.0,0.0,0.30246575342465754,81132,395,0,0,OPTIMAL,6.460903297817819e7,4.265650561294344e7,2.1952527365234848e7,0.0,0.0,81706,248714,OPTIMAL,1.4609873078535625e8,4.265650561294344e7,1.0344222517236209e8,0.0,0.0,1489306,3959534,0.0,0.0,0.005228791,0.144613208,0.600830583,0.661537166,15.15800525,0.272698583
tyndp/gep_20_24_chronological_conical_0.01,653657,20,24,chronological,conical,unscaled,0.01,107.34605920240182,83.68968309746818,2.6850882891410253,31.168317047869206,1.1018554240283975,20,1.0003002826615524,1.2431912868051391,0.4958904109589041,0.44931506849315067,0.3136986301369863,83154,426,0,0,OPTIMAL,6.446696949344358e7,4.303177850474844e7,2.1435190988695092e7,0.0,0.0,81706,248714,OPTIMAL,1.5123262333773813e8,4.303177850474844e7,1.0820084483298005e8,0.0,0.0,1489306,3959534,0.0,0.0,0.0052425,0.142038041,0.061158625,0.594081834,19.151480625,0.272698583
tyndp/gep_20_24_chronological_conical_bounded_0.01,653657,20,24,chronological,conical_bounded,unscaled,0.01,108.72451537620857,83.68968309746818,2.6850882891410253,31.168317047869206,1.1018554240283975,20,0.9671012481910977,1.0000000000000002,0.0,0.5835616438356165,0.30273972602739724,81611,389,0,0,OPTIMAL,6.3546529672543414e7,4.234277095092104e7,2.120375872162219e7,0.0,0.0,81706,248714,OPTIMAL,1.5079291535776561e8,4.234277095092104e7,1.0845014440684648e8,0.0,0.0,1489306,3959534,0.0,0.0,0.005184292,0.143104209,0.058384084,0.645227208,17.992605375,0.272698583
tyndp/gep_20_24_convex_hull_dirac_0.01,653657,20,24,convex_hull,dirac,unscaled,0.01,150.39343538533413,89.42636064966267,3.4983442876434494,25.56248136169066,1.1734918130796643,20,1.0,1.0,0.0,0.0,0.05,0,0,2521,4224,OPTIMAL,7.285978360928775e7,4.07980966783614e7,3.2061686930925753e7,0.0,0.0,81706,248714,OPTIMAL,6.974142227398211e7,4.07980966783614e7,2.8943325595609073e7,0.0,0.0,1489306,3959534,0.0,0.0,0.005275167,1.1257485,1.25e-6,0.586595,5.201327958,0.272698583
tyndp/gep_20_24_convex_hull_convex_0.01,653657,20,24,convex_hull,convex,unscaled,0.01,99.53134968864865,89.42636064966267,3.4983442876434494,25.56248136169066,1.1734918130796643,20,1.0,1.0000000000000002,0.0,0.0,0.35876712328767124,70015,337,2521,4224,OPTIMAL,8.019972489357865e7,4.382703463763214e7,3.637269025594703e7,0.0,0.0,81706,248714,OPTIMAL,7.089817179312988e7,4.382703463763214e7,2.7071137155523177e7,0.0,0.0,1489306,3959534,0.0,0.0,0.005800083,0.496902584,0.050471666,0.6652285,14.563975709,0.272698583
tyndp/gep_20_24_convex_hull_conical_0.01,653657,20,24,convex_hull,conical,unscaled,0.01,97.44080855356279,89.42636064966267,3.4983442876434494,25.56248136169066,1.1734918130796643,20,1.0001982633573205,1.2033414801887725,0.4712328767123288,0.473972602739726,0.3632876712328767,72511,311,2521,4224,OPTIMAL,8.152395391218302e7,4.3654336711614e7,3.7869617200569324e7,0.0,0.0,81706,248714,OPTIMAL,7.098054120539974e7,4.3654336711614e7,2.7326204493772842e7,0.0,0.0,1489306,3959534,0.0,0.0,0.005149917,1.151912459,0.031087209,0.678815875,7.917563083,0.272698583
tyndp/gep_20_24_convex_hull_conical_bounded_0.01,653657,20,24,convex_hull,conical_bounded,unscaled,0.01,98.48860284629207,89.42636064966267,3.4983442876434494,25.56248136169066,1.1734918130796643,20,0.9688069810977905,1.0000000000000002,0.0,0.6493150684931507,0.3563013698630137,71055,337,2521,4224,OPTIMAL,7.90265423019399e7,4.372702296058575e7,3.529951934135349e7,0.0,0.0,81706,248714,OPTIMAL,7.101617437865691e7,4.372702296058575e7,2.7289151418038875e7,0.0,0.0,1489306,3959534,0.0,0.0,0.005241542,0.504715625,0.066655125,0.66046975,15.160918708,0.272698583
tyndp/gep_20_24_convex_hull_with_null_dirac_0.01,653657,20,24,convex_hull_with_null,dirac,unscaled,0.01,151.15311224050757,91.40389528429453,3.0415105137624323,30.052138524823114,1.1610412278398012,20,1.0,1.0,0.0,0.0,0.05,0,0,2900,4210,OPTIMAL,7.08858076013543e7,4.062396038020256e7,3.026184722115251e7,0.0,0.0,81706,248714,OPTIMAL,6.945432733434625e7,4.062396038020256e7,2.8830366954087954e7,0.0,0.0,1489306,3959534,0.0,0.0,0.005220833,1.140856,1.208e-6,0.550674792,5.438206125,0.272698583
tyndp/gep_20_24_convex_hull_with_null_convex_0.01,653657,20,24,convex_hull_with_null,convex,unscaled,0.01,101.65674973423943,91.40389528429453,3.0415105137624323,30.052138524823114,1.1610412278398012,20,1.0,1.0000000000000004,0.0,0.0,0.3547945205479452,72187,429,2900,4210,OPTIMAL,7.98074484864365e7,4.3928559047322705e7,3.587888943911451e7,0.0,0.0,81706,248714,OPTIMAL,7.065243172517852e7,4.3928559047322705e7,2.672387267783955e7,0.0,0.0,1489306,3959534,0.0,0.0,0.005176,0.489382,0.05305575,0.637144625,14.986447625,0.272698583
tyndp/gep_20_24_convex_hull_with_null_conical_0.01,653657,20,24,convex_hull_with_null,conical,unscaled,0.01,97.53607943723918,91.40389528429453,3.0415105137624323,30.052138524823114,1.1610412278398012,20,0.9642093434803108,1.1791328038732596,0.33424657534246577,0.6109589041095891,0.3526027397260274,72696,339,2900,4210,OPTIMAL,7.775486558512233e7,4.354073794098577e7,3.4214127644137025e7,0.0,0.0,81706,248714,OPTIMAL,7.04457526425134e7,4.354073794098577e7,2.690501470150145e7,0.0,0.0,1489306,3959534,0.0,0.0,0.005250667,0.506908041,0.027939792,0.675798625,21.738422417,0.272698583
tyndp/gep_20_24_convex_hull_with_null_conical_bounded_0.01,653657,20,24,convex_hull_with_null,conical_bounded,unscaled,0.01,98.26962263527369,91.40389528429453,3.0415105137624323,30.052138524823114,1.1610412278398012,20,0.9455412197481178,1.0000000000000002,0.0,0.726027397260274,0.34794520547945207,72439,322,2900,4210,OPTIMAL,7.652891064171962e7,4.3482598551829025e7,3.304631208989012e7,0.0,0.0,81706,248714,OPTIMAL,7.048685758988647e7,4.3482598551829025e7,2.7004259038084168e7,0.0,0.0,1489306,3959534,0.0,0.0,0.005236958,0.486218292,0.066373334,0.674287291,15.409915,0.272698583
tyndp/gep_20_24_conical_hull_dirac_0.01,653657,20,24,conical_hull,dirac,unscaled,0.01,150.12627736340895,74.99811835588565,2.960537560051194,25.33260154098122,1.2146125029279384,20,1.0,1.0,0.0,0.0,0.05,0,0,2431,4314,OPTIMAL,7.578304893988496e7,4.120983594772869e7,3.457321299215651e7,0.0,0.0,81706,248714,OPTIMAL,7.240426743681419e7,4.120983594772869e7,3.1194431489070937e7,0.0,0.0,1489306,3959534,0.0,0.0,0.005257333,1.025623083,1.25e-6,0.563973791,5.185109125,0.272698583
tyndp/gep_20_24_conical_hull_convex_0.01,653657,20,24,conical_hull,convex,unscaled,0.01,106.10266323550195,74.99811835588565,2.960537560051194,25.33260154098122,1.2146125029279384,20,1.0,1.0000000000000002,0.0,0.0,0.3567123287671233,60139,257,2431,4314,OPTIMAL,8.228957654618584e7,4.401648957143481e7,3.827308697475077e7,0.0,0.0,81706,248714,OPTIMAL,8.500092297614476e7,4.401648957143481e7,4.0984433404749386e7,0.0,0.0,1489306,3959534,0.0,0.0,0.005212333,1.032674958,0.041764708,0.647819917,13.092032542,0.272698583
tyndp/gep_20_24_conical_hull_conical_0.01,653657,20,24,conical_hull,conical,unscaled,0.01,98.14342514195387,74.99811835588565,2.960537560051194,25.33260154098122,1.2146125029279384,20,1.1056566113267579,1.397504313941564,0.8301369863013699,0.11506849315068493,0.39301369863013697,64063,307,2431,4314,OPTIMAL,8.369159478121608e7,4.451531337398358e7,3.917628140723244e7,0.0,0.0,81706,248714,OPTIMAL,8.212367150871886e7,4.451531337398358e7,3.760835813476426e7,0.0,0.0,1489306,3959534,0.0,0.0,0.00523425,1.036774458,0.025029916,0.665163042,17.755644542,0.272698583
tyndp/gep_20_24_conical_hull_conical_bounded_0.01,653657,20,24,conical_hull,conical_bounded,unscaled,0.01,106.08358448632038,74.99811835588565,2.960537560051194,25.33260154098122,1.2146125029279384,20,0.9923551424406142,1.0000000000000002,0.0,0.3726027397260274,0.3563013698630137,60336,288,2431,4314,OPTIMAL,8.221487700543118e7,4.398623925278097e7,3.822863775265057e7,0.0,0.0,81706,248714,OPTIMAL,8.599819082956009e7,4.398623925278097e7,4.2011951576781474e7,0.0,0.0,1489306,3959534,0.0,0.0,0.005217708,0.402142375,0.053288292,0.650237709,13.851669709,0.272698583
tyndp/gep_40_24_k_means_dirac_0.01,653657,40,24,k_means,dirac,unscaled,0.01,99.97222341493375,119.23033136257611,0.7099846742665645,167.93366911158276,1.0784053533341205,40,1.0,1.0,0.0,0.0,0.025,0,0,0,0,OPTIMAL,5.378319655854662e7,3.577559405025618e7,1.8007602508290228e7,0.0,0.0,163306,463834,OPTIMAL,1.2580213135785624e8,3.577559405025618e7,9.002653730756383e7,0.0,0.0,1489306,3959534,0.0,0.0,0.005190042,0.155467417,1.916e-6,0.918847708,12.173482166,0.272698583
tyndp/gep_40_24_k_means_convex_0.01,653657,40,24,k_means,convex,unscaled,0.01,92.12924993878559,119.23033136257611,0.7099846742665645,167.93366911158276,1.0784053533341205,40,1.0,1.0000000000000002,0.0,0.0,0.10986301369863014,138901,761,0,0,OPTIMAL,5.45187985688917e7,3.616972689272763e7,1.8349071676163185e7,0.0,0.0,163306,463834,OPTIMAL,1.2249950332125877e8,3.616972689272763e7,8.632977642853233e7,0.0,0.0,1489306,3959534,0.0,0.0,0.005210084,0.150739167,0.227733083,0.964808375,22.214064,0.272698583
tyndp/gep_40_24_k_means_conical_0.01,653657,40,24,k_means,conical,unscaled,0.01,89.9623448104098,119.23033136257611,0.7099846742665645,167.93366911158276,1.0784053533341205,40,1.0122936984507485,1.1509221245681396,0.6,0.3972602739726027,0.11294520547945205,141057,857,0,0,OPTIMAL,5.4702405195978865e7,3.606021415884161e7,1.8642191037137486e7,0.0,0.0,163306,463834,OPTIMAL,1.1923262493466231e8,3.606021415884161e7,8.317241077579813e7,0.0,0.0,1489306,3959534,0.0,0.0,0.005512833,0.229669917,0.123549541,0.888974667,21.663619792,0.272698583
tyndp/gep_40_24_k_means_conical_bounded_0.01,653657,40,24,k_means,conical_bounded,unscaled,0.01,91.43853396330202,119.23033136257611,0.7099846742665645,167.93366911158276,1.0784053533341205,40,0.978239511623999,1.0000000000000002,0.0,0.5753424657534246,0.10897260273972603,139398,747,0,0,OPTIMAL,5.4336150754506856e7,3.613368777618245e7,1.8202462978324167e7,0.0,0.0,163306,463834,OPTIMAL,1.225948911248183e8,3.613368777618245e7,8.646120334864809e7,0.0,0.0,1489306,3959534,0.0,0.0,0.005193708,0.148406667,0.227236,0.9362545,24.576869125,0.272698583
tyndp/gep_40_24_k_medoids_dirac_0.01,653657,40,24,k_medoids,dirac,unscaled,0.01,126.35092375604668,117.25747064881911,1.946289370651511,60.246678842811406,1.133523748426014,40,1.0,1.0,0.0,0.0,0.025,0,0,0,0,OPTIMAL,6.301888898329263e7,3.94719239810124e7,2.3546965002280753e7,0.0,0.0,163306,463834,OPTIMAL,7.421106740226865e7,3.94719239810124e7,3.473914342127396e7,0.0,0.0,1489306,3959534,0.0,0.0,0.005185583,0.223271166,9.58e-7,0.908176375,11.825966875,0.272698583
tyndp/gep_40_24_k_medoids_convex_0.01,653657,40,24,k_medoids,convex,unscaled,0.01,93.58597842311751,117.25747064881911,1.946289370651511,60.246678842811406,1.133523748426014,40,1.0,1.0000000000000002,0.0,0.0,0.18602739726027398,109991,546,0,0,OPTIMAL,6.511555215530023e7,3.976056411364264e7,2.5354988041657858e7,0.0,0.0,163306,463834,OPTIMAL,7.442871677856144e7,3.976056411364264e7,3.466815266493404e7,0.0,0.0,1489306,3959534,0.0,0.0,0.005239708,0.143489667,0.19081225,0.924450042,23.365179417,0.272698583
tyndp/gep_40_24_k_medoids_conical_0.01,653657,40,24,k_medoids,conical,unscaled,0.01,91.63341142984812,117.25747064881911,1.946289370651511,60.246678842811406,1.133523748426014,40,1.017306421028252,1.2077554980294019,0.5616438356164384,0.3287671232876712,0.19356164383561644,113157,566,0,0,OPTIMAL,6.588369704547133e7,3.997633210207123e7,2.590736494339942e7,0.0,0.0,163306,463834,OPTIMAL,7.356844209342168e7,3.997633210207123e7,3.359210999134757e7,0.0,0.0,1489306,3959534,0.0,0.0,0.005238792,0.143892208,0.089265625,1.008016584,23.871520083,0.272698583
tyndp/gep_40_24_k_medoids_conical_bounded_0.01,653657,40,24,k_medoids,conical_bounded,unscaled,0.01,93.05602985198402,117.25747064881911,1.946289370651511,60.246678842811406,1.133523748426014,40,0.9774713194979749,1.0000000000000002,0.0,0.6136986301369863,0.18404109589041096,108884,544,0,0,OPTIMAL,6.47094823940257e7,3.946083758122711e7,2.524864481279755e7,0.0,0.0,163306,463834,OPTIMAL,7.452476765844938e7,3.946083758122711e7,3.506393007723072e7,0.0,0.0,1489306,3959534,0.0,0.0,0.005164208,0.140156125,0.185946708,0.940359625,29.199916125,0.272698583
tyndp/gep_40_24_hierarchical_dirac_0.01,653657,40,24,hierarchical,dirac,unscaled,0.01,128.04989377589902,119.2155980292,1.7938922549449896,66.45638705478206,1.1304446787386533,40,1.0,1.0,0.0,0.0,0.025,0,0,0,0,OPTIMAL,6.0143575371111915e7,4.039781905566931e7,1.9745756315443493e7,0.0,0.0,163306,463834,OPTIMAL,8.091338310451669e7,4.039781905566931e7,4.0515564048845775e7,0.0,0.0,1489306,3959534,0.0,0.0,0.005230083,0.148383334,1.5e-6,0.88324475,12.537329333,0.272698583
tyndp/gep_40_24_hierarchical_convex_0.01,653657,40,24,hierarchical,convex,unscaled,0.01,92.77481572593086,119.2155980292,1.7938922549449896,66.45638705478206,1.1304446787386533,40,1.0,1.0000000000000002,0.0,0.0,0.1847945205479452,114125,543,0,0,OPTIMAL,5.985627037773997e7,4.008986865601726e7,1.9766401721723262e7,0.0,0.0,163306,463834,OPTIMAL,7.965523213398758e7,4.008986865601726e7,3.956536347798391e7,0.0,0.0,1489306,3959534,0.0,0.0,0.005212708,0.141209916,0.187512917,0.940869875,27.756061417,0.272698583
tyndp/gep_40_24_hierarchical_conical_0.01,653657,40,24,hierarchical,conical,unscaled,0.01,90.63715227285374,119.2155980292,1.7938922549449896,66.45638705478206,1.1304446787386533,40,1.0166390461653814,1.2212084274111596,0.5698630136986301,0.32054794520547947,0.1882876712328767,119021,572,0,0,OPTIMAL,5.994846657421559e7,3.995657740658755e7,1.9991889167627506e7,0.0,0.0,163306,463834,OPTIMAL,7.813532771793051e7,3.995657740658755e7,3.81787503113089e7,0.0,0.0,1489306,3959534,0.0,0.0,0.005241667,0.141943375,0.1187595,1.005965916,23.285539417,0.272698583
tyndp/gep_40_24_hierarchical_conical_bounded_0.01,653657,40,24,hierarchical,conical_bounded,unscaled,0.01,92.2809047950223,119.2155980292,1.7938922549449896,66.45638705478206,1.1304446787386533,40,0.9775985728945804,1.0000000000000002,0.0,0.5863013698630137,0.18164383561643835,114975,597,0,0,OPTIMAL,5.974018331907974e7,4.012433325666372e7,1.961585006241606e7,0.0,0.0,163306,463834,OPTIMAL,7.994958620443533e7,4.012433325666372e7,3.982525294775583e7,0.0,0.0,1489306,3959534,0.0,0.0,0.005238875,0.141952791,0.189787917,1.00650475,21.327506709,0.272698583
tyndp/gep_40_24_chronological_dirac_0.01,653657,40,24,chronological,dirac,unscaled,0.01,146.0558448163016,119.46740856251007,1.874511243723323,63.7325644018081,1.114618431687072,40,1.0,1.0,0.0,0.0,0.025,0,0,0,0,OPTIMAL,6.643809449945141e7,4.543996497494874e7,2.0998129524503015e7,0.0,0.0,163306,463834,OPTIMAL,7.654956706725174e7,4.543996497494874e7,3.110960209231471e7,0.0,0.0,1489306,3959534,0.0,0.0,0.005286833,0.143715333,1.959e-6,0.8063545,6.746720834,0.272698583
tyndp/gep_40_24_chronological_convex_0.01,653657,40,24,chronological,convex,unscaled,0.01,98.07287018154692,119.46740856251007,1.874511243723323,63.7325644018081,1.114618431687072,40,1.0,1.0000000000000002,0.0,0.0,0.17691780821917807,117114,581,0,0,OPTIMAL,6.470377563630682e7,4.3144221813291095e7,2.1559553823014762e7,0.0,0.0,163306,463834,OPTIMAL,7.692396115918173e7,4.3144221813291095e7,3.377973934587947e7,0.0,0.0,1489306,3959534,0.0,0.0,0.00520925,0.144842292,0.194936625,1.0270775,26.6275895,0.272698583
tyndp/gep_40_24_chronological_conical_0.01,653657,40,24,chronological,conical,unscaled,0.01,95.45348337574472,119.46740856251007,1.874511243723323,63.7325644018081,1.114618431687072,40,1.0031759752775053,1.2496161587394352,0.4794520547945205,0.410958904109589,0.1834931506849315,119779,556,0,0,OPTIMAL,6.49344677052658e7,4.3907155530697845e7,2.1027312174567588e7,0.0,0.0,163306,463834,OPTIMAL,7.617682279492751e7,4.3907155530697845e7,3.2269667264244918e7,0.0,0.0,1489306,3959534,0.0,0.0,0.00538925,0.143099666,0.112217959,1.012441166,26.447677167,0.272698583
tyndp/gep_40_24_chronological_conical_bounded_0.01,653657,40,24,chronological,conical_bounded,unscaled,0.01,97.01085059757075,119.46740856251007,1.874511243723323,63.7325644018081,1.114618431687072,40,0.969774719244685,1.0000000000000002,0.0,0.6164383561643836,0.17705479452054795,116340,553,0,0,OPTIMAL,6.438626727925801e7,4.308728267732713e7,2.129898460193191e7,0.0,0.0,163306,463834,OPTIMAL,7.52027786398319e7,4.308728267732713e7,3.2115495962499905e7,0.0,0.0,1489306,3959534,0.0,0.0,0.005121,0.142719916,0.183933459,1.009192042,20.819231667,0.272698583
tyndp/gep_40_24_convex_hull_dirac_0.01,653657,40,24,convex_hull,dirac,unscaled,0.01,138.78033149190352,123.85959528003053,2.3351492578973954,53.0414040392243,1.1669489617998396,40,1.0,1.0,0.0,0.0,0.025,0,0,7405,6050,OPTIMAL,6.873704774441019e7,4.101024064184925e7,2.7726807102560807e7,0.0,0.0,163306,463834,OPTIMAL,6.880930791693462e7,4.101024064184925e7,2.7799067275074296e7,0.0,0.0,1489306,3959534,0.0,0.0,0.005152375,1.096443834,1.541e-6,0.851605917,15.131603,0.272698583
tyndp/gep_40_24_convex_hull_convex_0.01,653657,40,24,convex_hull,convex,unscaled,0.01,89.29224090105558,123.85959528003053,2.3351492578973954,53.0414040392243,1.1669489617998396,40,1.0,1.0000000000000002,0.0,0.0,0.2095890410958904,106196,482,7405,6050,OPTIMAL,7.38660687439665e7,4.164238279257903e7,3.2223685951387603e7,0.0,0.0,163306,463834,OPTIMAL,6.81286481254218e7,4.164238279257903e7,2.648626533282681e7,0.0,0.0,1489306,3959534,0.0,0.0,0.00520475,1.074944334,0.164638083,0.994433792,26.221853584,0.272698583
tyndp/gep_40_24_convex_hull_conical_0.01,653657,40,24,convex_hull,conical,unscaled,0.01,87.67789125543483,123.85959528003053,2.3351492578973954,53.0414040392243,1.1669489617998396,40,1.0063644968084586,1.1718591870763044,0.4876712328767123,0.40273972602739727,0.2156164383561644,108487,531,7405,6050,OPTIMAL,7.509445870203322e7,4.2223720605581895e7,3.2870738096452404e7,0.0,0.0,163306,463834,OPTIMAL,6.793145919834478e7,4.2223720605581895e7,2.5707738592747368e7,0.0,0.0,1489306,3959534,0.0,0.0,0.005255333,1.0924535,0.102618708,0.94528575,31.539993417,0.272698583
tyndp/gep_40_24_convex_hull_conical_bounded_0.01,653657,40,24,convex_hull,conical_bounded,unscaled,0.01,88.74997129606191,123.85959528003053,2.3351492578973954,53.0414040392243,1.1669489617998396,40,0.974272853372811,1.0000000000000002,0.0,0.6547945205479452,0.20767123287671233,106226,460,7405,6050,OPTIMAL,7.328165602658673e7,4.170233462466932e7,3.1579321401918028e7,0.0,0.0,163306,463834,OPTIMAL,6.814059292237833e7,4.170233462466932e7,2.6438258297711708e7,0.0,0.0,1489306,3959534,0.0,0.0,0.00522225,1.679092542,0.148504833,0.9696715,27.561406583,0.272698583
tyndp/gep_40_24_convex_hull_with_null_dirac_0.01,653657,40,24,convex_hull_with_null,dirac,unscaled,0.01,138.77072091401132,125.95690605211527,2.07646894430569,60.65918124974971,1.1631363596400013,40,1.0,1.0,0.0,0.0,0.025,0,0,7899,5921,OPTIMAL,6.855806482941401e7,4.1733293665098034e7,2.6824771164316077e7,0.0,0.0,163306,463834,OPTIMAL,6.759133390602829e7,4.1733293665098034e7,2.5858040240942456e7,0.0,0.0,1489306,3959534,0.0,0.0,0.005258209,1.056355917,2.25e-6,0.851639875,13.236655708,0.272698583
tyndp/gep_40_24_convex_hull_with_null_convex_0.01,653657,40,24,convex_hull_with_null,convex,unscaled,0.01,90.00144864099636,125.95690605211527,2.07646894430569,60.65918124974971,1.1631363596400013,40,1.0,1.0000000000000002,0.0,0.0,0.203013698630137,105465,496,7899,5921,OPTIMAL,7.521181848098324e7,4.3492116483072445e7,3.1719701997911073e7,0.0,0.0,163306,463834,OPTIMAL,6.811623855624157e7,4.3492116483072445e7,2.462412207312984e7,0.0,0.0,1489306,3959534,0.0,0.0,0.005196833,1.672553833,0.137856292,0.968628333,30.407131125,0.272698583
tyndp/gep_40_24_convex_hull_with_null_conical_0.01,653657,40,24,convex_hull_with_null,conical,unscaled,0.01,87.51037271184231,125.95690605211527,2.07646894430569,60.65918124974971,1.1631363596400013,40,0.9913680909438963,1.181540816191668,0.4054794520547945,0.4849315068493151,0.20856164383561643,109329,504,7899,5921,OPTIMAL,7.578950456781694e7,4.34580662709504e7,3.233143829686565e7,0.0,0.0,163306,463834,OPTIMAL,6.824446693029642e7,4.34580662709504e7,2.4786400659357086e7,0.0,0.0,1489306,3959534,0.0,0.0,0.005233834,1.116602708,0.102085666,0.958751667,28.051073667,0.272698583
tyndp/gep_40_24_convex_hull_with_null_conical_bounded_0.01,653657,40,24,convex_hull_with_null,conical_bounded,unscaled,0.01,88.63070080435554,125.95690605211527,2.07646894430569,60.65918124974971,1.1631363596400013,40,0.9637396108623202,1.0000000000000002,0.0,0.7178082191780822,0.2028082191780822,106351,496,7899,5921,OPTIMAL,7.409312241129659e7,4.349988933608119e7,3.0593233075215653e7,0.0,0.0,163306,463834,OPTIMAL,6.816115128816362e7,4.349988933608119e7,2.466126195208656e7,0.0,0.0,1489306,3959534,0.0,0.0,0.005247167,1.087380625,0.170049209,1.000303208,27.457090458,0.272698583
tyndp/gep_40_24_conical_hull_dirac_0.01,653657,40,24,conical_hull,dirac,unscaled,0.01,139.87441762880084,105.29974022877614,2.1412003777594686,49.17790101408481,1.2028476851372187,40,1.0,1.0,0.0,0.0,0.025,0,0,7113,6342,OPTIMAL,7.029662932748917e7,4.257490768627828e7,2.772172164121207e7,0.0,0.0,163306,463834,OPTIMAL,7.18120854292476e7,4.257490768627828e7,2.9237177742988706e7,0.0,0.0,1489306,3959534,0.0,0.0,0.005251166,1.318614459,1.833e-6,0.872159208,12.019192583,0.272698583
tyndp/gep_40_24_conical_hull_convex_0.01,653657,40,24,conical_hull,convex,unscaled,0.01,96.23913320758587,105.29974022877614,2.1412003777594686,49.17790101408481,1.2028476851372187,40,1.0,1.0000000000000002,0.0,0.0,0.19904109589041097,89640,440,7113,6342,OPTIMAL,7.617121333050747e7,4.329593090862207e7,3.2875282421885263e7,0.0,0.0,163306,463834,OPTIMAL,7.36914854603374e7,4.329593090862207e7,3.0395554551703643e7,0.0,0.0,1489306,3959534,0.0,0.0,0.005273833,0.644303541,0.142792083,1.013099958,28.114228583,0.272698583
tyndp/gep_40_24_conical_hull_conical_0.01,653657,40,24,conical_hull,conical,unscaled,0.01,88.72259147633656,105.29974022877614,2.1412003777594686,49.17790101408481,1.2028476851372187,40,1.0965333784697762,1.3746982494220412,0.7945205479452054,0.0958904109589041,0.2263013698630137,98713,500,7113,6342,OPTIMAL,7.876769284698465e7,4.520519978821656e7,3.356249305876779e7,0.0,0.0,163306,463834,OPTIMAL,7.40141813581168e7,4.520519978821656e7,2.8808981569934525e7,0.0,0.0,1489306,3959534,0.0,0.0,0.005224625,0.712421125,0.089573875,1.01438875,23.214777834,0.272698583
tyndp/gep_40_24_conical_hull_conical_bounded_0.01,653657,40,24,conical_hull,conical_bounded,unscaled,0.01,96.41125712139318,105.29974022877614,2.1412003777594686,49.17790101408481,1.2028476851372187,40,0.9920113387046863,1.0000000000000002,0.0,0.5095890410958904,0.19815068493150684,89937,440,7113,6342,OPTIMAL,7.607205532557695e7,4.3257909444760494e7,3.2814145880816408e7,0.0,0.0,163306,463834,OPTIMAL,7.30837113743984e7,4.3257909444760494e7,2.9825801929625064e7,0.0,0.0,1489306,3959534,0.0,0.0,0.005298709,0.671376333,0.141003875,0.967660292,27.963489333,0.272698583
tyndp/gep_80_24_k_means_dirac_0.01,653657,80,24,k_means,dirac,unscaled,0.01,90.3767014424917,169.76215699300886,0.632313569695056,268.4778014093222,1.0963213296609489,80,1.0,1.0,0.0,0.0,0.0125,0,0,0,0,OPTIMAL,5.584202956653072e7,3.597956858269535e7,1.9862460983835127e7,0.0,0.0,326506,894074,OPTIMAL,1.0035460493165873e8,3.597956858269535e7,6.437503634897492e7,0.0,0.0,1489306,3959534,0.0,0.0,0.005197375,0.194399667,1.375e-6,1.516604291,33.383834291,0.272698583
tyndp/gep_80_24_k_means_convex_0.01,653657,80,24,k_means,convex,unscaled,0.01,81.84599908063109,169.76215699300886,0.632313569695056,268.4778014093222,1.0963213296609489,80,1.0,1.0000000000000002,0.0,0.0,0.06554794520547945,191433,1229,0,0,OPTIMAL,5.734682219965835e7,3.721253416618449e7,2.0134288033474088e7,0.0,0.0,326506,894074,OPTIMAL,9.388730789119668e7,3.721253416618449e7,5.667477372497308e7,0.0,0.0,1489306,3959534,0.0,0.0,0.005152459,0.223649291,0.607895041,1.67924425,116.579436167,0.272698583
tyndp/gep_80_24_k_means_conical_0.01,653657,80,24,k_means,conical,unscaled,0.01,80.20350554311105,169.76215699300886,0.632313569695056,268.4778014093222,1.0963213296609489,80,1.0084326595613862,1.1327879563791259,0.5780821917808219,0.39452054794520547,0.06657534246575343,199358,1123,0,0,OPTIMAL,5.756592005171425e7,3.70438836460318e7,2.0522036405682642e7,0.0,0.0,326506,894074,OPTIMAL,9.316004435743406e7,3.70438836460318e7,5.611616071134234e7,0.0,0.0,1489306,3959534,0.0,0.0,0.005193625,0.190990625,0.40684675,1.7136385,134.922355166,0.272698583
tyndp/gep_80_24_k_means_conical_bounded_0.01,653657,80,24,k_means,conical_bounded,unscaled,0.01,81.40351331935263,169.76215699300886,0.632313569695056,268.4778014093222,1.0963213296609489,80,0.9797959370144008,1.0000000000000002,0.0,0.6767123287671233,0.06438356164383562,189387,1039,0,0,OPTIMAL,5.716728896470896e7,3.721314619381868e7,1.9954142770889644e7,0.0,0.0,326506,894074,OPTIMAL,9.420610378083162e7,3.721314619381868e7,5.699295758696889e7,0.0,0.0,1489306,3959534,0.0,0.0,0.005135541,0.191731708,1.505217292,1.769222333,119.499296125,0.272698583
tyndp/gep_80_24_k_medoids_dirac_0.01,653657,80,24,k_medoids,dirac,unscaled,0.01,113.45669823767975,169.99975915553003,1.263936104085116,134.50027940975875,1.1369067673686761,80,1.0,1.0,0.0,0.0,0.0125,0,0,0,0,OPTIMAL,6.307349276758618e7,4.0331914442085825e7,2.274157832549837e7,0.0,0.0,326506,894074,OPTIMAL,6.89211725209201e7,4.0331914442085825e7,2.858925807881119e7,0.0,0.0,1489306,3959534,0.0,0.0,0.005438042,0.178369917,1.583e-6,2.053822417,41.383422166,0.272698583
tyndp/gep_80_24_k_medoids_convex_0.01,653657,80,24,k_medoids,convex,unscaled,0.01,81.30148477115044,169.99975915553003,1.263936104085116,134.50027940975875,1.1369067673686761,80,1.0,1.0000000000000002,0.0,0.0,0.09787671232876713,154063,822,0,0,OPTIMAL,6.495125238863525e7,4.058616500440207e7,2.436508738423251e7,0.0,0.0,326506,894074,OPTIMAL,6.88030271431405e7,4.058616500440207e7,2.821686213878187e7,0.0,0.0,1489306,3959534,0.0,0.0,0.00512375,0.191138041,0.519088334,1.601171417,98.500856,0.272698583
tyndp/gep_80_24_k_medoids_conical_0.01,653657,80,24,k_medoids,conical,unscaled,0.01,79.5984740691716,169.99975915553003,1.263936104085116,134.50027940975875,1.1369067673686761,80,1.0025193252401203,1.194273202330039,0.41643835616438357,0.3643835616438356,0.10034246575342466,159291,1016,0,0,OPTIMAL,6.510266610237067e7,4.057027761878771e7,2.453238848358379e7,0.0,0.0,326506,894074,OPTIMAL,6.864717809656753e7,4.057027761878771e7,2.8076900477802295e7,0.0,0.0,1489306,3959534,0.0,0.0,0.00512875,0.162589666,0.324209667,1.661522416,78.245999334,0.272698583
tyndp/gep_80_24_k_medoids_conical_bounded_0.01,653657,80,24,k_medoids,conical_bounded,unscaled,0.01,80.74810248731177,169.99975915553003,1.263936104085116,134.50027940975875,1.1369067673686761,80,0.9754173877055038,1.0000000000000002,0.0,0.6164383561643836,0.09698630136986301,154986,886,0,0,OPTIMAL,6.44934286550839e7,4.047521867153554e7,2.4018209983548503e7,0.0,0.0,326506,894074,OPTIMAL,6.884734015987107e7,4.047521867153554e7,2.8372121488373294e7,0.0,0.0,1489306,3959534,0.0,0.0,0.005258291,0.190745584,0.526865,2.236492166,71.532874833,0.272698583
tyndp/gep_80_24_hierarchical_dirac_0.01,653657,80,24,hierarchical,dirac,unscaled,0.01,113.72920732598597,170.36269961552966,1.3043201231670345,130.61417714070842,1.13397179757656,80,1.0,1.0,0.0,0.0,0.0125,0,0,0,0,OPTIMAL,6.5122152440331705e7,4.1181985564738534e7,2.3940166875593666e7,0.0,0.0,326506,894074,OPTIMAL,6.874593075759149e7,4.1181985564738534e7,2.7563945192841135e7,0.0,0.0,1489306,3959534,0.0,0.0,0.005181917,0.154363417,1.875e-6,1.563148375,35.408485291,0.272698583
tyndp/gep_80_24_hierarchical_convex_0.01,653657,80,24,hierarchical,convex,unscaled,0.01,80.78442736452118,170.36269961552966,1.3043201231670345,130.61417714070842,1.13397179757656,80,1.0,1.0000000000000002,0.0,0.0,0.09708904109589041,155918,899,0,0,OPTIMAL,6.588956228048845e7,4.1425577107581526e7,2.4463985172906104e7,0.0,0.0,326506,894074,OPTIMAL,6.815597401634693e7,4.1425577107581526e7,2.6730396908752706e7,0.0,0.0,1489306,3959534,0.0,0.0,0.005132125,0.656411875,0.698661792,1.8173045,72.87846925,0.272698583
tyndp/gep_80_24_hierarchical_conical_0.01,653657,80,24,hierarchical,conical,unscaled,0.01,79.03569032469335,170.36269961552966,1.3043201231670345,130.61417714070842,1.13397179757656,80,1.0095657313760187,1.1628735969256112,0.4547945205479452,0.32602739726027397,0.09976027397260274,157544,913,0,0,OPTIMAL,6.637278973613191e7,4.124144639836764e7,2.513134333776411e7,0.0,0.0,326506,894074,OPTIMAL,6.808138159080657e7,4.124144639836764e7,2.6839935192427535e7,0.0,0.0,1489306,3959534,0.0,0.0,0.005187834,0.145978875,1.127747833,1.590231417,87.331262084,0.272698583
tyndp/gep_80_24_hierarchical_conical_bounded_0.01,653657,80,24,hierarchical,conical_bounded,unscaled,0.01,80.3787820627736,170.36269961552966,1.3043201231670345,130.61417714070842,1.13397179757656,80,0.9789060971143125,1.0000000000000002,0.0,0.6082191780821918,0.09599315068493151,153451,850,0,0,OPTIMAL,6.550398141324275e7,4.144960463151583e7,2.405437678172693e7,0.0,0.0,326506,894074,OPTIMAL,6.798641208414106e7,4.144960463151583e7,2.6536807452615693e7,0.0,0.0,1489306,3959534,0.0,0.0,0.005236792,0.161802333,1.264094333,1.807476917,103.105890375,0.272698583
tyndp/gep_80_24_chronological_dirac_0.01,653657,80,24,chronological,dirac,unscaled,0.01,132.5149516242784,168.22273902073215,1.2935607448372204,130.04626160165446,1.133045528871357,80,1.0,1.0,0.0,0.0,0.0125,0,0,0,0,OPTIMAL,6.349079105922315e7,4.2023100110705525e7,2.1467690948516686e7,0.0,0.0,326506,894074,OPTIMAL,6.926207939632674e7,4.2023100110705525e7,2.7238979285627283e7,0.0,0.0,1489306,3959534,0.0,0.0,0.005169709,0.141201625,1.75e-6,1.550983417,12.775257833,0.272698583
tyndp/gep_80_24_chronological_convex_0.01,653657,80,24,chronological,convex,unscaled,0.01,82.57829987138432,168.22273902073215,1.2935607448372204,130.04626160165446,1.133045528871357,80,1.0,1.0000000000000002,0.0,0.0,0.0958904109589041,156275,838,0,0,OPTIMAL,6.3050102546617985e7,4.189251793815044e7,2.1157584608466823e7,0.0,0.0,326506,894074,OPTIMAL,6.863162123875307e7,4.189251793815044e7,2.673910330058747e7,0.0,0.0,1489306,3959534,0.0,0.0,0.005220917,0.270172,1.188098584,1.638474625,72.955465709,0.272698583
tyndp/gep_80_24_chronological_conical_0.01,653657,80,24,chronological,conical,unscaled,0.01,80.63000256023693,168.22273902073215,1.2935607448372204,130.04626160165446,1.133045528871357,80,1.011109392182606,1.2370219491261112,0.4712328767123288,0.3095890410958904,0.09976027397260274,159264,820,0,0,OPTIMAL,6.325167898026351e7,4.1743616653838985e7,2.1508062326425605e7,0.0,0.0,326506,894074,OPTIMAL,6.869082967440496e7,4.1743616653838985e7,2.6947213020558544e7,0.0,0.0,1489306,3959534,0.0,0.0,0.005259,0.141919375,0.340728458,1.669677917,86.200624208,0.272698583
tyndp/gep_80_24_chronological_conical_bounded_0.01,653657,80,24,chronological,conical_bounded,unscaled,0.01,82.14046919388896,168.22273902073215,1.2935607448372204,130.04626160165446,1.133045528871357,80,0.9782432610960463,1.0000000000000002,0.0,0.5972602739726027,0.09547945205479452,154763,781,0,0,OPTIMAL,6.287749485436515e7,4.187139386502615e7,2.1006100989339095e7,0.0,0.0,326506,894074,OPTIMAL,6.866947352589045e7,4.187139386502615e7,2.6798079660834912e7,0.0,0.0,1489306,3959534,0.0,0.0,0.005222792,0.186151167,0.510714916,1.787740917,73.495228875,0.272698583
tyndp/gep_80_24_convex_hull_dirac_0.01,653657,80,24,convex_hull,dirac,unscaled,0.01,121.03648867596155,174.67224377164183,1.3213764114021769,132.18961854047978,1.1598754190636968,80,1.0,1.0,0.0,0.0,0.0125,0,0,17542,8133,OPTIMAL,6.713413839490172e7,4.2683506067588486e7,2.4450632327312335e7,0.0,0.0,326506,894074,OPTIMAL,6.680844005710743e7,4.2683506067588486e7,2.4124933989496127e7,0.0,0.0,1489306,3959534,0.0,0.0,0.005221166,3.834802709,1.917e-6,1.672077709,36.63701775,0.272698583
tyndp/gep_80_24_convex_hull_convex_0.01,653657,80,24,convex_hull,convex,unscaled,0.01,76.24559747551422,174.67224377164183,1.3213764114021769,132.18961854047978,1.1598754190636968,80,1.0,1.0000000000000002,0.0,0.0,0.10578767123287672,149807,773,17542,8133,OPTIMAL,7.166436401435119e7,4.3560917233634725e7,2.8103446780715387e7,0.0,0.0,326506,894074,OPTIMAL,6.715984132611911e7,4.3560917233634725e7,2.3598924092463426e7,0.0,0.0,1489306,3959534,0.0,0.0,0.005232334,4.050941541,0.44783025,1.690216709,114.327707334,0.272698583
tyndp/gep_80_24_convex_hull_conical_0.01,653657,80,24,convex_hull,conical,unscaled,0.01,74.79477518761122,174.67224377164183,1.3213764114021769,132.18961854047978,1.1598754190636968,80,1.003561799672319,1.1758907117750377,0.4136986301369863,0.36712328767123287,0.10948630136986301,153111,864,17542,8133,OPTIMAL,7.268887824737665e7,4.3600473450463146e7,2.9088404796914365e7,0.0,0.0,326506,894074,OPTIMAL,6.720628725781894e7,4.3600473450463146e7,2.3605813807360947e7,0.0,0.0,1489306,3959534,0.0,0.0,0.005179375,3.927377125,0.289698333,1.733964375,75.575604416,0.272698583
tyndp/gep_80_24_convex_hull_conical_bounded_0.01,653657,80,24,convex_hull,conical_bounded,unscaled,0.01,75.90586570497565,174.67224377164183,1.3213764114021769,132.18961854047978,1.1598754190636968,80,0.9770653157111837,1.0000000000000002,0.0,0.663013698630137,0.105,151362,842,17542,8133,OPTIMAL,7.116233637190878e7,4.355297341490614e7,2.760936295700427e7,0.0,0.0,326506,894074,OPTIMAL,6.716953496960512e7,4.355297341490614e7,2.3616561554667346e7,0.0,0.0,1489306,3959534,0.0,0.0,0.005149084,3.911912542,0.453684667,1.600910375,108.470825542,0.272698583
tyndp/gep_80_24_convex_hull_with_null_dirac_0.01,653657,80,24,convex_hull_with_null,dirac,unscaled,0.01,122.01162424541639,176.73837284561597,1.375262300943809,128.51248283641945,1.1575145421185942,80,1.0,1.0,0.0,0.0,0.0125,0,0,18099,7941,OPTIMAL,6.77146328598564e7,4.3045609754925415e7,2.4669023104930125e7,0.0,0.0,326506,894074,OPTIMAL,6.682382532557149e7,4.3045609754925415e7,2.377821557061861e7,0.0,0.0,1489306,3959534,0.0,0.0,0.005217584,3.961364708,1.125e-6,1.504614791,34.579548167,0.272698583
tyndp/gep_80_24_convex_hull_with_null_convex_0.01,653657,80,24,convex_hull_with_null,convex,unscaled,0.01,77.56494779908158,176.73837284561597,1.375262300943809,128.51248283641945,1.1575145421185942,80,1.0,1.0000000000000002,0.0,0.0,0.10568493150684931,151221,799,18099,7941,OPTIMAL,7.333774604311283e7,4.377731723609517e7,2.9560428807017475e7,0.0,0.0,326506,894074,OPTIMAL,6.719305031934331e7,4.377731723609517e7,2.3415733083249334e7,0.0,0.0,1489306,3959534,0.0,0.0,0.00518275,3.774614292,0.687450667,1.618129375,62.64430025,0.272698583
tyndp/gep_80_24_convex_hull_with_null_conical_0.01,653657,80,24,convex_hull_with_null,conical,unscaled,0.01,75.22439458441359,176.73837284561597,1.375262300943809,128.51248283641945,1.1575145421185942,80,0.9841228177690953,1.1747577867639074,0.3178082191780822,0.46301369863013697,0.10732876712328768,152995,873,18099,7941,OPTIMAL,7.373867125988509e7,4.372218304942098e7,3.0016488210462652e7,0.0,0.0,326506,894074,OPTIMAL,6.720927750020286e7,4.372218304942098e7,2.3487094450799413e7,0.0,0.0,1489306,3959534,0.0,0.0,0.00520175,3.954998292,0.281773042,1.691355583,121.66975675,0.272698583
tyndp/gep_80_24_convex_hull_with_null_conical_bounded_0.01,653657,80,24,convex_hull_with_null,conical_bounded,unscaled,0.01,76.12582312058423,176.73837284561597,1.375262300943809,128.51248283641945,1.1575145421185942,80,0.963677835494652,1.0000000000000002,0.0,0.7041095890410959,0.10404109589041095,150944,801,18099,7941,OPTIMAL,7.204739652232087e7,4.3711782806864865e7,2.833561371545461e7,0.0,0.0,326506,894074,OPTIMAL,6.714192676028636e7,4.3711782806864865e7,2.343014395345595e7,0.0,0.0,1489306,3959534,0.0,0.0,0.005250541,3.224589208,0.504226,1.620139792,84.881388834,0.272698583
tyndp/gep_80_24_conical_hull_dirac_0.01,653657,80,24,conical_hull,dirac,unscaled,0.01,123.74263031794906,152.61513520481208,1.3660260652735423,111.72197887325919,1.1872714821214692,80,1.0,1.0,0.0,0.0,0.0125,0,0,17089,8586,OPTIMAL,6.94157047311124e7,4.3476163421323515e7,2.5939541309788387e7,0.0,0.0,326506,894074,OPTIMAL,6.813798576628457e7,4.3476163421323515e7,2.4661822344949767e7,0.0,0.0,1489306,3959534,0.0,0.0,0.005262625,1.559255875,9.59e-7,1.626346708,35.605806334,0.272698583
tyndp/gep_80_24_conical_hull_convex_0.01,653657,80,24,conical_hull,convex,unscaled,0.01,81.35704256450359,152.61513520481208,1.3660260652735423,111.72197887325919,1.1872714821214692,80,1.0,1.0000000000000004,0.0,0.0,0.10291095890410959,129990,741,17089,8586,OPTIMAL,7.200680271020158e7,4.3887634420894764e7,2.8119168289305687e7,0.0,0.0,326506,894074,OPTIMAL,6.812689472042924e7,4.3887634420894764e7,2.4239260299514506e7,0.0,0.0,1489306,3959534,0.0,0.0,0.005226167,1.567314958,0.433881625,1.704460083,99.704160208,0.272698583
tyndp/gep_80_24_conical_hull_conical_0.01,653657,80,24,conical_hull,conical,unscaled,0.01,75.6349854190382,152.61513520481208,1.3660260652735423,111.72197887325919,1.1872714821214692,80,1.0720180000398978,1.314457589772681,0.6958904109589041,0.08493150684931507,0.11393835616438357,141161,881,17089,8586,OPTIMAL,7.497884286365016e7,4.422233448476255e7,3.075650837888609e7,0.0,0.0,326506,894074,OPTIMAL,6.82708278950171e7,4.422233448476255e7,2.404849341024371e7,0.0,0.0,1489306,3959534,0.0,0.0,0.005240875,2.389636083,0.254570833,1.875375167,72.981057208,0.272698583
tyndp/gep_80_24_conical_hull_conical_bounded_0.01,653657,80,24,conical_hull,conical_bounded,unscaled,0.01,81.664482643011,152.61513520481208,1.3660260652735423,111.72197887325919,1.1872714821214692,80,0.9916686672394828,1.0000000000000002,0.0,0.5342465753424658,0.10246575342465754,129919,721,17089,8586,OPTIMAL,7.189204664013779e7,4.374569594462806e7,2.8146350695510432e7,0.0,0.0,326506,894074,OPTIMAL,6.803325424295896e7,4.374569594462806e7,2.4287558298334528e7,0.0,0.0,1489306,3959534,0.0,0.0,0.005221792,2.3533025,0.639465791,1.552568958,100.703424375,0.272698583
tyndp/gep_1_8760_k_means_dirac_0.01_economic,505263,1,8760,k_means,dirac,economic,0.01,0.0,1.0,1.0,1.0,1.0,1,1.0,1.0,0.0,0.0,1.0,0,0,0,0,OPTIMAL,6.6152486747575805e7,4.2178614801414296e7,2.397387194609671e7,0.0,0.0,1489306,3959534,N/A,,,,,,0,0,0.0,0.0,0.004766167,0.193728416,7.91e-7,7.298039875,71.61946575,0.268322291
tyndp/gep_10_24_k_means_dirac_0.01_economic,505263,10,24,k_means,dirac,economic,0.01,800022.2715047923,381163.3226851542,7279.857774292635,52.35862217406999,1.041989656948434,10,1.0,1.0,0.0,0.0,0.1,0,0,0,0,OPTIMAL,5.104978153561454e7,3.357418976052454e7,1.7475591775090158e7,0.0,0.0,40906,141154,OPTIMAL,3.239890660851305e8,3.357418976052454e7,2.904148763245448e8,0.0,0.0,1489306,3959534,0.0,0.0,0.00506775,0.195267375,2.0e-6,0.454542458,1.446492084,0.268322291
tyndp/gep_10_24_k_means_convex_0.01_economic,505263,10,24,k_means,convex,economic,0.01,762036.8658852536,381163.3226851542,7279.857774292635,52.35862217406999,1.041989656948434,10,1.0,1.0000000000000002,0.0,0.0,0.2873972602739726,148934,1174,0,0,OPTIMAL,5.134804548121193e7,3.401270210359517e7,1.733534337761686e7,0.0,0.0,40906,141154,OPTIMAL,3.2807457529233676e8,3.401270210359517e7,2.9406187318872684e8,0.0,0.0,1489306,3959534,0.0,0.0,0.005264542,0.152190667,0.078979667,0.43476375,1.765386708,0.268322291
tyndp/gep_10_24_k_means_conical_0.01_economic,505263,10,24,k_means,conical,economic,0.01,740671.7166765762,381163.3226851542,7279.857774292635,52.35862217406999,1.041989656948434,10,1.005743092284002,1.3298080546447102,0.5424657534246575,0.4575342465753425,0.2873972602739726,177011,1330,0,0,OPTIMAL,5.179974712077574e7,3.392546995176751e7,1.787427716900787e7,0.0,0.0,40906,141154,OPTIMAL,3.33162614459434e8,3.392546995176751e7,2.992371445077295e8,0.0,0.0,1489306,3959534,0.0,0.0,0.005235542,0.155705667,0.045084375,0.535970125,1.502938166,0.268322291
tyndp/gep_10_24_k_means_conical_bounded_0.01_economic,505263,10,24,k_means,conical_bounded,economic,0.01,754988.888742659,381163.3226851542,7279.857774292635,52.35862217406999,1.041989656948434,10,0.9593506570396214,1.0000000000000002,0.0,0.4821917808219178,0.27835616438356164,157067,1206,0,0,OPTIMAL,5.114820281478987e7,3.41004116959668e7,1.7047791118823025e7,0.0,0.0,40906,141154,OPTIMAL,3.393602540542948e8,3.41004116959668e7,3.0525984235833967e8,0.0,0.0,1489306,3959534,0.0,0.0,0.0052145,0.182169167,0.120628208,0.429229167,1.588225125,0.268322291
tyndp/gep_10_24_k_medoids_dirac_0.01_economic,505263,10,24,k_medoids,dirac,economic,0.01,978923.7944592924,379171.3602316508,20132.990406695302,18.83333536510085,1.1102959423242686,10,1.0,1.0,0.0,0.0,0.1,0,0,0,0,OPTIMAL,5.647307392551827e7,4.097778427190127e7,1.549528965361725e7,0.0,0.0,40906,141154,OPTIMAL,3.351095799379921e8,4.097778427190127e7,2.941317956659233e8,0.0,0.0,1489306,3959534,0.0,0.0,0.005167209,0.151467917,8.33e-7,0.445133542,1.681381625,0.268322291
tyndp/gep_10_24_k_medoids_convex_0.01_economic,505263,10,24,k_medoids,convex,economic,0.01,808053.0287203202,379171.3602316508,20132.990406695302,18.83333536510085,1.1102959423242686,10,1.0,1.0000000000000002,0.0,0.0,0.47315068493150686,131973,586,0,0,OPTIMAL,5.645271556478558e7,4.064527635821576e7,1.5807439206570053e7,0.0,0.0,40906,141154,OPTIMAL,3.6245331812506473e8,4.064527635821576e7,3.2180804176680994e8,0.0,0.0,1489306,3959534,0.0,0.0,0.005215042,0.606318875,0.129754292,0.643222583,2.190297208,0.268322291
tyndp/gep_10_24_k_medoids_conical_0.01_economic,505263,10,24,k_medoids,conical,economic,0.01,781843.788138772,379171.3602316508,20132.990406695302,18.83333536510085,1.1102959423242686,10,1.0178869342773436,1.3832242401361403,0.5342465753424658,0.4383561643835616,0.5076712328767123,151052,681,0,0,OPTIMAL,5.661922231831845e7,4.0681397685900964e7,1.593782463241766e7,0.0,0.0,40906,141154,OPTIMAL,3.514537081383864e8,4.0681397685900964e7,3.107723104524868e8,0.0,0.0,1489306,3959534,0.0,0.0,0.005218375,0.15337775,0.038332167,0.525246667,1.730954417,0.268322291
tyndp/gep_10_24_k_medoids_conical_bounded_0.01_economic,505263,10,24,k_medoids,conical_bounded,economic,0.01,798608.9140266328,379171.3602316508,20132.990406695302,18.83333536510085,1.1102959423242686,10,0.954254150279605,1.0,0.0,0.5123287671232877,0.4742465753424657,137507,631,0,0,OPTIMAL,5.600450448142775e7,4.05972567420927e7,1.540724773933498e7,0.0,0.0,40906,141154,OPTIMAL,3.6060119586015946e8,4.05972567420927e7,3.200039391181307e8,0.0,0.0,1489306,3959534,0.0,0.0,0.005122042,0.151537834,0.52893375,0.518704083,2.405212708,0.268322291
tyndp/gep_10_24_hierarchical_dirac_0.01_economic,505263,10,24,hierarchical,dirac,economic,0.01,1.0118008254262422e6,400631.8760417363,18756.41127533777,21.359729756433463,1.0827897012343377,10,1.0,1.0,0.0,0.0,0.1,0,0,0,0,OPTIMAL,5.314531122615578e7,3.587317735139807e7,1.727213387475762e7,0.0,0.0,40906,141154,OPTIMAL,2.3548273131379104e8,3.587317735139807e7,1.996095539623739e8,0.0,0.0,1489306,3959534,0.0,0.0,0.005209166,0.267156,2.083e-6,0.440907209,1.520359583,0.268322291
tyndp/gep_10_24_hierarchical_convex_0.01_economic,505263,10,24,hierarchical,convex,economic,0.01,837627.0444272126,400631.8760417363,18756.41127533777,21.359729756433463,1.0827897012343377,10,1.0,1.0000000000000002,0.0,0.0,0.46876712328767123,148064,638,0,0,OPTIMAL,5.362187776107877e7,3.676033142003141e7,1.6861546341047663e7,0.0,0.0,40906,141154,OPTIMAL,2.471883059503118e8,3.676033142003141e7,2.1042797453027418e8,0.0,0.0,1489306,3959534,0.0,0.0,0.005221292,0.155469625,0.057045375,0.543640375,1.756075625,0.268322291
tyndp/gep_10_24_hierarchical_conical_0.01_economic,505263,10,24,hierarchical,conical,economic,0.01,806993.2689920596,400631.8760417363,18756.41127533777,21.359729756433463,1.0827897012343377,10,0.968220269231971,1.3275587800635733,0.4,0.5726027397260274,0.4841095890410959,161599,697,0,0,OPTIMAL,5.3658549175336674e7,3.69980682042016e7,1.6660480971135136e7,0.0,0.0,40906,141154,OPTIMAL,2.6382038840834814e8,3.69980682042016e7,2.2682232020420402e8,0.0,0.0,1489306,3959534,0.0,0.0,0.005227208,0.149243417,0.075699,0.45826775,1.751058209,0.268322291
tyndp/gep_10_24_hierarchical_conical_bounded_0.01_economic,505263,10,24,hierarchical,conical_bounded,economic,0.01,819092.5081471299,400631.8760417363,18756.41127533777,21.359729756433463,1.0827897012343377,10,0.9252236343081082,1.0,0.0,0.6109589041095891,0.4638356164383562,154227,688,0,0,OPTIMAL,5.317890694047595e7,3.683770076201116e7,1.634120617846466e7,0.0,0.0,40906,141154,OPTIMAL,2.5785210064911354e8,3.683770076201116e7,2.210143998871263e8,0.0,0.0,1489306,3959534,0.0,0.0,0.0051715,0.623631041,0.125736708,0.64410575,1.8732155,0.268322291
tyndp/gep_10_24_chronological_dirac_0.01_economic,505263,10,24,chronological,dirac,economic,0.01,1.124693064236561e6,387581.5171582128,22397.631602735335,17.304575949489184,1.0948518778466214,10,1.0,1.0,0.0,0.0,0.1,0,0,0,0,OPTIMAL,5.388586373960476e7,3.6373147362352416e7,1.751271637725241e7,0.0,0.0,40906,141154,OPTIMAL,2.416012005555081e8,3.6373147362352416e7,2.05228053193069e8,0.0,0.0,1489306,3959534,0.0,0.0,0.005261459,0.60920175,1.917e-6,0.440746,1.073063834,0.268322291
tyndp/gep_10_24_chronological_convex_0.01_economic,505263,10,24,chronological,convex,economic,0.01,854000.1059656246,387581.5171582128,22397.631602735335,17.304575949489184,1.0948518778466214,10,1.0,1.0000000000000002,0.0,0.0,0.47698630136986303,142420,589,0,0,OPTIMAL,5.398978499897061e7,3.6227245698002905e7,1.776253930096794e7,0.0,0.0,40906,141154,OPTIMAL,2.311082717872913e8,3.6227245698002905e7,1.9488102608922905e8,0.0,0.0,1489306,3959534,0.0,0.0,0.005232,0.278980625,0.052124833,0.91387275,1.618217792,0.268322291
tyndp/gep_10_24_chronological_conical_0.01_economic,505263,10,24,chronological,conical,economic,0.01,811371.9427468667,387581.5171582128,22397.631602735335,17.304575949489184,1.0948518778466214,10,0.998669991164037,1.4704810048702281,0.46301369863013697,0.5095890410958904,0.5068493150684932,156428,605,0,0,OPTIMAL,5.388291394139828e7,3.6281145567821294e7,1.760176837357703e7,0.0,0.0,40906,141154,OPTIMAL,2.3643696023820218e8,3.6281145567821294e7,2.0015581467032295e8,0.0,0.0,1489306,3959534,0.0,0.0,0.005172666,0.603495417,0.110309709,0.653225208,1.703024416,0.268322291
tyndp/gep_10_24_chronological_conical_bounded_0.01_economic,505263,10,24,chronological,conical_bounded,economic,0.01,834498.4336902974,387581.5171582128,22397.631602735335,17.304575949489184,1.0948518778466214,10,0.9377794402923466,1.0,0.0,0.589041095890411,0.4778082191780822,147516,614,0,0,OPTIMAL,5.3425996593475886e7,3.6178910345280245e7,1.7247086248195615e7,0.0,0.0,40906,141154,OPTIMAL,2.3708221261430976e8,3.6178910345280245e7,2.009033022689367e8,0.0,0.0,1489306,3959534,0.0,0.0,0.005255208,0.6145425,0.058435084,0.511882,1.979896833,0.268322291
tyndp/gep_10_24_convex_hull_dirac_0.01_economic,505263,10,24,convex_hull,dirac,economic,0.01,1.1758992386360324e6,422563.7333157672,26303.417398818423,16.06497463461722,1.1841550207832412,10,1.0,1.0,0.0,0.0,0.1,0,0,856,2384,OPTIMAL,7.065319548428698e7,4.0642414997443005e7,3.0010780486843884e7,0.0,0.0,40906,141154,OPTIMAL,1.2239204065502952e8,4.0642414997443005e7,8.17496256576376e7,0.0,0.0,1489306,3959534,0.0,0.0,0.005502042,0.825254416,1.042e-6,0.603062833,1.586287333,0.268322291
tyndp/gep_10_24_convex_hull_convex_0.01_economic,505263,10,24,convex_hull,convex,economic,0.01,800113.0061073564,422563.7333157672,26303.417398818423,16.06497463461722,1.1841550207832412,10,1.0,1.0000000000000002,0.0,0.0,0.5484931506849315,111497,477,856,2384,OPTIMAL,7.408101969788168e7,4.223520726621472e7,3.184581243166653e7,0.0,0.0,40906,141154,OPTIMAL,1.231947652459867e8,4.223520726621472e7,8.095955797979738e7,0.0,0.0,1489306,3959534,0.0,0.0,0.0051685,0.939304125,0.040769209,0.443032042,1.467206125,0.268322291
tyndp/gep_10_24_convex_hull_conical_0.01_economic,505263,10,24,convex_hull,conical,economic,0.01,759178.6067531984,422563.7333157672,26303.417398818423,16.06497463461722,1.1841550207832412,10,0.9057111413385893,1.239225157602805,0.2493150684931507,0.7232876712328767,0.5638356164383561,123983,537,856,2384,OPTIMAL,7.391370095437267e7,4.235351381548613e7,3.1560187138886973e7,0.0,0.0,40906,141154,OPTIMAL,1.2529011623827371e8,4.235351381548613e7,8.293660242277595e7,0.0,0.0,1489306,3959534,0.0,0.0,0.005572333,0.997719,0.033018667,0.468880292,1.737965875,0.268322291
tyndp/gep_10_24_convex_hull_conical_bounded_0.01_economic,505263,10,24,convex_hull,conical_bounded,economic,0.01,765983.2016778797,422563.7333157672,26303.417398818423,16.06497463461722,1.1841550207832412,10,0.883402814972033,1.0,0.0,0.7698630136986301,0.5504109589041096,121934,561,856,2384,OPTIMAL,7.289603223834385e7,4.224140971678712e7,3.0654622521557033e7,0.0,0.0,40906,141154,OPTIMAL,1.2471921083216229e8,4.224140971678712e7,8.247780111542732e7,0.0,0.0,1489306,3959534,0.0,0.0,0.005265625,1.009261834,0.050936709,0.503549292,1.808852291,0.268322291
tyndp/gep_10_24_convex_hull_with_null_dirac_0.01_economic,505263,10,24,convex_hull_with_null,dirac,economic,0.01,1.1761483921798877e6,433888.8094511438,28824.584638005068,15.052734146915116,1.1846915928156243,10,1.0,1.0,0.0,0.0,0.1,0,0,862,2743,OPTIMAL,9.911861399757758e7,4.774006785566105e7,5.137854614191623e7,0.0,0.0,40906,141154,OPTIMAL,7.75805961985362e7,4.774006785566105e7,2.984052834290656e7,0.0,0.0,1489306,3959534,0.0,0.0,0.005178208,0.844187291,1.166e-6,0.396144084,1.666765417,0.268322291
tyndp/gep_10_24_convex_hull_with_null_convex_0.01_economic,505263,10,24,convex_hull_with_null,convex,economic,0.01,811433.1899717469,433888.8094511438,28824.584638005068,15.052734146915116,1.1846915928156243,10,1.0,1.0000000000000002,0.0,0.0,0.5364383561643835,113322,503,862,2743,OPTIMAL,1.0429243813247648e8,4.798426684244336e7,5.6308171290032595e7,0.0,0.0,40906,141154,OPTIMAL,8.079086568792671e7,4.798426684244336e7,3.2806598845484816e7,0.0,0.0,1489306,3959534,0.0,0.0,0.005169916,0.376507625,0.040016458,0.540755875,1.857658375,0.268322291
tyndp/gep_10_24_convex_hull_with_null_conical_0.01_economic,505263,10,24,convex_hull_with_null,conical,economic,0.01,746375.5429930083,433888.8094511438,28824.584638005068,15.052734146915116,1.1846915928156243,10,0.9111365953564069,1.2497566637212927,0.2602739726027397,0.7123287671232876,0.5473972602739726,128444,512,862,2743,OPTIMAL,9.315712955690654e7,4.613118907950697e7,4.702594047740033e7,0.0,0.0,40906,141154,OPTIMAL,7.988154497724096e7,4.613118907950697e7,3.3750355897729374e7,0.0,0.0,1489306,3959534,0.0,0.0,0.00522775,0.366272209,0.030968333,0.518821541,1.718825,0.268322291
tyndp/gep_10_24_convex_hull_with_null_conical_bounded_0.01_economic,505263,10,24,convex_hull_with_null,conical_bounded,economic,0.01,752595.3893334902,433888.8094511438,28824.584638005068,15.052734146915116,1.1846915928156243,10,0.8867170248395052,1.0,0.0,0.7753424657534247,0.5378082191780822,126182,489,862,2743,OPTIMAL,8.999748756956628e7,4.614062716195378e7,4.385686040761259e7,0.0,0.0,40906,141154,OPTIMAL,8.091792043479437e7,4.614062716195378e7,3.477729327285517e7,0.0,0.0,1489306,3959534,0.0,0.0,0.005125875,0.872988708,0.224846791,0.472417875,1.938004,0.268322291
tyndp/gep_10_24_conical_hull_dirac_0.01_economic,505263,10,24,conical_hull,dirac,economic,0.01,1.1833146240368315e6,322125.3016914302,29679.10527427817,10.85360554890463,1.272620095674998,10,1.0,1.0,0.0,0.0,0.1,0,0,660,2580,OPTIMAL,8.429038772634493e7,4.354088191759957e7,4.074950580874546e7,0.0,0.0,40906,141154,OPTIMAL,7.552741759768063e7,4.354088191759957e7,3.198653568005479e7,0.0,0.0,1489306,3959534,0.0,0.0,0.005212291,0.266427167,9.59e-7,0.406433291,1.4921175,0.268322291
tyndp/gep_10_24_conical_hull_convex_0.01_economic,505263,10,24,conical_hull,convex,economic,0.01,886798.8962593311,322125.3016914302,29679.10527427817,10.85360554890463,1.272620095674998,10,1.0,1.0000000000000004,0.0,0.0,0.5345205479452054,86926,389,660,2580,OPTIMAL,1.016561889211863e8,4.916337225524466e7,5.249281666594193e7,0.0,0.0,40906,141154,OPTIMAL,7.851356714602815e7,4.916337225524466e7,2.935019489077484e7,0.0,0.0,1489306,3959534,0.0,0.0,0.005233042,0.254260042,0.031697625,0.468874792,1.845537709,0.268322291
tyndp/gep_10_24_conical_hull_conical_0.01_economic,505263,10,24,conical_hull,conical,economic,0.01,772613.1900364424,322125.3016914302,29679.10527427817,10.85360554890463,1.272620095674998,10,1.1997905444525419,1.6637745943216524,0.8657534246575342,0.10684931506849316,0.6232876712328768,103297,433,660,2580,OPTIMAL,9.782681287054212e7,4.837907449547734e7,4.9447738375065364e7,0.0,0.0,40906,141154,OPTIMAL,7.743265126920363e7,4.837907449547734e7,2.9053576773695983e7,0.0,0.0,1489306,3959534,0.0,0.0,0.0052165,0.765629959,0.024576875,0.66691725,2.081179084,0.268322291
tyndp/gep_10_24_conical_hull_conical_bounded_0.01_economic,505263,10,24,conical_hull,conical_bounded,economic,0.01,885579.2264124686,322125.3016914302,29679.10527427817,10.85360554890463,1.272620095674998,10,0.9884018231124145,1.0,0.0,0.24383561643835616,0.5312328767123288,87233,387,660,2580,OPTIMAL,1.0193540834450297e8,4.924311184405093e7,5.269229650045198e7,0.0,0.0,40906,141154,OPTIMAL,8.008617723767984e7,4.924311184405093e7,3.084306539362593e7,0.0,0.0,1489306,3959534,0.0,0.0,0.005238958,0.273629584,0.035011584,0.475514,1.960951417,0.268322291
tyndp/gep_20_24_k_means_dirac_0.01_economic,505263,20,24,k_means,dirac,economic,0.01,759859.4598730613,547600.8654925352,5275.4849333562925,103.80104813305732,1.0525781341621476,20,1.0,1.0,0.0,0.0,0.05,0,0,0,0,OPTIMAL,5.2576446391216084e7,3.414671032215625e7,1.842973606906021e7,0.0,0.0,81706,248714,OPTIMAL,1.5031622298687017e8,3.414671032215625e7,1.161695126647412e8,0.0,0.0,1489306,3959534,0.0,0.0,0.005292167,0.623781917,1.084e-6,0.636054791,5.224302916,0.268322291
tyndp/gep_20_24_k_means_convex_0.01_economic,505263,20,24,k_means,convex,economic,0.01,713395.2093765485,547600.8654925352,5275.4849333562925,103.80104813305732,1.0525781341621476,20,1.0,1.0000000000000002,0.0,0.0,0.17712328767123287,258795,1521,0,0,OPTIMAL,5.32883893644718e7,3.436751037786881e7,1.8920878986602984e7,0.0,0.0,81706,248714,OPTIMAL,1.5338086005802125e8,3.436751037786881e7,1.1901334968011084e8,0.0,0.0,1489306,3959534,0.0,0.0,0.00522825,0.154523083,0.248045542,0.567067833,13.230916917,0.268322291
tyndp/gep_20_24_k_means_conical_0.01_economic,505263,20,24,k_means,conical,economic,0.01,694175.5842613665,547600.8654925352,5275.4849333562925,103.80104813305732,1.0525781341621476,20,1.0131950762279207,1.2673520455398006,0.5808219178082191,0.4191780821917808,0.18246575342465754,297583,1865,0,0,OPTIMAL,5.3882102536206454e7,3.459469002831989e7,1.9287412507886767e7,0.0,0.0,81706,248714,OPTIMAL,1.584525274863437e8,3.459469002831989e7,1.2385783745802514e8,0.0,0.0,1489306,3959534,0.0,0.0,0.005146292,0.158480708,0.810975667,0.591734458,9.319654625,0.268322291
tyndp/gep_20_24_k_means_conical_bounded_0.01_economic,505263,20,24,k_means,conical_bounded,economic,0.01,707056.0991777391,547600.8654925352,5275.4849333562925,103.80104813305732,1.0525781341621476,20,0.9654426334092379,1.0000000000000002,0.0,0.4904109589041096,0.17602739726027397,265316,1546,0,0,OPTIMAL,5.318373780890757e7,3.4395113956589445e7,1.8788623852318596e7,0.0,0.0,81706,248714,OPTIMAL,1.5936477646442515e8,3.4395113956589445e7,1.249696625078589e8,0.0,0.0,1489306,3959534,0.0,0.0,0.005264208,0.2126155,0.727399333,0.842990917,9.291718583,0.268322291
tyndp/gep_20_24_k_medoids_dirac_0.01_economic,505263,20,24,k_medoids,dirac,economic,0.01,954061.4828261777,559403.4285025424,16511.06124662386,33.880525312503934,1.1319793722729259,20,1.0,1.0,0.0,0.0,0.05,0,0,0,0,OPTIMAL,6.081367127918509e7,4.175337294593534e7,1.9060298333249185e7,0.0,0.0,81706,248714,OPTIMAL,9.500980710613064e7,4.175337294593534e7,5.32564341601618e7,0.0,0.0,1489306,3959534,0.0,0.0,0.005173583,0.255493708,1.667e-6,1.055291209,5.193054125,0.268322291
tyndp/gep_20_24_k_medoids_convex_0.01_economic,505263,20,24,k_medoids,convex,economic,0.01,733209.387667448,559403.4285025424,16511.06124662386,33.880525312503934,1.1319793722729259,20,1.0,1.0000000000000002,0.0,0.0,0.3121917808219178,223695,1001,0,0,OPTIMAL,6.368941948387916e7,4.327814576466783e7,2.041127371921084e7,0.0,0.0,81706,248714,OPTIMAL,8.992375320398545e7,4.327814576466783e7,4.6645607439343974e7,0.0,0.0,1489306,3959534,0.0,0.0,0.005185208,0.157072375,0.186291791,0.680261667,7.123698333,0.268322291
tyndp/gep_20_24_k_medoids_conical_0.01_economic,505263,20,24,k_medoids,conical,economic,0.01,710724.2155817844,559403.4285025424,16511.06124662386,33.880525312503934,1.1319793722729259,20,1.00278022549515,1.3071174357226925,0.4712328767123288,0.473972602739726,0.32424657534246576,237754,998,0,0,OPTIMAL,6.378486035883902e7,4.387872673793034e7,1.990613362090855e7,0.0,0.0,81706,248714,OPTIMAL,9.105955834037508e7,4.387872673793034e7,4.718083160241871e7,0.0,0.0,1489306,3959534,0.0,0.0,0.005246541,0.155211583,0.128087791,0.7243405,20.277212125,0.268322291
tyndp/gep_20_24_k_medoids_conical_bounded_0.01_economic,505263,20,24,k_medoids,conical_bounded,economic,0.01,722939.8036490041,559403.4285025424,16511.06124662386,33.880525312503934,1.1319793722729259,20,0.9517743616116322,1.0000000000000002,0.0,0.6520547945205479,0.30753424657534245,226314,982,0,0,OPTIMAL,6.330105768501706e7,4.3401977746296726e7,1.989907993872095e7,0.0,0.0,81706,248714,OPTIMAL,8.965530845309153e7,4.3401977746296726e7,4.625333070682942e7,0.0,0.0,1489306,3959534,0.0,0.0,0.005125125,0.218847042,0.197652875,0.650279584,16.92687425,0.268322291
tyndp/gep_20_24_hierarchical_dirac_0.01_economic,505263,20,24,hierarchical,dirac,economic,0.01,958642.013119773,555197.3822082604,14753.518474686125,37.63152384028665,1.1153349136899398,20,1.0,1.0,0.0,0.0,0.05,0,0,0,0,OPTIMAL,6.2501254016995616e7,4.153156519079326e7,2.0969688826202497e7,0.0,0.0,81706,248714,OPTIMAL,9.495047614426096e7,4.153156519079326e7,5.3418910953515425e7,0.0,0.0,1489306,3959534,0.0,0.0,0.005251875,0.228905875,7.92e-7,0.56714075,5.302390125,0.268322291
tyndp/gep_20_24_hierarchical_convex_0.01_economic,505263,20,24,hierarchical,convex,economic,0.01,732565.5830529598,555197.3822082604,14753.518474686125,37.63152384028665,1.1153349136899398,20,1.0,1.0000000000000002,0.0,0.0,0.2979452054794521,229519,989,0,0,OPTIMAL,6.3849989983951695e7,3.903682946740821e7,2.4813160516543582e7,0.0,0.0,81706,248714,OPTIMAL,9.747612826930363e7,3.903682946740821e7,5.8439298801869765e7,0.0,0.0,1489306,3959534,0.0,0.0,0.005255541,0.151794375,0.664752834,0.76453025,13.147091209,0.268322291
tyndp/gep_20_24_hierarchical_conical_0.01_economic,505263,20,24,hierarchical,conical,economic,0.01,705145.7018532353,555197.3822082604,14753.518474686125,37.63152384028665,1.1153349136899398,20,1.0139757871932769,1.457530557603171,0.5178082191780822,0.4273972602739726,0.31602739726027396,247955,1043,0,0,OPTIMAL,6.430880487210661e7,3.9147018597102635e7,2.5161786275004424e7,0.0,0.0,81706,248714,OPTIMAL,9.38867153515911e7,3.9147018597102635e7,5.473969675452267e7,0.0,0.0,1489306,3959534,0.0,0.0,0.005213583,0.14961925,0.109707666,0.656265459,16.724266583,0.268322291
tyndp/gep_20_24_hierarchical_conical_bounded_0.01_economic,505263,20,24,hierarchical,conical_bounded,economic,0.01,721942.7799964669,555197.3822082604,14753.518474686125,37.63152384028665,1.1153349136899398,20,0.9564279636073543,1.0000000000000002,0.0,0.5342465753424658,0.2984931506849315,233250,1020,0,0,OPTIMAL,6.325159643820762e7,3.874655202538837e7,2.4505044412819076e7,0.0,0.0,81706,248714,OPTIMAL,9.80777895093836e7,3.874655202538837e7,5.933123748391535e7,0.0,0.0,1489306,3959534,0.0,0.0,0.005244875,0.149021792,0.196212417,0.612382417,21.502001333,0.268322291
tyndp/gep_20_24_chronological_dirac_0.01_economic,505263,20,24,chronological,dirac,economic,0.01,1.0857749928973606e6,551836.9970081598,16668.07937637411,33.10741355061891,1.1022657010364123,20,1.0,1.0,0.0,0.0,0.05,0,0,0,0,OPTIMAL,6.318004258850951e7,4.016376965519449e7,2.3016272933314353e7,0.0,0.0,81706,248714,OPTIMAL,1.7532633139645588e8,4.016376965519449e7,1.3516256174133557e8,0.0,0.0,1489306,3959534,0.0,0.0,0.005197917,0.601317583,9.58e-7,0.833038625,2.646273291,0.268322291
tyndp/gep_20_24_chronological_convex_0.01_economic,505263,20,24,chronological,convex,economic,0.01,770034.0774703614,551836.9970081598,16668.07937637411,33.10741355061891,1.1022657010364123,20,1.0,1.0000000000000002,0.0,0.0,0.2949315068493151,226715,977,0,0,OPTIMAL,6.4726439870746925e7,4.46045998618998e7,2.012184000884782e7,0.0,0.0,81706,248714,OPTIMAL,1.4150286729284552e8,4.46045998618998e7,9.68982674309402e7,0.0,0.0,1489306,3959534,0.0,0.0,0.005247458,0.151238791,0.830814292,0.60815525,17.05881975,0.268322291
tyndp/gep_20_24_chronological_conical_0.01_economic,505263,20,24,chronological,conical,economic,0.01,737145.5446304065,551836.9970081598,16668.07937637411,33.10741355061891,1.1022657010364123,20,1.001172475083696,1.337113229093547,0.4657534246575342,0.4794520547945205,0.30917808219178083,241089,982,0,0,OPTIMAL,6.402264766203312e7,4.364582188150909e7,2.0376825780523553e7,0.0,0.0,81706,248714,OPTIMAL,1.3415588685554571e8,4.364582188150909e7,9.051006497398597e7,0.0,0.0,1489306,3959534,0.0,0.0,0.005163625,0.611821875,0.327227583,0.609262041,15.088766708,0.268322291
tyndp/gep_20_24_chronological_conical_bounded_0.01_economic,505263,20,24,chronological,conical_bounded,economic,0.01,754475.5938774995,551836.9970081598,16668.07937637411,33.10741355061891,1.1022657010364123,20,0.9478470637644199,1.0000000000000002,0.0,0.6191780821917808,0.2928767123287671,229396,966,0,0,OPTIMAL,6.271484470261947e7,4.0037727823647015e7,2.2677116878972292e7,0.0,0.0,81706,248714,OPTIMAL,1.5203532358727145e8,4.0037727823647015e7,1.1199759576362126e8,0.0,0.0,1489306,3959534,0.0,0.0,0.005231167,0.611652625,0.395494333,0.599420833,14.534391666,0.268322291
tyndp/gep_20_24_convex_hull_dirac_0.01_economic,505263,20,24,convex_hull,dirac,economic,0.01,1.0530406846551264e6,580457.9086605712,19223.56576391385,30.195121747402183,1.1866595228343426,20,1.0,1.0,0.0,0.0,0.05,0,0,2658,4087,OPTIMAL,6.938549184297808e7,4.342577797142856e7,2.5959713871549945e7,0.0,0.0,81706,248714,OPTIMAL,6.953446359600246e7,4.342577797142856e7,2.610868562456879e7,0.0,0.0,1489306,3959534,0.0,0.0,0.005193667,1.405627167,1.25e-6,0.598329083,6.177284292,0.268322291
tyndp/gep_20_24_convex_hull_convex_0.01_economic,505263,20,24,convex_hull,convex,economic,0.01,683459.8527404695,580457.9086605712,19223.56576391385,30.195121747402183,1.1866595228343426,20,1.0,1.0000000000000002,0.0,0.0,0.36205479452054795,190537,821,2658,4087,OPTIMAL,7.303985993798667e7,4.353973974599448e7,2.9500120191992193e7,0.0,0.0,81706,248714,OPTIMAL,6.945357716091378e7,4.353973974599448e7,2.5913837414935295e7,0.0,0.0,1489306,3959534,0.0,0.0,0.00531725,0.829886833,0.136309917,0.676318042,12.09239,0.268322291
tyndp/gep_20_24_convex_hull_conical_0.01_economic,505263,20,24,convex_hull,conical,economic,0.01,664115.3907641929,580457.9086605712,19223.56576391385,30.195121747402183,1.1866595228343426,20,0.9849790778169613,1.2752618581582316,0.4301369863013699,0.5150684931506849,0.37246575342465754,205929,851,2658,4087,OPTIMAL,7.473986658558322e7,4.3477183172872946e7,3.1262683412710357e7,0.0,0.0,81706,248714,OPTIMAL,6.990294223932886e7,4.3477183172872946e7,2.6425759066470735e7,0.0,0.0,1489306,3959534,0.0,0.0,0.005122375,0.826555584,0.081673,0.636104708,13.766963709,0.268322291
tyndp/gep_20_24_convex_hull_conical_bounded_0.01_economic,505263,20,24,convex_hull,conical_bounded,economic,0.01,673420.9255343194,580457.9086605712,19223.56576391385,30.195121747402183,1.1866595228343426,20,0.945183653011994,1.0000000000000002,0.0,0.6575342465753424,0.35726027397260274,198127,841,2658,4087,OPTIMAL,7.347142877042364e7,4.346753476630092e7,3.0003894004122425e7,0.0,0.0,81706,248714,OPTIMAL,6.965755420741616e7,4.346753476630092e7,2.6190019441112302e7,0.0,0.0,1489306,3959534,0.0,0.0,0.005187291,0.849212292,0.171250708,0.666821958,18.089812834,0.268322291
tyndp/gep_20_24_convex_hull_with_null_dirac_0.01_economic,505263,20,24,convex_hull_with_null,dirac,economic,0.01,1.0660762542995298e6,609777.8048711139,20083.12408642919,30.362696672434556,1.1795194329739698,20,1.0,1.0,0.0,0.0,0.05,0,0,2755,4355,OPTIMAL,7.019877827429333e7,4.349273499130438e7,2.6706043282989465e7,0.0,0.0,81706,248714,OPTIMAL,6.738068159774761e7,4.349273499130438e7,2.3887946606440246e7,0.0,0.0,1489306,3959534,0.0,0.0,0.005208166,1.498414833,1.25e-6,0.557710667,5.246117209,0.268322291
tyndp/gep_20_24_convex_hull_with_null_convex_0.01_economic,505263,20,24,convex_hull_with_null,convex,economic,0.01,721756.1027226945,609777.8048711139,20083.12408642919,30.362696672434556,1.1795194329739698,20,1.0,1.0000000000000002,0.0,0.0,0.3476712328767123,196111,827,2755,4355,OPTIMAL,8.808501278265828e7,4.779569407617813e7,4.028931870648032e7,0.0,0.0,81706,248714,OPTIMAL,7.135899721637711e7,4.779569407617813e7,2.356330314019109e7,0.0,0.0,1489306,3959534,0.0,0.0,0.005148042,1.479085917,0.12279425,0.613016292,16.613755042,0.268322291
tyndp/gep_20_24_convex_hull_with_null_conical_0.01_economic,505263,20,24,convex_hull_with_null,conical,economic,0.01,664034.4914377483,609777.8048711139,20083.12408642919,30.362696672434556,1.1795194329739698,20,0.9321831186611244,1.269143660200941,0.3287671232876712,0.6164383561643836,0.3593150684931507,205543,920,2755,4355,OPTIMAL,8.318534547372106e7,4.592413549456909e7,3.726120997915185e7,0.0,0.0,81706,248714,OPTIMAL,6.998791732876846e7,4.592413549456909e7,2.4063781834215585e7,0.0,0.0,1489306,3959534,0.0,0.0,0.005194625,1.445295583,0.069897833,0.623949208,19.383937417,0.268322291
tyndp/gep_20_24_convex_hull_with_null_conical_bounded_0.01_economic,505263,20,24,convex_hull_with_null,conical_bounded,economic,0.01,673197.7191915738,609777.8048711139,20083.12408642919,30.362696672434556,1.1795194329739698,20,0.9036162451274709,1.0000000000000002,0.0,0.7561643835616438,0.34876712328767123,203168,857,2755,4355,OPTIMAL,7.98930539071528e7,4.464279342262296e7,3.525026048452995e7,0.0,0.0,81706,248714,OPTIMAL,6.903430816611645e7,4.464279342262296e7,2.4391514743461516e7,0.0,0.0,1489306,3959534,0.0,0.0,0.005275542,1.490981542,0.14576125,0.657910583,17.959341167,0.268322291
tyndp/gep_20_24_conical_hull_dirac_0.01_economic,505263,20,24,conical_hull,dirac,economic,0.01,1.115835788131736e6,443946.8699342045,19005.224107725866,23.35920204980558,1.2584326060502244,20,1.0,1.0,0.0,0.0,0.05,0,0,2398,4347,OPTIMAL,7.996093751422045e7,4.136785958844638e7,3.859307792577392e7,0.0,0.0,81706,248714,OPTIMAL,7.0571477211797e7,4.136785958844638e7,2.920361762333452e7,0.0,0.0,1489306,3959534,0.0,0.0,0.005160542,0.338993708,1.291e-6,0.555650417,5.236194375,0.268322291
tyndp/gep_20_24_conical_hull_convex_0.01_economic,505263,20,24,conical_hull,convex,economic,0.01,831670.3726544824,443946.8699342045,19005.224107725866,23.35920204980558,1.2584326060502244,20,1.0,1.0000000000000002,0.0,0.0,0.3236986301369863,140678,665,2398,4347,OPTIMAL,8.874743964528638e7,4.6069445565615036e7,4.267799407967135e7,0.0,0.0,81706,248714,OPTIMAL,7.246366392656699e7,4.6069445565615036e7,2.6394218360892907e7,0.0,0.0,1489306,3959534,0.0,0.0,0.005256625,1.0225605,0.099459875,0.659091875,7.069828333,0.268322291
tyndp/gep_20_24_conical_hull_conical_0.01_economic,505263,20,24,conical_hull,conical,economic,0.01,693057.756526996,443946.8699342045,19005.224107725866,23.35920204980558,1.2584326060502244,20,1.2078729954209468,1.6458538381177565,0.8493150684931506,0.0958904109589041,0.40178082191780823,168987,687,2398,4347,OPTIMAL,8.446500029493684e7,4.380432111979706e7,4.066067917514005e7,0.0,0.0,81706,248714,OPTIMAL,7.093614146073774e7,4.380432111979706e7,2.713182034094905e7,0.0,0.0,1489306,3959534,0.0,0.0,0.005454875,1.120455041,0.075422542,0.641044667,16.030811083,0.268322291
tyndp/gep_20_24_conical_hull_conical_bounded_0.01_economic,505263,20,24,conical_hull,conical_bounded,economic,0.01,831834.7275054615,443946.8699342045,19005.224107725866,23.35920204980558,1.2584326060502244,20,0.9912279242000169,1.0000000000000002,0.0,0.3506849315068493,0.3226027397260274,140755,654,2398,4347,OPTIMAL,8.885051062837721e7,4.621155841338289e7,4.26389522149945e7,0.0,0.0,81706,248714,OPTIMAL,7.291567269904901e7,4.621155841338289e7,2.670411428566236e7,0.0,0.0,1489306,3959534,0.0,0.0,0.005285292,0.400711833,0.110998333,0.620053917,7.099191666,0.268322291
tyndp/gep_40_24_k_means_dirac_0.01_economic,505263,40,24,k_means,dirac,economic,0.01,706948.002205837,779130.7553478846,4148.004434767999,187.83267173422442,1.0727907468960303,40,1.0,1.0,0.0,0.0,0.025,0,0,0,0,OPTIMAL,5.45146082523527e7,3.677932823164976e7,1.7735280020703245e7,0.0,0.0,163306,463834,OPTIMAL,1.052041362791786e8,3.677932823164976e7,6.84248080475382e7,0.0,0.0,1489306,3959534,0.0,0.0,0.005503583,0.155017708,7.5e-7,0.829374375,13.2755055,0.268322291
tyndp/gep_40_24_k_means_convex_0.01_economic,505263,40,24,k_means,convex,economic,0.01,648701.4613763794,779130.7553478846,4148.004434767999,187.83267173422442,1.0727907468960303,40,1.0,1.0000000000000002,0.0,0.0,0.11041095890410958,396749,2382,0,0,OPTIMAL,5.501893235985554e7,3.6854752537004896e7,1.8164179822850276e7,0.0,0.0,163306,463834,OPTIMAL,1.0426087734960765e8,3.6854752537004896e7,6.740612481261745e7,0.0,0.0,1489306,3959534,0.0,0.0,0.00515675,0.290740041,1.207116875,0.89986925,22.938013292,0.268322291
tyndp/gep_40_24_k_means_conical_0.01_economic,505263,40,24,k_means,conical,economic,0.01,630101.4995139164,779130.7553478846,4148.004434767999,187.83267173422442,1.0727907468960303,40,1.0377653904700106,1.3818372009999615,0.6657534246575343,0.3315068493150685,0.11623287671232876,442171,2405,0,0,OPTIMAL,5.534196056759541e7,3.680643693224584e7,1.853552363535035e7,0.0,0.0,163306,463834,OPTIMAL,1.0382804069536498e8,3.680643693224584e7,6.7021603763142526e7,0.0,0.0,1489306,3959534,0.0,0.0,0.005184292,0.626379,0.580712042,0.874260083,21.260281209,0.268322291
tyndp/gep_40_24_k_means_conical_bounded_0.01_economic,505263,40,24,k_means,conical_bounded,economic,0.01,645225.635607276,779130.7553478846,4148.004434767999,187.83267173422442,1.0727907468960303,40,0.9773847957921851,1.0000000000000002,0.0,0.4794520547945205,0.1076027397260274,399945,2382,0,0,OPTIMAL,5.49017533869274e7,3.690500364586697e7,1.799674974106134e7,0.0,0.0,163306,463834,OPTIMAL,1.0472672374124624e8,3.690500364586697e7,6.782172009537391e7,0.0,0.0,1489306,3959534,0.0,0.0,0.005169667,0.615616917,0.743861333,0.89800625,20.499551208,0.268322291
tyndp/gep_40_24_k_medoids_dirac_0.01_economic,505263,40,24,k_medoids,dirac,economic,0.01,877139.0706289301,792818.3678124658,11974.60228305176,66.2083256773029,1.132265479757234,40,1.0,1.0,0.0,0.0,0.025,0,0,0,0,OPTIMAL,6.0200899978472725e7,3.756544185962984e7,2.2635458118841454e7,0.0,0.0,163306,463834,OPTIMAL,8.637405105206457e7,3.756544185962984e7,4.880860919244774e7,0.0,0.0,1489306,3959534,0.0,0.0,0.00527575,0.267465708,1.0e-6,1.390622167,15.730268084,0.268322291
tyndp/gep_40_24_k_medoids_convex_0.01_economic,505263,40,24,k_medoids,convex,economic,0.01,657506.9066905726,792818.3678124658,11974.60228305176,66.2083256773029,1.132265479757234,40,1.0,1.0000000000000002,0.0,0.0,0.17835616438356164,327869,1471,0,0,OPTIMAL,6.270748190484179e7,3.9198151193651155e7,2.350933071119111e7,0.0,0.0,163306,463834,OPTIMAL,8.128644585278153e7,3.9198151193651155e7,4.208829465911446e7,0.0,0.0,1489306,3959534,0.0,0.0,0.005168292,0.153365333,0.498051416,0.993567709,28.179534208,0.268322291
tyndp/gep_40_24_k_medoids_conical_0.01_economic,505263,40,24,k_medoids,conical,economic,0.01,631868.8375184031,792818.3678124658,11974.60228305176,66.2083256773029,1.132265479757234,40,1.020044797055784,1.339829043176741,0.5095890410958904,0.38082191780821917,0.18794520547945207,353896,1630,0,0,OPTIMAL,6.3621270051576905e7,4.029140833253328e7,2.3329861719044097e7,0.0,0.0,163306,463834,OPTIMAL,7.912276270246106e7,4.029140833253328e7,3.883135436995243e7,0.0,0.0,1489306,3959534,0.0,0.0,0.005513542,0.231353291,0.304014708,1.033391541,25.024019959,0.268322291
tyndp/gep_40_24_k_medoids_conical_bounded_0.01_economic,505263,40,24,k_medoids,conical_bounded,economic,0.01,649228.1962947785,792818.3678124658,11974.60228305176,66.2083256773029,1.132265479757234,40,0.9613583258715543,1.0000000000000002,0.0,0.6,0.17787671232876712,330942,1444,0,0,OPTIMAL,6.217719798762207e7,3.88760923942628e7,2.3301105593359236e7,0.0,0.0,163306,463834,OPTIMAL,8.233111483493482e7,3.88760923942628e7,4.345502244068689e7,0.0,0.0,1489306,3959534,0.0,0.0,0.005219083,0.150150916,0.496574125,0.997285833,27.898478959,0.268322291
tyndp/gep_40_24_hierarchical_dirac_0.01_economic,505263,40,24,hierarchical,dirac,economic,0.01,894045.8819346086,793897.1551504757,9996.195093761442,79.41993405530286,1.1294706936853522,40,1.0,1.0,0.0,0.0,0.025,0,0,0,0,OPTIMAL,6.387705656291582e7,4.068942318613703e7,2.3187633376778223e7,0.0,0.0,163306,463834,OPTIMAL,7.670777715316807e7,4.068942318613703e7,3.60183539669758e7,0.0,0.0,1489306,3959534,0.0,0.0,0.005179667,0.151955666,1.5e-6,0.880703709,12.854236583,0.268322291
tyndp/gep_40_24_hierarchical_convex_0.01_economic,505263,40,24,hierarchical,convex,economic,0.01,645858.7599368312,793897.1551504757,9996.195093761442,79.41993405530286,1.1294706936853522,40,1.0,1.0000000000000004,0.0,0.0,0.17678082191780822,334421,1603,0,0,OPTIMAL,6.42849753277048e7,4.021523300510267e7,2.4069742322602637e7,0.0,0.0,163306,463834,OPTIMAL,7.997148033177502e7,4.021523300510267e7,3.9756247326671004e7,0.0,0.0,1489306,3959534,0.0,0.0,0.0052945,0.224686667,0.488766417,0.972064208,24.520101375,0.268322291
tyndp/gep_40_24_hierarchical_conical_0.01_economic,505263,40,24,hierarchical,conical,economic,0.01,623429.6552996491,793897.1551504757,9996.195093761442,79.41993405530286,1.1294706936853522,40,1.0143417317335386,1.3904104315193866,0.5013698630136987,0.38904109589041097,0.1841095890410959,352028,1609,0,0,OPTIMAL,6.47088105217642e7,4.0515727897280574e7,2.4193082624483388e7,0.0,0.0,163306,463834,OPTIMAL,7.746415284871991e7,4.0515727897280574e7,3.694842495147041e7,0.0,0.0,1489306,3959534,0.0,0.0,0.005242292,0.154851708,0.353628083,0.930129958,26.702653666,0.268322291
tyndp/gep_40_24_hierarchical_conical_bounded_0.01_economic,505263,40,24,hierarchical,conical_bounded,economic,0.01,637975.7185443251,793897.1551504757,9996.195093761442,79.41993405530286,1.1294706936853522,40,0.9617147277833826,1.0000000000000002,0.0,0.5835616438356165,0.17383561643835616,334359,1613,0,0,OPTIMAL,6.352193745339117e7,3.993047538214226e7,2.3591462071249288e7,0.0,0.0,163306,463834,OPTIMAL,7.99678716006464e7,3.993047538214226e7,4.003739621850443e7,0.0,0.0,1489306,3959534,0.0,0.0,0.005224667,0.220095084,0.507989917,0.983486291,24.6704555,0.268322291
tyndp/gep_40_24_chronological_dirac_0.01_economic,505263,40,24,chronological,dirac,economic,0.01,1.0532766718733418e6,787227.3254778087,11840.582247985081,66.48552486612486,1.1252889007653994,40,1.0,1.0,0.0,0.0,0.025,0,0,0,0,OPTIMAL,6.502545686930759e7,4.300815354604532e7,2.201730332326553e7,0.0,0.0,163306,463834,OPTIMAL,9.168434032434255e7,4.300815354604532e7,4.867618677824593e7,0.0,0.0,1489306,3959534,0.0,0.0,0.005093375,0.151519459,1.583e-6,1.581848667,6.371427166,0.268322291
tyndp/gep_40_24_chronological_convex_0.01_economic,505263,40,24,chronological,convex,economic,0.01,669729.8524574473,787227.3254778087,11840.582247985081,66.48552486612486,1.1252889007653994,40,1.0,1.0000000000000002,0.0,0.0,0.1715068493150685,336092,1599,0,0,OPTIMAL,6.4183988708228976e7,4.3823872925439484e7,2.036011578278978e7,0.0,0.0,163306,463834,OPTIMAL,9.186558769532984e7,4.3823872925439484e7,4.8041714769855484e7,0.0,0.0,1489306,3959534,0.0,0.0,0.005268875,0.148322958,0.486080375,0.9856365,27.493789125,0.268322291
tyndp/gep_40_24_chronological_conical_0.01_economic,505263,40,24,chronological,conical,economic,0.01,640832.6508048272,787227.3254778087,11840.582247985081,66.48552486612486,1.1252889007653994,40,0.9930115980512629,1.2875357916794041,0.4520547945205479,0.4383561643835616,0.18082191780821918,351877,1558,0,0,OPTIMAL,6.4080908842632614e7,4.3769650569472566e7,2.0311258273160543e7,0.0,0.0,163306,463834,OPTIMAL,9.043220702580544e7,4.3769650569472566e7,4.66625564562772e7,0.0,0.0,1489306,3959534,0.0,0.0,0.005222875,0.148607875,0.319725708,1.004202541,31.252543375,0.268322291
tyndp/gep_40_24_chronological_conical_bounded_0.01_economic,505263,40,24,chronological,conical_bounded,economic,0.01,655390.192063095,787227.3254778087,11840.582247985081,66.48552486612486,1.1252889007653994,40,0.9498031451172235,1.0000000000000002,0.0,0.6136986301369863,0.17027397260273971,336848,1599,0,0,OPTIMAL,6.3225958735702164e7,4.225374618903353e7,2.0972212546668958e7,0.0,0.0,163306,463834,OPTIMAL,9.395846134178524e7,4.225374618903353e7,5.170471515277796e7,0.0,0.0,1489306,3959534,0.0,0.0,0.005166834,0.63905775,0.674145125,0.942545833,29.696933666,0.268322291
tyndp/gep_40_24_convex_hull_dirac_0.01_economic,505263,40,24,convex_hull,dirac,economic,0.01,967337.3592936341,809317.9601566794,13469.244115464817,60.08636811530164,1.1814863173937136,40,1.0,1.0,0.0,0.0,0.025,0,0,7508,5947,OPTIMAL,7.015006102254528e7,4.2597780472899064e7,2.7552280549647037e7,0.0,0.0,163306,463834,OPTIMAL,6.768441731962128e7,4.2597780472899064e7,2.5086636846760225e7,0.0,0.0,1489306,3959534,0.0,0.0,0.005277083,2.3475355,1.958e-6,0.858247875,17.280913584,0.268322291
tyndp/gep_40_24_convex_hull_convex_0.01_economic,505263,40,24,convex_hull,convex,economic,0.01,603469.8251860148,809317.9601566794,13469.244115464817,60.08636811530164,1.1814863173937136,40,1.0,1.0000000000000004,0.0,0.0,0.20568493150684933,291017,1237,7508,5947,OPTIMAL,7.435274451476951e7,4.288842418367293e7,3.146432033109612e7,0.0,0.0,163306,463834,OPTIMAL,6.818720303425823e7,4.288842418367293e7,2.529877885056439e7,0.0,0.0,1489306,3959534,0.0,0.0,0.005234334,2.383485458,0.41325675,0.94579075,20.966362791,0.268322291
tyndp/gep_40_24_convex_hull_conical_0.01_economic,505263,40,24,convex_hull,conical,economic,0.01,584906.079847092,809317.9601566794,13469.244115464817,60.08636811530164,1.1814863173937136,40,1.022892656723423,1.30706603428146,0.5452054794520548,0.3452054794520548,0.21780821917808219,314060,1358,7508,5947,OPTIMAL,7.661062970007986e7,4.329391817639438e7,3.331671152368665e7,0.0,0.0,163306,463834,OPTIMAL,6.807522335402812e7,4.329391817639438e7,2.4781305177606914e7,0.0,0.0,1489306,3959534,0.0,0.0,0.005237375,2.48270025,0.271500209,0.971628917,26.545856417,0.268322291
tyndp/gep_40_24_convex_hull_conical_bounded_0.01_economic,505263,40,24,convex_hull,conical_bounded,economic,0.01,598361.122589136,809317.9601566794,13469.244115464817,60.08636811530164,1.1814863173937136,40,0.9659919745648355,1.0000000000000002,0.0,0.6273972602739726,0.20506849315068493,298498,1350,7508,5947,OPTIMAL,7.434850881372334e7,4.2864458024694785e7,3.148405078902869e7,0.0,0.0,163306,463834,OPTIMAL,6.830301296451509e7,4.2864458024694785e7,2.543855493980155e7,0.0,0.0,1489306,3959534,0.0,0.0,0.005158666,2.753134875,0.368393916,0.92313825,25.7852465,0.268322291
tyndp/gep_40_24_convex_hull_with_null_dirac_0.01_economic,505263,40,24,convex_hull_with_null,dirac,economic,0.01,968898.8916345804,841475.0796845342,11852.38409904447,70.9962715224841,1.1725044111797813,40,1.0,1.0,0.0,0.0,0.025,0,0,7703,6117,OPTIMAL,6.620317837266462e7,4.288707429632832e7,2.331610407633534e7,0.0,0.0,163306,463834,OPTIMAL,6.700993770864227e7,4.288707429632832e7,2.4122863412305348e7,0.0,0.0,1489306,3959534,0.0,0.0,0.005412959,2.406829292,2.5e-6,0.856654291,17.558307875,0.268322291
tyndp/gep_40_24_convex_hull_with_null_convex_0.01_economic,505263,40,24,convex_hull_with_null,convex,economic,0.01,627323.4610020159,841475.0796845342,11852.38409904447,70.9962715224841,1.1725044111797813,40,1.0,1.0000000000000002,0.0,0.0,0.20123287671232876,303500,1453,7703,6117,OPTIMAL,7.300812167547812e7,4.378319373377972e7,2.9224927941698126e7,0.0,0.0,163306,463834,OPTIMAL,6.764081831637858e7,4.378319373377972e7,2.3857624582590338e7,0.0,0.0,1489306,3959534,0.0,0.0,0.005268417,3.006885417,0.389408792,0.979590292,37.704867333,0.268322291
tyndp/gep_40_24_convex_hull_with_null_conical_0.01_economic,505263,40,24,convex_hull_with_null,conical,economic,0.01,588096.3781584927,841475.0796845342,11852.38409904447,70.9962715224841,1.1725044111797813,40,0.9671048726093889,1.2572905346497698,0.3589041095890411,0.5315068493150685,0.20616438356164385,317833,1368,7703,6117,OPTIMAL,7.383691508429104e7,4.360760422050582e7,3.022931086378475e7,0.0,0.0,163306,463834,OPTIMAL,6.789299494753553e7,4.360760422050582e7,2.4285390727039915e7,0.0,0.0,1489306,3959534,0.0,0.0,0.005218583,2.417590625,0.268220958,1.019447667,30.684920708,0.268322291
tyndp/gep_40_24_convex_hull_with_null_conical_bounded_0.01_economic,505263,40,24,convex_hull_with_null,conical_bounded,economic,0.01,598724.9154393891,841475.0796845342,11852.38409904447,70.9962715224841,1.1725044111797813,40,0.9307424026166303,1.0000000000000002,0.0,0.7287671232876712,0.19808219178082193,308702,1310,7703,6117,OPTIMAL,7.163234742426045e7,4.346895032911797e7,2.816339709514345e7,0.0,0.0,163306,463834,OPTIMAL,6.791981364438596e7,4.346895032911797e7,2.445086331527288e7,0.0,0.0,1489306,3959534,0.0,0.0,0.005226875,2.397035375,0.445980166,0.909760875,28.119029958,0.268322291
tyndp/gep_40_24_conical_hull_dirac_0.01_economic,505263,40,24,conical_hull,dirac,economic,0.01,1.0353380950987774e6,632004.0764349746,12102.42032567491,52.22129618934136,1.2434972759375331,40,1.0,1.0,0.0,0.0,0.025,0,0,7164,6291,OPTIMAL,7.465218982880054e7,4.727252496737441e7,2.7379664861426592e7,0.0,0.0,163306,463834,OPTIMAL,7.452521166697356e7,4.727252496737441e7,2.7252686699686028e7,0.0,0.0,1489306,3959534,0.0,0.0,0.005293875,0.621263625,2.0e-6,0.907349625,10.215924709,0.268322291
tyndp/gep_40_24_conical_hull_convex_0.01_economic,505263,40,24,conical_hull,convex,economic,0.01,743073.9231441981,632004.0764349746,12102.42032567491,52.22129618934136,1.2434972759375331,40,1.0,1.0000000000000002,0.0,0.0,0.1795890410958904,220253,1185,7164,6291,OPTIMAL,8.334489460355076e7,4.9908320016130716e7,3.3436574587419555e7,0.0,0.0,163306,463834,OPTIMAL,7.493603139527765e7,4.9908320016130716e7,2.5027711379183695e7,0.0,0.0,1489306,3959534,0.0,0.0,0.00519825,0.618493958,0.309152667,0.944826708,24.461688708,0.268322291
tyndp/gep_40_24_conical_hull_conical_0.01_economic,505263,40,24,conical_hull,conical,economic,0.01,617469.2099068221,632004.0764349746,12102.42032567491,52.22129618934136,1.2434972759375331,40,1.1858803711372983,1.615373686240662,0.8191780821917808,0.07123287671232877,0.22726027397260273,270990,1169,7164,6291,OPTIMAL,8.307420579792264e7,4.7759764610901915e7,3.531444118702137e7,0.0,0.0,163306,463834,OPTIMAL,7.258953767774302e7,4.7759764610901915e7,2.4829773066832233e7,0.0,0.0,1489306,3959534,0.0,0.0,0.005252,0.632684416,0.231716459,1.049140833,24.9366205,0.268322291
tyndp/gep_40_24_conical_hull_conical_bounded_0.01_economic,505263,40,24,conical_hull,conical_bounded,economic,0.01,744087.3581125847,632004.0764349746,12102.42032567491,52.22129618934136,1.2434972759375331,40,0.9924023993286043,1.0000000000000002,0.0,0.410958904109589,0.1791095890410959,220089,1047,7164,6291,OPTIMAL,8.336394907809384e7,4.989289044634729e7,3.3471058631746337e7,0.0,0.0,163306,463834,OPTIMAL,7.503288701864605e7,4.989289044634729e7,2.5139996572275635e7,0.0,0.0,1489306,3959534,0.0,0.0,0.005297167,0.624902916,0.3326145,0.968600667,20.745945875,0.268322291
tyndp/gep_80_24_k_means_dirac_0.01_economic,505263,80,24,k_means,dirac,economic,0.01,625849.3807781581,1.0933877847401905e6,3379.948110228117,323.49247653579994,1.099794443329593,80,1.0,1.0,0.0,0.0,0.0125,0,0,0,0,OPTIMAL,5.755010478627977e7,3.64434087074192e7,2.1106696078861527e7,0.0,0.0,326506,894074,OPTIMAL,9.142650283504851e7,3.64434087074192e7,5.498309412763223e7,0.0,0.0,1489306,3959534,0.0,0.0,0.005201,0.646996125,1.167e-6,1.781190417,30.725873291,0.268322291
tyndp/gep_80_24_k_means_convex_0.01_economic,505263,80,24,k_means,convex,economic,0.01,564341.8877893257,1.0933877847401905e6,3379.948110228117,323.49247653579994,1.099794443329593,80,1.0,1.0000000000000002,0.0,0.0,0.06417808219178082,527681,2807,0,0,OPTIMAL,6.0619439870930605e7,3.775363645663696e7,2.2865803414294574e7,0.0,0.0,326506,894074,OPTIMAL,8.23602869513887e7,3.775363645663696e7,4.460665049472296e7,0.0,0.0,1489306,3959534,0.0,0.0,0.005255417,0.160474417,1.619027083,1.577923334,104.546063917,0.268322291
tyndp/gep_80_24_k_means_conical_0.01_economic,505263,80,24,k_means,conical,economic,0.01,548602.689304831,1.0933877847401905e6,3379.948110228117,323.49247653579994,1.099794443329593,80,1.038432957743492,1.2483666691535988,0.6794520547945205,0.29315068493150687,0.07071917808219177,594913,3200,0,0,OPTIMAL,6.148820018785503e7,3.795120915930309e7,2.353699102855201e7,0.0,0.0,326506,894074,OPTIMAL,8.070127586941136e7,3.795120915930309e7,4.275006671012829e7,0.0,0.0,1489306,3959534,0.0,0.0,0.005269125,0.204033291,1.107501834,1.667581958,107.030829667,0.268322291
tyndp/gep_80_24_k_means_conical_bounded_0.01_economic,505263,80,24,k_means,conical_bounded,economic,0.01,562427.4633889918,1.0933877847401905e6,3379.948110228117,323.49247653579994,1.099794443329593,80,0.9827907406164079,1.0000000000000002,0.0,0.5534246575342465,0.0638013698630137,532043,2756,0,0,OPTIMAL,6.0668079603573084e7,3.7917239538596e7,2.2750840064977873e7,0.0,0.0,326506,894074,OPTIMAL,8.10961723206249e7,3.7917239538596e7,4.317893278203289e7,0.0,0.0,1489306,3959534,0.0,0.0,0.005268834,0.19902775,2.28675275,1.597033542,94.629433625,0.268322291
tyndp/gep_80_24_k_medoids_dirac_0.01_economic,505263,80,24,k_medoids,dirac,economic,0.01,792123.1356985016,1.0795026845860747e6,7193.612146381868,150.06406553750972,1.1474740283185123,80,1.0,1.0,0.0,0.0,0.0125,0,0,0,0,OPTIMAL,6.864440658343971e7,4.361342725056349e7,2.5030979332877442e7,0.0,0.0,326506,894074,OPTIMAL,6.7002922890088774e7,4.361342725056349e7,2.3389495639544442e7,0.0,0.0,1489306,3959534,0.0,0.0,0.005524,0.174000833,1.667e-6,2.068396417,30.686995333,0.268322291
tyndp/gep_80_24_k_medoids_convex_0.01_economic,505263,80,24,k_medoids,convex,economic,0.01,566394.6703148419,1.0795026845860747e6,7193.612146381868,150.06406553750972,1.1474740283185123,80,1.0,1.0000000000000002,0.0,0.0,0.09301369863013699,439639,2325,0,0,OPTIMAL,6.937759921562032e7,4.40308565600329e7,2.534674265558684e7,0.0,0.0,326506,894074,OPTIMAL,6.682573098729968e7,4.40308565600329e7,2.2794874427246872e7,0.0,0.0,1489306,3959534,0.0,0.0,0.005518333,0.149969042,1.439035791,1.625552208,83.799317208,0.268322291
tyndp/gep_80_24_k_medoids_conical_0.01_economic,505263,80,24,k_medoids,conical,economic,0.01,542765.2164834919,1.0795026845860747e6,7193.612146381868,150.06406553750972,1.1474740283185123,80,1.04327390972585,1.31193602085905,0.5315068493150685,0.2493150684931507,0.10113013698630137,468071,2352,0,0,OPTIMAL,7.054553568868867e7,4.4617777592516474e7,2.5927758096172784e7,0.0,0.0,326506,894074,OPTIMAL,6.717443671341012e7,4.4617777592516474e7,2.2556659120892685e7,0.0,0.0,1489306,3959534,0.0,0.0,0.005435333,0.188735958,0.890125166,1.663919625,107.906590625,0.268322291
tyndp/gep_80_24_k_medoids_conical_bounded_0.01_economic,505263,80,24,k_medoids,conical_bounded,economic,0.01,563443.8379839797,1.0795026845860747e6,7193.612146381868,150.06406553750972,1.1474740283185123,80,0.9788677095466707,1.0000000000000002,0.0,0.5150684931506849,0.09287671232876712,444641,2449,0,0,OPTIMAL,6.910559126472045e7,4.387326732575512e7,2.5232323938965645e7,0.0,0.0,326506,894074,OPTIMAL,6.6910114126197115e7,4.387326732575512e7,2.3036846800419357e7,0.0,0.0,1489306,3959534,0.0,0.0,0.005580541,0.184849667,1.434031666,1.750852958,124.80190475,0.268322291
tyndp/gep_80_24_hierarchical_dirac_0.01_economic,505263,80,24,hierarchical,dirac,economic,0.01,798539.0644893756,1.105920294137535e6,7440.207863254373,148.64104800074787,1.146223411751886,80,1.0,1.0,0.0,0.0,0.0125,0,0,0,0,OPTIMAL,6.4794498433803655e7,4.1102043157135665e7,2.36924552766683e7,0.0,0.0,326506,894074,OPTIMAL,6.770853665552655e7,4.1102043157135665e7,2.660649349842045e7,0.0,0.0,1489306,3959534,0.0,0.0,0.005176166,0.179082625,2.042e-6,1.655776792,48.123602083,0.268322291
tyndp/gep_80_24_hierarchical_convex_0.01_economic,505263,80,24,hierarchical,convex,economic,0.01,558807.3527959974,1.105920294137535e6,7440.207863254373,148.64104800074787,1.146223411751886,80,1.0,1.0000000000000002,0.0,0.0,0.09342465753424657,449713,2388,0,0,OPTIMAL,6.722530037001398e7,4.157373197118249e7,2.565156839883099e7,0.0,0.0,326506,894074,OPTIMAL,6.780769924973841e7,4.157373197118249e7,2.6233967278543763e7,0.0,0.0,1489306,3959534,0.0,0.0,0.005198458,0.181028625,1.410527209,1.671679792,119.464163166,0.268322291
tyndp/gep_80_24_hierarchical_conical_0.01_economic,505263,80,24,hierarchical,conical,economic,0.01,537980.0097752269,1.105920294137535e6,7440.207863254373,148.64104800074787,1.146223411751886,80,1.0259028671913353,1.31899931800199,0.4876712328767123,0.29315068493150687,0.10013698630136986,473009,2442,0,0,OPTIMAL,6.823584051127544e7,4.126856566711265e7,2.6967274844162874e7,0.0,0.0,326506,894074,OPTIMAL,6.798578832462348e7,4.126856566711265e7,2.671722265747673e7,0.0,0.0,1489306,3959534,0.0,0.0,0.0055815,0.178688709,0.887532875,1.643955834,127.538772334,0.268322291
tyndp/gep_80_24_hierarchical_conical_bounded_0.01_economic,505263,80,24,hierarchical,conical_bounded,economic,0.01,554704.2861532929,1.105920294137535e6,7440.207863254373,148.64104800074787,1.146223411751886,80,0.9720192561812158,1.0000000000000002,0.0,0.5534246575342465,0.0923972602739726,448583,2615,0,0,OPTIMAL,6.6798083093068935e7,4.142474677035893e7,2.537333632271025e7,0.0,0.0,326506,894074,OPTIMAL,6.829797005470835e7,4.142474677035893e7,2.687322328436249e7,0.0,0.0,1489306,3959534,0.0,0.0,0.00517925,0.202594125,1.47533075,2.226822958,115.361323875,0.268322291
tyndp/gep_80_24_chronological_dirac_0.01_economic,505263,80,24,chronological,dirac,economic,0.01,959476.1405021057,1.1075656872721985e6,7030.116525603283,157.5458505187656,1.1369443765553642,80,1.0,1.0,0.0,0.0,0.0125,0,0,0,0,OPTIMAL,6.372477289536736e7,4.145386983003486e7,2.2270903065328386e7,0.0,0.0,326506,894074,OPTIMAL,6.92267527718241e7,4.145386983003486e7,2.7772882941796783e7,0.0,0.0,1489306,3959534,0.0,0.0,0.005247958,0.65731675,1.833e-6,1.7205085,12.268616333,0.268322291
tyndp/gep_80_24_chronological_convex_0.01_economic,505263,80,24,chronological,convex,economic,0.01,574430.1254998135,1.1075656872721985e6,7030.116525603283,157.5458505187656,1.1369443765553642,80,1.0,1.0000000000000002,0.0,0.0,0.09366438356164383,456317,2366,0,0,OPTIMAL,6.294859529432836e7,4.106325056286427e7,2.188534473146327e7,0.0,0.0,326506,894074,OPTIMAL,6.911319589610064e7,4.106325056286427e7,2.8049945333198674e7,0.0,0.0,1489306,3959534,0.0,0.0,0.005197333,0.182451209,1.397882416,1.70395825,109.1836135,0.268322291
tyndp/gep_80_24_chronological_conical_0.01_economic,505263,80,24,chronological,conical,economic,0.01,553252.3026360731,1.1075656872721985e6,7030.116525603283,157.5458505187656,1.1369443765553642,80,1.0286053123375747,1.575235111175296,0.4958904109589041,0.28493150684931506,0.10078767123287671,482577,2402,0,0,OPTIMAL,6.326056205450074e7,4.102591786929513e7,2.223464418520497e7,0.0,0.0,326506,894074,OPTIMAL,6.910669032635584e7,4.102591786929513e7,2.8080772457021993e7,0.0,0.0,1489306,3959534,0.0,0.0,0.005262292,0.1887145,0.938948458,1.803572,127.511223667,0.268322291
tyndp/gep_80_24_chronological_conical_bounded_0.01_economic,505263,80,24,chronological,conical_bounded,economic,0.01,569790.1936755336,1.1075656872721985e6,7030.116525603283,157.5458505187656,1.1369443765553642,80,0.9729988006788184,1.0000000000000002,0.0,0.547945205479452,0.09410958904109588,460482,2251,0,0,OPTIMAL,6.264072166855582e7,4.1147763208351925e7,2.1492958460205264e7,0.0,0.0,326506,894074,OPTIMAL,6.908241072439617e7,4.1147763208351925e7,2.7934647516034886e7,0.0,0.0,1489306,3959534,0.0,0.0,0.005210166,0.207833416,2.136759708,1.608128792,143.84242675,0.268322291
tyndp/gep_80_24_convex_hull_dirac_0.01_economic,505263,80,24,convex_hull,dirac,economic,0.01,843281.6336204498,1.13098601690806e6,8176.666813720654,138.31871136172956,1.180462648903503,80,1.0,1.0,0.0,0.0,0.0125,0,0,17891,7784,OPTIMAL,6.850671786670153e7,4.291375043523006e7,2.5592967431469318e7,0.0,0.0,326506,894074,OPTIMAL,6.702315637929437e7,4.291375043523006e7,2.410940594404806e7,0.0,0.0,1489306,3959534,0.0,0.0,0.005224167,7.597330584,1.042e-6,1.513361708,41.635291667,0.268322291
tyndp/gep_80_24_convex_hull_convex_0.01_economic,505263,80,24,convex_hull,convex,economic,0.01,515385.32531125814,1.13098601690806e6,8176.666813720654,138.31871136172956,1.180462648903503,80,1.0,1.0000000000000002,0.0,0.0,0.1047945205479452,423266,2111,17891,7784,OPTIMAL,7.141674353391257e7,4.3826835251026176e7,2.758990828288722e7,0.0,0.0,326506,894074,OPTIMAL,6.7064425459634736e7,4.3826835251026176e7,2.3237590208580032e7,0.0,0.0,1489306,3959534,0.0,0.0,0.005178709,7.357912833,1.44097275,1.585652208,74.94602225,0.268322291
tyndp/gep_80_24_convex_hull_conical_0.01_economic,505263,80,24,convex_hull,conical,economic,0.01,496387.4147207392,1.13098601690806e6,8176.666813720654,138.31871136172956,1.180462648903503,80,1.0205529958703354,1.2656341789494567,0.4904109589041096,0.29041095890410956,0.11099315068493151,447066,2300,17891,7784,OPTIMAL,7.334727675320958e7,4.464941578059818e7,2.8697860972609825e7,0.0,0.0,326506,894074,OPTIMAL,6.770728848708637e7,4.464941578059818e7,2.305787270649247e7,0.0,0.0,1489306,3959534,0.0,0.0,0.005283542,7.629461917,0.751662292,1.871465833,111.9892205,0.268322291
tyndp/gep_80_24_convex_hull_conical_bounded_0.01_economic,505263,80,24,convex_hull,conical_bounded,economic,0.01,511631.871352587,1.13098601690806e6,8176.666813720654,138.31871136172956,1.180462648903503,80,0.9710509116683956,1.0000000000000002,0.0,0.6191780821917808,0.10465753424657534,425267,2111,17891,7784,OPTIMAL,7.130624116560437e7,4.379889911845073e7,2.7507342047154043e7,0.0,0.0,326506,894074,OPTIMAL,6.71546424083329e7,4.379889911845073e7,2.335574328986805e7,0.0,0.0,1489306,3959534,0.0,0.0,0.00560175,7.625070166,1.193087916,1.8028505,91.096806542,0.268322291
tyndp/gep_80_24_convex_hull_with_null_dirac_0.01_economic,505263,80,24,convex_hull_with_null,dirac,economic,0.01,852634.1163179971,1.1550560939101395e6,8070.097622804884,143.1278960797357,1.1756347953275954,80,1.0,1.0,0.0,0.0,0.0125,0,0,17999,8041,OPTIMAL,6.652044104309683e7,4.2388916205636844e7,2.4131524837457076e7,0.0,0.0,326506,894074,OPTIMAL,6.7289305800841e7,4.2388916205636844e7,2.4900389595211755e7,0.0,0.0,1489306,3959534,0.0,0.0,0.005140583,8.084115958,1.667e-6,1.971112417,46.454769208,0.268322291
tyndp/gep_80_24_convex_hull_with_null_convex_0.01_economic,505263,80,24,convex_hull_with_null,convex,economic,0.01,530958.8603739516,1.1550560939101395e6,8070.097622804884,143.1278960797357,1.1756347953275954,80,1.0,1.0000000000000002,0.0,0.0,0.10208904109589041,422095,1995,17999,8041,OPTIMAL,7.095005824515542e7,4.4094510831409745e7,2.685554741374576e7,0.0,0.0,326506,894074,OPTIMAL,6.728448472270225e7,4.4094510831409745e7,2.3189973891302574e7,0.0,0.0,1489306,3959534,0.0,0.0,0.005174166,9.036875458,1.159590917,1.687513542,94.370675125,0.268322291
tyndp/gep_80_24_convex_hull_with_null_conical_0.01_economic,505263,80,24,convex_hull_with_null,conical,economic,0.01,499387.0824303001,1.1550560939101395e6,8070.097622804884,143.1278960797357,1.1756347953275954,80,0.9883468382213283,1.2523886722140125,0.3561643835616438,0.4246575342465753,0.10910958904109588,449815,2258,17999,8041,OPTIMAL,7.17257963279695e7,4.44029394439375e7,2.732285688403201e7,0.0,0.0,326506,894074,OPTIMAL,6.774766653960484e7,4.44029394439375e7,2.33447270957091e7,0.0,0.0,1489306,3959534,0.0,0.0,0.005207583,8.817460417,0.779371417,1.703755792,77.294908875,0.268322291
tyndp/gep_80_24_convex_hull_with_null_conical_bounded_0.01_economic,505263,80,24,convex_hull_with_null,conical_bounded,economic,0.01,512553.73687868024,1.1550560939101395e6,8070.097622804884,143.1278960797357,1.1756347953275954,80,0.9501715690498801,1.0000000000000002,0.0,0.6356164383561644,0.10263698630136986,434162,2354,17999,8041,OPTIMAL,7.003478066530667e7,4.3949223088826776e7,2.608555757647946e7,0.0,0.0,326506,894074,OPTIMAL,6.724639187196311e7,4.3949223088826776e7,2.3297168783137493e7,0.0,0.0,1489306,3959534,0.0,0.0,0.005380083,8.705913875,1.240329666,1.713443458,105.901504666,0.268322291
tyndp/gep_80_24_conical_hull_dirac_0.01_economic,505263,80,24,conical_hull,dirac,economic,0.01,922104.2164758873,920386.4607424793,7220.2653562854175,127.47266413709579,1.2241591730813757,80,1.0,1.0,0.0,0.0,0.0125,0,0,16886,8789,OPTIMAL,6.885686085430016e7,4.068131843388921e7,2.8175542420411382e7,0.0,0.0,326506,894074,OPTIMAL,6.856664528747974e7,4.068131843388921e7,2.7885326853547152e7,0.0,0.0,1489306,3959534,0.0,0.0,0.005157542,2.333321125,9.16e-7,1.555291333,26.41060825,0.268322291
tyndp/gep_80_24_conical_hull_convex_0.01_economic,505263,80,24,conical_hull,convex,economic,0.01,642665.1713420781,920386.4607424793,7220.2653562854175,127.47266413709579,1.2241591730813757,80,1.0,1.0000000000000002,0.0,0.0,0.0963013698630137,329843,1713,16886,8789,OPTIMAL,7.586612875258683e7,4.3958807168310404e7,3.1907321584276892e7,0.0,0.0,326506,894074,OPTIMAL,6.87214827726908e7,4.3958807168310404e7,2.4762675604381476e7,0.0,0.0,1489306,3959534,0.0,0.0,0.005213417,2.191405167,0.946410834,1.747942459,110.918385042,0.268322291
tyndp/gep_80_24_conical_hull_conical_0.01_economic,505263,80,24,conical_hull,conical,economic,0.01,526573.1969552407,920386.4607424793,7220.2653562854175,127.47266413709579,1.2241591730813757,80,1.1563276499918245,1.5342298584317198,0.7287671232876712,0.052054794520547946,0.12297945205479452,407509,1966,16886,8789,OPTIMAL,7.661455770251645e7,4.3901719209726006e7,3.271283849279109e7,0.0,0.0,326506,894074,OPTIMAL,6.859219866375443e7,4.3901719209726006e7,2.4690479454085626e7,0.0,0.0,1489306,3959534,0.0,0.0,0.005223833,2.411649917,0.764851625,1.715071917,102.972613666,0.268322291
tyndp/gep_80_24_conical_hull_conical_bounded_0.01_economic,505263,80,24,conical_hull,conical_bounded,economic,0.01,644520.0255810127,920386.4607424793,7220.2653562854175,127.47266413709579,1.2241591730813757,80,0.9934514622803681,1.0000000000000002,0.0,0.4246575342465753,0.09599315068493151,328729,1801,16886,8789,OPTIMAL,7.577169543289286e7,4.39146109978063e7,3.1857084435085464e7,0.0,0.0,326506,894074,OPTIMAL,6.873517158283913e7,4.39146109978063e7,2.4820560585031446e7,0.0,0.0,1489306,3959534,0.0,0.0,0.005177625,1.563119792,1.069187792,1.669492958,119.863237125,0.268322291
tyndp/gep_10_24_k_means_dirac_0.01,505263,10,24,k_means,dirac,unscaled,0.01,113.68795739268701,60.69851889055062,1.057984601346599,57.37183585970322,1.0449758209290037,10,1.0,1.0,0.0,0.0,0.1,0,0,0,0,OPTIMAL,5.139281675087473e7,3.3331205020453446e7,1.806161173042122e7,0.0,0.0,40906,141154,OPTIMAL,3.704098806285655e8,3.3331205020453446e7,3.3707867560817045e8,0.0,0.0,1489306,3959534,0.0,0.0,0.005215375,0.185509084,1.75e-6,0.465701875,1.495657666,0.268322291
tyndp/gep_10_24_k_means_convex_0.01,505263,10,24,k_means,convex,unscaled,0.01,109.21249380760558,60.69851889055062,1.057984601346599,57.37183585970322,1.0449758209290037,10,1.0,1.0000000000000002,0.0,0.0,0.283013698630137,55324,368,0,0,OPTIMAL,5.137017342672931e7,3.33262212366145e7,1.804395219011474e7,0.0,0.0,40906,141154,OPTIMAL,3.5150919676280296e8,3.33262212366145e7,3.1818297552615887e8,0.0,0.0,1489306,3959534,0.0,0.0,0.005152792,0.147075875,0.488959166,0.421901917,1.718570083,0.268322291
tyndp/gep_10_24_k_means_conical_0.01,505263,10,24,k_means,conical,unscaled,0.01,105.97501484358547,60.69851889055062,1.057984601346599,57.37183585970322,1.0449758209290037,10,1.010057890797539,1.2087331693751016,0.5726027397260274,0.4273972602739726,0.28164383561643835,56010,473,0,0,OPTIMAL,5.1756173829293855e7,3.33596686602848e7,1.8396505169009466e7,0.0,0.0,40906,141154,OPTIMAL,3.771803351453799e8,3.33596686602848e7,3.4382066648516876e8,0.0,0.0,1489306,3959534,0.0,0.0,0.006877459,0.151552125,0.496796,0.423750667,1.676963,0.268322291
tyndp/gep_10_24_k_means_conical_bounded_0.01,505263,10,24,k_means,conical_bounded,unscaled,0.01,107.89965310753873,60.69851889055062,1.057984601346599,57.37183585970322,1.0449758209290037,10,0.9706409367751152,1.0,0.0,0.4794520547945205,0.2778082191780822,55841,473,0,0,OPTIMAL,5.0959615179045625e7,3.316708431375908e7,1.779253086528629e7,0.0,0.0,40906,141154,OPTIMAL,3.6861217446573764e8,3.316708431375908e7,3.3544509015196323e8,0.0,0.0,1489306,3959534,0.0,0.0,0.005272167,0.161170875,0.025633708,0.929927959,1.414128875,0.268322291
tyndp/gep_10_24_k_medoids_dirac_0.01,505263,10,24,k_medoids,dirac,unscaled,0.01,142.54469126558172,59.034591680087324,3.151351140686844,18.733104958662462,1.1132454611512577,10,1.0,1.0,0.0,0.0,0.1,0,0,0,0,OPTIMAL,6.0479497747444004e7,3.820572609172491e7,2.227377165571916e7,0.0,0.0,40906,141154,OPTIMAL,1.9195147739701065e8,3.820572609172491e7,1.537457513053738e8,0.0,0.0,1489306,3959534,0.0,0.0,0.005207167,0.279486167,1.709e-6,0.448946167,1.562233542,0.268322291
tyndp/gep_10_24_k_medoids_convex_0.01,505263,10,24,k_medoids,convex,unscaled,0.01,115.37052367195227,59.034591680087324,3.151351140686844,18.733104958662462,1.1132454611512577,10,1.0,1.0000000000000002,0.0,0.0,0.4967123287671233,48922,243,0,0,OPTIMAL,6.088715192177614e7,4.2032206306350715e7,1.8854945615425672e7,0.0,0.0,40906,141154,OPTIMAL,1.7943718863193512e8,4.2032206306350715e7,1.3740498232561848e8,0.0,0.0,1489306,3959534,0.0,0.0,0.005146,0.145102,0.021789666,0.485714833,1.881020292,0.268322291
tyndp/gep_10_24_k_medoids_conical_0.01,505263,10,24,k_medoids,conical,unscaled,0.01,112.73199048909355,59.034591680087324,3.151351140686844,18.733104958662462,1.1132454611512577,10,1.008935001217632,1.2567239826174692,0.5506849315068493,0.42191780821917807,0.5098630136986302,50618,214,0,0,OPTIMAL,6.103206042522747e7,4.2045968352341406e7,1.898609207288577e7,0.0,0.0,40906,141154,OPTIMAL,1.7967665638269028e8,4.2045968352341406e7,1.37630688030436e8,0.0,0.0,1489306,3959534,0.0,0.0,0.005214959,0.1455175,0.015798334,0.5338985,2.467720667,0.268322291
tyndp/gep_10_24_k_medoids_conical_bounded_0.01,505263,10,24,k_medoids,conical_bounded,unscaled,0.01,114.27124263879723,59.034591680087324,3.151351140686844,18.733104958662462,1.1132454611512577,10,0.9705799574063376,1.0000000000000002,0.0,0.5232876712328767,0.4950684931506849,49068,243,0,0,OPTIMAL,6.0262181866598725e7,3.879283590964318e7,2.1469345956955455e7,0.0,0.0,40906,141154,OPTIMAL,1.9238782980630416e8,3.879283590964318e7,1.5359499389665863e8,0.0,0.0,1489306,3959534,0.0,0.0,0.005226417,0.262286291,0.022061292,0.476453459,2.562243959,0.268322291
tyndp/gep_10_24_hierarchical_dirac_0.01,505263,10,24,hierarchical,dirac,unscaled,0.01,145.66336269976316,60.8252920292618,3.5760603769161508,17.009022672518483,1.1009935974439777,10,1.0,1.0,0.0,0.0,0.1,0,0,0,0,OPTIMAL,5.666823158561368e7,3.699826265639163e7,1.966996892922154e7,0.0,0.0,40906,141154,OPTIMAL,1.1861083210817191e8,3.699826265639163e7,8.161256945170559e7,0.0,0.0,1489306,3959534,0.0,0.0,0.005245333,0.145321417,1.333e-6,0.452868084,1.485141333,0.268322291
tyndp/gep_10_24_hierarchical_convex_0.01,505263,10,24,hierarchical,convex,unscaled,0.01,117.7061933479111,60.8252920292618,3.5760603769161508,17.009022672518483,1.1009935974439777,10,1.0,1.0000000000000002,0.0,0.0,0.4967123287671233,47801,216,0,0,OPTIMAL,5.707299335589754e7,3.7063382186735004e7,2.0009611169163037e7,0.0,0.0,40906,141154,OPTIMAL,1.1940281374182908e8,3.7063382186735004e7,8.23394315551313e7,0.0,0.0,1489306,3959534,0.0,0.0,0.005181833,0.144148792,0.025645542,0.47573725,1.529827292,0.268322291
tyndp/gep_10_24_hierarchical_conical_0.01,505263,10,24,hierarchical,conical,unscaled,0.01,115.31989098372172,60.8252920292618,3.5760603769161508,17.009022672518483,1.1009935974439777,10,0.9865348205738969,1.1814119493202648,0.4410958904109589,0.5315068493150685,0.5090410958904109,51028,237,0,0,OPTIMAL,5.709814457295897e7,3.703665009664488e7,2.006149447631392e7,0.0,0.0,40906,141154,OPTIMAL,1.209406366114655e8,3.703665009664488e7,8.390398651479733e7,0.0,0.0,1489306,3959534,0.0,0.0,0.005178541,0.144820292,0.015612334,0.956936166,1.853970375,0.268322291
tyndp/gep_10_24_hierarchical_conical_bounded_0.01,505263,10,24,hierarchical,conical_bounded,unscaled,0.01,116.29488836472004,60.8252920292618,3.5760603769161508,17.009022672518483,1.1009935974439777,10,0.9586076199794091,1.0000000000000002,0.0,0.6136986301369863,0.5002739726027398,50233,230,0,0,OPTIMAL,5.675384272715434e7,3.706686287491828e7,1.968697985223621e7,0.0,0.0,40906,141154,OPTIMAL,1.1980626709928825e8,3.706686287491828e7,8.273940422442503e7,0.0,0.0,1489306,3959534,0.0,0.0,0.005139791,0.144349417,0.023769625,0.915928667,1.979782708,0.268322291
tyndp/gep_10_24_chronological_dirac_0.01,505263,10,24,chronological,dirac,unscaled,0.01,157.26929892703495,57.723594666046864,3.25811538803424,17.71686628350937,1.0870919623161965,10,1.0,1.0,0.0,0.0,0.1,0,0,0,0,OPTIMAL,5.924806639755746e7,4.246262665797417e7,1.6785439739583284e7,0.0,0.0,40906,141154,OPTIMAL,1.986773530780217e8,4.246262665797417e7,1.5621472641997635e8,0.0,0.0,1489306,3959534,0.0,0.0,0.005488208,0.140780292,1.625e-6,0.450886166,1.118369,0.268322291
tyndp/gep_10_24_chronological_convex_0.01,505263,10,24,chronological,convex,unscaled,0.01,123.52979213575682,57.723594666046864,3.25811538803424,17.71686628350937,1.0870919623161965,10,1.0,1.0000000000000002,0.0,0.0,0.4695890410958904,49104,216,0,0,OPTIMAL,5.904749552654788e7,4.199457856009474e7,1.705291696645309e7,0.0,0.0,40906,141154,OPTIMAL,1.949796368031037e8,4.199457856009474e7,1.529850582430459e8,0.0,0.0,1489306,3959534,0.0,0.0,0.005236,0.155071625,0.019726041,0.478326334,1.534764667,0.268322291
tyndp/gep_10_24_chronological_conical_0.01,505263,10,24,chronological,conical,unscaled,0.01,120.28901263026965,57.723594666046864,3.25811538803424,17.71686628350937,1.0870919623161965,10,1.0229518860056142,1.277272474410772,0.5917808219178082,0.38082191780821917,0.4893150684931507,50632,220,0,0,OPTIMAL,5.921324132468122e7,4.2084421229178526e7,1.7128820095502704e7,0.0,0.0,40906,141154,OPTIMAL,1.8750069780931377e8,4.2084421229178526e7,1.454162765800715e8,0.0,0.0,1489306,3959534,0.0,0.0,0.005149917,0.613981209,0.014083584,0.550880583,1.835103959,0.268322291
tyndp/gep_10_24_chronological_conical_bounded_0.01,505263,10,24,chronological,conical_bounded,unscaled,0.01,122.62329397790828,57.723594666046864,3.25811538803424,17.71686628350937,1.0870919623161965,10,0.9714539052964651,1.0000000000000002,0.0,0.4684931506849315,0.4671232876712329,49771,216,0,0,OPTIMAL,5.8851607011756934e7,4.178710499199649e7,1.7064502019760113e7,0.0,0.0,40906,141154,OPTIMAL,1.9529588717129663e8,4.178710499199649e7,1.535087821792439e8,0.0,0.0,1489306,3959534,0.0,0.0,0.005202542,0.253056958,0.021899875,0.475954125,1.638853709,0.268322291
tyndp/gep_10_24_convex_hull_dirac_0.01,505263,10,24,convex_hull,dirac,unscaled,0.01,164.91612737688237,62.86231546733968,4.6111875423622415,13.632565340236903,1.1924771175761435,10,1.0,1.0,0.0,0.0,0.1,0,0,619,2621,OPTIMAL,8.816764241158399e7,4.3544438248525e7,4.462320416305907e7,0.0,0.0,40906,141154,OPTIMAL,8.119512341494505e7,4.3544438248525e7,3.765068516640713e7,0.0,0.0,1489306,3959534,0.0,0.0,0.005228333,0.304289208,1.0e-6,0.407747375,1.547695666,0.268322291
tyndp/gep_10_24_convex_hull_convex_0.01,505263,10,24,convex_hull,convex,unscaled,0.01,111.67931472369462,62.86231546733968,4.6111875423622415,13.632565340236903,1.1924771175761435,10,1.0,1.0000000000000004,0.0,0.0,0.5726027397260274,41907,186,619,2621,OPTIMAL,9.158374511510046e7,4.6378461351925425e7,4.520528376317463e7,0.0,0.0,40906,141154,OPTIMAL,8.095728406841734e7,4.6378461351925425e7,3.457882271645173e7,0.0,0.0,1489306,3959534,0.0,0.0,0.005201625,0.95117625,0.0181515,0.503398083,1.87369625,0.268322291
tyndp/gep_10_24_convex_hull_conical_0.01,505263,10,24,convex_hull,conical,unscaled,0.01,108.47661076103307,62.86231546733968,4.6111875423622415,13.632565340236903,1.1924771175761435,10,1.0041736508811767,1.236367273311255,0.5178082191780822,0.4547945205479452,0.5821917808219178,43650,185,619,2621,OPTIMAL,9.406625091115291e7,4.6489251365202114e7,4.75769995459508e7,0.0,0.0,40906,141154,OPTIMAL,8.32633349389282e7,4.6489251365202114e7,3.6774083573694125e7,0.0,0.0,1489306,3959534,0.0,0.0,0.005403542,0.287686125,0.012802709,0.48672625,2.141157166,0.268322291
tyndp/gep_10_24_convex_hull_conical_bounded_0.01,505263,10,24,convex_hull,conical_bounded,unscaled,0.01,110.27815649398471,62.86231546733968,4.6111875423622415,13.632565340236903,1.1924771175761435,10,0.9647713861018088,1.0,0.0,0.5726027397260274,0.5698630136986301,42698,185,619,2621,OPTIMAL,8.929557836431612e7,4.582493346796847e7,4.347064489634771e7,0.0,0.0,40906,141154,OPTIMAL,7.914361536054862e7,4.582493346796847e7,3.331868189258607e7,0.0,0.0,1489306,3959534,0.0,0.0,0.005130208,0.272940458,0.019092917,0.484806458,2.162980833,0.268322291
tyndp/gep_10_24_convex_hull_with_null_dirac_0.01,505263,10,24,convex_hull_with_null,dirac,unscaled,0.01,162.9318502994368,65.756592162208,3.9594414455024145,16.60754252014557,1.1722559542740045,10,1.0,1.0,0.0,0.0,0.1,0,0,931,2674,OPTIMAL,7.923414765228789e7,4.39051447506873e7,3.5329002901600964e7,0.0,0.0,40906,141154,OPTIMAL,7.455367811404552e7,4.39051447506873e7,3.0648533363377225e7,0.0,0.0,1489306,3959534,0.0,0.0,0.00520125,0.817158584,1.125e-6,0.49429025,1.556482042,0.268322291
tyndp/gep_10_24_convex_hull_with_null_convex_0.01,505263,10,24,convex_hull_with_null,convex,unscaled,0.01,113.64115229829251,65.756592162208,3.9594414455024145,16.60754252014557,1.1722559542740045,10,1.0,1.0000000000000002,0.0,0.0,0.5463013698630137,42587,207,931,2674,OPTIMAL,8.486661452120602e7,4.6002990428070456e7,3.886362409313561e7,0.0,0.0,40906,141154,OPTIMAL,7.582930782164809e7,4.6002990428070456e7,2.9826317393587187e7,0.0,0.0,1489306,3959534,0.0,0.0,0.005148292,0.884040333,0.018025334,0.534696667,1.629150042,0.268322291
tyndp/gep_10_24_convex_hull_with_null_conical_0.01,505263,10,24,convex_hull_with_null,conical,unscaled,0.01,107.49129009886896,65.756592162208,3.9594414455024145,16.60754252014557,1.1722559542740045,10,0.9442695959392694,1.2297811506747922,0.2821917808219178,0.6904109589041096,0.5523287671232877,44412,227,931,2674,OPTIMAL,8.10049591076758e7,4.402224736670596e7,3.698271174096964e7,0.0,0.0,40906,141154,OPTIMAL,7.46712965746242e7,4.402224736670596e7,3.0649049207895555e7,0.0,0.0,1489306,3959534,0.0,0.0,0.005161958,0.948713792,0.020432958,0.475662667,1.769752042,0.268322291
tyndp/gep_10_24_convex_hull_with_null_conical_bounded_0.01,505263,10,24,convex_hull_with_null,conical_bounded,unscaled,0.01,108.24409188495235,65.756592162208,3.9594414455024145,16.60754252014557,1.1722559542740045,10,0.9268380313032852,1.0,0.0,0.7534246575342466,0.547945205479452,44951,220,931,2674,OPTIMAL,7.95589756532099e7,4.372515247901798e7,3.5833823174191914e7,0.0,0.0,40906,141154,OPTIMAL,7.433741092413236e7,4.372515247901798e7,3.061225844511901e7,0.0,0.0,1489306,3959534,0.0,0.0,0.005423625,0.974494,0.020193166,0.472082584,1.737676459,0.268322291
tyndp/gep_10_24_conical_hull_dirac_0.01,505263,10,24,conical_hull,dirac,unscaled,0.01,161.12862265282345,54.84091065195726,4.6104423356154465,11.89493472856473,1.2166446515418838,10,1.0,1.0,0.0,0.0,0.1,0,0,711,2529,OPTIMAL,8.0866885764847e7,4.132291171305954e7,3.954397405178732e7,0.0,0.0,40906,141154,OPTIMAL,8.103085115424459e7,4.132291171305954e7,3.970793944118539e7,0.0,0.0,1489306,3959534,0.0,0.0,0.005240167,0.941675208,1.167e-6,0.403564125,1.471821834,0.268322291
tyndp/gep_10_24_conical_hull_convex_0.01,505263,10,24,conical_hull,convex,unscaled,0.01,116.00223237352355,54.84091065195726,4.6104423356154465,11.89493472856473,1.2166446515418838,10,1.0,1.0000000000000004,0.0,0.0,0.5687671232876712,36566,173,711,2529,OPTIMAL,8.651736486506587e7,4.374859103611163e7,4.2768773828954235e7,0.0,0.0,40906,141154,OPTIMAL,8.346077443329835e7,4.374859103611163e7,3.9712183397172764e7,0.0,0.0,1489306,3959534,0.0,0.0,0.005406958,0.921226667,0.024019125,0.473361209,1.752355667,0.268322291
tyndp/gep_10_24_conical_hull_conical_0.01,505263,10,24,conical_hull,conical,unscaled,0.01,110.1985924051296,54.84091065195726,4.6104423356154465,11.89493472856473,1.2166446515418838,10,1.0779131048418005,1.38630633486913,0.7561643835616438,0.21643835616438356,0.6052054794520548,37795,163,711,2529,OPTIMAL,8.798724889916685e7,4.418827374119138e7,4.379897515797532e7,0.0,0.0,40906,141154,OPTIMAL,7.957064422107854e7,4.418827374119138e7,3.53823704798689e7,0.0,0.0,1489306,3959534,0.0,0.0,0.005137625,0.262967875,0.011772708,0.489008125,1.859119209,0.268322291
tyndp/gep_10_24_conical_hull_conical_bounded_0.01,505263,10,24,conical_hull,conical_bounded,unscaled,0.01,115.73260584005973,54.84091065195726,4.6104423356154465,11.89493472856473,1.2166446515418838,10,0.9866160803638081,1.0,0.0,0.40821917808219177,0.5668493150684931,36360,173,711,2529,OPTIMAL,8.655261045119447e7,4.374862859270145e7,4.280398185849343e7,0.0,0.0,40906,141154,OPTIMAL,8.309043047569227e7,4.374862859270145e7,3.934180188302783e7,0.0,0.0,1489306,3959534,0.0,0.0,0.005479542,0.244347584,0.017196667,0.48235075,1.9562265,0.268322291
tyndp/gep_20_24_k_means_dirac_0.01,505263,20,24,k_means,dirac,unscaled,0.01,108.0476016400201,84.20501233320458,0.8291548336966205,101.55523300490624,1.0602954592834026,20,1.0,1.0,0.0,0.0,0.05,0,0,0,0,OPTIMAL,5.2816934220688745e7,3.529913229277174e7,1.7517801927916437e7,0.0,0.0,81706,248714,OPTIMAL,1.681820875064736e8,3.529913229277174e7,1.328829552137725e8,0.0,0.0,1489306,3959534,0.0,0.0,0.005152833,0.150969667,9.17e-7,0.570828041,5.026486708,0.268322291
tyndp/gep_20_24_k_means_convex_0.01,505263,20,24,k_means,convex,unscaled,0.01,101.83966210744924,84.20501233320458,0.8291548336966205,101.55523300490624,1.0602954592834026,20,1.0,1.0000000000000002,0.0,0.0,0.1826027397260274,91008,721,0,0,OPTIMAL,5.3068282511296965e7,3.466855456846625e7,1.8399727942830417e7,0.0,0.0,81706,248714,OPTIMAL,1.6593317430581695e8,3.466855456846625e7,1.3126461973735103e8,0.0,0.0,1489306,3959534,0.0,0.0,0.005207625,0.149704917,0.125026958,0.5731485,8.723576375,0.268322291
tyndp/gep_20_24_k_means_conical_0.01,505263,20,24,k_means,conical,unscaled,0.01,99.12850380590464,84.20501233320458,0.8291548336966205,101.55523300490624,1.0602954592834026,20,1.0218523846331147,1.2242956668924367,0.6575342465753424,0.3424657534246575,0.18506849315068494,95895,570,0,0,OPTIMAL,5.329921195204141e7,3.441379112841435e7,1.888542082362707e7,0.0,0.0,81706,248714,OPTIMAL,1.6204610172290313e8,3.441379112841435e7,1.2763231059450266e8,0.0,0.0,1489306,3959534,0.0,0.0,0.005165375,0.156829583,0.090925208,0.56767675,8.231964292,0.268322291
tyndp/gep_20_24_k_means_conical_bounded_0.01,505263,20,24,k_means,conical_bounded,unscaled,0.01,101.03641288449764,84.20501233320458,0.8291548336966205,101.55523300490624,1.0602954592834026,20,0.9779729998407501,1.0000000000000002,0.0,0.4465753424657534,0.1780821917808219,90248,602,0,0,OPTIMAL,5.277469099305544e7,3.464397358427859e7,1.8130717408776842e7,0.0,0.0,81706,248714,OPTIMAL,1.6605647913403624e8,3.464397358427859e7,1.3141250554976992e8,0.0,0.0,1489306,3959534,0.0,0.0,0.005207875,0.155686375,0.128283167,0.565967417,8.257186625,0.268322291
tyndp/gep_20_24_k_medoids_dirac_0.01,505263,20,24,k_medoids,dirac,unscaled,0.01,135.0383758752055,85.10719221291478,2.614949130003176,32.54640453094069,1.1216245404193461,20,1.0,1.0,0.0,0.0,0.05,0,0,0,0,OPTIMAL,6.700212181794616e7,4.258646884092733e7,2.4415652977018714e7,0.0,0.0,81706,248714,OPTIMAL,1.0096608242044489e8,4.258646884092733e7,5.837961357954009e7,0.0,0.0,1489306,3959534,0.0,0.0,0.005189208,0.143425875,1.5e-6,0.56736225,5.234147541,0.268322291
tyndp/gep_20_24_k_medoids_convex_0.01,505263,20,24,k_medoids,convex,unscaled,0.01,105.01566941665207,85.10719221291478,2.614949130003176,32.54640453094069,1.1216245404193461,20,1.0,1.0000000000000002,0.0,0.0,0.3165753424657534,76655,359,0,0,OPTIMAL,6.795386761881694e7,4.537748330932065e7,2.257638430949669e7,0.0,0.0,81706,248714,OPTIMAL,1.1205330122145551e8,4.537748330932065e7,6.667581791211847e7,0.0,0.0,1489306,3959534,0.0,0.0,0.005113292,0.226777291,0.051134667,0.672163791,18.455181333,0.268322291
tyndp/gep_20_24_k_medoids_conical_0.01,505263,20,24,k_medoids,conical,unscaled,0.01,101.99509584983322,85.10719221291478,2.614949130003176,32.54640453094069,1.1216245404193461,20,0.9986951487669637,1.2150088372681318,0.4712328767123288,0.473972602739726,0.323013698630137,79820,440,0,0,OPTIMAL,6.736464656907345e7,4.454924002560822e7,2.2815406543465298e7,0.0,0.0,81706,248714,OPTIMAL,1.0957176719818135e8,4.454924002560822e7,6.502252717250873e7,0.0,0.0,1489306,3959534,0.0,0.0,0.005225708,0.22468125,0.031203167,0.67669425,14.853938875,0.268322291
tyndp/gep_20_24_k_medoids_conical_bounded_0.01,505263,20,24,k_medoids,conical_bounded,unscaled,0.01,103.5491779755985,85.10719221291478,2.614949130003176,32.54640453094069,1.1216245404193461,20,0.9641713938837048,1.0000000000000002,0.0,0.6082191780821918,0.31465753424657533,77547,377,0,0,OPTIMAL,6.643930106585018e7,4.41833716007874e7,2.2255929465062205e7,0.0,0.0,81706,248714,OPTIMAL,1.0982977412093902e8,4.41833716007874e7,6.564640252013684e7,0.0,0.0,1489306,3959534,0.0,0.0,0.005653375,0.219191834,0.085532958,0.602842209,14.508530583,0.268322291
tyndp/gep_20_24_hierarchical_dirac_0.01,505263,20,24,hierarchical,dirac,unscaled,0.01,137.32158068567233,84.57264723002822,2.6837493507197467,31.51287105382883,1.1207545552914964,20,1.0,1.0,0.0,0.0,0.05,0,0,0,0,OPTIMAL,5.9736107848950565e7,3.768605438486016e7,2.205005346409008e7,0.0,0.0,81706,248714,OPTIMAL,9.100592244735381e7,3.768605438486016e7,5.3319868062482476e7,0.0,0.0,1489306,3959534,0.0,0.0,0.005378792,0.220440959,1.75e-6,0.541279875,4.354077167,0.268322291
tyndp/gep_20_24_hierarchical_convex_0.01,505263,20,24,hierarchical,convex,unscaled,0.01,104.42296088418233,84.57264723002822,2.6837493507197467,31.51287105382883,1.1207545552914964,20,1.0,1.0000000000000002,0.0,0.0,0.3045205479452055,75882,368,0,0,OPTIMAL,6.052699675882767e7,3.836785918277328e7,2.2159137576054513e7,0.0,0.0,81706,248714,OPTIMAL,9.194569615361653e7,3.836785918277328e7,5.3577836970826946e7,0.0,0.0,1489306,3959534,0.0,0.0,0.005172416,0.200736291,0.051463291,0.725918916,13.035783458,0.268322291
tyndp/gep_20_24_hierarchical_conical_0.01,505263,20,24,hierarchical,conical,unscaled,0.01,100.95033832299548,84.57264723002822,2.6837493507197467,31.51287105382883,1.1207545552914964,20,1.0101063774578716,1.2815369417085585,0.5397260273972603,0.4054794520547945,0.3163013698630137,78298,360,0,0,OPTIMAL,6.07903717986101e7,3.836561570562896e7,2.242475609298107e7,0.0,0.0,81706,248714,OPTIMAL,9.025512644723341e7,3.836561570562896e7,5.18895107416489e7,0.0,0.0,1489306,3959534,0.0,0.0,0.005180167,0.221799666,0.030509167,0.682887667,18.2578945,0.268322291
tyndp/gep_20_24_hierarchical_conical_bounded_0.01,505263,20,24,hierarchical,conical_bounded,unscaled,0.01,103.15044978662067,84.57264723002822,2.6837493507197467,31.51287105382883,1.1207545552914964,20,0.9674000188871653,1.0000000000000002,0.0,0.5589041095890411,0.3049315068493151,76886,385,0,0,OPTIMAL,6.015289171390633e7,3.8012126516379654e7,2.2140765197526418e7,0.0,0.0,81706,248714,OPTIMAL,9.246300704178302e7,3.8012126516379654e7,5.4450880525406115e7,0.0,0.0,1489306,3959534,0.0,0.0,0.005165584,0.224241542,0.053421209,0.63091525,6.986152458,0.268322291
tyndp/gep_20_24_chronological_dirac_0.01,505263,20,24,chronological,dirac,unscaled,0.01,151.28134198242293,83.68968309746818,2.6850882891410253,31.168317047869206,1.1018554240283975,20,1.0,1.0,0.0,0.0,0.05,0,0,0,0,OPTIMAL,6.434621146197964e7,4.255692746234185e7,2.178928399963955e7,0.0,0.0,81706,248714,OPTIMAL,1.5258117759614405e8,4.255692746234185e7,1.1002425013385789e8,0.0,0.0,1489306,3959534,0.0,0.0,0.005227375,0.145917167,1.791e-6,0.66867475,2.476152,0.268322291
tyndp/gep_20_24_chronological_convex_0.01,505263,20,24,chronological,convex,unscaled,0.01,110.09391456527065,83.68968309746818,2.6850882891410253,31.168317047869206,1.1018554240283975,20,1.0,1.0000000000000002,0.0,0.0,0.30246575342465754,81132,395,0,0,OPTIMAL,6.460903297817819e7,4.265650561294344e7,2.1952527365234848e7,0.0,0.0,81706,248714,OPTIMAL,1.4609873078535625e8,4.265650561294344e7,1.0344222517236209e8,0.0,0.0,1489306,3959534,0.0,0.0,0.005216833,0.145922083,0.120809542,0.594239708,15.146636209,0.268322291
tyndp/gep_20_24_chronological_conical_0.01,505263,20,24,chronological,conical,unscaled,0.01,107.34605920240182,83.68968309746818,2.6850882891410253,31.168317047869206,1.1018554240283975,20,1.0003002826615524,1.2431912868051391,0.4958904109589041,0.44931506849315067,0.3136986301369863,83154,426,0,0,OPTIMAL,6.446696949344358e7,4.303177850474844e7,2.1435190988695092e7,0.0,0.0,81706,248714,OPTIMAL,1.5123262333773813e8,4.303177850474844e7,1.0820084483298005e8,0.0,0.0,1489306,3959534,0.0,0.0,0.005137875,0.626086,0.106723583,0.7779245,19.143155208,0.268322291
tyndp/gep_20_24_chronological_conical_bounded_0.01,505263,20,24,chronological,conical_bounded,unscaled,0.01,108.72451537620857,83.68968309746818,2.6850882891410253,31.168317047869206,1.1018554240283975,20,0.9671012481910977,1.0000000000000002,0.0,0.5835616438356165,0.30273972602739724,81611,389,0,0,OPTIMAL,6.3546529672543414e7,4.234277095092104e7,2.120375872162219e7,0.0,0.0,81706,248714,OPTIMAL,1.5079291535776561e8,4.234277095092104e7,1.0845014440684648e8,0.0,0.0,1489306,3959534,0.0,0.0,0.005162583,0.623867916,0.132241458,0.775924459,17.947397083,0.268322291
tyndp/gep_20_24_convex_hull_dirac_0.01,505263,20,24,convex_hull,dirac,unscaled,0.01,150.39343538533413,89.42636064966267,3.4983442876434494,25.56248136169066,1.1734918130796643,20,1.0,1.0,0.0,0.0,0.05,0,0,2521,4224,OPTIMAL,7.285978360928775e7,4.07980966783614e7,3.2061686930925753e7,0.0,0.0,81706,248714,OPTIMAL,6.974142227398211e7,4.07980966783614e7,2.8943325595609073e7,0.0,0.0,1489306,3959534,0.0,0.0,0.005243459,1.178383792,1.209e-6,0.584031625,5.221088542,0.268322291
tyndp/gep_20_24_convex_hull_convex_0.01,505263,20,24,convex_hull,convex,unscaled,0.01,99.53134968864865,89.42636064966267,3.4983442876434494,25.56248136169066,1.1734918130796643,20,1.0,1.0000000000000002,0.0,0.0,0.35876712328767124,70015,337,2521,4224,OPTIMAL,8.019972489357865e7,4.382703463763214e7,3.637269025594703e7,0.0,0.0,81706,248714,OPTIMAL,7.089817179312988e7,4.382703463763214e7,2.7071137155523177e7,0.0,0.0,1489306,3959534,0.0,0.0,0.006818291,0.501825041,0.053158166,0.664317875,14.7101795,0.268322291
tyndp/gep_20_24_convex_hull_conical_0.01,505263,20,24,convex_hull,conical,unscaled,0.01,97.44080855356279,89.42636064966267,3.4983442876434494,25.56248136169066,1.1734918130796643,20,1.0001982633573205,1.2033414801887725,0.4712328767123288,0.473972602739726,0.3632876712328767,72511,311,2521,4224,OPTIMAL,8.152395391218302e7,4.3654336711614e7,3.7869617200569324e7,0.0,0.0,81706,248714,OPTIMAL,7.098054120539974e7,4.3654336711614e7,2.7326204493772842e7,0.0,0.0,1489306,3959534,0.0,0.0,0.005201,0.507117416,0.034149709,0.669817917,7.900200459,0.268322291
tyndp/gep_20_24_convex_hull_conical_bounded_0.01,505263,20,24,convex_hull,conical_bounded,unscaled,0.01,98.48860284629207,89.42636064966267,3.4983442876434494,25.56248136169066,1.1734918130796643,20,0.9688069810977905,1.0000000000000002,0.0,0.6493150684931507,0.3563013698630137,71055,337,2521,4224,OPTIMAL,7.90265423019399e7,4.372702296058575e7,3.529951934135349e7,0.0,0.0,81706,248714,OPTIMAL,7.101617437865691e7,4.372702296058575e7,2.7289151418038875e7,0.0,0.0,1489306,3959534,0.0,0.0,0.005484334,1.154615375,0.05585525,0.665378333,15.262488583,0.268322291
tyndp/gep_20_24_convex_hull_with_null_dirac_0.01,505263,20,24,convex_hull_with_null,dirac,unscaled,0.01,151.15311224050757,91.40389528429453,3.0415105137624323,30.052138524823114,1.1610412278398012,20,1.0,1.0,0.0,0.0,0.05,0,0,2900,4210,OPTIMAL,7.08858076013543e7,4.062396038020256e7,3.026184722115251e7,0.0,0.0,81706,248714,OPTIMAL,6.945432733434625e7,4.062396038020256e7,2.8830366954087954e7,0.0,0.0,1489306,3959534,0.0,0.0,0.005235458,0.477021166,1.083e-6,0.595252917,5.348177042,0.268322291
tyndp/gep_20_24_convex_hull_with_null_convex_0.01,505263,20,24,convex_hull_with_null,convex,unscaled,0.01,101.65674973423943,91.40389528429453,3.0415105137624323,30.052138524823114,1.1610412278398012,20,1.0,1.0000000000000004,0.0,0.0,0.3547945205479452,72187,429,2900,4210,OPTIMAL,7.98074484864365e7,4.3928559047322705e7,3.587888943911451e7,0.0,0.0,81706,248714,OPTIMAL,7.065243172517852e7,4.3928559047322705e7,2.672387267783955e7,0.0,0.0,1489306,3959534,0.0,0.0,0.005224667,0.486416375,0.052004208,0.64125125,15.056428083,0.268322291
tyndp/gep_20_24_convex_hull_with_null_conical_0.01,505263,20,24,convex_hull_with_null,conical,unscaled,0.01,97.53607943723918,91.40389528429453,3.0415105137624323,30.052138524823114,1.1610412278398012,20,0.9642093434803108,1.1791328038732596,0.33424657534246577,0.6109589041095891,0.3526027397260274,72696,339,2900,4210,OPTIMAL,7.775486558512233e7,4.354073794098577e7,3.4214127644137025e7,0.0,0.0,81706,248714,OPTIMAL,7.04457526425134e7,4.354073794098577e7,2.690501470150145e7,0.0,0.0,1489306,3959534,0.0,0.0,0.005147875,0.527654584,0.035583458,0.66416975,21.707862083,0.268322291
tyndp/gep_20_24_convex_hull_with_null_conical_bounded_0.01,505263,20,24,convex_hull_with_null,conical_bounded,unscaled,0.01,98.26962263527369,91.40389528429453,3.0415105137624323,30.052138524823114,1.1610412278398012,20,0.9455412197481178,1.0000000000000002,0.0,0.726027397260274,0.34794520547945207,72439,322,2900,4210,OPTIMAL,7.652891064171962e7,4.3482598551829025e7,3.304631208989012e7,0.0,0.0,81706,248714,OPTIMAL,7.048685758988647e7,4.3482598551829025e7,2.7004259038084168e7,0.0,0.0,1489306,3959534,0.0,0.0,0.005200917,0.533479375,0.067266833,0.656540333,15.544233375,0.268322291
tyndp/gep_20_24_conical_hull_dirac_0.01,505263,20,24,conical_hull,dirac,unscaled,0.01,150.12627736340895,74.99811835588565,2.960537560051194,25.33260154098122,1.2146125029279384,20,1.0,1.0,0.0,0.0,0.05,0,0,2431,4314,OPTIMAL,7.578304893988496e7,4.120983594772869e7,3.457321299215651e7,0.0,0.0,81706,248714,OPTIMAL,7.240426743681419e7,4.120983594772869e7,3.1194431489070937e7,0.0,0.0,1489306,3959534,0.0,0.0,0.005222458,0.41777525,7.92e-7,0.573856167,5.217558958,0.268322291
tyndp/gep_20_24_conical_hull_convex_0.01,505263,20,24,conical_hull,convex,unscaled,0.01,106.10266323550195,74.99811835588565,2.960537560051194,25.33260154098122,1.2146125029279384,20,1.0,1.0000000000000002,0.0,0.0,0.3567123287671233,60139,257,2431,4314,OPTIMAL,8.228957654618584e7,4.401648957143481e7,3.827308697475077e7,0.0,0.0,81706,248714,OPTIMAL,8.500092297614476e7,4.401648957143481e7,4.0984433404749386e7,0.0,0.0,1489306,3959534,0.0,0.0,0.005192083,1.051885083,0.040375833,0.626064625,13.833605,0.268322291
tyndp/gep_20_24_conical_hull_conical_0.01,505263,20,24,conical_hull,conical,unscaled,0.01,98.14342514195387,74.99811835588565,2.960537560051194,25.33260154098122,1.2146125029279384,20,1.1056566113267579,1.397504313941564,0.8301369863013699,0.11506849315068493,0.39301369863013697,64063,307,2431,4314,OPTIMAL,8.369159478121608e7,4.451531337398358e7,3.917628140723244e7,0.0,0.0,81706,248714,OPTIMAL,8.212367150871886e7,4.451531337398358e7,3.760835813476426e7,0.0,0.0,1489306,3959534,0.0,0.0,0.00512975,0.394459,0.029862041,0.676059458,17.960126417,0.268322291
tyndp/gep_20_24_conical_hull_conical_bounded_0.01,505263,20,24,conical_hull,conical_bounded,unscaled,0.01,106.08358448632038,74.99811835588565,2.960537560051194,25.33260154098122,1.2146125029279384,20,0.9923551424406142,1.0000000000000002,0.0,0.3726027397260274,0.3563013698630137,60336,288,2431,4314,OPTIMAL,8.221487700543118e7,4.398623925278097e7,3.822863775265057e7,0.0,0.0,81706,248714,OPTIMAL,8.599819082956009e7,4.398623925278097e7,4.2011951576781474e7,0.0,0.0,1489306,3959534,0.0,0.0,0.005201709,0.40468675,0.056954625,0.642595125,14.108965958,0.268322291
tyndp/gep_40_24_k_means_dirac_0.01,505263,40,24,k_means,dirac,unscaled,0.01,100.33182374555474,117.89797337582561,0.6829806598085056,172.62271146723523,1.080270849873465,40,1.0,1.0,0.0,0.0,0.025,0,0,0,0,OPTIMAL,5.425063011341859e7,3.586407864131539e7,1.838655147210392e7,0.0,0.0,163306,463834,OPTIMAL,1.0332974341130011e8,3.586407864131539e7,6.746566477003768e7,0.0,0.0,1489306,3959534,0.0,0.0,0.005170042,0.233724084,1.75e-6,0.921634417,11.349055166,0.268322291
tyndp/gep_40_24_k_means_convex_0.01,505263,40,24,k_means,convex,unscaled,0.01,92.72725186971078,117.89797337582561,0.6829806598085056,172.62271146723523,1.080270849873465,40,1.0,1.0000000000000002,0.0,0.0,0.11212328767123288,140125,826,0,0,OPTIMAL,5.43279311857508e7,3.594296071039386e7,1.838497047535705e7,0.0,0.0,163306,463834,OPTIMAL,1.0124340455335577e8,3.594296071039386e7,6.530044384299744e7,0.0,0.0,1489306,3959534,0.0,0.0,0.005157,0.658457042,0.433114125,0.887195292,22.1794335,0.268322291
tyndp/gep_40_24_k_means_conical_0.01,505263,40,24,k_means,conical,unscaled,0.01,90.19272975816577,117.89797337582561,0.6829806598085056,172.62271146723523,1.080270849873465,40,1.0203881921961626,1.1959152616873507,0.6301369863013698,0.36712328767123287,0.1173972602739726,148255,902,0,0,OPTIMAL,5.466524615044116e7,3.601239247942822e7,1.8652853671013102e7,0.0,0.0,163306,463834,OPTIMAL,1.0115824962115826e8,3.601239247942822e7,6.5145857141761616e7,0.0,0.0,1489306,3959534,0.0,0.0,0.005158167,0.1823845,0.129659334,0.973948792,22.531811042,0.268322291
tyndp/gep_40_24_k_means_conical_bounded_0.01,505263,40,24,k_means,conical_bounded,unscaled,0.01,92.12069496101377,117.89797337582561,0.6829806598085056,172.62271146723523,1.080270849873465,40,0.9797311438575509,1.0000000000000002,0.0,0.5150684931506849,0.11102739726027397,140332,834,0,0,OPTIMAL,5.414891540552835e7,3.591846402661653e7,1.823045137891062e7,0.0,0.0,163306,463834,OPTIMAL,1.0139022361915761e8,3.591846402661653e7,6.54717595924978e7,0.0,0.0,1489306,3959534,0.0,0.0,0.005207459,0.1475115,0.923834292,0.9499765,18.655853792,0.268322291
tyndp/gep_40_24_k_medoids_dirac_0.01,505263,40,24,k_medoids,dirac,unscaled,0.01,126.35839362308008,119.1648415372404,1.9137209996002222,62.268659622867716,1.1342784726549606,40,1.0,1.0,0.0,0.0,0.025,0,0,0,0,OPTIMAL,6.3761515982407786e7,4.133320856184152e7,2.242830742056685e7,0.0,0.0,163306,463834,OPTIMAL,1.1157599873669522e8,4.133320856184152e7,7.024279017487319e7,0.0,0.0,1489306,3959534,0.0,0.0,0.005176917,0.2625725,1.083e-6,1.422734708,17.665917459,0.268322291
tyndp/gep_40_24_k_medoids_convex_0.01,505263,40,24,k_medoids,convex,unscaled,0.01,94.45809613450344,119.1648415372404,1.9137209996002222,62.268659622867716,1.1342784726549606,40,1.0,1.0000000000000002,0.0,0.0,0.18712328767123287,111203,526,0,0,OPTIMAL,6.3372215432136655e7,4.163121836089976e7,2.1740997071237065e7,0.0,0.0,163306,463834,OPTIMAL,1.0780444945686547e8,4.163121836089976e7,6.6173231095979914e7,0.0,0.0,1489306,3959534,0.0,0.0,0.005100166,0.144862833,0.192611,1.053443834,31.170849417,0.268322291
tyndp/gep_40_24_k_medoids_conical_0.01,505263,40,24,k_medoids,conical,unscaled,0.01,91.67928879775162,119.1648415372404,1.9137209996002222,62.268659622867716,1.1342784726549606,40,1.0001491014887294,1.2461564934217126,0.4712328767123288,0.4191780821917808,0.1915068493150685,113692,681,0,0,OPTIMAL,6.306153453818338e7,4.160124024996361e7,2.146029428821951e7,0.0,0.0,163306,463834,OPTIMAL,1.0772938118680519e8,4.160124024996361e7,6.612814093684764e7,0.0,0.0,1489306,3959534,0.0,0.0,0.005183042,0.139925708,0.110650875,0.991528416,30.364483208,0.268322291
tyndp/gep_40_24_k_medoids_conical_bounded_0.01,505263,40,24,k_medoids,conical_bounded,unscaled,0.01,93.19414169258614,119.1648415372404,1.9137209996002222,62.268659622867716,1.1342784726549606,40,0.9686131165180129,1.0000000000000002,0.0,0.6356164383561644,0.18541095890410958,110737,553,0,0,OPTIMAL,6.230056714501333e7,4.096407413858148e7,2.1336493006432712e7,0.0,0.0,163306,463834,OPTIMAL,1.0803269002464607e8,4.096407413858148e7,6.706861588604255e7,0.0,0.0,1489306,3959534,0.0,0.0,0.005132416,0.178022875,0.179623834,0.91984525,30.311263875,0.268322291
tyndp/gep_40_24_hierarchical_dirac_0.01,505263,40,24,hierarchical,dirac,unscaled,0.01,128.04989377589902,119.2155980292,1.7938922549449896,66.45638705478206,1.1304446787386533,40,1.0,1.0,0.0,0.0,0.025,0,0,0,0,OPTIMAL,6.0143575371111915e7,4.039781905566931e7,1.9745756315443493e7,0.0,0.0,163306,463834,OPTIMAL,8.091338310451669e7,4.039781905566931e7,4.0515564048845775e7,0.0,0.0,1489306,3959534,0.0,0.0,0.005250958,0.635236375,9.58e-7,1.110909625,12.698917041,0.268322291
tyndp/gep_40_24_hierarchical_convex_0.01,505263,40,24,hierarchical,convex,unscaled,0.01,92.77481572593086,119.2155980292,1.7938922549449896,66.45638705478206,1.1304446787386533,40,1.0,1.0000000000000002,0.0,0.0,0.1847945205479452,114125,543,0,0,OPTIMAL,5.985627037773997e7,4.008986865601726e7,1.9766401721723262e7,0.0,0.0,163306,463834,OPTIMAL,7.965523213398758e7,4.008986865601726e7,3.956536347798391e7,0.0,0.0,1489306,3959534,0.0,0.0,0.00544525,0.142385208,0.190501708,0.933932417,27.928385,0.268322291
tyndp/gep_40_24_hierarchical_conical_0.01,505263,40,24,hierarchical,conical,unscaled,0.01,90.63715227285374,119.2155980292,1.7938922549449896,66.45638705478206,1.1304446787386533,40,1.0166390461653814,1.2212084274111596,0.5698630136986301,0.32054794520547947,0.1882876712328767,119021,572,0,0,OPTIMAL,5.994846657421559e7,3.995657740658755e7,1.9991889167627506e7,0.0,0.0,163306,463834,OPTIMAL,7.813532771793051e7,3.995657740658755e7,3.81787503113089e7,0.0,0.0,1489306,3959534,0.0,0.0,0.005186708,0.145511667,0.820888958,0.926318375,23.382107958,0.268322291
tyndp/gep_40_24_hierarchical_conical_bounded_0.01,505263,40,24,hierarchical,conical_bounded,unscaled,0.01,92.2809047950223,119.2155980292,1.7938922549449896,66.45638705478206,1.1304446787386533,40,0.9775985728945804,1.0000000000000002,0.0,0.5863013698630137,0.18164383561643835,114975,597,0,0,OPTIMAL,5.974018331907974e7,4.012433325666372e7,1.961585006241606e7,0.0,0.0,163306,463834,OPTIMAL,7.994958620443533e7,4.012433325666372e7,3.982525294775583e7,0.0,0.0,1489306,3959534,0.0,0.0,0.005177,0.143435458,0.187099375,0.925049333,22.262260791,0.268322291
tyndp/gep_40_24_chronological_dirac_0.01,505263,40,24,chronological,dirac,unscaled,0.01,146.0558448163016,119.46740856251007,1.874511243723323,63.7325644018081,1.114618431687072,40,1.0,1.0,0.0,0.0,0.025,0,0,0,0,OPTIMAL,6.643809449945141e7,4.543996497494874e7,2.0998129524503015e7,0.0,0.0,163306,463834,OPTIMAL,7.654956706725174e7,4.543996497494874e7,3.110960209231471e7,0.0,0.0,1489306,3959534,0.0,0.0,0.005207292,0.14209075,7.5e-7,0.853029208,7.127726291,0.268322291
tyndp/gep_40_24_chronological_convex_0.01,505263,40,24,chronological,convex,unscaled,0.01,98.07287018154692,119.46740856251007,1.874511243723323,63.7325644018081,1.114618431687072,40,1.0,1.0000000000000002,0.0,0.0,0.17691780821917807,117114,581,0,0,OPTIMAL,6.470377563630682e7,4.3144221813291095e7,2.1559553823014762e7,0.0,0.0,163306,463834,OPTIMAL,7.692396115918173e7,4.3144221813291095e7,3.377973934587947e7,0.0,0.0,1489306,3959534,0.0,0.0,0.005127375,0.187037666,0.28654675,1.463037375,27.127805959,0.268322291
tyndp/gep_40_24_chronological_conical_0.01,505263,40,24,chronological,conical,unscaled,0.01,95.45348337574472,119.46740856251007,1.874511243723323,63.7325644018081,1.114618431687072,40,1.0031759752775053,1.2496161587394352,0.4794520547945205,0.410958904109589,0.1834931506849315,119779,556,0,0,OPTIMAL,6.49344677052658e7,4.3907155530697845e7,2.1027312174567588e7,0.0,0.0,163306,463834,OPTIMAL,7.617682279492751e7,4.3907155530697845e7,3.2269667264244918e7,0.0,0.0,1489306,3959534,0.0,0.0,0.005195291,0.141453875,0.124719334,0.999171959,26.737725208,0.268322291
tyndp/gep_40_24_chronological_conical_bounded_0.01,505263,40,24,chronological,conical_bounded,unscaled,0.01,97.01085059757075,119.46740856251007,1.874511243723323,63.7325644018081,1.114618431687072,40,0.969774719244685,1.0000000000000002,0.0,0.6164383561643836,0.17705479452054795,116340,553,0,0,OPTIMAL,6.438626727925801e7,4.308728267732713e7,2.129898460193191e7,0.0,0.0,163306,463834,OPTIMAL,7.52027786398319e7,4.308728267732713e7,3.2115495962499905e7,0.0,0.0,1489306,3959534,0.0,0.0,0.005159167,0.142204084,0.186209584,0.971086542,21.000499667,0.268322291
tyndp/gep_40_24_convex_hull_dirac_0.01,505263,40,24,convex_hull,dirac,unscaled,0.01,138.78033149190352,123.85959528003053,2.3351492578973954,53.0414040392243,1.1669489617998396,40,1.0,1.0,0.0,0.0,0.025,0,0,7405,6050,OPTIMAL,6.873704774441019e7,4.101024064184925e7,2.7726807102560807e7,0.0,0.0,163306,463834,OPTIMAL,6.880930791693462e7,4.101024064184925e7,2.7799067275074296e7,0.0,0.0,1489306,3959534,0.0,0.0,0.005185667,1.064516833,1.958e-6,0.875970666,15.327171458,0.268322291
tyndp/gep_40_24_convex_hull_convex_0.01,505263,40,24,convex_hull,convex,unscaled,0.01,89.29224090105558,123.85959528003053,2.3351492578973954,53.0414040392243,1.1669489617998396,40,1.0,1.0000000000000002,0.0,0.0,0.2095890410958904,106196,482,7405,6050,OPTIMAL,7.38660687439665e7,4.164238279257903e7,3.2223685951387603e7,0.0,0.0,163306,463834,OPTIMAL,6.81286481254218e7,4.164238279257903e7,2.648626533282681e7,0.0,0.0,1489306,3959534,0.0,0.0,0.005177667,1.663029875,0.137232917,0.951702083,26.187868583,0.268322291
tyndp/gep_40_24_convex_hull_conical_0.01,505263,40,24,convex_hull,conical,unscaled,0.01,87.67789125543483,123.85959528003053,2.3351492578973954,53.0414040392243,1.1669489617998396,40,1.0063644968084586,1.1718591870763044,0.4876712328767123,0.40273972602739727,0.2156164383561644,108487,531,7405,6050,OPTIMAL,7.509445870203322e7,4.2223720605581895e7,3.2870738096452404e7,0.0,0.0,163306,463834,OPTIMAL,6.793145919834478e7,4.2223720605581895e7,2.5707738592747368e7,0.0,0.0,1489306,3959534,0.0,0.0,0.006608667,1.068018292,0.108151833,1.004147583,31.573354084,0.268322291
tyndp/gep_40_24_convex_hull_conical_bounded_0.01,505263,40,24,convex_hull,conical_bounded,unscaled,0.01,88.74997129606191,123.85959528003053,2.3351492578973954,53.0414040392243,1.1669489617998396,40,0.974272853372811,1.0000000000000002,0.0,0.6547945205479452,0.20767123287671233,106226,460,7405,6050,OPTIMAL,7.328165602658673e7,4.170233462466932e7,3.1579321401918028e7,0.0,0.0,163306,463834,OPTIMAL,6.814059292237833e7,4.170233462466932e7,2.6438258297711708e7,0.0,0.0,1489306,3959534,0.0,0.0,0.005161833,1.049497375,0.171704958,0.998630125,28.206029,0.268322291
tyndp/gep_40_24_convex_hull_with_null_dirac_0.01,505263,40,24,convex_hull_with_null,dirac,unscaled,0.01,138.77072091401132,125.95690605211527,2.07646894430569,60.65918124974971,1.1631363596400013,40,1.0,1.0,0.0,0.0,0.025,0,0,7899,5921,OPTIMAL,6.855806482941401e7,4.1733293665098034e7,2.6824771164316077e7,0.0,0.0,163306,463834,OPTIMAL,6.759133390602829e7,4.1733293665098034e7,2.5858040240942456e7,0.0,0.0,1489306,3959534,0.0,0.0,0.005149666,1.128205208,1.5e-6,0.865374792,13.374610042,0.268322291
tyndp/gep_40_24_convex_hull_with_null_convex_0.01,505263,40,24,convex_hull_with_null,convex,unscaled,0.01,90.00144864099636,125.95690605211527,2.07646894430569,60.65918124974971,1.1631363596400013,40,1.0,1.0000000000000002,0.0,0.0,0.203013698630137,105465,496,7899,5921,OPTIMAL,7.521181848098324e7,4.3492116483072445e7,3.1719701997911073e7,0.0,0.0,163306,463834,OPTIMAL,6.811623855624157e7,4.3492116483072445e7,2.462412207312984e7,0.0,0.0,1489306,3959534,0.0,0.0,0.005132125,1.0936315,0.161031,1.01635525,30.592334917,0.268322291
tyndp/gep_40_24_convex_hull_with_null_conical_0.01,505263,40,24,convex_hull_with_null,conical,unscaled,0.01,87.51037271184231,125.95690605211527,2.07646894430569,60.65918124974971,1.1631363596400013,40,0.9913680909438963,1.181540816191668,0.4054794520547945,0.4849315068493151,0.20856164383561643,109329,504,7899,5921,OPTIMAL,7.578950456781694e7,4.34580662709504e7,3.233143829686565e7,0.0,0.0,163306,463834,OPTIMAL,6.824446693029642e7,4.34580662709504e7,2.4786400659357086e7,0.0,0.0,1489306,3959534,0.0,0.0,0.005153584,1.085286,0.101051125,0.992361958,28.196643834,0.268322291
tyndp/gep_40_24_convex_hull_with_null_conical_bounded_0.01,505263,40,24,convex_hull_with_null,conical_bounded,unscaled,0.01,88.63070080435554,125.95690605211527,2.07646894430569,60.65918124974971,1.1631363596400013,40,0.9637396108623202,1.0000000000000002,0.0,0.7178082191780822,0.2028082191780822,106351,496,7899,5921,OPTIMAL,7.409312241129659e7,4.349988933608119e7,3.0593233075215653e7,0.0,0.0,163306,463834,OPTIMAL,6.816115128816362e7,4.349988933608119e7,2.466126195208656e7,0.0,0.0,1489306,3959534,0.0,0.0,0.005188167,1.058111417,0.183794542,0.999578292,27.120911125,0.268322291
tyndp/gep_40_24_conical_hull_dirac_0.01,505263,40,24,conical_hull,dirac,unscaled,0.01,139.87441762880084,105.29974022877614,2.1412003777594686,49.17790101408481,1.2028476851372187,40,1.0,1.0,0.0,0.0,0.025,0,0,7113,6342,OPTIMAL,7.029662932748917e7,4.257490768627828e7,2.772172164121207e7,0.0,0.0,163306,463834,OPTIMAL,7.18120854292476e7,4.257490768627828e7,2.9237177742988706e7,0.0,0.0,1489306,3959534,0.0,0.0,0.0051425,0.673842166,1.875e-6,0.995410583,12.122366458,0.268322291
tyndp/gep_40_24_conical_hull_convex_0.01,505263,40,24,conical_hull,convex,unscaled,0.01,96.23913320758587,105.29974022877614,2.1412003777594686,49.17790101408481,1.2028476851372187,40,1.0,1.0000000000000002,0.0,0.0,0.19904109589041097,89640,440,7113,6342,OPTIMAL,7.617121333050747e7,4.329593090862207e7,3.2875282421885263e7,0.0,0.0,163306,463834,OPTIMAL,7.36914854603374e7,4.329593090862207e7,3.0395554551703643e7,0.0,0.0,1489306,3959534,0.0,0.0,0.005310084,1.45905225,0.125626125,0.95196025,28.244491792,0.268322291
tyndp/gep_40_24_conical_hull_conical_0.01,505263,40,24,conical_hull,conical,unscaled,0.01,88.72259147633656,105.29974022877614,2.1412003777594686,49.17790101408481,1.2028476851372187,40,1.0965333784697762,1.3746982494220412,0.7945205479452054,0.0958904109589041,0.2263013698630137,98713,500,7113,6342,OPTIMAL,7.876769284698465e7,4.520519978821656e7,3.356249305876779e7,0.0,0.0,163306,463834,OPTIMAL,7.40141813581168e7,4.520519978821656e7,2.8808981569934525e7,0.0,0.0,1489306,3959534,0.0,0.0,0.005155917,0.657883375,0.099419625,1.092659,23.555032833,0.268322291
tyndp/gep_40_24_conical_hull_conical_bounded_0.01,505263,40,24,conical_hull,conical_bounded,unscaled,0.01,96.41125712139318,105.29974022877614,2.1412003777594686,49.17790101408481,1.2028476851372187,40,0.9920113387046863,1.0000000000000002,0.0,0.5095890410958904,0.19815068493150684,89937,440,7113,6342,OPTIMAL,7.607205532557695e7,4.3257909444760494e7,3.2814145880816408e7,0.0,0.0,163306,463834,OPTIMAL,7.30837113743984e7,4.3257909444760494e7,2.9825801929625064e7,0.0,0.0,1489306,3959534,0.0,0.0,0.005208167,0.677527083,0.143847625,1.003419417,28.052760375,0.268322291
tyndp/gep_80_24_k_means_dirac_0.01,505263,80,24,k_means,dirac,unscaled,0.01,89.73261750133918,165.31505848229128,0.5760925397069198,286.95920722457777,1.1016309547393797,80,1.0,1.0,0.0,0.0,0.0125,0,0,0,0,OPTIMAL,5.6440422149960965e7,3.655677195696611e7,1.9883650192997817e7,0.0,0.0,326506,894074,OPTIMAL,8.802074472277135e7,3.655677195696611e7,5.146397276580932e7,0.0,0.0,1489306,3959534,0.0,0.0,0.005212542,0.183431625,8.75e-7,1.608515708,34.969998,0.268322291
tyndp/gep_80_24_k_means_convex_0.01,505263,80,24,k_means,convex,unscaled,0.01,81.49376085009199,165.31505848229128,0.5760925397069198,286.95920722457777,1.1016309547393797,80,1.0,1.0000000000000002,0.0,0.0,0.0646917808219178,183472,953,0,0,OPTIMAL,5.758421105947985e7,3.703516939848951e7,2.054904166099025e7,0.0,0.0,326506,894074,OPTIMAL,8.639917029165362e7,3.703516939848951e7,4.936400089317615e7,0.0,0.0,1489306,3959534,0.0,0.0,0.00556025,0.683555875,0.77071225,1.805214333,98.195311375,0.268322291
tyndp/gep_80_24_k_means_conical_0.01,505263,80,24,k_means,conical,unscaled,0.01,79.32461309482915,165.31505848229128,0.5760925397069198,286.95920722457777,1.1016309547393797,80,1.023031137559393,1.168427836177269,0.6054794520547945,0.36712328767123287,0.06845890410958905,195001,1022,0,0,OPTIMAL,5.819081509670307e7,3.706916578246623e7,2.1121649314238872e7,0.0,0.0,326506,894074,OPTIMAL,8.573132942884588e7,3.706916578246623e7,4.8662163646350205e7,0.0,0.0,1489306,3959534,0.0,0.0,0.005226334,0.154110291,0.396032708,1.701414791,99.823955875,0.268322291
tyndp/gep_80_24_k_means_conical_bounded_0.01,505263,80,24,k_means,conical_bounded,unscaled,0.01,81.26900782312244,165.31505848229128,0.5760925397069198,286.95920722457777,1.1016309547393797,80,0.9841251412768117,1.0000000000000002,0.0,0.589041095890411,0.06280821917808219,183623,1005,0,0,OPTIMAL,5.741934010528647e7,3.700753776708037e7,2.0411802338206053e7,0.0,0.0,326506,894074,OPTIMAL,8.636460023219636e7,3.700753776708037e7,4.9357062465120494e7,0.0,0.0,1489306,3959534,0.0,0.0,0.00515225,0.172754834,1.38314925,1.764726291,112.813140292,0.268322291
tyndp/gep_80_24_k_medoids_dirac_0.01,505263,80,24,k_medoids,dirac,unscaled,0.01,113.89252266940072,164.274359301411,1.312305466114589,125.17997032183875,1.1422325052389022,80,1.0,1.0,0.0,0.0,0.0125,0,0,0,0,OPTIMAL,6.658676195941018e7,4.124332798985618e7,2.534343396955531e7,0.0,0.0,326506,894074,OPTIMAL,6.728697030374485e7,4.124332798985618e7,2.6043642313877597e7,0.0,0.0,1489306,3959534,0.0,0.0,0.005521791,0.164286,2.791e-6,2.081693458,37.959707583,0.268322291
tyndp/gep_80_24_k_medoids_convex_0.01,505263,80,24,k_medoids,convex,unscaled,0.01,81.66573972334498,164.274359301411,1.312305466114589,125.17997032183875,1.1422325052389022,80,1.0,1.0000000000000004,0.0,0.0,0.0976027397260274,149867,916,0,0,OPTIMAL,6.83559434138424e7,4.10979568409676e7,2.7257986572875377e7,0.0,0.0,326506,894074,OPTIMAL,6.778451911167525e7,4.10979568409676e7,2.6686562270734612e7,0.0,0.0,1489306,3959534,0.0,0.0,0.00521475,0.18010125,1.267035625,1.821276833,106.042056792,0.268322291
tyndp/gep_80_24_k_medoids_conical_0.01,505263,80,24,k_medoids,conical,unscaled,0.01,79.4208165731233,164.274359301411,1.312305466114589,125.17997032183875,1.1422325052389022,80,1.022047767874449,1.234316817787924,0.536986301369863,0.24383561643835616,0.1026027397260274,157547,898,0,0,OPTIMAL,6.918240935738663e7,4.161522886242465e7,2.7567180494961433e7,0.0,0.0,326506,894074,OPTIMAL,6.804687903362429e7,4.161522886242465e7,2.6431650171272457e7,0.0,0.0,1489306,3959534,0.0,0.0,0.00518375,0.162955958,0.313845333,2.167233541,87.890910583,0.268322291
tyndp/gep_80_24_k_medoids_conical_bounded_0.01,505263,80,24,k_medoids,conical_bounded,unscaled,0.01,81.39399979532976,164.274359301411,1.312305466114589,125.17997032183875,1.1422325052389022,80,0.9824443082792981,1.0000000000000002,0.0,0.5561643835616439,0.09695205479452054,149145,851,0,0,OPTIMAL,6.757407973738074e7,4.076983546521217e7,2.6804244272169106e7,0.0,0.0,326506,894074,OPTIMAL,6.819436253876364e7,4.076983546521217e7,2.7424527073550425e7,0.0,0.0,1489306,3959534,0.0,0.0,0.005192291,0.178835916,0.496826458,1.775044875,74.937531167,0.268322291
tyndp/gep_80_24_hierarchical_dirac_0.01,505263,80,24,hierarchical,dirac,unscaled,0.01,113.72920732598597,170.36269961552966,1.3043201231670345,130.61417714070842,1.13397179757656,80,1.0,1.0,0.0,0.0,0.0125,0,0,0,0,OPTIMAL,6.5122152440331705e7,4.1181985564738534e7,2.3940166875593666e7,0.0,0.0,326506,894074,OPTIMAL,6.874593075759149e7,4.1181985564738534e7,2.7563945192841135e7,0.0,0.0,1489306,3959534,0.0,0.0,0.005273791,0.167124708,1.833e-6,2.13945725,35.494321667,0.268322291
tyndp/gep_80_24_hierarchical_convex_0.01,505263,80,24,hierarchical,convex,unscaled,0.01,80.78442736452118,170.36269961552966,1.3043201231670345,130.61417714070842,1.13397179757656,80,1.0,1.0000000000000002,0.0,0.0,0.09708904109589041,155918,899,0,0,OPTIMAL,6.588956228048845e7,4.1425577107581526e7,2.4463985172906104e7,0.0,0.0,326506,894074,OPTIMAL,6.815597401634693e7,4.1425577107581526e7,2.6730396908752706e7,0.0,0.0,1489306,3959534,0.0,0.0,0.005270542,0.175639417,0.509832291,1.662884917,72.681980125,0.268322291
tyndp/gep_80_24_hierarchical_conical_0.01,505263,80,24,hierarchical,conical,unscaled,0.01,79.03569032469335,170.36269961552966,1.3043201231670345,130.61417714070842,1.13397179757656,80,1.0095657313760187,1.1628735969256112,0.4547945205479452,0.32602739726027397,0.09976027397260274,157544,913,0,0,OPTIMAL,6.637278973613191e7,4.124144639836764e7,2.513134333776411e7,0.0,0.0,326506,894074,OPTIMAL,6.808138159080657e7,4.124144639836764e7,2.6839935192427535e7,0.0,0.0,1489306,3959534,0.0,0.0,0.005145792,0.171340584,0.328418375,1.651092833,87.124640791,0.268322291
tyndp/gep_80_24_hierarchical_conical_bounded_0.01,505263,80,24,hierarchical,conical_bounded,unscaled,0.01,80.3787820627736,170.36269961552966,1.3043201231670345,130.61417714070842,1.13397179757656,80,0.9789060971143125,1.0000000000000002,0.0,0.6082191780821918,0.09599315068493151,153451,850,0,0,OPTIMAL,6.550398141324275e7,4.144960463151583e7,2.405437678172693e7,0.0,0.0,326506,894074,OPTIMAL,6.798641208414106e7,4.144960463151583e7,2.6536807452615693e7,0.0,0.0,1489306,3959534,0.0,0.0,0.005224625,0.164818708,0.504875417,2.158894708,103.006726333,0.268322291
tyndp/gep_80_24_chronological_dirac_0.01,505263,80,24,chronological,dirac,unscaled,0.01,132.5149516242784,168.22273902073215,1.2935607448372204,130.04626160165446,1.133045528871357,80,1.0,1.0,0.0,0.0,0.0125,0,0,0,0,OPTIMAL,6.349079105922315e7,4.2023100110705525e7,2.1467690948516686e7,0.0,0.0,326506,894074,OPTIMAL,6.926207939632674e7,4.2023100110705525e7,2.7238979285627283e7,0.0,0.0,1489306,3959534,0.0,0.0,0.005193542,0.183745417,1.1625e-5,1.502868833,13.164093542,0.268322291
tyndp/gep_80_24_chronological_convex_0.01,505263,80,24,chronological,convex,unscaled,0.01,82.57829987138432,168.22273902073215,1.2935607448372204,130.04626160165446,1.133045528871357,80,1.0,1.0000000000000002,0.0,0.0,0.0958904109589041,156275,838,0,0,OPTIMAL,6.3050102546617985e7,4.189251793815044e7,2.1157584608466823e7,0.0,0.0,326506,894074,OPTIMAL,6.863162123875307e7,4.189251793815044e7,2.673910330058747e7,0.0,0.0,1489306,3959534,0.0,0.0,0.005266083,0.144927583,0.517934791,1.762603083,72.786615875,0.268322291
tyndp/gep_80_24_chronological_conical_0.01,505263,80,24,chronological,conical,unscaled,0.01,80.63000256023693,168.22273902073215,1.2935607448372204,130.04626160165446,1.133045528871357,80,1.011109392182606,1.2370219491261112,0.4712328767123288,0.3095890410958904,0.09976027397260274,159264,820,0,0,OPTIMAL,6.325167898026351e7,4.1743616653838985e7,2.1508062326425605e7,0.0,0.0,326506,894074,OPTIMAL,6.869082967440496e7,4.1743616653838985e7,2.6947213020558544e7,0.0,0.0,1489306,3959534,0.0,0.0,0.005251042,0.188310209,0.326992708,1.718176834,86.13081975,0.268322291
tyndp/gep_80_24_chronological_conical_bounded_0.01,505263,80,24,chronological,conical_bounded,unscaled,0.01,82.14046919388896,168.22273902073215,1.2935607448372204,130.04626160165446,1.133045528871357,80,0.9782432610960463,1.0000000000000002,0.0,0.5972602739726027,0.09547945205479452,154763,781,0,0,OPTIMAL,6.287749485436515e7,4.187139386502615e7,2.1006100989339095e7,0.0,0.0,326506,894074,OPTIMAL,6.866947352589045e7,4.187139386502615e7,2.6798079660834912e7,0.0,0.0,1489306,3959534,0.0,0.0,0.005281542,0.184664125,0.515626916,1.668681208,73.374202958,0.268322291
tyndp/gep_80_24_convex_hull_dirac_0.01,505263,80,24,convex_hull,dirac,unscaled,0.01,121.03648867596155,174.67224377164183,1.3213764114021769,132.18961854047978,1.1598754190636968,80,1.0,1.0,0.0,0.0,0.0125,0,0,17542,8133,OPTIMAL,6.713413839490172e7,4.2683506067588486e7,2.4450632327312335e7,0.0,0.0,326506,894074,OPTIMAL,6.680844005710743e7,4.2683506067588486e7,2.4124933989496127e7,0.0,0.0,1489306,3959534,0.0,0.0,0.005428708,3.908016458,1.708e-6,1.629952625,36.955294375,0.268322291
tyndp/gep_80_24_convex_hull_convex_0.01,505263,80,24,convex_hull,convex,unscaled,0.01,76.24559747551422,174.67224377164183,1.3213764114021769,132.18961854047978,1.1598754190636968,80,1.0,1.0000000000000002,0.0,0.0,0.10578767123287672,149807,773,17542,8133,OPTIMAL,7.166436401435119e7,4.3560917233634725e7,2.8103446780715387e7,0.0,0.0,326506,894074,OPTIMAL,6.715984132611911e7,4.3560917233634725e7,2.3598924092463426e7,0.0,0.0,1489306,3959534,0.0,0.0,0.005154083,3.795963458,0.436170708,1.692370875,114.849363459,0.268322291
tyndp/gep_80_24_convex_hull_conical_0.01,505263,80,24,convex_hull,conical,unscaled,0.01,74.79477518761122,174.67224377164183,1.3213764114021769,132.18961854047978,1.1598754190636968,80,1.003561799672319,1.1758907117750377,0.4136986301369863,0.36712328767123287,0.10948630136986301,153111,864,17542,8133,OPTIMAL,7.268887824737665e7,4.3600473450463146e7,2.9088404796914365e7,0.0,0.0,326506,894074,OPTIMAL,6.720628725781894e7,4.3600473450463146e7,2.3605813807360947e7,0.0,0.0,1489306,3959534,0.0,0.0,0.005191167,3.180242417,0.318416208,1.703432625,76.2499155,0.268322291
tyndp/gep_80_24_convex_hull_conical_bounded_0.01,505263,80,24,convex_hull,conical_bounded,unscaled,0.01,75.90586570497565,174.67224377164183,1.3213764114021769,132.18961854047978,1.1598754190636968,80,0.9770653157111837,1.0000000000000002,0.0,0.663013698630137,0.105,151362,842,17542,8133,OPTIMAL,7.116233637190878e7,4.355297341490614e7,2.760936295700427e7,0.0,0.0,326506,894074,OPTIMAL,6.716953496960512e7,4.355297341490614e7,2.3616561554667346e7,0.0,0.0,1489306,3959534,0.0,0.0,0.005204166,3.226500875,0.513629458,1.71712575,109.261009917,0.268322291
tyndp/gep_80_24_convex_hull_with_null_dirac_0.01,505263,80,24,convex_hull_with_null,dirac,unscaled,0.01,122.01162424541639,176.73837284561597,1.375262300943809,128.51248283641945,1.1575145421185942,80,1.0,1.0,0.0,0.0,0.0125,0,0,18099,7941,OPTIMAL,6.77146328598564e7,4.3045609754925415e7,2.4669023104930125e7,0.0,0.0,326506,894074,OPTIMAL,6.682382532557149e7,4.3045609754925415e7,2.377821557061861e7,0.0,0.0,1489306,3959534,0.0,0.0,0.005206375,4.162400167,2.0e-6,1.602147167,34.489300167,0.268322291
tyndp/gep_80_24_convex_hull_with_null_convex_0.01,505263,80,24,convex_hull_with_null,convex,unscaled,0.01,77.56494779908158,176.73837284561597,1.375262300943809,128.51248283641945,1.1575145421185942,80,1.0,1.0000000000000002,0.0,0.0,0.10568493150684931,151221,799,18099,7941,OPTIMAL,7.333774604311283e7,4.377731723609517e7,2.9560428807017475e7,0.0,0.0,326506,894074,OPTIMAL,6.719305031934331e7,4.377731723609517e7,2.3415733083249334e7,0.0,0.0,1489306,3959534,0.0,0.0,0.00551125,4.036278375,0.453223083,1.869549792,62.661861167,0.268322291
tyndp/gep_80_24_convex_hull_with_null_conical_0.01,505263,80,24,convex_hull_with_null,conical,unscaled,0.01,75.22439458441359,176.73837284561597,1.375262300943809,128.51248283641945,1.1575145421185942,80,0.9841228177690953,1.1747577867639074,0.3178082191780822,0.46301369863013697,0.10732876712328768,152995,873,18099,7941,OPTIMAL,7.373867125988509e7,4.372218304942098e7,3.0016488210462652e7,0.0,0.0,326506,894074,OPTIMAL,6.720927750020286e7,4.372218304942098e7,2.3487094450799413e7,0.0,0.0,1489306,3959534,0.0,0.0,0.005195167,3.266570417,0.317703708,1.673090334,122.45172625,0.268322291
tyndp/gep_80_24_convex_hull_with_null_conical_bounded_0.01,505263,80,24,convex_hull_with_null,conical_bounded,unscaled,0.01,76.12582312058423,176.73837284561597,1.375262300943809,128.51248283641945,1.1575145421185942,80,0.963677835494652,1.0000000000000002,0.0,0.7041095890410959,0.10404109589041095,150944,801,18099,7941,OPTIMAL,7.204739652232087e7,4.3711782806864865e7,2.833561371545461e7,0.0,0.0,326506,894074,OPTIMAL,6.714192676028636e7,4.3711782806864865e7,2.343014395345595e7,0.0,0.0,1489306,3959534,0.0,0.0,0.005245375,4.279032417,0.444657125,1.868382917,84.656272584,0.268322291
tyndp/gep_80_24_conical_hull_dirac_0.01,505263,80,24,conical_hull,dirac,unscaled,0.01,123.74263031794906,152.61513520481208,1.3660260652735423,111.72197887325919,1.1872714821214692,80,1.0,1.0,0.0,0.0,0.0125,0,0,17089,8586,OPTIMAL,6.94157047311124e7,4.3476163421323515e7,2.5939541309788387e7,0.0,0.0,326506,894074,OPTIMAL,6.813798576628457e7,4.3476163421323515e7,2.4661822344949767e7,0.0,0.0,1489306,3959534,0.0,0.0,0.00514075,2.334949083,1.875e-6,1.616934958,35.179836584,0.268322291
tyndp/gep_80_24_conical_hull_convex_0.01,505263,80,24,conical_hull,convex,unscaled,0.01,81.35704256450359,152.61513520481208,1.3660260652735423,111.72197887325919,1.1872714821214692,80,1.0,1.0000000000000004,0.0,0.0,0.10291095890410959,129990,741,17089,8586,OPTIMAL,7.200680271020158e7,4.3887634420894764e7,2.8119168289305687e7,0.0,0.0,326506,894074,OPTIMAL,6.812689472042924e7,4.3887634420894764e7,2.4239260299514506e7,0.0,0.0,1489306,3959534,0.0,0.0,0.005175,2.38866225,0.390677958,1.814761875,99.485472125,0.268322291
tyndp/gep_80_24_conical_hull_conical_0.01,505263,80,24,conical_hull,conical,unscaled,0.01,75.6349854190382,152.61513520481208,1.3660260652735423,111.72197887325919,1.1872714821214692,80,1.0720180000398978,1.314457589772681,0.6958904109589041,0.08493150684931507,0.11393835616438357,141161,881,17089,8586,OPTIMAL,7.497884286365016e7,4.422233448476255e7,3.075650837888609e7,0.0,0.0,326506,894074,OPTIMAL,6.82708278950171e7,4.422233448476255e7,2.404849341024371e7,0.0,0.0,1489306,3959534,0.0,0.0,0.00525275,1.593212792,0.285213958,1.683556208,73.238630166,0.268322291
tyndp/gep_80_24_conical_hull_conical_bounded_0.01,505263,80,24,conical_hull,conical_bounded,unscaled,0.01,81.664482643011,152.61513520481208,1.3660260652735423,111.72197887325919,1.1872714821214692,80,0.9916686672394828,1.0000000000000002,0.0,0.5342465753424658,0.10246575342465754,129919,721,17089,8586,OPTIMAL,7.189204664013779e7,4.374569594462806e7,2.8146350695510432e7,0.0,0.0,326506,894074,OPTIMAL,6.803325424295896e7,4.374569594462806e7,2.4287558298334528e7,0.0,0.0,1489306,3959534,0.0,0.0,0.005531625,2.436800375,0.384874583,1.644899833,100.908859083,0.268322291
tyndp/gep_1_8760_k_means_dirac_0.01_economic,570629,1,8760,k_means,dirac,economic,0.01,0.0,1.0,1.0,1.0,1.0,1,1.0,1.0,0.0,0.0,1.0,0,0,0,0,OPTIMAL,6.6152486747575805e7,4.2178614801414296e7,2.397387194609671e7,0.0,0.0,1489306,3959534,N/A,,,,,,0,0,0.0,0.0,0.004748791,0.2140215,9.58e-7,7.350978375,72.492031292,0.269930042
tyndp/gep_10_24_k_means_dirac_0.01_economic,570629,10,24,k_means,dirac,economic,0.01,797602.8273690714,386940.8286315644,7183.197636712873,53.86749024611742,1.0431406976066442,10,1.0,1.0,0.0,0.0,0.1,0,0,0,0,OPTIMAL,4.999920159168731e7,3.4323453637824304e7,1.5675747953863336e7,0.0,0.0,40906,141154,OPTIMAL,5.097536831850146e8,3.4323453637824304e7,4.754302295472566e8,0.0,0.0,1489306,3959534,0.0,0.0,0.005016833,0.171184375,1.916e-6,0.553899041,1.49655325,0.269930042
tyndp/gep_10_24_k_means_convex_0.01_economic,570629,10,24,k_means,convex,economic,0.01,761048.2488422986,386940.8286315644,7183.197636712873,53.86749024611742,1.0431406976066442,10,1.0,1.0000000000000002,0.0,0.0,0.28356164383561644,149742,1139,0,0,OPTIMAL,4.982305425882228e7,3.43187346854504e7,1.5504319573371734e7,0.0,0.0,40906,141154,OPTIMAL,5.070815273523884e8,3.43187346854504e7,4.727627926668532e8,0.0,0.0,1489306,3959534,0.0,0.0,0.005165208,0.148853875,0.079400083,0.459673708,1.710758333,0.269930042
tyndp/gep_10_24_k_means_conical_0.01_economic,570629,10,24,k_means,conical,economic,0.01,736485.6632212286,386940.8286315644,7183.197636712873,53.86749024611742,1.0431406976066442,10,1.0274629464819476,1.3182262851371673,0.6136986301369863,0.3863013698630137,0.28493150684931506,179935,1145,0,0,OPTIMAL,5.011299038881852e7,3.4141250649205476e7,1.597173973961299e7,0.0,0.0,40906,141154,OPTIMAL,4.9331031027479094e8,3.4141250649205476e7,4.591690596256166e8,0.0,0.0,1489306,3959534,0.0,0.0,0.005159792,0.150699792,0.502017792,0.502090042,1.79778,0.269930042
tyndp/gep_10_24_k_means_conical_bounded_0.01_economic,570629,10,24,k_means,conical_bounded,economic,0.01,753069.2899196306,386940.8286315644,7183.197636712873,53.86749024611742,1.0431406976066442,10,0.9659207273913596,1.0,0.0,0.42191780821917807,0.27972602739726027,159049,1107,0,0,OPTIMAL,4.943091854924115e7,3.409336940677534e7,1.533754914246565e7,0.0,0.0,40906,141154,OPTIMAL,5.0912662202537453e8,3.409336940677534e7,4.7503325261870664e8,0.0,0.0,1489306,3959534,0.0,0.0,0.0052,0.154637,0.06690125,0.52127175,1.651527667,0.269930042
tyndp/gep_10_24_k_medoids_dirac_0.01_economic,570629,10,24,k_medoids,dirac,economic,0.01,967976.1325513525,406571.71946169564,18834.0174598292,21.587094751763214,1.0886095771510578,10,1.0,1.0,0.0,0.0,0.1,0,0,0,0,OPTIMAL,5.751071071951372e7,4.187691568136834e7,1.5633795038145203e7,0.0,0.0,40906,141154,OPTIMAL,2.4924813302969503e8,4.187691568136834e7,2.073712173483763e8,0.0,0.0,1489306,3959534,0.0,0.0,0.005231,0.152009958,1.709e-6,0.502958208,1.627555834,0.269930042
tyndp/gep_10_24_k_medoids_convex_0.01_economic,570629,10,24,k_medoids,convex,economic,0.01,802064.2115610966,406571.71946169564,18834.0174598292,21.587094751763214,1.0886095771510578,10,1.0,1.0000000000000002,0.0,0.0,0.4728767123287671,144006,709,0,0,OPTIMAL,5.753455797411121e7,4.1885383614174746e7,1.5649174359936252e7,0.0,0.0,40906,141154,OPTIMAL,2.6522034984123057e8,4.1885383614174746e7,2.2333496622708797e8,0.0,0.0,1489306,3959534,0.0,0.0,0.005136625,0.162171833,0.124066,0.442115542,1.689553417,0.269930042
tyndp/gep_10_24_k_medoids_conical_0.01_economic,570629,10,24,k_medoids,conical,economic,0.01,780456.8517087394,406571.71946169564,18834.0174598292,21.587094751763214,1.0886095771510578,10,0.9908075290248971,1.2701328078240195,0.4712328767123288,0.5013698630136987,0.4917808219178082,160508,787,0,0,OPTIMAL,5.745228707839097e7,4.165532082585049e7,1.5796966252539799e7,0.0,0.0,40906,141154,OPTIMAL,2.5957802005141848e8,4.165532082585049e7,2.179226992254872e8,0.0,0.0,1489306,3959534,0.0,0.0,0.005194625,0.148594125,0.079028792,0.451290958,1.825845125,0.269930042
tyndp/gep_10_24_k_medoids_conical_bounded_0.01_economic,570629,10,24,k_medoids,conical_bounded,economic,0.01,790917.4256347615,406571.71946169564,18834.0174598292,21.587094751763214,1.0886095771510578,10,0.9413221859399094,1.0,0.0,0.5534246575342465,0.4726027397260274,152082,728,0,0,OPTIMAL,5.712200958995053e7,4.180738252828017e7,1.5314627061670613e7,0.0,0.0,40906,141154,OPTIMAL,2.930156379290514e8,4.180738252828017e7,2.5120825540079284e8,0.0,0.0,1489306,3959534,0.0,0.0,0.005215291,0.153900792,0.062338125,0.464907125,1.691258791,0.269930042
tyndp/gep_10_24_hierarchical_dirac_0.01_economic,570629,10,24,hierarchical,dirac,economic,0.01,1.0118008254262422e6,400631.8760417363,18756.41127533777,21.359729756433463,1.0827897012343377,10,1.0,1.0,0.0,0.0,0.1,0,0,0,0,OPTIMAL,5.314531122615578e7,3.587317735139807e7,1.727213387475762e7,0.0,0.0,40906,141154,OPTIMAL,2.3548273131379104e8,3.587317735139807e7,1.996095539623739e8,0.0,0.0,1489306,3959534,0.0,0.0,0.005172542,0.280759667,1.916e-6,0.45386375,1.425156166,0.269930042
tyndp/gep_10_24_hierarchical_convex_0.01_economic,570629,10,24,hierarchical,convex,economic,0.01,837627.0444272126,400631.8760417363,18756.41127533777,21.359729756433463,1.0827897012343377,10,1.0,1.0000000000000002,0.0,0.0,0.46876712328767123,148064,638,0,0,OPTIMAL,5.362187776107877e7,3.676033142003141e7,1.6861546341047663e7,0.0,0.0,40906,141154,OPTIMAL,2.471883059503118e8,3.676033142003141e7,2.1042797453027418e8,0.0,0.0,1489306,3959534,0.0,0.0,0.005191541,0.159217083,0.182882917,0.443202,1.757461042,0.269930042
tyndp/gep_10_24_hierarchical_conical_0.01_economic,570629,10,24,hierarchical,conical,economic,0.01,806993.2689920596,400631.8760417363,18756.41127533777,21.359729756433463,1.0827897012343377,10,0.968220269231971,1.3275587800635733,0.4,0.5726027397260274,0.4841095890410959,161599,697,0,0,OPTIMAL,5.3658549175336674e7,3.69980682042016e7,1.6660480971135136e7,0.0,0.0,40906,141154,OPTIMAL,2.6382038840834814e8,3.69980682042016e7,2.2682232020420402e8,0.0,0.0,1489306,3959534,0.0,0.0,0.004941625,0.144628333,0.115251,0.651396708,1.680250667,0.269930042
tyndp/gep_10_24_hierarchical_conical_bounded_0.01_economic,570629,10,24,hierarchical,conical_bounded,economic,0.01,819092.5081471299,400631.8760417363,18756.41127533777,21.359729756433463,1.0827897012343377,10,0.9252236343081082,1.0,0.0,0.6109589041095891,0.4638356164383562,154227,688,0,0,OPTIMAL,5.317890694047595e7,3.683770076201116e7,1.634120617846466e7,0.0,0.0,40906,141154,OPTIMAL,2.5785210064911354e8,3.683770076201116e7,2.210143998871263e8,0.0,0.0,1489306,3959534,0.0,0.0,0.005199833,0.155868833,0.527767791,0.440886833,1.951841875,0.269930042
tyndp/gep_10_24_chronological_dirac_0.01_economic,570629,10,24,chronological,dirac,economic,0.01,1.124693064236561e6,387581.5171582128,22397.631602735335,17.304575949489184,1.0948518778466214,10,1.0,1.0,0.0,0.0,0.1,0,0,0,0,OPTIMAL,5.388586373960476e7,3.6373147362352416e7,1.751271637725241e7,0.0,0.0,40906,141154,OPTIMAL,2.416012005555081e8,3.6373147362352416e7,2.05228053193069e8,0.0,0.0,1489306,3959534,0.0,0.0,0.005242291,0.150882542,1.666e-6,0.449530125,1.484686541,0.269930042
tyndp/gep_10_24_chronological_convex_0.01_economic,570629,10,24,chronological,convex,economic,0.01,854000.1059656246,387581.5171582128,22397.631602735335,17.304575949489184,1.0948518778466214,10,1.0,1.0000000000000002,0.0,0.0,0.47698630136986303,142420,589,0,0,OPTIMAL,5.398978499897061e7,3.6227245698002905e7,1.776253930096794e7,0.0,0.0,40906,141154,OPTIMAL,2.311082717872913e8,3.6227245698002905e7,1.9488102608922905e8,0.0,0.0,1489306,3959534,0.0,0.0,0.005218291,0.152635791,0.109558541,0.447935792,1.629578875,0.269930042
tyndp/gep_10_24_chronological_conical_0.01_economic,570629,10,24,chronological,conical,economic,0.01,811371.9427468667,387581.5171582128,22397.631602735335,17.304575949489184,1.0948518778466214,10,0.998669991164037,1.4704810048702281,0.46301369863013697,0.5095890410958904,0.5068493150684932,156428,605,0,0,OPTIMAL,5.388291394139828e7,3.6281145567821294e7,1.760176837357703e7,0.0,0.0,40906,141154,OPTIMAL,2.3643696023820218e8,3.6281145567821294e7,2.0015581467032295e8,0.0,0.0,1489306,3959534,0.0,0.0,0.005203958,0.152528875,0.092279958,0.448180709,1.712274292,0.269930042
tyndp/gep_10_24_chronological_conical_bounded_0.01_economic,570629,10,24,chronological,conical_bounded,economic,0.01,834498.4336902974,387581.5171582128,22397.631602735335,17.304575949489184,1.0948518778466214,10,0.9377794402923466,1.0,0.0,0.589041095890411,0.4778082191780822,147516,614,0,0,OPTIMAL,5.3425996593475886e7,3.6178910345280245e7,1.7247086248195615e7,0.0,0.0,40906,141154,OPTIMAL,2.3708221261430976e8,3.6178910345280245e7,2.009033022689367e8,0.0,0.0,1489306,3959534,0.0,0.0,0.005220958,0.63016275,0.131177625,0.639589583,1.757205375,0.269930042
tyndp/gep_10_24_convex_hull_dirac_0.01_economic,570629,10,24,convex_hull,dirac,economic,0.01,1.1758992386360324e6,422563.7333157672,26303.417398818423,16.06497463461722,1.1841550207832412,10,1.0,1.0,0.0,0.0,0.1,0,0,856,2384,OPTIMAL,7.065319548428698e7,4.0642414997443005e7,3.0010780486843884e7,0.0,0.0,40906,141154,OPTIMAL,1.2239204065502952e8,4.0642414997443005e7,8.17496256576376e7,0.0,0.0,1489306,3959534,0.0,0.0,0.005204292,0.356785792,1.0e-6,0.4088775,1.59502975,0.269930042
tyndp/gep_10_24_convex_hull_convex_0.01_economic,570629,10,24,convex_hull,convex,economic,0.01,800113.0061073564,422563.7333157672,26303.417398818423,16.06497463461722,1.1841550207832412,10,1.0,1.0000000000000002,0.0,0.0,0.5484931506849315,111497,477,856,2384,OPTIMAL,7.408101969788168e7,4.223520726621472e7,3.184581243166653e7,0.0,0.0,40906,141154,OPTIMAL,1.231947652459867e8,4.223520726621472e7,8.095955797979738e7,0.0,0.0,1489306,3959534,0.0,0.0,0.005239459,0.867031666,0.112351792,0.648745125,1.464693917,0.269930042
tyndp/gep_10_24_convex_hull_conical_0.01_economic,570629,10,24,convex_hull,conical,economic,0.01,759178.6067531984,422563.7333157672,26303.417398818423,16.06497463461722,1.1841550207832412,10,0.9057111413385893,1.239225157602805,0.2493150684931507,0.7232876712328767,0.5638356164383561,123983,537,856,2384,OPTIMAL,7.391370095437267e7,4.235351381548613e7,3.1560187138886973e7,0.0,0.0,40906,141154,OPTIMAL,1.2529011623827371e8,4.235351381548613e7,8.293660242277595e7,0.0,0.0,1489306,3959534,0.0,0.0,0.005231709,0.857615292,0.097911375,0.645071458,1.671742875,0.269930042
tyndp/gep_10_24_convex_hull_conical_bounded_0.01_economic,570629,10,24,convex_hull,conical_bounded,economic,0.01,765983.2016778797,422563.7333157672,26303.417398818423,16.06497463461722,1.1841550207832412,10,0.883402814972033,1.0,0.0,0.7698630136986301,0.5504109589041096,121934,561,856,2384,OPTIMAL,7.289603223834385e7,4.224140971678712e7,3.0654622521557033e7,0.0,0.0,40906,141154,OPTIMAL,1.2471921083216229e8,4.224140971678712e7,8.247780111542732e7,0.0,0.0,1489306,3959534,0.0,0.0,0.005215,0.913089166,0.228003542,0.444411625,1.863861292,0.269930042
tyndp/gep_10_24_convex_hull_with_null_dirac_0.01_economic,570629,10,24,convex_hull_with_null,dirac,economic,0.01,1.1761483921798877e6,433888.8094511438,28824.584638005068,15.052734146915116,1.1846915928156243,10,1.0,1.0,0.0,0.0,0.1,0,0,862,2743,OPTIMAL,9.911861399757758e7,4.774006785566105e7,5.137854614191623e7,0.0,0.0,40906,141154,OPTIMAL,7.75805961985362e7,4.774006785566105e7,2.984052834290656e7,0.0,0.0,1489306,3959534,0.0,0.0,0.005581417,1.027724834,1.042e-6,0.424918459,1.679590292,0.269930042
tyndp/gep_10_24_convex_hull_with_null_convex_0.01_economic,570629,10,24,convex_hull_with_null,convex,economic,0.01,811433.1899717469,433888.8094511438,28824.584638005068,15.052734146915116,1.1846915928156243,10,1.0,1.0000000000000002,0.0,0.0,0.5364383561643835,113322,503,862,2743,OPTIMAL,1.0429243813247648e8,4.798426684244336e7,5.6308171290032595e7,0.0,0.0,40906,141154,OPTIMAL,8.079086568792671e7,4.798426684244336e7,3.2806598845484816e7,0.0,0.0,1489306,3959534,0.0,0.0,0.005131875,0.369305583,0.04432675,0.460601083,1.883849333,0.269930042
tyndp/gep_10_24_convex_hull_with_null_conical_0.01_economic,570629,10,24,convex_hull_with_null,conical,economic,0.01,746375.5429930083,433888.8094511438,28824.584638005068,15.052734146915116,1.1846915928156243,10,0.9111365953564069,1.2497566637212927,0.2602739726027397,0.7123287671232876,0.5473972602739726,128444,512,862,2743,OPTIMAL,9.315712955690654e7,4.613118907950697e7,4.702594047740033e7,0.0,0.0,40906,141154,OPTIMAL,7.988154497724096e7,4.613118907950697e7,3.3750355897729374e7,0.0,0.0,1489306,3959534,0.0,0.0,0.005591375,0.375574917,0.03099425,0.500742916,1.722709667,0.269930042
tyndp/gep_10_24_convex_hull_with_null_conical_bounded_0.01_economic,570629,10,24,convex_hull_with_null,conical_bounded,economic,0.01,752595.3893334902,433888.8094511438,28824.584638005068,15.052734146915116,1.1846915928156243,10,0.8867170248395052,1.0,0.0,0.7753424657534247,0.5378082191780822,126182,489,862,2743,OPTIMAL,8.999748756956628e7,4.614062716195378e7,4.385686040761259e7,0.0,0.0,40906,141154,OPTIMAL,8.091792043479437e7,4.614062716195378e7,3.477729327285517e7,0.0,0.0,1489306,3959534,0.0,0.0,0.005134625,1.045731667,0.05159,0.492752542,1.965654375,0.269930042
tyndp/gep_10_24_conical_hull_dirac_0.01_economic,570629,10,24,conical_hull,dirac,economic,0.01,1.1833146240368315e6,322125.3016914302,29679.10527427817,10.85360554890463,1.272620095674998,10,1.0,1.0,0.0,0.0,0.1,0,0,660,2580,OPTIMAL,8.429038772634493e7,4.354088191759957e7,4.074950580874546e7,0.0,0.0,40906,141154,OPTIMAL,7.552741759768063e7,4.354088191759957e7,3.198653568005479e7,0.0,0.0,1489306,3959534,0.0,0.0,0.005134625,0.272128833,1.125e-6,0.409645084,1.492034208,0.269930042
tyndp/gep_10_24_conical_hull_convex_0.01_economic,570629,10,24,conical_hull,convex,economic,0.01,886798.8962593311,322125.3016914302,29679.10527427817,10.85360554890463,1.272620095674998,10,1.0,1.0000000000000004,0.0,0.0,0.5345205479452054,86926,389,660,2580,OPTIMAL,1.016561889211863e8,4.916337225524466e7,5.249281666594193e7,0.0,0.0,40906,141154,OPTIMAL,7.851356714602815e7,4.916337225524466e7,2.935019489077484e7,0.0,0.0,1489306,3959534,0.0,0.0,0.005260416,0.35485225,0.031851292,0.469140292,1.854750792,0.269930042
tyndp/gep_10_24_conical_hull_conical_0.01_economic,570629,10,24,conical_hull,conical,economic,0.01,772613.1900364424,322125.3016914302,29679.10527427817,10.85360554890463,1.272620095674998,10,1.1997905444525419,1.6637745943216524,0.8657534246575342,0.10684931506849316,0.6232876712328768,103297,433,660,2580,OPTIMAL,9.782681287054212e7,4.837907449547734e7,4.9447738375065364e7,0.0,0.0,40906,141154,OPTIMAL,7.743265126920363e7,4.837907449547734e7,2.9053576773695983e7,0.0,0.0,1489306,3959534,0.0,0.0,0.005181458,0.927731792,0.024071375,0.495897875,1.964623167,0.269930042
tyndp/gep_10_24_conical_hull_conical_bounded_0.01_economic,570629,10,24,conical_hull,conical_bounded,economic,0.01,885579.2264124686,322125.3016914302,29679.10527427817,10.85360554890463,1.272620095674998,10,0.9884018231124145,1.0,0.0,0.24383561643835616,0.5312328767123288,87233,387,660,2580,OPTIMAL,1.0193540834450297e8,4.924311184405093e7,5.269229650045198e7,0.0,0.0,40906,141154,OPTIMAL,8.008617723767984e7,4.924311184405093e7,3.084306539362593e7,0.0,0.0,1489306,3959534,0.0,0.0,0.005252959,0.270489167,0.034034458,0.469806166,1.963832,0.269930042
tyndp/gep_20_24_k_means_dirac_0.01_economic,570629,20,24,k_means,dirac,economic,0.01,753410.9018648476,560167.6924300548,5404.692168594896,103.64469889423624,1.0525829689191728,20,1.0,1.0,0.0,0.0,0.05,0,0,0,0,OPTIMAL,5.183530043260913e7,3.482711676333699e7,1.7008183669272665e7,0.0,0.0,81706,248714,OPTIMAL,2.2089651486670735e8,3.482711676333699e7,1.8606939810332364e8,0.0,0.0,1489306,3959534,0.0,0.0,0.005151709,0.156042042,1.084e-6,0.538305209,5.4199495,0.269930042
tyndp/gep_20_24_k_means_convex_0.01_economic,570629,20,24,k_means,convex,economic,0.01,708922.0462216774,560167.6924300548,5404.692168594896,103.64469889423624,1.0525829689191728,20,1.0,1.0000000000000002,0.0,0.0,0.17452054794520547,254029,1620,0,0,OPTIMAL,5.187565735537682e7,3.497209027223017e7,1.6903567083146356e7,0.0,0.0,81706,248714,OPTIMAL,2.2195042683036032e8,3.497209027223017e7,1.8697833655801204e8,0.0,0.0,1489306,3959534,0.0,0.0,0.005216292,0.27774,0.680523167,0.740556125,12.988019875,0.269930042
tyndp/gep_20_24_k_means_conical_0.01_economic,570629,20,24,k_means,conical,economic,0.01,689492.5210060391,560167.6924300548,5404.692168594896,103.64469889423624,1.0525829689191728,20,1.0132954586763037,1.2924343322533214,0.5835616438356165,0.41643835616438357,0.17931506849315068,297133,1840,0,0,OPTIMAL,5.2025929864842534e7,3.5068659945486695e7,1.6957269919356097e7,0.0,0.0,81706,248714,OPTIMAL,2.2518776839025024e8,3.5068659945486695e7,1.9011910844476986e8,0.0,0.0,1489306,3959534,0.0,0.0,0.005479583,0.164584625,0.170842458,0.581023667,9.74987675,0.269930042
tyndp/gep_20_24_k_means_conical_bounded_0.01_economic,570629,20,24,k_means,conical_bounded,economic,0.01,702553.3129894066,560167.6924300548,5404.692168594896,103.64469889423624,1.0525829689191728,20,0.9667940095736087,1.0000000000000002,0.0,0.4876712328767123,0.17452054794520547,269335,1792,0,0,OPTIMAL,5.1567408818588614e7,3.489459069887149e7,1.6672818119716996e7,0.0,0.0,81706,248714,OPTIMAL,2.2392320000126538e8,3.489459069887149e7,1.8902860930236712e8,0.0,0.0,1489306,3959534,0.0,0.0,0.005213792,0.1594425,0.266159708,0.583891541,12.873146791,0.269930042
tyndp/gep_20_24_k_medoids_dirac_0.01_economic,570629,20,24,k_medoids,dirac,economic,0.01,956486.9617471084,558351.450637404,14579.342348659406,38.29743737986544,1.121168583463404,20,1.0,1.0,0.0,0.0,0.05,0,0,0,0,OPTIMAL,6.483453811453097e7,4.229095256039917e7,2.254358555413192e7,0.0,0.0,81706,248714,OPTIMAL,1.7120632269845206e8,4.229095256039917e7,1.2891537013811651e8,0.0,0.0,1489306,3959534,0.0,0.0,0.005116917,0.150030208,1.833e-6,0.565114209,6.513757542,0.269930042
tyndp/gep_20_24_k_medoids_convex_0.01_economic,570629,20,24,k_medoids,convex,economic,0.01,742501.5718917304,558351.450637404,14579.342348659406,38.29743737986544,1.121168583463404,20,1.0,1.0000000000000002,0.0,0.0,0.30602739726027395,209911,960,0,0,OPTIMAL,6.935123134214158e7,4.286213173182822e7,2.6489099610313423e7,0.0,0.0,81706,248714,OPTIMAL,1.7002712115605918e8,4.286213173182822e7,1.271649894243561e8,0.0,0.0,1489306,3959534,0.0,0.0,0.0052295,0.277008333,0.836781792,0.619496333,12.916213042,0.269930042
tyndp/gep_20_24_k_medoids_conical_0.01_economic,570629,20,24,k_medoids,conical,economic,0.01,718178.2987664895,558351.450637404,14579.342348659406,38.29743737986544,1.121168583463404,20,0.9975240200929233,1.2935363426530753,0.4520547945205479,0.4931506849315068,0.32095890410958905,229458,1068,0,0,OPTIMAL,6.979140726191747e7,4.229825241378432e7,2.7493154848133393e7,0.0,0.0,81706,248714,OPTIMAL,1.6696439679559067e8,4.229825241378432e7,1.2466614438190791e8,0.0,0.0,1489306,3959534,0.0,0.0,0.005286833,0.218420959,0.097580125,0.600775459,14.688959959,0.269930042
tyndp/gep_20_24_k_medoids_conical_bounded_0.01_economic,570629,20,24,k_medoids,conical_bounded,economic,0.01,730631.8019008811,558351.450637404,14579.342348659406,38.29743737986544,1.121168583463404,20,0.94735578401191,1.0000000000000002,0.0,0.6219178082191781,0.30424657534246574,217568,999,0,0,OPTIMAL,6.774661907598259e7,4.088728295188819e7,2.6859336124094408e7,0.0,0.0,81706,248714,OPTIMAL,1.9333731785634243e8,4.088728295188819e7,1.5245003490449864e8,0.0,0.0,1489306,3959534,0.0,0.0,0.005181916,0.152182,0.214576041,0.675603333,15.298139917,0.269930042
tyndp/gep_20_24_hierarchical_dirac_0.01_economic,570629,20,24,hierarchical,dirac,economic,0.01,958642.013119773,555197.3822082604,14753.518474686125,37.63152384028665,1.1153349136899398,20,1.0,1.0,0.0,0.0,0.05,0,0,0,0,OPTIMAL,6.2501254016995616e7,4.153156519079326e7,2.0969688826202497e7,0.0,0.0,81706,248714,OPTIMAL,9.495047614426096e7,4.153156519079326e7,5.3418910953515425e7,0.0,0.0,1489306,3959534,0.0,0.0,0.005195333,0.230994667,1.666e-6,0.561177666,5.353840708,0.269930042
tyndp/gep_20_24_hierarchical_convex_0.01_economic,570629,20,24,hierarchical,convex,economic,0.01,732565.5830529598,555197.3822082604,14753.518474686125,37.63152384028665,1.1153349136899398,20,1.0,1.0000000000000002,0.0,0.0,0.2979452054794521,229519,989,0,0,OPTIMAL,6.3849989983951695e7,3.903682946740821e7,2.4813160516543582e7,0.0,0.0,81706,248714,OPTIMAL,9.747612826930363e7,3.903682946740821e7,5.8439298801869765e7,0.0,0.0,1489306,3959534,0.0,0.0,0.005153917,0.153533459,0.848168459,0.631791875,13.117492208,0.269930042
tyndp/gep_20_24_hierarchical_conical_0.01_economic,570629,20,24,hierarchical,conical,economic,0.01,705145.7018532353,555197.3822082604,14753.518474686125,37.63152384028665,1.1153349136899398,20,1.0139757871932769,1.457530557603171,0.5178082191780822,0.4273972602739726,0.31602739726027396,247955,1043,0,0,OPTIMAL,6.430880487210661e7,3.9147018597102635e7,2.5161786275004424e7,0.0,0.0,81706,248714,OPTIMAL,9.38867153515911e7,3.9147018597102635e7,5.473969675452267e7,0.0,0.0,1489306,3959534,0.0,0.0,0.005199917,0.151932416,0.605850167,0.764388792,16.747024959,0.269930042
tyndp/gep_20_24_hierarchical_conical_bounded_0.01_economic,570629,20,24,hierarchical,conical_bounded,economic,0.01,721942.7799964669,555197.3822082604,14753.518474686125,37.63152384028665,1.1153349136899398,20,0.9564279636073543,1.0000000000000002,0.0,0.5342465753424658,0.2984931506849315,233250,1020,0,0,OPTIMAL,6.325159643820762e7,3.874655202538837e7,2.4505044412819076e7,0.0,0.0,81706,248714,OPTIMAL,9.80777895093836e7,3.874655202538837e7,5.933123748391535e7,0.0,0.0,1489306,3959534,0.0,0.0,0.005250417,0.620429458,0.392575458,0.597050584,21.617009375,0.269930042
tyndp/gep_20_24_chronological_dirac_0.01_economic,570629,20,24,chronological,dirac,economic,0.01,1.0857749928973606e6,551836.9970081598,16668.07937637411,33.10741355061891,1.1022657010364123,20,1.0,1.0,0.0,0.0,0.05,0,0,0,0,OPTIMAL,6.318004258850951e7,4.016376965519449e7,2.3016272933314353e7,0.0,0.0,81706,248714,OPTIMAL,1.7532633139645588e8,4.016376965519449e7,1.3516256174133557e8,0.0,0.0,1489306,3959534,0.0,0.0,0.005473166,0.605486542,1.042e-6,0.851720167,2.633727125,0.269930042
tyndp/gep_20_24_chronological_convex_0.01_economic,570629,20,24,chronological,convex,economic,0.01,770034.0774703614,551836.9970081598,16668.07937637411,33.10741355061891,1.1022657010364123,20,1.0,1.0000000000000002,0.0,0.0,0.2949315068493151,226715,977,0,0,OPTIMAL,6.4726439870746925e7,4.46045998618998e7,2.012184000884782e7,0.0,0.0,81706,248714,OPTIMAL,1.4150286729284552e8,4.46045998618998e7,9.68982674309402e7,0.0,0.0,1489306,3959534,0.0,0.0,0.005234375,0.149292416,0.195896833,0.633980625,16.996308209,0.269930042
tyndp/gep_20_24_chronological_conical_0.01_economic,570629,20,24,chronological,conical,economic,0.01,737145.5446304065,551836.9970081598,16668.07937637411,33.10741355061891,1.1022657010364123,20,1.001172475083696,1.337113229093547,0.4657534246575342,0.4794520547945205,0.30917808219178083,241089,982,0,0,OPTIMAL,6.402264766203312e7,4.364582188150909e7,2.0376825780523553e7,0.0,0.0,81706,248714,OPTIMAL,1.3415588685554571e8,4.364582188150909e7,9.051006497398597e7,0.0,0.0,1489306,3959534,0.0,0.0,0.005236042,0.145808375,0.10263225,0.714702583,15.555183375,0.269930042
tyndp/gep_20_24_chronological_conical_bounded_0.01_economic,570629,20,24,chronological,conical_bounded,economic,0.01,754475.5938774995,551836.9970081598,16668.07937637411,33.10741355061891,1.1022657010364123,20,0.9478470637644199,1.0000000000000002,0.0,0.6191780821917808,0.2928767123287671,229396,966,0,0,OPTIMAL,6.271484470261947e7,4.0037727823647015e7,2.2677116878972292e7,0.0,0.0,81706,248714,OPTIMAL,1.5203532358727145e8,4.0037727823647015e7,1.1199759576362126e8,0.0,0.0,1489306,3959534,0.0,0.0,0.005139417,0.221942084,0.195383917,0.588442459,14.641955875,0.269930042
tyndp/gep_20_24_convex_hull_dirac_0.01_economic,570629,20,24,convex_hull,dirac,economic,0.01,1.0530406846551264e6,580457.9086605712,19223.56576391385,30.195121747402183,1.1866595228343426,20,1.0,1.0,0.0,0.0,0.05,0,0,2658,4087,OPTIMAL,6.938549184297808e7,4.342577797142856e7,2.5959713871549945e7,0.0,0.0,81706,248714,OPTIMAL,6.953446359601972e7,4.342577797142856e7,2.610868562457011e7,0.0,0.0,1489306,3959534,0.0,0.0,0.005213916,0.887136167,1.084e-6,0.596225958,6.245951125,0.269930042
tyndp/gep_20_24_convex_hull_convex_0.01_economic,570629,20,24,convex_hull,convex,economic,0.01,683459.8527404695,580457.9086605712,19223.56576391385,30.195121747402183,1.1866595228343426,20,1.0,1.0000000000000002,0.0,0.0,0.36205479452054795,190537,821,2658,4087,OPTIMAL,7.303985993798667e7,4.353973974599448e7,2.9500120191992193e7,0.0,0.0,81706,248714,OPTIMAL,6.945357716091378e7,4.353973974599448e7,2.5913837414935295e7,0.0,0.0,1489306,3959534,0.0,0.0,0.005240167,0.847799,0.155718542,0.652054625,12.106717833,0.269930042
tyndp/gep_20_24_convex_hull_conical_0.01_economic,570629,20,24,convex_hull,conical,economic,0.01,664115.3907641929,580457.9086605712,19223.56576391385,30.195121747402183,1.1866595228343426,20,0.9849790778169613,1.2752618581582316,0.4301369863013699,0.5150684931506849,0.37246575342465754,205929,851,2658,4087,OPTIMAL,7.473986658558322e7,4.3477183172872946e7,3.1262683412710357e7,0.0,0.0,81706,248714,OPTIMAL,6.990294223932886e7,4.3477183172872946e7,2.6425759066470735e7,0.0,0.0,1489306,3959534,0.0,0.0,0.005135958,0.809415708,0.085257083,0.641882167,13.825926792,0.269930042
tyndp/gep_20_24_convex_hull_conical_bounded_0.01_economic,570629,20,24,convex_hull,conical_bounded,economic,0.01,673420.9255343194,580457.9086605712,19223.56576391385,30.195121747402183,1.1866595228343426,20,0.945183653011994,1.0000000000000002,0.0,0.6575342465753424,0.35726027397260274,198127,841,2658,4087,OPTIMAL,7.347142877042364e7,4.346753476630092e7,3.0003894004122425e7,0.0,0.0,81706,248714,OPTIMAL,6.965755420741616e7,4.346753476630092e7,2.6190019441112302e7,0.0,0.0,1489306,3959534,0.0,0.0,0.005547416,0.833086958,0.163458584,0.663571834,18.040827208,0.269930042
tyndp/gep_20_24_convex_hull_with_null_dirac_0.01_economic,570629,20,24,convex_hull_with_null,dirac,economic,0.01,1.0660762542995298e6,609777.8048711139,20083.12408642919,30.362696672434556,1.1795194329739698,20,1.0,1.0,0.0,0.0,0.05,0,0,2755,4355,OPTIMAL,7.019877827429333e7,4.349273499130438e7,2.6706043282989465e7,0.0,0.0,81706,248714,OPTIMAL,6.738068159774761e7,4.349273499130438e7,2.3887946606440246e7,0.0,0.0,1489306,3959534,0.0,0.0,0.005170792,1.484719041,1.167e-6,0.561987583,5.43665,0.269930042
tyndp/gep_20_24_convex_hull_with_null_convex_0.01_economic,570629,20,24,convex_hull_with_null,convex,economic,0.01,721756.1027226945,609777.8048711139,20083.12408642919,30.362696672434556,1.1795194329739698,20,1.0,1.0000000000000002,0.0,0.0,0.3476712328767123,196111,827,2755,4355,OPTIMAL,8.808501278265828e7,4.779569407617813e7,4.028931870648032e7,0.0,0.0,81706,248714,OPTIMAL,7.135899721637711e7,4.779569407617813e7,2.356330314019109e7,0.0,0.0,1489306,3959534,0.0,0.0,0.005229208,1.453512875,0.117788458,0.631615375,16.555207333,0.269930042
tyndp/gep_20_24_convex_hull_with_null_conical_0.01_economic,570629,20,24,convex_hull_with_null,conical,economic,0.01,664034.4914377483,609777.8048711139,20083.12408642919,30.362696672434556,1.1795194329739698,20,0.9321831186611244,1.269143660200941,0.3287671232876712,0.6164383561643836,0.3593150684931507,205543,920,2755,4355,OPTIMAL,8.318534547372106e7,4.592413549456909e7,3.726120997915185e7,0.0,0.0,81706,248714,OPTIMAL,6.998791732876846e7,4.592413549456909e7,2.4063781834215585e7,0.0,0.0,1489306,3959534,0.0,0.0,0.005263292,1.469313209,0.073955959,0.62047275,19.310182042,0.269930042
tyndp/gep_20_24_convex_hull_with_null_conical_bounded_0.01_economic,570629,20,24,convex_hull_with_null,conical_bounded,economic,0.01,673197.7191915738,609777.8048711139,20083.12408642919,30.362696672434556,1.1795194329739698,20,0.9036162451274709,1.0000000000000002,0.0,0.7561643835616438,0.34876712328767123,203168,857,2755,4355,OPTIMAL,7.98930539071528e7,4.464279342262296e7,3.525026048452995e7,0.0,0.0,81706,248714,OPTIMAL,6.903430816611645e7,4.464279342262296e7,2.4391514743461516e7,0.0,0.0,1489306,3959534,0.0,0.0,0.005174625,1.453153791,0.130052792,0.617593292,18.084031459,0.269930042
tyndp/gep_20_24_conical_hull_dirac_0.01_economic,570629,20,24,conical_hull,dirac,economic,0.01,1.115835788131736e6,443946.8699342045,19005.224107725866,23.35920204980558,1.2584326060502244,20,1.0,1.0,0.0,0.0,0.05,0,0,2398,4347,OPTIMAL,7.996093751422045e7,4.136785958844638e7,3.859307792577392e7,0.0,0.0,81706,248714,OPTIMAL,7.0571477211797e7,4.136785958844638e7,2.920361762333452e7,0.0,0.0,1489306,3959534,0.0,0.0,0.005193875,0.384596708,1.083e-6,0.545500208,5.235955,0.269930042
tyndp/gep_20_24_conical_hull_convex_0.01_economic,570629,20,24,conical_hull,convex,economic,0.01,831670.3726544824,443946.8699342045,19005.224107725866,23.35920204980558,1.2584326060502244,20,1.0,1.0000000000000002,0.0,0.0,0.3236986301369863,140678,665,2398,4347,OPTIMAL,8.874743964528638e7,4.6069445565615036e7,4.267799407967135e7,0.0,0.0,81706,248714,OPTIMAL,7.246366392656699e7,4.6069445565615036e7,2.6394218360892907e7,0.0,0.0,1489306,3959534,0.0,0.0,0.005517084,0.378922,0.101395584,0.6481355,7.213529208,0.269930042
tyndp/gep_20_24_conical_hull_conical_0.01_economic,570629,20,24,conical_hull,conical,economic,0.01,693057.756526996,443946.8699342045,19005.224107725866,23.35920204980558,1.2584326060502244,20,1.2078729954209468,1.6458538381177565,0.8493150684931506,0.0958904109589041,0.40178082191780823,168987,687,2398,4347,OPTIMAL,8.446500029493684e7,4.380432111979706e7,4.066067917514005e7,0.0,0.0,81706,248714,OPTIMAL,7.093614146073774e7,4.380432111979706e7,2.713182034094905e7,0.0,0.0,1489306,3959534,0.0,0.0,0.005470041,1.139802,0.066892042,0.629193834,15.993701375,0.269930042
tyndp/gep_20_24_conical_hull_conical_bounded_0.01_economic,570629,20,24,conical_hull,conical_bounded,economic,0.01,831834.7275054615,443946.8699342045,19005.224107725866,23.35920204980558,1.2584326060502244,20,0.9912279242000169,1.0000000000000002,0.0,0.3506849315068493,0.3226027397260274,140755,654,2398,4347,OPTIMAL,8.885051062837721e7,4.621155841338289e7,4.26389522149945e7,0.0,0.0,81706,248714,OPTIMAL,7.291567269904901e7,4.621155841338289e7,2.670411428566236e7,0.0,0.0,1489306,3959534,0.0,0.0,0.005217459,1.024850917,0.111789083,0.655374375,7.080640459,0.269930042
tyndp/gep_40_24_k_means_dirac_0.01_economic,570629,40,24,k_means,dirac,economic,0.01,702245.8478124315,794696.853871034,3958.7244733951925,200.7456844273539,1.071900052070455,40,1.0,1.0,0.0,0.0,0.025,0,0,0,0,OPTIMAL,5.430600116159702e7,3.559574900872061e7,1.8710252152875938e7,0.0,0.0,163306,463834,OPTIMAL,1.0428492788999867e8,3.559574900872061e7,6.868917888121386e7,0.0,0.0,1489306,3959534,0.0,0.0,0.005201125,0.160784375,1.5e-6,1.364956083,10.397513959,0.269930042
tyndp/gep_40_24_k_means_convex_0.01_economic,570629,40,24,k_means,convex,economic,0.01,649312.448250271,794696.853871034,3958.7244733951925,200.7456844273539,1.071900052070455,40,1.0,1.0000000000000002,0.0,0.0,0.10986301369863014,393358,2154,0,0,OPTIMAL,5.521350223793263e7,3.6415264833900616e7,1.8798237404031467e7,0.0,0.0,163306,463834,OPTIMAL,9.972171680808613e7,3.6415264833900616e7,6.330645197420202e7,0.0,0.0,1489306,3959534,0.0,0.0,0.005271875,0.157498834,0.603782792,0.98262025,19.950432917,0.269930042
tyndp/gep_40_24_k_means_conical_0.01_economic,570629,40,24,k_means,conical,economic,0.01,629882.8755130927,794696.853871034,3958.7244733951925,200.7456844273539,1.071900052070455,40,1.0173030174242776,1.2591614209308948,0.6,0.4,0.11616438356164384,439797,2422,0,0,OPTIMAL,5.555503221210665e7,3.620231929195053e7,1.935271292015695e7,0.0,0.0,163306,463834,OPTIMAL,9.840562907604012e7,3.620231929195053e7,6.220330978407315e7,0.0,0.0,1489306,3959534,0.0,0.0,0.005212333,0.170297208,0.410525916,0.977496459,19.821637084,0.269930042
tyndp/gep_40_24_k_means_conical_bounded_0.01_economic,570629,40,24,k_means,conical_bounded,economic,0.01,643071.9701057501,794696.853871034,3958.7244733951925,200.7456844273539,1.071900052070455,40,0.9682638148456942,1.0000000000000002,0.0,0.547945205479452,0.10917808219178082,404168,2460,0,0,OPTIMAL,5.514939931135143e7,3.642976578017341e7,1.8719633531178363e7,0.0,0.0,163306,463834,OPTIMAL,9.973828583588694e7,3.642976578017341e7,6.330852005570771e7,0.0,0.0,1489306,3959534,0.0,0.0,0.00546225,0.228912792,0.60055075,0.979002875,20.875763292,0.269930042
tyndp/gep_40_24_k_medoids_dirac_0.01_economic,570629,40,24,k_medoids,dirac,economic,0.01,879610.4642683768,781607.3177238252,10730.12792131571,72.84231124319959,1.1410623430046634,40,1.0,1.0,0.0,0.0,0.025,0,0,0,0,OPTIMAL,6.743789527708913e7,4.347157243996105e7,2.3966322837128725e7,0.0,0.0,163306,463834,OPTIMAL,6.877599609256655e7,4.347157243996105e7,2.5304423652646277e7,0.0,0.0,1489306,3959534,0.0,0.0,0.005219167,0.234315375,8.75e-7,0.888301333,12.075805834,0.269930042
tyndp/gep_40_24_k_medoids_convex_0.01_economic,570629,40,24,k_medoids,convex,economic,0.01,651472.6609605126,781607.3177238252,10730.12792131571,72.84231124319959,1.1410623430046634,40,1.0,1.0000000000000002,0.0,0.0,0.18123287671232877,322146,1481,0,0,OPTIMAL,7.38430307709364e7,4.3660527551196925e7,3.0182503219739396e7,0.0,0.0,163306,463834,OPTIMAL,6.881449172454163e7,4.3660527551196925e7,2.515396417333897e7,0.0,0.0,1489306,3959534,0.0,0.0,0.005143583,0.224925791,0.467444084,0.999208667,22.022131375,0.269930042
tyndp/gep_40_24_k_medoids_conical_0.01_economic,570629,40,24,k_medoids,conical,economic,0.01,628385.0382950784,781607.3177238252,10730.12792131571,72.84231124319959,1.1410623430046634,40,1.0259735144187536,1.3612006429086383,0.5671232876712329,0.3232876712328767,0.1936986301369863,346843,1623,0,0,OPTIMAL,7.58961841797804e7,4.565761025793438e7,3.0238573921845313e7,0.0,0.0,163306,463834,OPTIMAL,6.922210045842806e7,4.565761025793438e7,2.3564490200475946e7,0.0,0.0,1489306,3959534,0.0,0.0,0.005138625,0.155225917,0.353828916,0.93670625,23.708244542,0.269930042
tyndp/gep_40_24_k_medoids_conical_bounded_0.01_economic,570629,40,24,k_medoids,conical_bounded,economic,0.01,644411.6954299433,781607.3177238252,10730.12792131571,72.84231124319959,1.1410623430046634,40,0.9662784312194539,1.0000000000000002,0.0,0.5452054794520548,0.18226027397260275,327785,1501,0,0,OPTIMAL,7.326558981060229e7,4.3444221029015064e7,2.9821368781587627e7,0.0,0.0,163306,463834,OPTIMAL,6.872839377317597e7,4.3444221029015064e7,2.52841727441717e7,0.0,0.0,1489306,3959534,0.0,0.0,0.005225166,0.191144875,0.472129542,0.98225975,20.175042625,0.269930042
tyndp/gep_40_24_hierarchical_dirac_0.01_economic,570629,40,24,hierarchical,dirac,economic,0.01,894045.8819346086,793897.1551504757,9996.195093761442,79.41993405530286,1.1294706936853522,40,1.0,1.0,0.0,0.0,0.025,0,0,0,0,OPTIMAL,6.387705656291582e7,4.068942318613703e7,2.3187633376778223e7,0.0,0.0,163306,463834,OPTIMAL,7.670777715316807e7,4.068942318613703e7,3.60183539669758e7,0.0,0.0,1489306,3959534,0.0,0.0,0.005166084,0.228175875,1.25e-6,0.903586833,12.802402667,0.269930042
tyndp/gep_40_24_hierarchical_convex_0.01_economic,570629,40,24,hierarchical,convex,economic,0.01,645858.7599368312,793897.1551504757,9996.195093761442,79.41993405530286,1.1294706936853522,40,1.0,1.0000000000000004,0.0,0.0,0.17678082191780822,334421,1603,0,0,OPTIMAL,6.42849753277048e7,4.021523300510267e7,2.4069742322602637e7,0.0,0.0,163306,463834,OPTIMAL,7.997148033177502e7,4.021523300510267e7,3.9756247326671004e7,0.0,0.0,1489306,3959534,0.0,0.0,0.00514325,0.151610625,0.512722208,0.911962709,24.869801709,0.269930042
tyndp/gep_40_24_hierarchical_conical_0.01_economic,570629,40,24,hierarchical,conical,economic,0.01,623429.6552996491,793897.1551504757,9996.195093761442,79.41993405530286,1.1294706936853522,40,1.0143417317335386,1.3904104315193866,0.5013698630136987,0.38904109589041097,0.1841095890410959,352028,1609,0,0,OPTIMAL,6.47088105217642e7,4.0515727897280574e7,2.4193082624483388e7,0.0,0.0,163306,463834,OPTIMAL,7.746415284871991e7,4.0515727897280574e7,3.694842495147041e7,0.0,0.0,1489306,3959534,0.0,0.0,0.005211084,0.150183458,0.332550083,0.927606791,26.690800917,0.269930042
tyndp/gep_40_24_hierarchical_conical_bounded_0.01_economic,570629,40,24,hierarchical,conical_bounded,economic,0.01,637975.7185443251,793897.1551504757,9996.195093761442,79.41993405530286,1.1294706936853522,40,0.9617147277833826,1.0000000000000002,0.0,0.5835616438356165,0.17383561643835616,334359,1613,0,0,OPTIMAL,6.352193745339117e7,3.993047538214226e7,2.3591462071249288e7,0.0,0.0,163306,463834,OPTIMAL,7.99678716006464e7,3.993047538214226e7,4.003739621850443e7,0.0,0.0,1489306,3959534,0.0,0.0,0.005177458,0.15138425,0.526817084,1.027035625,24.383989333,0.269930042
tyndp/gep_40_24_chronological_dirac_0.01_economic,570629,40,24,chronological,dirac,economic,0.01,1.0532766718733418e6,787227.3254778087,11840.582247985081,66.48552486612486,1.1252889007653994,40,1.0,1.0,0.0,0.0,0.025,0,0,0,0,OPTIMAL,6.502545686930759e7,4.300815354604532e7,2.201730332326553e7,0.0,0.0,163306,463834,OPTIMAL,9.168434032434255e7,4.300815354604532e7,4.867618677824593e7,0.0,0.0,1489306,3959534,0.0,0.0,0.005152542,0.152645166,1.917e-6,0.851356584,6.439756208,0.269930042
tyndp/gep_40_24_chronological_convex_0.01_economic,570629,40,24,chronological,convex,economic,0.01,669729.8524574473,787227.3254778087,11840.582247985081,66.48552486612486,1.1252889007653994,40,1.0,1.0000000000000002,0.0,0.0,0.1715068493150685,336092,1599,0,0,OPTIMAL,6.4183988708228976e7,4.3823872925439484e7,2.036011578278978e7,0.0,0.0,163306,463834,OPTIMAL,9.186558769532984e7,4.3823872925439484e7,4.8041714769855484e7,0.0,0.0,1489306,3959534,0.0,0.0,0.005485458,0.152711875,0.520457708,0.996655708,27.23226875,0.269930042
tyndp/gep_40_24_chronological_conical_0.01_economic,570629,40,24,chronological,conical,economic,0.01,640832.6508048272,787227.3254778087,11840.582247985081,66.48552486612486,1.1252889007653994,40,0.9930115980512629,1.2875357916794041,0.4520547945205479,0.4383561643835616,0.18082191780821918,351877,1558,0,0,OPTIMAL,6.4080908842632614e7,4.3769650569472566e7,2.0311258273160543e7,0.0,0.0,163306,463834,OPTIMAL,9.043220702580544e7,4.3769650569472566e7,4.66625564562772e7,0.0,0.0,1489306,3959534,0.0,0.0,0.005205375,0.14953375,0.311484375,0.94396775,31.213462625,0.269930042
tyndp/gep_40_24_chronological_conical_bounded_0.01_economic,570629,40,24,chronological,conical_bounded,economic,0.01,655390.192063095,787227.3254778087,11840.582247985081,66.48552486612486,1.1252889007653994,40,0.9498031451172235,1.0000000000000002,0.0,0.6136986301369863,0.17027397260273971,336848,1599,0,0,OPTIMAL,6.3225958735702164e7,4.225374618903353e7,2.0972212546668958e7,0.0,0.0,163306,463834,OPTIMAL,9.395846134178524e7,4.225374618903353e7,5.170471515277796e7,0.0,0.0,1489306,3959534,0.0,0.0,0.005505042,0.148081833,0.526570458,0.940937166,29.7664935,0.269930042
tyndp/gep_40_24_convex_hull_dirac_0.01_economic,570629,40,24,convex_hull,dirac,economic,0.01,967337.3592936341,809317.9601566794,13469.244115464817,60.08636811530164,1.1814863173937136,40,1.0,1.0,0.0,0.0,0.025,0,0,7508,5947,OPTIMAL,7.015006102254528e7,4.2597780472899064e7,2.7552280549647037e7,0.0,0.0,163306,463834,OPTIMAL,6.768441731962128e7,4.2597780472899064e7,2.5086636846760225e7,0.0,0.0,1489306,3959534,0.0,0.0,0.005174709,2.745181,1.666e-6,0.908772333,17.151323708,0.269930042
tyndp/gep_40_24_convex_hull_convex_0.01_economic,570629,40,24,convex_hull,convex,economic,0.01,603469.8251860148,809317.9601566794,13469.244115464817,60.08636811530164,1.1814863173937136,40,1.0,1.0000000000000004,0.0,0.0,0.20568493150684933,291017,1237,7508,5947,OPTIMAL,7.435274451476951e7,4.288842418367293e7,3.146432033109612e7,0.0,0.0,163306,463834,OPTIMAL,6.818720303425823e7,4.288842418367293e7,2.529877885056439e7,0.0,0.0,1489306,3959534,0.0,0.0,0.005512208,2.367941875,0.413370334,0.921054625,21.035349583,0.269930042
tyndp/gep_40_24_convex_hull_conical_0.01_economic,570629,40,24,convex_hull,conical,economic,0.01,584906.079847092,809317.9601566794,13469.244115464817,60.08636811530164,1.1814863173937136,40,1.022892656723423,1.30706603428146,0.5452054794520548,0.3452054794520548,0.21780821917808219,314060,1358,7508,5947,OPTIMAL,7.661062970007986e7,4.329391817639438e7,3.331671152368665e7,0.0,0.0,163306,463834,OPTIMAL,6.807522335402812e7,4.329391817639438e7,2.4781305177606914e7,0.0,0.0,1489306,3959534,0.0,0.0,0.005180167,2.8448045,0.24075575,0.986730166,26.632565125,0.269930042
tyndp/gep_40_24_convex_hull_conical_bounded_0.01_economic,570629,40,24,convex_hull,conical_bounded,economic,0.01,598361.122589136,809317.9601566794,13469.244115464817,60.08636811530164,1.1814863173937136,40,0.9659919745648355,1.0000000000000002,0.0,0.6273972602739726,0.20506849315068493,298498,1350,7508,5947,OPTIMAL,7.434850881372334e7,4.2864458024694785e7,3.148405078902869e7,0.0,0.0,163306,463834,OPTIMAL,6.830301296451509e7,4.2864458024694785e7,2.543855493980155e7,0.0,0.0,1489306,3959534,0.0,0.0,0.005223416,2.368280958,0.422974417,0.947993042,25.6640855,0.269930042
tyndp/gep_40_24_convex_hull_with_null_dirac_0.01_economic,570629,40,24,convex_hull_with_null,dirac,economic,0.01,968898.8916345804,841475.0796845342,11852.38409904447,70.9962715224841,1.1725044111797813,40,1.0,1.0,0.0,0.0,0.025,0,0,7703,6117,OPTIMAL,6.620317837266462e7,4.288707429632832e7,2.331610407633534e7,0.0,0.0,163306,463834,OPTIMAL,6.700993770864227e7,4.288707429632832e7,2.4122863412305348e7,0.0,0.0,1489306,3959534,0.0,0.0,0.005138334,2.703332292,1.916e-6,0.8391415,17.748344208,0.269930042
tyndp/gep_40_24_convex_hull_with_null_convex_0.01_economic,570629,40,24,convex_hull_with_null,convex,economic,0.01,627323.4610020159,841475.0796845342,11852.38409904447,70.9962715224841,1.1725044111797813,40,1.0,1.0000000000000002,0.0,0.0,0.20123287671232876,303500,1453,7703,6117,OPTIMAL,7.300812167547812e7,4.378319373377972e7,2.9224927941698126e7,0.0,0.0,163306,463834,OPTIMAL,6.764081831637858e7,4.378319373377972e7,2.3857624582590338e7,0.0,0.0,1489306,3959534,0.0,0.0,0.00521125,2.43810775,0.42219,0.958746708,37.214565958,0.269930042
tyndp/gep_40_24_convex_hull_with_null_conical_0.01_economic,570629,40,24,convex_hull_with_null,conical,economic,0.01,588096.3781584927,841475.0796845342,11852.38409904447,70.9962715224841,1.1725044111797813,40,0.9671048726093889,1.2572905346497698,0.3589041095890411,0.5315068493150685,0.20616438356164385,317833,1368,7703,6117,OPTIMAL,7.383691508429104e7,4.360760422050582e7,3.022931086378475e7,0.0,0.0,163306,463834,OPTIMAL,6.789299494753553e7,4.360760422050582e7,2.4285390727039915e7,0.0,0.0,1489306,3959534,0.0,0.0,0.005187958,2.556400625,0.279498542,1.022158792,30.626013417,0.269930042
tyndp/gep_40_24_convex_hull_with_null_conical_bounded_0.01_economic,570629,40,24,convex_hull_with_null,conical_bounded,economic,0.01,598724.9154393891,841475.0796845342,11852.38409904447,70.9962715224841,1.1725044111797813,40,0.9307424026166303,1.0000000000000002,0.0,0.7287671232876712,0.19808219178082193,308702,1310,7703,6117,OPTIMAL,7.163234742426045e7,4.346895032911797e7,2.816339709514345e7,0.0,0.0,163306,463834,OPTIMAL,6.791981364438596e7,4.346895032911797e7,2.445086331527288e7,0.0,0.0,1489306,3959534,0.0,0.0,0.005188042,2.853529416,0.401648333,0.935497667,28.556527708,0.269930042
tyndp/gep_40_24_conical_hull_dirac_0.01_economic,570629,40,24,conical_hull,dirac,economic,0.01,1.0353380950987774e6,632004.0764349746,12102.42032567491,52.22129618934136,1.2434972759375331,40,1.0,1.0,0.0,0.0,0.025,0,0,7164,6291,OPTIMAL,7.465218982880054e7,4.727252496737441e7,2.7379664861426592e7,0.0,0.0,163306,463834,OPTIMAL,7.452521166697356e7,4.727252496737441e7,2.7252686699686028e7,0.0,0.0,1489306,3959534,0.0,0.0,0.005220375,0.609139167,1.875e-6,0.915244875,10.287236041,0.269930042
tyndp/gep_40_24_conical_hull_convex_0.01_economic,570629,40,24,conical_hull,convex,economic,0.01,743073.9231441981,632004.0764349746,12102.42032567491,52.22129618934136,1.2434972759375331,40,1.0,1.0000000000000002,0.0,0.0,0.1795890410958904,220253,1185,7164,6291,OPTIMAL,8.334489460355076e7,4.9908320016130716e7,3.3436574587419555e7,0.0,0.0,163306,463834,OPTIMAL,7.493603139527765e7,4.9908320016130716e7,2.5027711379183695e7,0.0,0.0,1489306,3959534,0.0,0.0,0.005579375,0.623531833,0.322633917,0.98726425,24.39918075,0.269930042
tyndp/gep_40_24_conical_hull_conical_0.01_economic,570629,40,24,conical_hull,conical,economic,0.01,617469.2099068221,632004.0764349746,12102.42032567491,52.22129618934136,1.2434972759375331,40,1.1858803711372983,1.615373686240662,0.8191780821917808,0.07123287671232877,0.22726027397260273,270990,1169,7164,6291,OPTIMAL,8.307420579792264e7,4.7759764610901915e7,3.531444118702137e7,0.0,0.0,163306,463834,OPTIMAL,7.258953767774302e7,4.7759764610901915e7,2.4829773066832233e7,0.0,0.0,1489306,3959534,0.0,0.0,0.005177416,0.663233875,0.23473525,1.026841209,24.86053975,0.269930042
tyndp/gep_40_24_conical_hull_conical_bounded_0.01_economic,570629,40,24,conical_hull,conical_bounded,economic,0.01,744087.3581125847,632004.0764349746,12102.42032567491,52.22129618934136,1.2434972759375331,40,0.9924023993286043,1.0000000000000002,0.0,0.410958904109589,0.1791095890410959,220089,1047,7164,6291,OPTIMAL,8.336394907809384e7,4.989289044634729e7,3.3471058631746337e7,0.0,0.0,163306,463834,OPTIMAL,7.503288701864605e7,4.989289044634729e7,2.5139996572275635e7,0.0,0.0,1489306,3959534,0.0,0.0,0.005158667,0.628335334,0.33548475,0.988664166,20.777722375,0.269930042
tyndp/gep_80_24_k_means_dirac_0.01_economic,570629,80,24,k_means,dirac,economic,0.01,631891.4764428245,1.1189828081150453e6,3419.75953429055,327.21096231907575,1.1008906099456934,80,1.0,1.0,0.0,0.0,0.0125,0,0,0,0,OPTIMAL,5.7175579579404056e7,3.748369329367599e7,1.9691886285726372e7,0.0,0.0,326506,894074,OPTIMAL,7.953950135512304e7,3.748369329367599e7,4.205580806144446e7,0.0,0.0,1489306,3959534,0.0,0.0,0.005493333,0.244887042,1.042e-6,1.567631625,32.047636209,0.269930042
tyndp/gep_80_24_k_means_convex_0.01_economic,570629,80,24,k_means,convex,economic,0.01,569096.4570015658,1.1189828081150453e6,3419.75953429055,327.21096231907575,1.1008906099456934,80,1.0,1.0000000000000002,0.0,0.0,0.06626712328767123,571814,3366,0,0,OPTIMAL,5.935999800532875e7,3.878901981883852e7,2.0570978186490595e7,0.0,0.0,326506,894074,OPTIMAL,7.47673171652274e7,3.878901981883852e7,3.5978297346353576e7,0.0,0.0,1489306,3959534,0.0,0.0,0.005174833,0.163951458,1.772698292,1.605129542,100.35424875,0.269930042
tyndp/gep_80_24_k_means_conical_0.01_economic,570629,80,24,k_means,conical,economic,0.01,551832.4685111215,1.1189828081150453e6,3419.75953429055,327.21096231907575,1.1008906099456934,80,1.0214088491675812,1.293166427190219,0.6164383561643836,0.3561643835616438,0.07181506849315068,625955,3208,0,0,OPTIMAL,5.971572522084359e7,3.870277938985923e7,2.101294583098412e7,0.0,0.0,326506,894074,OPTIMAL,7.493513461904462e7,3.870277938985923e7,3.623235522918629e7,0.0,0.0,1489306,3959534,0.0,0.0,0.005254958,0.186771875,1.170893834,1.621787708,104.751839708,0.269930042
tyndp/gep_80_24_k_means_conical_bounded_0.01_economic,570629,80,24,k_means,conical_bounded,economic,0.01,564278.5211774467,1.1189828081150453e6,3419.75953429055,327.21096231907575,1.1008906099456934,80,0.973356200873862,1.0000000000000004,0.0,0.6109589041095891,0.0661986301369863,571667,3366,0,0,OPTIMAL,5.930588892125976e7,3.881526142759841e7,2.049062749366047e7,0.0,0.0,326506,894074,OPTIMAL,7.489387608896403e7,3.881526142759841e7,3.6078614661377296e7,0.0,0.0,1489306,3959534,0.0,0.0,0.005162875,0.200869833,1.773455541,1.577345667,87.380613,0.269930042
tyndp/gep_80_24_k_medoids_dirac_0.01_economic,570629,80,24,k_medoids,dirac,economic,0.01,795654.3994643888,1.1222377588089476e6,7170.053319139478,156.51735194399282,1.1448998418679843,80,1.0,1.0,0.0,0.0,0.0125,0,0,0,0,OPTIMAL,6.240437441219087e7,3.888946994132238e7,2.3514904470869727e7,0.0,0.0,326506,894074,OPTIMAL,7.037244929072882e7,3.888946994132238e7,3.1482979349438313e7,0.0,0.0,1489306,3959534,0.0,0.0,0.005497542,0.193972208,1.0e-6,1.685640625,37.330874833,0.269930042
tyndp/gep_80_24_k_medoids_convex_0.01_economic,570629,80,24,k_medoids,convex,economic,0.01,561921.3417893291,1.1222377588089476e6,7170.053319139478,156.51735194399282,1.1448998418679843,80,1.0,1.0000000000000004,0.0,0.0,0.09325342465753425,453148,2476,0,0,OPTIMAL,6.62169684268516e7,4.105203494767657e7,2.5164933479175504e7,0.0,0.0,326506,894074,OPTIMAL,6.783655160805233e7,4.105203494767657e7,2.6784516660333455e7,0.0,0.0,1489306,3959534,0.0,0.0,0.005421333,0.182989667,1.408285583,1.635785125,64.191878334,0.269930042
tyndp/gep_80_24_k_medoids_conical_0.01_economic,570629,80,24,k_medoids,conical,economic,0.01,540034.9599985555,1.1222377588089476e6,7170.053319139478,156.51735194399282,1.1448998418679843,80,1.0158628520311035,1.2801501425306867,0.4575342465753425,0.3232876712328767,0.10143835616438356,482900,2568,0,0,OPTIMAL,6.73937078763134e7,4.098377037636371e7,2.640993749995027e7,0.0,0.0,326506,894074,OPTIMAL,6.782012574086992e7,4.098377037636371e7,2.683635536447536e7,0.0,0.0,1489306,3959534,0.0,0.0,0.005541791,0.1930245,0.901953791,1.756333959,75.565027708,0.269930042
tyndp/gep_80_24_k_medoids_conical_bounded_0.01_economic,570629,80,24,k_medoids,conical_bounded,economic,0.01,555259.2541287374,1.1222377588089476e6,7170.053319139478,156.51735194399282,1.1448998418679843,80,0.9661556419716272,1.0000000000000002,0.0,0.6027397260273972,0.09342465753424657,458652,2371,0,0,OPTIMAL,6.6035561276909955e7,4.0978258650689825e7,2.505730262621954e7,0.0,0.0,326506,894074,OPTIMAL,6.791205840873185e7,4.0978258650689825e7,2.6933799758023806e7,0.0,0.0,1489306,3959534,0.0,0.0,0.00523975,0.158446,1.476786125,1.704519667,83.815673041,0.269930042
tyndp/gep_80_24_hierarchical_dirac_0.01_economic,570629,80,24,hierarchical,dirac,economic,0.01,798539.0644893756,1.105920294137535e6,7440.207863254373,148.64104800074787,1.146223411751886,80,1.0,1.0,0.0,0.0,0.0125,0,0,0,0,OPTIMAL,6.4794498433803655e7,4.1102043157135665e7,2.36924552766683e7,0.0,0.0,326506,894074,OPTIMAL,6.770853665552655e7,4.1102043157135665e7,2.660649349842045e7,0.0,0.0,1489306,3959534,0.0,0.0,0.005246333,0.178676333,1.917e-6,1.709540166,47.774811667,0.269930042
tyndp/gep_80_24_hierarchical_convex_0.01_economic,570629,80,24,hierarchical,convex,economic,0.01,558807.3527959974,1.105920294137535e6,7440.207863254373,148.64104800074787,1.146223411751886,80,1.0,1.0000000000000002,0.0,0.0,0.09342465753424657,449713,2388,0,0,OPTIMAL,6.722530037001398e7,4.157373197118249e7,2.565156839883099e7,0.0,0.0,326506,894074,OPTIMAL,6.780769924973841e7,4.157373197118249e7,2.6233967278543763e7,0.0,0.0,1489306,3959534,0.0,0.0,0.00521125,0.199130875,1.359293083,1.767694875,119.034272625,0.269930042
tyndp/gep_80_24_hierarchical_conical_0.01_economic,570629,80,24,hierarchical,conical,economic,0.01,537980.0097752269,1.105920294137535e6,7440.207863254373,148.64104800074787,1.146223411751886,80,1.0259028671913353,1.31899931800199,0.4876712328767123,0.29315068493150687,0.10013698630136986,473009,2442,0,0,OPTIMAL,6.823584051127544e7,4.126856566711265e7,2.6967274844162874e7,0.0,0.0,326506,894074,OPTIMAL,6.798578832462348e7,4.126856566711265e7,2.671722265747673e7,0.0,0.0,1489306,3959534,0.0,0.0,0.0051695,0.174893666,1.658524,1.61273025,128.270259583,0.269930042
tyndp/gep_80_24_hierarchical_conical_bounded_0.01_economic,570629,80,24,hierarchical,conical_bounded,economic,0.01,554704.2861532929,1.105920294137535e6,7440.207863254373,148.64104800074787,1.146223411751886,80,0.9720192561812158,1.0000000000000002,0.0,0.5534246575342465,0.0923972602739726,448583,2615,0,0,OPTIMAL,6.6798083093068935e7,4.142474677035893e7,2.537333632271025e7,0.0,0.0,326506,894074,OPTIMAL,6.829797005470835e7,4.142474677035893e7,2.687322328436249e7,0.0,0.0,1489306,3959534,0.0,0.0,0.005188333,0.211346083,1.410696792,1.667771792,116.4879685,0.269930042
tyndp/gep_80_24_chronological_dirac_0.01_economic,570629,80,24,chronological,dirac,economic,0.01,959476.1405021057,1.1075656872721985e6,7030.116525603283,157.5458505187656,1.1369443765553642,80,1.0,1.0,0.0,0.0,0.0125,0,0,0,0,OPTIMAL,6.372477289536736e7,4.145386983003486e7,2.2270903065328386e7,0.0,0.0,326506,894074,OPTIMAL,6.92267527718241e7,4.145386983003486e7,2.7772882941796783e7,0.0,0.0,1489306,3959534,0.0,0.0,0.005167375,0.171258541,1.708e-6,2.013031875,12.337056375,0.269930042
tyndp/gep_80_24_chronological_convex_0.01_economic,570629,80,24,chronological,convex,economic,0.01,574430.1254998135,1.1075656872721985e6,7030.116525603283,157.5458505187656,1.1369443765553642,80,1.0,1.0000000000000002,0.0,0.0,0.09366438356164383,456317,2366,0,0,OPTIMAL,6.294859529432836e7,4.106325056286427e7,2.188534473146327e7,0.0,0.0,326506,894074,OPTIMAL,6.911319589610064e7,4.106325056286427e7,2.8049945333198674e7,0.0,0.0,1489306,3959534,0.0,0.0,0.005202166,0.657444833,1.461878083,1.640567375,109.701770125,0.269930042
tyndp/gep_80_24_chronological_conical_0.01_economic,570629,80,24,chronological,conical,economic,0.01,553252.3026360731,1.1075656872721985e6,7030.116525603283,157.5458505187656,1.1369443765553642,80,1.0286053123375747,1.575235111175296,0.4958904109589041,0.28493150684931506,0.10078767123287671,482577,2402,0,0,OPTIMAL,6.326056205450074e7,4.102591786929513e7,2.223464418520497e7,0.0,0.0,326506,894074,OPTIMAL,6.910669032635584e7,4.102591786929513e7,2.8080772457021993e7,0.0,0.0,1489306,3959534,0.0,0.0,0.0051625,0.146658583,0.917486083,1.781462958,127.824163792,0.269930042
tyndp/gep_80_24_chronological_conical_bounded_0.01_economic,570629,80,24,chronological,conical_bounded,economic,0.01,569790.1936755336,1.1075656872721985e6,7030.116525603283,157.5458505187656,1.1369443765553642,80,0.9729988006788184,1.0000000000000002,0.0,0.547945205479452,0.09410958904109588,460482,2251,0,0,OPTIMAL,6.264072166855582e7,4.1147763208351925e7,2.1492958460205264e7,0.0,0.0,326506,894074,OPTIMAL,6.908241072439617e7,4.1147763208351925e7,2.7934647516034886e7,0.0,0.0,1489306,3959534,0.0,0.0,0.0051825,0.1883155,2.114541875,1.617121375,144.677454875,0.269930042
tyndp/gep_80_24_convex_hull_dirac_0.01_economic,570629,80,24,convex_hull,dirac,economic,0.01,843281.6336204498,1.13098601690806e6,8176.666813720654,138.31871136172956,1.180462648903503,80,1.0,1.0,0.0,0.0,0.0125,0,0,17891,7784,OPTIMAL,6.850671786670153e7,4.291375043523006e7,2.5592967431469318e7,0.0,0.0,326506,894074,OPTIMAL,6.702315637929437e7,4.291375043523006e7,2.410940594404806e7,0.0,0.0,1489306,3959534,0.0,0.0,0.005188375,8.170715875,7.5e-7,1.487668459,41.727155291,0.269930042
tyndp/gep_80_24_convex_hull_convex_0.01_economic,570629,80,24,convex_hull,convex,economic,0.01,515385.32531125814,1.13098601690806e6,8176.666813720654,138.31871136172956,1.180462648903503,80,1.0,1.0000000000000002,0.0,0.0,0.1047945205479452,423266,2111,17891,7784,OPTIMAL,7.141674353391257e7,4.3826835251026176e7,2.758990828288722e7,0.0,0.0,326506,894074,OPTIMAL,6.7064425459634736e7,4.3826835251026176e7,2.3237590208580032e7,0.0,0.0,1489306,3959534,0.0,0.0,0.005187625,8.290258916,1.186486916,1.6946955,74.987690833,0.269930042
tyndp/gep_80_24_convex_hull_conical_0.01_economic,570629,80,24,convex_hull,conical,economic,0.01,496387.4147207392,1.13098601690806e6,8176.666813720654,138.31871136172956,1.180462648903503,80,1.0205529958703354,1.2656341789494567,0.4904109589041096,0.29041095890410956,0.11099315068493151,447066,2300,17891,7784,OPTIMAL,7.334727675320958e7,4.464941578059818e7,2.8697860972609825e7,0.0,0.0,326506,894074,OPTIMAL,6.770728848708637e7,4.464941578059818e7,2.305787270649247e7,0.0,0.0,1489306,3959534,0.0,0.0,0.005200584,7.802226541,0.753883,1.84855,111.9253265,0.269930042
tyndp/gep_80_24_convex_hull_conical_bounded_0.01_economic,570629,80,24,convex_hull,conical_bounded,economic,0.01,511631.871352587,1.13098601690806e6,8176.666813720654,138.31871136172956,1.180462648903503,80,0.9710509116683956,1.0000000000000002,0.0,0.6191780821917808,0.10465753424657534,425267,2111,17891,7784,OPTIMAL,7.130624116560437e7,4.379889911845073e7,2.7507342047154043e7,0.0,0.0,326506,894074,OPTIMAL,6.71546424083329e7,4.379889911845073e7,2.335574328986805e7,0.0,0.0,1489306,3959534,0.0,0.0,0.005157083,8.599901042,1.184842375,1.799623709,90.305007958,0.269930042
tyndp/gep_80_24_convex_hull_with_null_dirac_0.01_economic,570629,80,24,convex_hull_with_null,dirac,economic,0.01,852634.1163179971,1.1550560939101395e6,8070.097622804884,143.1278960797357,1.1756347953275954,80,1.0,1.0,0.0,0.0,0.0125,0,0,17999,8041,OPTIMAL,6.652044104309683e7,4.2388916205636844e7,2.4131524837457076e7,0.0,0.0,326506,894074,OPTIMAL,6.7289305800841e7,4.2388916205636844e7,2.4900389595211755e7,0.0,0.0,1489306,3959534,0.0,0.0,0.005250208,8.818187667,1.959e-6,1.489663916,46.762354167,0.269930042
tyndp/gep_80_24_convex_hull_with_null_convex_0.01_economic,570629,80,24,convex_hull_with_null,convex,economic,0.01,530958.8603739516,1.1550560939101395e6,8070.097622804884,143.1278960797357,1.1756347953275954,80,1.0,1.0000000000000002,0.0,0.0,0.10208904109589041,422095,1995,17999,8041,OPTIMAL,7.095005824515542e7,4.4094510831409745e7,2.685554741374576e7,0.0,0.0,326506,894074,OPTIMAL,6.728448472270225e7,4.4094510831409745e7,2.3189973891302574e7,0.0,0.0,1489306,3959534,0.0,0.0,0.005520125,8.646249875,1.14843,1.579678167,94.943321,0.269930042
tyndp/gep_80_24_convex_hull_with_null_conical_0.01_economic,570629,80,24,convex_hull_with_null,conical,economic,0.01,499387.0824303001,1.1550560939101395e6,8070.097622804884,143.1278960797357,1.1756347953275954,80,0.9883468382213283,1.2523886722140125,0.3561643835616438,0.4246575342465753,0.10910958904109588,449815,2258,17999,8041,OPTIMAL,7.17257963279695e7,4.44029394439375e7,2.732285688403201e7,0.0,0.0,326506,894074,OPTIMAL,6.774766653960484e7,4.44029394439375e7,2.33447270957091e7,0.0,0.0,1489306,3959534,0.0,0.0,0.005144667,8.2279845,0.836194041,1.620531375,77.844197709,0.269930042
tyndp/gep_80_24_convex_hull_with_null_conical_bounded_0.01_economic,570629,80,24,convex_hull_with_null,conical_bounded,economic,0.01,512553.73687868024,1.1550560939101395e6,8070.097622804884,143.1278960797357,1.1756347953275954,80,0.9501715690498801,1.0000000000000002,0.0,0.6356164383561644,0.10263698630136986,434162,2354,17999,8041,OPTIMAL,7.003478066530667e7,4.3949223088826776e7,2.608555757647946e7,0.0,0.0,326506,894074,OPTIMAL,6.724639187196311e7,4.3949223088826776e7,2.3297168783137493e7,0.0,0.0,1489306,3959534,0.0,0.0,0.005249584,8.912155416,1.207435166,1.622231417,105.831495833,0.269930042
tyndp/gep_80_24_conical_hull_dirac_0.01_economic,570629,80,24,conical_hull,dirac,economic,0.01,922104.2164758873,920386.4607424793,7220.2653562854175,127.47266413709579,1.2241591730813757,80,1.0,1.0,0.0,0.0,0.0125,0,0,16886,8789,OPTIMAL,6.885686085430016e7,4.068131843388921e7,2.8175542420411382e7,0.0,0.0,326506,894074,OPTIMAL,6.856664528747974e7,4.068131843388921e7,2.7885326853547152e7,0.0,0.0,1489306,3959534,0.0,0.0,0.005537292,2.428307416,2.0e-6,1.566187541,26.257685333,0.269930042
tyndp/gep_80_24_conical_hull_convex_0.01_economic,570629,80,24,conical_hull,convex,economic,0.01,642665.1713420781,920386.4607424793,7220.2653562854175,127.47266413709579,1.2241591730813757,80,1.0,1.0000000000000002,0.0,0.0,0.0963013698630137,329843,1713,16886,8789,OPTIMAL,7.586612875258683e7,4.3958807168310404e7,3.1907321584276892e7,0.0,0.0,326506,894074,OPTIMAL,6.87214827726908e7,4.3958807168310404e7,2.4762675604381476e7,0.0,0.0,1489306,3959534,0.0,0.0,0.005208209,2.213933292,0.937111917,1.736564083,110.767118833,0.269930042
tyndp/gep_80_24_conical_hull_conical_0.01_economic,570629,80,24,conical_hull,conical,economic,0.01,526573.1969552407,920386.4607424793,7220.2653562854175,127.47266413709579,1.2241591730813757,80,1.1563276499918245,1.5342298584317198,0.7287671232876712,0.052054794520547946,0.12297945205479452,407509,1966,16886,8789,OPTIMAL,7.661455770251645e7,4.3901719209726006e7,3.271283849279109e7,0.0,0.0,326506,894074,OPTIMAL,6.859219866375443e7,4.3901719209726006e7,2.4690479454085626e7,0.0,0.0,1489306,3959534,0.0,0.0,0.005231125,2.402384416,0.68965375,1.689323667,101.744099375,0.269930042
tyndp/gep_80_24_conical_hull_conical_bounded_0.01_economic,570629,80,24,conical_hull,conical_bounded,economic,0.01,644520.0255810127,920386.4607424793,7220.2653562854175,127.47266413709579,1.2241591730813757,80,0.9934514622803681,1.0000000000000002,0.0,0.4246575342465753,0.09599315068493151,328729,1801,16886,8789,OPTIMAL,7.577169543289286e7,4.39146109978063e7,3.1857084435085464e7,0.0,0.0,326506,894074,OPTIMAL,6.873517158283913e7,4.39146109978063e7,2.4820560585031446e7,0.0,0.0,1489306,3959534,0.0,0.0,0.005214166,1.565915125,1.040486125,1.691265833,119.35964175,0.269930042
tyndp/gep_10_24_k_means_dirac_0.01,570629,10,24,k_means,dirac,unscaled,0.01,113.52735935549511,61.016612049659166,0.943296863054751,64.68442166982763,1.044164734227071,10,1.0,1.0,0.0,0.0,0.1,0,0,0,0,OPTIMAL,5.138390107661712e7,3.398280874059866e7,1.740109233601814e7,0.0,0.0,40906,141154,OPTIMAL,3.540993764695035e8,3.398280874059866e7,3.2011656772894907e8,0.0,0.0,1489306,3959534,0.0,0.0,0.005249042,0.166567875,1.875e-6,0.534165125,1.412189916,0.269930042
tyndp/gep_10_24_k_means_convex_0.01,570629,10,24,k_means,convex,unscaled,0.01,108.86174466005387,61.016612049659166,0.943296863054751,64.68442166982763,1.044164734227071,10,1.0,1.0000000000000002,0.0,0.0,0.28465753424657536,56573,402,0,0,OPTIMAL,5.12354861793831e7,3.397796509919338e7,1.725752108018952e7,0.0,0.0,40906,141154,OPTIMAL,3.493309495607234e8,3.397796509919338e7,3.1535298446153164e8,0.0,0.0,1489306,3959534,0.0,0.0,0.005278417,0.14595575,0.045231625,0.442966708,1.954613583,0.269930042
tyndp/gep_10_24_k_means_conical_0.01,570629,10,24,k_means,conical,unscaled,0.01,106.00154403883863,61.016612049659166,0.943296863054751,64.68442166982763,1.044164734227071,10,1.005018652096663,1.1988997926342626,0.5506849315068493,0.44931506849315067,0.28027397260273973,60329,403,0,0,OPTIMAL,5.156766473117493e7,3.409105009498201e7,1.747661463619293e7,0.0,0.0,40906,141154,OPTIMAL,3.5153988123060167e8,3.409105009498201e7,3.174488311355269e8,0.0,0.0,1489306,3959534,0.0,0.0,0.005208833,0.221399583,0.015597709,0.454132,1.448764667,0.269930042
tyndp/gep_10_24_k_means_conical_bounded_0.01,570629,10,24,k_means,conical_bounded,unscaled,0.01,107.56287223010982,61.016612049659166,0.943296863054751,64.68442166982763,1.044164734227071,10,0.9691508018708889,1.0000000000000002,0.0,0.4876712328767123,0.27835616438356164,57913,415,0,0,OPTIMAL,5.090236773900116e7,3.3845558439791314e7,1.7056809299209815e7,0.0,0.0,40906,141154,OPTIMAL,3.4401342797094876e8,3.3845558439791314e7,3.1016786953109694e8,0.0,0.0,1489306,3959534,0.0,0.0,0.005248292,0.266327667,0.025215625,0.965381541,1.672767292,0.269930042
tyndp/gep_10_24_k_medoids_dirac_0.01,570629,10,24,k_medoids,dirac,unscaled,0.01,141.71625666804275,60.614018211094184,3.5078175819117834,17.27969507982771,1.1049620806102747,10,1.0,1.0,0.0,0.0,0.1,0,0,0,0,OPTIMAL,5.482130444598269e7,3.693696481001873e7,1.7884339635964103e7,0.0,0.0,40906,141154,OPTIMAL,1.8165964805771127e8,3.693696481001873e7,1.4472268324773872e8,0.0,0.0,1489306,3959534,0.0,0.0,0.00519,0.146957291,8.33e-7,0.44295075,1.706899791,0.269930042
tyndp/gep_10_24_k_medoids_convex_0.01,570629,10,24,k_medoids,convex,unscaled,0.01,116.88785518566087,60.614018211094184,3.5078175819117834,17.27969507982771,1.1049620806102747,10,1.0,1.0000000000000002,0.0,0.0,0.4945205479452055,49331,274,0,0,OPTIMAL,5.51706974792135e7,3.74179129994659e7,1.7752784479747426e7,0.0,0.0,40906,141154,OPTIMAL,2.016676432482473e8,3.74179129994659e7,1.6424973024873522e8,0.0,0.0,1489306,3959534,0.0,0.0,0.005256625,0.1466295,0.022555458,0.505212875,1.902704875,0.269930042
tyndp/gep_10_24_k_medoids_conical_0.01,570629,10,24,k_medoids,conical,unscaled,0.01,113.14352091969661,60.614018211094184,3.5078175819117834,17.27969507982771,1.1049620806102747,10,0.9696248518919489,1.2097285725024607,0.3589041095890411,0.6136986301369863,0.4950684931506849,49830,240,0,0,OPTIMAL,5.45769641450867e7,3.708355051518224e7,1.7493413629904654e7,0.0,0.0,40906,141154,OPTIMAL,2.0706636884899962e8,3.708355051518224e7,1.6998281833379552e8,0.0,0.0,1489306,3959534,0.0,0.0,0.005202208,0.146015958,0.014970667,0.939307042,1.731344625,0.269930042
tyndp/gep_10_24_k_medoids_conical_bounded_0.01,570629,10,24,k_medoids,conical_bounded,unscaled,0.01,114.05509148712281,60.614018211094184,3.5078175819117834,17.27969507982771,1.1049620806102747,10,0.948473034184746,1.0000000000000002,0.0,0.6657534246575343,0.4849315068493151,48950,234,0,0,OPTIMAL,5.422867171506852e7,3.677817692378643e7,1.7450494791282136e7,0.0,0.0,40906,141154,OPTIMAL,2.152072429389354e8,3.677817692378643e7,1.7842906601522276e8,0.0,0.0,1489306,3959534,0.0,0.0,0.00523125,0.142807292,0.023659458,0.534577334,1.819639583,0.269930042
tyndp/gep_10_24_hierarchical_dirac_0.01,570629,10,24,hierarchical,dirac,unscaled,0.01,145.66336269976316,60.8252920292618,3.5760603769161508,17.009022672518483,1.1009935974439777,10,1.0,1.0,0.0,0.0,0.1,0,0,0,0,OPTIMAL,5.666823158561368e7,3.699826265639163e7,1.966996892922154e7,0.0,0.0,40906,141154,OPTIMAL,1.1861083210817191e8,3.699826265639163e7,8.161256945170559e7,0.0,0.0,1489306,3959534,0.0,0.0,0.00526125,0.157821209,1.583e-6,0.456028,1.977436625,0.269930042
tyndp/gep_10_24_hierarchical_convex_0.01,570629,10,24,hierarchical,convex,unscaled,0.01,117.7061933479111,60.8252920292618,3.5760603769161508,17.009022672518483,1.1009935974439777,10,1.0,1.0000000000000002,0.0,0.0,0.4967123287671233,47801,216,0,0,OPTIMAL,5.707299335589754e7,3.7063382186735004e7,2.0009611169163037e7,0.0,0.0,40906,141154,OPTIMAL,1.1940281374182908e8,3.7063382186735004e7,8.23394315551313e7,0.0,0.0,1489306,3959534,0.0,0.0,0.005225958,0.147029292,0.024336125,0.478374708,1.626239375,0.269930042
tyndp/gep_10_24_hierarchical_conical_0.01,570629,10,24,hierarchical,conical,unscaled,0.01,115.31989098372172,60.8252920292618,3.5760603769161508,17.009022672518483,1.1009935974439777,10,0.9865348205738969,1.1814119493202648,0.4410958904109589,0.5315068493150685,0.5090410958904109,51028,237,0,0,OPTIMAL,5.709814457295897e7,3.703665009664488e7,2.006149447631392e7,0.0,0.0,40906,141154,OPTIMAL,1.209406366114655e8,3.703665009664488e7,8.390398651479733e7,0.0,0.0,1489306,3959534,0.0,0.0,0.005311584,0.145971458,0.014097875,0.574611417,1.908159084,0.269930042
tyndp/gep_10_24_hierarchical_conical_bounded_0.01,570629,10,24,hierarchical,conical_bounded,unscaled,0.01,116.29488836472004,60.8252920292618,3.5760603769161508,17.009022672518483,1.1009935974439777,10,0.9586076199794091,1.0000000000000002,0.0,0.6136986301369863,0.5002739726027398,50233,230,0,0,OPTIMAL,5.675384272715434e7,3.706686287491828e7,1.968697985223621e7,0.0,0.0,40906,141154,OPTIMAL,1.1980626709928825e8,3.706686287491828e7,8.273940422442503e7,0.0,0.0,1489306,3959534,0.0,0.0,0.005305375,0.138459125,0.021861708,0.481808958,2.440905,0.269930042
tyndp/gep_10_24_chronological_dirac_0.01,570629,10,24,chronological,dirac,unscaled,0.01,157.26929892703495,57.723594666046864,3.25811538803424,17.71686628350937,1.0870919623161965,10,1.0,1.0,0.0,0.0,0.1,0,0,0,0,OPTIMAL,5.924806639755746e7,4.246262665797417e7,1.6785439739583284e7,0.0,0.0,40906,141154,OPTIMAL,1.986773530780217e8,4.246262665797417e7,1.5621472641997635e8,0.0,0.0,1489306,3959534,0.0,0.0,0.005634292,0.143948625,1.834e-6,0.454286084,1.01972875,0.269930042
tyndp/gep_10_24_chronological_convex_0.01,570629,10,24,chronological,convex,unscaled,0.01,123.52979213575682,57.723594666046864,3.25811538803424,17.71686628350937,1.0870919623161965,10,1.0,1.0000000000000002,0.0,0.0,0.4695890410958904,49104,216,0,0,OPTIMAL,5.904749552654788e7,4.199457856009474e7,1.705291696645309e7,0.0,0.0,40906,141154,OPTIMAL,1.949796368031037e8,4.199457856009474e7,1.529850582430459e8,0.0,0.0,1489306,3959534,0.0,0.0,0.005250791,0.630150084,0.019790459,0.52958575,1.552367666,0.269930042
tyndp/gep_10_24_chronological_conical_0.01,570629,10,24,chronological,conical,unscaled,0.01,120.28901263026965,57.723594666046864,3.25811538803424,17.71686628350937,1.0870919623161965,10,1.0229518860056142,1.277272474410772,0.5917808219178082,0.38082191780821917,0.4893150684931507,50632,220,0,0,OPTIMAL,5.921324132468122e7,4.2084421229178526e7,1.7128820095502704e7,0.0,0.0,40906,141154,OPTIMAL,1.8750069780931377e8,4.2084421229178526e7,1.454162765800715e8,0.0,0.0,1489306,3959534,0.0,0.0,0.005155292,0.25679925,0.014313667,0.470247459,1.789742667,0.269930042
tyndp/gep_10_24_chronological_conical_bounded_0.01,570629,10,24,chronological,conical_bounded,unscaled,0.01,122.62329397790828,57.723594666046864,3.25811538803424,17.71686628350937,1.0870919623161965,10,0.9714539052964651,1.0000000000000002,0.0,0.4684931506849315,0.4671232876712329,49771,216,0,0,OPTIMAL,5.8851607011756934e7,4.178710499199649e7,1.7064502019760113e7,0.0,0.0,40906,141154,OPTIMAL,1.9529588717129663e8,4.178710499199649e7,1.535087821792439e8,0.0,0.0,1489306,3959534,0.0,0.0,0.005265042,0.143262416,0.023349959,0.520014375,1.644444875,0.269930042
tyndp/gep_10_24_convex_hull_dirac_0.01,570629,10,24,convex_hull,dirac,unscaled,0.01,164.91612737688237,62.86231546733968,4.6111875423622415,13.632565340236903,1.1924771175761435,10,1.0,1.0,0.0,0.0,0.1,0,0,619,2621,OPTIMAL,8.816764241158399e7,4.3544438248525e7,4.462320416305907e7,0.0,0.0,40906,141154,OPTIMAL,8.119512341494505e7,4.3544438248525e7,3.765068516640713e7,0.0,0.0,1489306,3959534,0.0,0.0,0.005240083,0.281560417,9.17e-7,0.406038083,1.563486292,0.269930042
tyndp/gep_10_24_convex_hull_convex_0.01,570629,10,24,convex_hull,convex,unscaled,0.01,111.67931472369462,62.86231546733968,4.6111875423622415,13.632565340236903,1.1924771175761435,10,1.0,1.0000000000000004,0.0,0.0,0.5726027397260274,41907,186,619,2621,OPTIMAL,9.158374511510046e7,4.6378461351925425e7,4.520528376317463e7,0.0,0.0,40906,141154,OPTIMAL,8.095728406841734e7,4.6378461351925425e7,3.457882271645173e7,0.0,0.0,1489306,3959534,0.0,0.0,0.0051705,0.956741584,0.023461,0.515197583,1.8308185,0.269930042
tyndp/gep_10_24_convex_hull_conical_0.01,570629,10,24,convex_hull,conical,unscaled,0.01,108.47661076103307,62.86231546733968,4.6111875423622415,13.632565340236903,1.1924771175761435,10,1.0041736508811767,1.236367273311255,0.5178082191780822,0.4547945205479452,0.5821917808219178,43650,185,619,2621,OPTIMAL,9.406625091115291e7,4.6489251365202114e7,4.75769995459508e7,0.0,0.0,40906,141154,OPTIMAL,8.32633349389282e7,4.6489251365202114e7,3.6774083573694125e7,0.0,0.0,1489306,3959534,0.0,0.0,0.005199667,0.772838125,0.196201334,0.44741925,2.144579875,0.269930042
tyndp/gep_10_24_convex_hull_conical_bounded_0.01,570629,10,24,convex_hull,conical_bounded,unscaled,0.01,110.27815649398471,62.86231546733968,4.6111875423622415,13.632565340236903,1.1924771175761435,10,0.9647713861018088,1.0,0.0,0.5726027397260274,0.5698630136986301,42698,185,619,2621,OPTIMAL,8.929557836431612e7,4.582493346796847e7,4.347064489634771e7,0.0,0.0,40906,141154,OPTIMAL,7.914361536054862e7,4.582493346796847e7,3.331868189258607e7,0.0,0.0,1489306,3959534,0.0,0.0,0.005198458,0.803982666,0.020767292,0.520685125,2.155551125,0.269930042
tyndp/gep_10_24_convex_hull_with_null_dirac_0.01,570629,10,24,convex_hull_with_null,dirac,unscaled,0.01,162.9318502994368,65.756592162208,3.9594414455024145,16.60754252014557,1.1722559542740045,10,1.0,1.0,0.0,0.0,0.1,0,0,931,2674,OPTIMAL,7.923414765228789e7,4.39051447506873e7,3.5329002901600964e7,0.0,0.0,40906,141154,OPTIMAL,7.455367811404552e7,4.39051447506873e7,3.0648533363377225e7,0.0,0.0,1489306,3959534,0.0,0.0,0.00523775,0.94535225,1.042e-6,0.432083875,1.565200584,0.269930042
tyndp/gep_10_24_convex_hull_with_null_convex_0.01,570629,10,24,convex_hull_with_null,convex,unscaled,0.01,113.64115229829251,65.756592162208,3.9594414455024145,16.60754252014557,1.1722559542740045,10,1.0,1.0000000000000002,0.0,0.0,0.5463013698630137,42587,207,931,2674,OPTIMAL,8.486661452120602e7,4.6002990428070456e7,3.886362409313561e7,0.0,0.0,40906,141154,OPTIMAL,7.582930782164809e7,4.6002990428070456e7,2.9826317393587187e7,0.0,0.0,1489306,3959534,0.0,0.0,0.005590417,0.814719125,0.0856315,0.654211417,1.631188542,0.269930042
tyndp/gep_10_24_convex_hull_with_null_conical_0.01,570629,10,24,convex_hull_with_null,conical,unscaled,0.01,107.49129009886896,65.756592162208,3.9594414455024145,16.60754252014557,1.1722559542740045,10,0.9442695959392694,1.2297811506747922,0.2821917808219178,0.6904109589041096,0.5523287671232877,44412,227,931,2674,OPTIMAL,8.10049591076758e7,4.402224736670596e7,3.698271174096964e7,0.0,0.0,40906,141154,OPTIMAL,7.46712965746242e7,4.402224736670596e7,3.0649049207895555e7,0.0,0.0,1489306,3959534,0.0,0.0,0.0051595,0.816349333,0.013445166,0.450323375,1.928698375,0.269930042
tyndp/gep_10_24_convex_hull_with_null_conical_bounded_0.01,570629,10,24,convex_hull_with_null,conical_bounded,unscaled,0.01,108.24409188495235,65.756592162208,3.9594414455024145,16.60754252014557,1.1722559542740045,10,0.9268380313032852,1.0,0.0,0.7534246575342466,0.547945205479452,44951,220,931,2674,OPTIMAL,7.95589756532099e7,4.372515247901798e7,3.5833823174191914e7,0.0,0.0,40906,141154,OPTIMAL,7.433741092413236e7,4.372515247901798e7,3.061225844511901e7,0.0,0.0,1489306,3959534,0.0,0.0,0.005168875,0.283958833,0.019920542,0.526597958,1.733542584,0.269930042
tyndp/gep_10_24_conical_hull_dirac_0.01,570629,10,24,conical_hull,dirac,unscaled,0.01,161.12862265282345,54.84091065195726,4.6104423356154465,11.89493472856473,1.2166446515418838,10,1.0,1.0,0.0,0.0,0.1,0,0,711,2529,OPTIMAL,8.0866885764847e7,4.132291171305954e7,3.954397405178732e7,0.0,0.0,40906,141154,OPTIMAL,8.103085115424459e7,4.132291171305954e7,3.970793944118539e7,0.0,0.0,1489306,3959534,0.0,0.0,0.005223583,0.250841917,2.167e-6,0.423363083,1.432042166,0.269930042
tyndp/gep_10_24_conical_hull_convex_0.01,570629,10,24,conical_hull,convex,unscaled,0.01,116.00223237352355,54.84091065195726,4.6104423356154465,11.89493472856473,1.2166446515418838,10,1.0,1.0000000000000004,0.0,0.0,0.5687671232876712,36566,173,711,2529,OPTIMAL,8.651736486506587e7,4.374859103611163e7,4.2768773828954235e7,0.0,0.0,40906,141154,OPTIMAL,8.346077443329835e7,4.374859103611163e7,3.9712183397172764e7,0.0,0.0,1489306,3959534,0.0,0.0,0.005181625,0.800142083,0.017272958,0.528533875,1.967695833,0.269930042
tyndp/gep_10_24_conical_hull_conical_0.01,570629,10,24,conical_hull,conical,unscaled,0.01,110.1985924051296,54.84091065195726,4.6104423356154465,11.89493472856473,1.2166446515418838,10,1.0779131048418005,1.38630633486913,0.7561643835616438,0.21643835616438356,0.6052054794520548,37795,163,711,2529,OPTIMAL,8.798724889916685e7,4.418827374119138e7,4.379897515797532e7,0.0,0.0,40906,141154,OPTIMAL,7.957064422107854e7,4.418827374119138e7,3.53823704798689e7,0.0,0.0,1489306,3959534,0.0,0.0,0.005237041,0.234193375,0.011779333,0.48398725,1.735347875,0.269930042
tyndp/gep_10_24_conical_hull_conical_bounded_0.01,570629,10,24,conical_hull,conical_bounded,unscaled,0.01,115.73260584005973,54.84091065195726,4.6104423356154465,11.89493472856473,1.2166446515418838,10,0.9866160803638081,1.0,0.0,0.40821917808219177,0.5668493150684931,36360,173,711,2529,OPTIMAL,8.655261045119447e7,4.374862859270145e7,4.280398185849343e7,0.0,0.0,40906,141154,OPTIMAL,8.309043047569227e7,4.374862859270145e7,3.934180188302783e7,0.0,0.0,1489306,3959534,0.0,0.0,0.005197458,0.233450875,0.017191125,0.479111708,1.911082166,0.269930042
tyndp/gep_20_24_k_means_dirac_0.01,570629,20,24,k_means,dirac,unscaled,0.01,107.58701602691663,86.50239346629598,0.8358932286919422,103.48497929772721,1.0587579435327197,20,1.0,1.0,0.0,0.0,0.05,0,0,0,0,OPTIMAL,5.221250196505851e7,3.444702606045459e7,1.776547590460358e7,0.0,0.0,81706,248714,OPTIMAL,2.203364298149955e8,3.444702606045459e7,1.858894037544903e8,0.0,0.0,1489306,3959534,0.0,0.0,0.0052715,0.144850625,1.709e-6,0.567666583,5.464304459,0.269930042
tyndp/gep_20_24_k_means_convex_0.01,570629,20,24,k_means,convex,unscaled,0.01,101.52289843122578,86.50239346629598,0.8358932286919422,103.48497929772721,1.0587579435327197,20,1.0,1.0000000000000002,0.0,0.0,0.1815068493150685,92491,653,0,0,OPTIMAL,5.2468903552586064e7,3.4956059302801445e7,1.751284424978439e7,0.0,0.0,81706,248714,OPTIMAL,2.2648959301113907e8,3.4956059302801445e7,1.9153353370835036e8,0.0,0.0,1489306,3959534,0.0,0.0,0.005190541,0.210773083,0.190292584,0.564268292,11.030989958,0.269930042
tyndp/gep_20_24_k_means_conical_0.01,570629,20,24,k_means,conical,unscaled,0.01,98.76619781812052,86.50239346629598,0.8358932286919422,103.48497929772721,1.0587579435327197,20,1.0084104605176019,1.2032508975815202,0.5616438356164384,0.4383561643835616,0.1815068493150685,98219,675,0,0,OPTIMAL,5.267664024218986e7,3.500940963827596e7,1.766723060391406e7,0.0,0.0,81706,248714,OPTIMAL,2.272239609258602e8,3.500940963827596e7,1.9221455128753582e8,0.0,0.0,1489306,3959534,0.0,0.0,0.005418666,0.15804725,0.03598425,0.646876334,11.043540625,0.269930042
tyndp/gep_20_24_k_means_conical_bounded_0.01,570629,20,24,k_means,conical_bounded,unscaled,0.01,100.38691950363445,86.50239346629598,0.8358932286919422,103.48497929772721,1.0587579435327197,20,0.9721583525646577,1.0000000000000002,0.0,0.5315068493150685,0.17972602739726026,94972,653,0,0,OPTIMAL,5.21536070386603e7,3.491341575148431e7,1.7240191287176378e7,0.0,0.0,81706,248714,OPTIMAL,2.3368592046140438e8,3.491341575148431e7,1.9877250470995167e8,0.0,0.0,1489306,3959534,0.0,0.0,0.005179,0.149730208,0.125218375,0.640715917,10.709492875,0.269930042
tyndp/gep_20_24_k_medoids_dirac_0.01,570629,20,24,k_medoids,dirac,unscaled,0.01,136.31106120195736,84.2950665990312,2.6971139615382613,31.25380232393098,1.128040768030054,20,1.0,1.0,0.0,0.0,0.05,0,0,0,0,OPTIMAL,6.170137671635602e7,4.0990050455287285e7,2.0711326261068806e7,0.0,0.0,81706,248714,OPTIMAL,8.185886610622995e7,4.0990050455287285e7,4.086881565090695e7,0.0,0.0,1489306,3959534,0.0,0.0,0.005215375,0.143240875,1.0e-6,0.571101541,4.866505375,0.269930042
tyndp/gep_20_24_k_medoids_convex_0.01,570629,20,24,k_medoids,convex,unscaled,0.01,105.39206900897301,84.2950665990312,2.6971139615382613,31.25380232393098,1.128040768030054,20,1.0,1.0000000000000002,0.0,0.0,0.31904109589041096,75100,382,0,0,OPTIMAL,6.2056032359971486e7,4.012678153012051e7,2.192925082985077e7,0.0,0.0,81706,248714,OPTIMAL,8.531286870406055e7,4.012678153012051e7,4.518608717398444e7,0.0,0.0,1489306,3959534,0.0,0.0,0.005171458,0.217233875,0.051833417,0.713045208,17.515326625,0.269930042
tyndp/gep_20_24_k_medoids_conical_0.01,570629,20,24,k_medoids,conical,unscaled,0.01,101.74433580802501,84.2950665990312,2.6971139615382613,31.25380232393098,1.128040768030054,20,1.0120329665732586,1.291688727835424,0.536986301369863,0.40821917808219177,0.3310958904109589,78695,348,0,0,OPTIMAL,6.2149753204930216e7,3.962395106815886e7,2.252580213677062e7,0.0,0.0,81706,248714,OPTIMAL,8.58037315863272e7,3.962395106815886e7,4.617978051812797e7,0.0,0.0,1489306,3959534,0.0,0.0,0.005506417,0.145593333,0.497743958,0.660387041,18.017028333,0.269930042
tyndp/gep_20_24_k_medoids_conical_bounded_0.01,570629,20,24,k_medoids,conical_bounded,unscaled,0.01,104.31471530603643,84.2950665990312,2.6971139615382613,31.25380232393098,1.128040768030054,20,0.9684381903095066,1.0000000000000002,0.0,0.5726027397260274,0.31726027397260276,75667,360,0,0,OPTIMAL,6.182782379123974e7,3.9797472073133804e7,2.203035171810541e7,0.0,0.0,81706,248714,OPTIMAL,8.598495702364905e7,3.9797472073133804e7,4.618748495053361e7,0.0,0.0,1489306,3959534,0.0,0.0,0.005283458,0.675669583,0.133434792,0.776592041,15.515165584,0.269930042
tyndp/gep_20_24_hierarchical_dirac_0.01,570629,20,24,hierarchical,dirac,unscaled,0.01,137.32158068567233,84.57264723002822,2.6837493507197467,31.51287105382883,1.1207545552914964,20,1.0,1.0,0.0,0.0,0.05,0,0,0,0,OPTIMAL,5.9736107848950565e7,3.768605438486016e7,2.205005346409008e7,0.0,0.0,81706,248714,OPTIMAL,9.100592244735381e7,3.768605438486016e7,5.3319868062482476e7,0.0,0.0,1489306,3959534,0.0,0.0,0.005608125,0.214801666,1.458e-6,0.569011334,4.333436834,0.269930042
tyndp/gep_20_24_hierarchical_convex_0.01,570629,20,24,hierarchical,convex,unscaled,0.01,104.42296088418233,84.57264723002822,2.6837493507197467,31.51287105382883,1.1207545552914964,20,1.0,1.0000000000000002,0.0,0.0,0.3045205479452055,75882,368,0,0,OPTIMAL,6.052699675882767e7,3.836785918277328e7,2.2159137576054513e7,0.0,0.0,81706,248714,OPTIMAL,9.194569615361653e7,3.836785918277328e7,5.3577836970826946e7,0.0,0.0,1489306,3959534,0.0,0.0,0.005260708,0.15359525,0.095223541,0.7382785,13.075976958,0.269930042
tyndp/gep_20_24_hierarchical_conical_0.01,570629,20,24,hierarchical,conical,unscaled,0.01,100.95033832299548,84.57264723002822,2.6837493507197467,31.51287105382883,1.1207545552914964,20,1.0101063774578716,1.2815369417085585,0.5397260273972603,0.4054794520547945,0.3163013698630137,78298,360,0,0,OPTIMAL,6.07903717986101e7,3.836561570562896e7,2.242475609298107e7,0.0,0.0,81706,248714,OPTIMAL,9.025512644723341e7,3.836561570562896e7,5.18895107416489e7,0.0,0.0,1489306,3959534,0.0,0.0,0.0050785,0.143427375,0.501857917,0.656298708,18.261726167,0.269930042
tyndp/gep_20_24_hierarchical_conical_bounded_0.01,570629,20,24,hierarchical,conical_bounded,unscaled,0.01,103.15044978662067,84.57264723002822,2.6837493507197467,31.51287105382883,1.1207545552914964,20,0.9674000188871653,1.0000000000000002,0.0,0.5589041095890411,0.3049315068493151,76886,385,0,0,OPTIMAL,6.015289171390633e7,3.8012126516379654e7,2.2140765197526418e7,0.0,0.0,81706,248714,OPTIMAL,9.246300704178302e7,3.8012126516379654e7,5.4450880525406115e7,0.0,0.0,1489306,3959534,0.0,0.0,0.005206708,0.14111925,0.313061584,0.60868725,6.935141083,0.269930042
tyndp/gep_20_24_chronological_dirac_0.01,570629,20,24,chronological,dirac,unscaled,0.01,151.28134198242293,83.68968309746818,2.6850882891410253,31.168317047869206,1.1018554240283975,20,1.0,1.0,0.0,0.0,0.05,0,0,0,0,OPTIMAL,6.434621146197964e7,4.255692746234185e7,2.178928399963955e7,0.0,0.0,81706,248714,OPTIMAL,1.5258117759614405e8,4.255692746234185e7,1.1002425013385789e8,0.0,0.0,1489306,3959534,0.0,0.0,0.00516725,0.151102,8.75e-7,0.659248667,2.519218791,0.269930042
tyndp/gep_20_24_chronological_convex_0.01,570629,20,24,chronological,convex,unscaled,0.01,110.09391456527065,83.68968309746818,2.6850882891410253,31.168317047869206,1.1018554240283975,20,1.0,1.0000000000000002,0.0,0.0,0.30246575342465754,81132,395,0,0,OPTIMAL,6.460903297817819e7,4.265650561294344e7,2.1952527365234848e7,0.0,0.0,81706,248714,OPTIMAL,1.4609873078535625e8,4.265650561294344e7,1.0344222517236209e8,0.0,0.0,1489306,3959534,0.0,0.0,0.005161916,0.273608917,0.05527075,1.068246417,15.136407042,0.269930042
tyndp/gep_20_24_chronological_conical_0.01,570629,20,24,chronological,conical,unscaled,0.01,107.34605920240182,83.68968309746818,2.6850882891410253,31.168317047869206,1.1018554240283975,20,1.0003002826615524,1.2431912868051391,0.4958904109589041,0.44931506849315067,0.3136986301369863,83154,426,0,0,OPTIMAL,6.446696949344358e7,4.303177850474844e7,2.1435190988695092e7,0.0,0.0,81706,248714,OPTIMAL,1.5123262333773813e8,4.303177850474844e7,1.0820084483298005e8,0.0,0.0,1489306,3959534,0.0,0.0,0.00547925,0.149245292,0.034075333,0.647304417,18.969315916,0.269930042
tyndp/gep_20_24_chronological_conical_bounded_0.01,570629,20,24,chronological,conical_bounded,unscaled,0.01,108.72451537620857,83.68968309746818,2.6850882891410253,31.168317047869206,1.1018554240283975,20,0.9671012481910977,1.0000000000000002,0.0,0.5835616438356165,0.30273972602739724,81611,389,0,0,OPTIMAL,6.3546529672543414e7,4.234277095092104e7,2.120375872162219e7,0.0,0.0,81706,248714,OPTIMAL,1.5079291535776561e8,4.234277095092104e7,1.0845014440684648e8,0.0,0.0,1489306,3959534,0.0,0.0,0.005397333,0.1422765,0.058614375,0.642971167,17.73397475,0.269930042
tyndp/gep_20_24_convex_hull_dirac_0.01,570629,20,24,convex_hull,dirac,unscaled,0.01,150.39343538533413,89.42636064966267,3.4983442876434494,25.56248136169066,1.1734918130796643,20,1.0,1.0,0.0,0.0,0.05,0,0,2521,4224,OPTIMAL,7.285978360928775e7,4.07980966783614e7,3.2061686930925753e7,0.0,0.0,81706,248714,OPTIMAL,6.974142227396385e7,4.07980966783614e7,2.8943325595613677e7,0.0,0.0,1489306,3959534,0.0,0.0,0.005187833,1.135564958,1.042e-6,0.562073458,5.23622225,0.269930042
tyndp/gep_20_24_convex_hull_convex_0.01,570629,20,24,convex_hull,convex,unscaled,0.01,99.53134968864865,89.42636064966267,3.4983442876434494,25.56248136169066,1.1734918130796643,20,1.0,1.0000000000000002,0.0,0.0,0.35876712328767124,70015,337,2521,4224,OPTIMAL,8.019972489357865e7,4.382703463763214e7,3.637269025594703e7,0.0,0.0,81706,248714,OPTIMAL,7.089817179312988e7,4.382703463763214e7,2.7071137155523177e7,0.0,0.0,1489306,3959534,0.0,0.0,0.005193625,1.116497042,0.055105625,0.662709375,14.595671083,0.269930042
tyndp/gep_20_24_convex_hull_conical_0.01,570629,20,24,convex_hull,conical,unscaled,0.01,97.44080855356279,89.42636064966267,3.4983442876434494,25.56248136169066,1.1734918130796643,20,1.0001982633573205,1.2033414801887725,0.4712328767123288,0.473972602739726,0.3632876712328767,72511,311,2521,4224,OPTIMAL,8.152395391218302e7,4.3654336711614e7,3.7869617200569324e7,0.0,0.0,81706,248714,OPTIMAL,7.098054120539974e7,4.3654336711614e7,2.7326204493772842e7,0.0,0.0,1489306,3959534,0.0,0.0,0.00527525,0.532294084,0.032238542,0.647158,7.821424584,0.269930042
tyndp/gep_20_24_convex_hull_conical_bounded_0.01,570629,20,24,convex_hull,conical_bounded,unscaled,0.01,98.48860284629207,89.42636064966267,3.4983442876434494,25.56248136169066,1.1734918130796643,20,0.9688069810977905,1.0000000000000002,0.0,0.6493150684931507,0.3563013698630137,71055,337,2521,4224,OPTIMAL,7.90265423019399e7,4.372702296058575e7,3.529951934135349e7,0.0,0.0,81706,248714,OPTIMAL,7.101617437865691e7,4.372702296058575e7,2.7289151418038875e7,0.0,0.0,1489306,3959534,0.0,0.0,0.00524775,1.247851042,0.066149334,0.616329,15.1914385,0.269930042
tyndp/gep_20_24_convex_hull_with_null_dirac_0.01,570629,20,24,convex_hull_with_null,dirac,unscaled,0.01,151.15311224050757,91.40389528429453,3.0415105137624323,30.052138524823114,1.1610412278398012,20,1.0,1.0,0.0,0.0,0.05,0,0,2900,4210,OPTIMAL,7.08858076013543e7,4.062396038020256e7,3.026184722115251e7,0.0,0.0,81706,248714,OPTIMAL,6.945432733434625e7,4.062396038020256e7,2.8830366954087954e7,0.0,0.0,1489306,3959534,0.0,0.0,0.005222875,0.516775083,1.041e-6,0.547409125,5.327234166,0.269930042
tyndp/gep_20_24_convex_hull_with_null_convex_0.01,570629,20,24,convex_hull_with_null,convex,unscaled,0.01,101.65674973423943,91.40389528429453,3.0415105137624323,30.052138524823114,1.1610412278398012,20,1.0,1.0000000000000004,0.0,0.0,0.3547945205479452,72187,429,2900,4210,OPTIMAL,7.98074484864365e7,4.3928559047322705e7,3.587888943911451e7,0.0,0.0,81706,248714,OPTIMAL,7.065243172517852e7,4.3928559047322705e7,2.672387267783955e7,0.0,0.0,1489306,3959534,0.0,0.0,0.005162625,0.470426,0.056235791,0.654385708,14.813565625,0.269930042
tyndp/gep_20_24_convex_hull_with_null_conical_0.01,570629,20,24,convex_hull_with_null,conical,unscaled,0.01,97.53607943723918,91.40389528429453,3.0415105137624323,30.052138524823114,1.1610412278398012,20,0.9642093434803108,1.1791328038732596,0.33424657534246577,0.6109589041095891,0.3526027397260274,72696,339,2900,4210,OPTIMAL,7.775486558512233e7,4.354073794098577e7,3.4214127644137025e7,0.0,0.0,81706,248714,OPTIMAL,7.04457526425134e7,4.354073794098577e7,2.690501470150145e7,0.0,0.0,1489306,3959534,0.0,0.0,0.00513625,1.136582833,0.03465075,0.661101042,21.496691583,0.269930042
tyndp/gep_20_24_convex_hull_with_null_conical_bounded_0.01,570629,20,24,convex_hull_with_null,conical_bounded,unscaled,0.01,98.26962263527369,91.40389528429453,3.0415105137624323,30.052138524823114,1.1610412278398012,20,0.9455412197481178,1.0000000000000002,0.0,0.726027397260274,0.34794520547945207,72439,322,2900,4210,OPTIMAL,7.652891064171962e7,4.3482598551829025e7,3.304631208989012e7,0.0,0.0,81706,248714,OPTIMAL,7.048685758988647e7,4.3482598551829025e7,2.7004259038084168e7,0.0,0.0,1489306,3959534,0.0,0.0,0.005236042,1.137067125,0.054270292,0.630879292,15.4445135,0.269930042
tyndp/gep_20_24_conical_hull_dirac_0.01,570629,20,24,conical_hull,dirac,unscaled,0.01,150.12627736340895,74.99811835588565,2.960537560051194,25.33260154098122,1.2146125029279384,20,1.0,1.0,0.0,0.0,0.05,0,0,2431,4314,OPTIMAL,7.578304893988496e7,4.120983594772869e7,3.457321299215651e7,0.0,0.0,81706,248714,OPTIMAL,7.240426743681419e7,4.120983594772869e7,3.1194431489070937e7,0.0,0.0,1489306,3959534,0.0,0.0,0.005223333,1.03648525,1.167e-6,0.564402625,5.215117833,0.269930042
tyndp/gep_20_24_conical_hull_convex_0.01,570629,20,24,conical_hull,convex,unscaled,0.01,106.10266323550195,74.99811835588565,2.960537560051194,25.33260154098122,1.2146125029279384,20,1.0,1.0000000000000002,0.0,0.0,0.3567123287671233,60139,257,2431,4314,OPTIMAL,8.228957654618584e7,4.401648957143481e7,3.827308697475077e7,0.0,0.0,81706,248714,OPTIMAL,8.500092297614476e7,4.401648957143481e7,4.0984433404749386e7,0.0,0.0,1489306,3959534,0.0,0.0,0.00517375,0.386489167,0.039103084,0.63738725,13.15505625,0.269930042
tyndp/gep_20_24_conical_hull_conical_0.01,570629,20,24,conical_hull,conical,unscaled,0.01,98.14342514195387,74.99811835588565,2.960537560051194,25.33260154098122,1.2146125029279384,20,1.1056566113267579,1.397504313941564,0.8301369863013699,0.11506849315068493,0.39301369863013697,64063,307,2431,4314,OPTIMAL,8.369159478121608e7,4.451531337398358e7,3.917628140723244e7,0.0,0.0,81706,248714,OPTIMAL,8.212367150871886e7,4.451531337398358e7,3.760835813476426e7,0.0,0.0,1489306,3959534,0.0,0.0,0.005136292,0.392047833,0.02767725,0.656715416,17.998275042,0.269930042
tyndp/gep_20_24_conical_hull_conical_bounded_0.01,570629,20,24,conical_hull,conical_bounded,unscaled,0.01,106.08358448632038,74.99811835588565,2.960537560051194,25.33260154098122,1.2146125029279384,20,0.9923551424406142,1.0000000000000002,0.0,0.3726027397260274,0.3563013698630137,60336,288,2431,4314,OPTIMAL,8.221487700543118e7,4.398623925278097e7,3.822863775265057e7,0.0,0.0,81706,248714,OPTIMAL,8.599819082956009e7,4.398623925278097e7,4.2011951576781474e7,0.0,0.0,1489306,3959534,0.0,0.0,0.005527417,0.367515125,0.049715833,0.648603458,13.832657667,0.269930042
tyndp/gep_40_24_k_means_dirac_0.01,570629,40,24,k_means,dirac,unscaled,0.01,100.59682411512212,121.91281403570898,0.7019593563060862,173.6750325221813,1.0767957038831484,40,1.0,1.0,0.0,0.0,0.025,0,0,0,0,OPTIMAL,5.5127946308347054e7,3.637344071146264e7,1.875450559688465e7,0.0,0.0,163306,463834,OPTIMAL,1.2158727202662641e8,3.637344071146264e7,8.521383131518932e7,0.0,0.0,1489306,3959534,0.0,0.0,0.005183542,0.156394416,1.583e-6,0.876835459,10.596873875,0.269930042
tyndp/gep_40_24_k_means_convex_0.01,570629,40,24,k_means,convex,unscaled,0.01,92.93940592120961,121.91281403570898,0.7019593563060862,173.6750325221813,1.0767957038831484,40,1.0,1.0000000000000002,0.0,0.0,0.11417808219178083,140756,833,0,0,OPTIMAL,5.663427814832607e7,3.800504602185563e7,1.8629232126469765e7,0.0,0.0,163306,463834,OPTIMAL,1.1163053099610361e8,3.800504602185563e7,7.362548497424045e7,0.0,0.0,1489306,3959534,0.0,0.0,0.0051375,0.238778209,0.199201542,0.922195583,23.380515417,0.269930042
tyndp/gep_40_24_k_means_conical_0.01,570629,40,24,k_means,conical,unscaled,0.01,90.62970971755126,121.91281403570898,0.7019593563060862,173.6750325221813,1.0767957038831484,40,1.0099252100260094,1.183038613911094,0.5698630136986301,0.4246575342465753,0.11513698630136986,146325,847,0,0,OPTIMAL,5.695967831850498e7,3.813444263497282e7,1.882523568353293e7,0.0,0.0,163306,463834,OPTIMAL,1.1210372088574237e8,3.813444263497282e7,7.396927825077018e7,0.0,0.0,1489306,3959534,0.0,0.0,0.005555417,0.159447875,0.164235125,0.893729709,19.907386708,0.269930042
tyndp/gep_40_24_k_means_conical_bounded_0.01,570629,40,24,k_means,conical_bounded,unscaled,0.01,92.0886199845622,121.91281403570898,0.7019593563060862,173.6750325221813,1.0767957038831484,40,0.9752623463366504,1.0000000000000002,0.0,0.5863013698630137,0.11294520547945205,141052,801,0,0,OPTIMAL,5.645114845013335e7,3.788101919226459e7,1.8570129257869076e7,0.0,0.0,163306,463834,OPTIMAL,1.119752713011394e8,3.788101919226459e7,7.409425210891017e7,0.0,0.0,1489306,3959534,0.0,0.0,0.005200042,0.151035208,0.209665209,0.928620375,23.257346791,0.269930042
tyndp/gep_40_24_k_medoids_dirac_0.01,570629,40,24,k_medoids,dirac,unscaled,0.01,126.44041293827512,119.90074526971017,2.0549104777384506,58.348403285026784,1.1281764370335192,40,1.0,1.0,0.0,0.0,0.025,0,0,0,0,OPTIMAL,6.29115807686587e7,4.021617687744314e7,2.2695403891215105e7,0.0,0.0,163306,463834,OPTIMAL,6.809626453659578e7,4.021617687744314e7,2.7880087659142166e7,0.0,0.0,1489306,3959534,0.0,0.0,0.005188416,0.144441167,1.0e-6,0.903924417,11.098493292,0.269930042
tyndp/gep_40_24_k_medoids_convex_0.01,570629,40,24,k_medoids,convex,unscaled,0.01,94.11481824318852,119.90074526971017,2.0549104777384506,58.348403285026784,1.1281764370335192,40,1.0,1.0000000000000004,0.0,0.0,0.1860958904109589,113288,550,0,0,OPTIMAL,6.307343459229223e7,4.068476354239671e7,2.238867104989598e7,0.0,0.0,163306,463834,OPTIMAL,6.863218637646732e7,4.068476354239671e7,2.7947422834131565e7,0.0,0.0,1489306,3959534,0.0,0.0,0.005159917,0.139533916,0.851527333,0.910395666,24.605566417,0.269930042
tyndp/gep_40_24_k_medoids_conical_0.01,570629,40,24,k_medoids,conical,unscaled,0.01,92.2047665862068,119.90074526971017,2.0549104777384506,58.348403285026784,1.1281764370335192,40,1.0060695553175611,1.2170080804138583,0.4821917808219178,0.40821917808219177,0.19041095890410958,117364,673,0,0,OPTIMAL,6.328948726605329e7,4.135460562124503e7,2.1934881644809343e7,0.0,0.0,163306,463834,OPTIMAL,6.777873920862277e7,4.135460562124503e7,2.6424133587429605e7,0.0,0.0,1489306,3959534,0.0,0.0,0.005138084,0.149274917,0.153547208,0.999132,20.432515667,0.269930042
tyndp/gep_40_24_k_medoids_conical_bounded_0.01,570629,40,24,k_medoids,conical_bounded,unscaled,0.01,93.40005312398104,119.90074526971017,2.0549104777384506,58.348403285026784,1.1281764370335192,40,0.9733384419063631,1.0000000000000002,0.0,0.6273972602739726,0.1834931506849315,114151,616,0,0,OPTIMAL,6.290413166819073e7,4.090118003164698e7,2.200295163654401e7,0.0,0.0,163306,463834,OPTIMAL,6.851912938325974e7,4.090118003164698e7,2.761794935162105e7,0.0,0.0,1489306,3959534,0.0,0.0,0.005200334,0.142614709,0.196364625,0.934068584,23.972950291,0.269930042
tyndp/gep_40_24_hierarchical_dirac_0.01,570629,40,24,hierarchical,dirac,unscaled,0.01,128.04989377589902,119.2155980292,1.7938922549449896,66.45638705478206,1.1304446787386533,40,1.0,1.0,0.0,0.0,0.025,0,0,0,0,OPTIMAL,6.0143575371111915e7,4.039781905566931e7,1.9745756315443493e7,0.0,0.0,163306,463834,OPTIMAL,8.091338310451669e7,4.039781905566931e7,4.0515564048845775e7,0.0,0.0,1489306,3959534,0.0,0.0,0.005137,0.163862333,1.334e-6,0.890507459,12.578639958,0.269930042
tyndp/gep_40_24_hierarchical_convex_0.01,570629,40,24,hierarchical,convex,unscaled,0.01,92.77481572593086,119.2155980292,1.7938922549449896,66.45638705478206,1.1304446787386533,40,1.0,1.0000000000000002,0.0,0.0,0.1847945205479452,114125,543,0,0,OPTIMAL,5.985627037773997e7,4.008986865601726e7,1.9766401721723262e7,0.0,0.0,163306,463834,OPTIMAL,7.965523213398758e7,4.008986865601726e7,3.956536347798391e7,0.0,0.0,1489306,3959534,0.0,0.0,0.005177791,0.149385958,0.199682166,0.973481625,27.757317334,0.269930042
tyndp/gep_40_24_hierarchical_conical_0.01,570629,40,24,hierarchical,conical,unscaled,0.01,90.63715227285374,119.2155980292,1.7938922549449896,66.45638705478206,1.1304446787386533,40,1.0166390461653814,1.2212084274111596,0.5698630136986301,0.32054794520547947,0.1882876712328767,119021,572,0,0,OPTIMAL,5.994846657421559e7,3.995657740658755e7,1.9991889167627506e7,0.0,0.0,163306,463834,OPTIMAL,7.813532771793051e7,3.995657740658755e7,3.81787503113089e7,0.0,0.0,1489306,3959534,0.0,0.0,0.005183416,0.175388417,0.111931458,0.95342525,23.176859125,0.269930042
tyndp/gep_40_24_hierarchical_conical_bounded_0.01,570629,40,24,hierarchical,conical_bounded,unscaled,0.01,92.2809047950223,119.2155980292,1.7938922549449896,66.45638705478206,1.1304446787386533,40,0.9775985728945804,1.0000000000000002,0.0,0.5863013698630137,0.18164383561643835,114975,597,0,0,OPTIMAL,5.974018331907974e7,4.012433325666372e7,1.961585006241606e7,0.0,0.0,163306,463834,OPTIMAL,7.994958620443533e7,4.012433325666372e7,3.982525294775583e7,0.0,0.0,1489306,3959534,0.0,0.0,0.005191209,0.140609959,0.193530042,1.005111708,21.4828135,0.269930042
tyndp/gep_40_24_chronological_dirac_0.01,570629,40,24,chronological,dirac,unscaled,0.01,146.0558448163016,119.46740856251007,1.874511243723323,63.7325644018081,1.114618431687072,40,1.0,1.0,0.0,0.0,0.025,0,0,0,0,OPTIMAL,6.643809449945141e7,4.543996497494874e7,2.0998129524503015e7,0.0,0.0,163306,463834,OPTIMAL,7.654956706725174e7,4.543996497494874e7,3.110960209231471e7,0.0,0.0,1489306,3959534,0.0,0.0,0.0052095,0.141336417,1.666e-6,0.847049792,6.90396875,0.269930042
tyndp/gep_40_24_chronological_convex_0.01,570629,40,24,chronological,convex,unscaled,0.01,98.07287018154692,119.46740856251007,1.874511243723323,63.7325644018081,1.114618431687072,40,1.0,1.0000000000000002,0.0,0.0,0.17691780821917807,117114,581,0,0,OPTIMAL,6.470377563630682e7,4.3144221813291095e7,2.1559553823014762e7,0.0,0.0,163306,463834,OPTIMAL,7.692396115918173e7,4.3144221813291095e7,3.377973934587947e7,0.0,0.0,1489306,3959534,0.0,0.0,0.005221583,0.145586167,0.193262,0.926684292,26.955087,0.269930042
tyndp/gep_40_24_chronological_conical_0.01,570629,40,24,chronological,conical,unscaled,0.01,95.45348337574472,119.46740856251007,1.874511243723323,63.7325644018081,1.114618431687072,40,1.0031759752775053,1.2496161587394352,0.4794520547945205,0.410958904109589,0.1834931506849315,119779,556,0,0,OPTIMAL,6.49344677052658e7,4.3907155530697845e7,2.1027312174567588e7,0.0,0.0,163306,463834,OPTIMAL,7.617682279492751e7,4.3907155530697845e7,3.2269667264244918e7,0.0,0.0,1489306,3959534,0.0,0.0,0.005505209,0.14887,0.142990541,1.002848875,26.575342708,0.269930042
tyndp/gep_40_24_chronological_conical_bounded_0.01,570629,40,24,chronological,conical_bounded,unscaled,0.01,97.01085059757075,119.46740856251007,1.874511243723323,63.7325644018081,1.114618431687072,40,0.969774719244685,1.0000000000000002,0.0,0.6164383561643836,0.17705479452054795,116340,553,0,0,OPTIMAL,6.438626727925801e7,4.308728267732713e7,2.129898460193191e7,0.0,0.0,163306,463834,OPTIMAL,7.52027786398319e7,4.308728267732713e7,3.2115495962499905e7,0.0,0.0,1489306,3959534,0.0,0.0,0.005163417,0.14215775,0.191541875,1.011021541,20.76419075,0.269930042
tyndp/gep_40_24_convex_hull_dirac_0.01,570629,40,24,convex_hull,dirac,unscaled,0.01,138.78033149190352,123.85959528003053,2.3351492578973954,53.0414040392243,1.1669489617998396,40,1.0,1.0,0.0,0.0,0.025,0,0,7405,6050,OPTIMAL,6.873704774441019e7,4.101024064184925e7,2.7726807102560807e7,0.0,0.0,163306,463834,OPTIMAL,6.880930791693462e7,4.101024064184925e7,2.7799067275074296e7,0.0,0.0,1489306,3959534,0.0,0.0,0.005152334,1.057991625,1.875e-6,0.844262333,15.242428166,0.269930042
tyndp/gep_40_24_convex_hull_convex_0.01,570629,40,24,convex_hull,convex,unscaled,0.01,89.29224090105558,123.85959528003053,2.3351492578973954,53.0414040392243,1.1669489617998396,40,1.0,1.0000000000000002,0.0,0.0,0.2095890410958904,106196,482,7405,6050,OPTIMAL,7.38660687439665e7,4.164238279257903e7,3.2223685951387603e7,0.0,0.0,163306,463834,OPTIMAL,6.81286481254218e7,4.164238279257903e7,2.648626533282681e7,0.0,0.0,1489306,3959534,0.0,0.0,0.005181667,1.115887291,0.159600417,1.027545041,25.992353083,0.269930042
tyndp/gep_40_24_convex_hull_conical_0.01,570629,40,24,convex_hull,conical,unscaled,0.01,87.67789125543483,123.85959528003053,2.3351492578973954,53.0414040392243,1.1669489617998396,40,1.0063644968084586,1.1718591870763044,0.4876712328767123,0.40273972602739727,0.2156164383561644,108487,531,7405,6050,OPTIMAL,7.509445870203322e7,4.2223720605581895e7,3.2870738096452404e7,0.0,0.0,163306,463834,OPTIMAL,6.793145919834478e7,4.2223720605581895e7,2.5707738592747368e7,0.0,0.0,1489306,3959534,0.0,0.0,0.005163292,1.072954416,0.098456167,1.034123041,31.259270458,0.269930042
tyndp/gep_40_24_convex_hull_conical_bounded_0.01,570629,40,24,convex_hull,conical_bounded,unscaled,0.01,88.74997129606191,123.85959528003053,2.3351492578973954,53.0414040392243,1.1669489617998396,40,0.974272853372811,1.0000000000000002,0.0,0.6547945205479452,0.20767123287671233,106226,460,7405,6050,OPTIMAL,7.328165602658673e7,4.170233462466932e7,3.1579321401918028e7,0.0,0.0,163306,463834,OPTIMAL,6.814059292237833e7,4.170233462466932e7,2.6438258297711708e7,0.0,0.0,1489306,3959534,0.0,0.0,0.005225667,1.038098875,0.161066041,0.933914459,27.615342375,0.269930042
tyndp/gep_40_24_convex_hull_with_null_dirac_0.01,570629,40,24,convex_hull_with_null,dirac,unscaled,0.01,138.77072091401132,125.95690605211527,2.07646894430569,60.65918124974971,1.1631363596400013,40,1.0,1.0,0.0,0.0,0.025,0,0,7899,5921,OPTIMAL,6.855806482941401e7,4.1733293665098034e7,2.6824771164316077e7,0.0,0.0,163306,463834,OPTIMAL,6.759133390602829e7,4.1733293665098034e7,2.5858040240942456e7,0.0,0.0,1489306,3959534,0.0,0.0,0.005178709,1.716139625,1.708e-6,0.903477834,13.251905167,0.269930042
tyndp/gep_40_24_convex_hull_with_null_convex_0.01,570629,40,24,convex_hull_with_null,convex,unscaled,0.01,90.00144864099636,125.95690605211527,2.07646894430569,60.65918124974971,1.1631363596400013,40,1.0,1.0000000000000002,0.0,0.0,0.203013698630137,105465,496,7899,5921,OPTIMAL,7.521181848098324e7,4.3492116483072445e7,3.1719701997911073e7,0.0,0.0,163306,463834,OPTIMAL,6.811623855624157e7,4.3492116483072445e7,2.462412207312984e7,0.0,0.0,1489306,3959534,0.0,0.0,0.00518225,1.109134459,0.1565525,0.946839166,30.466775917,0.269930042
tyndp/gep_40_24_convex_hull_with_null_conical_0.01,570629,40,24,convex_hull_with_null,conical,unscaled,0.01,87.51037271184231,125.95690605211527,2.07646894430569,60.65918124974971,1.1631363596400013,40,0.9913680909438963,1.181540816191668,0.4054794520547945,0.4849315068493151,0.20856164383561643,109329,504,7899,5921,OPTIMAL,7.578950456781694e7,4.34580662709504e7,3.233143829686565e7,0.0,0.0,163306,463834,OPTIMAL,6.824446693029642e7,4.34580662709504e7,2.4786400659357086e7,0.0,0.0,1489306,3959534,0.0,0.0,0.005238292,1.0922805,0.100432708,0.99656125,27.903356,0.269930042
tyndp/gep_40_24_convex_hull_with_null_conical_bounded_0.01,570629,40,24,convex_hull_with_null,conical_bounded,unscaled,0.01,88.63070080435554,125.95690605211527,2.07646894430569,60.65918124974971,1.1631363596400013,40,0.9637396108623202,1.0000000000000002,0.0,0.7178082191780822,0.2028082191780822,106351,496,7899,5921,OPTIMAL,7.409312241129659e7,4.349988933608119e7,3.0593233075215653e7,0.0,0.0,163306,463834,OPTIMAL,6.816115128816362e7,4.349988933608119e7,2.466126195208656e7,0.0,0.0,1489306,3959534,0.0,0.0,0.005266667,1.083050292,0.17415475,1.003873833,27.080362292,0.269930042
tyndp/gep_40_24_conical_hull_dirac_0.01,570629,40,24,conical_hull,dirac,unscaled,0.01,139.87441762880084,105.29974022877614,2.1412003777594686,49.17790101408481,1.2028476851372187,40,1.0,1.0,0.0,0.0,0.025,0,0,7113,6342,OPTIMAL,7.029662932748917e7,4.257490768627828e7,2.772172164121207e7,0.0,0.0,163306,463834,OPTIMAL,7.18120854292476e7,4.257490768627828e7,2.9237177742988706e7,0.0,0.0,1489306,3959534,0.0,0.0,0.005153958,1.341759083,2.0e-6,0.874792625,11.774911958,0.269930042
tyndp/gep_40_24_conical_hull_convex_0.01,570629,40,24,conical_hull,convex,unscaled,0.01,96.23913320758587,105.29974022877614,2.1412003777594686,49.17790101408481,1.2028476851372187,40,1.0,1.0000000000000002,0.0,0.0,0.19904109589041097,89640,440,7113,6342,OPTIMAL,7.617121333050747e7,4.329593090862207e7,3.2875282421885263e7,0.0,0.0,163306,463834,OPTIMAL,7.36914854603374e7,4.329593090862207e7,3.0395554551703643e7,0.0,0.0,1489306,3959534,0.0,0.0,0.005179084,1.425371834,0.121859334,0.928004583,28.197987167,0.269930042
tyndp/gep_40_24_conical_hull_conical_0.01,570629,40,24,conical_hull,conical,unscaled,0.01,88.72259147633656,105.29974022877614,2.1412003777594686,49.17790101408481,1.2028476851372187,40,1.0965333784697762,1.3746982494220412,0.7945205479452054,0.0958904109589041,0.2263013698630137,98713,500,7113,6342,OPTIMAL,7.876769284698465e7,4.520519978821656e7,3.356249305876779e7,0.0,0.0,163306,463834,OPTIMAL,7.40141813581168e7,4.520519978821656e7,2.8808981569934525e7,0.0,0.0,1489306,3959534,0.0,0.0,0.005554,0.667905875,0.091097875,1.023436292,23.174900792,0.269930042
tyndp/gep_40_24_conical_hull_conical_bounded_0.01,570629,40,24,conical_hull,conical_bounded,unscaled,0.01,96.41125712139318,105.29974022877614,2.1412003777594686,49.17790101408481,1.2028476851372187,40,0.9920113387046863,1.0000000000000002,0.0,0.5095890410958904,0.19815068493150684,89937,440,7113,6342,OPTIMAL,7.607205532557695e7,4.3257909444760494e7,3.2814145880816408e7,0.0,0.0,163306,463834,OPTIMAL,7.30837113743984e7,4.3257909444760494e7,2.9825801929625064e7,0.0,0.0,1489306,3959534,0.0,0.0,0.005515709,0.668279583,0.148105125,1.003860417,27.613638666,0.269930042
tyndp/gep_80_24_k_means_dirac_0.01,570629,80,24,k_means,dirac,unscaled,0.01,89.45947997534674,171.18204835472943,0.6241039496379476,274.2845137481261,1.0997640401818132,80,1.0,1.0,0.0,0.0,0.0125,0,0,0,0,OPTIMAL,5.72189608114537e7,3.7730387878015116e7,1.9488572933440454e7,0.0,0.0,326506,894074,OPTIMAL,7.687517474041265e7,3.7730387878015116e7,3.9144786862397626e7,0.0,0.0,1489306,3959534,0.0,0.0,0.00513,0.151277083,1.542e-6,1.594062333,34.704506833,0.269930042
tyndp/gep_80_24_k_means_convex_0.01,570629,80,24,k_means,convex,unscaled,0.01,81.27420105411908,171.18204835472943,0.6241039496379476,274.2845137481261,1.0997640401818132,80,1.0,1.0000000000000002,0.0,0.0,0.06633561643835617,188189,1088,0,0,OPTIMAL,5.900477166572525e7,3.876119739045063e7,2.0243574275275245e7,0.0,0.0,326506,894074,OPTIMAL,7.528868508436443e7,3.876119739045063e7,3.652748769391771e7,0.0,0.0,1489306,3959534,0.0,0.0,0.005108667,0.154170541,0.626914458,1.568649209,124.244464042,0.269930042
tyndp/gep_80_24_k_means_conical_0.01,570629,80,24,k_means,conical,unscaled,0.01,79.25341636280054,171.18204835472943,0.6241039496379476,274.2845137481261,1.0997640401818132,80,1.0120584391717082,1.1788026936520446,0.5726027397260274,0.3917808219178082,0.06904109589041096,196879,1124,0,0,OPTIMAL,5.956333033425376e7,3.878143744646087e7,2.0781892887791023e7,0.0,0.0,326506,894074,OPTIMAL,7.514265757073638e7,3.878143744646087e7,3.636122012429732e7,0.0,0.0,1489306,3959534,0.0,0.0,0.005216208,0.187144,0.402917208,1.66289425,133.181404167,0.269930042
tyndp/gep_80_24_k_means_conical_bounded_0.01,570629,80,24,k_means,conical_bounded,unscaled,0.01,80.76323129458396,171.18204835472943,0.6241039496379476,274.2845137481261,1.0997640401818132,80,0.9796419437604289,1.0000000000000002,0.0,0.6493150684931507,0.06568493150684931,187963,1125,0,0,OPTIMAL,5.875062235058155e7,3.8699793583754465e7,2.005082876682497e7,0.0,0.0,326506,894074,OPTIMAL,7.522778782524976e7,3.8699793583754465e7,3.6527994241481766e7,0.0,0.0,1489306,3959534,0.0,0.0,0.005581459,0.1719775,0.658920666,2.21704175,124.574502292,0.269930042
tyndp/gep_80_24_k_medoids_dirac_0.01,570629,80,24,k_medoids,dirac,unscaled,0.01,114.8203640300758,169.8862974765676,1.2931709637025182,131.37187753594532,1.1386524841820087,80,1.0,1.0,0.0,0.0,0.0125,0,0,0,0,OPTIMAL,6.324157049961e7,4.19199044677144e7,2.1321666031895664e7,0.0,0.0,326506,894074,OPTIMAL,6.6814078324534185e7,4.19199044677144e7,2.4894173856858015e7,0.0,0.0,1489306,3959534,0.0,0.0,0.005202666,0.17705575,1.584e-6,1.605666,34.656935167,0.269930042
tyndp/gep_80_24_k_medoids_convex_0.01,570629,80,24,k_medoids,convex,unscaled,0.01,81.24046824923643,169.8862974765676,1.2931709637025182,131.37187753594532,1.1386524841820087,80,1.0,1.0000000000000002,0.0,0.0,0.09784246575342466,154198,822,0,0,OPTIMAL,6.445016321991408e7,4.2200000767562896e7,2.2250162452351645e7,0.0,0.0,326506,894074,OPTIMAL,6.649931279306113e7,4.2200000767562896e7,2.4299312025510356e7,0.0,0.0,1489306,3959534,0.0,0.0,0.005187583,0.143728542,1.396778667,1.70779825,89.819754292,0.269930042
tyndp/gep_80_24_k_medoids_conical_0.01,570629,80,24,k_medoids,conical,unscaled,0.01,79.18661940874657,169.8862974765676,1.2931709637025182,131.37187753594532,1.1386524841820087,80,1.0041864381215493,1.2137394668051371,0.42191780821917807,0.3589041095890411,0.10171232876712329,156478,949,0,0,OPTIMAL,6.4998570022371426e7,4.244037876078959e7,2.255819126158091e7,0.0,0.0,326506,894074,OPTIMAL,6.6517661503308505e7,4.244037876078959e7,2.407728274250999e7,0.0,0.0,1489306,3959534,0.0,0.0,0.005149458,0.153293333,0.342606417,1.708254625,96.227493542,0.269930042
tyndp/gep_80_24_k_medoids_conical_bounded_0.01,570629,80,24,k_medoids,conical_bounded,unscaled,0.01,80.61493692071228,169.8862974765676,1.2931709637025182,131.37187753594532,1.1386524841820087,80,0.9744417178158197,1.0000000000000002,0.0,0.6301369863013698,0.09773972602739726,155301,853,0,0,OPTIMAL,6.427989684931703e7,4.2092511473040335e7,2.218738537627696e7,0.0,0.0,326506,894074,OPTIMAL,6.657781647985997e7,4.2092511473040335e7,2.4485305006840598e7,0.0,0.0,1489306,3959534,0.0,0.0,0.005471167,0.180722792,0.518684083,2.216340542,91.332060667,0.269930042
tyndp/gep_80_24_hierarchical_dirac_0.01,570629,80,24,hierarchical,dirac,unscaled,0.01,113.72920732598597,170.36269961552966,1.3043201231670345,130.61417714070842,1.13397179757656,80,1.0,1.0,0.0,0.0,0.0125,0,0,0,0,OPTIMAL,6.5122152440331705e7,4.1181985564738534e7,2.3940166875593666e7,0.0,0.0,326506,894074,OPTIMAL,6.874593075759149e7,4.1181985564738534e7,2.7563945192841135e7,0.0,0.0,1489306,3959534,0.0,0.0,0.005161583,0.192002083,1.584e-6,1.677398458,35.564093917,0.269930042
tyndp/gep_80_24_hierarchical_convex_0.01,570629,80,24,hierarchical,convex,unscaled,0.01,80.78442736452118,170.36269961552966,1.3043201231670345,130.61417714070842,1.13397179757656,80,1.0,1.0000000000000002,0.0,0.0,0.09708904109589041,155918,899,0,0,OPTIMAL,6.588956228048845e7,4.1425577107581526e7,2.4463985172906104e7,0.0,0.0,326506,894074,OPTIMAL,6.815597401634693e7,4.1425577107581526e7,2.6730396908752706e7,0.0,0.0,1489306,3959534,0.0,0.0,0.005165208,0.177704125,0.50917725,1.79630125,72.945005792,0.269930042
tyndp/gep_80_24_hierarchical_conical_0.01,570629,80,24,hierarchical,conical,unscaled,0.01,79.03569032469335,170.36269961552966,1.3043201231670345,130.61417714070842,1.13397179757656,80,1.0095657313760187,1.1628735969256112,0.4547945205479452,0.32602739726027397,0.09976027397260274,157544,913,0,0,OPTIMAL,6.637278973613191e7,4.124144639836764e7,2.513134333776411e7,0.0,0.0,326506,894074,OPTIMAL,6.808138159080657e7,4.124144639836764e7,2.6839935192427535e7,0.0,0.0,1489306,3959534,0.0,0.0,0.005158458,0.144749834,0.356544917,1.717367875,87.229301459,0.269930042
tyndp/gep_80_24_hierarchical_conical_bounded_0.01,570629,80,24,hierarchical,conical_bounded,unscaled,0.01,80.3787820627736,170.36269961552966,1.3043201231670345,130.61417714070842,1.13397179757656,80,0.9789060971143125,1.0000000000000002,0.0,0.6082191780821918,0.09599315068493151,153451,850,0,0,OPTIMAL,6.550398141324275e7,4.144960463151583e7,2.405437678172693e7,0.0,0.0,326506,894074,OPTIMAL,6.798641208414106e7,4.144960463151583e7,2.6536807452615693e7,0.0,0.0,1489306,3959534,0.0,0.0,0.005168709,0.176707333,0.518032125,1.758492,103.644368625,0.269930042
tyndp/gep_80_24_chronological_dirac_0.01,570629,80,24,chronological,dirac,unscaled,0.01,132.5149516242784,168.22273902073215,1.2935607448372204,130.04626160165446,1.133045528871357,80,1.0,1.0,0.0,0.0,0.0125,0,0,0,0,OPTIMAL,6.349079105922315e7,4.2023100110705525e7,2.1467690948516686e7,0.0,0.0,326506,894074,OPTIMAL,6.926207939632674e7,4.2023100110705525e7,2.7238979285627283e7,0.0,0.0,1489306,3959534,0.0,0.0,0.005178208,0.16538375,1.416e-6,2.115868375,13.121650292,0.269930042
tyndp/gep_80_24_chronological_convex_0.01,570629,80,24,chronological,convex,unscaled,0.01,82.57829987138432,168.22273902073215,1.2935607448372204,130.04626160165446,1.133045528871357,80,1.0,1.0000000000000002,0.0,0.0,0.0958904109589041,156275,838,0,0,OPTIMAL,6.3050102546617985e7,4.189251793815044e7,2.1157584608466823e7,0.0,0.0,326506,894074,OPTIMAL,6.863162123875307e7,4.189251793815044e7,2.673910330058747e7,0.0,0.0,1489306,3959534,0.0,0.0,0.005198583,0.2149625,0.538824167,1.687045166,73.165030083,0.269930042
tyndp/gep_80_24_chronological_conical_0.01,570629,80,24,chronological,conical,unscaled,0.01,80.63000256023693,168.22273902073215,1.2935607448372204,130.04626160165446,1.133045528871357,80,1.011109392182606,1.2370219491261112,0.4712328767123288,0.3095890410958904,0.09976027397260274,159264,820,0,0,OPTIMAL,6.325167898026351e7,4.1743616653838985e7,2.1508062326425605e7,0.0,0.0,326506,894074,OPTIMAL,6.869082967440496e7,4.1743616653838985e7,2.6947213020558544e7,0.0,0.0,1489306,3959534,0.0,0.0,0.005212875,0.145188667,0.3486775,1.752039875,86.67470875,0.269930042
tyndp/gep_80_24_chronological_conical_bounded_0.01,570629,80,24,chronological,conical_bounded,unscaled,0.01,82.14046919388896,168.22273902073215,1.2935607448372204,130.04626160165446,1.133045528871357,80,0.9782432610960463,1.0000000000000002,0.0,0.5972602739726027,0.09547945205479452,154763,781,0,0,OPTIMAL,6.287749485436515e7,4.187139386502615e7,2.1006100989339095e7,0.0,0.0,326506,894074,OPTIMAL,6.866947352589045e7,4.187139386502615e7,2.6798079660834912e7,0.0,0.0,1489306,3959534,0.0,0.0,0.005571083,0.165069583,1.329940583,1.814425083,72.714771375,0.269930042
tyndp/gep_80_24_convex_hull_dirac_0.01,570629,80,24,convex_hull,dirac,unscaled,0.01,121.03648867596155,174.67224377164183,1.3213764114021769,132.18961854047978,1.1598754190636968,80,1.0,1.0,0.0,0.0,0.0125,0,0,17542,8133,OPTIMAL,6.713413839490172e7,4.2683506067588486e7,2.4450632327312335e7,0.0,0.0,326506,894074,OPTIMAL,6.680844005710743e7,4.2683506067588486e7,2.4124933989496127e7,0.0,0.0,1489306,3959534,0.0,0.0,0.005166959,3.150979458,2.125e-6,1.918775458,37.458632084,0.269930042
tyndp/gep_80_24_convex_hull_convex_0.01,570629,80,24,convex_hull,convex,unscaled,0.01,76.24559747551422,174.67224377164183,1.3213764114021769,132.18961854047978,1.1598754190636968,80,1.0,1.0000000000000002,0.0,0.0,0.10578767123287672,149807,773,17542,8133,OPTIMAL,7.166436401435119e7,4.3560917233634725e7,2.8103446780715387e7,0.0,0.0,326506,894074,OPTIMAL,6.715984132611911e7,4.3560917233634725e7,2.3598924092463426e7,0.0,0.0,1489306,3959534,0.0,0.0,0.005165209,3.193220875,0.486809,1.72683325,114.570812583,0.269930042
tyndp/gep_80_24_convex_hull_conical_0.01,570629,80,24,convex_hull,conical,unscaled,0.01,74.79477518761122,174.67224377164183,1.3213764114021769,132.18961854047978,1.1598754190636968,80,1.003561799672319,1.1758907117750377,0.4136986301369863,0.36712328767123287,0.10948630136986301,153111,864,17542,8133,OPTIMAL,7.268887824737665e7,4.3600473450463146e7,2.9088404796914365e7,0.0,0.0,326506,894074,OPTIMAL,6.720628725781894e7,4.3600473450463146e7,2.3605813807360947e7,0.0,0.0,1489306,3959534,0.0,0.0,0.005196166,4.096184666,0.28349375,1.693831333,75.690366125,0.269930042
tyndp/gep_80_24_convex_hull_conical_bounded_0.01,570629,80,24,convex_hull,conical_bounded,unscaled,0.01,75.90586570497565,174.67224377164183,1.3213764114021769,132.18961854047978,1.1598754190636968,80,0.9770653157111837,1.0000000000000002,0.0,0.663013698630137,0.105,151362,842,17542,8133,OPTIMAL,7.116233637190878e7,4.355297341490614e7,2.760936295700427e7,0.0,0.0,326506,894074,OPTIMAL,6.716953496960512e7,4.355297341490614e7,2.3616561554667346e7,0.0,0.0,1489306,3959534,0.0,0.0,0.005128125,3.935641292,0.443567084,1.608234834,109.456520209,0.269930042
tyndp/gep_80_24_convex_hull_with_null_dirac_0.01,570629,80,24,convex_hull_with_null,dirac,unscaled,0.01,122.01162424541639,176.73837284561597,1.375262300943809,128.51248283641945,1.1575145421185942,80,1.0,1.0,0.0,0.0,0.0125,0,0,18099,7941,OPTIMAL,6.77146328598564e7,4.3045609754925415e7,2.4669023104930125e7,0.0,0.0,326506,894074,OPTIMAL,6.682382532557149e7,4.3045609754925415e7,2.377821557061861e7,0.0,0.0,1489306,3959534,0.0,0.0,0.005158917,3.998005958,1.083e-6,1.491218333,34.678406833,0.269930042
tyndp/gep_80_24_convex_hull_with_null_convex_0.01,570629,80,24,convex_hull_with_null,convex,unscaled,0.01,77.56494779908158,176.73837284561597,1.375262300943809,128.51248283641945,1.1575145421185942,80,1.0,1.0000000000000002,0.0,0.0,0.10568493150684931,151221,799,18099,7941,OPTIMAL,7.333774604311283e7,4.377731723609517e7,2.9560428807017475e7,0.0,0.0,326506,894074,OPTIMAL,6.719305031934331e7,4.377731723609517e7,2.3415733083249334e7,0.0,0.0,1489306,3959534,0.0,0.0,0.005185417,3.308936166,0.505281792,1.674988833,63.079126375,0.269930042
tyndp/gep_80_24_convex_hull_with_null_conical_0.01,570629,80,24,convex_hull_with_null,conical,unscaled,0.01,75.22439458441359,176.73837284561597,1.375262300943809,128.51248283641945,1.1575145421185942,80,0.9841228177690953,1.1747577867639074,0.3178082191780822,0.46301369863013697,0.10732876712328768,152995,873,18099,7941,OPTIMAL,7.373867125988509e7,4.372218304942098e7,3.0016488210462652e7,0.0,0.0,326506,894074,OPTIMAL,6.720927750020286e7,4.372218304942098e7,2.3487094450799413e7,0.0,0.0,1489306,3959534,0.0,0.0,0.005184,4.392360166,0.281413917,1.665395375,122.267735584,0.269930042
tyndp/gep_80_24_convex_hull_with_null_conical_bounded_0.01,570629,80,24,convex_hull_with_null,conical_bounded,unscaled,0.01,76.12582312058423,176.73837284561597,1.375262300943809,128.51248283641945,1.1575145421185942,80,0.963677835494652,1.0000000000000002,0.0,0.7041095890410959,0.10404109589041095,150944,801,18099,7941,OPTIMAL,7.204739652232087e7,4.3711782806864865e7,2.833561371545461e7,0.0,0.0,326506,894074,OPTIMAL,6.714192676028636e7,4.3711782806864865e7,2.343014395345595e7,0.0,0.0,1489306,3959534,0.0,0.0,0.005231333,3.214079584,0.496843458,1.692633458,85.117195708,0.269930042
tyndp/gep_80_24_conical_hull_dirac_0.01,570629,80,24,conical_hull,dirac,unscaled,0.01,123.74263031794906,152.61513520481208,1.3660260652735423,111.72197887325919,1.1872714821214692,80,1.0,1.0,0.0,0.0,0.0125,0,0,17089,8586,OPTIMAL,6.94157047311124e7,4.3476163421323515e7,2.5939541309788387e7,0.0,0.0,326506,894074,OPTIMAL,6.813798576628457e7,4.3476163421323515e7,2.4661822344949767e7,0.0,0.0,1489306,3959534,0.0,0.0,0.005456834,1.609494417,1.917e-6,2.047777417,36.055845208,0.269930042
tyndp/gep_80_24_conical_hull_convex_0.01,570629,80,24,conical_hull,convex,unscaled,0.01,81.35704256450359,152.61513520481208,1.3660260652735423,111.72197887325919,1.1872714821214692,80,1.0,1.0000000000000004,0.0,0.0,0.10291095890410959,129990,741,17089,8586,OPTIMAL,7.200680271020158e7,4.3887634420894764e7,2.8119168289305687e7,0.0,0.0,326506,894074,OPTIMAL,6.812689472042924e7,4.3887634420894764e7,2.4239260299514506e7,0.0,0.0,1489306,3959534,0.0,0.0,0.006919875,2.624511209,0.39405225,1.69743875,98.497185166,0.269930042
tyndp/gep_80_24_conical_hull_conical_0.01,570629,80,24,conical_hull,conical,unscaled,0.01,75.6349854190382,152.61513520481208,1.3660260652735423,111.72197887325919,1.1872714821214692,80,1.0720180000398978,1.314457589772681,0.6958904109589041,0.08493150684931507,0.11393835616438357,141161,881,17089,8586,OPTIMAL,7.497884286365016e7,4.422233448476255e7,3.075650837888609e7,0.0,0.0,326506,894074,OPTIMAL,6.82708278950171e7,4.422233448476255e7,2.404849341024371e7,0.0,0.0,1489306,3959534,0.0,0.0,0.005213667,1.557427792,0.296469708,1.760730834,73.765968041,0.269930042
tyndp/gep_80_24_conical_hull_conical_bounded_0.01,570629,80,24,conical_hull,conical_bounded,unscaled,0.01,81.664482643011,152.61513520481208,1.3660260652735423,111.72197887325919,1.1872714821214692,80,0.9916686672394828,1.0000000000000002,0.0,0.5342465753424658,0.10246575342465754,129919,721,17089,8586,OPTIMAL,7.189204664013779e7,4.374569594462806e7,2.8146350695510432e7,0.0,0.0,326506,894074,OPTIMAL,6.803325424295896e7,4.374569594462806e7,2.4287558298334528e7,0.0,0.0,1489306,3959534,0.0,0.0,0.005187292,1.687619375,0.47113275,1.758873959,102.114215166,0.269930042
tyndp/gep_1_8760_k_means_dirac_0.01_economic,932178,1,8760,k_means,dirac,economic,0.01,0.0,1.0,1.0,1.0,1.0,1,1.0,1.0,0.0,0.0,1.0,0,0,0,0,OPTIMAL,6.6152486747575805e7,4.2178614801414296e7,2.397387194609671e7,0.0,0.0,1489306,3959534,N/A,,,,,,0,0,0.0,0.0,0.00486225,0.237246625,9.59e-7,7.513017959,73.326965292,0.272686333
tyndp/gep_10_24_k_means_dirac_0.01_economic,932178,10,24,k_means,dirac,economic,0.01,803973.6751795808,407256.85287855257,7511.989520645746,54.21424667316947,1.0426107042838568,10,1.0,1.0,0.0,0.0,0.1,0,0,0,0,OPTIMAL,5.171706775123339e7,3.3501910118052788e7,1.821515763318065e7,0.0,0.0,40906,141154,OPTIMAL,2.487284414507888e8,3.3501910118052788e7,2.152265313327831e8,0.0,0.0,1489306,3959534,0.0,0.0,0.005909584,0.218464791,1.708e-6,0.556073583,1.513593125,0.272686333
tyndp/gep_10_24_k_means_convex_0.01_economic,932178,10,24,k_means,convex,economic,0.01,763482.4830586633,407256.85287855257,7511.989520645746,54.21424667316947,1.0426107042838568,10,1.0,1.0000000000000002,0.0,0.0,0.28164383561643835,150201,1106,0,0,OPTIMAL,5.2390894824142374e7,3.3764362551363975e7,1.8626532272779033e7,0.0,0.0,40906,141154,OPTIMAL,2.5762396322653604e8,3.3764362551363975e7,2.2385960067518806e8,0.0,0.0,1489306,3959534,0.0,0.0,0.005257917,0.153127834,0.074789292,0.441446334,1.529666667,0.272686333
tyndp/gep_10_24_k_means_conical_0.01_economic,932178,10,24,k_means,conical,economic,0.01,737270.6193631995,407256.85287855257,7511.989520645746,54.21424667316947,1.0426107042838568,10,0.9852257232128521,1.2820339873479505,0.473972602739726,0.5260273972602739,0.28904109589041094,185203,1215,0,0,OPTIMAL,5.284419289177351e7,3.385874855843552e7,1.8985444333337862e7,0.0,0.0,40906,141154,OPTIMAL,2.140329346444518e8,3.385874855843552e7,1.8017418608595365e8,0.0,0.0,1489306,3959534,0.0,0.0,0.005240833,0.289677625,0.042295917,0.888057375,1.783484875,0.272686333
tyndp/gep_10_24_k_means_conical_bounded_0.01_economic,932178,10,24,k_means,conical_bounded,economic,0.01,750876.3832247815,407256.85287855257,7511.989520645746,54.21424667316947,1.0426107042838568,10,0.9457295537013102,1.0,0.0,0.5698630136986301,0.28383561643835614,172054,1243,0,0,OPTIMAL,5.2162780777857296e7,3.3778724979015045e7,1.838405579884222e7,0.0,0.0,40906,141154,OPTIMAL,2.6286570395608544e8,3.3778724979015045e7,2.290869789770768e8,0.0,0.0,1489306,3959534,0.0,0.0,0.00527675,0.278882084,0.067525334,0.89699525,1.51901725,0.272686333
tyndp/gep_10_24_k_medoids_dirac_0.01_economic,932178,10,24,k_medoids,dirac,economic,0.01,974725.1475947716,413240.56422270567,20937.82627081339,19.736555212455304,1.1016753613953647,10,1.0,1.0,0.0,0.0,0.1,0,0,0,0,OPTIMAL,5.8033136091391765e7,4.171577638982263e7,1.6317359701569466e7,0.0,0.0,40906,141154,OPTIMAL,2.0723370166038066e8,4.171577638982263e7,1.6551792527051154e8,0.0,0.0,1489306,3959534,0.0,0.0,0.005232959,0.273859125,9.58e-7,0.444186333,1.335423375,0.272686333
tyndp/gep_10_24_k_medoids_convex_0.01_economic,932178,10,24,k_medoids,convex,economic,0.01,797700.1971228326,413240.56422270567,20937.82627081339,19.736555212455304,1.1016753613953647,10,1.0,1.0000000000000004,0.0,0.0,0.470958904109589,144307,627,0,0,OPTIMAL,5.834730897682711e7,4.122447950237572e7,1.7122829474451546e7,0.0,0.0,40906,141154,OPTIMAL,1.9899209975498933e8,4.122447950237572e7,1.5776762025266433e8,0.0,0.0,1489306,3959534,0.0,0.0,0.005219625,0.155162875,0.112166,0.447402042,1.798938625,0.272686333
tyndp/gep_10_24_k_medoids_conical_0.01_economic,932178,10,24,k_medoids,conical,economic,0.01,772730.4728707051,413240.56422270567,20937.82627081339,19.736555212455304,1.1016753613953647,10,0.9567589682672052,1.3186614623527197,0.39452054794520547,0.5780821917808219,0.4841095890410959,157797,695,0,0,OPTIMAL,5.817171323492868e7,4.139374042884525e7,1.6777972806083497e7,0.0,0.0,40906,141154,OPTIMAL,2.123343882310305e8,4.139374042884525e7,1.7094064780224445e8,0.0,0.0,1489306,3959534,0.0,0.0,0.005292417,0.151694667,0.037591042,0.481608,1.638319584,0.272686333
tyndp/gep_10_24_k_medoids_conical_bounded_0.01_economic,932178,10,24,k_medoids,conical_bounded,economic,0.01,780597.5123180279,413240.56422270567,20937.82627081339,19.736555212455304,1.1016753613953647,10,0.9240409764264451,1.0,0.0,0.6465753424657534,0.47506849315068495,152377,679,0,0,OPTIMAL,5.776526654921e7,4.128878779274475e7,1.6476478756465035e7,0.0,0.0,40906,141154,OPTIMAL,2.1545136280784753e8,4.128878779274475e7,1.7416257501510218e8,0.0,0.0,1489306,3959534,0.0,0.0,0.005608208,0.28614025,0.059784292,0.945876125,1.832710875,0.272686333
tyndp/gep_10_24_hierarchical_dirac_0.01_economic,932178,10,24,hierarchical,dirac,economic,0.01,1.0118008254262422e6,400631.8760417363,18756.41127533777,21.359729756433463,1.0827897012343377,10,1.0,1.0,0.0,0.0,0.1,0,0,0,0,OPTIMAL,5.314531122615578e7,3.587317735139807e7,1.727213387475762e7,0.0,0.0,40906,141154,OPTIMAL,2.3548273131379104e8,3.587317735139807e7,1.996095539623739e8,0.0,0.0,1489306,3959534,0.0,0.0,0.005185959,0.159755333,1.75e-6,0.432167208,1.7299885,0.272686333
tyndp/gep_10_24_hierarchical_convex_0.01_economic,932178,10,24,hierarchical,convex,economic,0.01,837627.0444272126,400631.8760417363,18756.41127533777,21.359729756433463,1.0827897012343377,10,1.0,1.0000000000000002,0.0,0.0,0.46876712328767123,148064,638,0,0,OPTIMAL,5.362187776107877e7,3.676033142003141e7,1.6861546341047663e7,0.0,0.0,40906,141154,OPTIMAL,2.471883059503118e8,3.676033142003141e7,2.1042797453027418e8,0.0,0.0,1489306,3959534,0.0,0.0,0.005203041,0.160038709,0.056691292,0.530287417,1.769921292,0.272686333
tyndp/gep_10_24_hierarchical_conical_0.01_economic,932178,10,24,hierarchical,conical,economic,0.01,806993.2689920596,400631.8760417363,18756.41127533777,21.359729756433463,1.0827897012343377,10,0.968220269231971,1.3275587800635733,0.4,0.5726027397260274,0.4841095890410959,161599,697,0,0,OPTIMAL,5.3658549175336674e7,3.69980682042016e7,1.6660480971135136e7,0.0,0.0,40906,141154,OPTIMAL,2.6382038840834814e8,3.69980682042016e7,2.2682232020420402e8,0.0,0.0,1489306,3959534,0.0,0.0,0.005229042,0.15097625,0.501953125,0.442154708,1.763528333,0.272686333
tyndp/gep_10_24_hierarchical_conical_bounded_0.01_economic,932178,10,24,hierarchical,conical_bounded,economic,0.01,819092.5081471299,400631.8760417363,18756.41127533777,21.359729756433463,1.0827897012343377,10,0.9252236343081082,1.0,0.0,0.6109589041095891,0.4638356164383562,154227,688,0,0,OPTIMAL,5.317890694047595e7,3.683770076201116e7,1.634120617846466e7,0.0,0.0,40906,141154,OPTIMAL,2.5785210064911354e8,3.683770076201116e7,2.210143998871263e8,0.0,0.0,1489306,3959534,0.0,0.0,0.005226292,0.151667292,0.532081833,0.437807208,1.850482667,0.272686333
tyndp/gep_10_24_chronological_dirac_0.01_economic,932178,10,24,chronological,dirac,economic,0.01,1.124693064236561e6,387581.5171582128,22397.631602735335,17.304575949489184,1.0948518778466214,10,1.0,1.0,0.0,0.0,0.1,0,0,0,0,OPTIMAL,5.388586373960476e7,3.6373147362352416e7,1.751271637725241e7,0.0,0.0,40906,141154,OPTIMAL,2.416012005555081e8,3.6373147362352416e7,2.05228053193069e8,0.0,0.0,1489306,3959534,0.0,0.0,0.00527825,0.149210334,1.583e-6,0.441354375,1.008901625,0.272686333
tyndp/gep_10_24_chronological_convex_0.01_economic,932178,10,24,chronological,convex,economic,0.01,854000.1059656246,387581.5171582128,22397.631602735335,17.304575949489184,1.0948518778466214,10,1.0,1.0000000000000002,0.0,0.0,0.47698630136986303,142420,589,0,0,OPTIMAL,5.398978499897061e7,3.6227245698002905e7,1.776253930096794e7,0.0,0.0,40906,141154,OPTIMAL,2.311082717872913e8,3.6227245698002905e7,1.9488102608922905e8,0.0,0.0,1489306,3959534,0.0,0.0,0.005261916,0.153578084,0.516266417,0.438270417,1.620705709,0.272686333
tyndp/gep_10_24_chronological_conical_0.01_economic,932178,10,24,chronological,conical,economic,0.01,811371.9427468667,387581.5171582128,22397.631602735335,17.304575949489184,1.0948518778466214,10,0.998669991164037,1.4704810048702281,0.46301369863013697,0.5095890410958904,0.5068493150684932,156428,605,0,0,OPTIMAL,5.388291394139828e7,3.6281145567821294e7,1.760176837357703e7,0.0,0.0,40906,141154,OPTIMAL,2.3643696023820218e8,3.6281145567821294e7,2.0015581467032295e8,0.0,0.0,1489306,3959534,0.0,0.0,0.005220917,0.280671333,0.036209375,0.963582708,1.718639292,0.272686333
tyndp/gep_10_24_chronological_conical_bounded_0.01_economic,932178,10,24,chronological,conical_bounded,economic,0.01,834498.4336902974,387581.5171582128,22397.631602735335,17.304575949489184,1.0948518778466214,10,0.9377794402923466,1.0,0.0,0.589041095890411,0.4778082191780822,147516,614,0,0,OPTIMAL,5.3425996593475886e7,3.6178910345280245e7,1.7247086248195615e7,0.0,0.0,40906,141154,OPTIMAL,2.3708221261430976e8,3.6178910345280245e7,2.009033022689367e8,0.0,0.0,1489306,3959534,0.0,0.0,0.005065584,0.144831875,0.135148,0.647948417,1.7507745,0.272686333
tyndp/gep_10_24_convex_hull_dirac_0.01_economic,932178,10,24,convex_hull,dirac,economic,0.01,1.1758992386360324e6,422563.7333157672,26303.417398818423,16.06497463461722,1.1841550207832412,10,1.0,1.0,0.0,0.0,0.1,0,0,856,2384,OPTIMAL,7.065319548428698e7,4.0642414997443005e7,3.0010780486843884e7,0.0,0.0,40906,141154,OPTIMAL,1.2239204065502952e8,4.0642414997443005e7,8.17496256576376e7,0.0,0.0,1489306,3959534,0.0,0.0,0.005179792,1.00542025,9.17e-7,0.439373083,1.552669083,0.272686333
tyndp/gep_10_24_convex_hull_convex_0.01_economic,932178,10,24,convex_hull,convex,economic,0.01,800113.0061073564,422563.7333157672,26303.417398818423,16.06497463461722,1.1841550207832412,10,1.0,1.0000000000000002,0.0,0.0,0.5484931506849315,111497,477,856,2384,OPTIMAL,7.408101969788168e7,4.223520726621472e7,3.184581243166653e7,0.0,0.0,40906,141154,OPTIMAL,1.231947652459867e8,4.223520726621472e7,8.095955797979738e7,0.0,0.0,1489306,3959534,0.0,0.0,0.005214708,0.814079666,0.217989833,0.442258833,1.493051458,0.272686333
tyndp/gep_10_24_convex_hull_conical_0.01_economic,932178,10,24,convex_hull,conical,economic,0.01,759178.6067531984,422563.7333157672,26303.417398818423,16.06497463461722,1.1841550207832412,10,0.9057111413385893,1.239225157602805,0.2493150684931507,0.7232876712328767,0.5638356164383561,123983,537,856,2384,OPTIMAL,7.391370095437267e7,4.235351381548613e7,3.1560187138886973e7,0.0,0.0,40906,141154,OPTIMAL,1.2529011623827371e8,4.235351381548613e7,8.293660242277595e7,0.0,0.0,1489306,3959534,0.0,0.0,0.005248375,0.869042125,0.02969025,0.521366166,1.889030333,0.272686333
tyndp/gep_10_24_convex_hull_conical_bounded_0.01_economic,932178,10,24,convex_hull,conical_bounded,economic,0.01,765983.2016778797,422563.7333157672,26303.417398818423,16.06497463461722,1.1841550207832412,10,0.883402814972033,1.0,0.0,0.7698630136986301,0.5504109589041096,121934,561,856,2384,OPTIMAL,7.289603223834385e7,4.224140971678712e7,3.0654622521557033e7,0.0,0.0,40906,141154,OPTIMAL,1.2471921083216229e8,4.224140971678712e7,8.247780111542732e7,0.0,0.0,1489306,3959534,0.0,0.0,0.005235958,0.351727833,0.046975209,0.503588875,1.811414875,0.272686333
tyndp/gep_10_24_convex_hull_with_null_dirac_0.01_economic,932178,10,24,convex_hull_with_null,dirac,economic,0.01,1.1761483921798877e6,433888.8094511438,28824.584638005068,15.052734146915116,1.1846915928156243,10,1.0,1.0,0.0,0.0,0.1,0,0,862,2743,OPTIMAL,9.911861399757758e7,4.774006785566105e7,5.137854614191623e7,0.0,0.0,40906,141154,OPTIMAL,7.75805961985362e7,4.774006785566105e7,2.984052834290656e7,0.0,0.0,1489306,3959534,0.0,0.0,0.005213208,0.862037125,1.042e-6,0.5888205,1.670307584,0.272686333
tyndp/gep_10_24_convex_hull_with_null_convex_0.01_economic,932178,10,24,convex_hull_with_null,convex,economic,0.01,811433.1899717469,433888.8094511438,28824.584638005068,15.052734146915116,1.1846915928156243,10,1.0,1.0000000000000002,0.0,0.0,0.5364383561643835,113322,503,862,2743,OPTIMAL,1.0429243813247648e8,4.798426684244336e7,5.6308171290032595e7,0.0,0.0,40906,141154,OPTIMAL,8.079086568792671e7,4.798426684244336e7,3.2806598845484816e7,0.0,0.0,1489306,3959534,0.0,0.0,0.005278125,0.382391,0.03900725,0.473664375,1.929068792,0.272686333
tyndp/gep_10_24_convex_hull_with_null_conical_0.01_economic,932178,10,24,convex_hull_with_null,conical,economic,0.01,746375.5429930083,433888.8094511438,28824.584638005068,15.052734146915116,1.1846915928156243,10,0.9111365953564069,1.2497566637212927,0.2602739726027397,0.7123287671232876,0.5473972602739726,128444,512,862,2743,OPTIMAL,9.315712955690654e7,4.613118907950697e7,4.702594047740033e7,0.0,0.0,40906,141154,OPTIMAL,7.988154497724096e7,4.613118907950697e7,3.3750355897729374e7,0.0,0.0,1489306,3959534,0.0,0.0,0.005206875,1.075071333,0.029270167,0.475089959,1.77314925,0.272686333
tyndp/gep_10_24_convex_hull_with_null_conical_bounded_0.01_economic,932178,10,24,convex_hull_with_null,conical_bounded,economic,0.01,752595.3893334902,433888.8094511438,28824.584638005068,15.052734146915116,1.1846915928156243,10,0.8867170248395052,1.0,0.0,0.7753424657534247,0.5378082191780822,126182,489,862,2743,OPTIMAL,8.999748756956628e7,4.614062716195378e7,4.385686040761259e7,0.0,0.0,40906,141154,OPTIMAL,8.091792043479437e7,4.614062716195378e7,3.477729327285517e7,0.0,0.0,1489306,3959534,0.0,0.0,0.005343625,1.026916708,0.047180875,0.484858417,1.940574334,0.272686333
tyndp/gep_10_24_conical_hull_dirac_0.01_economic,932178,10,24,conical_hull,dirac,economic,0.01,1.1833146240368315e6,322125.3016914302,29679.10527427817,10.85360554890463,1.272620095674998,10,1.0,1.0,0.0,0.0,0.1,0,0,660,2580,OPTIMAL,8.429038772634493e7,4.354088191759957e7,4.074950580874546e7,0.0,0.0,40906,141154,OPTIMAL,7.552741759768063e7,4.354088191759957e7,3.198653568005479e7,0.0,0.0,1489306,3959534,0.0,0.0,0.005208709,0.256828459,9.17e-7,0.402950792,1.473341708,0.272686333
tyndp/gep_10_24_conical_hull_convex_0.01_economic,932178,10,24,conical_hull,convex,economic,0.01,886798.8962593311,322125.3016914302,29679.10527427817,10.85360554890463,1.272620095674998,10,1.0,1.0000000000000004,0.0,0.0,0.5345205479452054,86926,389,660,2580,OPTIMAL,1.016561889211863e8,4.916337225524466e7,5.249281666594193e7,0.0,0.0,40906,141154,OPTIMAL,7.851356714602815e7,4.916337225524466e7,2.935019489077484e7,0.0,0.0,1489306,3959534,0.0,0.0,0.005928458,0.942439916,0.031129792,0.484464875,1.775987042,0.272686333
tyndp/gep_10_24_conical_hull_conical_0.01_economic,932178,10,24,conical_hull,conical,economic,0.01,772613.1900364424,322125.3016914302,29679.10527427817,10.85360554890463,1.272620095674998,10,1.1997905444525419,1.6637745943216524,0.8657534246575342,0.10684931506849316,0.6232876712328768,103297,433,660,2580,OPTIMAL,9.782681287054212e7,4.837907449547734e7,4.9447738375065364e7,0.0,0.0,40906,141154,OPTIMAL,7.743265126920363e7,4.837907449547734e7,2.9053576773695983e7,0.0,0.0,1489306,3959534,0.0,0.0,0.005285541,0.24522925,0.025286875,0.489004625,1.970960042,0.272686333
tyndp/gep_10_24_conical_hull_conical_bounded_0.01_economic,932178,10,24,conical_hull,conical_bounded,economic,0.01,885579.2264124686,322125.3016914302,29679.10527427817,10.85360554890463,1.272620095674998,10,0.9884018231124145,1.0,0.0,0.24383561643835616,0.5312328767123288,87233,387,660,2580,OPTIMAL,1.0193540834450297e8,4.924311184405093e7,5.269229650045198e7,0.0,0.0,40906,141154,OPTIMAL,8.008617723767984e7,4.924311184405093e7,3.084306539362593e7,0.0,0.0,1489306,3959534,0.0,0.0,0.005548959,0.89904275,0.043484875,0.458516417,2.010623875,0.272686333
tyndp/gep_20_24_k_means_dirac_0.01_economic,932178,20,24,k_means,dirac,economic,0.01,758202.1837524787,552197.9005679213,5122.239132739436,107.80400646242362,1.0568895767163498,20,1.0,1.0,0.0,0.0,0.05,0,0,0,0,OPTIMAL,5.3143382514839426e7,3.499894737075259e7,1.814443514408622e7,0.0,0.0,81706,248714,OPTIMAL,1.4233686026336956e8,3.499894737075259e7,1.0733791289261016e8,0.0,0.0,1489306,3959534,0.0,0.0,0.005216959,0.15770875,2.083e-6,0.563664,3.894314125,0.272686333
tyndp/gep_20_24_k_means_convex_0.01_economic,932178,20,24,k_means,convex,economic,0.01,709010.8466731791,552197.9005679213,5122.239132739436,107.80400646242362,1.0568895767163498,20,1.0,1.0000000000000002,0.0,0.0,0.17643835616438355,248015,1586,0,0,OPTIMAL,5.405368765136527e7,3.4884929929763e7,1.916875772160184e7,0.0,0.0,81706,248714,OPTIMAL,1.5026020241471815e8,3.4884929929763e7,1.153752724849181e8,0.0,0.0,1489306,3959534,0.0,0.0,0.00552975,0.16011025,0.233514625,0.568720709,12.047478084,0.272686333
tyndp/gep_20_24_k_means_conical_0.01_economic,932178,20,24,k_means,conical,economic,0.01,685493.496647085,552197.9005679213,5122.239132739436,107.80400646242362,1.0568895767163498,20,1.0186530460941061,1.288826129393462,0.5945205479452055,0.4054794520547945,0.18452054794520548,284875,1835,0,0,OPTIMAL,5.417629508478213e7,3.4557597653269544e7,1.961869743151146e7,0.0,0.0,81706,248714,OPTIMAL,1.4640054138998374e8,3.4557597653269544e7,1.1184294373674653e8,0.0,0.0,1489306,3959534,0.0,0.0,0.005179708,0.15978225,0.174313541,0.61848925,9.599077958,0.272686333
tyndp/gep_20_24_k_means_conical_bounded_0.01_economic,932178,20,24,k_means,conical_bounded,economic,0.01,700080.4000518358,552197.9005679213,5122.239132739436,107.80400646242362,1.0568895767163498,20,0.9655888428896748,1.0000000000000002,0.0,0.4849315068493151,0.1752054794520548,254850,1774,0,0,OPTIMAL,5.372307647719373e7,3.478239031880993e7,1.8940686158384264e7,0.0,0.0,81706,248714,OPTIMAL,1.4973197412210703e8,3.478239031880993e7,1.149495838033068e8,0.0,0.0,1489306,3959534,0.0,0.0,0.005591917,0.156936959,0.20502125,0.595120875,13.289247667,0.272686333
tyndp/gep_20_24_k_medoids_dirac_0.01_economic,932178,20,24,k_medoids,dirac,economic,0.01,935713.3667339638,557492.9544443195,16865.774412804843,33.054690570333925,1.1303812981163122,20,1.0,1.0,0.0,0.0,0.05,0,0,0,0,OPTIMAL,6.1066361515970886e7,4.2270410049891256e7,1.8795951466079913e7,0.0,0.0,81706,248714,OPTIMAL,9.649569895157574e7,4.2270410049891256e7,5.4225288901657134e7,0.0,0.0,1489306,3959534,0.0,0.0,0.005198875,0.151617,1.833e-6,0.54313825,5.049508208,0.272686333
tyndp/gep_20_24_k_medoids_convex_0.01_economic,932178,20,24,k_medoids,convex,economic,0.01,732913.423614456,557492.9544443195,16865.774412804843,33.054690570333925,1.1303812981163122,20,1.0,1.0000000000000002,0.0,0.0,0.3126027397260274,224633,988,0,0,OPTIMAL,6.3036553084903896e7,4.391600730019043e7,1.9120545784713097e7,0.0,0.0,81706,248714,OPTIMAL,9.052050567846145e7,4.391600730019043e7,4.660449837829464e7,0.0,0.0,1489306,3959534,0.0,0.0,0.005310625,0.148126209,0.180659916,0.690920417,18.457162459,0.272686333
tyndp/gep_20_24_k_medoids_conical_0.01_economic,932178,20,24,k_medoids,conical,economic,0.01,706421.2485596997,557492.9544443195,16865.774412804843,33.054690570333925,1.1303812981163122,20,0.9966949377224721,1.3175449116477023,0.46301369863013697,0.4821917808219178,0.32726027397260277,233931,1022,0,0,OPTIMAL,6.3166595272379234e7,4.362779442309462e7,1.95388008492851e7,0.0,0.0,81706,248714,OPTIMAL,9.009790268197842e7,4.362779442309462e7,4.6470108258839406e7,0.0,0.0,1489306,3959534,0.0,0.0,0.005218708,0.151289125,0.3417405,0.620007166,18.318886291,0.272686333
tyndp/gep_20_24_k_medoids_conical_bounded_0.01_economic,932178,20,24,k_medoids,conical_bounded,economic,0.01,721439.4393353418,557492.9544443195,16865.774412804843,33.054690570333925,1.1303812981163122,20,0.9464347385752017,1.0000000000000002,0.0,0.6191780821917808,0.3098630136986301,226432,991,0,0,OPTIMAL,6.25486876440857e7,4.3475427138929956e7,1.9073260505156104e7,0.0,0.0,81706,248714,OPTIMAL,9.011984698875363e7,4.3475427138929956e7,4.664441984979006e7,0.0,0.0,1489306,3959534,0.0,0.0,0.005234667,0.62738125,0.38731225,0.597086708,18.591768125,0.272686333
tyndp/gep_20_24_hierarchical_dirac_0.01_economic,932178,20,24,hierarchical,dirac,economic,0.01,958642.013119773,555197.3822082604,14753.518474686125,37.63152384028665,1.1153349136899398,20,1.0,1.0,0.0,0.0,0.05,0,0,0,0,OPTIMAL,6.2501254016995616e7,4.153156519079326e7,2.0969688826202497e7,0.0,0.0,81706,248714,OPTIMAL,9.495047614426096e7,4.153156519079326e7,5.3418910953515425e7,0.0,0.0,1489306,3959534,0.0,0.0,0.005201584,0.623352833,1.583e-6,0.637361917,5.045880917,0.272686333
tyndp/gep_20_24_hierarchical_convex_0.01_economic,932178,20,24,hierarchical,convex,economic,0.01,732565.5830529598,555197.3822082604,14753.518474686125,37.63152384028665,1.1153349136899398,20,1.0,1.0000000000000002,0.0,0.0,0.2979452054794521,229519,989,0,0,OPTIMAL,6.3849989983951695e7,3.903682946740821e7,2.4813160516543582e7,0.0,0.0,81706,248714,OPTIMAL,9.747612826930363e7,3.903682946740821e7,5.8439298801869765e7,0.0,0.0,1489306,3959534,0.0,0.0,0.005159542,0.152143333,0.847377,0.608216833,12.959474417,0.272686333
tyndp/gep_20_24_hierarchical_conical_0.01_economic,932178,20,24,hierarchical,conical,economic,0.01,705145.7018532353,555197.3822082604,14753.518474686125,37.63152384028665,1.1153349136899398,20,1.0139757871932769,1.457530557603171,0.5178082191780822,0.4273972602739726,0.31602739726027396,247955,1043,0,0,OPTIMAL,6.430880487210661e7,3.9147018597102635e7,2.5161786275004424e7,0.0,0.0,81706,248714,OPTIMAL,9.38867153515911e7,3.9147018597102635e7,5.473969675452267e7,0.0,0.0,1489306,3959534,0.0,0.0,0.005189125,0.159756625,0.252055583,0.59690425,17.114640458,0.272686333
tyndp/gep_20_24_hierarchical_conical_bounded_0.01_economic,932178,20,24,hierarchical,conical_bounded,economic,0.01,721942.7799964669,555197.3822082604,14753.518474686125,37.63152384028665,1.1153349136899398,20,0.9564279636073543,1.0000000000000002,0.0,0.5342465753424658,0.2984931506849315,233250,1020,0,0,OPTIMAL,6.325159643820762e7,3.874655202538837e7,2.4505044412819076e7,0.0,0.0,81706,248714,OPTIMAL,9.80777895093836e7,3.874655202538837e7,5.933123748391535e7,0.0,0.0,1489306,3959534,0.0,0.0,0.005430292,0.2130395,0.208165667,0.647873417,21.147793708,0.272686333
tyndp/gep_20_24_chronological_dirac_0.01_economic,932178,20,24,chronological,dirac,economic,0.01,1.0857749928973606e6,551836.9970081598,16668.07937637411,33.10741355061891,1.1022657010364123,20,1.0,1.0,0.0,0.0,0.05,0,0,0,0,OPTIMAL,6.318004258850951e7,4.016376965519449e7,2.3016272933314353e7,0.0,0.0,81706,248714,OPTIMAL,1.7532633139645588e8,4.016376965519449e7,1.3516256174133557e8,0.0,0.0,1489306,3959534,0.0,0.0,0.00541125,0.153878041,1.625e-6,0.607704875,2.600512875,0.272686333
tyndp/gep_20_24_chronological_convex_0.01_economic,932178,20,24,chronological,convex,economic,0.01,770034.0774703614,551836.9970081598,16668.07937637411,33.10741355061891,1.1022657010364123,20,1.0,1.0000000000000002,0.0,0.0,0.2949315068493151,226715,977,0,0,OPTIMAL,6.4726439870746925e7,4.46045998618998e7,2.012184000884782e7,0.0,0.0,81706,248714,OPTIMAL,1.4150286729284552e8,4.46045998618998e7,9.68982674309402e7,0.0,0.0,1489306,3959534,0.0,0.0,0.005234584,0.156462083,0.192221375,0.672418,16.916403875,0.272686333
tyndp/gep_20_24_chronological_conical_0.01_economic,932178,20,24,chronological,conical,economic,0.01,737145.5446304065,551836.9970081598,16668.07937637411,33.10741355061891,1.1022657010364123,20,1.001172475083696,1.337113229093547,0.4657534246575342,0.4794520547945205,0.30917808219178083,241089,982,0,0,OPTIMAL,6.402264766203312e7,4.364582188150909e7,2.0376825780523553e7,0.0,0.0,81706,248714,OPTIMAL,1.3415588685554571e8,4.364582188150909e7,9.051006497398597e7,0.0,0.0,1489306,3959534,0.0,0.0,0.005260458,0.628499667,0.325459541,0.604967208,15.107949,0.272686333
tyndp/gep_20_24_chronological_conical_bounded_0.01_economic,932178,20,24,chronological,conical_bounded,economic,0.01,754475.5938774995,551836.9970081598,16668.07937637411,33.10741355061891,1.1022657010364123,20,0.9478470637644199,1.0000000000000002,0.0,0.6191780821917808,0.2928767123287671,229396,966,0,0,OPTIMAL,6.271484470261947e7,4.0037727823647015e7,2.2677116878972292e7,0.0,0.0,81706,248714,OPTIMAL,1.5203532358727145e8,4.0037727823647015e7,1.1199759576362126e8,0.0,0.0,1489306,3959534,0.0,0.0,0.005209459,0.222915209,0.171517625,0.618197875,14.652206625,0.272686333
tyndp/gep_20_24_convex_hull_dirac_0.01_economic,932178,20,24,convex_hull,dirac,economic,0.01,1.0530406846551264e6,580457.9086605712,19223.56576391385,30.195121747402183,1.1866595228343426,20,1.0,1.0,0.0,0.0,0.05,0,0,2658,4087,OPTIMAL,6.938549184297808e7,4.342577797142856e7,2.5959713871549945e7,0.0,0.0,81706,248714,OPTIMAL,6.953446359600246e7,4.342577797142856e7,2.610868562456879e7,0.0,0.0,1489306,3959534,0.0,0.0,0.00524725,0.885779958,1.209e-6,0.625150458,6.23885575,0.272686333
tyndp/gep_20_24_convex_hull_convex_0.01_economic,932178,20,24,convex_hull,convex,economic,0.01,683459.8527404695,580457.9086605712,19223.56576391385,30.195121747402183,1.1866595228343426,20,1.0,1.0000000000000002,0.0,0.0,0.36205479452054795,190537,821,2658,4087,OPTIMAL,7.303985993798667e7,4.353973974599448e7,2.9500120191992193e7,0.0,0.0,81706,248714,OPTIMAL,6.945357716091378e7,4.353973974599448e7,2.5913837414935295e7,0.0,0.0,1489306,3959534,0.0,0.0,0.005236041,0.853582791,0.144865833,0.687159958,11.887288792,0.272686333
tyndp/gep_20_24_convex_hull_conical_0.01_economic,932178,20,24,convex_hull,conical,economic,0.01,664115.3907641929,580457.9086605712,19223.56576391385,30.195121747402183,1.1866595228343426,20,0.9849790778169613,1.2752618581582316,0.4301369863013699,0.5150684931506849,0.37246575342465754,205929,851,2658,4087,OPTIMAL,7.473986658558322e7,4.3477183172872946e7,3.1262683412710357e7,0.0,0.0,81706,248714,OPTIMAL,6.990294223932886e7,4.3477183172872946e7,2.6425759066470735e7,0.0,0.0,1489306,3959534,0.0,0.0,0.005309625,0.849908667,0.0838265,0.645914125,13.395011042,0.272686333
tyndp/gep_20_24_convex_hull_conical_bounded_0.01_economic,932178,20,24,convex_hull,conical_bounded,economic,0.01,673420.9255343194,580457.9086605712,19223.56576391385,30.195121747402183,1.1866595228343426,20,0.945183653011994,1.0000000000000002,0.0,0.6575342465753424,0.35726027397260274,198127,841,2658,4087,OPTIMAL,7.347142877042364e7,4.346753476630092e7,3.0003894004122425e7,0.0,0.0,81706,248714,OPTIMAL,6.965755420741616e7,4.346753476630092e7,2.6190019441112302e7,0.0,0.0,1489306,3959534,0.0,0.0,0.005211416,0.884365833,0.159397875,0.687534958,18.041543709,0.272686333
tyndp/gep_20_24_convex_hull_with_null_dirac_0.01_economic,932178,20,24,convex_hull_with_null,dirac,economic,0.01,1.0660762542995298e6,609777.8048711139,20083.12408642919,30.362696672434556,1.1795194329739698,20,1.0,1.0,0.0,0.0,0.05,0,0,2755,4355,OPTIMAL,7.019877827429333e7,4.349273499130438e7,2.6706043282989465e7,0.0,0.0,81706,248714,OPTIMAL,6.738068159774761e7,4.349273499130438e7,2.3887946606440246e7,0.0,0.0,1489306,3959534,0.0,0.0,0.00520725,1.456638041,1.416e-6,0.583294,5.691388417,0.272686333
tyndp/gep_20_24_convex_hull_with_null_convex_0.01_economic,932178,20,24,convex_hull_with_null,convex,economic,0.01,721756.1027226945,609777.8048711139,20083.12408642919,30.362696672434556,1.1795194329739698,20,1.0,1.0000000000000002,0.0,0.0,0.3476712328767123,196111,827,2755,4355,OPTIMAL,8.808501278265828e7,4.779569407617813e7,4.028931870648032e7,0.0,0.0,81706,248714,OPTIMAL,7.135899721637711e7,4.779569407617813e7,2.356330314019109e7,0.0,0.0,1489306,3959534,0.0,0.0,0.005214625,0.856207208,0.147278459,0.684886458,16.740066875,0.272686333
tyndp/gep_20_24_convex_hull_with_null_conical_0.01_economic,932178,20,24,convex_hull_with_null,conical,economic,0.01,664034.4914377483,609777.8048711139,20083.12408642919,30.362696672434556,1.1795194329739698,20,0.9321831186611244,1.269143660200941,0.3287671232876712,0.6164383561643836,0.3593150684931507,205543,920,2755,4355,OPTIMAL,8.318534547372106e7,4.592413549456909e7,3.726120997915185e7,0.0,0.0,81706,248714,OPTIMAL,6.998791732876846e7,4.592413549456909e7,2.4063781834215585e7,0.0,0.0,1489306,3959534,0.0,0.0,0.005274333,0.918652666,0.090755166,0.638334834,19.174878666,0.272686333
tyndp/gep_20_24_convex_hull_with_null_conical_bounded_0.01_economic,932178,20,24,convex_hull_with_null,conical_bounded,economic,0.01,673197.7191915738,609777.8048711139,20083.12408642919,30.362696672434556,1.1795194329739698,20,0.9036162451274709,1.0000000000000002,0.0,0.7561643835616438,0.34876712328767123,203168,857,2755,4355,OPTIMAL,7.98930539071528e7,4.464279342262296e7,3.525026048452995e7,0.0,0.0,81706,248714,OPTIMAL,6.903430816611645e7,4.464279342262296e7,2.4391514743461516e7,0.0,0.0,1489306,3959534,0.0,0.0,0.005220166,0.895050209,0.177894916,0.684801542,17.910918166,0.272686333
tyndp/gep_20_24_conical_hull_dirac_0.01_economic,932178,20,24,conical_hull,dirac,economic,0.01,1.115835788131736e6,443946.8699342045,19005.224107725866,23.35920204980558,1.2584326060502244,20,1.0,1.0,0.0,0.0,0.05,0,0,2398,4347,OPTIMAL,7.996093751422045e7,4.136785958844638e7,3.859307792577392e7,0.0,0.0,81706,248714,OPTIMAL,7.0571477211797e7,4.136785958844638e7,2.920361762333452e7,0.0,0.0,1489306,3959534,0.0,0.0,0.006264083,0.405576708,1.416e-6,0.556290417,5.087984958,0.272686333
tyndp/gep_20_24_conical_hull_convex_0.01_economic,932178,20,24,conical_hull,convex,economic,0.01,831670.3726544824,443946.8699342045,19005.224107725866,23.35920204980558,1.2584326060502244,20,1.0,1.0000000000000002,0.0,0.0,0.3236986301369863,140678,665,2398,4347,OPTIMAL,8.874743964528638e7,4.6069445565615036e7,4.267799407967135e7,0.0,0.0,81706,248714,OPTIMAL,7.246366392656699e7,4.6069445565615036e7,2.6394218360892907e7,0.0,0.0,1489306,3959534,0.0,0.0,0.005216417,0.353710833,0.113549,0.722572875,6.957349792,0.272686333
tyndp/gep_20_24_conical_hull_conical_0.01_economic,932178,20,24,conical_hull,conical,economic,0.01,693057.756526996,443946.8699342045,19005.224107725866,23.35920204980558,1.2584326060502244,20,1.2078729954209468,1.6458538381177565,0.8493150684931506,0.0958904109589041,0.40178082191780823,168987,687,2398,4347,OPTIMAL,8.446500029493684e7,4.380432111979706e7,4.066067917514005e7,0.0,0.0,81706,248714,OPTIMAL,7.093614146073774e7,4.380432111979706e7,2.713182034094905e7,0.0,0.0,1489306,3959534,0.0,0.0,0.00522675,0.347120334,0.069072708,0.689760875,16.055193167,0.272686333
tyndp/gep_20_24_conical_hull_conical_bounded_0.01_economic,932178,20,24,conical_hull,conical_bounded,economic,0.01,831834.7275054615,443946.8699342045,19005.224107725866,23.35920204980558,1.2584326060502244,20,0.9912279242000169,1.0000000000000002,0.0,0.3506849315068493,0.3226027397260274,140755,654,2398,4347,OPTIMAL,8.885051062837721e7,4.621155841338289e7,4.26389522149945e7,0.0,0.0,81706,248714,OPTIMAL,7.291567269904901e7,4.621155841338289e7,2.670411428566236e7,0.0,0.0,1489306,3959534,0.0,0.0,0.005224209,0.362959292,0.116318459,0.653865292,7.164345667,0.272686333
tyndp/gep_40_24_k_means_dirac_0.01_economic,932178,40,24,k_means,dirac,economic,0.01,704597.5038516291,805593.9592598748,3788.6480166969723,212.6336243719493,1.0794260419892576,40,1.0,1.0,0.0,0.0,0.025,0,0,0,0,OPTIMAL,5.445631963354742e7,3.5450664236504346e7,1.9005655397043288e7,0.0,0.0,163306,463834,OPTIMAL,1.1706936879422618e8,3.5450664236504346e7,8.16187045577517e7,0.0,0.0,1489306,3959534,0.0,0.0,0.005470334,0.163412083,9.59e-7,0.829564666,8.646585875,0.272686333
tyndp/gep_40_24_k_means_convex_0.01_economic,932178,40,24,k_means,convex,economic,0.01,647817.429209621,805593.9592598748,3788.6480166969723,212.6336243719493,1.0794260419892576,40,1.0,1.0000000000000002,0.0,0.0,0.11273972602739726,396736,2401,0,0,OPTIMAL,5.56457710603787e7,3.6141396253008015e7,1.950437480736972e7,0.0,0.0,163306,463834,OPTIMAL,1.1896760116147335e8,3.6141396253008015e7,8.282620490848343e7,0.0,0.0,1489306,3959534,0.0,0.0,0.0062475,0.158816625,1.21915,0.899102,19.519070583,0.272686333
tyndp/gep_40_24_k_means_conical_0.01_economic,932178,40,24,k_means,conical,economic,0.01,625861.985558134,805593.9592598748,3788.6480166969723,212.6336243719493,1.0794260419892576,40,1.0107194375716526,1.2764764070496515,0.5753424657534246,0.4191780821917808,0.11726027397260275,432070,2444,0,0,OPTIMAL,5.591932521110473e7,3.605515651808267e7,1.9864168693021655e7,0.0,0.0,163306,463834,OPTIMAL,1.1908770872926094e8,3.605515651808267e7,8.303255221119665e7,0.0,0.0,1489306,3959534,0.0,0.0,0.005305958,0.246387458,0.3712985,0.980467125,20.132060792,0.272686333
tyndp/gep_40_24_k_means_conical_bounded_0.01_economic,932178,40,24,k_means,conical_bounded,economic,0.01,639675.925479938,805593.9592598748,3788.6480166969723,212.6336243719493,1.0794260419892576,40,0.9643318177543008,1.0000000000000002,0.0,0.5671232876712329,0.1121917808219178,399264,2055,0,0,OPTIMAL,5.539910082843188e7,3.613003793717532e7,1.926906289125645e7,0.0,0.0,163306,463834,OPTIMAL,1.1914460662505387e8,3.613003793717532e7,8.301456868793355e7,0.0,0.0,1489306,3959534,0.0,0.0,0.005355458,0.238236875,0.585534333,0.947786083,19.903447375,0.272686333
tyndp/gep_40_24_k_medoids_dirac_0.01_economic,932178,40,24,k_medoids,dirac,economic,0.01,890236.9798100523,798189.1832513624,12502.460153752583,63.84256965712367,1.1390287747353094,40,1.0,1.0,0.0,0.0,0.025,0,0,0,0,OPTIMAL,6.163517799368498e7,4.211333517195102e7,1.9521842821732808e7,0.0,0.0,163306,463834,OPTIMAL,8.166322869998148e7,4.211333517195102e7,3.954989352805211e7,0.0,0.0,1489306,3959534,0.0,0.0,0.005256333,0.153930125,1.75e-6,0.900900166,19.50258125,0.272686333
tyndp/gep_40_24_k_medoids_convex_0.01_economic,932178,40,24,k_medoids,convex,economic,0.01,641343.8609908007,798189.1832513624,12502.460153752583,63.84256965712367,1.1390287747353094,40,1.0,1.0000000000000002,0.0,0.0,0.18315068493150685,323342,1582,0,0,OPTIMAL,6.387927707878119e7,4.1018217545199804e7,2.286105953358178e7,0.0,0.0,163306,463834,OPTIMAL,7.730722908079855e7,4.1018217545199804e7,3.628901153559855e7,0.0,0.0,1489306,3959534,0.0,0.0,0.005164584,0.15316875,0.501573833,1.002316125,35.239491333,0.272686333
tyndp/gep_40_24_k_medoids_conical_0.01_economic,932178,40,24,k_medoids,conical,economic,0.01,622177.4554226884,798189.1832513624,12502.460153752583,63.84256965712367,1.1390287747353094,40,1.016510519256935,1.3356264620471436,0.5068493150684932,0.3835616438356164,0.19404109589041096,341623,1488,0,0,OPTIMAL,6.435176470060068e7,4.162280321093897e7,2.2728961489662275e7,0.0,0.0,163306,463834,OPTIMAL,7.71666765453345e7,4.162280321093897e7,3.5543873334407076e7,0.0,0.0,1489306,3959534,0.0,0.0,0.00532575,0.149198959,0.311183542,1.019808834,27.075595208,0.272686333
tyndp/gep_40_24_k_medoids_conical_bounded_0.01_economic,932178,40,24,k_medoids,conical_bounded,economic,0.01,635017.6649163234,798189.1832513624,12502.460153752583,63.84256965712367,1.1390287747353094,40,0.9646278218224634,1.0000000000000002,0.0,0.6082191780821918,0.1834931506849315,326536,1608,0,0,OPTIMAL,6.3213120100749426e7,4.101472840363358e7,2.2198391697116002e7,0.0,0.0,163306,463834,OPTIMAL,7.722932010251983e7,4.101472840363358e7,3.6214591698857374e7,0.0,0.0,1489306,3959534,0.0,0.0,0.005187042,0.151969875,0.491266625,0.99521125,28.498193292,0.272686333
tyndp/gep_40_24_hierarchical_dirac_0.01_economic,932178,40,24,hierarchical,dirac,economic,0.01,894045.8819346086,793897.1551504757,9996.195093761442,79.41993405530286,1.1294706936853522,40,1.0,1.0,0.0,0.0,0.025,0,0,0,0,OPTIMAL,6.387705656291582e7,4.068942318613703e7,2.3187633376778223e7,0.0,0.0,163306,463834,OPTIMAL,7.670777715316807e7,4.068942318613703e7,3.60183539669758e7,0.0,0.0,1489306,3959534,0.0,0.0,0.00520725,0.232801291,8.33e-7,0.919566667,12.735251542,0.272686333
tyndp/gep_40_24_hierarchical_convex_0.01_economic,932178,40,24,hierarchical,convex,economic,0.01,645858.7599368312,793897.1551504757,9996.195093761442,79.41993405530286,1.1294706936853522,40,1.0,1.0000000000000004,0.0,0.0,0.17678082191780822,334421,1603,0,0,OPTIMAL,6.42849753277048e7,4.021523300510267e7,2.4069742322602637e7,0.0,0.0,163306,463834,OPTIMAL,7.997148033177502e7,4.021523300510267e7,3.9756247326671004e7,0.0,0.0,1489306,3959534,0.0,0.0,0.005374209,0.235754958,0.473177125,0.936217583,24.016906125,0.272686333
tyndp/gep_40_24_hierarchical_conical_0.01_economic,932178,40,24,hierarchical,conical,economic,0.01,623429.6552996491,793897.1551504757,9996.195093761442,79.41993405530286,1.1294706936853522,40,1.0143417317335386,1.3904104315193866,0.5013698630136987,0.38904109589041097,0.1841095890410959,352028,1609,0,0,OPTIMAL,6.47088105217642e7,4.0515727897280574e7,2.4193082624483388e7,0.0,0.0,163306,463834,OPTIMAL,7.746415284871991e7,4.0515727897280574e7,3.694842495147041e7,0.0,0.0,1489306,3959534,0.0,0.0,0.005198959,0.186896583,0.310746542,1.047424583,26.278141333,0.272686333
tyndp/gep_40_24_hierarchical_conical_bounded_0.01_economic,932178,40,24,hierarchical,conical_bounded,economic,0.01,637975.7185443251,793897.1551504757,9996.195093761442,79.41993405530286,1.1294706936853522,40,0.9617147277833826,1.0000000000000002,0.0,0.5835616438356165,0.17383561643835616,334359,1613,0,0,OPTIMAL,6.352193745339117e7,3.993047538214226e7,2.3591462071249288e7,0.0,0.0,163306,463834,OPTIMAL,7.99678716006464e7,3.993047538214226e7,4.003739621850443e7,0.0,0.0,1489306,3959534,0.0,0.0,0.005449958,0.15100175,0.511556334,0.988350458,24.128964542,0.272686333
tyndp/gep_40_24_chronological_dirac_0.01_economic,932178,40,24,chronological,dirac,economic,0.01,1.0532766718733418e6,787227.3254778087,11840.582247985081,66.48552486612486,1.1252889007653994,40,1.0,1.0,0.0,0.0,0.025,0,0,0,0,OPTIMAL,6.502545686930759e7,4.300815354604532e7,2.201730332326553e7,0.0,0.0,163306,463834,OPTIMAL,9.168434032434255e7,4.300815354604532e7,4.867618677824593e7,0.0,0.0,1489306,3959534,0.0,0.0,0.005285083,0.2348655,6.25e-7,0.893122959,6.264090959,0.272686333
tyndp/gep_40_24_chronological_convex_0.01_economic,932178,40,24,chronological,convex,economic,0.01,669729.8524574473,787227.3254778087,11840.582247985081,66.48552486612486,1.1252889007653994,40,1.0,1.0000000000000002,0.0,0.0,0.1715068493150685,336092,1599,0,0,OPTIMAL,6.4183988708228976e7,4.3823872925439484e7,2.036011578278978e7,0.0,0.0,163306,463834,OPTIMAL,9.186558769532984e7,4.3823872925439484e7,4.8041714769855484e7,0.0,0.0,1489306,3959534,0.0,0.0,0.005224041,0.151029667,0.507627042,0.987799416,26.816970375,0.272686333
tyndp/gep_40_24_chronological_conical_0.01_economic,932178,40,24,chronological,conical,economic,0.01,640832.6508048272,787227.3254778087,11840.582247985081,66.48552486612486,1.1252889007653994,40,0.9930115980512629,1.2875357916794041,0.4520547945205479,0.4383561643835616,0.18082191780821918,351877,1558,0,0,OPTIMAL,6.4080908842632614e7,4.3769650569472566e7,2.0311258273160543e7,0.0,0.0,163306,463834,OPTIMAL,9.043220702580544e7,4.3769650569472566e7,4.66625564562772e7,0.0,0.0,1489306,3959534,0.0,0.0,0.00513525,0.152302541,0.329979292,0.997007292,30.613814334,0.272686333
tyndp/gep_40_24_chronological_conical_bounded_0.01_economic,932178,40,24,chronological,conical_bounded,economic,0.01,655390.192063095,787227.3254778087,11840.582247985081,66.48552486612486,1.1252889007653994,40,0.9498031451172235,1.0000000000000002,0.0,0.6136986301369863,0.17027397260273971,336848,1599,0,0,OPTIMAL,6.3225958735702164e7,4.225374618903353e7,2.0972212546668958e7,0.0,0.0,163306,463834,OPTIMAL,9.395846134178524e7,4.225374618903353e7,5.170471515277796e7,0.0,0.0,1489306,3959534,0.0,0.0,0.00520875,0.150614458,0.526336667,1.011215792,29.138201291,0.272686333
tyndp/gep_40_24_convex_hull_dirac_0.01_economic,932178,40,24,convex_hull,dirac,economic,0.01,967337.3592936341,809317.9601566794,13469.244115464817,60.08636811530164,1.1814863173937136,40,1.0,1.0,0.0,0.0,0.025,0,0,7508,5947,OPTIMAL,7.015006102254528e7,4.2597780472899064e7,2.7552280549647037e7,0.0,0.0,163306,463834,OPTIMAL,6.768441731962128e7,4.2597780472899064e7,2.5086636846760225e7,0.0,0.0,1489306,3959534,0.0,0.0,0.005194583,2.410525417,1.709e-6,0.853185459,16.83319925,0.272686333
tyndp/gep_40_24_convex_hull_convex_0.01_economic,932178,40,24,convex_hull,convex,economic,0.01,603469.8251860148,809317.9601566794,13469.244115464817,60.08636811530164,1.1814863173937136,40,1.0,1.0000000000000004,0.0,0.0,0.20568493150684933,291017,1237,7508,5947,OPTIMAL,7.435274451476951e7,4.288842418367293e7,3.146432033109612e7,0.0,0.0,163306,463834,OPTIMAL,6.818720303425823e7,4.288842418367293e7,2.529877885056439e7,0.0,0.0,1489306,3959534,0.0,0.0,0.005243958,2.385814667,0.420820042,0.92985625,20.699434667,0.272686333
tyndp/gep_40_24_convex_hull_conical_0.01_economic,932178,40,24,convex_hull,conical,economic,0.01,584906.079847092,809317.9601566794,13469.244115464817,60.08636811530164,1.1814863173937136,40,1.022892656723423,1.30706603428146,0.5452054794520548,0.3452054794520548,0.21780821917808219,314060,1358,7508,5947,OPTIMAL,7.661062970007986e7,4.329391817639438e7,3.331671152368665e7,0.0,0.0,163306,463834,OPTIMAL,6.807522335402812e7,4.329391817639438e7,2.4781305177606914e7,0.0,0.0,1489306,3959534,0.0,0.0,0.005254916,2.409474834,0.279672459,0.932189917,26.10086775,0.272686333
tyndp/gep_40_24_convex_hull_conical_bounded_0.01_economic,932178,40,24,convex_hull,conical_bounded,economic,0.01,598361.122589136,809317.9601566794,13469.244115464817,60.08636811530164,1.1814863173937136,40,0.9659919745648355,1.0000000000000002,0.0,0.6273972602739726,0.20506849315068493,298498,1350,7508,5947,OPTIMAL,7.434850881372334e7,4.2864458024694785e7,3.148405078902869e7,0.0,0.0,163306,463834,OPTIMAL,6.830301296451509e7,4.2864458024694785e7,2.543855493980155e7,0.0,0.0,1489306,3959534,0.0,0.0,0.005165542,2.457907708,0.427796625,0.966187,25.457554708,0.272686333
tyndp/gep_40_24_convex_hull_with_null_dirac_0.01_economic,932178,40,24,convex_hull_with_null,dirac,economic,0.01,968898.8916345804,841475.0796845342,11852.38409904447,70.9962715224841,1.1725044111797813,40,1.0,1.0,0.0,0.0,0.025,0,0,7703,6117,OPTIMAL,6.620317837266462e7,4.288707429632832e7,2.331610407633534e7,0.0,0.0,163306,463834,OPTIMAL,6.700993770864227e7,4.288707429632832e7,2.4122863412305348e7,0.0,0.0,1489306,3959534,0.0,0.0,0.005234292,2.423927166,1.167e-6,0.879097416,17.121254792,0.272686333
tyndp/gep_40_24_convex_hull_with_null_convex_0.01_economic,932178,40,24,convex_hull_with_null,convex,economic,0.01,627323.4610020159,841475.0796845342,11852.38409904447,70.9962715224841,1.1725044111797813,40,1.0,1.0000000000000002,0.0,0.0,0.20123287671232876,303500,1453,7703,6117,OPTIMAL,7.300812167547812e7,4.378319373377972e7,2.9224927941698126e7,0.0,0.0,163306,463834,OPTIMAL,6.764081831637858e7,4.378319373377972e7,2.3857624582590338e7,0.0,0.0,1489306,3959534,0.0,0.0,0.005254084,2.931532584,0.352514041,0.999813167,37.540225959,0.272686333
tyndp/gep_40_24_convex_hull_with_null_conical_0.01_economic,932178,40,24,convex_hull_with_null,conical,economic,0.01,588096.3781584927,841475.0796845342,11852.38409904447,70.9962715224841,1.1725044111797813,40,0.9671048726093889,1.2572905346497698,0.3589041095890411,0.5315068493150685,0.20616438356164385,317833,1368,7703,6117,OPTIMAL,7.383691508429104e7,4.360760422050582e7,3.022931086378475e7,0.0,0.0,163306,463834,OPTIMAL,6.789299494753553e7,4.360760422050582e7,2.4285390727039915e7,0.0,0.0,1489306,3959534,0.0,0.0,0.005229,3.1862275,0.237588833,0.942413375,30.22241275,0.272686333
tyndp/gep_40_24_convex_hull_with_null_conical_bounded_0.01_economic,932178,40,24,convex_hull_with_null,conical_bounded,economic,0.01,598724.9154393891,841475.0796845342,11852.38409904447,70.9962715224841,1.1725044111797813,40,0.9307424026166303,1.0000000000000002,0.0,0.7287671232876712,0.19808219178082193,308702,1310,7703,6117,OPTIMAL,7.163234742426045e7,4.346895032911797e7,2.816339709514345e7,0.0,0.0,163306,463834,OPTIMAL,6.791981364438596e7,4.346895032911797e7,2.445086331527288e7,0.0,0.0,1489306,3959534,0.0,0.0,0.0054585,2.428177875,0.560101292,1.037199459,27.691362125,0.272686333
tyndp/gep_40_24_conical_hull_dirac_0.01_economic,932178,40,24,conical_hull,dirac,economic,0.01,1.0353380950987774e6,632004.0764349746,12102.42032567491,52.22129618934136,1.2434972759375331,40,1.0,1.0,0.0,0.0,0.025,0,0,7164,6291,OPTIMAL,7.465218982880054e7,4.727252496737441e7,2.7379664861426592e7,0.0,0.0,163306,463834,OPTIMAL,7.452521166697356e7,4.727252496737441e7,2.7252686699686028e7,0.0,0.0,1489306,3959534,0.0,0.0,0.00529,0.61574975,1.833e-6,0.926304708,10.10568875,0.272686333
tyndp/gep_40_24_conical_hull_convex_0.01_economic,932178,40,24,conical_hull,convex,economic,0.01,743073.9231441981,632004.0764349746,12102.42032567491,52.22129618934136,1.2434972759375331,40,1.0,1.0000000000000002,0.0,0.0,0.1795890410958904,220253,1185,7164,6291,OPTIMAL,8.334489460355076e7,4.9908320016130716e7,3.3436574587419555e7,0.0,0.0,163306,463834,OPTIMAL,7.493603139527765e7,4.9908320016130716e7,2.5027711379183695e7,0.0,0.0,1489306,3959534,0.0,0.0,0.005231125,0.600369542,0.3245175,1.014563166,24.057936792,0.272686333
tyndp/gep_40_24_conical_hull_conical_0.01_economic,932178,40,24,conical_hull,conical,economic,0.01,617469.2099068221,632004.0764349746,12102.42032567491,52.22129618934136,1.2434972759375331,40,1.1858803711372983,1.615373686240662,0.8191780821917808,0.07123287671232877,0.22726027397260273,270990,1169,7164,6291,OPTIMAL,8.307420579792264e7,4.7759764610901915e7,3.531444118702137e7,0.0,0.0,163306,463834,OPTIMAL,7.258953767774302e7,4.7759764610901915e7,2.4829773066832233e7,0.0,0.0,1489306,3959534,0.0,0.0,0.005266083,0.645731792,0.2358065,0.999101833,24.616295333,0.272686333
tyndp/gep_40_24_conical_hull_conical_bounded_0.01_economic,932178,40,24,conical_hull,conical_bounded,economic,0.01,744087.3581125847,632004.0764349746,12102.42032567491,52.22129618934136,1.2434972759375331,40,0.9924023993286043,1.0000000000000002,0.0,0.410958904109589,0.1791095890410959,220089,1047,7164,6291,OPTIMAL,8.336394907809384e7,4.989289044634729e7,3.3471058631746337e7,0.0,0.0,163306,463834,OPTIMAL,7.503288701864605e7,4.989289044634729e7,2.5139996572275635e7,0.0,0.0,1489306,3959534,0.0,0.0,0.005261292,0.645334625,0.341258042,0.990108958,20.404931667,0.272686333
tyndp/gep_80_24_k_means_dirac_0.01_economic,932178,80,24,k_means,dirac,economic,0.01,628513.7103235732,1.127720569620244e6,3445.0171537948113,327.3483176645489,1.1005511367696728,80,1.0,1.0,0.0,0.0,0.0125,0,0,0,0,OPTIMAL,5.556341768183722e7,3.644634405945956e7,1.9117073622380234e7,0.0,0.0,326506,894074,OPTIMAL,8.695840159720938e7,3.644634405945956e7,5.051205753775469e7,0.0,0.0,1489306,3959534,0.0,0.0,0.005166625,0.1984565,1.958e-6,1.564126792,31.363123292,0.272686333
tyndp/gep_80_24_k_means_convex_0.01_economic,932178,80,24,k_means,convex,economic,0.01,566476.4269271526,1.127720569620244e6,3445.0171537948113,327.3483176645489,1.1005511367696728,80,1.0,1.0000000000000002,0.0,0.0,0.06479452054794521,551027,3398,0,0,OPTIMAL,5.626304741139347e7,3.674026218922376e7,1.9522785222170427e7,0.0,0.0,326506,894074,OPTIMAL,8.6523834840589e7,3.674026218922376e7,4.978357265135359e7,0.0,0.0,1489306,3959534,0.0,0.0,0.005301083,0.235012792,1.726446417,1.5901195,88.489738167,0.272686333
tyndp/gep_80_24_k_means_conical_0.01_economic,932178,80,24,k_means,conical,economic,0.01,547810.7152560182,1.127720569620244e6,3445.0171537948113,327.3483176645489,1.1005511367696728,80,1.01513679771505,1.2502772939512934,0.5780821917808219,0.3863013698630137,0.06938356164383562,599407,3441,0,0,OPTIMAL,5.6459410006512225e7,3.666246367167016e7,1.9796946334843095e7,0.0,0.0,326506,894074,OPTIMAL,8.759112844627458e7,3.666246367167016e7,5.0928664774571806e7,0.0,0.0,1489306,3959534,0.0,0.0,0.005621042,0.160797458,1.149134041,1.622023541,98.74076675,0.272686333
tyndp/gep_80_24_k_means_conical_bounded_0.01_economic,932178,80,24,k_means,conical_bounded,economic,0.01,561146.155614824,1.127720569620244e6,3445.0171537948113,327.3483176645489,1.1005511367696728,80,0.9705347892393665,1.0000000000000002,0.0,0.6,0.06445205479452054,550556,3023,0,0,OPTIMAL,5.6046732087340795e7,3.669348365293239e7,1.935324843440889e7,0.0,0.0,326506,894074,OPTIMAL,8.64022928782926e7,3.669348365293239e7,4.970880922535904e7,0.0,0.0,1489306,3959534,0.0,0.0,0.0052455,0.167169042,1.828427375,1.761556333,99.585496583,0.272686333
tyndp/gep_80_24_k_medoids_dirac_0.01_economic,932178,80,24,k_medoids,dirac,economic,0.01,793129.8282355489,1.123476185789397e6,7513.056079704571,149.5365100261004,1.1469670969747237,80,1.0,1.0,0.0,0.0,0.0125,0,0,0,0,OPTIMAL,6.572264864386997e7,4.213544101498589e7,2.3587207628883917e7,0.0,0.0,326506,894074,OPTIMAL,6.747428823445667e7,4.213544101498589e7,2.533884721946618e7,0.0,0.0,1489306,3959534,0.0,0.0,0.005231209,0.183920917,1.667e-6,2.25605025,35.961670375,0.272686333
tyndp/gep_80_24_k_medoids_convex_0.01_economic,932178,80,24,k_medoids,convex,economic,0.01,551802.4404443726,1.123476185789397e6,7513.056079704571,149.5365100261004,1.1469670969747237,80,1.0,1.0000000000000002,0.0,0.0,0.09654109589041096,454654,2279,0,0,OPTIMAL,6.62211951479772e7,4.248981312001351e7,2.3731382027963758e7,0.0,0.0,326506,894074,OPTIMAL,6.714338988488382e7,4.248981312001351e7,2.4653576764876436e7,0.0,0.0,1489306,3959534,0.0,0.0,0.005318959,0.153356208,1.420030625,1.700383,119.950261917,0.272686333
tyndp/gep_80_24_k_medoids_conical_0.01_economic,932178,80,24,k_medoids,conical,economic,0.01,531110.0602584751,1.123476185789397e6,7513.056079704571,149.5365100261004,1.1469670969747237,80,1.0233597729627881,1.410844356149758,0.4821917808219178,0.29863013698630136,0.1015068493150685,476793,2273,0,0,OPTIMAL,6.71360261555628e7,4.269023791866214e7,2.4445788236899927e7,0.0,0.0,326506,894074,OPTIMAL,6.716798515919347e7,4.269023791866214e7,2.4477747240523443e7,0.0,0.0,1489306,3959534,0.0,0.0,0.005211708,0.72547975,0.979168667,1.841263833,98.763246958,0.272686333
tyndp/gep_80_24_k_medoids_conical_bounded_0.01_economic,932178,80,24,k_medoids,conical_bounded,economic,0.01,546974.3896401178,1.123476185789397e6,7513.056079704571,149.5365100261004,1.1469670969747237,80,0.9725208625593017,1.0000000000000002,0.0,0.5643835616438356,0.09544520547945205,456390,2100,0,0,OPTIMAL,6.627568128273959e7,4.2661918008473955e7,2.3613763274266228e7,0.0,0.0,326506,894074,OPTIMAL,6.703271913085324e7,4.2661918008473955e7,2.437080112235713e7,0.0,0.0,1489306,3959534,0.0,0.0,0.005199958,0.173104292,1.443077625,2.148406083,83.519758708,0.272686333
tyndp/gep_80_24_hierarchical_dirac_0.01_economic,932178,80,24,hierarchical,dirac,economic,0.01,798539.0644893756,1.105920294137535e6,7440.207863254373,148.64104800074787,1.146223411751886,80,1.0,1.0,0.0,0.0,0.0125,0,0,0,0,OPTIMAL,6.4794498433803655e7,4.1102043157135665e7,2.36924552766683e7,0.0,0.0,326506,894074,OPTIMAL,6.770853665552655e7,4.1102043157135665e7,2.660649349842045e7,0.0,0.0,1489306,3959534,0.0,0.0,0.005517167,0.16956025,1.708e-6,2.148573167,48.280642,0.272686333
tyndp/gep_80_24_hierarchical_convex_0.01_economic,932178,80,24,hierarchical,convex,economic,0.01,558807.3527959974,1.105920294137535e6,7440.207863254373,148.64104800074787,1.146223411751886,80,1.0,1.0000000000000002,0.0,0.0,0.09342465753424657,449713,2388,0,0,OPTIMAL,6.722530037001398e7,4.157373197118249e7,2.565156839883099e7,0.0,0.0,326506,894074,OPTIMAL,6.780769924973841e7,4.157373197118249e7,2.6233967278543763e7,0.0,0.0,1489306,3959534,0.0,0.0,0.00522425,0.193770209,1.415254458,1.601912333,119.52441475,0.272686333
tyndp/gep_80_24_hierarchical_conical_0.01_economic,932178,80,24,hierarchical,conical,economic,0.01,537980.0097752269,1.105920294137535e6,7440.207863254373,148.64104800074787,1.146223411751886,80,1.0259028671913353,1.31899931800199,0.4876712328767123,0.29315068493150687,0.10013698630136986,473009,2442,0,0,OPTIMAL,6.823584051127544e7,4.126856566711265e7,2.6967274844162874e7,0.0,0.0,326506,894074,OPTIMAL,6.798578832462348e7,4.126856566711265e7,2.671722265747673e7,0.0,0.0,1489306,3959534,0.0,0.0,0.005231458,0.198380708,0.887313916,1.726412375,130.595987917,0.272686333
tyndp/gep_80_24_hierarchical_conical_bounded_0.01_economic,932178,80,24,hierarchical,conical_bounded,economic,0.01,554704.2861532929,1.105920294137535e6,7440.207863254373,148.64104800074787,1.146223411751886,80,0.9720192561812158,1.0000000000000002,0.0,0.5534246575342465,0.0923972602739726,448583,2615,0,0,OPTIMAL,6.6798083093068935e7,4.142474677035893e7,2.537333632271025e7,0.0,0.0,326506,894074,OPTIMAL,6.829797005470835e7,4.142474677035893e7,2.687322328436249e7,0.0,0.0,1489306,3959534,0.0,0.0,0.005207333,0.184648875,2.086343292,1.608073708,117.672979042,0.272686333
tyndp/gep_80_24_chronological_dirac_0.01_economic,932178,80,24,chronological,dirac,economic,0.01,959476.1405021057,1.1075656872721985e6,7030.116525603283,157.5458505187656,1.1369443765553642,80,1.0,1.0,0.0,0.0,0.0125,0,0,0,0,OPTIMAL,6.372477289536736e7,4.145386983003486e7,2.2270903065328386e7,0.0,0.0,326506,894074,OPTIMAL,6.92267527718241e7,4.145386983003486e7,2.7772882941796783e7,0.0,0.0,1489306,3959534,0.0,0.0,0.005228333,0.169287334,1.833e-6,1.56570075,12.27219175,0.272686333
tyndp/gep_80_24_chronological_convex_0.01_economic,932178,80,24,chronological,convex,economic,0.01,574430.1254998135,1.1075656872721985e6,7030.116525603283,157.5458505187656,1.1369443765553642,80,1.0,1.0000000000000002,0.0,0.0,0.09366438356164383,456317,2366,0,0,OPTIMAL,6.294859529432836e7,4.106325056286427e7,2.188534473146327e7,0.0,0.0,326506,894074,OPTIMAL,6.911319589610064e7,4.106325056286427e7,2.8049945333198674e7,0.0,0.0,1489306,3959534,0.0,0.0,0.005283,0.659844667,1.473352958,1.636752625,109.979564875,0.272686333
tyndp/gep_80_24_chronological_conical_0.01_economic,932178,80,24,chronological,conical,economic,0.01,553252.3026360731,1.1075656872721985e6,7030.116525603283,157.5458505187656,1.1369443765553642,80,1.0286053123375747,1.575235111175296,0.4958904109589041,0.28493150684931506,0.10078767123287671,482577,2402,0,0,OPTIMAL,6.326056205450074e7,4.102591786929513e7,2.223464418520497e7,0.0,0.0,326506,894074,OPTIMAL,6.910669032635584e7,4.102591786929513e7,2.8080772457021993e7,0.0,0.0,1489306,3959534,0.0,0.0,0.005238167,0.14958225,0.920226625,1.662895334,128.699795041,0.272686333
tyndp/gep_80_24_chronological_conical_bounded_0.01_economic,932178,80,24,chronological,conical_bounded,economic,0.01,569790.1936755336,1.1075656872721985e6,7030.116525603283,157.5458505187656,1.1369443765553642,80,0.9729988006788184,1.0000000000000002,0.0,0.547945205479452,0.09410958904109588,460482,2251,0,0,OPTIMAL,6.264072166855582e7,4.1147763208351925e7,2.1492958460205264e7,0.0,0.0,326506,894074,OPTIMAL,6.908241072439617e7,4.1147763208351925e7,2.7934647516034886e7,0.0,0.0,1489306,3959534,0.0,0.0,0.005134417,0.721309583,1.435161417,1.817389917,146.144935125,0.272686333
tyndp/gep_80_24_convex_hull_dirac_0.01_economic,932178,80,24,convex_hull,dirac,economic,0.01,843281.6336204498,1.13098601690806e6,8176.666813720654,138.31871136172956,1.180462648903503,80,1.0,1.0,0.0,0.0,0.0125,0,0,17891,7784,OPTIMAL,6.850671786670153e7,4.291375043523006e7,2.5592967431469318e7,0.0,0.0,326506,894074,OPTIMAL,6.702315637929437e7,4.291375043523006e7,2.410940594404806e7,0.0,0.0,1489306,3959534,0.0,0.0,0.005190708,7.941825166,1.042e-6,1.479407709,41.538649917,0.272686333
tyndp/gep_80_24_convex_hull_convex_0.01_economic,932178,80,24,convex_hull,convex,economic,0.01,515385.32531125814,1.13098601690806e6,8176.666813720654,138.31871136172956,1.180462648903503,80,1.0,1.0000000000000002,0.0,0.0,0.1047945205479452,423266,2111,17891,7784,OPTIMAL,7.141674353391257e7,4.3826835251026176e7,2.758990828288722e7,0.0,0.0,326506,894074,OPTIMAL,6.7064425459634736e7,4.3826835251026176e7,2.3237590208580032e7,0.0,0.0,1489306,3959534,0.0,0.0,0.00525925,7.9570665,1.169514958,1.581463375,75.172112209,0.272686333
tyndp/gep_80_24_convex_hull_conical_0.01_economic,932178,80,24,convex_hull,conical,economic,0.01,496387.4147207392,1.13098601690806e6,8176.666813720654,138.31871136172956,1.180462648903503,80,1.0205529958703354,1.2656341789494567,0.4904109589041096,0.29041095890410956,0.11099315068493151,447066,2300,17891,7784,OPTIMAL,7.334727675320958e7,4.464941578059818e7,2.8697860972609825e7,0.0,0.0,326506,894074,OPTIMAL,6.770728848708637e7,4.464941578059818e7,2.305787270649247e7,0.0,0.0,1489306,3959534,0.0,0.0,0.005180541,8.43058025,0.949379125,1.73515525,112.262715083,0.272686333
tyndp/gep_80_24_convex_hull_conical_bounded_0.01_economic,932178,80,24,convex_hull,conical_bounded,economic,0.01,511631.871352587,1.13098601690806e6,8176.666813720654,138.31871136172956,1.180462648903503,80,0.9710509116683956,1.0000000000000002,0.0,0.6191780821917808,0.10465753424657534,425267,2111,17891,7784,OPTIMAL,7.130624116560437e7,4.379889911845073e7,2.7507342047154043e7,0.0,0.0,326506,894074,OPTIMAL,6.71546424083329e7,4.379889911845073e7,2.335574328986805e7,0.0,0.0,1489306,3959534,0.0,0.0,0.005241791,8.588825541,1.309341167,1.598903041,91.232471208,0.272686333
tyndp/gep_80_24_convex_hull_with_null_dirac_0.01_economic,932178,80,24,convex_hull_with_null,dirac,economic,0.01,852634.1163179971,1.1550560939101395e6,8070.097622804884,143.1278960797357,1.1756347953275954,80,1.0,1.0,0.0,0.0,0.0125,0,0,17999,8041,OPTIMAL,6.652044104309683e7,4.2388916205636844e7,2.4131524837457076e7,0.0,0.0,326506,894074,OPTIMAL,6.7289305800841e7,4.2388916205636844e7,2.4900389595211755e7,0.0,0.0,1489306,3959534,0.0,0.0,0.005547959,9.020310417,1.041e-6,1.460507167,46.71198675,0.272686333
tyndp/gep_80_24_convex_hull_with_null_convex_0.01_economic,932178,80,24,convex_hull_with_null,convex,economic,0.01,530958.8603739516,1.1550560939101395e6,8070.097622804884,143.1278960797357,1.1756347953275954,80,1.0,1.0000000000000002,0.0,0.0,0.10208904109589041,422095,1995,17999,8041,OPTIMAL,7.095005824515542e7,4.4094510831409745e7,2.685554741374576e7,0.0,0.0,326506,894074,OPTIMAL,6.728448472270225e7,4.4094510831409745e7,2.3189973891302574e7,0.0,0.0,1489306,3959534,0.0,0.0,0.005232291,8.28888725,1.159046584,1.616793041,95.518168333,0.272686333
tyndp/gep_80_24_convex_hull_with_null_conical_0.01_economic,932178,80,24,convex_hull_with_null,conical,economic,0.01,499387.0824303001,1.1550560939101395e6,8070.097622804884,143.1278960797357,1.1756347953275954,80,0.9883468382213283,1.2523886722140125,0.3561643835616438,0.4246575342465753,0.10910958904109588,449815,2258,17999,8041,OPTIMAL,7.17257963279695e7,4.44029394439375e7,2.732285688403201e7,0.0,0.0,326506,894074,OPTIMAL,6.774766653960484e7,4.44029394439375e7,2.33447270957091e7,0.0,0.0,1489306,3959534,0.0,0.0,0.005250084,8.786100083,0.798196792,1.631259458,77.45739925,0.272686333
tyndp/gep_80_24_convex_hull_with_null_conical_bounded_0.01_economic,932178,80,24,convex_hull_with_null,conical_bounded,economic,0.01,512553.73687868024,1.1550560939101395e6,8070.097622804884,143.1278960797357,1.1756347953275954,80,0.9501715690498801,1.0000000000000002,0.0,0.6356164383561644,0.10263698630136986,434162,2354,17999,8041,OPTIMAL,7.003478066530667e7,4.3949223088826776e7,2.608555757647946e7,0.0,0.0,326506,894074,OPTIMAL,6.724639187196311e7,4.3949223088826776e7,2.3297168783137493e7,0.0,0.0,1489306,3959534,0.0,0.0,0.005205292,8.671105,1.214799083,1.769675333,106.226907791,0.272686333
tyndp/gep_80_24_conical_hull_dirac_0.01_economic,932178,80,24,conical_hull,dirac,economic,0.01,922104.2164758873,920386.4607424793,7220.2653562854175,127.47266413709579,1.2241591730813757,80,1.0,1.0,0.0,0.0,0.0125,0,0,16886,8789,OPTIMAL,6.885686085430016e7,4.068131843388921e7,2.8175542420411382e7,0.0,0.0,326506,894074,OPTIMAL,6.856664528747974e7,4.068131843388921e7,2.7885326853547152e7,0.0,0.0,1489306,3959534,0.0,0.0,0.005035875,1.959153792,1.542e-6,1.486206625,25.63936225,0.272686333
tyndp/gep_80_24_conical_hull_convex_0.01_economic,932178,80,24,conical_hull,convex,economic,0.01,642665.1713420781,920386.4607424793,7220.2653562854175,127.47266413709579,1.2241591730813757,80,1.0,1.0000000000000002,0.0,0.0,0.0963013698630137,329843,1713,16886,8789,OPTIMAL,7.586612875258683e7,4.3958807168310404e7,3.1907321584276892e7,0.0,0.0,326506,894074,OPTIMAL,6.87214827726908e7,4.3958807168310404e7,2.4762675604381476e7,0.0,0.0,1489306,3959534,0.0,0.0,0.005196333,1.554890458,1.067869875,1.578477666,111.393334084,0.272686333
tyndp/gep_80_24_conical_hull_conical_0.01_economic,932178,80,24,conical_hull,conical,economic,0.01,526573.1969552407,920386.4607424793,7220.2653562854175,127.47266413709579,1.2241591730813757,80,1.1563276499918245,1.5342298584317198,0.7287671232876712,0.052054794520547946,0.12297945205479452,407509,1966,16886,8789,OPTIMAL,7.661455770251645e7,4.3901719209726006e7,3.271283849279109e7,0.0,0.0,326506,894074,OPTIMAL,6.859219866375443e7,4.3901719209726006e7,2.4690479454085626e7,0.0,0.0,1489306,3959534,0.0,0.0,0.005200666,2.37104475,0.707301583,1.803566792,104.338437917,0.272686333
tyndp/gep_80_24_conical_hull_conical_bounded_0.01_economic,932178,80,24,conical_hull,conical_bounded,economic,0.01,644520.0255810127,920386.4607424793,7220.2653562854175,127.47266413709579,1.2241591730813757,80,0.9934514622803681,1.0000000000000002,0.0,0.4246575342465753,0.09599315068493151,328729,1801,16886,8789,OPTIMAL,7.577169543289286e7,4.39146109978063e7,3.1857084435085464e7,0.0,0.0,326506,894074,OPTIMAL,6.873517158283913e7,4.39146109978063e7,2.4820560585031446e7,0.0,0.0,1489306,3959534,0.0,0.0,0.005575042,1.564358125,1.067093792,2.070561083,123.131966792,0.272686333
tyndp/gep_10_24_k_means_dirac_0.01,932178,10,24,k_means,dirac,unscaled,0.01,113.52093315350048,61.60202529753876,1.0590369690874495,58.16796494896676,1.0476563741111526,10,1.0,1.0,0.0,0.0,0.1,0,0,0,0,OPTIMAL,5.1557136252094604e7,3.3704263110394984e7,1.7852873141699303e7,0.0,0.0,40906,141154,OPTIMAL,2.986302750199195e8,3.3704263110394984e7,2.6492601190954584e8,0.0,0.0,1489306,3959534,0.0,0.0,0.00584025,0.14768375,1.833e-6,0.436794958,1.459504875,0.272686333
tyndp/gep_10_24_k_means_convex_0.01,932178,10,24,k_means,convex,unscaled,0.01,108.27165146865093,61.60202529753876,1.0590369690874495,58.16796494896676,1.0476563741111526,10,1.0,1.0000000000000002,0.0,0.0,0.286027397260274,53927,409,0,0,OPTIMAL,5.1770320326386176e7,3.398533462034908e7,1.7784985706036925e7,0.0,0.0,40906,141154,OPTIMAL,3.016416457528756e8,3.398533462034908e7,2.6765631113251883e8,0.0,0.0,1489306,3959534,0.0,0.0,0.005524333,0.1789275,0.023749625,0.46511,1.642966583,0.272686333
tyndp/gep_10_24_k_means_conical_0.01,932178,10,24,k_means,conical,unscaled,0.01,105.36312420693818,61.60202529753876,1.0590369690874495,58.16796494896676,1.0476563741111526,10,1.0020526502685971,1.1965422115066158,0.5287671232876713,0.4712328767123288,0.2912328767123288,59404,406,0,0,OPTIMAL,5.204231393096152e7,3.418014605171955e7,1.7862167879242014e7,0.0,0.0,40906,141154,OPTIMAL,3.033011495198498e8,3.418014605171955e7,2.691210034680549e8,0.0,0.0,1489306,3959534,0.0,0.0,0.005246958,0.148311209,0.017086458,0.553573417,1.50475775,0.272686333
tyndp/gep_10_24_k_means_conical_bounded_0.01,932178,10,24,k_means,conical_bounded,unscaled,0.01,106.89941003700065,61.60202529753876,1.0590369690874495,58.16796494896676,1.0476563741111526,10,0.967734652323458,1.0,0.0,0.5287671232876713,0.2863013698630137,55556,377,0,0,OPTIMAL,5.1465572173319556e7,3.3900203706239e7,1.756536846708068e7,0.0,0.0,40906,141154,OPTIMAL,3.092756035989444e8,3.3900203706239e7,2.753753998926518e8,0.0,0.0,1489306,3959534,0.0,0.0,0.005482792,0.148793167,0.06793525,0.438408583,1.488364833,0.272686333
tyndp/gep_10_24_k_medoids_dirac_0.01,932178,10,24,k_medoids,dirac,unscaled,0.01,141.27926603011898,62.32511546584728,3.436147650804344,18.138078394640008,1.0964754399494714,10,1.0,1.0,0.0,0.0,0.1,0,0,0,0,OPTIMAL,5.7165380263296105e7,4.033341153659055e7,1.6831968726705067e7,0.0,0.0,40906,141154,OPTIMAL,1.8985349447665495e8,4.033341153659055e7,1.4952008294015035e8,0.0,0.0,1489306,3959534,0.0,0.0,0.005625,0.268551875,1.042e-6,0.44818725,1.519366167,0.272686333
tyndp/gep_10_24_k_medoids_convex_0.01,932178,10,24,k_medoids,convex,unscaled,0.01,118.28486740901084,62.32511546584728,3.436147650804344,18.138078394640008,1.0964754399494714,10,1.0,1.0000000000000002,0.0,0.0,0.48383561643835615,52498,229,0,0,OPTIMAL,5.6999167994006865e7,4.051063895638439e7,1.6488529037622377e7,0.0,0.0,40906,141154,OPTIMAL,1.9535311316182613e8,4.051063895638439e7,1.5484247420541227e8,0.0,0.0,1489306,3959534,0.0,0.0,0.0051815,0.146162209,0.023639125,0.477786209,1.870300333,0.272686333
tyndp/gep_10_24_k_medoids_conical_0.01,932178,10,24,k_medoids,conical,unscaled,0.01,114.28169807084772,62.32511546584728,3.436147650804344,18.138078394640008,1.0964754399494714,10,0.9769127782204269,1.2188129198281734,0.3835616438356164,0.589041095890411,0.4895890410958904,54069,247,0,0,OPTIMAL,5.658386889065449e7,4.0254863242960595e7,1.6329005647694046e7,0.0,0.0,40906,141154,OPTIMAL,1.965465699590989e8,4.0254863242960595e7,1.5629170671622795e8,0.0,0.0,1489306,3959534,0.0,0.0,0.005299667,0.147914542,0.017509166,0.967842709,1.494186875,0.272686333
tyndp/gep_10_24_k_medoids_conical_bounded_0.01,932178,10,24,k_medoids,conical_bounded,unscaled,0.01,115.72253159012574,62.32511546584728,3.436147650804344,18.138078394640008,1.0964754399494714,10,0.9499829152502465,1.0,0.0,0.6520547945205479,0.4789041095890411,53422,247,0,0,OPTIMAL,5.623853018954785e7,4.0098592852477e7,1.6139937337070962e7,0.0,0.0,40906,141154,OPTIMAL,2.0053229770601115e8,4.0098592852477e7,1.6043370485367444e8,0.0,0.0,1489306,3959534,0.0,0.0,0.005537917,0.14807275,0.024631291,0.557930375,1.595008125,0.272686333
tyndp/gep_10_24_hierarchical_dirac_0.01,932178,10,24,hierarchical,dirac,unscaled,0.01,145.66336269976316,60.8252920292618,3.5760603769161508,17.009022672518483,1.1009935974439777,10,1.0,1.0,0.0,0.0,0.1,0,0,0,0,OPTIMAL,5.666823158561368e7,3.699826265639163e7,1.966996892922154e7,0.0,0.0,40906,141154,OPTIMAL,1.1861083210817191e8,3.699826265639163e7,8.161256945170559e7,0.0,0.0,1489306,3959534,0.0,0.0,0.005523208,0.142178375,1.0e-6,0.450252417,1.753562,0.272686333
tyndp/gep_10_24_hierarchical_convex_0.01,932178,10,24,hierarchical,convex,unscaled,0.01,117.7061933479111,60.8252920292618,3.5760603769161508,17.009022672518483,1.1009935974439777,10,1.0,1.0000000000000002,0.0,0.0,0.4967123287671233,47801,216,0,0,OPTIMAL,5.707299335589754e7,3.7063382186735004e7,2.0009611169163037e7,0.0,0.0,40906,141154,OPTIMAL,1.1940281374182908e8,3.7063382186735004e7,8.23394315551313e7,0.0,0.0,1489306,3959534,0.0,0.0,0.005437667,0.264057209,0.024234625,0.479281291,2.008431291,0.272686333
tyndp/gep_10_24_hierarchical_conical_0.01,932178,10,24,hierarchical,conical,unscaled,0.01,115.31989098372172,60.8252920292618,3.5760603769161508,17.009022672518483,1.1009935974439777,10,0.9865348205738969,1.1814119493202648,0.4410958904109589,0.5315068493150685,0.5090410958904109,51028,237,0,0,OPTIMAL,5.709814457295897e7,3.703665009664488e7,2.006149447631392e7,0.0,0.0,40906,141154,OPTIMAL,1.209406366114655e8,3.703665009664488e7,8.390398651479733e7,0.0,0.0,1489306,3959534,0.0,0.0,0.00519075,0.151547625,0.015982166,0.480431167,1.918749417,0.272686333
tyndp/gep_10_24_hierarchical_conical_bounded_0.01,932178,10,24,hierarchical,conical_bounded,unscaled,0.01,116.29488836472004,60.8252920292618,3.5760603769161508,17.009022672518483,1.1009935974439777,10,0.9586076199794091,1.0000000000000002,0.0,0.6136986301369863,0.5002739726027398,50233,230,0,0,OPTIMAL,5.675384272715434e7,3.706686287491828e7,1.968697985223621e7,0.0,0.0,40906,141154,OPTIMAL,1.1980626709928825e8,3.706686287491828e7,8.273940422442503e7,0.0,0.0,1489306,3959534,0.0,0.0,0.00528675,0.142805333,0.0234695,0.554739375,1.952196083,0.272686333
tyndp/gep_10_24_chronological_dirac_0.01,932178,10,24,chronological,dirac,unscaled,0.01,157.26929892703495,57.723594666046864,3.25811538803424,17.71686628350937,1.0870919623161965,10,1.0,1.0,0.0,0.0,0.1,0,0,0,0,OPTIMAL,5.924806639755746e7,4.246262665797417e7,1.6785439739583284e7,0.0,0.0,40906,141154,OPTIMAL,1.986773530780217e8,4.246262665797417e7,1.5621472641997635e8,0.0,0.0,1489306,3959534,0.0,0.0,0.005273833,0.139994208,1.708e-6,0.449139166,1.012135458,0.272686333
tyndp/gep_10_24_chronological_convex_0.01,932178,10,24,chronological,convex,unscaled,0.01,123.52979213575682,57.723594666046864,3.25811538803424,17.71686628350937,1.0870919623161965,10,1.0,1.0000000000000002,0.0,0.0,0.4695890410958904,49104,216,0,0,OPTIMAL,5.904749552654788e7,4.199457856009474e7,1.705291696645309e7,0.0,0.0,40906,141154,OPTIMAL,1.949796368031037e8,4.199457856009474e7,1.529850582430459e8,0.0,0.0,1489306,3959534,0.0,0.0,0.005179792,0.144205375,0.019755625,0.474775875,1.594698667,0.272686333
tyndp/gep_10_24_chronological_conical_0.01,932178,10,24,chronological,conical,unscaled,0.01,120.28901263026965,57.723594666046864,3.25811538803424,17.71686628350937,1.0870919623161965,10,1.0229518860056142,1.277272474410772,0.5917808219178082,0.38082191780821917,0.4893150684931507,50632,220,0,0,OPTIMAL,5.921324132468122e7,4.2084421229178526e7,1.7128820095502704e7,0.0,0.0,40906,141154,OPTIMAL,1.8750069780931377e8,4.2084421229178526e7,1.454162765800715e8,0.0,0.0,1489306,3959534,0.0,0.0,0.005261,0.148223583,0.016102625,0.57655675,1.785192125,0.272686333
tyndp/gep_10_24_chronological_conical_bounded_0.01,932178,10,24,chronological,conical_bounded,unscaled,0.01,122.62329397790828,57.723594666046864,3.25811538803424,17.71686628350937,1.0870919623161965,10,0.9714539052964651,1.0000000000000002,0.0,0.4684931506849315,0.4671232876712329,49771,216,0,0,OPTIMAL,5.8851607011756934e7,4.178710499199649e7,1.7064502019760113e7,0.0,0.0,40906,141154,OPTIMAL,1.9529588717129663e8,4.178710499199649e7,1.535087821792439e8,0.0,0.0,1489306,3959534,0.0,0.0,0.00520925,0.274850375,0.02221775,0.479496459,1.651994459,0.272686333
tyndp/gep_10_24_convex_hull_dirac_0.01,932178,10,24,convex_hull,dirac,unscaled,0.01,164.91612737688237,62.86231546733968,4.6111875423622415,13.632565340236903,1.1924771175761435,10,1.0,1.0,0.0,0.0,0.1,0,0,619,2621,OPTIMAL,8.816764241158399e7,4.3544438248525e7,4.462320416305907e7,0.0,0.0,40906,141154,OPTIMAL,8.119512341494505e7,4.3544438248525e7,3.765068516640713e7,0.0,0.0,1489306,3959534,0.0,0.0,0.005164167,0.959608,9.58e-7,0.405644792,1.523258833,0.272686333
tyndp/gep_10_24_convex_hull_convex_0.01,932178,10,24,convex_hull,convex,unscaled,0.01,111.67931472369462,62.86231546733968,4.6111875423622415,13.632565340236903,1.1924771175761435,10,1.0,1.0000000000000004,0.0,0.0,0.5726027397260274,41907,186,619,2621,OPTIMAL,9.158374511510046e7,4.6378461351925425e7,4.520528376317463e7,0.0,0.0,40906,141154,OPTIMAL,8.095728406841734e7,4.6378461351925425e7,3.457882271645173e7,0.0,0.0,1489306,3959534,0.0,0.0,0.005344834,0.897036166,0.018841834,0.653575125,1.826140458,0.272686333
tyndp/gep_10_24_convex_hull_conical_0.01,932178,10,24,convex_hull,conical,unscaled,0.01,108.47661076103307,62.86231546733968,4.6111875423622415,13.632565340236903,1.1924771175761435,10,1.0041736508811767,1.236367273311255,0.5178082191780822,0.4547945205479452,0.5821917808219178,43650,185,619,2621,OPTIMAL,9.406625091115291e7,4.6489251365202114e7,4.75769995459508e7,0.0,0.0,40906,141154,OPTIMAL,8.32633349389282e7,4.6489251365202114e7,3.6774083573694125e7,0.0,0.0,1489306,3959534,0.0,0.0,0.00520875,0.777313167,0.192099667,0.452374583,2.139101417,0.272686333
tyndp/gep_10_24_convex_hull_conical_bounded_0.01,932178,10,24,convex_hull,conical_bounded,unscaled,0.01,110.27815649398471,62.86231546733968,4.6111875423622415,13.632565340236903,1.1924771175761435,10,0.9647713861018088,1.0,0.0,0.5726027397260274,0.5698630136986301,42698,185,619,2621,OPTIMAL,8.929557836431612e7,4.582493346796847e7,4.347064489634771e7,0.0,0.0,40906,141154,OPTIMAL,7.914361536054862e7,4.582493346796847e7,3.331868189258607e7,0.0,0.0,1489306,3959534,0.0,0.0,0.005157084,0.807752041,0.088298875,0.655297333,2.170375625,0.272686333
tyndp/gep_10_24_convex_hull_with_null_dirac_0.01,932178,10,24,convex_hull_with_null,dirac,unscaled,0.01,162.9318502994368,65.756592162208,3.9594414455024145,16.60754252014557,1.1722559542740045,10,1.0,1.0,0.0,0.0,0.1,0,0,931,2674,OPTIMAL,7.923414765228789e7,4.39051447506873e7,3.5329002901600964e7,0.0,0.0,40906,141154,OPTIMAL,7.455367811404552e7,4.39051447506873e7,3.0648533363377225e7,0.0,0.0,1489306,3959534,0.0,0.0,0.005285417,0.953419791,1.0e-6,0.403648917,1.519695875,0.272686333
tyndp/gep_10_24_convex_hull_with_null_convex_0.01,932178,10,24,convex_hull_with_null,convex,unscaled,0.01,113.64115229829251,65.756592162208,3.9594414455024145,16.60754252014557,1.1722559542740045,10,1.0,1.0000000000000002,0.0,0.0,0.5463013698630137,42587,207,931,2674,OPTIMAL,8.486661452120602e7,4.6002990428070456e7,3.886362409313561e7,0.0,0.0,40906,141154,OPTIMAL,7.582930782164809e7,4.6002990428070456e7,2.9826317393587187e7,0.0,0.0,1489306,3959534,0.0,0.0,0.005281375,0.275929625,0.124655416,0.449751666,1.634135125,0.272686333
tyndp/gep_10_24_convex_hull_with_null_conical_0.01,932178,10,24,convex_hull_with_null,conical,unscaled,0.01,107.49129009886896,65.756592162208,3.9594414455024145,16.60754252014557,1.1722559542740045,10,0.9442695959392694,1.2297811506747922,0.2821917808219178,0.6904109589041096,0.5523287671232877,44412,227,931,2674,OPTIMAL,8.10049591076758e7,4.402224736670596e7,3.698271174096964e7,0.0,0.0,40906,141154,OPTIMAL,7.46712965746242e7,4.402224736670596e7,3.0649049207895555e7,0.0,0.0,1489306,3959534,0.0,0.0,0.005356958,0.898078083,0.012982666,0.535170042,1.710397167,0.272686333
tyndp/gep_10_24_convex_hull_with_null_conical_bounded_0.01,932178,10,24,convex_hull_with_null,conical_bounded,unscaled,0.01,108.24409188495235,65.756592162208,3.9594414455024145,16.60754252014557,1.1722559542740045,10,0.9268380313032852,1.0,0.0,0.7534246575342466,0.547945205479452,44951,220,931,2674,OPTIMAL,7.95589756532099e7,4.372515247901798e7,3.5833823174191914e7,0.0,0.0,40906,141154,OPTIMAL,7.433741092413236e7,4.372515247901798e7,3.061225844511901e7,0.0,0.0,1489306,3959534,0.0,0.0,0.005223083,0.942635666,0.027322292,0.464461792,1.755802834,0.272686333
tyndp/gep_10_24_conical_hull_dirac_0.01,932178,10,24,conical_hull,dirac,unscaled,0.01,161.12862265282345,54.84091065195726,4.6104423356154465,11.89493472856473,1.2166446515418838,10,1.0,1.0,0.0,0.0,0.1,0,0,711,2529,OPTIMAL,8.0866885764847e7,4.132291171305954e7,3.954397405178732e7,0.0,0.0,40906,141154,OPTIMAL,8.103085115424459e7,4.132291171305954e7,3.970793944118539e7,0.0,0.0,1489306,3959534,0.0,0.0,0.005173333,0.919805125,1.083e-6,0.432605666,1.395482291,0.272686333
tyndp/gep_10_24_conical_hull_convex_0.01,932178,10,24,conical_hull,convex,unscaled,0.01,116.00223237352355,54.84091065195726,4.6104423356154465,11.89493472856473,1.2166446515418838,10,1.0,1.0000000000000004,0.0,0.0,0.5687671232876712,36566,173,711,2529,OPTIMAL,8.651736486506587e7,4.374859103611163e7,4.2768773828954235e7,0.0,0.0,40906,141154,OPTIMAL,8.346077443329835e7,4.374859103611163e7,3.9712183397172764e7,0.0,0.0,1489306,3959534,0.0,0.0,0.00517225,0.825059792,0.01658075,0.453146417,1.911614667,0.272686333
tyndp/gep_10_24_conical_hull_conical_0.01,932178,10,24,conical_hull,conical,unscaled,0.01,110.1985924051296,54.84091065195726,4.6104423356154465,11.89493472856473,1.2166446515418838,10,1.0779131048418005,1.38630633486913,0.7561643835616438,0.21643835616438356,0.6052054794520548,37795,163,711,2529,OPTIMAL,8.798724889916685e7,4.418827374119138e7,4.379897515797532e7,0.0,0.0,40906,141154,OPTIMAL,7.957064422107854e7,4.418827374119138e7,3.53823704798689e7,0.0,0.0,1489306,3959534,0.0,0.0,0.005219791,0.243178667,0.01185125,0.486693208,1.731737458,0.272686333
tyndp/gep_10_24_conical_hull_conical_bounded_0.01,932178,10,24,conical_hull,conical_bounded,unscaled,0.01,115.73260584005973,54.84091065195726,4.6104423356154465,11.89493472856473,1.2166446515418838,10,0.9866160803638081,1.0,0.0,0.40821917808219177,0.5668493150684931,36360,173,711,2529,OPTIMAL,8.655261045119447e7,4.374862859270145e7,4.280398185849343e7,0.0,0.0,40906,141154,OPTIMAL,8.309043047569227e7,4.374862859270145e7,3.934180188302783e7,0.0,0.0,1489306,3959534,0.0,0.0,0.005233291,0.797199708,0.017984667,0.659835,1.896672709,0.272686333
tyndp/gep_20_24_k_means_dirac_0.01,932178,20,24,k_means,dirac,unscaled,0.01,107.74763269774569,85.24555823083304,0.8435089656676081,101.06064274416353,1.054881000599191,20,1.0,1.0,0.0,0.0,0.05,0,0,0,0,OPTIMAL,5.1868433008531794e7,3.507384539665894e7,1.6794587611873075e7,0.0,0.0,81706,248714,OPTIMAL,2.936765471435506e8,3.507384539665894e7,2.5860270174691558e8,0.0,0.0,1489306,3959534,0.0,0.0,0.00519675,0.152145959,9.16e-7,1.036516667,4.433292542,0.272686333
tyndp/gep_20_24_k_means_convex_0.01,932178,20,24,k_means,convex,unscaled,0.01,101.64532447608218,85.24555823083304,0.8435089656676081,101.06064274416353,1.054881000599191,20,1.0,1.0000000000000002,0.0,0.0,0.17767123287671233,88486,555,0,0,OPTIMAL,5.161017987449261e7,3.4786096484343566e7,1.6824083390148807e7,0.0,0.0,81706,248714,OPTIMAL,2.925832231083715e8,3.4786096484343566e7,2.5779712662405813e8,0.0,0.0,1489306,3959534,0.0,0.0,0.005642041,0.28003275,0.059166167,1.052590625,8.913086667,0.272686333
tyndp/gep_20_24_k_means_conical_0.01,932178,20,24,k_means,conical,unscaled,0.01,99.53591682784453,85.24555823083304,0.8435089656676081,101.06064274416353,1.054881000599191,20,1.0103194118002239,1.2348611644478273,0.5452054794520548,0.4547945205479452,0.1821917808219178,97618,541,0,0,OPTIMAL,5.18501533739123e7,3.481697652704234e7,1.7033176846869703e7,0.0,0.0,81706,248714,OPTIMAL,2.9452269356458193e8,3.481697652704234e7,2.5970571703754324e8,0.0,0.0,1489306,3959534,0.0,0.0,0.0051935,0.150626666,0.103647041,0.573686042,8.148417583,0.272686333
tyndp/gep_20_24_k_means_conical_bounded_0.01,932178,20,24,k_means,conical_bounded,unscaled,0.01,100.97084246958377,85.24555823083304,0.8435089656676081,101.06064274416353,1.054881000599191,20,0.97496373948185,1.0000000000000002,0.0,0.5589041095890411,0.17273972602739726,89224,546,0,0,OPTIMAL,5.145215669844936e7,3.4773568356975034e7,1.6678588341473762e7,0.0,0.0,81706,248714,OPTIMAL,2.997113689285029e8,3.4773568356975034e7,2.649378005715606e8,0.0,0.0,1489306,3959534,0.0,0.0,0.0051945,0.196631542,0.060755,0.70437725,8.95691775,0.272686333
tyndp/gep_20_24_k_medoids_dirac_0.01,932178,20,24,k_medoids,dirac,unscaled,0.01,135.268322112064,85.41258334824431,2.6727582720337506,31.956718361684207,1.1109398784951279,20,1.0,1.0,0.0,0.0,0.05,0,0,0,0,OPTIMAL,6.186473900375282e7,3.815243912500814e7,2.3712299878744535e7,0.0,0.0,81706,248714,OPTIMAL,9.885155003469644e7,3.815243912500814e7,6.069911090972111e7,0.0,0.0,1489306,3959534,0.0,0.0,0.0053145,0.142853417,1.333e-6,0.567196125,5.645761,0.272686333
tyndp/gep_20_24_k_medoids_convex_0.01,932178,20,24,k_medoids,convex,unscaled,0.01,106.63415717466019,85.41258334824431,2.6727582720337506,31.956718361684207,1.1109398784951279,20,1.0,1.0000000000000002,0.0,0.0,0.3126027397260274,75513,375,0,0,OPTIMAL,6.2537556575095646e7,4.1508344403290905e7,2.1029212171805028e7,0.0,0.0,81706,248714,OPTIMAL,1.0167234552412042e8,4.1508344403290905e7,6.016400112081142e7,0.0,0.0,1489306,3959534,0.0,0.0,0.005286583,0.261902584,0.535592375,0.664650833,18.164640292,0.272686333
tyndp/gep_20_24_k_medoids_conical_0.01,932178,20,24,k_medoids,conical,unscaled,0.01,103.68729492032698,85.41258334824431,2.6727582720337506,31.956718361684207,1.1109398784951279,20,0.9998912463481479,1.2200375565987314,0.4904109589041096,0.4547945205479452,0.31931506849315067,77958,357,0,0,OPTIMAL,6.206938240591015e7,4.064234317617011e7,2.142703922974023e7,0.0,0.0,81706,248714,OPTIMAL,1.0277028717632632e8,4.064234317617011e7,6.212794400014974e7,0.0,0.0,1489306,3959534,0.0,0.0,0.005242958,0.142360584,0.061618,0.607631875,15.548974917,0.272686333
tyndp/gep_20_24_k_medoids_conical_bounded_0.01,932178,20,24,k_medoids,conical_bounded,unscaled,0.01,105.45154426626473,85.41258334824431,2.6727582720337506,31.956718361684207,1.1109398784951279,20,0.9649004104438993,1.0000000000000002,0.0,0.6082191780821918,0.31315068493150683,76604,375,0,0,OPTIMAL,6.122115879838329e7,3.918906674058039e7,2.203209205780314e7,0.0,0.0,81706,248714,OPTIMAL,1.0419645904771714e8,3.918906674058039e7,6.500739230710626e7,0.0,0.0,1489306,3959534,0.0,0.0,0.005328,0.141684292,0.126612125,0.590297042,18.130403375,0.272686333
tyndp/gep_20_24_hierarchical_dirac_0.01,932178,20,24,hierarchical,dirac,unscaled,0.01,137.32158068567233,84.57264723002822,2.6837493507197467,31.51287105382883,1.1207545552914964,20,1.0,1.0,0.0,0.0,0.05,0,0,0,0,OPTIMAL,5.9736107848950565e7,3.768605438486016e7,2.205005346409008e7,0.0,0.0,81706,248714,OPTIMAL,9.100592244735381e7,3.768605438486016e7,5.3319868062482476e7,0.0,0.0,1489306,3959534,0.0,0.0,0.005257125,0.225083583,1.583e-6,0.569624083,4.215559333,0.272686333
tyndp/gep_20_24_hierarchical_convex_0.01,932178,20,24,hierarchical,convex,unscaled,0.01,104.42296088418233,84.57264723002822,2.6837493507197467,31.51287105382883,1.1207545552914964,20,1.0,1.0000000000000002,0.0,0.0,0.3045205479452055,75882,368,0,0,OPTIMAL,6.052699675882767e7,3.836785918277328e7,2.2159137576054513e7,0.0,0.0,81706,248714,OPTIMAL,9.194569615361653e7,3.836785918277328e7,5.3577836970826946e7,0.0,0.0,1489306,3959534,0.0,0.0,0.005209958,0.145346875,0.108864958,0.598243417,12.837124833,0.272686333
tyndp/gep_20_24_hierarchical_conical_0.01,932178,20,24,hierarchical,conical,unscaled,0.01,100.95033832299548,84.57264723002822,2.6837493507197467,31.51287105382883,1.1207545552914964,20,1.0101063774578716,1.2815369417085585,0.5397260273972603,0.4054794520547945,0.3163013698630137,78298,360,0,0,OPTIMAL,6.07903717986101e7,3.836561570562896e7,2.242475609298107e7,0.0,0.0,81706,248714,OPTIMAL,9.025512644723341e7,3.836561570562896e7,5.18895107416489e7,0.0,0.0,1489306,3959534,0.0,0.0,0.005264625,0.144542792,0.053296542,0.613397208,18.280525792,0.272686333
tyndp/gep_20_24_hierarchical_conical_bounded_0.01,932178,20,24,hierarchical,conical_bounded,unscaled,0.01,103.15044978662067,84.57264723002822,2.6837493507197467,31.51287105382883,1.1207545552914964,20,0.9674000188871653,1.0000000000000002,0.0,0.5589041095890411,0.3049315068493151,76886,385,0,0,OPTIMAL,6.015289171390633e7,3.8012126516379654e7,2.2140765197526418e7,0.0,0.0,81706,248714,OPTIMAL,9.246300704178302e7,3.8012126516379654e7,5.4450880525406115e7,0.0,0.0,1489306,3959534,0.0,0.0,0.0051985,0.142712709,0.054438208,0.633839083,6.831203375,0.272686333
tyndp/gep_20_24_chronological_dirac_0.01,932178,20,24,chronological,dirac,unscaled,0.01,151.28134198242293,83.68968309746818,2.6850882891410253,31.168317047869206,1.1018554240283975,20,1.0,1.0,0.0,0.0,0.05,0,0,0,0,OPTIMAL,6.434621146197964e7,4.255692746234185e7,2.178928399963955e7,0.0,0.0,81706,248714,OPTIMAL,1.5258117759614405e8,4.255692746234185e7,1.1002425013385789e8,0.0,0.0,1489306,3959534,0.0,0.0,0.005489084,0.264755709,1.792e-6,0.568488333,2.964093875,0.272686333
tyndp/gep_20_24_chronological_convex_0.01,932178,20,24,chronological,convex,unscaled,0.01,110.09391456527065,83.68968309746818,2.6850882891410253,31.168317047869206,1.1018554240283975,20,1.0,1.0000000000000002,0.0,0.0,0.30246575342465754,81132,395,0,0,OPTIMAL,6.460903297817819e7,4.265650561294344e7,2.1952527365234848e7,0.0,0.0,81706,248714,OPTIMAL,1.4609873078535625e8,4.265650561294344e7,1.0344222517236209e8,0.0,0.0,1489306,3959534,0.0,0.0,0.005198666,0.605319208,0.132076459,0.803685333,14.899333541,0.272686333
tyndp/gep_20_24_chronological_conical_0.01,932178,20,24,chronological,conical,unscaled,0.01,107.34605920240182,83.68968309746818,2.6850882891410253,31.168317047869206,1.1018554240283975,20,1.0003002826615524,1.2431912868051391,0.4958904109589041,0.44931506849315067,0.3136986301369863,83154,426,0,0,OPTIMAL,6.446696949344358e7,4.303177850474844e7,2.1435190988695092e7,0.0,0.0,81706,248714,OPTIMAL,1.5123262333773813e8,4.303177850474844e7,1.0820084483298005e8,0.0,0.0,1489306,3959534,0.0,0.0,0.005188375,0.200927917,0.033557042,0.641021417,18.882400792,0.272686333
tyndp/gep_20_24_chronological_conical_bounded_0.01,932178,20,24,chronological,conical_bounded,unscaled,0.01,108.72451537620857,83.68968309746818,2.6850882891410253,31.168317047869206,1.1018554240283975,20,0.9671012481910977,1.0000000000000002,0.0,0.5835616438356165,0.30273972602739724,81611,389,0,0,OPTIMAL,6.3546529672543414e7,4.234277095092104e7,2.120375872162219e7,0.0,0.0,81706,248714,OPTIMAL,1.5079291535776561e8,4.234277095092104e7,1.0845014440684648e8,0.0,0.0,1489306,3959534,0.0,0.0,0.005413666,0.144942167,0.083852459,0.672207541,17.534046542,0.272686333
tyndp/gep_20_24_convex_hull_dirac_0.01,932178,20,24,convex_hull,dirac,unscaled,0.01,150.39343538533413,89.42636064966267,3.4983442876434494,25.56248136169066,1.1734918130796643,20,1.0,1.0,0.0,0.0,0.05,0,0,2521,4224,OPTIMAL,7.285978360928775e7,4.07980966783614e7,3.2061686930925753e7,0.0,0.0,81706,248714,OPTIMAL,6.974142227396385e7,4.07980966783614e7,2.8943325595613677e7,0.0,0.0,1489306,3959534,0.0,0.0,0.005430208,0.503658042,1.292e-6,0.576760583,5.19070325,0.272686333
tyndp/gep_20_24_convex_hull_convex_0.01,932178,20,24,convex_hull,convex,unscaled,0.01,99.53134968864865,89.42636064966267,3.4983442876434494,25.56248136169066,1.1734918130796643,20,1.0,1.0000000000000002,0.0,0.0,0.35876712328767124,70015,337,2521,4224,OPTIMAL,8.019972489357865e7,4.382703463763214e7,3.637269025594703e7,0.0,0.0,81706,248714,OPTIMAL,7.089817179312988e7,4.382703463763214e7,2.7071137155523177e7,0.0,0.0,1489306,3959534,0.0,0.0,0.005303042,0.48155175,0.062490583,0.667850375,14.221213375,0.272686333
tyndp/gep_20_24_convex_hull_conical_0.01,932178,20,24,convex_hull,conical,unscaled,0.01,97.44080855356279,89.42636064966267,3.4983442876434494,25.56248136169066,1.1734918130796643,20,1.0001982633573205,1.2033414801887725,0.4712328767123288,0.473972602739726,0.3632876712328767,72511,311,2521,4224,OPTIMAL,8.152395391218302e7,4.3654336711614e7,3.7869617200569324e7,0.0,0.0,81706,248714,OPTIMAL,7.098054120539974e7,4.3654336711614e7,2.7326204493772842e7,0.0,0.0,1489306,3959534,0.0,0.0,0.005293959,1.159548334,0.033409125,0.661518375,7.685824333,0.272686333
tyndp/gep_20_24_convex_hull_conical_bounded_0.01,932178,20,24,convex_hull,conical_bounded,unscaled,0.01,98.48860284629207,89.42636064966267,3.4983442876434494,25.56248136169066,1.1734918130796643,20,0.9688069810977905,1.0000000000000002,0.0,0.6493150684931507,0.3563013698630137,71055,337,2521,4224,OPTIMAL,7.90265423019399e7,4.372702296058575e7,3.529951934135349e7,0.0,0.0,81706,248714,OPTIMAL,7.101617437865691e7,4.372702296058575e7,2.7289151418038875e7,0.0,0.0,1489306,3959534,0.0,0.0,0.005165667,0.505760958,0.0637235,0.665188125,15.015755375,0.272686333
tyndp/gep_20_24_convex_hull_with_null_dirac_0.01,932178,20,24,convex_hull_with_null,dirac,unscaled,0.01,151.15311224050757,91.40389528429453,3.0415105137624323,30.052138524823114,1.1610412278398012,20,1.0,1.0,0.0,0.0,0.05,0,0,2900,4210,OPTIMAL,7.08858076013543e7,4.062396038020256e7,3.026184722115251e7,0.0,0.0,81706,248714,OPTIMAL,6.945432733434625e7,4.062396038020256e7,2.8830366954087954e7,0.0,0.0,1489306,3959534,0.0,0.0,0.0052325,0.486872625,1.125e-6,0.604245792,5.175320916,0.272686333
tyndp/gep_20_24_convex_hull_with_null_convex_0.01,932178,20,24,convex_hull_with_null,convex,unscaled,0.01,101.65674973423943,91.40389528429453,3.0415105137624323,30.052138524823114,1.1610412278398012,20,1.0,1.0000000000000004,0.0,0.0,0.3547945205479452,72187,429,2900,4210,OPTIMAL,7.98074484864365e7,4.3928559047322705e7,3.587888943911451e7,0.0,0.0,81706,248714,OPTIMAL,7.065243172517852e7,4.3928559047322705e7,2.672387267783955e7,0.0,0.0,1489306,3959534,0.0,0.0,0.0051375,1.134432167,0.056060833,0.659184583,14.563096,0.272686333
tyndp/gep_20_24_convex_hull_with_null_conical_0.01,932178,20,24,convex_hull_with_null,conical,unscaled,0.01,97.53607943723918,91.40389528429453,3.0415105137624323,30.052138524823114,1.1610412278398012,20,0.9642093434803108,1.1791328038732596,0.33424657534246577,0.6109589041095891,0.3526027397260274,72696,339,2900,4210,OPTIMAL,7.775486558512233e7,4.354073794098577e7,3.4214127644137025e7,0.0,0.0,81706,248714,OPTIMAL,7.04457526425134e7,4.354073794098577e7,2.690501470150145e7,0.0,0.0,1489306,3959534,0.0,0.0,0.005244584,0.526314583,0.028089208,0.661933375,21.165169625,0.272686333
tyndp/gep_20_24_convex_hull_with_null_conical_bounded_0.01,932178,20,24,convex_hull_with_null,conical_bounded,unscaled,0.01,98.26962263527369,91.40389528429453,3.0415105137624323,30.052138524823114,1.1610412278398012,20,0.9455412197481178,1.0000000000000002,0.0,0.726027397260274,0.34794520547945207,72439,322,2900,4210,OPTIMAL,7.652891064171962e7,4.3482598551829025e7,3.304631208989012e7,0.0,0.0,81706,248714,OPTIMAL,7.048685758988647e7,4.3482598551829025e7,2.7004259038084168e7,0.0,0.0,1489306,3959534,0.0,0.0,0.005223125,0.472465916,0.059487417,0.632354125,15.542163167,0.272686333
tyndp/gep_20_24_conical_hull_dirac_0.01,932178,20,24,conical_hull,dirac,unscaled,0.01,150.12627736340895,74.99811835588565,2.960537560051194,25.33260154098122,1.2146125029279384,20,1.0,1.0,0.0,0.0,0.05,0,0,2431,4314,OPTIMAL,7.578304893988496e7,4.120983594772869e7,3.457321299215651e7,0.0,0.0,81706,248714,OPTIMAL,7.240426743681419e7,4.120983594772869e7,3.1194431489070937e7,0.0,0.0,1489306,3959534,0.0,0.0,0.00519025,1.07460575,1.625e-6,0.571141167,5.199330791,0.272686333
tyndp/gep_20_24_conical_hull_convex_0.01,932178,20,24,conical_hull,convex,unscaled,0.01,106.10266323550195,74.99811835588565,2.960537560051194,25.33260154098122,1.2146125029279384,20,1.0,1.0000000000000002,0.0,0.0,0.3567123287671233,60139,257,2431,4314,OPTIMAL,8.228957654618584e7,4.401648957143481e7,3.827308697475077e7,0.0,0.0,81706,248714,OPTIMAL,8.500092297614476e7,4.401648957143481e7,4.0984433404749386e7,0.0,0.0,1489306,3959534,0.0,0.0,0.006201375,0.389429209,0.055236459,0.654417834,12.999418375,0.272686333
tyndp/gep_20_24_conical_hull_conical_0.01,932178,20,24,conical_hull,conical,unscaled,0.01,98.14342514195387,74.99811835588565,2.960537560051194,25.33260154098122,1.2146125029279384,20,1.1056566113267579,1.397504313941564,0.8301369863013699,0.11506849315068493,0.39301369863013697,64063,307,2431,4314,OPTIMAL,8.369159478121608e7,4.451531337398358e7,3.917628140723244e7,0.0,0.0,81706,248714,OPTIMAL,8.212367150871886e7,4.451531337398358e7,3.760835813476426e7,0.0,0.0,1489306,3959534,0.0,0.0,0.005252666,0.418110042,0.025268083,0.699952416,17.699057292,0.272686333
tyndp/gep_20_24_conical_hull_conical_bounded_0.01,932178,20,24,conical_hull,conical_bounded,unscaled,0.01,106.08358448632038,74.99811835588565,2.960537560051194,25.33260154098122,1.2146125029279384,20,0.9923551424406142,1.0000000000000002,0.0,0.3726027397260274,0.3563013698630137,60336,288,2431,4314,OPTIMAL,8.221487700543118e7,4.398623925278097e7,3.822863775265057e7,0.0,0.0,81706,248714,OPTIMAL,8.599819082956009e7,4.398623925278097e7,4.2011951576781474e7,0.0,0.0,1489306,3959534,0.0,0.0,0.005536833,1.216432167,0.074749541,0.782188333,14.498745042,0.272686333
tyndp/gep_40_24_k_means_dirac_0.01,932178,40,24,k_means,dirac,unscaled,0.01,100.34103655429726,123.03760678476027,0.6390955860146289,192.51831725519685,1.0727268812755195,40,1.0,1.0,0.0,0.0,0.025,0,0,0,0,OPTIMAL,5.319588115674489e7,3.535433379692669e7,1.7841547359817907e7,0.0,0.0,163306,463834,OPTIMAL,1.4408676117286196e8,3.535433379692669e7,1.0873242737591763e8,0.0,0.0,1489306,3959534,0.0,0.0,0.005482792,0.628614667,1.1625e-5,1.128165167,9.045340541,0.272686333
tyndp/gep_40_24_k_means_convex_0.01,932178,40,24,k_means,convex,unscaled,0.01,92.82877650857473,123.03760678476027,0.6390955860146289,192.51831725519685,1.0727268812755195,40,1.0,1.0000000000000002,0.0,0.0,0.10773972602739726,138306,834,0,0,OPTIMAL,5.320664123189838e7,3.5456119895809546e7,1.7750521336089462e7,0.0,0.0,163306,463834,OPTIMAL,1.4407360083364907e8,3.5456119895809546e7,1.0861748093784532e8,0.0,0.0,1489306,3959534,0.0,0.0,0.005559,0.155503833,0.265268791,0.9448835,24.543758375,0.272686333
tyndp/gep_40_24_k_means_conical_0.01,932178,40,24,k_means,conical,unscaled,0.01,90.62333061638397,123.03760678476027,0.6390955860146289,192.51831725519685,1.0727268812755195,40,1.0072410644794547,1.1561941983561572,0.5780821917808219,0.41643835616438357,0.10808219178082192,146107,883,0,0,OPTIMAL,5.3415489524659246e7,3.5467148987978436e7,1.7948340536680337e7,0.0,0.0,163306,463834,OPTIMAL,1.4432055480058292e8,3.5467148987978436e7,1.0885340581260273e8,0.0,0.0,1489306,3959534,0.0,0.0,0.005177042,0.189620708,0.128892417,0.885228459,18.933379417,0.272686333
tyndp/gep_40_24_k_means_conical_bounded_0.01,932178,40,24,k_means,conical_bounded,unscaled,0.01,91.94872566806112,123.03760678476027,0.6390955860146289,192.51831725519685,1.0727268812755195,40,0.9747596944053943,1.0000000000000002,0.0,0.5917808219178082,0.10678082191780822,140675,834,0,0,OPTIMAL,5.3009827003305934e7,3.537571296483771e7,1.7634114038467478e7,0.0,0.0,163306,463834,OPTIMAL,1.4403976865139797e8,3.537571296483771e7,1.0866405568654369e8,0.0,0.0,1489306,3959534,0.0,0.0,0.005479666,0.215531792,0.226427833,0.880988167,24.8686275,0.272686333
tyndp/gep_40_24_k_medoids_dirac_0.01,932178,40,24,k_medoids,dirac,unscaled,0.01,126.612164976376,121.33395658552244,1.9895413361418692,60.98589377429775,1.128506241786847,40,1.0,1.0,0.0,0.0,0.025,0,0,0,0,OPTIMAL,5.940389625670103e7,3.898744106476397e7,2.0416455191936035e7,0.0,0.0,163306,463834,OPTIMAL,7.838144425575754e7,3.898744106476397e7,3.939400319102017e7,0.0,0.0,1489306,3959534,0.0,0.0,0.005202709,0.144191208,1.542e-6,0.897864333,12.838580916,0.272686333
tyndp/gep_40_24_k_medoids_convex_0.01,932178,40,24,k_medoids,convex,unscaled,0.01,93.17638961937803,121.33395658552244,1.9895413361418692,60.98589377429775,1.128506241786847,40,1.0,1.0000000000000004,0.0,0.0,0.18746575342465754,111069,567,0,0,OPTIMAL,5.975860286220009e7,3.940861377550818e7,2.0349989086691834e7,0.0,0.0,163306,463834,OPTIMAL,7.837185416788922e7,3.940861377550818e7,3.896324039240317e7,0.0,0.0,1489306,3959534,0.0,0.0,0.0056145,0.187102917,0.744981792,1.14437625,25.729179292,0.272686333
tyndp/gep_40_24_k_medoids_conical_0.01,932178,40,24,k_medoids,conical,unscaled,0.01,91.3539847386282,121.33395658552244,1.9895413361418692,60.98589377429775,1.128506241786847,40,1.0025159053214503,1.2136466355702222,0.4821917808219178,0.40821917808219177,0.1919178082191781,115707,645,0,0,OPTIMAL,5.97198285617082e7,3.941230362083932e7,2.0307524940868627e7,0.0,0.0,163306,463834,OPTIMAL,7.851036760348226e7,3.941230362083932e7,3.909806398264435e7,0.0,0.0,1489306,3959534,0.0,0.0,0.005268542,0.142422708,0.124781,0.981734458,24.968128125,0.272686333
tyndp/gep_40_24_k_medoids_conical_bounded_0.01,932178,40,24,k_medoids,conical_bounded,unscaled,0.01,92.50422434453566,121.33395658552244,1.9895413361418692,60.98589377429775,1.128506241786847,40,0.9728468235866077,1.0000000000000004,0.0,0.6520547945205479,0.1863013698630137,113515,644,0,0,OPTIMAL,5.9328224945086025e7,3.910284897656732e7,2.022537596851906e7,0.0,0.0,163306,463834,OPTIMAL,7.879598172834857e7,3.910284897656732e7,3.9693132751791224e7,0.0,0.0,1489306,3959534,0.0,0.0,0.005263875,0.222933208,0.174170583,0.992391333,25.547147875,0.272686333
tyndp/gep_40_24_hierarchical_dirac_0.01,932178,40,24,hierarchical,dirac,unscaled,0.01,128.04989377589902,119.2155980292,1.7938922549449896,66.45638705478206,1.1304446787386533,40,1.0,1.0,0.0,0.0,0.025,0,0,0,0,OPTIMAL,6.0143575371111915e7,4.039781905566931e7,1.9745756315443493e7,0.0,0.0,163306,463834,OPTIMAL,8.091338310451669e7,4.039781905566931e7,4.0515564048845775e7,0.0,0.0,1489306,3959534,0.0,0.0,0.005310917,0.211564291,1.875e-6,0.901070042,12.327543167,0.272686333
tyndp/gep_40_24_hierarchical_convex_0.01,932178,40,24,hierarchical,convex,unscaled,0.01,92.77481572593086,119.2155980292,1.7938922549449896,66.45638705478206,1.1304446787386533,40,1.0,1.0000000000000002,0.0,0.0,0.1847945205479452,114125,543,0,0,OPTIMAL,5.985627037773997e7,4.008986865601726e7,1.9766401721723262e7,0.0,0.0,163306,463834,OPTIMAL,7.965523213398758e7,4.008986865601726e7,3.956536347798391e7,0.0,0.0,1489306,3959534,0.0,0.0,0.005220208,0.143938916,0.227554875,0.991934667,27.557892084,0.272686333
tyndp/gep_40_24_hierarchical_conical_0.01,932178,40,24,hierarchical,conical,unscaled,0.01,90.63715227285374,119.2155980292,1.7938922549449896,66.45638705478206,1.1304446787386533,40,1.0166390461653814,1.2212084274111596,0.5698630136986301,0.32054794520547947,0.1882876712328767,119021,572,0,0,OPTIMAL,5.994846657421559e7,3.995657740658755e7,1.9991889167627506e7,0.0,0.0,163306,463834,OPTIMAL,7.813532771793051e7,3.995657740658755e7,3.81787503113089e7,0.0,0.0,1489306,3959534,0.0,0.0,0.005238417,0.138801792,0.113325625,0.918798542,22.878669292,0.272686333
tyndp/gep_40_24_hierarchical_conical_bounded_0.01,932178,40,24,hierarchical,conical_bounded,unscaled,0.01,92.2809047950223,119.2155980292,1.7938922549449896,66.45638705478206,1.1304446787386533,40,0.9775985728945804,1.0000000000000002,0.0,0.5863013698630137,0.18164383561643835,114975,597,0,0,OPTIMAL,5.974018331907974e7,4.012433325666372e7,1.961585006241606e7,0.0,0.0,163306,463834,OPTIMAL,7.994958620443533e7,4.012433325666372e7,3.982525294775583e7,0.0,0.0,1489306,3959534,0.0,0.0,0.005277875,0.222935334,0.175378459,1.026629583,21.127114875,0.272686333
tyndp/gep_40_24_chronological_dirac_0.01,932178,40,24,chronological,dirac,unscaled,0.01,146.0558448163016,119.46740856251007,1.874511243723323,63.7325644018081,1.114618431687072,40,1.0,1.0,0.0,0.0,0.025,0,0,0,0,OPTIMAL,6.643809449945141e7,4.543996497494874e7,2.0998129524503015e7,0.0,0.0,163306,463834,OPTIMAL,7.654956706725174e7,4.543996497494874e7,3.110960209231471e7,0.0,0.0,1489306,3959534,0.0,0.0,0.005227292,0.219534666,9.58e-7,0.892053292,6.489143,0.272686333
tyndp/gep_40_24_chronological_convex_0.01,932178,40,24,chronological,convex,unscaled,0.01,98.07287018154692,119.46740856251007,1.874511243723323,63.7325644018081,1.114618431687072,40,1.0,1.0000000000000002,0.0,0.0,0.17691780821917807,117114,581,0,0,OPTIMAL,6.470377563630682e7,4.3144221813291095e7,2.1559553823014762e7,0.0,0.0,163306,463834,OPTIMAL,7.692396115918173e7,4.3144221813291095e7,3.377973934587947e7,0.0,0.0,1489306,3959534,0.0,0.0,0.005317833,0.148569416,0.205742708,1.004588125,26.474362917,0.272686333
tyndp/gep_40_24_chronological_conical_0.01,932178,40,24,chronological,conical,unscaled,0.01,95.45348337574472,119.46740856251007,1.874511243723323,63.7325644018081,1.114618431687072,40,1.0031759752775053,1.2496161587394352,0.4794520547945205,0.410958904109589,0.1834931506849315,119779,556,0,0,OPTIMAL,6.49344677052658e7,4.3907155530697845e7,2.1027312174567588e7,0.0,0.0,163306,463834,OPTIMAL,7.617682279492751e7,4.3907155530697845e7,3.2269667264244918e7,0.0,0.0,1489306,3959534,0.0,0.0,0.005396167,0.183893166,0.107295958,1.01050775,27.034462125,0.272686333
tyndp/gep_40_24_chronological_conical_bounded_0.01,932178,40,24,chronological,conical_bounded,unscaled,0.01,97.01085059757075,119.46740856251007,1.874511243723323,63.7325644018081,1.114618431687072,40,0.969774719244685,1.0000000000000002,0.0,0.6164383561643836,0.17705479452054795,116340,553,0,0,OPTIMAL,6.438626727925801e7,4.308728267732713e7,2.129898460193191e7,0.0,0.0,163306,463834,OPTIMAL,7.52027786398319e7,4.308728267732713e7,3.2115495962499905e7,0.0,0.0,1489306,3959534,0.0,0.0,0.005244042,0.140421166,0.182436542,1.019545375,20.280364417,0.272686333
tyndp/gep_40_24_convex_hull_dirac_0.01,932178,40,24,convex_hull,dirac,unscaled,0.01,138.78033149190352,123.85959528003053,2.3351492578973954,53.0414040392243,1.1669489617998396,40,1.0,1.0,0.0,0.0,0.025,0,0,7405,6050,OPTIMAL,6.873704774441019e7,4.101024064184925e7,2.7726807102560807e7,0.0,0.0,163306,463834,OPTIMAL,6.880930791693462e7,4.101024064184925e7,2.7799067275074296e7,0.0,0.0,1489306,3959534,0.0,0.0,0.005388708,1.088580584,2.0e-6,0.848830084,14.642745084,0.272686333
tyndp/gep_40_24_convex_hull_convex_0.01,932178,40,24,convex_hull,convex,unscaled,0.01,89.29224090105558,123.85959528003053,2.3351492578973954,53.0414040392243,1.1669489617998396,40,1.0,1.0000000000000002,0.0,0.0,0.2095890410958904,106196,482,7405,6050,OPTIMAL,7.38660687439665e7,4.164238279257903e7,3.2223685951387603e7,0.0,0.0,163306,463834,OPTIMAL,6.81286481254218e7,4.164238279257903e7,2.648626533282681e7,0.0,0.0,1489306,3959534,0.0,0.0,0.00527325,1.080087,0.1565845,0.984220334,25.978575083,0.272686333
tyndp/gep_40_24_convex_hull_conical_0.01,932178,40,24,convex_hull,conical,unscaled,0.01,87.67789125543483,123.85959528003053,2.3351492578973954,53.0414040392243,1.1669489617998396,40,1.0063644968084586,1.1718591870763044,0.4876712328767123,0.40273972602739727,0.2156164383561644,108487,531,7405,6050,OPTIMAL,7.509445870203322e7,4.2223720605581895e7,3.2870738096452404e7,0.0,0.0,163306,463834,OPTIMAL,6.793145919834478e7,4.2223720605581895e7,2.5707738592747368e7,0.0,0.0,1489306,3959534,0.0,0.0,0.005582791,1.7978125,0.08661125,0.958311792,30.908659667,0.272686333
tyndp/gep_40_24_convex_hull_conical_bounded_0.01,932178,40,24,convex_hull,conical_bounded,unscaled,0.01,88.74997129606191,123.85959528003053,2.3351492578973954,53.0414040392243,1.1669489617998396,40,0.974272853372811,1.0000000000000002,0.0,0.6547945205479452,0.20767123287671233,106226,460,7405,6050,OPTIMAL,7.328165602658673e7,4.170233462466932e7,3.1579321401918028e7,0.0,0.0,163306,463834,OPTIMAL,6.814059292237833e7,4.170233462466932e7,2.6438258297711708e7,0.0,0.0,1489306,3959534,0.0,0.0,0.005202292,1.071717459,0.173277791,0.988204584,27.125620541,0.272686333
tyndp/gep_40_24_convex_hull_with_null_dirac_0.01,932178,40,24,convex_hull_with_null,dirac,unscaled,0.01,138.77072091401132,125.95690605211527,2.07646894430569,60.65918124974971,1.1631363596400013,40,1.0,1.0,0.0,0.0,0.025,0,0,7899,5921,OPTIMAL,6.855806482941401e7,4.1733293665098034e7,2.6824771164316077e7,0.0,0.0,163306,463834,OPTIMAL,6.759133390602829e7,4.1733293665098034e7,2.5858040240942456e7,0.0,0.0,1489306,3959534,0.0,0.0,0.005220625,1.095798667,1.959e-6,0.844238417,12.706653417,0.272686333
tyndp/gep_40_24_convex_hull_with_null_convex_0.01,932178,40,24,convex_hull_with_null,convex,unscaled,0.01,90.00144864099636,125.95690605211527,2.07646894430569,60.65918124974971,1.1631363596400013,40,1.0,1.0000000000000002,0.0,0.0,0.203013698630137,105465,496,7899,5921,OPTIMAL,7.521181848098324e7,4.3492116483072445e7,3.1719701997911073e7,0.0,0.0,163306,463834,OPTIMAL,6.811623855624157e7,4.3492116483072445e7,2.462412207312984e7,0.0,0.0,1489306,3959534,0.0,0.0,0.005224792,1.077606125,0.1580005,1.012139042,29.880463458,0.272686333
tyndp/gep_40_24_convex_hull_with_null_conical_0.01,932178,40,24,convex_hull_with_null,conical,unscaled,0.01,87.51037271184231,125.95690605211527,2.07646894430569,60.65918124974971,1.1631363596400013,40,0.9913680909438963,1.181540816191668,0.4054794520547945,0.4849315068493151,0.20856164383561643,109329,504,7899,5921,OPTIMAL,7.578950456781694e7,4.34580662709504e7,3.233143829686565e7,0.0,0.0,163306,463834,OPTIMAL,6.824446693029642e7,4.34580662709504e7,2.4786400659357086e7,0.0,0.0,1489306,3959534,0.0,0.0,0.00522875,1.150835042,0.104022292,0.980359792,27.493915791,0.272686333
tyndp/gep_40_24_convex_hull_with_null_conical_bounded_0.01,932178,40,24,convex_hull_with_null,conical_bounded,unscaled,0.01,88.63070080435554,125.95690605211527,2.07646894430569,60.65918124974971,1.1631363596400013,40,0.9637396108623202,1.0000000000000002,0.0,0.7178082191780822,0.2028082191780822,106351,496,7899,5921,OPTIMAL,7.409312241129659e7,4.349988933608119e7,3.0593233075215653e7,0.0,0.0,163306,463834,OPTIMAL,6.816115128816362e7,4.349988933608119e7,2.466126195208656e7,0.0,0.0,1489306,3959534,0.0,0.0,0.005599917,1.088441375,0.167656834,1.012695667,26.528380834,0.272686333
tyndp/gep_40_24_conical_hull_dirac_0.01,932178,40,24,conical_hull,dirac,unscaled,0.01,139.87441762880084,105.29974022877614,2.1412003777594686,49.17790101408481,1.2028476851372187,40,1.0,1.0,0.0,0.0,0.025,0,0,7113,6342,OPTIMAL,7.029662932748917e7,4.257490768627828e7,2.772172164121207e7,0.0,0.0,163306,463834,OPTIMAL,7.18120854292476e7,4.257490768627828e7,2.9237177742988706e7,0.0,0.0,1489306,3959534,0.0,0.0,0.005151542,1.3309395,1.0e-6,0.844005625,11.551722667,0.272686333
tyndp/gep_40_24_conical_hull_convex_0.01,932178,40,24,conical_hull,convex,unscaled,0.01,96.23913320758587,105.29974022877614,2.1412003777594686,49.17790101408481,1.2028476851372187,40,1.0,1.0000000000000002,0.0,0.0,0.19904109589041097,89640,440,7113,6342,OPTIMAL,7.617121333050747e7,4.329593090862207e7,3.2875282421885263e7,0.0,0.0,163306,463834,OPTIMAL,7.36914854603374e7,4.329593090862207e7,3.0395554551703643e7,0.0,0.0,1489306,3959534,0.0,0.0,0.005240125,0.716807875,0.138266084,1.035397875,27.498053708,0.272686333
tyndp/gep_40_24_conical_hull_conical_0.01,932178,40,24,conical_hull,conical,unscaled,0.01,88.72259147633656,105.29974022877614,2.1412003777594686,49.17790101408481,1.2028476851372187,40,1.0965333784697762,1.3746982494220412,0.7945205479452054,0.0958904109589041,0.2263013698630137,98713,500,7113,6342,OPTIMAL,7.876769284698465e7,4.520519978821656e7,3.356249305876779e7,0.0,0.0,163306,463834,OPTIMAL,7.40141813581168e7,4.520519978821656e7,2.8808981569934525e7,0.0,0.0,1489306,3959534,0.0,0.0,0.005298667,0.7121985,0.089333042,1.008339458,22.81584625,0.272686333
tyndp/gep_40_24_conical_hull_conical_bounded_0.01,932178,40,24,conical_hull,conical_bounded,unscaled,0.01,96.41125712139318,105.29974022877614,2.1412003777594686,49.17790101408481,1.2028476851372187,40,0.9920113387046863,1.0000000000000002,0.0,0.5095890410958904,0.19815068493150684,89937,440,7113,6342,OPTIMAL,7.607205532557695e7,4.3257909444760494e7,3.2814145880816408e7,0.0,0.0,163306,463834,OPTIMAL,7.30837113743984e7,4.3257909444760494e7,2.9825801929625064e7,0.0,0.0,1489306,3959534,0.0,0.0,0.005215875,1.43605425,0.13157875,0.921257125,27.524768667,0.272686333
tyndp/gep_80_24_k_means_dirac_0.01,932178,80,24,k_means,dirac,unscaled,0.01,90.08138531770355,171.701356464947,0.5689460058350799,301.78849083038995,1.0971834006603018,80,1.0,1.0,0.0,0.0,0.0125,0,0,0,0,OPTIMAL,5.696967494195081e7,3.6815205894076444e7,2.0154469047871176e7,0.0,0.0,326506,894074,OPTIMAL,8.365829099867709e7,3.6815205894076444e7,4.684308510457877e7,0.0,0.0,1489306,3959534,0.0,0.0,0.005260833,0.153215333,1.208e-6,1.583727583,25.952352208,0.272686333
tyndp/gep_80_24_k_means_convex_0.01,932178,80,24,k_means,convex,unscaled,0.01,81.61499385978718,171.701356464947,0.5689460058350799,301.78849083038995,1.0971834006603018,80,1.0,1.0000000000000002,0.0,0.0,0.06373287671232877,193710,1393,0,0,OPTIMAL,5.816179771990903e7,3.7340240191296116e7,2.0821557528611936e7,0.0,0.0,326506,894074,OPTIMAL,8.240116572330461e7,3.7340240191296116e7,4.506092553198147e7,0.0,0.0,1489306,3959534,0.0,0.0,0.005200583,0.220520333,0.642111625,1.651978541,98.850992292,0.272686333
tyndp/gep_80_24_k_means_conical_0.01,932178,80,24,k_means,conical,unscaled,0.01,79.63527374968764,171.701356464947,0.5689460058350799,301.78849083038995,1.0971834006603018,80,1.0081797015583567,1.1443395633195124,0.5753424657534246,0.3917808219178082,0.06609589041095891,199302,1115,0,0,OPTIMAL,5.8589316578011476e7,3.73845980325462e7,2.1204718545465603e7,0.0,0.0,326506,894074,OPTIMAL,8.186546721375261e7,3.73845980325462e7,4.448086918123653e7,0.0,0.0,1489306,3959534,0.0,0.0,0.005224792,0.198670167,0.399699083,1.72869425,118.845222959,0.272686333
tyndp/gep_80_24_k_means_conical_bounded_0.01,932178,80,24,k_means,conical_bounded,unscaled,0.01,80.96960534251313,171.701356464947,0.5689460058350799,301.78849083038995,1.0971834006603018,80,0.9781501541793499,1.0000000000000002,0.0,0.6493150684931507,0.06349315068493151,194468,1302,0,0,OPTIMAL,5.799288828338388e7,3.7322987942269504e7,2.0669900341114976e7,0.0,0.0,326506,894074,OPTIMAL,8.268828157284473e7,3.7322987942269504e7,4.536529363058368e7,0.0,0.0,1489306,3959534,0.0,0.0,0.005199042,0.192602875,0.645453459,1.61980675,104.339137,0.272686333
tyndp/gep_80_24_k_medoids_dirac_0.01,932178,80,24,k_medoids,dirac,unscaled,0.01,114.42442099480762,170.56613053800186,1.3069569667533845,130.50630960077106,1.1407050002993602,80,1.0,1.0,0.0,0.0,0.0125,0,0,0,0,OPTIMAL,6.3598801118746996e7,4.141807695695375e7,2.218072416179359e7,0.0,0.0,326506,894074,OPTIMAL,6.813271380668753e7,4.141807695695375e7,2.6714636849752616e7,0.0,0.0,1489306,3959534,0.0,0.0,0.005391792,0.17939975,1.833e-6,2.1529205,29.662002834,0.272686333
tyndp/gep_80_24_k_medoids_convex_0.01,932178,80,24,k_medoids,convex,unscaled,0.01,80.08511548916643,170.56613053800186,1.3069569667533845,130.50630960077106,1.1407050002993602,80,1.0,1.0000000000000004,0.0,0.0,0.09835616438356165,153817,1039,0,0,OPTIMAL,6.496663090909796e7,4.10299303538182e7,2.3936700555280905e7,0.0,0.0,326506,894074,OPTIMAL,6.712836189587924e7,4.10299303538182e7,2.6098431542091675e7,0.0,0.0,1489306,3959534,0.0,0.0,0.005238875,0.627436125,0.695715791,1.838280167,116.580571833,0.272686333
tyndp/gep_80_24_k_medoids_conical_0.01,932178,80,24,k_medoids,conical,unscaled,0.01,78.14029863036636,170.56613053800186,1.3069569667533845,130.50630960077106,1.1407050002993602,80,1.0121759327984619,1.2085032666682638,0.4602739726027397,0.32054794520547947,0.10147260273972603,156962,786,0,0,OPTIMAL,6.5427403568389416e7,4.08840465935496e7,2.454335697484086e7,0.0,0.0,326506,894074,OPTIMAL,6.724851837353158e7,4.08840465935496e7,2.6364471779995248e7,0.0,0.0,1489306,3959534,0.0,0.0,0.005202458,0.179999833,0.338739666,2.118256333,107.217564875,0.272686333
tyndp/gep_80_24_k_medoids_conical_bounded_0.01,932178,80,24,k_medoids,conical_bounded,unscaled,0.01,79.7822588437899,170.56613053800186,1.3069569667533845,130.50630960077106,1.1407050002993602,80,0.9797494606880801,1.0000000000000002,0.0,0.6,0.09784246575342466,153433,894,0,0,OPTIMAL,6.454741078428722e7,4.097666398908668e7,2.3570746795200083e7,0.0,0.0,326506,894074,OPTIMAL,6.732008193162186e7,4.097666398908668e7,2.634341794255245e7,0.0,0.0,1489306,3959534,0.0,0.0,0.005444375,0.173294833,0.513709708,2.258522667,87.6164405,0.272686333
tyndp/gep_80_24_hierarchical_dirac_0.01,932178,80,24,hierarchical,dirac,unscaled,0.01,113.72920732598597,170.36269961552966,1.3043201231670345,130.61417714070842,1.13397179757656,80,1.0,1.0,0.0,0.0,0.0125,0,0,0,0,OPTIMAL,6.5122152440331705e7,4.1181985564738534e7,2.3940166875593666e7,0.0,0.0,326506,894074,OPTIMAL,6.874593075759149e7,4.1181985564738534e7,2.7563945192841135e7,0.0,0.0,1489306,3959534,0.0,0.0,0.005185167,0.161623375,2.084e-6,2.326389333,34.86702875,0.272686333
tyndp/gep_80_24_hierarchical_convex_0.01,932178,80,24,hierarchical,convex,unscaled,0.01,80.78442736452118,170.36269961552966,1.3043201231670345,130.61417714070842,1.13397179757656,80,1.0,1.0000000000000002,0.0,0.0,0.09708904109589041,155918,899,0,0,OPTIMAL,6.588956228048845e7,4.1425577107581526e7,2.4463985172906104e7,0.0,0.0,326506,894074,OPTIMAL,6.815597401634693e7,4.1425577107581526e7,2.6730396908752706e7,0.0,0.0,1489306,3959534,0.0,0.0,0.005182709,0.652939291,0.70339225,1.848929125,72.486548708,0.272686333
tyndp/gep_80_24_hierarchical_conical_0.01,932178,80,24,hierarchical,conical,unscaled,0.01,79.03569032469335,170.36269961552966,1.3043201231670345,130.61417714070842,1.13397179757656,80,1.0095657313760187,1.1628735969256112,0.4547945205479452,0.32602739726027397,0.09976027397260274,157544,913,0,0,OPTIMAL,6.637278973613191e7,4.124144639836764e7,2.513134333776411e7,0.0,0.0,326506,894074,OPTIMAL,6.808138159080657e7,4.124144639836764e7,2.6839935192427535e7,0.0,0.0,1489306,3959534,0.0,0.0,0.005314959,0.219140709,0.344479334,2.121051917,86.344652625,0.272686333
tyndp/gep_80_24_hierarchical_conical_bounded_0.01,932178,80,24,hierarchical,conical_bounded,unscaled,0.01,80.3787820627736,170.36269961552966,1.3043201231670345,130.61417714070842,1.13397179757656,80,0.9789060971143125,1.0000000000000002,0.0,0.6082191780821918,0.09599315068493151,153451,850,0,0,OPTIMAL,6.550398141324275e7,4.144960463151583e7,2.405437678172693e7,0.0,0.0,326506,894074,OPTIMAL,6.798641208414106e7,4.144960463151583e7,2.6536807452615693e7,0.0,0.0,1489306,3959534,0.0,0.0,0.005370208,0.143263416,0.543340041,1.684481458,103.867232417,0.272686333
tyndp/gep_80_24_chronological_dirac_0.01,932178,80,24,chronological,dirac,unscaled,0.01,132.5149516242784,168.22273902073215,1.2935607448372204,130.04626160165446,1.133045528871357,80,1.0,1.0,0.0,0.0,0.0125,0,0,0,0,OPTIMAL,6.349079105922315e7,4.2023100110705525e7,2.1467690948516686e7,0.0,0.0,326506,894074,OPTIMAL,6.926207939632674e7,4.2023100110705525e7,2.7238979285627283e7,0.0,0.0,1489306,3959534,0.0,0.0,0.00545325,0.161506708,1.625e-6,2.128967125,13.008711125,0.272686333
tyndp/gep_80_24_chronological_convex_0.01,932178,80,24,chronological,convex,unscaled,0.01,82.57829987138432,168.22273902073215,1.2935607448372204,130.04626160165446,1.133045528871357,80,1.0,1.0000000000000002,0.0,0.0,0.0958904109589041,156275,838,0,0,OPTIMAL,6.3050102546617985e7,4.189251793815044e7,2.1157584608466823e7,0.0,0.0,326506,894074,OPTIMAL,6.863162123875307e7,4.189251793815044e7,2.673910330058747e7,0.0,0.0,1489306,3959534,0.0,0.0,0.00522275,0.140463041,0.541168,1.747684916,72.353901916,0.272686333
tyndp/gep_80_24_chronological_conical_0.01,932178,80,24,chronological,conical,unscaled,0.01,80.63000256023693,168.22273902073215,1.2935607448372204,130.04626160165446,1.133045528871357,80,1.011109392182606,1.2370219491261112,0.4712328767123288,0.3095890410958904,0.09976027397260274,159264,820,0,0,OPTIMAL,6.325167898026351e7,4.1743616653838985e7,2.1508062326425605e7,0.0,0.0,326506,894074,OPTIMAL,6.869082967440496e7,4.1743616653838985e7,2.6947213020558544e7,0.0,0.0,1489306,3959534,0.0,0.0,0.00525925,0.660508042,0.489475708,1.776190792,85.679238792,0.272686333
tyndp/gep_80_24_chronological_conical_bounded_0.01,932178,80,24,chronological,conical_bounded,unscaled,0.01,82.14046919388896,168.22273902073215,1.2935607448372204,130.04626160165446,1.133045528871357,80,0.9782432610960463,1.0000000000000002,0.0,0.5972602739726027,0.09547945205479452,154763,781,0,0,OPTIMAL,6.287749485436515e7,4.187139386502615e7,2.1006100989339095e7,0.0,0.0,326506,894074,OPTIMAL,6.866947352589045e7,4.187139386502615e7,2.6798079660834912e7,0.0,0.0,1489306,3959534,0.0,0.0,0.005203958,0.168950666,1.26670225,1.810990625,72.918135167,0.272686333
tyndp/gep_80_24_convex_hull_dirac_0.01,932178,80,24,convex_hull,dirac,unscaled,0.01,121.03648867596155,174.67224377164183,1.3213764114021769,132.18961854047978,1.1598754190636968,80,1.0,1.0,0.0,0.0,0.0125,0,0,17542,8133,OPTIMAL,6.713413839490172e7,4.2683506067588486e7,2.4450632327312335e7,0.0,0.0,326506,894074,OPTIMAL,6.680844005710743e7,4.2683506067588486e7,2.4124933989496127e7,0.0,0.0,1489306,3959534,0.0,0.0,0.005252917,3.916667708,1.917e-6,1.423628625,36.312555209,0.272686333
tyndp/gep_80_24_convex_hull_convex_0.01,932178,80,24,convex_hull,convex,unscaled,0.01,76.24559747551422,174.67224377164183,1.3213764114021769,132.18961854047978,1.1598754190636968,80,1.0,1.0000000000000002,0.0,0.0,0.10578767123287672,149807,773,17542,8133,OPTIMAL,7.166436401435119e7,4.3560917233634725e7,2.8103446780715387e7,0.0,0.0,326506,894074,OPTIMAL,6.715984132611911e7,4.3560917233634725e7,2.3598924092463426e7,0.0,0.0,1489306,3959534,0.0,0.0,0.005524208,3.935608208,0.44831225,1.62071825,113.91987375,0.272686333
tyndp/gep_80_24_convex_hull_conical_0.01,932178,80,24,convex_hull,conical,unscaled,0.01,74.79477518761122,174.67224377164183,1.3213764114021769,132.18961854047978,1.1598754190636968,80,1.003561799672319,1.1758907117750377,0.4136986301369863,0.36712328767123287,0.10948630136986301,153111,864,17542,8133,OPTIMAL,7.268887824737665e7,4.3600473450463146e7,2.9088404796914365e7,0.0,0.0,326506,894074,OPTIMAL,6.720628725781894e7,4.3600473450463146e7,2.3605813807360947e7,0.0,0.0,1489306,3959534,0.0,0.0,0.005215125,3.877879792,0.276947959,1.688373209,75.881669709,0.272686333
tyndp/gep_80_24_convex_hull_conical_bounded_0.01,932178,80,24,convex_hull,conical_bounded,unscaled,0.01,75.90586570497565,174.67224377164183,1.3213764114021769,132.18961854047978,1.1598754190636968,80,0.9770653157111837,1.0000000000000002,0.0,0.663013698630137,0.105,151362,842,17542,8133,OPTIMAL,7.116233637190878e7,4.355297341490614e7,2.760936295700427e7,0.0,0.0,326506,894074,OPTIMAL,6.716953496960512e7,4.355297341490614e7,2.3616561554667346e7,0.0,0.0,1489306,3959534,0.0,0.0,0.005255125,3.309133125,1.222538208,1.584647583,109.059765458,0.272686333
tyndp/gep_80_24_convex_hull_with_null_dirac_0.01,932178,80,24,convex_hull_with_null,dirac,unscaled,0.01,122.01162424541639,176.73837284561597,1.375262300943809,128.51248283641945,1.1575145421185942,80,1.0,1.0,0.0,0.0,0.0125,0,0,18099,7941,OPTIMAL,6.77146328598564e7,4.3045609754925415e7,2.4669023104930125e7,0.0,0.0,326506,894074,OPTIMAL,6.682382532557149e7,4.3045609754925415e7,2.377821557061861e7,0.0,0.0,1489306,3959534,0.0,0.0,0.005219167,3.888308542,1.875e-6,1.48754375,34.190420375,0.272686333
tyndp/gep_80_24_convex_hull_with_null_convex_0.01,932178,80,24,convex_hull_with_null,convex,unscaled,0.01,77.56494779908158,176.73837284561597,1.375262300943809,128.51248283641945,1.1575145421185942,80,1.0,1.0000000000000002,0.0,0.0,0.10568493150684931,151221,799,18099,7941,OPTIMAL,7.333774604311283e7,4.377731723609517e7,2.9560428807017475e7,0.0,0.0,326506,894074,OPTIMAL,6.719305031934331e7,4.377731723609517e7,2.3415733083249334e7,0.0,0.0,1489306,3959534,0.0,0.0,0.005534625,3.209044958,0.511037833,1.664015459,63.40231025,0.272686333
tyndp/gep_80_24_convex_hull_with_null_conical_0.01,932178,80,24,convex_hull_with_null,conical,unscaled,0.01,75.22439458441359,176.73837284561597,1.375262300943809,128.51248283641945,1.1575145421185942,80,0.9841228177690953,1.1747577867639074,0.3178082191780822,0.46301369863013697,0.10732876712328768,152995,873,18099,7941,OPTIMAL,7.373867125988509e7,4.372218304942098e7,3.0016488210462652e7,0.0,0.0,326506,894074,OPTIMAL,6.720927750020286e7,4.372218304942098e7,2.3487094450799413e7,0.0,0.0,1489306,3959534,0.0,0.0,0.005232333,3.333097083,0.838783542,1.871181083,121.096324375,0.272686333
tyndp/gep_80_24_convex_hull_with_null_conical_bounded_0.01,932178,80,24,convex_hull_with_null,conical_bounded,unscaled,0.01,76.12582312058423,176.73837284561597,1.375262300943809,128.51248283641945,1.1575145421185942,80,0.963677835494652,1.0000000000000002,0.0,0.7041095890410959,0.10404109589041095,150944,801,18099,7941,OPTIMAL,7.204739652232087e7,4.3711782806864865e7,2.833561371545461e7,0.0,0.0,326506,894074,OPTIMAL,6.714192676028636e7,4.3711782806864865e7,2.343014395345595e7,0.0,0.0,1489306,3959534,0.0,0.0,0.005215875,4.029172792,0.459511625,1.690113542,84.414297709,0.272686333
tyndp/gep_80_24_conical_hull_dirac_0.01,932178,80,24,conical_hull,dirac,unscaled,0.01,123.74263031794906,152.61513520481208,1.3660260652735423,111.72197887325919,1.1872714821214692,80,1.0,1.0,0.0,0.0,0.0125,0,0,17089,8586,OPTIMAL,6.94157047311124e7,4.3476163421323515e7,2.5939541309788387e7,0.0,0.0,326506,894074,OPTIMAL,6.813798576628457e7,4.3476163421323515e7,2.4661822344949767e7,0.0,0.0,1489306,3959534,0.0,0.0,0.005266125,1.592615875,1.958e-6,1.544832375,35.439256417,0.272686333
tyndp/gep_80_24_conical_hull_convex_0.01,932178,80,24,conical_hull,convex,unscaled,0.01,81.35704256450359,152.61513520481208,1.3660260652735423,111.72197887325919,1.1872714821214692,80,1.0,1.0000000000000004,0.0,0.0,0.10291095890410959,129990,741,17089,8586,OPTIMAL,7.200680271020158e7,4.3887634420894764e7,2.8119168289305687e7,0.0,0.0,326506,894074,OPTIMAL,6.812689472042924e7,4.3887634420894764e7,2.4239260299514506e7,0.0,0.0,1489306,3959534,0.0,0.0,0.005222542,1.551455166,0.4285655,1.707515209,99.107505333,0.272686333
tyndp/gep_80_24_conical_hull_conical_0.01,932178,80,24,conical_hull,conical,unscaled,0.01,75.6349854190382,152.61513520481208,1.3660260652735423,111.72197887325919,1.1872714821214692,80,1.0720180000398978,1.314457589772681,0.6958904109589041,0.08493150684931507,0.11393835616438357,141161,881,17089,8586,OPTIMAL,7.497884286365016e7,4.422233448476255e7,3.075650837888609e7,0.0,0.0,326506,894074,OPTIMAL,6.82708278950171e7,4.422233448476255e7,2.404849341024371e7,0.0,0.0,1489306,3959534,0.0,0.0,0.005295875,2.42447025,0.495962583,1.59219125,72.978389083,0.272686333
tyndp/gep_80_24_conical_hull_conical_bounded_0.01,932178,80,24,conical_hull,conical_bounded,unscaled,0.01,81.664482643011,152.61513520481208,1.3660260652735423,111.72197887325919,1.1872714821214692,80,0.9916686672394828,1.0000000000000002,0.0,0.5342465753424658,0.10246575342465754,129919,721,17089,8586,OPTIMAL,7.189204664013779e7,4.374569594462806e7,2.8146350695510432e7,0.0,0.0,326506,894074,OPTIMAL,6.803325424295896e7,4.374569594462806e7,2.4287558298334528e7,0.0,0.0,1489306,3959534,0.0,0.0,0.005648667,1.545617,0.440720333,1.653480792,100.8662195,0.272686333
tyndp/gep_1_8760_k_means_dirac_0.01_economic,643543,1,8760,k_means,dirac,economic,0.01,0.0,1.0,1.0,1.0,1.0,1,1.0,1.0,0.0,0.0,1.0,0,0,0,0,OPTIMAL,6.6152486747575805e7,4.2178614801414296e7,2.397387194609671e7,0.0,0.0,1489306,3959534,N/A,,,,,,0,0,0.0,0.0,0.004590334,0.193393083,1.542e-6,7.263420125,72.302923375,0.272639833
tyndp/gep_10_24_k_means_dirac_0.01_economic,643543,10,24,k_means,dirac,economic,0.01,797326.8915260507,390639.2346377605,5080.5489491709695,76.88917842263955,1.0424126274125078,10,1.0,1.0,0.0,0.0,0.1,0,0,0,0,OPTIMAL,5.086942662659068e7,3.393879220080083e7,1.6930634425789602e7,0.0,0.0,40906,141154,OPTIMAL,3.42580808922157e8,3.393879220080083e7,3.0864201672137785e8,0.0,0.0,1489306,3959534,0.0,0.0,0.005385708,0.20055975,1.667e-6,0.432184333,1.40455075,0.272639833
tyndp/gep_10_24_k_means_convex_0.01_economic,643543,10,24,k_means,convex,economic,0.01,760857.2133761551,390639.2346377605,5080.5489491709695,76.88917842263955,1.0424126274125078,10,1.0,1.0000000000000002,0.0,0.0,0.2810958904109589,149554,1019,0,0,OPTIMAL,5.09247980029968e7,3.448587391408147e7,1.6438924088915372e7,0.0,0.0,40906,141154,OPTIMAL,3.5907682088743365e8,3.448587391408147e7,3.24590946973331e8,0.0,0.0,1489306,3959534,0.0,0.0,0.005219916,0.215851125,0.084868417,0.425995083,1.722081417,0.272639833
tyndp/gep_10_24_k_means_conical_0.01_economic,643543,10,24,k_means,conical,economic,0.01,739449.5092655008,390639.2346377605,5080.5489491709695,76.88917842263955,1.0424126274125078,10,1.006574372909455,1.3194493845300581,0.5342465753424658,0.4657534246575342,0.28356164383561644,182023,1303,0,0,OPTIMAL,5.088672381128021e7,3.426383940161358e7,1.6622884409666508e7,0.0,0.0,40906,141154,OPTIMAL,3.4695964565569454e8,3.426383940161358e7,3.1269580625405514e8,0.0,0.0,1489306,3959534,0.0,0.0,0.005239916,0.152560833,0.061113041,0.441348083,1.617329333,0.272639833
tyndp/gep_10_24_k_means_conical_bounded_0.01_economic,643543,10,24,k_means,conical_bounded,economic,0.01,751780.7728202787,390639.2346377605,5080.5489491709695,76.88917842263955,1.0424126274125078,10,0.9607173381949493,1.0000000000000002,0.0,0.5123287671232877,0.2789041095890411,161599,1162,0,0,OPTIMAL,5.047963319542463e7,3.4279082928541064e7,1.6200550266883943e7,0.0,0.0,40906,141154,OPTIMAL,3.5709983412338114e8,3.4279082928541064e7,3.2282075119491124e8,0.0,0.0,1489306,3959534,0.0,0.0,0.005278375,0.160799083,0.552522542,0.498353584,1.694518792,0.272639833
tyndp/gep_10_24_k_medoids_dirac_0.01_economic,643543,10,24,k_medoids,dirac,economic,0.01,976377.3910785136,381156.8067783006,19927.242052108963,19.127423944647752,1.0929109355423954,10,1.0,1.0,0.0,0.0,0.1,0,0,0,0,OPTIMAL,5.3678683470235765e7,3.986638154069084e7,1.381230192954534e7,0.0,0.0,40906,141154,OPTIMAL,5.74291599475314e8,3.986638154069084e7,5.3442521793470764e8,0.0,0.0,1489306,3959534,0.0,0.0,0.005249875,0.264463292,1.917e-6,0.434221875,1.518950875,0.272639833
tyndp/gep_10_24_k_medoids_convex_0.01_economic,643543,10,24,k_medoids,convex,economic,0.01,825651.4348937776,381156.8067783006,19927.242052108963,19.127423944647752,1.0929109355423954,10,1.0,1.0000000000000002,0.0,0.0,0.43397260273972604,135113,605,0,0,OPTIMAL,5.379055933533181e7,3.995989436326892e7,1.3830664972062543e7,0.0,0.0,40906,141154,OPTIMAL,6.324241376426231e8,3.995989436326892e7,5.924642432792385e8,0.0,0.0,1489306,3959534,0.0,0.0,0.005480333,0.156371209,0.517780875,0.434487959,1.638681875,0.272639833
tyndp/gep_10_24_k_medoids_conical_0.01_economic,643543,10,24,k_medoids,conical,economic,0.01,787891.620117222,381156.8067783006,19927.242052108963,19.127423944647752,1.0929109355423954,10,1.0537169790262564,1.5287599974333699,0.5972602739726027,0.37534246575342467,0.4821917808219178,154040,609,0,0,OPTIMAL,5.405050924128637e7,3.9905394668201365e7,1.4145114573084958e7,0.0,0.0,40906,141154,OPTIMAL,5.649283853997631e8,3.9905394668201365e7,5.2502299073151636e8,0.0,0.0,1489306,3959534,0.0,0.0,0.005267875,0.310089084,0.034766459,0.961093833,1.637795833,0.272639833
tyndp/gep_10_24_k_medoids_conical_bounded_0.01_economic,643543,10,24,k_medoids,conical_bounded,economic,0.01,817629.1567524838,381156.8067783006,19927.242052108963,19.127423944647752,1.0929109355423954,10,0.9609216400888948,1.0000000000000002,0.0,0.4547945205479452,0.4334246575342466,137697,606,0,0,OPTIMAL,5.342401114074795e7,3.978868561558375e7,1.3635325525163906e7,0.0,0.0,40906,141154,OPTIMAL,6.144062122307986e8,3.978868561558375e7,5.74617526615171e8,0.0,0.0,1489306,3959534,0.0,0.0,0.005239459,0.148257083,0.054072416,0.454981125,1.935582625,0.272639833
tyndp/gep_10_24_hierarchical_dirac_0.01_economic,643543,10,24,hierarchical,dirac,economic,0.01,1.0118008254262422e6,400631.8760417363,18756.41127533777,21.359729756433463,1.0827897012343377,10,1.0,1.0,0.0,0.0,0.1,0,0,0,0,OPTIMAL,5.314531122615578e7,3.587317735139807e7,1.727213387475762e7,0.0,0.0,40906,141154,OPTIMAL,2.3548273131379104e8,3.587317735139807e7,1.996095539623739e8,0.0,0.0,1489306,3959534,0.0,0.0,0.00543425,0.153064708,9.58e-7,0.450933042,1.480657292,0.272639833
tyndp/gep_10_24_hierarchical_convex_0.01_economic,643543,10,24,hierarchical,convex,economic,0.01,837627.0444272126,400631.8760417363,18756.41127533777,21.359729756433463,1.0827897012343377,10,1.0,1.0000000000000002,0.0,0.0,0.46876712328767123,148064,638,0,0,OPTIMAL,5.362187776107877e7,3.676033142003141e7,1.6861546341047663e7,0.0,0.0,40906,141154,OPTIMAL,2.471883059503118e8,3.676033142003141e7,2.1042797453027418e8,0.0,0.0,1489306,3959534,0.0,0.0,0.005181625,0.149876416,0.05478475,0.457520667,1.852507333,0.272639833
tyndp/gep_10_24_hierarchical_conical_0.01_economic,643543,10,24,hierarchical,conical,economic,0.01,806993.2689920596,400631.8760417363,18756.41127533777,21.359729756433463,1.0827897012343377,10,0.968220269231971,1.3275587800635733,0.4,0.5726027397260274,0.4841095890410959,161599,697,0,0,OPTIMAL,5.3658549175336674e7,3.69980682042016e7,1.6660480971135136e7,0.0,0.0,40906,141154,OPTIMAL,2.6382038840834814e8,3.69980682042016e7,2.2682232020420402e8,0.0,0.0,1489306,3959534,0.0,0.0,0.005226708,0.23414925,0.03626675,0.468946125,1.6698755,0.272639833
tyndp/gep_10_24_hierarchical_conical_bounded_0.01_economic,643543,10,24,hierarchical,conical_bounded,economic,0.01,819092.5081471299,400631.8760417363,18756.41127533777,21.359729756433463,1.0827897012343377,10,0.9252236343081082,1.0,0.0,0.6109589041095891,0.4638356164383562,154227,688,0,0,OPTIMAL,5.317890694047595e7,3.683770076201116e7,1.634120617846466e7,0.0,0.0,40906,141154,OPTIMAL,2.5785210064911354e8,3.683770076201116e7,2.210143998871263e8,0.0,0.0,1489306,3959534,0.0,0.0,0.005018041,0.1459195,0.134649208,0.647448958,1.810486083,0.272639833
tyndp/gep_10_24_chronological_dirac_0.01_economic,643543,10,24,chronological,dirac,economic,0.01,1.124693064236561e6,387581.5171582128,22397.631602735335,17.304575949489184,1.0948518778466214,10,1.0,1.0,0.0,0.0,0.1,0,0,0,0,OPTIMAL,5.388586373960476e7,3.6373147362352416e7,1.751271637725241e7,0.0,0.0,40906,141154,OPTIMAL,2.416012005555081e8,3.6373147362352416e7,2.05228053193069e8,0.0,0.0,1489306,3959534,0.0,0.0,0.005214875,0.15017375,9.58e-7,0.447837875,1.009159791,0.272639833
tyndp/gep_10_24_chronological_convex_0.01_economic,643543,10,24,chronological,convex,economic,0.01,854000.1059656246,387581.5171582128,22397.631602735335,17.304575949489184,1.0948518778466214,10,1.0,1.0000000000000002,0.0,0.0,0.47698630136986303,142420,589,0,0,OPTIMAL,5.398978499897061e7,3.6227245698002905e7,1.776253930096794e7,0.0,0.0,40906,141154,OPTIMAL,2.311082717872913e8,3.6227245698002905e7,1.9488102608922905e8,0.0,0.0,1489306,3959534,0.0,0.0,0.005263666,0.150665209,0.114640458,0.4446515,1.614720125,0.272639833
tyndp/gep_10_24_chronological_conical_0.01_economic,643543,10,24,chronological,conical,economic,0.01,811371.9427468667,387581.5171582128,22397.631602735335,17.304575949489184,1.0948518778466214,10,0.998669991164037,1.4704810048702281,0.46301369863013697,0.5095890410958904,0.5068493150684932,156428,605,0,0,OPTIMAL,5.388291394139828e7,3.6281145567821294e7,1.760176837357703e7,0.0,0.0,40906,141154,OPTIMAL,2.3643696023820218e8,3.6281145567821294e7,2.0015581467032295e8,0.0,0.0,1489306,3959534,0.0,0.0,0.005200958,0.612537209,0.116820125,0.654757875,1.695267833,0.272639833
tyndp/gep_10_24_chronological_conical_bounded_0.01_economic,643543,10,24,chronological,conical_bounded,economic,0.01,834498.4336902974,387581.5171582128,22397.631602735335,17.304575949489184,1.0948518778466214,10,0.9377794402923466,1.0,0.0,0.589041095890411,0.4778082191780822,147516,614,0,0,OPTIMAL,5.3425996593475886e7,3.6178910345280245e7,1.7247086248195615e7,0.0,0.0,40906,141154,OPTIMAL,2.3708221261430976e8,3.6178910345280245e7,2.009033022689367e8,0.0,0.0,1489306,3959534,0.0,0.0,0.00529775,0.148799334,0.516667875,0.439340083,1.740008875,0.272639833
tyndp/gep_10_24_convex_hull_dirac_0.01_economic,643543,10,24,convex_hull,dirac,economic,0.01,1.1758992386360324e6,422563.7333157672,26303.417398818423,16.06497463461722,1.1841550207832412,10,1.0,1.0,0.0,0.0,0.1,0,0,856,2384,OPTIMAL,7.065319548428698e7,4.0642414997443005e7,3.0010780486843884e7,0.0,0.0,40906,141154,OPTIMAL,1.2239204065502952e8,4.0642414997443005e7,8.17496256576376e7,0.0,0.0,1489306,3959534,0.0,0.0,0.005230083,0.944421583,1.083e-6,0.40348625,1.761768833,0.272639833
tyndp/gep_10_24_convex_hull_convex_0.01_economic,643543,10,24,convex_hull,convex,economic,0.01,800113.0061073564,422563.7333157672,26303.417398818423,16.06497463461722,1.1841550207832412,10,1.0,1.0000000000000002,0.0,0.0,0.5484931506849315,111497,477,856,2384,OPTIMAL,7.408101969788168e7,4.223520726621472e7,3.184581243166653e7,0.0,0.0,40906,141154,OPTIMAL,1.231947652459867e8,4.223520726621472e7,8.095955797979738e7,0.0,0.0,1489306,3959534,0.0,0.0,0.005526042,0.356394125,0.03986625,0.512049542,1.451188042,0.272639833
tyndp/gep_10_24_convex_hull_conical_0.01_economic,643543,10,24,convex_hull,conical,economic,0.01,759178.6067531984,422563.7333157672,26303.417398818423,16.06497463461722,1.1841550207832412,10,0.9057111413385893,1.239225157602805,0.2493150684931507,0.7232876712328767,0.5638356164383561,123983,537,856,2384,OPTIMAL,7.391370095437267e7,4.235351381548613e7,3.1560187138886973e7,0.0,0.0,40906,141154,OPTIMAL,1.2529011623827371e8,4.235351381548613e7,8.293660242277595e7,0.0,0.0,1489306,3959534,0.0,0.0,0.005162417,1.032846709,0.033431333,0.475718959,1.788101875,0.272639833
tyndp/gep_10_24_convex_hull_conical_bounded_0.01_economic,643543,10,24,convex_hull,conical_bounded,economic,0.01,765983.2016778797,422563.7333157672,26303.417398818423,16.06497463461722,1.1841550207832412,10,0.883402814972033,1.0,0.0,0.7698630136986301,0.5504109589041096,121934,561,856,2384,OPTIMAL,7.289603223834385e7,4.224140971678712e7,3.0654622521557033e7,0.0,0.0,40906,141154,OPTIMAL,1.2471921083216229e8,4.224140971678712e7,8.247780111542732e7,0.0,0.0,1489306,3959534,0.0,0.0,0.005215417,0.860152875,0.121493708,0.632973333,1.79258625,0.272639833
tyndp/gep_10_24_convex_hull_with_null_dirac_0.01_economic,643543,10,24,convex_hull_with_null,dirac,economic,0.01,1.1761483921798877e6,433888.8094511438,28824.584638005068,15.052734146915116,1.1846915928156243,10,1.0,1.0,0.0,0.0,0.1,0,0,862,2743,OPTIMAL,9.911861399757716e7,4.774006785566105e7,5.1378546141916245e7,0.0,0.0,40906,141154,OPTIMAL,8.076009737316248e7,4.774006785566105e7,3.302002951750292e7,0.0,0.0,1489306,3959534,0.0,0.0,0.005300042,1.029313,1.084e-6,0.403303916,1.669023875,0.272639833
tyndp/gep_10_24_convex_hull_with_null_convex_0.01_economic,643543,10,24,convex_hull_with_null,convex,economic,0.01,811433.1899717469,433888.8094511438,28824.584638005068,15.052734146915116,1.1846915928156243,10,1.0,1.0000000000000002,0.0,0.0,0.5364383561643835,113322,503,862,2743,OPTIMAL,1.0429243813247648e8,4.798426684244336e7,5.6308171290032595e7,0.0,0.0,40906,141154,OPTIMAL,8.079086568792671e7,4.798426684244336e7,3.2806598845484816e7,0.0,0.0,1489306,3959534,0.0,0.0,0.00533475,0.36858925,0.039611833,0.466728334,2.032666667,0.272639833
tyndp/gep_10_24_convex_hull_with_null_conical_0.01_economic,643543,10,24,convex_hull_with_null,conical,economic,0.01,746375.5429930083,433888.8094511438,28824.584638005068,15.052734146915116,1.1846915928156243,10,0.9111365953564069,1.2497566637212927,0.2602739726027397,0.7123287671232876,0.5473972602739726,128444,512,862,2743,OPTIMAL,9.315712955690654e7,4.613118907950697e7,4.702594047740033e7,0.0,0.0,40906,141154,OPTIMAL,7.988154497724096e7,4.613118907950697e7,3.3750355897729374e7,0.0,0.0,1489306,3959534,0.0,0.0,0.005487167,0.90192025,0.102840542,0.656205333,1.710166875,0.272639833
tyndp/gep_10_24_convex_hull_with_null_conical_bounded_0.01_economic,643543,10,24,convex_hull_with_null,conical_bounded,economic,0.01,752595.3893334902,433888.8094511438,28824.584638005068,15.052734146915116,1.1846915928156243,10,0.8867170248395052,1.0,0.0,0.7753424657534247,0.5378082191780822,126182,489,862,2743,OPTIMAL,8.999748756956628e7,4.614062716195378e7,4.385686040761259e7,0.0,0.0,40906,141154,OPTIMAL,8.091792043479437e7,4.614062716195378e7,3.477729327285517e7,0.0,0.0,1489306,3959534,0.0,0.0,0.005165459,0.3764875,0.049584958,0.495750625,1.9432755,0.272639833
tyndp/gep_10_24_conical_hull_dirac_0.01_economic,643543,10,24,conical_hull,dirac,economic,0.01,1.1833146240368315e6,322125.3016914302,29679.10527427817,10.85360554890463,1.272620095674998,10,1.0,1.0,0.0,0.0,0.1,0,0,660,2580,OPTIMAL,8.429038772634493e7,4.354088191759957e7,4.074950580874546e7,0.0,0.0,40906,141154,OPTIMAL,7.552741759768063e7,4.354088191759957e7,3.198653568005479e7,0.0,0.0,1489306,3959534,0.0,0.0,0.00513725,0.258487292,1.125e-6,0.419825084,1.4706605,0.272639833
tyndp/gep_10_24_conical_hull_convex_0.01_economic,643543,10,24,conical_hull,convex,economic,0.01,886798.8962593311,322125.3016914302,29679.10527427817,10.85360554890463,1.272620095674998,10,1.0,1.0000000000000004,0.0,0.0,0.5345205479452054,86926,389,660,2580,OPTIMAL,1.016561889211863e8,4.916337225524466e7,5.249281666594193e7,0.0,0.0,40906,141154,OPTIMAL,7.851356714602815e7,4.916337225524466e7,2.935019489077484e7,0.0,0.0,1489306,3959534,0.0,0.0,0.005264958,0.760976625,0.208957209,0.440447084,1.799809792,0.272639833
tyndp/gep_10_24_conical_hull_conical_0.01_economic,643543,10,24,conical_hull,conical,economic,0.01,772613.1900364424,322125.3016914302,29679.10527427817,10.85360554890463,1.272620095674998,10,1.1997905444525419,1.6637745943216524,0.8657534246575342,0.10684931506849316,0.6232876712328768,103297,433,660,2580,OPTIMAL,9.782681287054212e7,4.837907449547734e7,4.9447738375065364e7,0.0,0.0,40906,141154,OPTIMAL,7.743265126920363e7,4.837907449547734e7,2.9053576773695983e7,0.0,0.0,1489306,3959534,0.0,0.0,0.005263708,0.801063625,0.101330583,0.657420459,1.944637583,0.272639833
tyndp/gep_10_24_conical_hull_conical_bounded_0.01_economic,643543,10,24,conical_hull,conical_bounded,economic,0.01,885579.2264124686,322125.3016914302,29679.10527427817,10.85360554890463,1.272620095674998,10,0.9884018231124145,1.0,0.0,0.24383561643835616,0.5312328767123288,87233,387,660,2580,OPTIMAL,1.0193540834450297e8,4.924311184405093e7,5.269229650045198e7,0.0,0.0,40906,141154,OPTIMAL,8.008617723767984e7,4.924311184405093e7,3.084306539362593e7,0.0,0.0,1489306,3959534,0.0,0.0,0.005168125,0.815478792,0.114325209,0.443956417,2.15524425,0.272639833
tyndp/gep_20_24_k_means_dirac_0.01_economic,643543,20,24,k_means,dirac,economic,0.01,756257.3911309191,549721.2863052222,5081.649796204899,108.17771951065333,1.0564730678320509,20,1.0,1.0,0.0,0.0,0.05,0,0,0,0,OPTIMAL,5.203300558364776e7,3.392087229401948e7,1.8112133289627843e7,0.0,0.0,81706,248714,OPTIMAL,2.13456395282174e8,3.392087229401948e7,1.795355229881715e8,0.0,0.0,1489306,3959534,0.0,0.0,0.005297458,0.285322875,9.58e-7,0.556728833,5.118192209,0.272639833
tyndp/gep_20_24_k_means_convex_0.01_economic,643543,20,24,k_means,convex,economic,0.01,710377.3758542098,549721.2863052222,5081.649796204899,108.17771951065333,1.0564730678320509,20,1.0,1.0000000000000002,0.0,0.0,0.17904109589041095,241776,1635,0,0,OPTIMAL,5.206058095496254e7,3.414042286641359e7,1.7920158088549186e7,0.0,0.0,81706,248714,OPTIMAL,2.1491566992869866e8,3.414042286641359e7,1.8077524706236777e8,0.0,0.0,1489306,3959534,0.0,0.0,0.005203583,0.157344333,0.858754167,0.585495041,8.096255292,0.272639833
tyndp/gep_20_24_k_means_conical_0.01_economic,643543,20,24,k_means,conical,economic,0.01,686915.6483027214,549721.2863052222,5081.649796204899,108.17771951065333,1.0564730678320509,20,1.0242432094304579,1.3722661053783862,0.6027397260273972,0.3972602739726027,0.18301369863013697,279222,1670,0,0,OPTIMAL,5.246747954541626e7,3.4359405922831066e7,1.8108073622585192e7,0.0,0.0,81706,248714,OPTIMAL,2.0831984214631796e8,3.4359405922831066e7,1.7396043622346815e8,0.0,0.0,1489306,3959534,0.0,0.0,0.005198958,0.155895958,0.151521041,0.567916958,7.904708167,0.272639833
tyndp/gep_20_24_k_means_conical_bounded_0.01_economic,643543,20,24,k_means,conical_bounded,economic,0.01,703688.1234746571,549721.2863052222,5081.649796204899,108.17771951065333,1.0564730678320509,20,0.9674069171517595,1.0000000000000002,0.0,0.4876712328767123,0.17452054794520547,249094,1674,0,0,OPTIMAL,5.1862477915820405e7,3.397163908808991e7,1.789083882773083e7,0.0,0.0,81706,248714,OPTIMAL,2.1380629403327864e8,3.397163908808991e7,1.7983465494518605e8,0.0,0.0,1489306,3959534,0.0,0.0,0.0057085,0.154842709,0.241823708,0.567174,13.154751542,0.272639833
tyndp/gep_20_24_k_medoids_dirac_0.01_economic,643543,20,24,k_medoids,dirac,economic,0.01,933402.8900512431,555132.8854977511,17360.286716644205,31.977172644592123,1.1176913741764134,20,1.0,1.0,0.0,0.0,0.05,0,0,0,0,OPTIMAL,5.309194761268041e7,3.6610081876977146e7,1.6481865735703465e7,0.0,0.0,81706,248714,OPTIMAL,2.4223826673194122e8,3.6610081876977146e7,2.0562818485485145e8,0.0,0.0,1489306,3959534,0.0,0.0,0.005422875,0.198643959,9.59e-7,0.577373416,6.193297541,0.272639833
tyndp/gep_20_24_k_medoids_convex_0.01_economic,643543,20,24,k_medoids,convex,economic,0.01,726824.343997733,555132.8854977511,17360.286716644205,31.977172644592123,1.1176913741764134,20,1.0,1.0000000000000002,0.0,0.0,0.30041095890410957,209403,990,0,0,OPTIMAL,5.384483018235157e7,3.722603180593369e7,1.6618798376417624e7,0.0,0.0,81706,248714,OPTIMAL,2.4608807776682836e8,3.722603180593369e7,2.0886204596104825e8,0.0,0.0,1489306,3959534,0.0,0.0,0.005210833,0.149759708,0.179944542,0.636195167,15.084700875,0.272639833
tyndp/gep_20_24_k_medoids_conical_0.01_economic,643543,20,24,k_medoids,conical,economic,0.01,700738.1880599824,555132.8854977511,17360.286716644205,31.977172644592123,1.1176913741764134,20,1.0369158351004522,1.348912761112062,0.5726027397260274,0.3726027397260274,0.3180821917808219,225747,969,0,0,OPTIMAL,5.3958858014985636e7,3.6796536072592475e7,1.716232194239277e7,0.0,0.0,81706,248714,OPTIMAL,2.283643165959838e8,3.6796536072592475e7,1.9156778052354395e8,0.0,0.0,1489306,3959534,0.0,0.0,0.005292917,0.153181042,0.62347275,0.774147125,12.854659875,0.272639833
tyndp/gep_20_24_k_medoids_conical_bounded_0.01_economic,643543,20,24,k_medoids,conical_bounded,economic,0.01,719909.2232098351,555132.8854977511,17360.286716644205,31.977172644592123,1.1176913741764134,20,0.9650096316251869,1.0000000000000002,0.0,0.5342465753424658,0.29726027397260274,214353,990,0,0,OPTIMAL,5.353398432803918e7,3.699743166394858e7,1.6536552664090289e7,0.0,0.0,81706,248714,OPTIMAL,2.5358918846204183e8,3.699743166394858e7,2.16591756798033e8,0.0,0.0,1489306,3959534,0.0,0.0,0.005295583,0.626569125,0.389544625,0.600944459,18.038099958,0.272639833
tyndp/gep_20_24_hierarchical_dirac_0.01_economic,643543,20,24,hierarchical,dirac,economic,0.01,958642.013119773,555197.3822082604,14753.518474686125,37.63152384028665,1.1153349136899398,20,1.0,1.0,0.0,0.0,0.05,0,0,0,0,OPTIMAL,6.2501254016995616e7,4.153156519079326e7,2.0969688826202497e7,0.0,0.0,81706,248714,OPTIMAL,9.495047614426096e7,4.153156519079326e7,5.3418910953515425e7,0.0,0.0,1489306,3959534,0.0,0.0,0.005272125,0.618438708,1.625e-6,0.634841584,5.046219125,0.272639833
tyndp/gep_20_24_hierarchical_convex_0.01_economic,643543,20,24,hierarchical,convex,economic,0.01,732565.5830529598,555197.3822082604,14753.518474686125,37.63152384028665,1.1153349136899398,20,1.0,1.0000000000000002,0.0,0.0,0.2979452054794521,229519,989,0,0,OPTIMAL,6.3849989983951695e7,3.903682946740821e7,2.4813160516543582e7,0.0,0.0,81706,248714,OPTIMAL,9.747612826930363e7,3.903682946740821e7,5.8439298801869765e7,0.0,0.0,1489306,3959534,0.0,0.0,0.005145667,0.1487505,0.831516167,0.611533666,12.944889458,0.272639833
tyndp/gep_20_24_hierarchical_conical_0.01_economic,643543,20,24,hierarchical,conical,economic,0.01,705145.7018532353,555197.3822082604,14753.518474686125,37.63152384028665,1.1153349136899398,20,1.0139757871932769,1.457530557603171,0.5178082191780822,0.4273972602739726,0.31602739726027396,247955,1043,0,0,OPTIMAL,6.430880487210661e7,3.9147018597102635e7,2.5161786275004424e7,0.0,0.0,81706,248714,OPTIMAL,9.38867153515911e7,3.9147018597102635e7,5.473969675452267e7,0.0,0.0,1489306,3959534,0.0,0.0,0.005241375,0.15198125,0.622470833,0.766785792,16.561858,0.272639833
tyndp/gep_20_24_hierarchical_conical_bounded_0.01_economic,643543,20,24,hierarchical,conical_bounded,economic,0.01,721942.7799964669,555197.3822082604,14753.518474686125,37.63152384028665,1.1153349136899398,20,0.9564279636073543,1.0000000000000002,0.0,0.5342465753424658,0.2984931506849315,233250,1020,0,0,OPTIMAL,6.325159643820762e7,3.874655202538837e7,2.4505044412819076e7,0.0,0.0,81706,248714,OPTIMAL,9.80777895093836e7,3.874655202538837e7,5.933123748391535e7,0.0,0.0,1489306,3959534,0.0,0.0,0.005207208,0.616633542,0.3943705,0.603828458,21.144410333,0.272639833
tyndp/gep_20_24_chronological_dirac_0.01_economic,643543,20,24,chronological,dirac,economic,0.01,1.0857749928973606e6,551836.9970081598,16668.07937637411,33.10741355061891,1.1022657010364123,20,1.0,1.0,0.0,0.0,0.05,0,0,0,0,OPTIMAL,6.318004258850951e7,4.016376965519449e7,2.3016272933314353e7,0.0,0.0,81706,248714,OPTIMAL,1.7532633139645588e8,4.016376965519449e7,1.3516256174133557e8,0.0,0.0,1489306,3959534,0.0,0.0,0.005164708,0.61787675,1.042e-6,0.634866,2.599003541,0.272639833
tyndp/gep_20_24_chronological_convex_0.01_economic,643543,20,24,chronological,convex,economic,0.01,770034.0774703614,551836.9970081598,16668.07937637411,33.10741355061891,1.1022657010364123,20,1.0,1.0000000000000002,0.0,0.0,0.2949315068493151,226715,977,0,0,OPTIMAL,6.4726439870746925e7,4.46045998618998e7,2.012184000884782e7,0.0,0.0,81706,248714,OPTIMAL,1.4150286729284552e8,4.46045998618998e7,9.68982674309402e7,0.0,0.0,1489306,3959534,0.0,0.0,0.005729625,0.155153542,0.215127666,0.658514625,16.872668375,0.272639833
tyndp/gep_20_24_chronological_conical_0.01_economic,643543,20,24,chronological,conical,economic,0.01,737145.5446304065,551836.9970081598,16668.07937637411,33.10741355061891,1.1022657010364123,20,1.001172475083696,1.337113229093547,0.4657534246575342,0.4794520547945205,0.30917808219178083,241089,982,0,0,OPTIMAL,6.402264766203312e7,4.364582188150909e7,2.0376825780523553e7,0.0,0.0,81706,248714,OPTIMAL,1.3415588685554571e8,4.364582188150909e7,9.051006497398597e7,0.0,0.0,1489306,3959534,0.0,0.0,0.005260542,0.162816833,0.333043792,0.613082833,15.070586333,0.272639833
tyndp/gep_20_24_chronological_conical_bounded_0.01_economic,643543,20,24,chronological,conical_bounded,economic,0.01,754475.5938774995,551836.9970081598,16668.07937637411,33.10741355061891,1.1022657010364123,20,0.9478470637644199,1.0000000000000002,0.0,0.6191780821917808,0.2928767123287671,229396,966,0,0,OPTIMAL,6.271484470261947e7,4.0037727823647015e7,2.2677116878972292e7,0.0,0.0,81706,248714,OPTIMAL,1.5203532358727145e8,4.0037727823647015e7,1.1199759576362126e8,0.0,0.0,1489306,3959534,0.0,0.0,0.005268917,0.216828792,0.165897375,0.612791375,14.540072667,0.272639833
tyndp/gep_20_24_convex_hull_dirac_0.01_economic,643543,20,24,convex_hull,dirac,economic,0.01,1.0530406846551264e6,580457.9086605712,19223.56576391385,30.195121747402183,1.1866595228343426,20,1.0,1.0,0.0,0.0,0.05,0,0,2658,4087,OPTIMAL,6.938549184297808e7,4.342577797142856e7,2.5959713871549945e7,0.0,0.0,81706,248714,OPTIMAL,6.953446359600246e7,4.342577797142856e7,2.610868562456879e7,0.0,0.0,1489306,3959534,0.0,0.0,0.005211583,0.876782708,1.333e-6,0.552639209,6.2889565,0.272639833
tyndp/gep_20_24_convex_hull_convex_0.01_economic,643543,20,24,convex_hull,convex,economic,0.01,683459.8527404695,580457.9086605712,19223.56576391385,30.195121747402183,1.1866595228343426,20,1.0,1.0000000000000002,0.0,0.0,0.36205479452054795,190537,821,2658,4087,OPTIMAL,7.303985993798667e7,4.353973974599448e7,2.9500120191992193e7,0.0,0.0,81706,248714,OPTIMAL,6.945357716091378e7,4.353973974599448e7,2.5913837414935295e7,0.0,0.0,1489306,3959534,0.0,0.0,0.005202166,1.428144791,0.11756675,0.624287,11.771789125,0.272639833
tyndp/gep_20_24_convex_hull_conical_0.01_economic,643543,20,24,convex_hull,conical,economic,0.01,664115.3907641929,580457.9086605712,19223.56576391385,30.195121747402183,1.1866595228343426,20,0.9849790778169613,1.2752618581582316,0.4301369863013699,0.5150684931506849,0.37246575342465754,205929,851,2658,4087,OPTIMAL,7.473986658558322e7,4.3477183172872946e7,3.1262683412710357e7,0.0,0.0,81706,248714,OPTIMAL,6.990294223932886e7,4.3477183172872946e7,2.6425759066470735e7,0.0,0.0,1489306,3959534,0.0,0.0,0.005474459,0.853235875,0.084443708,0.690376458,13.304618958,0.272639833
tyndp/gep_20_24_convex_hull_conical_bounded_0.01_economic,643543,20,24,convex_hull,conical_bounded,economic,0.01,673420.9255343194,580457.9086605712,19223.56576391385,30.195121747402183,1.1866595228343426,20,0.945183653011994,1.0000000000000002,0.0,0.6575342465753424,0.35726027397260274,198127,841,2658,4087,OPTIMAL,7.347142877042364e7,4.346753476630092e7,3.0003894004122425e7,0.0,0.0,81706,248714,OPTIMAL,6.965755420741616e7,4.346753476630092e7,2.6190019441112302e7,0.0,0.0,1489306,3959534,0.0,0.0,0.005396916,0.852014125,0.156835958,0.615852375,18.049591792,0.272639833
tyndp/gep_20_24_convex_hull_with_null_dirac_0.01_economic,643543,20,24,convex_hull_with_null,dirac,economic,0.01,1.0660762542995298e6,609777.8048711139,20083.12408642919,30.362696672434556,1.1795194329739698,20,1.0,1.0,0.0,0.0,0.05,0,0,2755,4355,OPTIMAL,7.019877827429333e7,4.349273499130438e7,2.6706043282989465e7,0.0,0.0,81706,248714,OPTIMAL,6.738068159774761e7,4.349273499130438e7,2.3887946606440246e7,0.0,0.0,1489306,3959534,0.0,0.0,0.005270042,0.904209209,1.25e-6,0.589781583,5.077236708,0.272639833
tyndp/gep_20_24_convex_hull_with_null_convex_0.01_economic,643543,20,24,convex_hull_with_null,convex,economic,0.01,721756.1027226945,609777.8048711139,20083.12408642919,30.362696672434556,1.1795194329739698,20,1.0,1.0000000000000002,0.0,0.0,0.3476712328767123,196111,827,2755,4355,OPTIMAL,8.808501278265828e7,4.779569407617813e7,4.028931870648032e7,0.0,0.0,81706,248714,OPTIMAL,7.135899721637711e7,4.779569407617813e7,2.356330314019109e7,0.0,0.0,1489306,3959534,0.0,0.0,0.00523375,1.56708575,0.117112125,0.636841125,16.576894542,0.272639833
tyndp/gep_20_24_convex_hull_with_null_conical_0.01_economic,643543,20,24,convex_hull_with_null,conical,economic,0.01,664034.4914377483,609777.8048711139,20083.12408642919,30.362696672434556,1.1795194329739698,20,0.9321831186611244,1.269143660200941,0.3287671232876712,0.6164383561643836,0.3593150684931507,205543,920,2755,4355,OPTIMAL,8.318534547372106e7,4.592413549456909e7,3.726120997915185e7,0.0,0.0,81706,248714,OPTIMAL,6.998791732876846e7,4.592413549456909e7,2.4063781834215585e7,0.0,0.0,1489306,3959534,0.0,0.0,0.005249584,0.903322708,0.081440417,0.619430875,19.454672416,0.272639833
tyndp/gep_20_24_convex_hull_with_null_conical_bounded_0.01_economic,643543,20,24,convex_hull_with_null,conical_bounded,economic,0.01,673197.7191915738,609777.8048711139,20083.12408642919,30.362696672434556,1.1795194329739698,20,0.9036162451274709,1.0000000000000002,0.0,0.7561643835616438,0.34876712328767123,203168,857,2755,4355,OPTIMAL,7.98930539071528e7,4.464279342262296e7,3.525026048452995e7,0.0,0.0,81706,248714,OPTIMAL,6.903430816611645e7,4.464279342262296e7,2.4391514743461516e7,0.0,0.0,1489306,3959534,0.0,0.0,0.005248083,0.85390825,0.163688667,0.628244834,17.883872917,0.272639833
tyndp/gep_20_24_conical_hull_dirac_0.01_economic,643543,20,24,conical_hull,dirac,economic,0.01,1.115835788131736e6,443946.8699342045,19005.224107725866,23.35920204980558,1.2584326060502244,20,1.0,1.0,0.0,0.0,0.05,0,0,2398,4347,OPTIMAL,7.996093751422045e7,4.136785958844638e7,3.859307792577392e7,0.0,0.0,81706,248714,OPTIMAL,7.0571477211797e7,4.136785958844638e7,2.920361762333452e7,0.0,0.0,1489306,3959534,0.0,0.0,0.005307875,0.395060208,1.291e-6,0.560269375,5.141065625,0.272639833
tyndp/gep_20_24_conical_hull_convex_0.01_economic,643543,20,24,conical_hull,convex,economic,0.01,831670.3726544824,443946.8699342045,19005.224107725866,23.35920204980558,1.2584326060502244,20,1.0,1.0000000000000002,0.0,0.0,0.3236986301369863,140678,665,2398,4347,OPTIMAL,8.874743964528638e7,4.6069445565615036e7,4.267799407967135e7,0.0,0.0,81706,248714,OPTIMAL,7.246366392656699e7,4.6069445565615036e7,2.6394218360892907e7,0.0,0.0,1489306,3959534,0.0,0.0,0.005273708,1.145188,0.100689208,0.615996834,6.884744958,0.272639833
tyndp/gep_20_24_conical_hull_conical_0.01_economic,643543,20,24,conical_hull,conical,economic,0.01,693057.756526996,443946.8699342045,19005.224107725866,23.35920204980558,1.2584326060502244,20,1.2078729954209468,1.6458538381177565,0.8493150684931506,0.0958904109589041,0.40178082191780823,168987,687,2398,4347,OPTIMAL,8.446500029493684e7,4.380432111979706e7,4.066067917514005e7,0.0,0.0,81706,248714,OPTIMAL,7.093614146073774e7,4.380432111979706e7,2.713182034094905e7,0.0,0.0,1489306,3959534,0.0,0.0,0.005169,1.01916825,0.068705333,0.663851666,16.301620166,0.272639833
tyndp/gep_20_24_conical_hull_conical_bounded_0.01_economic,643543,20,24,conical_hull,conical_bounded,economic,0.01,831834.7275054615,443946.8699342045,19005.224107725866,23.35920204980558,1.2584326060502244,20,0.9912279242000169,1.0000000000000002,0.0,0.3506849315068493,0.3226027397260274,140755,654,2398,4347,OPTIMAL,8.885051062837721e7,4.621155841338289e7,4.26389522149945e7,0.0,0.0,81706,248714,OPTIMAL,7.291567269904901e7,4.621155841338289e7,2.670411428566236e7,0.0,0.0,1489306,3959534,0.0,0.0,0.005255208,1.05057175,0.104423417,0.630001167,6.925845541,0.272639833
tyndp/gep_40_24_k_means_dirac_0.01_economic,643543,40,24,k_means,dirac,economic,0.01,703061.5367701119,774630.2429120996,4302.081753861082,180.05939617880938,1.077056142075038,40,1.0,1.0,0.0,0.0,0.025,0,0,0,0,OPTIMAL,5.4481995067372724e7,3.6320674924071066e7,1.816132014330154e7,0.0,0.0,163306,463834,OPTIMAL,1.2352025505919379e8,3.6320674924071066e7,8.719958013508567e7,0.0,0.0,1489306,3959534,0.0,0.0,0.005599042,0.158350583,9.17e-7,1.298045583,12.537221625,0.272639833
tyndp/gep_40_24_k_means_convex_0.01_economic,643543,40,24,k_means,convex,economic,0.01,647064.976474609,774630.2429120996,4302.081753861082,180.05939617880938,1.077056142075038,40,1.0,1.0000000000000004,0.0,0.0,0.10773972602739726,375964,2278,0,0,OPTIMAL,5.545963611652127e7,3.709697322643624e7,1.8362662890084237e7,0.0,0.0,163306,463834,OPTIMAL,1.153633357539893e8,3.709697322643624e7,7.82663625276022e7,0.0,0.0,1489306,3959534,0.0,0.0,0.005245708,0.161666,0.587902292,0.875514542,24.21482475,0.272639833
tyndp/gep_40_24_k_means_conical_0.01_economic,643543,40,24,k_means,conical,economic,0.01,629054.9213771649,774630.2429120996,4302.081753861082,180.05939617880938,1.077056142075038,40,1.0300569232072354,1.2686429266582602,0.6712328767123288,0.3232876712328767,0.11719178082191781,429273,2542,0,0,OPTIMAL,5.579437928352037e7,3.7142717921698466e7,1.8651661361821607e7,0.0,0.0,163306,463834,OPTIMAL,1.1351409069202606e8,3.7142717921698466e7,7.637137277042033e7,0.0,0.0,1489306,3959534,0.0,0.0,0.005234917,0.160965167,0.405014625,0.984360208,24.508456209,0.272639833
tyndp/gep_40_24_k_means_conical_bounded_0.01_economic,643543,40,24,k_means,conical_bounded,economic,0.01,642592.4816549731,774630.2429120996,4302.081753861082,180.05939617880938,1.077056142075038,40,0.9749232749303749,1.0000000000000002,0.0,0.4849315068493151,0.10541095890410959,377859,2396,0,0,OPTIMAL,5.527688215056755e7,3.708921582205753e7,1.818766632850943e7,0.0,0.0,163306,463834,OPTIMAL,1.1588767295772961e8,3.708921582205753e7,7.879845713572809e7,0.0,0.0,1489306,3959534,0.0,0.0,0.005217791,0.235067208,0.560326,0.952468709,24.31555575,0.272639833
tyndp/gep_40_24_k_medoids_dirac_0.01_economic,643543,40,24,k_medoids,dirac,economic,0.01,882542.6514471099,795364.568476902,11958.54456503895,66.51014796584582,1.1364464853346132,40,1.0,1.0,0.0,0.0,0.025,0,0,0,0,OPTIMAL,5.552643045752735e7,3.6956124874331854e7,1.85703055831959e7,0.0,0.0,163306,463834,OPTIMAL,1.0740603381207268e8,3.6956124874331854e7,7.044990893775247e7,0.0,0.0,1489306,3959534,0.0,0.0,0.010216041,0.20382775,9.17e-7,0.913999041,14.55956125,0.272639833
tyndp/gep_40_24_k_medoids_convex_0.01_economic,643543,40,24,k_medoids,convex,economic,0.01,647452.0052091308,795364.568476902,11958.54456503895,66.51014796584582,1.1364464853346132,40,1.0,1.0000000000000004,0.0,0.0,0.1826027397260274,333277,1510,0,0,OPTIMAL,5.6363393119533606e7,3.727577426250323e7,1.9087618857031107e7,0.0,0.0,163306,463834,OPTIMAL,1.0659972275633639e8,3.727577426250323e7,6.93239484938516e7,0.0,0.0,1489306,3959534,0.0,0.0,0.005222792,0.150004875,0.515348958,1.033906291,34.55555075,0.272639833
tyndp/gep_40_24_k_medoids_conical_0.01_economic,643543,40,24,k_medoids,conical,economic,0.01,627929.6637058621,795364.568476902,11958.54456503895,66.51014796584582,1.1364464853346132,40,1.0122396067285608,1.344158887799815,0.5013698630136987,0.38904109589041097,0.19184931506849315,349687,1659,0,0,OPTIMAL,5.644579633955081e7,3.721340023201642e7,1.9232396107534397e7,0.0,0.0,163306,463834,OPTIMAL,1.0479355695790355e8,3.721340023201642e7,6.758015672593535e7,0.0,0.0,1489306,3959534,0.0,0.0,0.005854125,0.168170917,0.354338458,1.004415375,30.670093209,0.272639833
tyndp/gep_40_24_k_medoids_conical_bounded_0.01_economic,643543,40,24,k_medoids,conical_bounded,economic,0.01,639138.5193479838,795364.568476902,11958.54456503895,66.51014796584582,1.1364464853346132,40,0.9623844947268615,1.0000000000000002,0.0,0.589041095890411,0.18116438356164383,332086,1510,0,0,OPTIMAL,5.6106491854383074e7,3.7312405859639265e7,1.879408599474456e7,0.0,0.0,163306,463834,OPTIMAL,1.0667517529105873e8,3.7312405859639265e7,6.93627694314667e7,0.0,0.0,1489306,3959534,0.0,0.0,0.005268583,0.148762792,0.502429166,1.006685333,26.836932791,0.272639833
tyndp/gep_40_24_hierarchical_dirac_0.01_economic,643543,40,24,hierarchical,dirac,economic,0.01,894045.8819346086,793897.1551504757,9996.195093761442,79.41993405530286,1.1294706936853522,40,1.0,1.0,0.0,0.0,0.025,0,0,0,0,OPTIMAL,6.387705656291582e7,4.068942318613703e7,2.3187633376778223e7,0.0,0.0,163306,463834,OPTIMAL,7.670777715316807e7,4.068942318613703e7,3.60183539669758e7,0.0,0.0,1489306,3959534,0.0,0.0,0.005202458,0.152314709,1.708e-6,0.857021583,12.648635084,0.272639833
tyndp/gep_40_24_hierarchical_convex_0.01_economic,643543,40,24,hierarchical,convex,economic,0.01,645858.7599368312,793897.1551504757,9996.195093761442,79.41993405530286,1.1294706936853522,40,1.0,1.0000000000000004,0.0,0.0,0.17678082191780822,334421,1603,0,0,OPTIMAL,6.42849753277048e7,4.021523300510267e7,2.4069742322602637e7,0.0,0.0,163306,463834,OPTIMAL,7.997148033177502e7,4.021523300510267e7,3.9756247326671004e7,0.0,0.0,1489306,3959534,0.0,0.0,0.005247917,0.232380209,0.487915,1.012594666,23.942718208,0.272639833
tyndp/gep_40_24_hierarchical_conical_0.01_economic,643543,40,24,hierarchical,conical,economic,0.01,623429.6552996491,793897.1551504757,9996.195093761442,79.41993405530286,1.1294706936853522,40,1.0143417317335386,1.3904104315193866,0.5013698630136987,0.38904109589041097,0.1841095890410959,352028,1609,0,0,OPTIMAL,6.47088105217642e7,4.0515727897280574e7,2.4193082624483388e7,0.0,0.0,163306,463834,OPTIMAL,7.746415284871991e7,4.0515727897280574e7,3.694842495147041e7,0.0,0.0,1489306,3959534,0.0,0.0,0.005167542,0.227825334,0.302091292,0.998799042,25.949023792,0.272639833
tyndp/gep_40_24_hierarchical_conical_bounded_0.01_economic,643543,40,24,hierarchical,conical_bounded,economic,0.01,637975.7185443251,793897.1551504757,9996.195093761442,79.41993405530286,1.1294706936853522,40,0.9617147277833826,1.0000000000000002,0.0,0.5835616438356165,0.17383561643835616,334359,1613,0,0,OPTIMAL,6.352193745339117e7,3.993047538214226e7,2.3591462071249288e7,0.0,0.0,163306,463834,OPTIMAL,7.99678716006464e7,3.993047538214226e7,4.003739621850443e7,0.0,0.0,1489306,3959534,0.0,0.0,0.005233792,0.147883,0.509938833,0.993983292,24.133503625,0.272639833
tyndp/gep_40_24_chronological_dirac_0.01_economic,643543,40,24,chronological,dirac,economic,0.01,1.0532766718733418e6,787227.3254778087,11840.582247985081,66.48552486612486,1.1252889007653994,40,1.0,1.0,0.0,0.0,0.025,0,0,0,0,OPTIMAL,6.502545686930759e7,4.300815354604532e7,2.201730332326553e7,0.0,0.0,163306,463834,OPTIMAL,9.168434032434255e7,4.300815354604532e7,4.867618677824593e7,0.0,0.0,1489306,3959534,0.0,0.0,0.005649833,0.158028166,1.125e-6,0.847836083,6.581539166,0.272639833
tyndp/gep_40_24_chronological_convex_0.01_economic,643543,40,24,chronological,convex,economic,0.01,669729.8524574473,787227.3254778087,11840.582247985081,66.48552486612486,1.1252889007653994,40,1.0,1.0000000000000002,0.0,0.0,0.1715068493150685,336092,1599,0,0,OPTIMAL,6.4183988708228976e7,4.3823872925439484e7,2.036011578278978e7,0.0,0.0,163306,463834,OPTIMAL,9.186558769532984e7,4.3823872925439484e7,4.8041714769855484e7,0.0,0.0,1489306,3959534,0.0,0.0,0.005199167,0.278936375,1.125550958,0.943520625,26.664230917,0.272639833
tyndp/gep_40_24_chronological_conical_0.01_economic,643543,40,24,chronological,conical,economic,0.01,640832.6508048272,787227.3254778087,11840.582247985081,66.48552486612486,1.1252889007653994,40,0.9930115980512629,1.2875357916794041,0.4520547945205479,0.4383561643835616,0.18082191780821918,351877,1558,0,0,OPTIMAL,6.4080908842632614e7,4.3769650569472566e7,2.0311258273160543e7,0.0,0.0,163306,463834,OPTIMAL,9.043220702580544e7,4.3769650569472566e7,4.66625564562772e7,0.0,0.0,1489306,3959534,0.0,0.0,0.005238834,0.204682125,0.303501792,0.99091525,30.847165,0.272639833
tyndp/gep_40_24_chronological_conical_bounded_0.01_economic,643543,40,24,chronological,conical_bounded,economic,0.01,655390.192063095,787227.3254778087,11840.582247985081,66.48552486612486,1.1252889007653994,40,0.9498031451172235,1.0000000000000002,0.0,0.6136986301369863,0.17027397260273971,336848,1599,0,0,OPTIMAL,6.3225958735702164e7,4.225374618903353e7,2.0972212546668958e7,0.0,0.0,163306,463834,OPTIMAL,9.395846134178524e7,4.225374618903353e7,5.170471515277796e7,0.0,0.0,1489306,3959534,0.0,0.0,0.005222458,0.640406833,0.760932875,0.964274375,29.178172708,0.272639833
tyndp/gep_40_24_convex_hull_dirac_0.01_economic,643543,40,24,convex_hull,dirac,economic,0.01,967337.3592936341,809317.9601566794,13469.244115464817,60.08636811530164,1.1814863173937136,40,1.0,1.0,0.0,0.0,0.025,0,0,7508,5947,OPTIMAL,7.015006102254528e7,4.2597780472899064e7,2.7552280549647037e7,0.0,0.0,163306,463834,OPTIMAL,6.768441731962128e7,4.2597780472899064e7,2.5086636846760225e7,0.0,0.0,1489306,3959534,0.0,0.0,0.005363542,2.339619458,1.917e-6,0.856502417,16.89919125,0.272639833
tyndp/gep_40_24_convex_hull_convex_0.01_economic,643543,40,24,convex_hull,convex,economic,0.01,603469.8251860148,809317.9601566794,13469.244115464817,60.08636811530164,1.1814863173937136,40,1.0,1.0000000000000004,0.0,0.0,0.20568493150684933,291017,1237,7508,5947,OPTIMAL,7.435274451476951e7,4.288842418367293e7,3.146432033109612e7,0.0,0.0,163306,463834,OPTIMAL,6.818720303425823e7,4.288842418367293e7,2.529877885056439e7,0.0,0.0,1489306,3959534,0.0,0.0,0.005247625,2.491736625,0.437747458,0.921304042,20.5818075,0.272639833
tyndp/gep_40_24_convex_hull_conical_0.01_economic,643543,40,24,convex_hull,conical,economic,0.01,584906.079847092,809317.9601566794,13469.244115464817,60.08636811530164,1.1814863173937136,40,1.022892656723423,1.30706603428146,0.5452054794520548,0.3452054794520548,0.21780821917808219,314060,1358,7508,5947,OPTIMAL,7.661062970007986e7,4.329391817639438e7,3.331671152368665e7,0.0,0.0,163306,463834,OPTIMAL,6.807522335402812e7,4.329391817639438e7,2.4781305177606914e7,0.0,0.0,1489306,3959534,0.0,0.0,0.005563375,2.367033875,0.23243475,0.996936583,26.013894208,0.272639833
tyndp/gep_40_24_convex_hull_conical_bounded_0.01_economic,643543,40,24,convex_hull,conical_bounded,economic,0.01,598361.122589136,809317.9601566794,13469.244115464817,60.08636811530164,1.1814863173937136,40,0.9659919745648355,1.0000000000000002,0.0,0.6273972602739726,0.20506849315068493,298498,1350,7508,5947,OPTIMAL,7.434850881372334e7,4.2864458024694785e7,3.148405078902869e7,0.0,0.0,163306,463834,OPTIMAL,6.830301296451509e7,4.2864458024694785e7,2.543855493980155e7,0.0,0.0,1489306,3959534,0.0,0.0,0.005596666,3.091721584,0.382093541,0.95855925,25.318825917,0.272639833
tyndp/gep_40_24_convex_hull_with_null_dirac_0.01_economic,643543,40,24,convex_hull_with_null,dirac,economic,0.01,968898.8916345804,841475.0796845342,11852.38409904447,70.9962715224841,1.1725044111797813,40,1.0,1.0,0.0,0.0,0.025,0,0,7703,6117,OPTIMAL,6.620317837266462e7,4.288707429632832e7,2.331610407633534e7,0.0,0.0,163306,463834,OPTIMAL,6.700993770864227e7,4.288707429632832e7,2.4122863412305348e7,0.0,0.0,1489306,3959534,0.0,0.0,0.005219542,2.381126792,1.959e-6,0.85896275,17.024266709,0.272639833
tyndp/gep_40_24_convex_hull_with_null_convex_0.01_economic,643543,40,24,convex_hull_with_null,convex,economic,0.01,627323.4610020159,841475.0796845342,11852.38409904447,70.9962715224841,1.1725044111797813,40,1.0,1.0000000000000002,0.0,0.0,0.20123287671232876,303500,1453,7703,6117,OPTIMAL,7.300812167547812e7,4.378319373377972e7,2.9224927941698126e7,0.0,0.0,163306,463834,OPTIMAL,6.764081831637858e7,4.378319373377972e7,2.3857624582590338e7,0.0,0.0,1489306,3959534,0.0,0.0,0.005271042,2.969308208,0.358631708,0.975648208,36.410271125,0.272639833
tyndp/gep_40_24_convex_hull_with_null_conical_0.01_economic,643543,40,24,convex_hull_with_null,conical,economic,0.01,588096.3781584927,841475.0796845342,11852.38409904447,70.9962715224841,1.1725044111797813,40,0.9671048726093889,1.2572905346497698,0.3589041095890411,0.5315068493150685,0.20616438356164385,317833,1368,7703,6117,OPTIMAL,7.383691508429104e7,4.360760422050582e7,3.022931086378475e7,0.0,0.0,163306,463834,OPTIMAL,6.789299494753553e7,4.360760422050582e7,2.4285390727039915e7,0.0,0.0,1489306,3959534,0.0,0.0,0.00523575,2.483148709,0.270251833,0.940135875,30.253089167,0.272639833
tyndp/gep_40_24_convex_hull_with_null_conical_bounded_0.01_economic,643543,40,24,convex_hull_with_null,conical_bounded,economic,0.01,598724.9154393891,841475.0796845342,11852.38409904447,70.9962715224841,1.1725044111797813,40,0.9307424026166303,1.0000000000000002,0.0,0.7287671232876712,0.19808219178082193,308702,1310,7703,6117,OPTIMAL,7.163234742426045e7,4.346895032911797e7,2.816339709514345e7,0.0,0.0,163306,463834,OPTIMAL,6.791981364438596e7,4.346895032911797e7,2.445086331527288e7,0.0,0.0,1489306,3959534,0.0,0.0,0.005447708,2.505641542,0.447121542,0.918250542,27.646810291,0.272639833
tyndp/gep_40_24_conical_hull_dirac_0.01_economic,643543,40,24,conical_hull,dirac,economic,0.01,1.0353380950987774e6,632004.0764349746,12102.42032567491,52.22129618934136,1.2434972759375331,40,1.0,1.0,0.0,0.0,0.025,0,0,7164,6291,OPTIMAL,7.465218982880054e7,4.727252496737441e7,2.7379664861426592e7,0.0,0.0,163306,463834,OPTIMAL,7.452521166697356e7,4.727252496737441e7,2.7252686699686028e7,0.0,0.0,1489306,3959534,0.0,0.0,0.005258375,0.620463875,1.708e-6,0.864621208,10.327540417,0.272639833
tyndp/gep_40_24_conical_hull_convex_0.01_economic,643543,40,24,conical_hull,convex,economic,0.01,743073.9231441981,632004.0764349746,12102.42032567491,52.22129618934136,1.2434972759375331,40,1.0,1.0000000000000002,0.0,0.0,0.1795890410958904,220253,1185,7164,6291,OPTIMAL,8.334489460355076e7,4.9908320016130716e7,3.3436574587419555e7,0.0,0.0,163306,463834,OPTIMAL,7.493603139527765e7,4.9908320016130716e7,2.5027711379183695e7,0.0,0.0,1489306,3959534,0.0,0.0,0.005204917,1.430402459,0.255656833,0.921245458,24.051005458,0.272639833
tyndp/gep_40_24_conical_hull_conical_0.01_economic,643543,40,24,conical_hull,conical,economic,0.01,617469.2099068221,632004.0764349746,12102.42032567491,52.22129618934136,1.2434972759375331,40,1.1858803711372983,1.615373686240662,0.8191780821917808,0.07123287671232877,0.22726027397260273,270990,1169,7164,6291,OPTIMAL,8.307420579792264e7,4.7759764610901915e7,3.531444118702137e7,0.0,0.0,163306,463834,OPTIMAL,7.258953767774302e7,4.7759764610901915e7,2.4829773066832233e7,0.0,0.0,1489306,3959534,0.0,0.0,0.00530025,0.645438042,0.233203375,1.027850041,24.574892834,0.272639833
tyndp/gep_40_24_conical_hull_conical_bounded_0.01_economic,643543,40,24,conical_hull,conical_bounded,economic,0.01,744087.3581125847,632004.0764349746,12102.42032567491,52.22129618934136,1.2434972759375331,40,0.9924023993286043,1.0000000000000002,0.0,0.410958904109589,0.1791095890410959,220089,1047,7164,6291,OPTIMAL,8.336394907809384e7,4.989289044634729e7,3.3471058631746337e7,0.0,0.0,163306,463834,OPTIMAL,7.503288701864605e7,4.989289044634729e7,2.5139996572275635e7,0.0,0.0,1489306,3959534,0.0,0.0,0.005232084,0.620783125,0.320701,0.937109,20.576444708,0.272639833
tyndp/gep_80_24_k_means_dirac_0.01_economic,643543,80,24,k_means,dirac,economic,0.01,628292.7506496551,1.0999952825998408e6,3311.2097978919123,332.20343914787725,1.1053695569537627,80,1.0,1.0,0.0,0.0,0.0125,0,0,0,0,OPTIMAL,5.837943135047745e7,3.771602146538282e7,2.066340988509539e7,0.0,0.0,326506,894074,OPTIMAL,7.573972360925743e7,3.771602146538282e7,3.8023702143857256e7,0.0,0.0,1489306,3959534,0.0,0.0,0.005390958,0.161469,1.083e-6,2.261698416,23.687565625,0.272639833
tyndp/gep_80_24_k_means_convex_0.01_economic,643543,80,24,k_means,convex,economic,0.01,565466.1023939417,1.0999952825998408e6,3311.2097978919123,332.20343914787725,1.1053695569537627,80,1.0,1.0000000000000002,0.0,0.0,0.06667808219178083,532511,3257,0,0,OPTIMAL,6.150335720327259e7,3.968253775708848e7,2.182081944618406e7,0.0,0.0,326506,894074,OPTIMAL,7.197522475126137e7,3.968253775708848e7,3.2292686994167496e7,0.0,0.0,1489306,3959534,0.0,0.0,0.005494042,0.240130625,1.635344917,1.650530583,113.149292833,0.272639833
tyndp/gep_80_24_k_means_conical_0.01_economic,643543,80,24,k_means,conical,economic,0.01,546563.4189852041,1.0999952825998408e6,3311.2097978919123,332.20343914787725,1.1053695569537627,80,1.0293544888482236,1.2694538674198388,0.6547945205479452,0.3095890410958904,0.07160958904109589,578816,3090,0,0,OPTIMAL,6.261938108706788e7,3.964033564875606e7,2.2979045438311953e7,0.0,0.0,326506,894074,OPTIMAL,7.10459778658382e7,3.964033564875606e7,3.140564221709399e7,0.0,0.0,1489306,3959534,0.0,0.0,0.005412834,0.181583792,1.112667,2.190391792,102.164470375,0.272639833
tyndp/gep_80_24_k_means_conical_bounded_0.01_economic,643543,80,24,k_means,conical_bounded,economic,0.01,562240.7563566142,1.0999952825998408e6,3311.2097978919123,332.20343914787725,1.1053695569537627,80,0.9775268453977459,1.0000000000000002,0.0,0.5972602739726027,0.06609589041095891,539271,3424,0,0,OPTIMAL,6.1472952213386424e7,3.966407784436578e7,2.1808874369020708e7,0.0,0.0,326506,894074,OPTIMAL,7.230212653038354e7,3.966407784436578e7,3.2638048686029796e7,0.0,0.0,1489306,3959534,0.0,0.0,0.00526225,0.190396166,1.682445166,1.6137575,117.180675125,0.272639833
tyndp/gep_80_24_k_medoids_dirac_0.01_economic,643543,80,24,k_medoids,dirac,economic,0.01,796643.6277866418,1.110242189239194e6,7041.555561095437,157.67001759856544,1.1496241162048135,80,1.0,1.0,0.0,0.0,0.0125,0,0,0,0,OPTIMAL,6.488107334579828e7,3.995172748796102e7,2.4929345857837256e7,0.0,0.0,326506,894074,OPTIMAL,6.9069562552748e7,3.995172748796102e7,2.9117835064789902e7,0.0,0.0,1489306,3959534,0.0,0.0,0.005249416,0.171049416,9.17e-7,2.06431375,35.794706667,0.272639833
tyndp/gep_80_24_k_medoids_convex_0.01_economic,643543,80,24,k_medoids,convex,economic,0.01,560079.2253720902,1.110242189239194e6,7041.555561095437,157.67001759856544,1.1496241162048135,80,1.0,1.0000000000000002,0.0,0.0,0.09726027397260274,449229,2483,0,0,OPTIMAL,6.857472330091551e7,4.064171186227782e7,2.7933011438636556e7,0.0,0.0,326506,894074,OPTIMAL,6.883521965066914e7,4.064171186227782e7,2.8193507788331047e7,0.0,0.0,1489306,3959534,0.0,0.0,0.005464167,0.15172625,1.442039541,1.679852083,107.338264375,0.272639833
tyndp/gep_80_24_k_medoids_conical_0.01_economic,643543,80,24,k_medoids,conical,economic,0.01,540142.8854435091,1.110242189239194e6,7041.555561095437,157.67001759856544,1.1496241162048135,80,1.0256708088781954,1.279015436590384,0.4794520547945205,0.3013698630136986,0.10363013698630137,478540,2365,0,0,OPTIMAL,7.076446564458342e7,4.116377661535426e7,2.9600689029229823e7,0.0,0.0,326506,894074,OPTIMAL,6.768278135523109e7,4.116377661535426e7,2.6519004739827078e7,0.0,0.0,1489306,3959534,0.0,0.0,0.0055645,0.1915325,0.907082917,1.685616208,107.177092834,0.272639833
tyndp/gep_80_24_k_medoids_conical_bounded_0.01_economic,643543,80,24,k_medoids,conical_bounded,economic,0.01,555371.6816726053,1.110242189239194e6,7041.555561095437,157.67001759856544,1.1496241162048135,80,0.9722470546810174,1.0000000000000002,0.0,0.5780821917808219,0.09551369863013699,452117,2483,0,0,OPTIMAL,6.869747227717182e7,4.063809726918728e7,2.8059375007984158e7,0.0,0.0,326506,894074,OPTIMAL,6.868104317673224e7,4.063809726918728e7,2.8042945907574046e7,0.0,0.0,1489306,3959534,0.0,0.0,0.005161458,0.166267,2.163674959,1.615813166,85.109459834,0.272639833
tyndp/gep_80_24_hierarchical_dirac_0.01_economic,643543,80,24,hierarchical,dirac,economic,0.01,798539.0644893756,1.105920294137535e6,7440.207863254373,148.64104800074787,1.146223411751886,80,1.0,1.0,0.0,0.0,0.0125,0,0,0,0,OPTIMAL,6.4794498433803655e7,4.1102043157135665e7,2.36924552766683e7,0.0,0.0,326506,894074,OPTIMAL,6.770853665552655e7,4.1102043157135665e7,2.660649349842045e7,0.0,0.0,1489306,3959534,0.0,0.0,0.005200792,0.152401834,1.375e-6,1.54170425,47.553761375,0.272639833
tyndp/gep_80_24_hierarchical_convex_0.01_economic,643543,80,24,hierarchical,convex,economic,0.01,558807.3527959974,1.105920294137535e6,7440.207863254373,148.64104800074787,1.146223411751886,80,1.0,1.0000000000000002,0.0,0.0,0.09342465753424657,449713,2388,0,0,OPTIMAL,6.722530037001398e7,4.157373197118249e7,2.565156839883099e7,0.0,0.0,326506,894074,OPTIMAL,6.780769924973841e7,4.157373197118249e7,2.6233967278543763e7,0.0,0.0,1489306,3959534,0.0,0.0,0.00520125,0.189652208,1.415468375,1.796501167,118.287283375,0.272639833
tyndp/gep_80_24_hierarchical_conical_0.01_economic,643543,80,24,hierarchical,conical,economic,0.01,537980.0097752269,1.105920294137535e6,7440.207863254373,148.64104800074787,1.146223411751886,80,1.0259028671913353,1.31899931800199,0.4876712328767123,0.29315068493150687,0.10013698630136986,473009,2442,0,0,OPTIMAL,6.823584051127544e7,4.126856566711265e7,2.6967274844162874e7,0.0,0.0,326506,894074,OPTIMAL,6.798578832462348e7,4.126856566711265e7,2.671722265747673e7,0.0,0.0,1489306,3959534,0.0,0.0,0.005167792,0.161798209,0.93321875,1.69674475,128.356035625,0.272639833
tyndp/gep_80_24_hierarchical_conical_bounded_0.01_economic,643543,80,24,hierarchical,conical_bounded,economic,0.01,554704.2861532929,1.105920294137535e6,7440.207863254373,148.64104800074787,1.146223411751886,80,0.9720192561812158,1.0000000000000002,0.0,0.5534246575342465,0.0923972602739726,448583,2615,0,0,OPTIMAL,6.6798083093068935e7,4.142474677035893e7,2.537333632271025e7,0.0,0.0,326506,894074,OPTIMAL,6.829797005470835e7,4.142474677035893e7,2.687322328436249e7,0.0,0.0,1489306,3959534,0.0,0.0,0.005294875,0.180936,2.0815495,1.621293875,116.508494917,0.272639833
tyndp/gep_80_24_chronological_dirac_0.01_economic,643543,80,24,chronological,dirac,economic,0.01,959476.1405021057,1.1075656872721985e6,7030.116525603283,157.5458505187656,1.1369443765553642,80,1.0,1.0,0.0,0.0,0.0125,0,0,0,0,OPTIMAL,6.372477289536736e7,4.145386983003486e7,2.2270903065328386e7,0.0,0.0,326506,894074,OPTIMAL,6.92267527718241e7,4.145386983003486e7,2.7772882941796783e7,0.0,0.0,1489306,3959534,0.0,0.0,0.005243459,0.148701709,1.0e-6,1.538621375,12.196122958,0.272639833
tyndp/gep_80_24_chronological_convex_0.01_economic,643543,80,24,chronological,convex,economic,0.01,574430.1254998135,1.1075656872721985e6,7030.116525603283,157.5458505187656,1.1369443765553642,80,1.0,1.0000000000000002,0.0,0.0,0.09366438356164383,456317,2366,0,0,OPTIMAL,6.294859529432836e7,4.106325056286427e7,2.188534473146327e7,0.0,0.0,326506,894074,OPTIMAL,6.911319589610064e7,4.106325056286427e7,2.8049945333198674e7,0.0,0.0,1489306,3959534,0.0,0.0,0.005250458,0.147616875,1.425125542,1.59968925,108.689032583,0.272639833
tyndp/gep_80_24_chronological_conical_0.01_economic,643543,80,24,chronological,conical,economic,0.01,553252.3026360731,1.1075656872721985e6,7030.116525603283,157.5458505187656,1.1369443765553642,80,1.0286053123375747,1.575235111175296,0.4958904109589041,0.28493150684931506,0.10078767123287671,482577,2402,0,0,OPTIMAL,6.326056205450074e7,4.102591786929513e7,2.223464418520497e7,0.0,0.0,326506,894074,OPTIMAL,6.910669032635584e7,4.102591786929513e7,2.8080772457021993e7,0.0,0.0,1489306,3959534,0.0,0.0,0.005166291,0.20291825,0.927612833,2.144871708,127.802191125,0.272639833
tyndp/gep_80_24_chronological_conical_bounded_0.01_economic,643543,80,24,chronological,conical_bounded,economic,0.01,569790.1936755336,1.1075656872721985e6,7030.116525603283,157.5458505187656,1.1369443765553642,80,0.9729988006788184,1.0000000000000002,0.0,0.547945205479452,0.09410958904109588,460482,2251,0,0,OPTIMAL,6.264072166855582e7,4.1147763208351925e7,2.1492958460205264e7,0.0,0.0,326506,894074,OPTIMAL,6.908241072439617e7,4.1147763208351925e7,2.7934647516034886e7,0.0,0.0,1489306,3959534,0.0,0.0,0.005505833,0.174274625,2.105805208,1.62815725,145.5268525,0.272639833
tyndp/gep_80_24_convex_hull_dirac_0.01_economic,643543,80,24,convex_hull,dirac,economic,0.01,843281.6336204498,1.13098601690806e6,8176.666813720654,138.31871136172956,1.180462648903503,80,1.0,1.0,0.0,0.0,0.0125,0,0,17891,7784,OPTIMAL,6.850671786670153e7,4.291375043523006e7,2.5592967431469318e7,0.0,0.0,326506,894074,OPTIMAL,6.702315637929437e7,4.291375043523006e7,2.410940594404806e7,0.0,0.0,1489306,3959534,0.0,0.0,0.00521375,7.650353458,1.5e-6,1.73301375,41.135697917,0.272639833
tyndp/gep_80_24_convex_hull_convex_0.01_economic,643543,80,24,convex_hull,convex,economic,0.01,515385.32531125814,1.13098601690806e6,8176.666813720654,138.31871136172956,1.180462648903503,80,1.0,1.0000000000000002,0.0,0.0,0.1047945205479452,423266,2111,17891,7784,OPTIMAL,7.141674353391257e7,4.3826835251026176e7,2.758990828288722e7,0.0,0.0,326506,894074,OPTIMAL,6.7064425459634736e7,4.3826835251026176e7,2.3237590208580032e7,0.0,0.0,1489306,3959534,0.0,0.0,0.005346875,7.635081875,1.177510041,1.581428167,74.711854416,0.272639833
tyndp/gep_80_24_convex_hull_conical_0.01_economic,643543,80,24,convex_hull,conical,economic,0.01,496387.4147207392,1.13098601690806e6,8176.666813720654,138.31871136172956,1.180462648903503,80,1.0205529958703354,1.2656341789494567,0.4904109589041096,0.29041095890410956,0.11099315068493151,447066,2300,17891,7784,OPTIMAL,7.334727675320958e7,4.464941578059818e7,2.8697860972609825e7,0.0,0.0,326506,894074,OPTIMAL,6.770728848708637e7,4.464941578059818e7,2.305787270649247e7,0.0,0.0,1489306,3959534,0.0,0.0,0.005264875,7.559555375,0.827167625,1.770224042,110.943800709,0.272639833
tyndp/gep_80_24_convex_hull_conical_bounded_0.01_economic,643543,80,24,convex_hull,conical_bounded,economic,0.01,511631.871352587,1.13098601690806e6,8176.666813720654,138.31871136172956,1.180462648903503,80,0.9710509116683956,1.0000000000000002,0.0,0.6191780821917808,0.10465753424657534,425267,2111,17891,7784,OPTIMAL,7.130624116560437e7,4.379889911845073e7,2.7507342047154043e7,0.0,0.0,326506,894074,OPTIMAL,6.71546424083329e7,4.379889911845073e7,2.335574328986805e7,0.0,0.0,1489306,3959534,0.0,0.0,0.005514791,8.191198709,1.245370041,1.614725417,90.297684417,0.272639833
tyndp/gep_80_24_convex_hull_with_null_dirac_0.01_economic,643543,80,24,convex_hull_with_null,dirac,economic,0.01,852634.1163179971,1.1550560939101395e6,8070.097622804884,143.1278960797357,1.1756347953275954,80,1.0,1.0,0.0,0.0,0.0125,0,0,17999,8041,OPTIMAL,6.652044104309683e7,4.2388916205636844e7,2.4131524837457076e7,0.0,0.0,326506,894074,OPTIMAL,6.7289305800841e7,4.2388916205636844e7,2.4900389595211755e7,0.0,0.0,1489306,3959534,0.0,0.0,0.005271,8.977858917,1.75e-6,1.486948209,46.35025625,0.272639833
tyndp/gep_80_24_convex_hull_with_null_convex_0.01_economic,643543,80,24,convex_hull_with_null,convex,economic,0.01,530958.8603739516,1.1550560939101395e6,8070.097622804884,143.1278960797357,1.1756347953275954,80,1.0,1.0000000000000002,0.0,0.0,0.10208904109589041,422095,1995,17999,8041,OPTIMAL,7.095005824515542e7,4.4094510831409745e7,2.685554741374576e7,0.0,0.0,326506,894074,OPTIMAL,6.728448472270225e7,4.4094510831409745e7,2.3189973891302574e7,0.0,0.0,1489306,3959534,0.0,0.0,0.005595708,9.021076709,1.171193708,1.594333,93.725928958,0.272639833
tyndp/gep_80_24_convex_hull_with_null_conical_0.01_economic,643543,80,24,convex_hull_with_null,conical,economic,0.01,499387.0824303001,1.1550560939101395e6,8070.097622804884,143.1278960797357,1.1756347953275954,80,0.9883468382213283,1.2523886722140125,0.3561643835616438,0.4246575342465753,0.10910958904109588,449815,2258,17999,8041,OPTIMAL,7.17257963279695e7,4.44029394439375e7,2.732285688403201e7,0.0,0.0,326506,894074,OPTIMAL,6.774766653960484e7,4.44029394439375e7,2.33447270957091e7,0.0,0.0,1489306,3959534,0.0,0.0,0.005671125,9.44028625,0.758353333,1.680539541,76.174602583,0.272639833
tyndp/gep_80_24_convex_hull_with_null_conical_bounded_0.01_economic,643543,80,24,convex_hull_with_null,conical_bounded,economic,0.01,512553.73687868024,1.1550560939101395e6,8070.097622804884,143.1278960797357,1.1756347953275954,80,0.9501715690498801,1.0000000000000002,0.0,0.6356164383561644,0.10263698630136986,434162,2354,17999,8041,OPTIMAL,7.003478066530667e7,4.3949223088826776e7,2.608555757647946e7,0.0,0.0,326506,894074,OPTIMAL,6.724639187196311e7,4.3949223088826776e7,2.3297168783137493e7,0.0,0.0,1489306,3959534,0.0,0.0,0.005270875,8.083520041,1.230377084,1.602246125,104.591397959,0.272639833
tyndp/gep_80_24_conical_hull_dirac_0.01_economic,643543,80,24,conical_hull,dirac,economic,0.01,922104.2164758873,920386.4607424793,7220.2653562854175,127.47266413709579,1.2241591730813757,80,1.0,1.0,0.0,0.0,0.0125,0,0,16886,8789,OPTIMAL,6.885686085430016e7,4.068131843388921e7,2.8175542420411382e7,0.0,0.0,326506,894074,OPTIMAL,6.856664528747974e7,4.068131843388921e7,2.7885326853547152e7,0.0,0.0,1489306,3959534,0.0,0.0,0.005269292,1.571685125,3.75e-6,1.954242333,25.38374775,0.272639833
tyndp/gep_80_24_conical_hull_convex_0.01_economic,643543,80,24,conical_hull,convex,economic,0.01,642665.1713420781,920386.4607424793,7220.2653562854175,127.47266413709579,1.2241591730813757,80,1.0,1.0000000000000002,0.0,0.0,0.0963013698630137,329843,1713,16886,8789,OPTIMAL,7.586612875258683e7,4.3958807168310404e7,3.1907321584276892e7,0.0,0.0,326506,894074,OPTIMAL,6.87214827726908e7,4.3958807168310404e7,2.4762675604381476e7,0.0,0.0,1489306,3959534,0.0,0.0,0.00529125,1.550069125,1.055517792,1.661365333,109.309586583,0.272639833
tyndp/gep_80_24_conical_hull_conical_0.01_economic,643543,80,24,conical_hull,conical,economic,0.01,526573.1969552407,920386.4607424793,7220.2653562854175,127.47266413709579,1.2241591730813757,80,1.1563276499918245,1.5342298584317198,0.7287671232876712,0.052054794520547946,0.12297945205479452,407509,1966,16886,8789,OPTIMAL,7.661455770251645e7,4.3901719209726006e7,3.271283849279109e7,0.0,0.0,326506,894074,OPTIMAL,6.859219866375443e7,4.3901719209726006e7,2.4690479454085626e7,0.0,0.0,1489306,3959534,0.0,0.0,0.005375584,1.614517458,0.78180625,1.726203541,102.601428083,0.272639833
tyndp/gep_80_24_conical_hull_conical_bounded_0.01_economic,643543,80,24,conical_hull,conical_bounded,economic,0.01,644520.0255810127,920386.4607424793,7220.2653562854175,127.47266413709579,1.2241591730813757,80,0.9934514622803681,1.0000000000000002,0.0,0.4246575342465753,0.09599315068493151,328729,1801,16886,8789,OPTIMAL,7.577169543289286e7,4.39146109978063e7,3.1857084435085464e7,0.0,0.0,326506,894074,OPTIMAL,6.873517158283913e7,4.39146109978063e7,2.4820560585031446e7,0.0,0.0,1489306,3959534,0.0,0.0,0.00525225,2.361157208,0.9339915,1.5989425,119.230795833,0.272639833
tyndp/gep_10_24_k_means_dirac_0.01,643543,10,24,k_means,dirac,unscaled,0.01,113.42900305496443,60.7741105563627,1.0422721475193115,58.30925320321549,1.0488088658859585,10,1.0,1.0,0.0,0.0,0.1,0,0,0,0,OPTIMAL,5.13347487181491e7,3.372089804273186e7,1.761385067541711e7,0.0,0.0,40906,141154,OPTIMAL,3.2306657485620016e8,3.372089804273186e7,2.893456768135763e8,0.0,0.0,1489306,3959534,0.0,0.0,0.005303417,0.14778375,1.875e-6,0.441063791,1.50208675,0.272639833
tyndp/gep_10_24_k_means_convex_0.01,643543,10,24,k_means,convex,unscaled,0.01,108.23310738934187,60.7741105563627,1.0422721475193115,58.30925320321549,1.0488088658859585,10,1.0,1.0000000000000002,0.0,0.0,0.2827397260273973,51726,400,0,0,OPTIMAL,5.152070675030657e7,3.389403440368252e7,1.762667234662383e7,0.0,0.0,40906,141154,OPTIMAL,3.376504898255362e8,3.389403440368252e7,3.037564554218294e8,0.0,0.0,1489306,3959534,0.0,0.0,0.005206542,0.601634459,0.088961958,0.430502958,2.022558,0.272639833
tyndp/gep_10_24_k_means_conical_0.01,643543,10,24,k_means,conical,unscaled,0.01,105.21668994392738,60.7741105563627,1.0422721475193115,58.30925320321549,1.0488088658859585,10,1.003672116743865,1.214289841501109,0.5452054794520548,0.4547945205479452,0.2841095890410959,55026,365,0,0,OPTIMAL,5.177421861205262e7,3.401513689998324e7,1.775908171206901e7,0.0,0.0,40906,141154,OPTIMAL,3.293918051506291e8,3.401513689998324e7,2.953766682506089e8,0.0,0.0,1489306,3959534,0.0,0.0,0.005229959,0.154050375,0.47152175,0.422295833,1.785163083,0.272639833
tyndp/gep_10_24_k_means_conical_bounded_0.01,643543,10,24,k_means,conical_bounded,unscaled,0.01,106.82410631341456,60.7741105563627,1.0422721475193115,58.30925320321549,1.0488088658859585,10,0.968679923859768,1.0000000000000002,0.0,0.5068493150684932,0.2808219178082192,53864,364,0,0,OPTIMAL,5.110092132209751e7,3.384302365130403e7,1.7257897670793477e7,0.0,0.0,40906,141154,OPTIMAL,3.333112766592646e8,3.384302365130403e7,2.994682530079248e8,0.0,0.0,1489306,3959534,0.0,0.0,0.005329916,0.1456455,0.480543791,0.419248,1.671404416,0.272639833
tyndp/gep_10_24_k_medoids_dirac_0.01,643543,10,24,k_medoids,dirac,unscaled,0.01,140.65575913912417,58.81143397018473,3.1496642456787156,18.672286752746103,1.118987507537408,10,1.0,1.0,0.0,0.0,0.1,0,0,0,0,OPTIMAL,6.025746692990306e7,4.111779199532306e7,1.9139674934579942e7,0.0,0.0,40906,141154,OPTIMAL,1.0904435732838422e8,4.111779199532306e7,6.79265653330366e7,0.0,0.0,1489306,3959534,0.0,0.0,0.005319083,0.144268917,1.708e-6,0.443723542,1.486675417,0.272639833
tyndp/gep_10_24_k_medoids_convex_0.01,643543,10,24,k_medoids,convex,unscaled,0.01,113.91811950208468,58.81143397018473,3.1496642456787156,18.672286752746103,1.118987507537408,10,1.0,1.0000000000000002,0.0,0.0,0.5016438356164383,46721,237,0,0,OPTIMAL,5.9852595201942235e7,4.053887122340466e7,1.931372397853766e7,0.0,0.0,40906,141154,OPTIMAL,1.0722002584144919e8,4.053887122340466e7,6.668115461799226e7,0.0,0.0,1489306,3959534,0.0,0.0,0.005238542,0.14496775,0.021213542,0.558446125,2.027107041,0.272639833
tyndp/gep_10_24_k_medoids_conical_0.01,643543,10,24,k_medoids,conical,unscaled,0.01,111.07593004091177,58.81143397018473,3.1496642456787156,18.672286752746103,1.118987507537408,10,1.0126474993226453,1.2525611793378137,0.5534246575342465,0.4191780821917808,0.5213698630136986,49412,218,0,0,OPTIMAL,6.012703606258918e7,4.0539081449706554e7,1.958795461288298e7,0.0,0.0,40906,141154,OPTIMAL,1.064360444895527e8,4.0539081449706554e7,6.5896963039843895e7,0.0,0.0,1489306,3959534,0.0,0.0,0.005179833,0.139475708,0.015492584,0.476230042,1.704614334,0.272639833
tyndp/gep_10_24_k_medoids_conical_bounded_0.01,643543,10,24,k_medoids,conical_bounded,unscaled,0.01,112.9257518577037,58.81143397018473,3.1496642456787156,18.672286752746103,1.118987507537408,10,0.970971203258284,1.0000000000000002,0.0,0.5150684931506849,0.4997260273972603,47799,265,0,0,OPTIMAL,5.9560938149852216e7,4.049036449957554e7,1.9070573650276564e7,0.0,0.0,40906,141154,OPTIMAL,1.0614641274571794e8,4.049036449957554e7,6.565604824621615e7,0.0,0.0,1489306,3959534,0.0,0.0,0.005272917,0.1460545,0.024199417,0.546924916,1.7663735,0.272639833
tyndp/gep_10_24_hierarchical_dirac_0.01,643543,10,24,hierarchical,dirac,unscaled,0.01,145.66336269976316,60.8252920292618,3.5760603769161508,17.009022672518483,1.1009935974439777,10,1.0,1.0,0.0,0.0,0.1,0,0,0,0,OPTIMAL,5.666823158561368e7,3.699826265639163e7,1.966996892922154e7,0.0,0.0,40906,141154,OPTIMAL,1.1861083210817191e8,3.699826265639163e7,8.161256945170559e7,0.0,0.0,1489306,3959534,0.0,0.0,0.005187791,0.141549375,8.75e-7,0.449387959,1.441774334,0.272639833
tyndp/gep_10_24_hierarchical_convex_0.01,643543,10,24,hierarchical,convex,unscaled,0.01,117.7061933479111,60.8252920292618,3.5760603769161508,17.009022672518483,1.1009935974439777,10,1.0,1.0000000000000002,0.0,0.0,0.4967123287671233,47801,216,0,0,OPTIMAL,5.707299335589754e7,3.7063382186735004e7,2.0009611169163037e7,0.0,0.0,40906,141154,OPTIMAL,1.1940281374182908e8,3.7063382186735004e7,8.23394315551313e7,0.0,0.0,1489306,3959534,0.0,0.0,0.005197917,0.143296666,0.019487958,0.47958675,1.5115125,0.272639833
tyndp/gep_10_24_hierarchical_conical_0.01,643543,10,24,hierarchical,conical,unscaled,0.01,115.31989098372172,60.8252920292618,3.5760603769161508,17.009022672518483,1.1009935974439777,10,0.9865348205738969,1.1814119493202648,0.4410958904109589,0.5315068493150685,0.5090410958904109,51028,237,0,0,OPTIMAL,5.709814457295897e7,3.703665009664488e7,2.006149447631392e7,0.0,0.0,40906,141154,OPTIMAL,1.209406366114655e8,3.703665009664488e7,8.390398651479733e7,0.0,0.0,1489306,3959534,0.0,0.0,0.005239417,0.14309675,0.015587167,0.962997084,1.807044083,0.272639833
tyndp/gep_10_24_hierarchical_conical_bounded_0.01,643543,10,24,hierarchical,conical_bounded,unscaled,0.01,116.29488836472004,60.8252920292618,3.5760603769161508,17.009022672518483,1.1009935974439777,10,0.9586076199794091,1.0000000000000002,0.0,0.6136986301369863,0.5002739726027398,50233,230,0,0,OPTIMAL,5.675384272715434e7,3.706686287491828e7,1.968697985223621e7,0.0,0.0,40906,141154,OPTIMAL,1.1980626709928825e8,3.706686287491828e7,8.273940422442503e7,0.0,0.0,1489306,3959534,0.0,0.0,0.005267375,0.142905791,0.023464334,0.57009975,1.923031209,0.272639833
tyndp/gep_10_24_chronological_dirac_0.01,643543,10,24,chronological,dirac,unscaled,0.01,157.26929892703495,57.723594666046864,3.25811538803424,17.71686628350937,1.0870919623161965,10,1.0,1.0,0.0,0.0,0.1,0,0,0,0,OPTIMAL,5.924806639755746e7,4.246262665797417e7,1.6785439739583284e7,0.0,0.0,40906,141154,OPTIMAL,1.986773530780217e8,4.246262665797417e7,1.5621472641997635e8,0.0,0.0,1489306,3959534,0.0,0.0,0.005618042,0.141288666,1.666e-6,0.441500084,1.012509917,0.272639833
tyndp/gep_10_24_chronological_convex_0.01,643543,10,24,chronological,convex,unscaled,0.01,123.52979213575682,57.723594666046864,3.25811538803424,17.71686628350937,1.0870919623161965,10,1.0,1.0000000000000002,0.0,0.0,0.4695890410958904,49104,216,0,0,OPTIMAL,5.904749552654788e7,4.199457856009474e7,1.705291696645309e7,0.0,0.0,40906,141154,OPTIMAL,1.949796368031037e8,4.199457856009474e7,1.529850582430459e8,0.0,0.0,1489306,3959534,0.0,0.0,0.005614417,0.144999,0.021798542,0.960683333,1.550902875,0.272639833
tyndp/gep_10_24_chronological_conical_0.01,643543,10,24,chronological,conical,unscaled,0.01,120.28901263026965,57.723594666046864,3.25811538803424,17.71686628350937,1.0870919623161965,10,1.0229518860056142,1.277272474410772,0.5917808219178082,0.38082191780821917,0.4893150684931507,50632,220,0,0,OPTIMAL,5.921324132468122e7,4.2084421229178526e7,1.7128820095502704e7,0.0,0.0,40906,141154,OPTIMAL,1.8750069780931377e8,4.2084421229178526e7,1.454162765800715e8,0.0,0.0,1489306,3959534,0.0,0.0,0.005231292,0.145635625,0.015501416,0.962063084,1.783578083,0.272639833
tyndp/gep_10_24_chronological_conical_bounded_0.01,643543,10,24,chronological,conical_bounded,unscaled,0.01,122.62329397790828,57.723594666046864,3.25811538803424,17.71686628350937,1.0870919623161965,10,0.9714539052964651,1.0000000000000002,0.0,0.4684931506849315,0.4671232876712329,49771,216,0,0,OPTIMAL,5.8851607011756934e7,4.178710499199649e7,1.7064502019760113e7,0.0,0.0,40906,141154,OPTIMAL,1.9529588717129663e8,4.178710499199649e7,1.535087821792439e8,0.0,0.0,1489306,3959534,0.0,0.0,0.005449542,0.147375458,0.023637667,0.478874834,1.661407875,0.272639833
tyndp/gep_10_24_convex_hull_dirac_0.01,643543,10,24,convex_hull,dirac,unscaled,0.01,164.91612737688237,62.86231546733968,4.6111875423622415,13.632565340236903,1.1924771175761435,10,1.0,1.0,0.0,0.0,0.1,0,0,619,2621,OPTIMAL,8.816764241158399e7,4.3544438248525e7,4.462320416305907e7,0.0,0.0,40906,141154,OPTIMAL,8.119512341494505e7,4.3544438248525e7,3.765068516640713e7,0.0,0.0,1489306,3959534,0.0,0.0,0.005315166,0.295756958,1.041e-6,0.403742708,1.514278167,0.272639833
tyndp/gep_10_24_convex_hull_convex_0.01,643543,10,24,convex_hull,convex,unscaled,0.01,111.67931472369462,62.86231546733968,4.6111875423622415,13.632565340236903,1.1924771175761435,10,1.0,1.0000000000000004,0.0,0.0,0.5726027397260274,41907,186,619,2621,OPTIMAL,9.158374511510046e7,4.6378461351925425e7,4.520528376317463e7,0.0,0.0,40906,141154,OPTIMAL,8.095728406841734e7,4.6378461351925425e7,3.457882271645173e7,0.0,0.0,1489306,3959534,0.0,0.0,0.005213417,0.282113875,0.019044958,0.522078708,1.831286208,0.272639833
tyndp/gep_10_24_convex_hull_conical_0.01,643543,10,24,convex_hull,conical,unscaled,0.01,108.47661076103307,62.86231546733968,4.6111875423622415,13.632565340236903,1.1924771175761435,10,1.0041736508811767,1.236367273311255,0.5178082191780822,0.4547945205479452,0.5821917808219178,43650,185,619,2621,OPTIMAL,9.406625091115291e7,4.6489251365202114e7,4.75769995459508e7,0.0,0.0,40906,141154,OPTIMAL,8.32633349389282e7,4.6489251365202114e7,3.6774083573694125e7,0.0,0.0,1489306,3959534,0.0,0.0,0.00522475,0.953906292,0.013112125,0.475751958,2.144312459,0.272639833
tyndp/gep_10_24_convex_hull_conical_bounded_0.01,643543,10,24,convex_hull,conical_bounded,unscaled,0.01,110.27815649398471,62.86231546733968,4.6111875423622415,13.632565340236903,1.1924771175761435,10,0.9647713861018088,1.0,0.0,0.5726027397260274,0.5698630136986301,42698,185,619,2621,OPTIMAL,8.929557836431612e7,4.582493346796847e7,4.347064489634771e7,0.0,0.0,40906,141154,OPTIMAL,7.914361536054862e7,4.582493346796847e7,3.331868189258607e7,0.0,0.0,1489306,3959534,0.0,0.0,0.005186542,0.963396583,0.019372041,0.51573725,2.152790334,0.272639833
tyndp/gep_10_24_convex_hull_with_null_dirac_0.01,643543,10,24,convex_hull_with_null,dirac,unscaled,0.01,162.9318502994368,65.756592162208,3.9594414455024145,16.60754252014557,1.1722559542740045,10,1.0,1.0,0.0,0.0,0.1,0,0,931,2674,OPTIMAL,7.923414765228789e7,4.39051447506873e7,3.5329002901600964e7,0.0,0.0,40906,141154,OPTIMAL,7.455367811404552e7,4.39051447506873e7,3.0648533363377225e7,0.0,0.0,1489306,3959534,0.0,0.0,0.005849917,0.825229708,1.458e-6,0.402627833,1.608003125,0.272639833
tyndp/gep_10_24_convex_hull_with_null_convex_0.01,643543,10,24,convex_hull_with_null,convex,unscaled,0.01,113.64115229829251,65.756592162208,3.9594414455024145,16.60754252014557,1.1722559542740045,10,1.0,1.0000000000000002,0.0,0.0,0.5463013698630137,42587,207,931,2674,OPTIMAL,8.486661452120602e7,4.6002990428070456e7,3.886362409313561e7,0.0,0.0,40906,141154,OPTIMAL,7.582930782164809e7,4.6002990428070456e7,2.9826317393587187e7,0.0,0.0,1489306,3959534,0.0,0.0,0.005211292,0.269436958,0.128840167,0.449684708,1.640206708,0.272639833
tyndp/gep_10_24_convex_hull_with_null_conical_0.01,643543,10,24,convex_hull_with_null,conical,unscaled,0.01,107.49129009886896,65.756592162208,3.9594414455024145,16.60754252014557,1.1722559542740045,10,0.9442695959392694,1.2297811506747922,0.2821917808219178,0.6904109589041096,0.5523287671232877,44412,227,931,2674,OPTIMAL,8.10049591076758e7,4.402224736670596e7,3.698271174096964e7,0.0,0.0,40906,141154,OPTIMAL,7.46712965746242e7,4.402224736670596e7,3.0649049207895555e7,0.0,0.0,1489306,3959534,0.0,0.0,0.005276083,0.293683167,0.014839083,0.512330667,1.692568,0.272639833
tyndp/gep_10_24_convex_hull_with_null_conical_bounded_0.01,643543,10,24,convex_hull_with_null,conical_bounded,unscaled,0.01,108.24409188495235,65.756592162208,3.9594414455024145,16.60754252014557,1.1722559542740045,10,0.9268380313032852,1.0,0.0,0.7534246575342466,0.547945205479452,44951,220,931,2674,OPTIMAL,7.95589756532099e7,4.372515247901798e7,3.5833823174191914e7,0.0,0.0,40906,141154,OPTIMAL,7.433741092413236e7,4.372515247901798e7,3.061225844511901e7,0.0,0.0,1489306,3959534,0.0,0.0,0.005210167,0.876332083,0.089827,0.6427565,1.713159084,0.272639833
tyndp/gep_10_24_conical_hull_dirac_0.01,643543,10,24,conical_hull,dirac,unscaled,0.01,161.12862265282345,54.84091065195726,4.6104423356154465,11.89493472856473,1.2166446515418838,10,1.0,1.0,0.0,0.0,0.1,0,0,711,2529,OPTIMAL,8.0866885764847e7,4.132291171305954e7,3.954397405178732e7,0.0,0.0,40906,141154,OPTIMAL,8.103085115424459e7,4.132291171305954e7,3.970793944118539e7,0.0,0.0,1489306,3959534,0.0,0.0,0.005548167,0.79343375,1.167e-6,0.398839,1.456980625,0.272639833
tyndp/gep_10_24_conical_hull_convex_0.01,643543,10,24,conical_hull,convex,unscaled,0.01,116.00223237352355,54.84091065195726,4.6104423356154465,11.89493472856473,1.2166446515418838,10,1.0,1.0000000000000004,0.0,0.0,0.5687671232876712,36566,173,711,2529,OPTIMAL,8.651736486506587e7,4.374859103611163e7,4.2768773828954235e7,0.0,0.0,40906,141154,OPTIMAL,8.346077443329835e7,4.374859103611163e7,3.9712183397172764e7,0.0,0.0,1489306,3959534,0.0,0.0,0.005238834,0.242205917,0.01606625,0.484429458,1.735370292,0.272639833
tyndp/gep_10_24_conical_hull_conical_0.01,643543,10,24,conical_hull,conical,unscaled,0.01,110.1985924051296,54.84091065195726,4.6104423356154465,11.89493472856473,1.2166446515418838,10,1.0779131048418005,1.38630633486913,0.7561643835616438,0.21643835616438356,0.6052054794520548,37795,163,711,2529,OPTIMAL,8.798724889916685e7,4.418827374119138e7,4.379897515797532e7,0.0,0.0,40906,141154,OPTIMAL,7.957064422107854e7,4.418827374119138e7,3.53823704798689e7,0.0,0.0,1489306,3959534,0.0,0.0,0.005275458,0.814019209,0.012457458,0.57045825,1.699823625,0.272639833
tyndp/gep_10_24_conical_hull_conical_bounded_0.01,643543,10,24,conical_hull,conical_bounded,unscaled,0.01,115.73260584005973,54.84091065195726,4.6104423356154465,11.89493472856473,1.2166446515418838,10,0.9866160803638081,1.0,0.0,0.40821917808219177,0.5668493150684931,36360,173,711,2529,OPTIMAL,8.655261045119447e7,4.374862859270145e7,4.280398185849343e7,0.0,0.0,40906,141154,OPTIMAL,8.309043047569227e7,4.374862859270145e7,3.934180188302783e7,0.0,0.0,1489306,3959534,0.0,0.0,0.005513375,0.26912825,0.017017917,0.47701875,1.884469708,0.272639833
tyndp/gep_20_24_k_means_dirac_0.01,643543,20,24,k_means,dirac,unscaled,0.01,107.82797293623585,84.24217999971835,0.6965735207143212,120.9379591594722,1.0555358722608301,20,1.0,1.0,0.0,0.0,0.05,0,0,0,0,OPTIMAL,5.28434975827677e7,3.479484480605948e7,1.8048652776708525e7,0.0,0.0,81706,248714,OPTIMAL,1.6437653930194587e8,3.479484480605948e7,1.2958169449588439e8,0.0,0.0,1489306,3959534,0.0,0.0,0.00529125,0.145795625,1.75e-6,0.563252291,4.806183125,0.272639833
tyndp/gep_20_24_k_means_convex_0.01,643543,20,24,k_means,convex,unscaled,0.01,102.1601257607951,84.24217999971835,0.6965735207143212,120.9379591594722,1.0555358722608301,20,1.0,1.0000000000000002,0.0,0.0,0.17356164383561642,90795,576,0,0,OPTIMAL,5.306495262054895e7,3.473001685576803e7,1.8334935764781322e7,0.0,0.0,81706,248714,OPTIMAL,1.6523830586290967e8,3.473001685576803e7,1.3050828900712496e8,0.0,0.0,1489306,3959534,0.0,0.0,0.005214125,0.148846042,0.108857417,0.563096083,8.560488959,0.272639833
tyndp/gep_20_24_k_means_conical_0.01,643543,20,24,k_means,conical,unscaled,0.01,99.42812758678413,84.24217999971835,0.6965735207143212,120.9379591594722,1.0555358722608301,20,1.0133618562453763,1.2265350653034737,0.6027397260273972,0.3972602739726027,0.17657534246575343,98795,668,0,0,OPTIMAL,5.3258723987348825e7,3.44207810695805e7,1.8837942917768557e7,0.0,0.0,81706,248714,OPTIMAL,1.6329148256384382e8,3.44207810695805e7,1.288707014942535e8,0.0,0.0,1489306,3959534,0.0,0.0,0.005306666,0.146467459,0.038363125,0.657521292,7.929982333,0.272639833
tyndp/gep_20_24_k_means_conical_bounded_0.01,643543,20,24,k_means,conical_bounded,unscaled,0.01,101.15881079043908,84.24217999971835,0.6965735207143212,120.9379591594722,1.0555358722608301,20,0.9746625119330574,1.0000000000000002,0.0,0.4958904109589041,0.17054794520547945,91832,667,0,0,OPTIMAL,5.2828096159544304e7,3.461558049615388e7,1.8212515663390122e7,0.0,0.0,81706,248714,OPTIMAL,1.6523935544965845e8,3.461558049615388e7,1.3062377495350543e8,0.0,0.0,1489306,3959534,0.0,0.0,0.005287,0.148324083,0.060822,0.643340708,8.180823542,0.272639833
tyndp/gep_20_24_k_medoids_dirac_0.01,643543,20,24,k_medoids,dirac,unscaled,0.01,134.88406351380536,84.97300870909099,2.8482562098221433,29.83334449199605,1.118888771868981,20,1.0,1.0,0.0,0.0,0.05,0,0,0,0,OPTIMAL,6.235722187979498e7,4.243517950813611e7,1.9922042371659376e7,0.0,0.0,81706,248714,OPTIMAL,9.71063110343286e7,4.243517950813611e7,5.467113152612378e7,0.0,0.0,1489306,3959534,0.0,0.0,0.005726042,0.194452792,1.708e-6,0.568595167,4.600030625,0.272639833
tyndp/gep_20_24_k_medoids_convex_0.01,643543,20,24,k_medoids,convex,unscaled,0.01,104.6896004165372,84.97300870909099,2.8482562098221433,29.83334449199605,1.118888771868981,20,1.0,1.0000000000000002,0.0,0.0,0.31767123287671234,72778,310,0,0,OPTIMAL,6.146238633105722e7,3.913714938895661e7,2.2325236942099728e7,0.0,0.0,81706,248714,OPTIMAL,1.0244948537517118e8,3.913714938895661e7,6.331233598612991e7,0.0,0.0,1489306,3959534,0.0,0.0,0.005512125,0.267183625,0.531031208,0.652066875,16.438457834,0.272639833
tyndp/gep_20_24_k_medoids_conical_0.01,643543,20,24,k_medoids,conical,unscaled,0.01,102.56908618744043,84.97300870909099,2.8482562098221433,29.83334449199605,1.118888771868981,20,0.9970404256789827,1.2129764116135124,0.4547945205479452,0.4904109589041096,0.323013698630137,75026,355,0,0,OPTIMAL,6.157116546151117e7,3.936298754088178e7,2.2208177920629155e7,0.0,0.0,81706,248714,OPTIMAL,1.0172845687463081e8,3.936298754088178e7,6.236546933378498e7,0.0,0.0,1489306,3959534,0.0,0.0,0.005518375,0.217060708,0.030793417,0.678058834,19.87846425,0.272639833
tyndp/gep_20_24_k_medoids_conical_bounded_0.01,643543,20,24,k_medoids,conical_bounded,unscaled,0.01,103.68442933022273,84.97300870909099,2.8482562098221433,29.83334449199605,1.118888771868981,20,0.9676043057813678,1.0000000000000002,0.0,0.6410958904109589,0.3128767123287671,73907,358,0,0,OPTIMAL,6.116699492893557e7,3.909586355325146e7,2.2071131375683773e7,0.0,0.0,81706,248714,OPTIMAL,1.0474596339686267e8,3.909586355325146e7,6.56500998435863e7,0.0,0.0,1489306,3959534,0.0,0.0,0.005267708,0.184540125,0.166225875,1.102466167,16.863608375,0.272639833
tyndp/gep_20_24_hierarchical_dirac_0.01,643543,20,24,hierarchical,dirac,unscaled,0.01,137.32158068567233,84.57264723002822,2.6837493507197467,31.51287105382883,1.1207545552914964,20,1.0,1.0,0.0,0.0,0.05,0,0,0,0,OPTIMAL,5.9736107848950565e7,3.768605438486016e7,2.205005346409008e7,0.0,0.0,81706,248714,OPTIMAL,9.100592244735381e7,3.768605438486016e7,5.3319868062482476e7,0.0,0.0,1489306,3959534,0.0,0.0,0.005636417,0.222090125,1.666e-6,0.559093666,4.230047333,0.272639833
tyndp/gep_20_24_hierarchical_convex_0.01,643543,20,24,hierarchical,convex,unscaled,0.01,104.42296088418233,84.57264723002822,2.6837493507197467,31.51287105382883,1.1207545552914964,20,1.0,1.0000000000000002,0.0,0.0,0.3045205479452055,75882,368,0,0,OPTIMAL,6.052699675882767e7,3.836785918277328e7,2.2159137576054513e7,0.0,0.0,81706,248714,OPTIMAL,9.194569615361653e7,3.836785918277328e7,5.3577836970826946e7,0.0,0.0,1489306,3959534,0.0,0.0,0.005664375,0.144262042,0.12646425,0.589462459,12.880110584,0.272639833
tyndp/gep_20_24_hierarchical_conical_0.01,643543,20,24,hierarchical,conical,unscaled,0.01,100.95033832299548,84.57264723002822,2.6837493507197467,31.51287105382883,1.1207545552914964,20,1.0101063774578716,1.2815369417085585,0.5397260273972603,0.4054794520547945,0.3163013698630137,78298,360,0,0,OPTIMAL,6.07903717986101e7,3.836561570562896e7,2.242475609298107e7,0.0,0.0,81706,248714,OPTIMAL,9.025512644723341e7,3.836561570562896e7,5.18895107416489e7,0.0,0.0,1489306,3959534,0.0,0.0,0.005222,0.145227625,0.033570291,0.591834,17.764207084,0.272639833
tyndp/gep_20_24_hierarchical_conical_bounded_0.01,643543,20,24,hierarchical,conical_bounded,unscaled,0.01,103.15044978662067,84.57264723002822,2.6837493507197467,31.51287105382883,1.1207545552914964,20,0.9674000188871653,1.0000000000000002,0.0,0.5589041095890411,0.3049315068493151,76886,385,0,0,OPTIMAL,6.015289171390633e7,3.8012126516379654e7,2.2140765197526418e7,0.0,0.0,81706,248714,OPTIMAL,9.246300704178302e7,3.8012126516379654e7,5.4450880525406115e7,0.0,0.0,1489306,3959534,0.0,0.0,0.005197792,0.627126583,0.122950708,0.768833417,6.839356292,0.272639833
tyndp/gep_20_24_chronological_dirac_0.01,643543,20,24,chronological,dirac,unscaled,0.01,151.28134198242293,83.68968309746818,2.6850882891410253,31.168317047869206,1.1018554240283975,20,1.0,1.0,0.0,0.0,0.05,0,0,0,0,OPTIMAL,6.434621146197964e7,4.255692746234185e7,2.178928399963955e7,0.0,0.0,81706,248714,OPTIMAL,1.5258117759614405e8,4.255692746234185e7,1.1002425013385789e8,0.0,0.0,1489306,3959534,0.0,0.0,0.005508875,0.141185667,7.5e-7,1.047087875,2.455178834,0.272639833
tyndp/gep_20_24_chronological_convex_0.01,643543,20,24,chronological,convex,unscaled,0.01,110.09391456527065,83.68968309746818,2.6850882891410253,31.168317047869206,1.1018554240283975,20,1.0,1.0000000000000002,0.0,0.0,0.30246575342465754,81132,395,0,0,OPTIMAL,6.460903297817819e7,4.265650561294344e7,2.1952527365234848e7,0.0,0.0,81706,248714,OPTIMAL,1.4609873078535625e8,4.265650561294344e7,1.0344222517236209e8,0.0,0.0,1489306,3959534,0.0,0.0,0.005590208,0.14524775,0.11581675,0.598365333,14.867801416,0.272639833
tyndp/gep_20_24_chronological_conical_0.01,643543,20,24,chronological,conical,unscaled,0.01,107.34605920240182,83.68968309746818,2.6850882891410253,31.168317047869206,1.1018554240283975,20,1.0003002826615524,1.2431912868051391,0.4958904109589041,0.44931506849315067,0.3136986301369863,83154,426,0,0,OPTIMAL,6.446696949344358e7,4.303177850474844e7,2.1435190988695092e7,0.0,0.0,81706,248714,OPTIMAL,1.5123262333773813e8,4.303177850474844e7,1.0820084483298005e8,0.0,0.0,1489306,3959534,0.0,0.0,0.005433791,0.2031355,0.033438125,0.726901125,18.662047125,0.272639833
tyndp/gep_20_24_chronological_conical_bounded_0.01,643543,20,24,chronological,conical_bounded,unscaled,0.01,108.72451537620857,83.68968309746818,2.6850882891410253,31.168317047869206,1.1018554240283975,20,0.9671012481910977,1.0000000000000002,0.0,0.5835616438356165,0.30273972602739724,81611,389,0,0,OPTIMAL,6.3546529672543414e7,4.234277095092104e7,2.120375872162219e7,0.0,0.0,81706,248714,OPTIMAL,1.5079291535776561e8,4.234277095092104e7,1.0845014440684648e8,0.0,0.0,1489306,3959534,0.0,0.0,0.005579125,0.220872042,0.054968875,0.635789667,17.640212208,0.272639833
tyndp/gep_20_24_convex_hull_dirac_0.01,643543,20,24,convex_hull,dirac,unscaled,0.01,150.39343538533413,89.42636064966267,3.4983442876434494,25.56248136169066,1.1734918130796643,20,1.0,1.0,0.0,0.0,0.05,0,0,2521,4224,OPTIMAL,7.285978360928775e7,4.07980966783614e7,3.2061686930925753e7,0.0,0.0,81706,248714,OPTIMAL,6.974142227396385e7,4.07980966783614e7,2.8943325595613677e7,0.0,0.0,1489306,3959534,0.0,0.0,0.005169583,1.247792,1.209e-6,0.552561791,5.310593666,0.272639833
tyndp/gep_20_24_convex_hull_convex_0.01,643543,20,24,convex_hull,convex,unscaled,0.01,99.53134968864865,89.42636064966267,3.4983442876434494,25.56248136169066,1.1734918130796643,20,1.0,1.0000000000000002,0.0,0.0,0.35876712328767124,70015,337,2521,4224,OPTIMAL,8.019972489357865e7,4.382703463763214e7,3.637269025594703e7,0.0,0.0,81706,248714,OPTIMAL,7.089817179312988e7,4.382703463763214e7,2.7071137155523177e7,0.0,0.0,1489306,3959534,0.0,0.0,0.005465333,0.498592542,0.050497,0.658009792,14.157245458,0.272639833
tyndp/gep_20_24_convex_hull_conical_0.01,643543,20,24,convex_hull,conical,unscaled,0.01,97.44080855356279,89.42636064966267,3.4983442876434494,25.56248136169066,1.1734918130796643,20,1.0001982633573205,1.2033414801887725,0.4712328767123288,0.473972602739726,0.3632876712328767,72511,311,2521,4224,OPTIMAL,8.152395391218302e7,4.3654336711614e7,3.7869617200569324e7,0.0,0.0,81706,248714,OPTIMAL,7.098054120539974e7,4.3654336711614e7,2.7326204493772842e7,0.0,0.0,1489306,3959534,0.0,0.0,0.005203666,1.131965708,0.031677666,0.668397,7.705200375,0.272639833
tyndp/gep_20_24_convex_hull_conical_bounded_0.01,643543,20,24,convex_hull,conical_bounded,unscaled,0.01,98.48860284629207,89.42636064966267,3.4983442876434494,25.56248136169066,1.1734918130796643,20,0.9688069810977905,1.0000000000000002,0.0,0.6493150684931507,0.3563013698630137,71055,337,2521,4224,OPTIMAL,7.90265423019399e7,4.372702296058575e7,3.529951934135349e7,0.0,0.0,81706,248714,OPTIMAL,7.101617437865691e7,4.372702296058575e7,2.7289151418038875e7,0.0,0.0,1489306,3959534,0.0,0.0,0.005557208,0.496873667,0.055303958,0.633125916,15.247939042,0.272639833
tyndp/gep_20_24_convex_hull_with_null_dirac_0.01,643543,20,24,convex_hull_with_null,dirac,unscaled,0.01,151.15311224050757,91.40389528429453,3.0415105137624323,30.052138524823114,1.1610412278398012,20,1.0,1.0,0.0,0.0,0.05,0,0,2900,4210,OPTIMAL,7.08858076013543e7,4.062396038020256e7,3.026184722115251e7,0.0,0.0,81706,248714,OPTIMAL,6.945432733434625e7,4.062396038020256e7,2.8830366954087954e7,0.0,0.0,1489306,3959534,0.0,0.0,0.005221959,1.137331667,9.58e-7,0.575263917,5.1577165,0.272639833
tyndp/gep_20_24_convex_hull_with_null_convex_0.01,643543,20,24,convex_hull_with_null,convex,unscaled,0.01,101.65674973423943,91.40389528429453,3.0415105137624323,30.052138524823114,1.1610412278398012,20,1.0,1.0000000000000004,0.0,0.0,0.3547945205479452,72187,429,2900,4210,OPTIMAL,7.98074484864365e7,4.3928559047322705e7,3.587888943911451e7,0.0,0.0,81706,248714,OPTIMAL,7.065243172517852e7,4.3928559047322705e7,2.672387267783955e7,0.0,0.0,1489306,3959534,0.0,0.0,0.005266083,0.493912166,0.051658041,0.65794925,14.623561208,0.272639833
tyndp/gep_20_24_convex_hull_with_null_conical_0.01,643543,20,24,convex_hull_with_null,conical,unscaled,0.01,97.53607943723918,91.40389528429453,3.0415105137624323,30.052138524823114,1.1610412278398012,20,0.9642093434803108,1.1791328038732596,0.33424657534246577,0.6109589041095891,0.3526027397260274,72696,339,2900,4210,OPTIMAL,7.775486558512233e7,4.354073794098577e7,3.4214127644137025e7,0.0,0.0,81706,248714,OPTIMAL,7.04457526425134e7,4.354073794098577e7,2.690501470150145e7,0.0,0.0,1489306,3959534,0.0,0.0,0.0056775,1.262954542,0.032373583,0.631318875,21.155356291,0.272639833
tyndp/gep_20_24_convex_hull_with_null_conical_bounded_0.01,643543,20,24,convex_hull_with_null,conical_bounded,unscaled,0.01,98.26962263527369,91.40389528429453,3.0415105137624323,30.052138524823114,1.1610412278398012,20,0.9455412197481178,1.0000000000000002,0.0,0.726027397260274,0.34794520547945207,72439,322,2900,4210,OPTIMAL,7.652891064171962e7,4.3482598551829025e7,3.304631208989012e7,0.0,0.0,81706,248714,OPTIMAL,7.048685758988647e7,4.3482598551829025e7,2.7004259038084168e7,0.0,0.0,1489306,3959534,0.0,0.0,0.005251458,1.151455542,0.05842725,0.64826475,15.03031,0.272639833
tyndp/gep_20_24_conical_hull_dirac_0.01,643543,20,24,conical_hull,dirac,unscaled,0.01,150.12627736340895,74.99811835588565,2.960537560051194,25.33260154098122,1.2146125029279384,20,1.0,1.0,0.0,0.0,0.05,0,0,2431,4314,OPTIMAL,7.578304893988496e7,4.120983594772869e7,3.457321299215651e7,0.0,0.0,81706,248714,OPTIMAL,7.240426743681419e7,4.120983594772869e7,3.1194431489070937e7,0.0,0.0,1489306,3959534,0.0,0.0,0.005183417,1.028983125,1.125e-6,0.55139175,5.193226458,0.272639833
tyndp/gep_20_24_conical_hull_convex_0.01,643543,20,24,conical_hull,convex,unscaled,0.01,106.10266323550195,74.99811835588565,2.960537560051194,25.33260154098122,1.2146125029279384,20,1.0,1.0000000000000002,0.0,0.0,0.3567123287671233,60139,257,2431,4314,OPTIMAL,8.228957654618584e7,4.401648957143481e7,3.827308697475077e7,0.0,0.0,81706,248714,OPTIMAL,8.500092297614476e7,4.401648957143481e7,4.0984433404749386e7,0.0,0.0,1489306,3959534,0.0,0.0,0.005204875,0.386810708,0.053515542,0.694539708,12.964789958,0.272639833
tyndp/gep_20_24_conical_hull_conical_0.01,643543,20,24,conical_hull,conical,unscaled,0.01,98.14342514195387,74.99811835588565,2.960537560051194,25.33260154098122,1.2146125029279384,20,1.1056566113267579,1.397504313941564,0.8301369863013699,0.11506849315068493,0.39301369863013697,64063,307,2431,4314,OPTIMAL,8.369159478121608e7,4.451531337398358e7,3.917628140723244e7,0.0,0.0,81706,248714,OPTIMAL,8.212367150871886e7,4.451531337398358e7,3.760835813476426e7,0.0,0.0,1489306,3959534,0.0,0.0,0.005248042,0.413912542,0.030596542,0.670674041,17.7547885,0.272639833
tyndp/gep_20_24_conical_hull_conical_bounded_0.01,643543,20,24,conical_hull,conical_bounded,unscaled,0.01,106.08358448632038,74.99811835588565,2.960537560051194,25.33260154098122,1.2146125029279384,20,0.9923551424406142,1.0000000000000002,0.0,0.3726027397260274,0.3563013698630137,60336,288,2431,4314,OPTIMAL,8.221487700543118e7,4.398623925278097e7,3.822863775265057e7,0.0,0.0,81706,248714,OPTIMAL,8.599819082956009e7,4.398623925278097e7,4.2011951576781474e7,0.0,0.0,1489306,3959534,0.0,0.0,0.005205041,1.046536083,0.045183667,0.663703584,13.773028792,0.272639833
tyndp/gep_40_24_k_means_dirac_0.01,643543,40,24,k_means,dirac,unscaled,0.01,100.1644885248536,120.09230750474525,0.6722305544728139,178.64749929274745,1.0704737320282782,40,1.0,1.0,0.0,0.0,0.025,0,0,0,0,OPTIMAL,5.582838780382517e7,3.635740925943156e7,1.9470978544393793e7,0.0,0.0,163306,463834,OPTIMAL,9.975185048695971e7,3.635740925943156e7,6.33944412274952e7,0.0,0.0,1489306,3959534,0.0,0.0,0.005219958,0.153296542,1.583e-6,1.355789,10.985430334,0.272639833
tyndp/gep_40_24_k_means_convex_0.01,643543,40,24,k_means,convex,unscaled,0.01,92.54863764009417,120.09230750474525,0.6722305544728139,178.64749929274745,1.0704737320282782,40,1.0,1.0000000000000002,0.0,0.0,0.10602739726027398,135473,865,0,0,OPTIMAL,5.740782331297214e7,3.748270550937098e7,1.99251178036005e7,0.0,0.0,163306,463834,OPTIMAL,9.003413645833272e7,3.748270550937098e7,5.255143094892934e7,0.0,0.0,1489306,3959534,0.0,0.0,0.005192708,0.154449917,0.897088709,0.927194042,22.3298175,0.272639833
tyndp/gep_40_24_k_means_conical_0.01,643543,40,24,k_means,conical,unscaled,0.01,90.60785646996726,120.09230750474525,0.6722305544728139,178.64749929274745,1.0704737320282782,40,1.0142124725075647,1.1728025862597804,0.5863013698630137,0.4136986301369863,0.10863013698630138,144924,915,0,0,OPTIMAL,5.784467523059075e7,3.849068211459588e7,1.935399311599495e7,0.0,0.0,163306,463834,OPTIMAL,8.436917139482056e7,3.849068211459588e7,4.587848928019154e7,0.0,0.0,1489306,3959534,0.0,0.0,0.005265459,0.224590708,0.14135425,0.905739958,19.501803,0.272639833
tyndp/gep_40_24_k_means_conical_bounded_0.01,643543,40,24,k_means,conical_bounded,unscaled,0.01,92.02957204691216,120.09230750474525,0.6722305544728139,178.64749929274745,1.0704737320282782,40,0.9794109308761756,1.0000000000000002,0.0,0.5972602739726027,0.10493150684931507,136830,846,0,0,OPTIMAL,5.716203349324059e7,3.7240024859996766e7,1.9922008633243643e7,0.0,0.0,163306,463834,OPTIMAL,9.133669125337815e7,3.7240024859996766e7,5.409666639337667e7,0.0,0.0,1489306,3959534,0.0,0.0,0.00524125,0.235762042,0.198109541,0.9415345,20.280970125,0.272639833
tyndp/gep_40_24_k_medoids_dirac_0.01,643543,40,24,k_medoids,dirac,unscaled,0.01,126.24108868750153,119.45508212941084,1.9746670998910405,60.49378253985303,1.1379880676569765,40,1.0,1.0,0.0,0.0,0.025,0,0,0,0,OPTIMAL,6.4966856081631005e7,3.9119038204944395e7,2.5847817876686383e7,0.0,0.0,163306,463834,OPTIMAL,7.050448380431737e7,3.9119038204944395e7,3.138544559937875e7,0.0,0.0,1489306,3959534,0.0,0.0,0.005272541,0.227526542,1.125e-6,0.939752542,12.205823709,0.272639833
tyndp/gep_40_24_k_medoids_convex_0.01,643543,40,24,k_medoids,convex,unscaled,0.01,92.92887397112464,119.45508212941084,1.9746670998910405,60.49378253985303,1.1379880676569765,40,1.0,1.0000000000000004,0.0,0.0,0.18938356164383563,110595,641,0,0,OPTIMAL,6.922112335304506e7,3.9329423344605416e7,2.9891700008439735e7,0.0,0.0,163306,463834,OPTIMAL,7.046201787837012e7,3.9329423344605416e7,3.113259453375487e7,0.0,0.0,1489306,3959534,0.0,0.0,0.005244208,0.141899625,0.192432375,0.924992916,25.285048291,0.272639833
tyndp/gep_40_24_k_medoids_conical_0.01,643543,40,24,k_medoids,conical,unscaled,0.01,91.02775132698923,119.45508212941084,1.9746670998910405,60.49378253985303,1.1379880676569765,40,1.0111797262401383,1.2701274880814937,0.5232876712328767,0.36712328767123287,0.19486301369863013,113422,522,0,0,OPTIMAL,7.077711963665889e7,3.966709976490076e7,3.1110019871757515e7,0.0,0.0,163306,463834,OPTIMAL,7.043918090391654e7,3.966709976490076e7,3.0772081139036443e7,0.0,0.0,1489306,3959534,0.0,0.0,0.005213584,0.146337334,0.149708417,1.015828125,29.462980292,0.272639833
tyndp/gep_40_24_k_medoids_conical_bounded_0.01,643543,40,24,k_medoids,conical_bounded,unscaled,0.01,92.37901109325465,119.45508212941084,1.9746670998910405,60.49378253985303,1.1379880676569765,40,0.9753862105882384,1.0000000000000002,0.0,0.6191780821917808,0.1876027397260274,111109,557,0,0,OPTIMAL,6.874852863882208e7,3.933319132469031e7,2.9415337314131625e7,0.0,0.0,163306,463834,OPTIMAL,7.046275047699162e7,3.933319132469031e7,3.1129559152302537e7,0.0,0.0,1489306,3959534,0.0,0.0,0.005254542,0.144972583,0.181783667,0.949823125,30.745674958,0.272639833
tyndp/gep_40_24_hierarchical_dirac_0.01,643543,40,24,hierarchical,dirac,unscaled,0.01,128.04989377589902,119.2155980292,1.7938922549449896,66.45638705478206,1.1304446787386533,40,1.0,1.0,0.0,0.0,0.025,0,0,0,0,OPTIMAL,6.0143575371111915e7,4.039781905566931e7,1.9745756315443493e7,0.0,0.0,163306,463834,OPTIMAL,8.091338310451669e7,4.039781905566931e7,4.0515564048845775e7,0.0,0.0,1489306,3959534,0.0,0.0,0.0053185,0.216621042,1.833e-6,0.944920625,12.325965542,0.272639833
tyndp/gep_40_24_hierarchical_convex_0.01,643543,40,24,hierarchical,convex,unscaled,0.01,92.77481572593086,119.2155980292,1.7938922549449896,66.45638705478206,1.1304446787386533,40,1.0,1.0000000000000002,0.0,0.0,0.1847945205479452,114125,543,0,0,OPTIMAL,5.985627037773997e7,4.008986865601726e7,1.9766401721723262e7,0.0,0.0,163306,463834,OPTIMAL,7.965523213398758e7,4.008986865601726e7,3.956536347798391e7,0.0,0.0,1489306,3959534,0.0,0.0,0.005434167,0.224535709,0.166006166,1.013413417,27.320339834,0.272639833
tyndp/gep_40_24_hierarchical_conical_0.01,643543,40,24,hierarchical,conical,unscaled,0.01,90.63715227285374,119.2155980292,1.7938922549449896,66.45638705478206,1.1304446787386533,40,1.0166390461653814,1.2212084274111596,0.5698630136986301,0.32054794520547947,0.1882876712328767,119021,572,0,0,OPTIMAL,5.994846657421559e7,3.995657740658755e7,1.9991889167627506e7,0.0,0.0,163306,463834,OPTIMAL,7.813532771793051e7,3.995657740658755e7,3.81787503113089e7,0.0,0.0,1489306,3959534,0.0,0.0,0.005261458,0.143707542,0.093734792,0.997232042,22.763346667,0.272639833
tyndp/gep_40_24_hierarchical_conical_bounded_0.01,643543,40,24,hierarchical,conical_bounded,unscaled,0.01,92.2809047950223,119.2155980292,1.7938922549449896,66.45638705478206,1.1304446787386533,40,0.9775985728945804,1.0000000000000002,0.0,0.5863013698630137,0.18164383561643835,114975,597,0,0,OPTIMAL,5.974018331907974e7,4.012433325666372e7,1.961585006241606e7,0.0,0.0,163306,463834,OPTIMAL,7.994958620443533e7,4.012433325666372e7,3.982525294775583e7,0.0,0.0,1489306,3959534,0.0,0.0,0.005218667,0.224648125,0.169538375,0.983841291,21.239240291,0.272639833
tyndp/gep_40_24_chronological_dirac_0.01,643543,40,24,chronological,dirac,unscaled,0.01,146.0558448163016,119.46740856251007,1.874511243723323,63.7325644018081,1.114618431687072,40,1.0,1.0,0.0,0.0,0.025,0,0,0,0,OPTIMAL,6.643809449945141e7,4.543996497494874e7,2.0998129524503015e7,0.0,0.0,163306,463834,OPTIMAL,7.654956706725174e7,4.543996497494874e7,3.110960209231471e7,0.0,0.0,1489306,3959534,0.0,0.0,0.005277959,0.183050542,1.375e-6,0.895080834,6.3358585,0.272639833
tyndp/gep_40_24_chronological_convex_0.01,643543,40,24,chronological,convex,unscaled,0.01,98.07287018154692,119.46740856251007,1.874511243723323,63.7325644018081,1.114618431687072,40,1.0,1.0000000000000002,0.0,0.0,0.17691780821917807,117114,581,0,0,OPTIMAL,6.470377563630682e7,4.3144221813291095e7,2.1559553823014762e7,0.0,0.0,163306,463834,OPTIMAL,7.692396115918173e7,4.3144221813291095e7,3.377973934587947e7,0.0,0.0,1489306,3959534,0.0,0.0,0.005108333,0.277064,0.689637542,1.082313042,26.578234125,0.272639833
tyndp/gep_40_24_chronological_conical_0.01,643543,40,24,chronological,conical,unscaled,0.01,95.45348337574472,119.46740856251007,1.874511243723323,63.7325644018081,1.114618431687072,40,1.0031759752775053,1.2496161587394352,0.4794520547945205,0.410958904109589,0.1834931506849315,119779,556,0,0,OPTIMAL,6.49344677052658e7,4.3907155530697845e7,2.1027312174567588e7,0.0,0.0,163306,463834,OPTIMAL,7.617682279492751e7,4.3907155530697845e7,3.2269667264244918e7,0.0,0.0,1489306,3959534,0.0,0.0,0.005278125,0.14296975,0.1296045,1.003211166,26.065200292,0.272639833
tyndp/gep_40_24_chronological_conical_bounded_0.01,643543,40,24,chronological,conical_bounded,unscaled,0.01,97.01085059757075,119.46740856251007,1.874511243723323,63.7325644018081,1.114618431687072,40,0.969774719244685,1.0000000000000002,0.0,0.6164383561643836,0.17705479452054795,116340,553,0,0,OPTIMAL,6.438626727925801e7,4.308728267732713e7,2.129898460193191e7,0.0,0.0,163306,463834,OPTIMAL,7.52027786398319e7,4.308728267732713e7,3.2115495962499905e7,0.0,0.0,1489306,3959534,0.0,0.0,0.005229792,0.206654,0.198598958,0.940469125,20.476399375,0.272639833
tyndp/gep_40_24_convex_hull_dirac_0.01,643543,40,24,convex_hull,dirac,unscaled,0.01,138.78033149190352,123.85959528003053,2.3351492578973954,53.0414040392243,1.1669489617998396,40,1.0,1.0,0.0,0.0,0.025,0,0,7405,6050,OPTIMAL,6.873704774441019e7,4.101024064184925e7,2.7726807102560807e7,0.0,0.0,163306,463834,OPTIMAL,6.880930791693462e7,4.101024064184925e7,2.7799067275074296e7,0.0,0.0,1489306,3959534,0.0,0.0,0.005254542,1.102301917,1.916e-6,0.931740959,14.619605667,0.272639833
tyndp/gep_40_24_convex_hull_convex_0.01,643543,40,24,convex_hull,convex,unscaled,0.01,89.29224090105558,123.85959528003053,2.3351492578973954,53.0414040392243,1.1669489617998396,40,1.0,1.0000000000000002,0.0,0.0,0.2095890410958904,106196,482,7405,6050,OPTIMAL,7.38660687439665e7,4.164238279257903e7,3.2223685951387603e7,0.0,0.0,163306,463834,OPTIMAL,6.81286481254218e7,4.164238279257903e7,2.648626533282681e7,0.0,0.0,1489306,3959534,0.0,0.0,0.005529667,1.118870291,0.159038541,1.01311825,25.504382083,0.272639833
tyndp/gep_40_24_convex_hull_conical_0.01,643543,40,24,convex_hull,conical,unscaled,0.01,87.67789125543483,123.85959528003053,2.3351492578973954,53.0414040392243,1.1669489617998396,40,1.0063644968084586,1.1718591870763044,0.4876712328767123,0.40273972602739727,0.2156164383561644,108487,531,7405,6050,OPTIMAL,7.509445870203322e7,4.2223720605581895e7,3.2870738096452404e7,0.0,0.0,163306,463834,OPTIMAL,6.793145919834478e7,4.2223720605581895e7,2.5707738592747368e7,0.0,0.0,1489306,3959534,0.0,0.0,0.005210917,1.100808125,0.100523917,1.004851959,30.951707083,0.272639833
tyndp/gep_40_24_convex_hull_conical_bounded_0.01,643543,40,24,convex_hull,conical_bounded,unscaled,0.01,88.74997129606191,123.85959528003053,2.3351492578973954,53.0414040392243,1.1669489617998396,40,0.974272853372811,1.0000000000000002,0.0,0.6547945205479452,0.20767123287671233,106226,460,7405,6050,OPTIMAL,7.328165602658673e7,4.170233462466932e7,3.1579321401918028e7,0.0,0.0,163306,463834,OPTIMAL,6.814059292237833e7,4.170233462466932e7,2.6438258297711708e7,0.0,0.0,1489306,3959534,0.0,0.0,0.005236292,1.05441,0.173622666,1.015970459,27.075880875,0.272639833
tyndp/gep_40_24_convex_hull_with_null_dirac_0.01,643543,40,24,convex_hull_with_null,dirac,unscaled,0.01,138.77072091401132,125.95690605211527,2.07646894430569,60.65918124974971,1.1631363596400013,40,1.0,1.0,0.0,0.0,0.025,0,0,7899,5921,OPTIMAL,6.855806482941401e7,4.1733293665098034e7,2.6824771164316077e7,0.0,0.0,163306,463834,OPTIMAL,6.759133390602829e7,4.1733293665098034e7,2.5858040240942456e7,0.0,0.0,1489306,3959534,0.0,0.0,0.005184417,1.70396475,1.875e-6,0.871306292,12.742822125,0.272639833
tyndp/gep_40_24_convex_hull_with_null_convex_0.01,643543,40,24,convex_hull_with_null,convex,unscaled,0.01,90.00144864099636,125.95690605211527,2.07646894430569,60.65918124974971,1.1631363596400013,40,1.0,1.0000000000000002,0.0,0.0,0.203013698630137,105465,496,7899,5921,OPTIMAL,7.521181848098324e7,4.3492116483072445e7,3.1719701997911073e7,0.0,0.0,163306,463834,OPTIMAL,6.811623855624157e7,4.3492116483072445e7,2.462412207312984e7,0.0,0.0,1489306,3959534,0.0,0.0,0.005189333,1.671199292,0.139367792,0.935421584,29.954567458,0.272639833
tyndp/gep_40_24_convex_hull_with_null_conical_0.01,643543,40,24,convex_hull_with_null,conical,unscaled,0.01,87.51037271184231,125.95690605211527,2.07646894430569,60.65918124974971,1.1631363596400013,40,0.9913680909438963,1.181540816191668,0.4054794520547945,0.4849315068493151,0.20856164383561643,109329,504,7899,5921,OPTIMAL,7.578950456781694e7,4.34580662709504e7,3.233143829686565e7,0.0,0.0,163306,463834,OPTIMAL,6.824446693029642e7,4.34580662709504e7,2.4786400659357086e7,0.0,0.0,1489306,3959534,0.0,0.0,0.005558792,1.078687417,0.099356291,0.941162875,27.617094209,0.272639833
tyndp/gep_40_24_convex_hull_with_null_conical_bounded_0.01,643543,40,24,convex_hull_with_null,conical_bounded,unscaled,0.01,88.63070080435554,125.95690605211527,2.07646894430569,60.65918124974971,1.1631363596400013,40,0.9637396108623202,1.0000000000000002,0.0,0.7178082191780822,0.2028082191780822,106351,496,7899,5921,OPTIMAL,7.409312241129659e7,4.349988933608119e7,3.0593233075215653e7,0.0,0.0,163306,463834,OPTIMAL,6.816115128816362e7,4.349988933608119e7,2.466126195208656e7,0.0,0.0,1489306,3959534,0.0,0.0,0.005264208,1.12293475,0.16364225,1.006854208,26.360398541,0.272639833
tyndp/gep_40_24_conical_hull_dirac_0.01,643543,40,24,conical_hull,dirac,unscaled,0.01,139.87441762880084,105.29974022877614,2.1412003777594686,49.17790101408481,1.2028476851372187,40,1.0,1.0,0.0,0.0,0.025,0,0,7113,6342,OPTIMAL,7.029662932748917e7,4.257490768627828e7,2.772172164121207e7,0.0,0.0,163306,463834,OPTIMAL,7.18120854292476e7,4.257490768627828e7,2.9237177742988706e7,0.0,0.0,1489306,3959534,0.0,0.0,0.005235833,1.362489833,1.958e-6,0.869112667,11.600140875,0.272639833
tyndp/gep_40_24_conical_hull_convex_0.01,643543,40,24,conical_hull,convex,unscaled,0.01,96.23913320758587,105.29974022877614,2.1412003777594686,49.17790101408481,1.2028476851372187,40,1.0,1.0000000000000002,0.0,0.0,0.19904109589041097,89640,440,7113,6342,OPTIMAL,7.617121333050747e7,4.329593090862207e7,3.2875282421885263e7,0.0,0.0,163306,463834,OPTIMAL,7.36914854603374e7,4.329593090862207e7,3.0395554551703643e7,0.0,0.0,1489306,3959534,0.0,0.0,0.00516925,1.3276265,0.131611292,0.920628542,27.620136875,0.272639833
tyndp/gep_40_24_conical_hull_conical_0.01,643543,40,24,conical_hull,conical,unscaled,0.01,88.72259147633656,105.29974022877614,2.1412003777594686,49.17790101408481,1.2028476851372187,40,1.0965333784697762,1.3746982494220412,0.7945205479452054,0.0958904109589041,0.2263013698630137,98713,500,7113,6342,OPTIMAL,7.876769284698465e7,4.520519978821656e7,3.356249305876779e7,0.0,0.0,163306,463834,OPTIMAL,7.40141813581168e7,4.520519978821656e7,2.8808981569934525e7,0.0,0.0,1489306,3959534,0.0,0.0,0.005458917,0.667517333,0.091542084,1.068163833,23.175864291,0.272639833
tyndp/gep_40_24_conical_hull_conical_bounded_0.01,643543,40,24,conical_hull,conical_bounded,unscaled,0.01,96.41125712139318,105.29974022877614,2.1412003777594686,49.17790101408481,1.2028476851372187,40,0.9920113387046863,1.0000000000000002,0.0,0.5095890410958904,0.19815068493150684,89937,440,7113,6342,OPTIMAL,7.607205532557695e7,4.3257909444760494e7,3.2814145880816408e7,0.0,0.0,163306,463834,OPTIMAL,7.30837113743984e7,4.3257909444760494e7,2.9825801929625064e7,0.0,0.0,1489306,3959534,0.0,0.0,0.005421958,0.66693475,0.143025958,1.02618525,27.404997,0.272639833
tyndp/gep_80_24_k_means_dirac_0.01,643543,80,24,k_means,dirac,unscaled,0.01,89.92280912411157,168.80885601171448,0.6137699452359573,275.0360413083077,1.092433808888622,80,1.0,1.0,0.0,0.0,0.0125,0,0,0,0,OPTIMAL,5.749138429444925e7,3.7033739009762794e7,2.045764528468365e7,0.0,0.0,326506,894074,OPTIMAL,8.325431199396807e7,3.7033739009762794e7,4.622057298421222e7,0.0,0.0,1489306,3959534,0.0,0.0,0.005506,0.154653792,1.833e-6,1.540353959,39.782338708,0.272639833
tyndp/gep_80_24_k_means_convex_0.01,643543,80,24,k_means,convex,unscaled,0.01,81.98868278174574,168.80885601171448,0.6137699452359573,275.0360413083077,1.092433808888622,80,1.0,1.0000000000000002,0.0,0.0,0.06472602739726027,186139,1069,0,0,OPTIMAL,5.965878473829373e7,3.81294192585087e7,2.15293654797865e7,0.0,0.0,326506,894074,OPTIMAL,7.7412933721569e7,3.81294192585087e7,3.928351446306424e7,0.0,0.0,1489306,3959534,0.0,0.0,0.005480208,0.206788084,0.600649208,1.572225208,104.897227791,0.272639833
tyndp/gep_80_24_k_means_conical_0.01,643543,80,24,k_means,conical,unscaled,0.01,80.01492216811486,168.80885601171448,0.6137699452359573,275.0360413083077,1.092433808888622,80,1.0156065406489427,1.187205689343031,0.6273972602739726,0.34794520547945207,0.06609589041095891,197762,1106,0,0,OPTIMAL,6.018364762362275e7,3.836001301576188e7,2.1823634607860714e7,0.0,0.0,326506,894074,OPTIMAL,7.622349797987665e7,3.836001301576188e7,3.786348496413667e7,0.0,0.0,1489306,3959534,0.0,0.0,0.005327959,0.166404291,1.199352416,1.753732083,99.691880333,0.272639833
tyndp/gep_80_24_k_means_conical_bounded_0.01,643543,80,24,k_means,conical_bounded,unscaled,0.01,81.48511902182179,168.80885601171448,0.6137699452359573,275.0360413083077,1.092433808888622,80,0.9819668606557912,1.0000000000000002,0.0,0.6,0.06301369863013699,185923,1037,0,0,OPTIMAL,5.940621879934414e7,3.802487901910386e7,2.138133978023991e7,0.0,0.0,326506,894074,OPTIMAL,7.758192632764274e7,3.802487901910386e7,3.9557047308536485e7,0.0,0.0,1489306,3959534,0.0,0.0,0.005221875,0.205291875,0.6116475,2.132612666,113.560743458,0.272639833
tyndp/gep_80_24_k_medoids_dirac_0.01,643543,80,24,k_medoids,dirac,unscaled,0.01,113.33081188713506,169.0541309249059,1.2946652455886256,130.57748441223094,1.14273793234522,80,1.0,1.0,0.0,0.0,0.0125,0,0,0,0,OPTIMAL,6.45849895102806e7,4.011271211926432e7,2.4472277391014043e7,0.0,0.0,326506,894074,OPTIMAL,6.904076126592383e7,4.011271211926432e7,2.8928049146664493e7,0.0,0.0,1489306,3959534,0.0,0.0,0.005300916,0.168699417,1.083e-6,1.608971792,45.356727209,0.272639833
tyndp/gep_80_24_k_medoids_convex_0.01,643543,80,24,k_medoids,convex,unscaled,0.01,80.79545212237294,169.0541309249059,1.2946652455886256,130.57748441223094,1.14273793234522,80,1.0,1.0000000000000002,0.0,0.0,0.09924657534246575,155688,924,0,0,OPTIMAL,6.906678237583113e7,4.163699539125718e7,2.7429786984574523e7,0.0,0.0,326506,894074,OPTIMAL,6.887504047624944e7,4.163699539125718e7,2.723804508500332e7,0.0,0.0,1489306,3959534,0.0,0.0,0.005277,0.154964959,0.539039125,2.161211333,135.036444,0.272639833
tyndp/gep_80_24_k_medoids_conical_0.01,643543,80,24,k_medoids,conical,unscaled,0.01,78.8746170066029,169.0541309249059,1.2946652455886256,130.57748441223094,1.14273793234522,80,1.007113926952817,1.2472117026303926,0.4438356164383562,0.336986301369863,0.10345890410958904,157487,919,0,0,OPTIMAL,7.031371082436082e7,4.177155186644276e7,2.8542158957918316e7,0.0,0.0,326506,894074,OPTIMAL,6.890253078138375e7,4.177155186644276e7,2.713097891491563e7,0.0,0.0,1489306,3959534,0.0,0.0,0.005444625,0.185980166,0.31874725,1.6828425,102.519386958,0.272639833
tyndp/gep_80_24_k_medoids_conical_bounded_0.01,643543,80,24,k_medoids,conical_bounded,unscaled,0.01,80.25710717372424,169.0541309249059,1.2946652455886256,130.57748441223094,1.14273793234522,80,0.976973861240395,1.0,0.0,0.6109589041095891,0.0983904109589041,155135,924,0,0,OPTIMAL,6.83972473310195e7,4.163876313843777e7,2.6758484192581166e7,0.0,0.0,326506,894074,OPTIMAL,6.93441628824444e7,4.163876313843777e7,2.7705399743983224e7,0.0,0.0,1489306,3959534,0.0,0.0,0.005198583,0.171670917,0.533869541,2.1975145,106.753286625,0.272639833
tyndp/gep_80_24_hierarchical_dirac_0.01,643543,80,24,hierarchical,dirac,unscaled,0.01,113.72920732598597,170.36269961552966,1.3043201231670345,130.61417714070842,1.13397179757656,80,1.0,1.0,0.0,0.0,0.0125,0,0,0,0,OPTIMAL,6.5122152440331705e7,4.1181985564738534e7,2.3940166875593666e7,0.0,0.0,326506,894074,OPTIMAL,6.874593075759149e7,4.1181985564738534e7,2.7563945192841135e7,0.0,0.0,1489306,3959534,0.0,0.0,0.005225208,0.161896334,2.083e-6,2.174419167,35.294942666,0.272639833
tyndp/gep_80_24_hierarchical_convex_0.01,643543,80,24,hierarchical,convex,unscaled,0.01,80.78442736452118,170.36269961552966,1.3043201231670345,130.61417714070842,1.13397179757656,80,1.0,1.0000000000000002,0.0,0.0,0.09708904109589041,155918,899,0,0,OPTIMAL,6.588956228048845e7,4.1425577107581526e7,2.4463985172906104e7,0.0,0.0,326506,894074,OPTIMAL,6.815597401634693e7,4.1425577107581526e7,2.6730396908752706e7,0.0,0.0,1489306,3959534,0.0,0.0,0.005419667,0.162406458,0.520994166,1.769679792,72.702473458,0.272639833
tyndp/gep_80_24_hierarchical_conical_0.01,643543,80,24,hierarchical,conical,unscaled,0.01,79.03569032469335,170.36269961552966,1.3043201231670345,130.61417714070842,1.13397179757656,80,1.0095657313760187,1.1628735969256112,0.4547945205479452,0.32602739726027397,0.09976027397260274,157544,913,0,0,OPTIMAL,6.637278973613191e7,4.124144639836764e7,2.513134333776411e7,0.0,0.0,326506,894074,OPTIMAL,6.808138159080657e7,4.124144639836764e7,2.6839935192427535e7,0.0,0.0,1489306,3959534,0.0,0.0,0.0052215,0.191321042,0.3247215,2.262009166,86.827048084,0.272639833
tyndp/gep_80_24_hierarchical_conical_bounded_0.01,643543,80,24,hierarchical,conical_bounded,unscaled,0.01,80.3787820627736,170.36269961552966,1.3043201231670345,130.61417714070842,1.13397179757656,80,0.9789060971143125,1.0000000000000002,0.0,0.6082191780821918,0.09599315068493151,153451,850,0,0,OPTIMAL,6.550398141324275e7,4.144960463151583e7,2.405437678172693e7,0.0,0.0,326506,894074,OPTIMAL,6.798641208414106e7,4.144960463151583e7,2.6536807452615693e7,0.0,0.0,1489306,3959534,0.0,0.0,0.005460333,0.161185959,0.516731458,2.202818708,102.288637667,0.272639833
tyndp/gep_80_24_chronological_dirac_0.01,643543,80,24,chronological,dirac,unscaled,0.01,132.5149516242784,168.22273902073215,1.2935607448372204,130.04626160165446,1.133045528871357,80,1.0,1.0,0.0,0.0,0.0125,0,0,0,0,OPTIMAL,6.349079105922315e7,4.2023100110705525e7,2.1467690948516686e7,0.0,0.0,326506,894074,OPTIMAL,6.926207939632674e7,4.2023100110705525e7,2.7238979285627283e7,0.0,0.0,1489306,3959534,0.0,0.0,0.005235708,0.717793333,9.17e-7,1.843273584,12.770264584,0.272639833
tyndp/gep_80_24_chronological_convex_0.01,643543,80,24,chronological,convex,unscaled,0.01,82.57829987138432,168.22273902073215,1.2935607448372204,130.04626160165446,1.133045528871357,80,1.0,1.0000000000000002,0.0,0.0,0.0958904109589041,156275,838,0,0,OPTIMAL,6.3050102546617985e7,4.189251793815044e7,2.1157584608466823e7,0.0,0.0,326506,894074,OPTIMAL,6.863162123875307e7,4.189251793815044e7,2.673910330058747e7,0.0,0.0,1489306,3959534,0.0,0.0,0.005278209,0.141918875,0.547068125,1.666082792,72.254875125,0.272639833
tyndp/gep_80_24_chronological_conical_0.01,643543,80,24,chronological,conical,unscaled,0.01,80.63000256023693,168.22273902073215,1.2935607448372204,130.04626160165446,1.133045528871357,80,1.011109392182606,1.2370219491261112,0.4712328767123288,0.3095890410958904,0.09976027397260274,159264,820,0,0,OPTIMAL,6.325167898026351e7,4.1743616653838985e7,2.1508062326425605e7,0.0,0.0,326506,894074,OPTIMAL,6.869082967440496e7,4.1743616653838985e7,2.6947213020558544e7,0.0,0.0,1489306,3959534,0.0,0.0,0.005506459,0.190515542,0.321231667,1.671635584,85.620543708,0.272639833
tyndp/gep_80_24_chronological_conical_bounded_0.01,643543,80,24,chronological,conical_bounded,unscaled,0.01,82.14046919388896,168.22273902073215,1.2935607448372204,130.04626160165446,1.133045528871357,80,0.9782432610960463,1.0000000000000002,0.0,0.5972602739726027,0.09547945205479452,154763,781,0,0,OPTIMAL,6.287749485436515e7,4.187139386502615e7,2.1006100989339095e7,0.0,0.0,326506,894074,OPTIMAL,6.866947352589045e7,4.187139386502615e7,2.6798079660834912e7,0.0,0.0,1489306,3959534,0.0,0.0,0.005522416,0.188015458,0.519317167,2.186157291,71.931310416,0.272639833
tyndp/gep_80_24_convex_hull_dirac_0.01,643543,80,24,convex_hull,dirac,unscaled,0.01,121.03648867596155,174.67224377164183,1.3213764114021769,132.18961854047978,1.1598754190636968,80,1.0,1.0,0.0,0.0,0.0125,0,0,17542,8133,OPTIMAL,6.713413839490172e7,4.2683506067588486e7,2.4450632327312335e7,0.0,0.0,326506,894074,OPTIMAL,6.680844005710743e7,4.2683506067588486e7,2.4124933989496127e7,0.0,0.0,1489306,3959534,0.0,0.0,0.00522825,3.253574125,2.25e-6,1.602395709,36.440849958,0.272639833
tyndp/gep_80_24_convex_hull_convex_0.01,643543,80,24,convex_hull,convex,unscaled,0.01,76.24559747551422,174.67224377164183,1.3213764114021769,132.18961854047978,1.1598754190636968,80,1.0,1.0000000000000002,0.0,0.0,0.10578767123287672,149807,773,17542,8133,OPTIMAL,7.166436401435119e7,4.3560917233634725e7,2.8103446780715387e7,0.0,0.0,326506,894074,OPTIMAL,6.715984132611911e7,4.3560917233634725e7,2.3598924092463426e7,0.0,0.0,1489306,3959534,0.0,0.0,0.005237209,4.136779666,0.453522791,1.614772334,113.864310959,0.272639833
tyndp/gep_80_24_convex_hull_conical_0.01,643543,80,24,convex_hull,conical,unscaled,0.01,74.79477518761122,174.67224377164183,1.3213764114021769,132.18961854047978,1.1598754190636968,80,1.003561799672319,1.1758907117750377,0.4136986301369863,0.36712328767123287,0.10948630136986301,153111,864,17542,8133,OPTIMAL,7.268887824737665e7,4.3600473450463146e7,2.9088404796914365e7,0.0,0.0,326506,894074,OPTIMAL,6.720628725781894e7,4.3600473450463146e7,2.3605813807360947e7,0.0,0.0,1489306,3959534,0.0,0.0,0.005261042,3.151236625,0.30561725,1.652500875,75.7611955,0.272639833
tyndp/gep_80_24_convex_hull_conical_bounded_0.01,643543,80,24,convex_hull,conical_bounded,unscaled,0.01,75.90586570497565,174.67224377164183,1.3213764114021769,132.18961854047978,1.1598754190636968,80,0.9770653157111837,1.0000000000000002,0.0,0.663013698630137,0.105,151362,842,17542,8133,OPTIMAL,7.116233637190878e7,4.355297341490614e7,2.760936295700427e7,0.0,0.0,326506,894074,OPTIMAL,6.716953496960512e7,4.355297341490614e7,2.3616561554667346e7,0.0,0.0,1489306,3959534,0.0,0.0,0.005250708,3.218090125,0.507933209,2.183936542,108.12983775,0.272639833
tyndp/gep_80_24_convex_hull_with_null_dirac_0.01,643543,80,24,convex_hull_with_null,dirac,unscaled,0.01,122.01162424541639,176.73837284561597,1.375262300943809,128.51248283641945,1.1575145421185942,80,1.0,1.0,0.0,0.0,0.0125,0,0,18099,7941,OPTIMAL,6.77146328598564e7,4.3045609754925415e7,2.4669023104930125e7,0.0,0.0,326506,894074,OPTIMAL,6.682382532557149e7,4.3045609754925415e7,2.377821557061861e7,0.0,0.0,1489306,3959534,0.0,0.0,0.005439,3.993261375,8.75e-7,1.461763833,33.96997925,0.272639833
tyndp/gep_80_24_convex_hull_with_null_convex_0.01,643543,80,24,convex_hull_with_null,convex,unscaled,0.01,77.56494779908158,176.73837284561597,1.375262300943809,128.51248283641945,1.1575145421185942,80,1.0,1.0000000000000002,0.0,0.0,0.10568493150684931,151221,799,18099,7941,OPTIMAL,7.333774604311283e7,4.377731723609517e7,2.9560428807017475e7,0.0,0.0,326506,894074,OPTIMAL,6.719305031934331e7,4.377731723609517e7,2.3415733083249334e7,0.0,0.0,1489306,3959534,0.0,0.0,0.005221708,3.178846292,0.499642083,1.64818325,62.564512167,0.272639833
tyndp/gep_80_24_convex_hull_with_null_conical_0.01,643543,80,24,convex_hull_with_null,conical,unscaled,0.01,75.22439458441359,176.73837284561597,1.375262300943809,128.51248283641945,1.1575145421185942,80,0.9841228177690953,1.1747577867639074,0.3178082191780822,0.46301369863013697,0.10732876712328768,152995,873,18099,7941,OPTIMAL,7.373867125988509e7,4.372218304942098e7,3.0016488210462652e7,0.0,0.0,326506,894074,OPTIMAL,6.720927750020286e7,4.372218304942098e7,2.3487094450799413e7,0.0,0.0,1489306,3959534,0.0,0.0,0.005513209,3.358767875,0.303937417,1.734671125,120.664034583,0.272639833
tyndp/gep_80_24_convex_hull_with_null_conical_bounded_0.01,643543,80,24,convex_hull_with_null,conical_bounded,unscaled,0.01,76.12582312058423,176.73837284561597,1.375262300943809,128.51248283641945,1.1575145421185942,80,0.963677835494652,1.0000000000000002,0.0,0.7041095890410959,0.10404109589041095,150944,801,18099,7941,OPTIMAL,7.204739652232087e7,4.3711782806864865e7,2.833561371545461e7,0.0,0.0,326506,894074,OPTIMAL,6.714192676028636e7,4.3711782806864865e7,2.343014395345595e7,0.0,0.0,1489306,3959534,0.0,0.0,0.005390625,3.80784925,0.718913584,1.607938292,83.919405708,0.272639833
tyndp/gep_80_24_conical_hull_dirac_0.01,643543,80,24,conical_hull,dirac,unscaled,0.01,123.74263031794906,152.61513520481208,1.3660260652735423,111.72197887325919,1.1872714821214692,80,1.0,1.0,0.0,0.0,0.0125,0,0,17089,8586,OPTIMAL,6.94157047311124e7,4.3476163421323515e7,2.5939541309788387e7,0.0,0.0,326506,894074,OPTIMAL,6.813798576628457e7,4.3476163421323515e7,2.4661822344949767e7,0.0,0.0,1489306,3959534,0.0,0.0,0.005173917,1.557730917,1.958e-6,1.578127666,35.435140125,0.272639833
tyndp/gep_80_24_conical_hull_convex_0.01,643543,80,24,conical_hull,convex,unscaled,0.01,81.35704256450359,152.61513520481208,1.3660260652735423,111.72197887325919,1.1872714821214692,80,1.0,1.0000000000000004,0.0,0.0,0.10291095890410959,129990,741,17089,8586,OPTIMAL,7.200680271020158e7,4.3887634420894764e7,2.8119168289305687e7,0.0,0.0,326506,894074,OPTIMAL,6.812689472042924e7,4.3887634420894764e7,2.4239260299514506e7,0.0,0.0,1489306,3959534,0.0,0.0,0.005276542,2.602185958,0.386334958,1.687137375,98.344731166,0.272639833
tyndp/gep_80_24_conical_hull_conical_0.01,643543,80,24,conical_hull,conical,unscaled,0.01,75.6349854190382,152.61513520481208,1.3660260652735423,111.72197887325919,1.1872714821214692,80,1.0720180000398978,1.314457589772681,0.6958904109589041,0.08493150684931507,0.11393835616438357,141161,881,17089,8586,OPTIMAL,7.497884286365016e7,4.422233448476255e7,3.075650837888609e7,0.0,0.0,326506,894074,OPTIMAL,6.82708278950171e7,4.422233448476255e7,2.404849341024371e7,0.0,0.0,1489306,3959534,0.0,0.0,0.005148917,1.569006375,0.291259333,1.819086417,72.663662791,0.272639833
tyndp/gep_80_24_conical_hull_conical_bounded_0.01,643543,80,24,conical_hull,conical_bounded,unscaled,0.01,81.664482643011,152.61513520481208,1.3660260652735423,111.72197887325919,1.1872714821214692,80,0.9916686672394828,1.0000000000000002,0.0,0.5342465753424658,0.10246575342465754,129919,721,17089,8586,OPTIMAL,7.189204664013779e7,4.374569594462806e7,2.8146350695510432e7,0.0,0.0,326506,894074,OPTIMAL,6.803325424295896e7,4.374569594462806e7,2.4287558298334528e7,0.0,0.0,1489306,3959534,0.0,0.0,0.005187667,1.582245459,0.438403792,1.621916833,100.119262042,0.272639833
