name,seed,n_rep_periods,period_length,clustering_type,weight_type,normalization,tol,projection_error,sigma_max,sigma_min,kappa,stable_rank,numerical_rank,mean_weight_sum,max_weight_sum,frac_weight_sum_gt1,frac_weight_sum_lt1,weight_density,pgd_total_iters,pgd_max_iters_per_fit,cache_hits,cache_misses,termination_status,objective_value,cost_of_investment,cost_of_operations,cost_of_spillage,cost_of_borrow,n_variables,n_constraints,evaluation_termination_status,evaluated_objective_value,eval_cost_of_investment,eval_cost_of_operations,eval_cost_of_spillage,eval_cost_of_borrow,eval_n_variables,eval_n_constraints,total_spillage,total_borrow,time_to_preprocess,time_to_cluster,time_to_fit_weights,time_to_formulate_model,time_to_solve,time_to_read
tyndp/p2x_1_8760_k_means_dirac_0.01_economic,653657,1,8760,k_means,dirac,economic,0.01,0.0,1.0,1.0,1.0,1.0,1,1.0,1.0,0.0,0.0,1.0,0,0,0,0,OPTIMAL,2.5796645974282894e7,0.0,2.5789826867125563e7,0.0,6819.107160000018,5492686,11353433,N/A,,,,,,0,0,0.0,0.0,0.007900542,0.613797041,1.0e-6,19.307577708,63.597630917,0.566440209
tyndp/p2x_10_24_k_means_dirac_0.01_economic,653657,10,24,k_means,dirac,economic,0.01,6.81762005618821e6,3.881364673508561e6,48298.41170888772,80.36215966899643,1.0876614027730742,10,1.0,1.0,0.0,0.0,0.1,0,0,0,0,OPTIMAL,1.6647483992734041e7,0.0,1.616268388583904e7,0.0,2.9525625101034194e-10,202712,415081,OPTIMAL,2.8165093285912436e7,0.0,2.7476829777182624e7,0.0,688263.5087333161,5492686,11336278,3.950453203426652e7,68826.35087333158,0.008518208,0.483489458,1.083e-6,1.312936959,1.699108208,0.566440209
tyndp/p2x_10_24_k_means_convex_0.01_economic,653657,10,24,k_means,convex,economic,0.01,6.303578992195481e6,3.881364673508561e6,48298.41170888772,80.36215966899643,1.0876614027730742,10,1.0,1.0000000000000002,0.0,0.0,0.2706849315068493,166936,1421,0,0,OPTIMAL,1.7140199836747933e7,0.0,1.6676619368821869e7,0.0,-8.990667125775476e-10,202712,415081,OPTIMAL,2.7287423867857594e7,0.0,2.7275486240701657e7,0.0,11937.627159011035,5492686,11336278,4.9942984830279216e7,1193.762715901103,0.009014042,0.440673541,0.087350292,1.257451833,2.039210875,0.566440209
tyndp/p2x_10_24_k_means_conical_0.01_economic,653657,10,24,k_means,conical,economic,0.01,6.078327100692554e6,3.881364673508561e6,48298.41170888772,80.36215966899643,1.0876614027730742,10,1.015756255505983,1.2487618414132067,0.5972602739726027,0.40273972602739727,0.27479452054794523,194809,1909,0,0,OPTIMAL,1.777070313567221e7,0.0,1.7334397898530472e7,0.0,-2.7574588031187487e-8,202712,415081,OPTIMAL,2.8606590874944612e7,0.0,2.7370021317122582e7,0.0,1.236569557825276e6,5492686,11336278,4.768986433987822e7,123656.95578252786,0.009025041,0.452073875,0.050411584,2.184613958,2.041089125,0.566440209
tyndp/p2x_10_24_k_means_conical_bounded_0.01_economic,653657,10,24,k_means,conical_bounded,economic,0.01,6.230450411621064e6,3.881364673508561e6,48298.41170888772,80.36215966899643,1.0876614027730742,10,0.974251889707614,1.0000000000000002,0.0,0.43561643835616437,0.2671232876712329,174142,1532,0,0,OPTIMAL,1.56131025719778e7,0.0,1.522287058820338e7,0.0,1.0487024775838257e-10,202712,415081,OPTIMAL,2.7324762788540397e7,0.0,2.7312310628543854e7,0.0,12452.159999703465,5492686,11336278,5.693311582656756e7,1245.2159999703456,0.008715458,0.465324292,0.239487334,1.993738375,2.416013916,0.566440209
tyndp/p2x_10_24_k_medoids_dirac_0.01_economic,653657,10,24,k_medoids,dirac,economic,0.01,8.2285226611346295e6,4.005112137818668e6,182473.06369333298,21.949059531053422,1.1130110815614043,10,1.0,1.0,0.0,0.0,0.1,0,0,0,0,OPTIMAL,2.2981945106763687e7,0.0,2.0233902386763677e7,0.0,0.0,202712,415081,OPTIMAL,2.817935110861071e7,0.0,2.7778422860714674e7,0.0,400928.2478992682,5492686,11336278,4.988315522960226e7,40092.82478992681,0.009038708,0.436640125,1.667e-6,1.218375,1.682938791,0.566440209
tyndp/p2x_10_24_k_medoids_convex_0.01_economic,653657,10,24,k_medoids,convex,economic,0.01,6.892303016789635e6,4.005112137818668e6,182473.06369333298,21.949059531053422,1.1130110815614043,10,1.0,1.0000000000000002,0.0,0.0,0.4073972602739726,160002,724,0,0,OPTIMAL,2.3187521071071435e7,0.0,2.095054933932361e7,0.0,-3.808356134402011e-10,202712,415081,OPTIMAL,2.7549453639831875e7,0.0,2.7536348679834753e7,0.0,13104.96000042767,5492686,11336278,4.577152460125416e7,1310.4960000427673,0.008713916,0.428568708,0.065025875,2.158159208,2.299096542,0.566440209
tyndp/p2x_10_24_k_medoids_conical_0.01_economic,653657,10,24,k_medoids,conical,economic,0.01,6.708066542661889e6,4.005112137818668e6,182473.06369333298,21.949059531053422,1.1130110815614043,10,0.9881468763449031,1.206649296193543,0.4657534246575342,0.5068493150684932,0.40328767123287673,170127,812,0,0,OPTIMAL,2.268161962218345e7,0.0,2.0607130441721957e7,0.0,-9.291399598308542e-8,202712,415081,OPTIMAL,2.7896608581336033e7,0.0,2.7716143839247227e7,0.0,180464.74209208658,5492686,11336278,5.568086753561021e7,18046.474209208693,0.008856375,0.436478042,0.055003666,1.34822925,1.982442625,0.566440209
tyndp/p2x_10_24_k_medoids_conical_bounded_0.01_economic,653657,10,24,k_medoids,conical_bounded,economic,0.01,6.789999691832274e6,4.005112137818668e6,182473.06369333298,21.949059531053422,1.1130110815614043,10,0.958746198630391,1.0000000000000002,0.0,0.5534246575342465,0.4005479452054794,166205,720,0,0,OPTIMAL,2.137151345412186e7,0.0,1.9584332225298613e7,0.0,-1.164365474286263e-7,202712,415081,OPTIMAL,2.770041642089364e7,0.0,2.7689885772716973e7,0.0,10530.64817991775,5492686,11336278,6.151167128632806e7,1053.064817991773,0.00876625,0.4716785,0.074456708,2.189650292,2.000807542,0.566440209
tyndp/p2x_10_24_hierarchical_dirac_0.01_economic,653657,10,24,hierarchical,dirac,economic,0.01,8.556972958591342e6,3.797670250843443e6,153060.41711389853,24.811576516333684,1.1423954097853726,10,1.0,1.0,0.0,0.0,0.1,0,0,0,0,OPTIMAL,2.839441329292407e7,0.0,2.7399312652924072e7,0.0,0.0,202712,415081,OPTIMAL,2.8710262789782032e7,0.0,2.8104366631125364e7,0.0,605896.1586597115,5492686,11336278,5.4569481522178896e7,60589.61586597118,0.008733667,0.509863,1.875e-6,1.233189292,1.710442875,0.566440209
tyndp/p2x_10_24_hierarchical_convex_0.01_economic,653657,10,24,hierarchical,convex,economic,0.01,6.631029373478129e6,3.797670250843443e6,153060.41711389853,24.811576516333684,1.1423954097853726,10,1.0,1.0000000000000002,0.0,0.0,0.4208219178082192,162327,845,0,0,OPTIMAL,3.0953666179079738e7,0.0,3.0522594601548154e7,0.0,-1.6024255578474979e-9,202712,415081,OPTIMAL,2.7475657161497183e7,0.0,2.7466390601502042e7,0.0,9266.559998078883,5492686,11336278,5.759869615808081e7,926.6559998078912,0.008823125,0.435479708,0.255788709,2.183337625,2.499436167,0.566440209
tyndp/p2x_10_24_hierarchical_conical_0.01_economic,653657,10,24,hierarchical,conical,economic,0.01,6.39966383000002e6,3.797670250843443e6,153060.41711389853,24.811576516333684,1.1423954097853726,10,1.0088634901326547,1.2379270530255406,0.5424657534246575,0.4301369863013699,0.42383561643835616,170526,897,0,0,OPTIMAL,3.109784634322054e7,0.0,3.067350774841e7,0.0,-1.827453411765613e-8,202712,415081,OPTIMAL,2.7837099036921673e7,0.0,2.765222109025709e7,0.0,184877.94666754597,5492686,11336278,6.530120835244168e7,18487.794666754577,0.008863209,0.452650042,0.050432709,1.373825083,2.260378458,0.566440209
tyndp/p2x_10_24_hierarchical_conical_bounded_0.01_economic,653657,10,24,hierarchical,conical_bounded,economic,0.01,6.543594216455638e6,3.797670250843443e6,153060.41711389853,24.811576516333684,1.1423954097853726,10,0.9683510870836572,1.0,0.0,0.4986301369863014,0.40986301369863015,163324,846,0,0,OPTIMAL,2.8562564398607966e7,0.0,2.819216224476501e7,0.0,-1.167419986610194e-8,202712,415081,OPTIMAL,2.755449015405391e7,0.0,2.7544940234058324e7,0.0,9549.919998490093,5492686,11336278,5.801229025901916e7,954.9919998490102,0.008611083,0.456701708,0.104676209,1.404589583,2.917753458,0.566440209
tyndp/p2x_10_24_chronological_dirac_0.01_economic,653657,10,24,chronological,dirac,economic,0.01,9.717935335138237e6,3.7929445745789246e6,170252.84540288424,22.27830357609206,1.1242252340536343,10,1.0,1.0,0.0,0.0,0.1,0,0,0,0,OPTIMAL,2.4066564396329626e7,0.0,2.2609691436329845e7,0.0,0.0,202712,415081,OPTIMAL,2.857284977922598e7,0.0,2.8555265687803946e7,0.0,17584.091425233837,5492686,11336278,4.7374866633114465e7,1758.4091425233837,0.00870775,0.433898125,1.709e-6,1.218306583,1.385460417,0.566440209
tyndp/p2x_10_24_chronological_convex_0.01_economic,653657,10,24,chronological,convex,economic,0.01,7.280617758476818e6,3.7929445745789246e6,170252.84540288424,22.27830357609206,1.1242252340536343,10,1.0,1.0000000000000002,0.0,0.0,0.42191780821917807,182391,849,0,0,OPTIMAL,2.3344113652928676e7,0.0,2.20208522644885e7,0.0,3.1398871271686503e-8,202712,415081,OPTIMAL,2.7479227565746184e7,0.0,2.7465136067778863e7,0.0,14091.497970338052,5492686,11336278,4.980978059929241e7,1409.1497970338091,0.008716666,0.469690875,0.238407833,2.033886583,2.238767917,0.566440209
tyndp/p2x_10_24_chronological_conical_0.01_economic,653657,10,24,chronological,conical,economic,0.01,6.800663343570694e6,3.7929445745789246e6,170252.84540288424,22.27830357609206,1.1242252340536343,10,1.0124076564254392,1.2933402692614129,0.5698630136986301,0.40273972602739727,0.4208219178082192,187046,836,0,0,OPTIMAL,2.294027157238395e7,0.0,2.14714850135136e7,0.0,-9.30112655272119e-9,202712,415081,OPTIMAL,2.7890819069177113e7,0.0,2.7882248829180166e7,0.0,8570.240000163858,5492686,11336278,5.255712660131119e7,857.0240000163856,0.008792084,0.433450125,0.063477958,1.279181416,2.169672708,0.566440209
tyndp/p2x_10_24_chronological_conical_bounded_0.01_economic,653657,10,24,chronological,conical_bounded,economic,0.01,7.064941865239837e6,3.7929445745789246e6,170252.84540288424,22.27830357609206,1.1242252340536343,10,0.9580083955508035,1.0,0.0,0.4410958904109589,0.4128767123287671,181872,872,0,0,OPTIMAL,2.0788257201383643e7,0.0,1.9585937373794943e7,0.0,8.163650624174438e-9,202712,415081,OPTIMAL,2.7565014456926595e7,0.0,2.755488295635165e7,0.0,10131.500577799838,5492686,11336278,4.066740148858485e7,1013.1500577799839,0.008938792,0.484142,0.114056167,1.393420625,2.875154208,0.566440209
tyndp/p2x_10_24_convex_hull_dirac_0.01_economic,653657,10,24,convex_hull,dirac,economic,0.01,9.61237041988438e6,3.929875912261627e6,212290.88530548676,18.511750547398833,1.2165466398463007,10,1.0,1.0,0.0,0.0,0.1,0,0,956,2284,OPTIMAL,4.436103188771838e7,0.0,4.236271220771813e7,0.0,0.0,202712,415081,OPTIMAL,2.8753389080524214e7,0.0,2.7689490374074493e7,0.0,1.0638987064531217e6,5492686,11336278,6.020177577501723e7,106389.87064531216,0.008714166,1.982131166,1.459e-6,1.229714333,1.585307083,0.566440209
tyndp/p2x_10_24_convex_hull_convex_0.01_economic,653657,10,24,convex_hull,convex,economic,0.01,6.136420537725473e6,3.929875912261627e6,212290.88530548676,18.511750547398833,1.2165466398463007,10,1.0,1.0000000000000002,0.0,0.0,0.503013698630137,126025,650,956,2284,OPTIMAL,6.217569824922854e7,0.0,6.068030884086587e7,0.0,3.7872348439298625e-8,202712,415081,OPTIMAL,2.7229303899987902e7,0.0,2.7215170779991563e7,0.0,14133.119999552931,5492686,11336278,5.420537727920454e7,1413.31199995529,0.008966,0.737271083,0.066651459,1.314388958,2.226028041,0.566440209
tyndp/p2x_10_24_convex_hull_conical_0.01_economic,653657,10,24,convex_hull,conical,economic,0.01,5.951113853215135e6,3.929875912261627e6,212290.88530548676,18.511750547398833,1.2165466398463007,10,0.9804465388919459,1.2297366124663764,0.4191780821917808,0.5534246575342465,0.4926027397260274,133382,679,956,2284,OPTIMAL,5.8927820673791185e7,0.0,5.7522954438471444e7,0.0,-1.7434242799853576e-8,202712,415081,OPTIMAL,2.7323680839115005e7,0.0,2.7313223339555025e7,0.0,10457.499563253208,5492686,11336278,6.137829289055706e7,1045.7499563253114,0.008882916,0.833825333,0.850264833,1.516442709,2.206609417,0.566440209
tyndp/p2x_10_24_convex_hull_conical_bounded_0.01_economic,653657,10,24,convex_hull,conical_bounded,economic,0.01,6.009878311298151e6,3.929875912261627e6,212290.88530548676,18.511750547398833,1.2165466398463007,10,0.9549425998210911,1.0000000000000002,0.0,0.6383561643835617,0.48712328767123286,127952,632,956,2284,OPTIMAL,5.478531416973204e7,0.0,5.343362293645647e7,0.0,3.610067655300756e-8,202712,415081,OPTIMAL,2.7286710905590806e7,0.0,2.727565138559431e7,0.0,11059.519999753173,5492686,11336278,6.975924420737219e7,1105.9519999753252,0.008632709,0.721403292,0.069627,1.287342708,2.415147292,0.566440209
tyndp/p2x_10_24_convex_hull_with_null_dirac_0.01_economic,653657,10,24,convex_hull_with_null,dirac,economic,0.01,9.88713025339786e6,4.086957327555867e6,181705.4253901496,22.492214081007972,1.21954526910791,10,1.0,1.0,0.0,0.0,0.1,0,0,1019,2586,OPTIMAL,3.791138900985201e7,0.0,3.671029844985202e7,0.0,0.0,202712,415081,OPTIMAL,2.8434679808265574e7,0.0,2.800986589135277e7,0.0,424813.9169161792,5492686,11336278,6.066046938272364e7,42481.39169161789,0.008689792,1.763571334,1.125e-6,1.378574917,1.734217042,0.566440209
tyndp/p2x_10_24_convex_hull_with_null_convex_0.01_economic,653657,10,24,convex_hull_with_null,convex,economic,0.01,6.492315725041529e6,4.086957327555867e6,181705.4253901496,22.492214081007972,1.21954526910791,10,1.0,1.0000000000000002,0.0,0.0,0.506027397260274,136267,643,1019,2586,OPTIMAL,8.058828312421176e7,0.0,7.954180322659788e7,0.0,7.362195968364448e-8,202712,415081,OPTIMAL,2.7289644880857084e7,0.0,2.7277625200860783e7,0.0,12019.679999661494,5492686,11336278,6.0203901002250396e7,1201.9679999661523,0.008767208,0.742482666,0.054515083,1.330633833,2.26268025,0.566440209
tyndp/p2x_10_24_convex_hull_with_null_conical_0.01_economic,653657,10,24,convex_hull_with_null,conical,economic,0.01,6.00901447859274e6,4.086957327555867e6,181705.4253901496,22.492214081007972,1.21954526910791,10,0.9355883958612037,1.1650429418264858,0.2547945205479452,0.7178082191780822,0.486027397260274,139106,769,1019,2586,OPTIMAL,6.112502532744222e7,0.0,6.0406494401490964e7,0.0,0.0,202712,415081,OPTIMAL,2.7928507304932192e7,0.0,2.792221050493618e7,0.0,6296.799999725157,5492686,11336278,8.386326838646007e7,629.6799999725157,0.008719625,2.010224666,0.044915583,1.296181375,2.360311208,0.566440209
tyndp/p2x_10_24_convex_hull_with_null_conical_bounded_0.01_economic,653657,10,24,convex_hull_with_null,conical_bounded,economic,0.01,6.046295956617219e6,4.086957327555867e6,181705.4253901496,22.492214081007972,1.21954526910791,10,0.9240263846624637,1.0,0.0,0.7534246575342466,0.4794520547945205,138787,721,1019,2586,OPTIMAL,5.803837697838657e7,0.0,5.732766421338572e7,0.0,-7.009905045466809e-9,202712,415081,OPTIMAL,2.7514456889848847e7,0.0,2.750651992985197e7,0.0,7936.960000344725,5492686,11336278,6.726527453581601e7,793.6960000344707,0.008697375,0.765016958,0.080992709,1.279856583,2.28500175,0.566440209
tyndp/p2x_10_24_conical_hull_dirac_0.01_economic,653657,10,24,conical_hull,dirac,economic,0.01,9.513621279761648e6,3.405442331915726e6,185169.49229982545,18.390947070274688,1.2475198230575375,10,1.0,1.0,0.0,0.0,0.1,0,0,1084,2156,OPTIMAL,3.2288887920511197e7,0.0,3.1470683760511287e7,0.0,0.0,202712,415081,OPTIMAL,2.8434047032728635e7,0.0,2.8268512169522334e7,0.0,165534.86320927544,5492686,11336278,7.12574078874547e7,16553.48632092753,0.008774542,1.700752458,1.625e-6,1.371396375,1.572395,0.566440209
tyndp/p2x_10_24_conical_hull_convex_0.01_economic,653657,10,24,conical_hull,convex,economic,0.01,6.640104691077492e6,3.405442331915726e6,185169.49229982545,18.390947070274688,1.2475198230575375,10,1.0,1.0000000000000002,0.0,0.0,0.4334246575342466,103558,629,1084,2156,OPTIMAL,5.823188132627865e7,0.0,5.750484540793783e7,0.0,2.077113153530601e-8,202712,415081,OPTIMAL,2.7348098982952233e7,0.0,2.732878405015292e7,0.0,19314.93280218805,5492686,11336278,4.979902562313035e7,1931.4932802188036,0.008731458,1.818628709,0.050933,1.30508675,2.263834209,0.566440209
tyndp/p2x_10_24_conical_hull_conical_0.01_economic,653657,10,24,conical_hull,conical,economic,0.01,6.141571748175553e6,3.405442331915726e6,185169.49229982545,18.390947070274688,1.2475198230575375,10,1.0894067910402627,1.3091107811742715,0.8301369863013699,0.14246575342465753,0.47643835616438357,115272,645,1084,2156,OPTIMAL,7.004626382615039e7,0.0,6.92220155946054e7,0.0,2.3308368692664817e-8,202712,415081,OPTIMAL,2.7401302794478618e7,0.0,2.7187803867887534e7,0.0,213498.92659416693,5492686,11336278,4.1728162115615286e7,21349.892659416684,0.008859291,0.575442833,0.032574375,1.334470167,2.161775125,0.566440209
tyndp/p2x_10_24_conical_hull_conical_bounded_0.01_economic,653657,10,24,conical_hull,conical_bounded,economic,0.01,6.628831325257923e6,3.405442331915726e6,185169.49229982545,18.390947070274688,1.2475198230575375,10,0.9909037165110784,1.0,0.0,0.2821917808219178,0.4334246575342466,103707,644,1084,2156,OPTIMAL,5.736597446960156e7,0.0,5.665276825852459e7,0.0,2.7019667581940013e-8,202712,415081,OPTIMAL,2.734777836277421e7,0.0,2.7328110365437612e7,0.0,19667.997339507136,5492686,11336278,5.2136555310043e7,1966.7997339507087,0.008668667,0.621683916,0.062257334,1.2987245,2.212853625,0.566440209
tyndp/p2x_20_24_k_means_dirac_0.01_economic,653657,20,24,k_means,dirac,economic,0.01,6.2541161876205765e6,5.58127584723086e6,39498.83143742396,141.30230298263376,1.0877002771721325,20,1.0,1.0,0.0,0.0,0.05,0,0,0,0,OPTIMAL,1.7268690706773914e7,0.0,1.68017789284835e7,0.0,-2.975058224466112e-10,353912,727091,OPTIMAL,2.7353391507069163e7,0.0,2.7293506623524442e7,0.0,59884.88354803027,5492686,11336278,3.807000859471237e7,5988.488354803026,0.008689667,0.452182791,1.5e-6,2.698841958,3.869774208,0.566440209
tyndp/p2x_20_24_k_means_convex_0.01_economic,653657,20,24,k_means,convex,economic,0.01,5.70193896758539e6,5.58127584723086e6,39498.83143742396,141.30230298263376,1.0877002771721325,20,1.0,1.0000000000000002,0.0,0.0,0.1652054794520548,285786,2817,0,0,OPTIMAL,1.7781338227095824e7,0.0,1.7353888707535665e7,0.0,-1.9928118965380453e-8,353912,727091,OPTIMAL,2.709600901390019e7,0.0,2.7084949493899982e7,0.0,11059.520003441297,5492686,11336278,4.610775628920859e7,1105.9520003441291,0.008721792,0.4624315,0.243364291,1.727248917,4.112462334,0.566440209
tyndp/p2x_20_24_k_means_conical_0.01_economic,653657,20,24,k_means,conical,economic,0.01,5.530322453219893e6,5.58127584723086e6,39498.83143742396,141.30230298263376,1.0877002771721325,20,1.0116966201757425,1.1824032589152544,0.589041095890411,0.410958904109589,0.16561643835616438,319598,2063,0,0,OPTIMAL,1.74480197069122e7,0.0,1.7031796278730683e7,0.0,2.15227211911288e-8,353912,727091,OPTIMAL,2.839885733827446e7,0.0,2.710788211031385e7,0.0,1.2909752279638385e6,5492686,11336278,4.391237093178684e7,129097.52279638383,0.008687291,0.478274666,0.292974209,2.72845475,4.832721667,0.566440209
tyndp/p2x_20_24_k_means_conical_bounded_0.01_economic,653657,20,24,k_means,conical_bounded,economic,0.01,5.645370195156786e6,5.58127584723086e6,39498.83143742396,141.30230298263376,1.0877002771721325,20,0.9770995574373272,1.0000000000000002,0.0,0.4575342465753425,0.1643835616438356,299682,2815,0,0,OPTIMAL,1.6002622859512798e7,0.0,1.563986749966456e7,0.0,2.364818458573929e-9,353912,727091,OPTIMAL,2.7103397700308416e7,0.0,2.709275978031145e7,0.0,10637.919999996207,5492686,11336278,4.561047119560446e7,1063.7919999996209,0.008756708,0.459303458,0.272120959,1.6965995,4.175828083,0.566440209
tyndp/p2x_20_24_k_medoids_dirac_0.01_economic,653657,20,24,k_medoids,dirac,economic,0.01,7.8246027623075405e6,5.600136456294468e6,125642.19767074271,44.57209886578199,1.1381342879774905,20,1.0,1.0,0.0,0.0,0.05,0,0,0,0,OPTIMAL,2.6268091392603252e7,0.0,2.543086419260319e7,0.0,0.0,353912,727091,OPTIMAL,2.8409213707499225e7,0.0,2.7508090255420834e7,0.0,901123.4520815609,5492686,11336278,4.263883718377104e7,90112.34520815608,0.008655833,0.432333,1.791e-6,1.727351708,3.958968417,0.566440209
tyndp/p2x_20_24_k_medoids_convex_0.01_economic,653657,20,24,k_medoids,convex,economic,0.01,6.013997046483396e6,5.600136456294468e6,125642.19767074271,44.57209886578199,1.1381342879774905,20,1.0,1.0000000000000002,0.0,0.0,0.26616438356164385,281827,1349,0,0,OPTIMAL,2.773579776683499e7,0.0,2.7102352776270613e7,0.0,1.6353252921339635e-9,353912,727091,OPTIMAL,2.703873620235442e7,0.0,2.7025435882357825e7,0.0,13300.319999674419,5492686,11336278,4.303825989380697e7,1330.0319999674412,0.008701583,0.436103917,1.301756,1.836729959,4.102430083,0.566440209
tyndp/p2x_20_24_k_medoids_conical_0.01_economic,653657,20,24,k_medoids,conical,economic,0.01,5.757196616482981e6,5.600136456294468e6,125642.19767074271,44.57209886578199,1.1381342879774905,20,0.9872475982482778,1.1990090921213523,0.46301369863013697,0.4821917808219178,0.2620547945205479,293168,1409,0,0,OPTIMAL,2.643864651928985e7,0.0,2.5911520971819453e7,0.0,1.2061651544585828e-8,353912,727091,OPTIMAL,2.7164622801038004e7,0.0,2.7152244081041336e7,0.0,12378.719999741452,5492686,11336278,4.7576560480087236e7,1237.8719999741472,0.008820958,0.467235875,0.142163833,2.711032584,4.3936555,0.566440209
tyndp/p2x_20_24_k_medoids_conical_bounded_0.01_economic,653657,20,24,k_medoids,conical_bounded,economic,0.01,5.847454919673274e6,5.600136456294468e6,125642.19767074271,44.57209886578199,1.1381342879774905,20,0.958550645794313,1.0000000000000002,0.0,0.589041095890411,0.25753424657534246,283404,1493,0,0,OPTIMAL,2.4719154478772964e7,0.0,2.424349483978492e7,0.0,1.6490831906606668e-8,353912,727091,OPTIMAL,2.7135170693060473e7,0.0,2.7122791973063696e7,0.0,12378.719999921927,5492686,11336278,4.740761160979749e7,1237.871999992195,0.008709708,0.433696625,0.251975,1.827558291,4.819018708,0.566440209
tyndp/p2x_20_24_hierarchical_dirac_0.01_economic,653657,20,24,hierarchical,dirac,economic,0.01,7.82063023141736e6,5.488136906766043e6,111929.88919742436,49.03191583693921,1.143857486055434,20,1.0,1.0,0.0,0.0,0.05,0,0,0,0,OPTIMAL,3.1808447105745297e7,0.0,3.135856758574509e7,0.0,0.0,353912,727091,OPTIMAL,2.8205257581920348e7,0.0,2.7414769785761002e7,0.0,790487.7961624358,5492686,11336278,3.598228858364779e7,79048.77961624366,0.008657208,0.439959333,1.875e-6,1.76425875,3.653600917,0.566440209
tyndp/p2x_20_24_hierarchical_convex_0.01_economic,653657,20,24,hierarchical,convex,economic,0.01,5.792075818425055e6,5.488136906766043e6,111929.88919742436,49.03191583693921,1.143857486055434,20,1.0,1.0000000000000002,0.0,0.0,0.2583561643835616,274312,1392,0,0,OPTIMAL,3.7285891618053675e7,0.0,3.71971451367606e7,0.0,0.0,353912,727091,OPTIMAL,2.7379510628344867e7,0.0,2.7372114948346447e7,0.0,7395.680001502886,5492686,11336278,7.461916551827739e7,739.5680001502885,0.008703417,0.428587084,1.137526333,1.971628291,6.027036,0.566440209
tyndp/p2x_20_24_hierarchical_conical_0.01_economic,653657,20,24,hierarchical,conical,economic,0.01,5.586997005574276e6,5.488136906766043e6,111929.88919742436,49.03191583693921,1.143857486055434,20,1.017617503292917,1.2409805086942345,0.5616438356164384,0.3835616438356164,0.2691780821917808,294676,1398,0,0,OPTIMAL,3.805785129145623e7,0.0,3.7970174514869615e7,0.0,-3.3800651651656083e-10,353912,727091,OPTIMAL,2.716449768890941e7,0.0,2.706912914382818e7,0.0,95368.54508435815,5492686,11336278,4.462102985298751e7,9536.854508435807,0.008724334,0.492550959,0.272489583,2.73799875,4.391308708,0.566440209
tyndp/p2x_20_24_hierarchical_conical_bounded_0.01_economic,653657,20,24,hierarchical,conical_bounded,economic,0.01,5.734399990256139e6,5.488136906766043e6,111929.88919742436,49.03191583693921,1.143857486055434,20,0.9747846222616013,1.0000000000000002,0.0,0.4986301369863014,0.2556164383561644,280211,1411,0,0,OPTIMAL,3.2628641441377725e7,0.0,3.254370547279194e7,0.0,-2.6960077340381987e-9,353912,727091,OPTIMAL,2.7064608479021758e7,0.0,2.704231516491042e7,0.0,22293.31411458786,5492686,11336278,3.933234234483387e7,2229.331411458784,0.008713583,0.430376417,0.226790292,1.778788791,3.868371625,0.566440209
tyndp/p2x_20_24_chronological_dirac_0.01_economic,653657,20,24,chronological,dirac,economic,0.01,9.195277825264065e6,5.491456903061937e6,113597.96478191845,48.34115570295868,1.1310946154968364,20,1.0,1.0,0.0,0.0,0.05,0,0,0,0,OPTIMAL,2.0862996744230095e7,0.0,2.0134473224230163e7,0.0,0.0,353912,727091,OPTIMAL,2.949581086429965e7,0.0,2.8323622837040093e7,0.0,1.1721880272626795e6,5492686,11336278,4.781988203995877e7,117218.80272626826,0.008633125,0.436693417,1.916e-6,2.771643708,2.676180792,0.566440209
tyndp/p2x_20_24_chronological_convex_0.01_economic,653657,20,24,chronological,convex,economic,0.01,6.349289259126955e6,5.491456903061937e6,113597.96478191845,48.34115570295868,1.1310946154968364,20,1.0,1.0000000000000002,0.0,0.0,0.25315068493150683,297004,1386,0,0,OPTIMAL,2.1971428214594107e7,0.0,2.1184455195861407e7,0.0,-6.368898765644745e-9,353912,727091,OPTIMAL,2.726791940170657e7,0.0,2.725481444170896e7,0.0,13104.960000457851,5492686,11336278,4.1940485447827056e7,1310.4960000457854,0.008767292,0.430547459,1.126443625,1.899942667,6.05781825,0.566440209
tyndp/p2x_20_24_chronological_conical_0.01_economic,653657,20,24,chronological,conical,economic,0.01,6.07183172914654e6,5.491456903061937e6,113597.96478191845,48.34115570295868,1.1310946154968364,20,1.009953852547507,1.268694266730146,0.547945205479452,0.3972602739726027,0.26109589041095893,315504,1457,0,0,OPTIMAL,2.1870101649054885e7,0.0,2.125600074605985e7,0.0,-7.93280088997759e-10,353912,727091,OPTIMAL,2.7475742557258703e7,0.0,2.7434232453477994e7,0.0,41510.10378390522,5492686,11336278,4.531462192566991e7,4151.010378390516,0.00869525,0.421496083,0.147222083,1.721035375,6.146093958,0.566440209
tyndp/p2x_20_24_chronological_conical_bounded_0.01_economic,653657,20,24,chronological,conical_bounded,economic,0.01,6.262005488337523e6,5.491456903061937e6,113597.96478191845,48.34115570295868,1.1310946154968364,20,0.9658480308162144,1.0000000000000002,0.0,0.5232876712328767,0.25287671232876713,304971,1493,0,0,OPTIMAL,2.0482970680703916e7,0.0,1.9974205060411494e7,0.0,0.0,353912,727091,OPTIMAL,2.7599252705867425e7,0.0,2.7589624431447085e7,0.0,9628.27442341483,5492686,11336278,5.9088226077595994e7,962.8274423414832,0.008745542,0.445980209,0.247750333,1.790276792,7.892258541,0.566440209
tyndp/p2x_20_24_convex_hull_dirac_0.01_economic,653657,20,24,convex_hull,dirac,economic,0.01,8.700267979882846e6,5.554181012518021e6,144369.69650020686,38.47193107114458,1.1980728057100722,20,1.0,1.0,0.0,0.0,0.05,0,0,3268,3477,OPTIMAL,3.2703982701732576e7,0.0,3.1136212141732693e7,0.0,0.0,353912,727091,OPTIMAL,2.8643413788863655e7,0.0,2.8037923661513798e7,0.0,605490.1273530099,5492686,11336278,7.580876918003523e7,60549.01273530095,0.008685583,2.433687541,1.208e-6,1.664804167,3.77330025,0.566440209
tyndp/p2x_20_24_convex_hull_convex_0.01_economic,653657,20,24,convex_hull,convex,economic,0.01,5.43787699824974e6,5.554181012518021e6,144369.69650020686,38.47193107114458,1.1980728057100722,20,1.0,1.0000000000000002,0.0,0.0,0.30246575342465754,224379,1344,3268,3477,OPTIMAL,4.342987755799501e7,0.0,4.2242850117196195e7,0.0,1.4528176697460701e-9,353912,727091,OPTIMAL,2.7002230484005466e7,0.0,2.6993556884008117e7,0.0,8673.600000444732,5492686,11336278,5.031193810769973e7,867.3600000444778,0.0087325,1.165686292,0.186218,1.738456292,4.284717167,0.566440209
tyndp/p2x_20_24_convex_hull_conical_0.01_economic,653657,20,24,convex_hull,conical,economic,0.01,5.298423129438962e6,5.554181012518021e6,144369.69650020686,38.47193107114458,1.1980728057100722,20,0.9914973693016499,1.2024814749165897,0.4328767123287671,0.5123287671232877,0.3036986301369863,241901,1179,3268,3477,OPTIMAL,4.4199863081481e7,0.0,4.3044286367260225e7,0.0,3.935380463688047e-8,353912,727091,OPTIMAL,2.7170055413154848e7,0.0,2.712818071038227e7,0.0,41874.702775787075,5492686,11336278,5.580540555500678e7,4187.47027757871,0.008612208,1.202052708,0.114891958,1.773650125,4.425561791,0.566440209
tyndp/p2x_20_24_convex_hull_conical_bounded_0.01_economic,653657,20,24,convex_hull,conical_bounded,economic,0.01,5.369423983431484e6,5.554181012518021e6,144369.69650020686,38.47193107114458,1.1980728057100722,20,0.964948184791118,1.0000000000000002,0.0,0.6438356164383562,0.296027397260274,232080,1155,3268,3477,OPTIMAL,4.064293103664196e7,0.0,3.954241843368387e7,0.0,1.8073293422680684e-9,353912,727091,OPTIMAL,2.7090624752444014e7,0.0,2.7083158832448304e7,0.0,7465.919998829411,5492686,11336278,5.5529984905784175e7,746.5919998829426,0.008687958,2.391934875,0.169776833,1.711070625,4.494952625,0.566440209
tyndp/p2x_20_24_convex_hull_with_null_dirac_0.01_economic,653657,20,24,convex_hull_with_null,dirac,economic,0.01,8.724293768593412e6,5.658049328187443e6,140360.77476396316,40.31075874083958,1.2023853431038878,20,1.0,1.0,0.0,0.0,0.05,0,0,3349,3761,OPTIMAL,2.7639287971271414e7,0.0,2.63054127712713e7,0.0,0.0,353912,727091,OPTIMAL,2.8783725526293404e7,0.0,2.8273746049549628e7,0.0,509979.4767470539,5492686,11336278,7.721366815615009e7,50997.94767470546,0.008637292,2.452183125,1.292e-6,1.655154041,4.046877042,0.566440209
tyndp/p2x_20_24_convex_hull_with_null_convex_0.01_economic,653657,20,24,convex_hull_with_null,convex,economic,0.01,5.44701598961557e6,5.658049328187443e6,140360.77476396316,40.31075874083958,1.2023853431038878,20,1.0,1.0000000000000002,0.0,0.0,0.3034246575342466,233966,1111,3349,3761,OPTIMAL,4.490329038679387e7,0.0,4.3733574807205126e7,0.0,3.436761453808505e-8,353912,727091,OPTIMAL,2.7092614699283466e7,0.0,2.7083902539286923e7,0.0,8712.159999667017,5492686,11336278,4.5814595365938455e7,871.2159999666978,0.008654959,1.240674459,0.193512625,1.729885709,4.694490958,0.566440209
tyndp/p2x_20_24_convex_hull_with_null_conical_0.01_economic,653657,20,24,convex_hull_with_null,conical,economic,0.01,5.188206369679722e6,5.658049328187443e6,140360.77476396316,40.31075874083958,1.2023853431038878,20,0.9618898114085183,1.1543156656398463,0.32602739726027397,0.6191780821917808,0.29863013698630136,243494,1173,3349,3761,OPTIMAL,4.203493240991513e7,0.0,4.11236011373495e7,0.0,0.0,353912,727091,OPTIMAL,2.7719507993120745e7,0.0,2.7693446866520744e7,0.0,26061.126603346216,5492686,11336278,7.977149864884633e7,2606.1126603346215,0.008728583,2.492607667,0.120382667,1.769425875,5.575742208,0.566440209
tyndp/p2x_20_24_convex_hull_with_null_conical_bounded_0.01_economic,653657,20,24,convex_hull_with_null,conical_bounded,economic,0.01,5.239090042763559e6,5.658049328187443e6,140360.77476396316,40.31075874083958,1.2023853431038878,20,0.946351545980548,1.0000000000000002,0.0,0.7068493150684931,0.29315068493150687,235853,1111,3349,3761,OPTIMAL,3.942736184586338e7,0.0,3.853472101102846e7,0.0,2.0151175599405127e-8,353912,727091,OPTIMAL,2.726123064824023e7,0.0,2.7252518488243606e7,0.0,8712.160000044927,5492686,11336278,4.596424328538689e7,871.2160000044935,0.008625833,1.299560459,0.190588417,1.822760292,4.475902459,0.566440209
tyndp/p2x_20_24_conical_hull_dirac_0.01_economic,653657,20,24,conical_hull,dirac,economic,0.01,8.874367118180826e6,4.868128611510625e6,144915.0832405984,33.592973917202315,1.2331546783419174,20,1.0,1.0,0.0,0.0,0.05,0,0,3281,3464,OPTIMAL,2.810079156041414e7,0.0,2.7560877320414007e7,0.0,0.0,353912,727091,OPTIMAL,2.843354477341198e7,0.0,2.7745406058136027e7,0.0,688138.715278999,5492686,11336278,4.6632078280056134e7,68813.87152789994,0.008748417,0.770007459,1.25e-6,1.688001916,3.90002175,0.566440209
tyndp/p2x_20_24_conical_hull_convex_0.01_economic,653657,20,24,conical_hull,convex,economic,0.01,5.928810038169673e6,4.868128611510625e6,144915.0832405984,33.592973917202315,1.2331546783419174,20,1.0,1.0000000000000002,0.0,0.0,0.2856164383561644,203055,1030,3281,3464,OPTIMAL,4.147788087056796e7,0.0,4.113102369256575e7,0.0,-1.1482302168304605e-8,353912,727091,OPTIMAL,2.7056292093744703e7,0.0,2.7032266333748404e7,0.0,24025.75999942376,5492686,11336278,4.839354120182167e7,2402.5759999423763,0.008855875,2.056891667,0.164353792,1.764538042,4.275262208,0.566440209
tyndp/p2x_20_24_conical_hull_conical_0.01_economic,653657,20,24,conical_hull,conical,economic,0.01,5.460783153549963e6,4.868128611510625e6,144915.0832405984,33.592973917202315,1.2331546783419174,20,1.088935196345915,1.3526287382315314,0.8191780821917808,0.12602739726027398,0.3117808219178082,223805,1087,3281,3464,OPTIMAL,5.180331552007615e7,0.0,5.1415677040215515e7,0.0,1.5430491917756047e-9,353912,727091,OPTIMAL,2.7318960232373297e7,0.0,2.6939568983339936e7,0.0,379391.24903624965,5492686,11336278,2.8792173453124512e7,37939.12490362498,0.00866325,0.7801745,0.094909667,2.712275667,5.436521459,0.566440209
tyndp/p2x_20_24_conical_hull_conical_bounded_0.01_economic,653657,20,24,conical_hull,conical_bounded,economic,0.01,5.9259372369801365e6,4.868128611510625e6,144915.0832405984,33.592973917202315,1.2331546783419174,20,0.991657924483823,1.0000000000000002,0.0,0.36712328767123287,0.2843835616438356,202508,1031,3281,3464,OPTIMAL,4.083201203861697e7,0.0,4.0486705241273515e7,0.0,1.1486917770877438e-8,353912,727091,OPTIMAL,2.704370638089576e7,0.0,2.701968062089856e7,0.0,24025.76000010511,5492686,11336278,4.807926820707779e7,2402.5760000105147,0.008681959,2.072495459,0.164284375,1.758881417,4.323142583,0.566440209
tyndp/p2x_40_24_k_means_dirac_0.01_economic,653657,40,24,k_means,dirac,economic,0.01,5.687987656992272e6,7.765985578335801e6,28176.45850562482,275.61964811104593,1.1027971088434867,40,1.0,1.0,0.0,0.0,0.025,0,0,0,0,OPTIMAL,1.8071921796692822e7,0.0,1.7817383414176513e7,0.0,0.0,656312,1351111,OPTIMAL,2.7187248441814374e7,0.0,2.699982015201095e7,0.0,187428.2898065046,5492686,11336278,3.3170777005020887e7,18742.828980650465,0.008617875,0.456757,1.833e-6,3.775849166,9.885282958,0.566440209
tyndp/p2x_40_24_k_means_convex_0.01_economic,653657,40,24,k_means,convex,economic,0.01,5.071705989156476e6,7.765985578335801e6,28176.45850562482,275.61964811104593,1.1027971088434867,40,1.0,1.0000000000000002,0.0,0.0,0.10157534246575342,575497,100000,0,0,OPTIMAL,1.8707764803930614e7,0.0,1.8371436083511297e7,0.0,-1.0989654773496125e-9,656312,1351111,OPTIMAL,2.688712084376452e7,0.0,2.6864827723769184e7,0.0,22293.119998333765,5492686,11336278,4.166765113195803e7,2229.311999833373,0.00867225,0.479005333,2.029357083,2.770359209,13.64886725,0.566440209
tyndp/p2x_40_24_k_means_conical_0.01_economic,653657,40,24,k_means,conical,economic,0.01,4.923566389169329e6,7.765985578335801e6,28176.45850562482,275.61964811104593,1.1027971088434867,40,1.0175872662887737,1.1682632386514387,0.6328767123287671,0.36712328767123287,0.10356164383561643,522685,3674,0,0,OPTIMAL,1.908735988893961e7,0.0,1.8744018936691254e7,0.0,0.0,656312,1351111,OPTIMAL,2.833284117918027e7,0.0,2.7274637947292686e7,0.0,1.0582032318906914e6,5492686,11336278,6.6003887166100085e7,105820.32318906905,0.008637458,0.489924,0.452993208,2.610259333,15.260532708,0.566440209
tyndp/p2x_40_24_k_means_conical_bounded_0.01_economic,653657,40,24,k_means,conical_bounded,economic,0.01,5.03610200152432e6,7.765985578335801e6,28176.45850562482,275.61964811104593,1.1027971088434867,40,0.9817780144955877,1.0000000000000002,0.0,0.473972602739726,0.10075342465753424,488717,3940,0,0,OPTIMAL,1.744216000618773e7,0.0,1.7141721259475198e7,0.0,1.7265024333610806e-8,656312,1351111,OPTIMAL,2.6917408706465542e7,0.0,2.690090374647143e7,0.0,16504.95999714673,5492686,11336278,4.204505347261271e7,1650.4959997146761,0.00866575,0.438943375,1.972044666,2.777698709,10.94998425,0.566440209
tyndp/p2x_40_24_k_medoids_dirac_0.01_economic,653657,40,24,k_medoids,dirac,economic,0.01,7.136615338146145e6,7.796354966289768e6,79754.13469462162,97.75486871172248,1.151688427446011,40,1.0,1.0,0.0,0.0,0.025,0,0,0,0,OPTIMAL,2.553266851007211e7,0.0,2.494126755007196e7,0.0,1.5244863572574797e-10,656312,1351111,OPTIMAL,2.7828014677994847e7,0.0,2.7395466478878666e7,0.0,432548.1991194181,5492686,11336278,4.024680143341054e7,43254.8199119418,0.00870625,0.440325833,1.584e-6,3.867402333,9.686577583,0.566440209
tyndp/p2x_40_24_k_medoids_convex_0.01_economic,653657,40,24,k_medoids,convex,economic,0.01,5.22006235849815e6,7.796354966289768e6,79754.13469462162,97.75486871172248,1.151688427446011,40,1.0,1.0000000000000002,0.0,0.0,0.15376712328767123,428563,1992,0,0,OPTIMAL,2.458304045057954e7,0.0,2.4265871035026953e7,0.0,0.0,656312,1351111,OPTIMAL,2.7066864962264463e7,0.0,2.7060448482266996e7,0.0,6416.480000546169,5492686,11336278,6.549010576268469e7,641.6480000546169,0.008683916,0.438718042,0.641655375,2.77974775,15.893095333,0.566440209
tyndp/p2x_40_24_k_medoids_conical_0.01_economic,653657,40,24,k_medoids,conical,economic,0.01,5.029506062897734e6,7.796354966289768e6,79754.13469462162,97.75486871172248,1.151688427446011,40,1.0090228156655368,1.219800211165135,0.5315068493150685,0.3589041095890411,0.15773972602739725,458109,2215,0,0,OPTIMAL,2.5038295554496646e7,0.0,2.477670062839121e7,0.0,-1.6943998350391307e-8,656312,1351111,OPTIMAL,2.705141698915066e7,0.0,2.6921451465145517e7,0.0,129965.52400824112,5492686,11336278,4.345619468372916e7,12996.552400824088,0.008814334,0.436165459,1.703191791,2.845857083,9.178951167,0.566440209
tyndp/p2x_40_24_k_medoids_conical_bounded_0.01_economic,653657,40,24,k_medoids,conical_bounded,economic,0.01,5.150537628357849e6,7.796354966289768e6,79754.13469462162,97.75486871172248,1.151688427446011,40,0.9732933142904868,1.0000000000000002,0.0,0.5315068493150685,0.15198630136986302,435357,2065,0,0,OPTIMAL,2.320628457096655e7,0.0,2.2986440371891126e7,0.0,0.0,656312,1351111,OPTIMAL,2.7224417803066332e7,0.0,2.7207621803068586e7,0.0,16796.000000962984,5492686,11336278,7.217660512939394e7,1679.6000000962983,0.008692584,0.448162958,1.906962875,2.816244708,14.669758916,0.566440209
tyndp/p2x_40_24_hierarchical_dirac_0.01_economic,653657,40,24,hierarchical,dirac,economic,0.01,7.112968854585597e6,7.649324535298489e6,77122.21051113495,99.18445652169261,1.146251951050199,40,1.0,1.0,0.0,0.0,0.025,0,0,0,0,OPTIMAL,3.000053611236597e7,0.0,2.935307019236573e7,0.0,0.0,656312,1351111,OPTIMAL,2.7471115725902416e7,0.0,2.7276236987215083e7,0.0,194878.73869063033,5492686,11336278,3.729810383886548e7,19487.873869063027,0.008963458,0.433962959,1.625e-6,3.571887125,9.750190333,0.566440209
tyndp/p2x_40_24_hierarchical_convex_0.01_economic,653657,40,24,hierarchical,convex,economic,0.01,5.150244676415041e6,7.649324535298489e6,77122.21051113495,99.18445652169261,1.146251951050199,40,1.0,1.0000000000000002,0.0,0.0,0.14876712328767122,415765,2270,0,0,OPTIMAL,3.12813444358992e7,0.0,3.094569648331161e7,0.0,7.726643938735005e-8,656312,1351111,OPTIMAL,2.6900262555012878e7,0.0,2.6882995995015167e7,0.0,17266.560000599107,5492686,11336278,3.9960914848879255e7,1726.656000059917,0.008794291,0.427594375,0.628867417,3.915060833,8.786695208,0.566440209
tyndp/p2x_40_24_hierarchical_conical_0.01_economic,653657,40,24,hierarchical,conical,economic,0.01,4.9754713974883985e6,7.649324535298489e6,77122.21051113495,99.18445652169261,1.146251951050199,40,1.0241331573537138,1.215699307578764,0.5808219178082191,0.3095890410958904,0.1560958904109589,444881,2176,0,0,OPTIMAL,3.315589349103522e7,0.0,3.2788630672812458e7,0.0,1.1264751995078486e-8,656312,1351111,OPTIMAL,2.6993399068112157e7,0.0,2.6932328341830682e7,0.0,61070.72628439306,5492686,11336278,4.540188140138204e7,6107.072628439325,0.008719416,0.456090625,0.4125,3.049632708,9.554062416,0.566440209
tyndp/p2x_40_24_hierarchical_conical_bounded_0.01_economic,653657,40,24,hierarchical,conical_bounded,economic,0.01,5.122347754506262e6,7.649324535298489e6,77122.21051113495,99.18445652169261,1.146251951050199,40,0.9805908826204669,1.0000000000000002,0.0,0.5095890410958904,0.1473972602739726,416231,2244,0,0,OPTIMAL,2.912689570647556e7,0.0,2.8832779658767153e7,0.0,0.0,656312,1351111,OPTIMAL,2.7295383770573832e7,0.0,2.7278762330576714e7,0.0,16621.440000349634,5492686,11336278,7.442971170288548e7,1662.1440000349635,0.008910459,0.473597875,0.638661167,2.730800125,15.924013292,0.566440209
tyndp/p2x_40_24_chronological_dirac_0.01_economic,653657,40,24,chronological,dirac,economic,0.01,8.92910641502578e6,7.721533274724049e6,70763.47914102615,109.11749066684,1.1545833188904806,40,1.0,1.0,0.0,0.0,0.025,0,0,0,0,OPTIMAL,2.4870254759237006e7,0.0,2.4648561959235303e7,0.0,0.0,656312,1351111,OPTIMAL,2.8443094180073276e7,0.0,2.8075165342283513e7,0.0,367928.8377930968,5492686,11336278,5.590694441630463e7,36792.88377930972,0.008680166,0.456523208,2.209e-6,3.724638833,5.041839834,0.566440209
tyndp/p2x_40_24_chronological_convex_0.01_economic,653657,40,24,chronological,convex,economic,0.01,5.383615367041088e6,7.721533274724049e6,70763.47914102615,109.11749066684,1.1545833188904806,40,1.0,1.0000000000000002,0.0,0.0,0.15287671232876712,454736,2218,0,0,OPTIMAL,2.6696362386165556e7,0.0,2.6250970460259963e7,0.0,0.0,656312,1351111,OPTIMAL,2.6901207767068863e7,0.0,2.687888982366004e7,0.0,22317.94341193189,5492686,11336278,3.752401875942625e7,2231.7943411931856,0.008811083,0.417998916,0.685169209,3.739189,13.33213275,0.566440209
tyndp/p2x_40_24_chronological_conical_0.01_economic,653657,40,24,chronological,conical,economic,0.01,5.168739964745132e6,7.721533274724049e6,70763.47914102615,109.11749066684,1.1545833188904806,40,1.0140388451539046,1.2527985860410293,0.5123287671232877,0.3780821917808219,0.15595890410958904,476330,2516,0,0,OPTIMAL,2.6697646965671554e7,0.0,2.6363520387652174e7,0.0,0.0,656312,1351111,OPTIMAL,2.7322239091236245e7,0.0,2.717181388880809e7,0.0,150425.20243128552,5492686,11336278,6.070932369198586e7,15042.520243128552,0.008722292,0.453873208,0.439093417,2.799342458,15.961986625,0.566440209
tyndp/p2x_40_24_chronological_conical_bounded_0.01_economic,653657,40,24,chronological,conical_bounded,economic,0.01,5.336930427471115e6,7.721533274724049e6,70763.47914102615,109.11749066684,1.1545833188904806,40,0.9752883200064024,1.0000000000000002,0.0,0.5178082191780822,0.15123287671232877,464199,2248,0,0,OPTIMAL,2.4916468967386354e7,0.0,2.4619005226665374e7,0.0,0.0,656312,1351111,OPTIMAL,2.7206740129834365e7,0.0,2.7196080929837592e7,0.0,10659.199999937448,5492686,11336278,6.65975451218141e7,1065.9199999937448,0.008970292,0.442429875,1.932050209,2.814252666,15.624028208,0.566440209
tyndp/p2x_40_24_convex_hull_dirac_0.01_economic,653657,40,24,convex_hull,dirac,economic,0.01,7.724485727329458e6,7.889845944255443e6,89885.0943531644,87.77702244218295,1.1904783664010676,40,1.0,1.0,0.0,0.0,0.025,0,0,8486,4969,OPTIMAL,3.035861726572464e7,0.0,2.977952366572453e7,0.0,0.0,656312,1351111,OPTIMAL,2.8081118966089327e7,0.0,2.7706731198172636e7,0.0,374387.76791996864,5492686,11336278,5.934850223865996e7,37438.77679199693,0.008969916,4.130091542,2.0e-6,2.709797291,9.05091575,0.566440209
tyndp/p2x_40_24_convex_hull_convex_0.01_economic,653657,40,24,convex_hull,convex,economic,0.01,4.688658648008789e6,7.889845944255443e6,89885.0943531644,87.77702244218295,1.1904783664010676,40,1.0,1.0000000000000004,0.0,0.0,0.17383561643835616,394379,1986,8486,4969,OPTIMAL,3.8016648034029916e7,0.0,3.750121425943317e7,0.0,1.197088140408924e-8,656312,1351111,OPTIMAL,2.68212662920393e7,0.0,2.6812552904632237e7,0.0,8713.387410131192,5492686,11336278,4.1836129873797394e7,871.3387410131221,0.008596625,3.065381083,0.581628542,2.660804,9.108544084,0.566440209
tyndp/p2x_40_24_convex_hull_conical_0.01_economic,653657,40,24,convex_hull,conical,economic,0.01,4.546045360693533e6,7.889845944255443e6,89885.0943531644,87.77702244218295,1.1904783664010676,40,0.9939357963034449,1.1834976246281534,0.4410958904109589,0.44931506849315067,0.1734931506849315,409644,2015,8486,4969,OPTIMAL,3.893708888476465e7,0.0,3.8404519909254834e7,0.0,-1.7212131775575293e-8,656312,1351111,OPTIMAL,2.6910113786358703e7,0.0,2.689542549252466e7,0.0,14688.293837214847,5492686,11336278,4.842196802688691e7,1468.8293837214815,0.00892925,3.144410167,0.374245542,3.848307083,9.709630333,0.566440209
tyndp/p2x_40_24_convex_hull_conical_bounded_0.01_economic,653657,40,24,convex_hull,conical_bounded,economic,0.01,4.62876116495966e6,7.889845944255443e6,89885.0943531644,87.77702244218295,1.1904783664010676,40,0.9692645657544936,1.0000000000000002,0.0,0.6438356164383562,0.16924657534246576,397472,2017,8486,4969,OPTIMAL,3.5831138888891846e7,0.0,3.532972739295202e7,0.0,3.628318130545138e-8,656312,1351111,OPTIMAL,2.6856389952609316e7,0.0,2.684941859261221e7,0.0,6971.360000269543,5492686,11336278,3.834988738504007e7,697.1360000269547,0.008727459,4.175855375,0.598790666,2.832309959,10.922906917,0.566440209
tyndp/p2x_40_24_convex_hull_with_null_dirac_0.01_economic,653657,40,24,convex_hull_with_null,dirac,economic,0.01,7.752275729564813e6,8.015389771244065e6,88668.32305367895,90.3974440386295,1.189496365218654,40,1.0,1.0,0.0,0.0,0.025,0,0,8637,5183,OPTIMAL,2.8310032925877314e7,0.0,2.748769084587733e7,0.0,0.0,656312,1351111,OPTIMAL,2.8348567050195422e7,0.0,2.791543690353628e7,0.0,433130.1466628332,5492686,11336278,6.967373040370724e7,43313.01466628341,0.008714625,4.376250125,1.875e-6,2.770286708,7.836032917,0.566440209
tyndp/p2x_40_24_convex_hull_with_null_convex_0.01_economic,653657,40,24,convex_hull_with_null,convex,economic,0.01,4.7144853810179345e6,8.015389771244065e6,88668.32305367895,90.3974440386295,1.189496365218654,40,1.0,1.0000000000000002,0.0,0.0,0.17342465753424657,395500,1898,8637,5183,OPTIMAL,3.843400021457552e7,0.0,3.767718104053585e7,0.0,-4.282882801074177e-8,656312,1351111,OPTIMAL,2.681729059027851e7,0.0,2.6805527550281927e7,0.0,11763.039999618797,5492686,11336278,4.1937501911469355e7,1176.3039999618798,0.00880775,4.29681975,0.530314416,2.878221,9.661234166,0.566440209
tyndp/p2x_40_24_convex_hull_with_null_conical_0.01_economic,653657,40,24,convex_hull_with_null,conical,economic,0.01,4.5147464356135065e6,8.015389771244065e6,88668.32305367895,90.3974440386295,1.189496365218654,40,0.9751413087060756,1.187826596309136,0.34794520547945207,0.5424657534246575,0.17363013698630136,411471,2390,8637,5183,OPTIMAL,3.740353421246026e7,0.0,3.671983741386509e7,0.0,-1.3378896099170097e-9,656312,1351111,OPTIMAL,2.6964256982672546e7,0.0,2.692925467007291e7,0.0,35002.312602888,5492686,11336278,4.514949699480541e7,3500.2312602888123,0.008746333,4.369957458,0.35930175,2.85339175,10.317903917,0.566440209
tyndp/p2x_40_24_convex_hull_with_null_conical_bounded_0.01_economic,653657,40,24,convex_hull_with_null,conical_bounded,economic,0.01,4.570415906149975e6,8.015389771244065e6,88668.32305367895,90.3974440386295,1.189496365218654,40,0.9570066698674929,1.0000000000000002,0.0,0.7150684931506849,0.16815068493150684,398718,2175,8637,5183,OPTIMAL,3.507417583636944e7,0.0,3.440550832886167e7,0.0,1.1766523233838585e-8,656312,1351111,OPTIMAL,2.6919848866074655e7,0.0,2.691178182607797e7,0.0,8067.039999927063,5492686,11336278,4.3734867072637685e7,806.7039999927064,0.008810958,4.472362334,0.61522275,2.847873541,8.785837459,0.566440209
tyndp/p2x_40_24_conical_hull_dirac_0.01_economic,653657,40,24,conical_hull,dirac,economic,0.01,7.895455152015408e6,7.004761594421587e6,88086.398154104,79.52148959669128,1.2196545210220373,40,1.0,1.0,0.0,0.0,0.025,0,0,8256,5199,OPTIMAL,2.8786019681126706e7,0.0,2.8144410881126426e7,0.0,0.0,656312,1351111,OPTIMAL,2.7874864959596004e7,0.0,2.7800118235687315e7,0.0,74746.72391188693,5492686,11336278,6.293888237870818e7,7474.672391188696,0.008666958,1.1665885,8.75e-7,3.560142791,9.219063334,0.566440209
tyndp/p2x_40_24_conical_hull_convex_0.01_economic,653657,40,24,conical_hull,convex,economic,0.01,5.166026377073012e6,7.004761594421587e6,88086.398154104,79.52148959669128,1.2196545210220373,40,1.0,1.0000000000000002,0.0,0.0,0.16794520547945205,347934,1923,8256,5199,OPTIMAL,4.065305460458411e7,0.0,4.024818260336122e7,0.0,4.0441624089609176e-8,656312,1351111,OPTIMAL,2.6749767082062423e7,0.0,2.6737728362066146e7,0.0,12038.719999219447,5492686,11336278,4.3141319112382345e7,1203.871999921946,0.008706834,2.5333755,0.514912208,2.976747917,10.230683959,0.566440209
tyndp/p2x_40_24_conical_hull_conical_0.01_economic,653657,40,24,conical_hull,conical,economic,0.01,4.648924072546926e6,7.004761594421587e6,88086.398154104,79.52148959669128,1.2196545210220373,40,1.08132209457037,1.3147943099809698,0.7479452054794521,0.14246575342465753,0.18602739726027398,390248,1921,8256,5199,OPTIMAL,4.882064514721082e7,0.0,4.840196769865279e7,0.0,0.0,656312,1351111,OPTIMAL,2.7462949046508353e7,0.0,2.675754016643443e7,0.0,705408.8800768557,5492686,11336278,3.313044140052149e7,70540.88800768575,0.008769,1.194724958,0.365873542,4.065472833,13.225249625,0.566440209
tyndp/p2x_40_24_conical_hull_conical_bounded_0.01_economic,653657,40,24,conical_hull,conical_bounded,economic,0.01,5.169493381133663e6,7.004761594421587e6,88086.398154104,79.52148959669128,1.2196545210220373,40,0.9905708815279527,1.0000000000000002,0.0,0.4684931506849315,0.16705479452054794,347906,1933,8256,5199,OPTIMAL,3.995802615402347e7,0.0,3.9557243410342254e7,0.0,-2.7607744559033324e-8,656312,1351111,OPTIMAL,2.6785589683036007e7,0.0,2.6772629363039672e7,0.0,12960.31999925643,5492686,11336278,4.4192226037533365e7,1296.0319999256424,0.008735667,2.367082708,0.498832375,2.917663083,9.146326667,0.566440209
tyndp/p2x_80_24_k_means_dirac_0.01_economic,653657,80,24,k_means,dirac,economic,0.01,4.98359879593556e6,1.094500383445388e7,22670.43205386704,482.78761553584604,1.1260459483538965,80,1.0,1.0,0.0,0.0,0.0125,0,0,0,0,OPTIMAL,1.9413868136756808e7,0.0,1.923653728557032e7,0.0,0.0,1261112,2599151,OPTIMAL,2.7302500386938225e7,0.0,2.7221888383030523e7,0.0,80612.00391093959,5492686,11336278,6.360218595436089e7,8061.200391093964,0.008763125,0.501865334,1.833e-6,5.658561333,20.493068458,0.566440209
tyndp/p2x_80_24_k_means_convex_0.01_economic,653657,80,24,k_means,convex,economic,0.01,4.346236714492675e6,1.094500383445388e7,22670.43205386704,482.78761553584604,1.1260459483538965,80,1.0,1.0000000000000004,0.0,0.0,0.06095890410958904,911234,100000,0,0,OPTIMAL,2.07765567416436e7,0.0,2.0538119860567782e7,0.0,6.196380219030167e-9,1261112,2599151,OPTIMAL,2.6667067587668657e7,0.0,2.6650908547672335e7,0.0,16159.039999219303,5492686,11336278,3.697496979529646e7,1615.9039999219299,0.0087325,0.472264833,3.880023042,4.633994083,27.537167166,0.566440209
tyndp/p2x_80_24_k_means_conical_0.01_economic,653657,80,24,k_means,conical,economic,0.01,4.222085556735866e6,1.094500383445388e7,22670.43205386704,482.78761553584604,1.1260459483538965,80,1.016520278128856,1.1604367817390997,0.6246575342465753,0.35342465753424657,0.06253424657534247,768464,5606,0,0,OPTIMAL,2.1587666408041917e7,0.0,2.137282321872065e7,0.0,0.0,1261112,2599151,OPTIMAL,2.775893881624598e7,0.0,2.6978633922967434e7,0.0,780304.8932816649,5492686,11336278,6.482901518299785e7,78030.4893281665,0.008679875,0.490351083,1.482621459,5.802951542,43.038732375,0.566440209
tyndp/p2x_80_24_k_means_conical_bounded_0.01_economic,653657,80,24,k_means,conical_bounded,economic,0.01,4.319265860218915e6,1.094500383445388e7,22670.43205386704,482.78761553584604,1.1260459483538965,80,0.9839781724280794,1.0000000000000002,0.0,0.5397260273972603,0.06027397260273973,719216,4537,0,0,OPTIMAL,1.980982791720257e7,0.0,1.96088599811976e7,0.0,0.0,1261112,2599151,OPTIMAL,2.705251570647485e7,0.0,2.7045770039317757e7,0.0,6745.667160195311,5492686,11336278,6.852808629717949e7,674.5667160195311,0.009134167,0.451572958,2.427327875,5.969975959,44.124671333,0.566440209
tyndp/p2x_80_24_k_medoids_dirac_0.01_economic,653657,80,24,k_medoids,dirac,economic,0.01,6.290422401296902e6,1.1121150061345013e7,45234.15963917012,245.85733768589242,1.1613376451694408,80,1.0,1.0,0.0,0.0,0.0125,0,0,0,0,OPTIMAL,2.4818425589757048e7,0.0,2.4162163509756595e7,0.0,0.0,1261112,2599151,OPTIMAL,2.7514150154944174e7,0.0,2.730447914224202e7,0.0,209671.01270534788,5492686,11336278,5.9610812341729045e7,20967.10127053484,0.008894584,0.442442041,1.834e-6,5.819589959,19.012866458,0.566440209
tyndp/p2x_80_24_k_medoids_convex_0.01_economic,653657,80,24,k_medoids,convex,economic,0.01,4.400229391533985e6,1.1121150061345013e7,45234.15963917012,245.85733768589242,1.1613376451694408,80,1.0,1.0000000000000004,0.0,0.0,0.08174657534246575,650990,3462,0,0,OPTIMAL,2.4954483871423915e7,0.0,2.4694039130101595e7,0.0,0.0,1261112,2599151,OPTIMAL,2.6778615027313966e7,0.0,2.6769109107315224e7,0.0,9505.920001823182,5492686,11336278,6.021474179521845e7,950.5920001823179,0.008673875,0.508814708,3.158843334,4.627454333,35.205596958,0.566440209
tyndp/p2x_80_24_k_medoids_conical_0.01_economic,653657,80,24,k_medoids,conical,economic,0.01,4.235148607651611e6,1.1121150061345013e7,45234.15963917012,245.85733768589242,1.1613376451694408,80,0.995528747028967,1.168178952608105,0.38904109589041097,0.3917808219178082,0.08373287671232876,680696,3773,0,0,OPTIMAL,2.45977119872544e7,0.0,2.440703548981198e7,0.0,0.0,1261112,2599151,OPTIMAL,2.700093415357497e7,0.0,2.6858905077783603e7,0.0,142029.07579424168,5492686,11336278,6.162128683322163e7,14202.907579424173,0.008805083,0.465201708,2.549296834,4.891479625,37.066489458,0.566440209
tyndp/p2x_80_24_k_medoids_conical_bounded_0.01_economic,653657,80,24,k_medoids,conical_bounded,economic,0.01,4.321959753118142e6,1.1121150061345013e7,45234.15963917012,245.85733768589242,1.1613376451694408,80,0.9714575439427984,1.0000000000000002,0.0,0.5671232876712329,0.08065068493150684,653158,3493,0,0,OPTIMAL,2.3517452752393868e7,0.0,2.334685218306253e7,0.0,0.0,1261112,2599151,OPTIMAL,2.6905648275300626e7,0.0,2.6894169875302132e7,0.0,11478.400001588701,5492686,11336278,6.625533953669673e7,1147.8400001588702,0.008712916,0.493876333,3.212113375,4.636163375,34.600379833,0.566440209
tyndp/p2x_80_24_hierarchical_dirac_0.01_economic,653657,80,24,hierarchical,dirac,economic,0.01,6.183900499823317e6,1.0938029644262247e7,49105.95183026169,222.7434605497587,1.1568572542286104,80,1.0,1.0,0.0,0.0,0.0125,0,0,0,0,OPTIMAL,2.6128468160059296e7,0.0,2.5611491840058904e7,0.0,0.0,1261112,2599151,OPTIMAL,2.747758203625594e7,0.0,2.7297422469045743e7,0.0,180159.56721331,5492686,11336278,6.617131441650672e7,18015.956721331015,0.008711542,0.429196417,1.917e-6,5.72522325,19.712070083,0.566440209
tyndp/p2x_80_24_hierarchical_convex_0.01_economic,653657,80,24,hierarchical,convex,economic,0.01,4.253922021191871e6,1.0938029644262247e7,49105.95183026169,222.7434605497587,1.1568572542286104,80,1.0,1.0000000000000004,0.0,0.0,0.07979452054794521,613180,3709,0,0,OPTIMAL,2.93582336441551e7,0.0,2.9069193133955095e7,0.0,5.01087728664885e-9,1261112,2599151,OPTIMAL,2.6534322797045533e7,0.0,2.652149799705043e7,0.0,12824.79999822139,5492686,11336278,3.779847629432187e7,1282.4799998221376,0.008949625,0.424907625,2.083219833,5.862848541,24.394683916,0.566440209
tyndp/p2x_80_24_hierarchical_conical_0.01_economic,653657,80,24,hierarchical,conical,economic,0.01,4.1318780447756173e6,1.0938029644262247e7,49105.95183026169,222.7434605497587,1.1568572542286104,80,1.0157549487383395,1.1687663765285967,0.4931506849315068,0.2876712328767123,0.08304794520547945,649456,3693,0,0,OPTIMAL,3.0134872129546665e7,0.0,2.9837609871687893e7,0.0,-2.1002333766466868e-9,1261112,2599151,OPTIMAL,2.673728296328925e7,0.0,2.6597927256498117e7,0.0,139355.7067941467,5492686,11336278,4.4779301450177446e7,13935.570679414674,0.008745417,0.420537167,1.276409709,5.952422084,24.725365583,0.566440209
tyndp/p2x_80_24_hierarchical_conical_bounded_0.01_economic,653657,80,24,hierarchical,conical_bounded,economic,0.01,4.237423230143422e6,1.0938029644262247e7,49105.95183026169,222.7434605497587,1.1568572542286104,80,0.9845354720899556,1.0000000000000002,0.0,0.5178082191780822,0.0789041095890411,623081,3850,0,0,OPTIMAL,2.791037278954009e7,0.0,2.7635776298871864e7,0.0,-1.5721782685151256e-8,1261112,2599151,OPTIMAL,2.6570955088294353e7,0.0,2.655925375895882e7,0.0,11701.329338598356,5492686,11336278,3.701808902943422e7,1170.132933859835,0.008673584,0.451617542,2.115023417,5.957009959,27.447633708,0.566440209
tyndp/p2x_80_24_chronological_dirac_0.01_economic,653657,80,24,chronological,dirac,economic,0.01,7.838478073680419e6,1.090821274013239e7,50608.14751582344,215.54262061700172,1.1666597177920142,80,1.0,1.0,0.0,0.0,0.0125,0,0,0,0,OPTIMAL,2.4677896591387402e7,0.0,2.4565497071386e7,0.0,3686.3999999999965,1261112,2599151,OPTIMAL,2.808848993113005e7,0.0,2.7125166388987992e7,0.0,963323.5421452326,5492686,11336278,3.6017215660913266e7,96332.35421452316,0.008771958,0.458461041,1.667e-6,5.670724666,9.693120458,0.566440209
tyndp/p2x_80_24_chronological_convex_0.01_economic,653657,80,24,chronological,convex,economic,0.01,4.413080520120079e6,1.090821274013239e7,50608.14751582344,215.54262061700172,1.1666597177920142,80,1.0,1.0000000000000002,0.0,0.0,0.08291095890410959,646012,3274,0,0,OPTIMAL,2.643050169809907e7,0.0,2.625034120147459e7,0.0,0.0,1261112,2599151,OPTIMAL,2.6879077846535135e7,0.0,2.686981128653811e7,0.0,9266.560000042464,5492686,11336278,6.74384680771899e7,926.6560000042463,0.008678167,0.528701375,2.168152917,5.91437025,46.336016583,0.566440209
tyndp/p2x_80_24_chronological_conical_0.01_economic,653657,80,24,chronological,conical,economic,0.01,4.263230877883224e6,1.090821274013239e7,50608.14751582344,215.54262061700172,1.1666597177920142,80,1.0191746747128887,1.186304097720303,0.5315068493150685,0.2493150684931507,0.08691780821917808,683569,4040,0,0,OPTIMAL,2.751864135341782e7,0.0,2.7362035823926363e7,0.0,0.0,1261112,2599151,OPTIMAL,2.7144531417401157e7,0.0,2.6876978698500473e7,0.0,267552.71890364203,5492686,11336278,6.272909492091065e7,26755.271890364216,0.008597417,0.466011833,1.340159,5.966795542,44.235798917,0.566440209
tyndp/p2x_80_24_chronological_conical_bounded_0.01_economic,653657,80,24,chronological,conical_bounded,economic,0.01,4.38816973552863e6,1.090821274013239e7,50608.14751582344,215.54262061700172,1.1666597177920142,80,0.9835067776843522,1.0000000000000002,0.0,0.4849315068493151,0.08256849315068493,650151,3963,0,0,OPTIMAL,2.5357615900148388e7,0.0,2.5220924753225215e7,0.0,0.0,1261112,2599151,OPTIMAL,2.6959755753148865e7,0.0,2.6952912233152453e7,0.0,6843.519999506143,5492686,11336278,7.099236795120633e7,684.3519999506142,0.008875542,0.485878625,2.201793,6.064166916,41.940411042,0.566440209
tyndp/p2x_80_24_convex_hull_dirac_0.01_economic,653657,80,24,convex_hull,dirac,economic,0.01,6.693450307853962e6,1.120968049130499e7,49689.04996248099,225.5965952210628,1.1822527292763478,80,1.0,1.0,0.0,0.0,0.0125,0,0,19067,6608,OPTIMAL,2.7490422371730227e7,0.0,2.7086220451729976e7,0.0,0.0,1261112,2599151,OPTIMAL,2.7925434310127422e7,0.0,2.7342546994200494e7,0.0,582887.3159301223,5492686,11336278,5.449778365725837e7,58288.73159301219,0.008787959,11.835395625,1.0e-6,4.396142125,19.377614667,0.566440209
tyndp/p2x_80_24_convex_hull_convex_0.01_economic,653657,80,24,convex_hull,convex,economic,0.01,3.884313735986615e6,1.120968049130499e7,49689.04996248099,225.5965952210628,1.1822527292763478,80,1.0,1.0000000000000002,0.0,0.0,0.08962328767123287,597687,3175,19067,6608,OPTIMAL,3.162647713601627e7,0.0,3.1333246895171948e7,0.0,0.0,1261112,2599151,OPTIMAL,2.678415444152486e7,0.0,2.6776554787869226e7,0.0,7599.653658426436,5492686,11336278,5.9970938816787705e7,759.9653658426436,0.008746334,11.391127459,1.668915875,4.6847955,40.086478875,0.566440209
tyndp/p2x_80_24_convex_hull_conical_0.01_economic,653657,80,24,convex_hull,conical,economic,0.01,3.784302652378667e6,1.120968049130499e7,49689.04996248099,225.5965952210628,1.1822527292763478,80,1.004334678861947,1.189635242032065,0.41643835616438357,0.3643835616438356,0.09202054794520548,624829,3391,19067,6608,OPTIMAL,3.2558659662646733e7,0.0,3.226565788512595e7,0.0,0.0,1261112,2599151,OPTIMAL,2.6872510377860762e7,0.0,2.682418096678634e7,0.0,48329.411077349025,5492686,11336278,6.060230167445429e7,4832.941107734901,0.00880775,11.432191458,1.170881333,4.944818042,37.592393,0.566440209
tyndp/p2x_80_24_convex_hull_conical_bounded_0.01_economic,653657,80,24,convex_hull,conical_bounded,economic,0.01,3.8562963720821445e6,1.120968049130499e7,49689.04996248099,225.5965952210628,1.1822527292763478,80,0.9795200071160862,1.0000000000000002,0.0,0.5780821917808219,0.08876712328767124,599269,3340,19067,6608,OPTIMAL,3.0306775700698126e7,0.0,3.002783860834739e7,0.0,0.0,1261112,2599151,OPTIMAL,2.6873234219051693e7,0.0,2.686703896326831e7,0.0,6195.255786457119,5492686,11336278,6.32542015291926e7,619.5255786457119,0.008764834,10.728347792,2.015101125,4.672716542,35.9291835,0.566440209
tyndp/p2x_80_24_convex_hull_with_null_dirac_0.01_economic,653657,80,24,convex_hull_with_null,dirac,economic,0.01,6.724195545911489e6,1.1224156824075198e7,49790.18320552744,225.42911275789706,1.184449438644495,80,1.0,1.0,0.0,0.0,0.0125,0,0,19357,6683,OPTIMAL,3.0973072884686194e7,0.0,3.0593915444686104e7,0.0,0.0,1261112,2599151,OPTIMAL,2.7829123458121285e7,0.0,2.729980926610359e7,0.0,529314.1920209167,5492686,11336278,5.4888371655636854e7,52931.41920209159,0.009051083,10.992853208,9.16e-7,4.589893792,17.6981415,0.566440209
tyndp/p2x_80_24_convex_hull_with_null_convex_0.01_economic,653657,80,24,convex_hull_with_null,convex,economic,0.01,3.906696095040785e6,1.1224156824075198e7,49790.18320552744,225.42911275789706,1.184449438644495,80,1.0,1.0000000000000002,0.0,0.0,0.09041095890410959,607328,3415,19357,6683,OPTIMAL,3.460076031241691e7,0.0,3.431666581403942e7,0.0,0.0,1261112,2599151,OPTIMAL,2.6775123997312184e7,0.0,2.6768230336115666e7,0.0,6893.661199454384,5492686,11336278,6.077955873092963e7,689.3661199454384,0.008768542,10.297041875,2.028786417,5.746785,37.985414542,0.566440209
tyndp/p2x_80_24_convex_hull_with_null_conical_0.01_economic,653657,80,24,convex_hull_with_null,conical,economic,0.01,3.776477284632487e6,1.1224156824075198e7,49790.18320552744,225.42911275789706,1.184449438644495,80,0.9945320629309474,1.1956053568316176,0.3643835616438356,0.41643835616438357,0.09226027397260274,639008,3282,19357,6683,OPTIMAL,3.4034351780511975e7,0.0,3.376040965518972e7,0.0,0.0,1261112,2599151,OPTIMAL,2.6850397064564716e7,0.0,2.6827931137938112e7,0.0,22465.926629720645,5492686,11336278,6.140736800112145e7,2246.5926629720643,0.008829084,11.563513208,1.226330625,4.849556875,34.834415333,0.566440209
tyndp/p2x_80_24_convex_hull_with_null_conical_bounded_0.01_economic,653657,80,24,convex_hull_with_null,conical_bounded,economic,0.01,3.844098641903115e6,1.1224156824075198e7,49790.18320552744,225.42911275789706,1.184449438644495,80,0.9728233663665244,1.0000000000000002,0.0,0.5835616438356165,0.08965753424657534,612254,3343,19357,6683,OPTIMAL,3.1712806393788103e7,0.0,3.1442468601701144e7,0.0,0.0,1261112,2599151,OPTIMAL,2.6903432835451405e7,0.0,2.6896718701402865e7,0.0,6714.134051619118,5492686,11336278,6.59895165892794e7,671.4134051619117,0.008788916,10.827742667,1.751043917,4.663694084,37.769022083,0.566440209
tyndp/p2x_80_24_conical_hull_dirac_0.01_economic,653657,80,24,conical_hull,dirac,economic,0.01,6.903575359206994e6,9.960900884157468e6,46732.570883325,213.14686300966358,1.2056822901702018,80,1.0,1.0,0.0,0.0,0.0125,0,0,18816,6859,OPTIMAL,2.6558920677402765e7,0.0,2.60752939574027e7,0.0,0.0,1261112,2599151,OPTIMAL,2.7545099350684203e7,0.0,2.746726089972534e7,0.0,77838.45096185483,5492686,11336278,6.0444088188620985e7,7783.845096185478,0.009077458,2.267650709,1.042e-6,6.004164125,16.585246584,0.566440209
tyndp/p2x_80_24_conical_hull_convex_0.01_economic,653657,80,24,conical_hull,convex,economic,0.01,4.350208126977359e6,9.960900884157468e6,46732.570883325,213.14686300966358,1.2056822901702018,80,1.0,1.0000000000000004,0.0,0.0,0.08589041095890411,525297,3435,18816,6859,OPTIMAL,3.128480730499786e7,0.0,3.101405545571568e7,0.0,0.0,1261112,2599151,OPTIMAL,2.685071850227477e7,0.0,2.6835285702277556e7,0.0,15432.800000057547,5492686,11336278,5.8649980230689414e7,1543.2800000057546,0.008956792,2.31140575,2.904182667,4.58362975,35.518864583,0.566440209
tyndp/p2x_80_24_conical_hull_conical_0.01_economic,653657,80,24,conical_hull,conical,economic,0.01,3.9580774713944388e6,9.960900884157468e6,46732.570883325,213.14686300966358,1.2056822901702018,80,1.064968283410494,1.2727840794393264,0.663013698630137,0.1178082191780822,0.09565068493150684,581545,3357,18816,6859,OPTIMAL,3.77146217482146e7,0.0,3.746716005392784e7,0.0,1.1335613268930327e-8,1261112,2599151,OPTIMAL,2.716957445335946e7,0.0,2.663123017020378e7,0.0,538344.2831586667,5492686,11336278,3.887062960676747e7,53834.428315866535,0.008786166,3.848977375,1.084398292,4.698357792,29.512066917,0.566440209
tyndp/p2x_80_24_conical_hull_conical_bounded_0.01_economic,653657,80,24,conical_hull,conical_bounded,economic,0.01,4.367605205595791e6,9.960900884157468e6,46732.570883325,213.14686300966358,1.2056822901702018,80,0.9930764414998433,1.0000000000000002,0.0,0.4876712328767123,0.08595890410958903,523933,3661,18816,6859,OPTIMAL,3.0864490982421648e7,0.0,3.0604434971306358e7,0.0,0.0,1261112,2599151,OPTIMAL,2.6887019385143947e7,0.0,2.6876003385146867e7,0.0,11016.000000055223,5492686,11336278,6.138768302435955e7,1101.6000000055224,0.008809541,2.273938291,1.79134675,5.815864792,33.235803,0.566440209
tyndp/p2x_10_24_k_means_dirac_0.01,653657,10,24,k_means,dirac,unscaled,0.01,179.7547249997967,83.43163882962429,2.007467827766953,41.560635580611596,1.0563113707901255,10,1.0,1.0,0.0,0.0,0.1,0,0,0,0,OPTIMAL,1.5315438507877717e7,0.0,1.492468864345567e7,0.0,0.0,202712,415081,OPTIMAL,2.776475153447903e7,0.0,2.748046071032516e7,0.0,284290.8241571661,5492686,11336278,5.082746621316199e7,28429.082415716613,0.008708083,0.490542291,1.666e-6,1.299434541,1.44177375,0.566440209
tyndp/p2x_10_24_k_means_convex_0.01,653657,10,24,k_means,convex,unscaled,0.01,172.893357036494,83.43163882962429,2.007467827766953,41.560635580611596,1.0563113707901255,10,1.0,1.0000000000000002,0.0,0.0,0.2824657534246575,48511,366,0,0,OPTIMAL,1.5900624161432859e7,0.0,1.5516999685742e7,0.0,-1.1979250347544336e-9,202712,415081,OPTIMAL,2.737432855736917e7,0.0,2.735398839737268e7,0.0,20340.159999756994,5492686,11336278,5.1301647264176644e7,2034.0159999756993,0.008950167,0.453836917,0.081150125,1.267334292,2.202953917,0.566440209
tyndp/p2x_10_24_k_means_conical_0.01,653657,10,24,k_means,conical,unscaled,0.01,170.37712717823763,83.43163882962429,2.007467827766953,41.560635580611596,1.0563113707901255,10,1.0049334856867347,1.1491095299781078,0.5561643835616439,0.4438356164383562,0.28054794520547943,52067,338,0,0,OPTIMAL,1.5278778011810413e7,0.0,1.495329522648877e7,0.0,2.243334769857845e-9,202712,415081,OPTIMAL,2.819247379595788e7,0.0,2.739762184859934e7,0.0,794851.9473619326,5492686,11336278,5.795785556951429e7,79485.19473619331,0.008694125,0.424749333,0.022993083,1.254661542,2.119741125,0.566440209
tyndp/p2x_10_24_k_means_conical_bounded_0.01,653657,10,24,k_means,conical_bounded,unscaled,0.01,171.944195985827,83.43163882962429,2.007467827766953,41.560635580611596,1.0563113707901255,10,0.9747998215697504,1.0,0.0,0.4849315068493151,0.27479452054794523,49671,338,0,0,OPTIMAL,1.4392682856354736e7,0.0,1.4102548239844315e7,0.0,-2.2305101456666428e-9,202712,415081,OPTIMAL,2.7480072128059518e7,0.0,2.746140476806373e7,0.0,18667.359999001324,5492686,11336278,6.119473551299387e7,1866.7359999001328,0.008614625,0.471291,0.027906042,1.314609541,1.906978291,0.566440209
tyndp/p2x_10_24_k_medoids_dirac_0.01,653657,10,24,k_medoids,dirac,unscaled,0.01,231.24987398476708,83.40251091287274,5.924709228746185,14.077063986230895,1.1645927043444422,10,1.0,1.0,0.0,0.0,0.1,0,0,0,0,OPTIMAL,4.024961019071746e7,0.0,3.933606267071743e7,0.0,0.0,202712,415081,OPTIMAL,2.7653539511710852e7,0.0,2.7626645238992736e7,0.0,26894.27272134973,5492686,11336278,4.870340928753581e7,2689.4272721349735,0.008810917,0.444642167,1.709e-6,1.229036,1.542490625,0.566440209
tyndp/p2x_10_24_k_medoids_convex_0.01,653657,10,24,k_medoids,convex,unscaled,0.01,183.9048673074512,83.40251091287274,5.924709228746185,14.077063986230895,1.1645927043444422,10,1.0,1.0000000000000002,0.0,0.0,0.5367123287671233,44416,182,0,0,OPTIMAL,4.898042881416235e7,0.0,4.807627379064175e7,0.0,-4.132345981481845e-9,202712,415081,OPTIMAL,2.7314026268711485e7,0.0,2.7301220508714315e7,0.0,12805.759999952505,5492686,11336278,5.531661435977575e7,1280.5759999952502,0.008803541,0.428973625,0.027144708,1.300800917,2.204566125,0.566440209
tyndp/p2x_10_24_k_medoids_conical_0.01,653657,10,24,k_medoids,conical,unscaled,0.01,181.71930883209575,83.40251091287274,5.924709228746185,14.077063986230895,1.1645927043444422,10,0.9871824159099549,1.1433935724237947,0.4383561643835616,0.5342465753424658,0.5413698630136986,45149,185,0,0,OPTIMAL,4.46843739294937e7,0.0,4.386006397987651e7,0.0,-8.686887162359522e-10,202712,415081,OPTIMAL,2.7332532201421198e7,0.0,2.732321348142367e7,0.0,9318.72000044463,5492686,11336278,5.71160568498209e7,931.8720000444696,0.008978583,0.415826709,0.182470541,2.166040875,2.392076375,0.566440209
tyndp/p2x_10_24_k_medoids_conical_bounded_0.01,653657,10,24,k_medoids,conical_bounded,unscaled,0.01,182.54411659876294,83.40251091287274,5.924709228746185,14.077063986230895,1.1645927043444422,10,0.9642373768960417,1.0,0.0,0.6273972602739726,0.5290410958904109,44593,176,0,0,OPTIMAL,4.134031025973788e7,0.0,4.054616350839098e7,0.0,2.965565076973468e-10,202712,415081,OPTIMAL,2.734632483682405e7,0.0,2.7336084516827386e7,0.0,10240.319999522275,5492686,11336278,5.8570714252867185e7,1024.031999952227,0.008775667,0.418370792,0.02716925,1.310907458,2.326074416,0.566440209
tyndp/p2x_10_24_hierarchical_dirac_0.01,653657,10,24,hierarchical,dirac,unscaled,0.01,232.34923357299428,81.16485709116606,6.276715074593594,12.931104268170296,1.152199618612045,10,1.0,1.0,0.0,0.0,0.1,0,0,0,0,OPTIMAL,2.895156139968806e7,0.0,2.781084331968814e7,0.0,-2.96329910104925e-10,202712,415081,OPTIMAL,2.7898201005592752e7,0.0,2.7888695085596677e7,0.0,9505.919999105961,5492686,11336278,4.318594659125414e7,950.5919999105961,0.008738959,0.430443416,1.75e-6,2.1964525,1.588098375,0.566440209
tyndp/p2x_10_24_hierarchical_convex_0.01,653657,10,24,hierarchical,convex,unscaled,0.01,185.98069201641653,81.16485709116606,6.276715074593594,12.931104268170296,1.152199618612045,10,1.0,1.0000000000000002,0.0,0.0,0.530958904109589,46359,187,0,0,OPTIMAL,2.6489217939083215e7,0.0,2.587902789347517e7,0.0,-2.498057887827628e-8,202712,415081,OPTIMAL,2.758373249135081e7,0.0,2.7572525671883587e7,0.0,11206.819470160332,5492686,11336278,5.464288223367775e7,1120.6819470160349,0.008799709,0.452940083,0.026031166,2.2796535,2.5321055,0.566440209
tyndp/p2x_10_24_hierarchical_conical_0.01,653657,10,24,hierarchical,conical,unscaled,0.01,183.82755762867183,81.16485709116606,6.276715074593594,12.931104268170296,1.152199618612045,10,0.995413604492859,1.1817130638801723,0.4520547945205479,0.5205479452054794,0.5350684931506849,47205,213,0,0,OPTIMAL,2.5562120868803192e7,0.0,2.4989513598796777e7,0.0,9.243756414938398e-10,202712,415081,OPTIMAL,2.7691970092688803e7,0.0,2.7663909468798384e7,0.0,28060.623893398835,5492686,11336278,5.8525484048362575e7,2806.0623893399006,0.00875475,0.438044584,0.02024025,2.199128833,2.770177333,0.566440209
tyndp/p2x_10_24_hierarchical_conical_bounded_0.01,653657,10,24,hierarchical,conical_bounded,unscaled,0.01,184.91087392624354,81.16485709116606,6.276715074593594,12.931104268170296,1.152199618612045,10,0.9709160621332547,1.0000000000000002,0.0,0.6027397260273972,0.5254794520547945,46692,212,0,0,OPTIMAL,2.414650381686893e7,0.0,2.36513880848438e7,0.0,3.762893157239527e-8,202712,415081,OPTIMAL,2.7616744268035445e7,0.0,2.7607630621158827e7,0.0,9113.646879624173,5492686,11336278,5.91959753171163e7,911.3646879624137,0.008649459,0.440382417,0.026568708,1.288769208,2.383142708,0.566440209
tyndp/p2x_10_24_chronological_dirac_0.01,653657,10,24,chronological,dirac,unscaled,0.01,244.2474176341264,82.09067572668776,5.552666760620292,14.78400906549583,1.129549980551663,10,1.0,1.0,0.0,0.0,0.1,0,0,0,0,OPTIMAL,2.1763481303622503e7,0.0,2.0836076503622666e7,0.0,0.0,202712,415081,OPTIMAL,2.8401360456880108e7,0.0,2.838215748545391e7,0.0,19202.971429436388,5492686,11336278,4.978820853382946e7,1920.2971429436384,0.008804458,0.467228583,2.125e-6,1.373753459,1.974142708,0.566440209
tyndp/p2x_10_24_chronological_convex_0.01,653657,10,24,chronological,convex,unscaled,0.01,194.11233909088898,82.09067572668776,5.552666760620292,14.78400906549583,1.129549980551663,10,1.0,1.0000000000000002,0.0,0.0,0.5389041095890411,50271,212,0,0,OPTIMAL,2.1023962829478793e7,0.0,2.0477310344800465e7,0.0,4.01751112457077e-8,202712,415081,OPTIMAL,2.7778731388457403e7,0.0,2.7764553872344904e7,0.0,14177.516115769151,5492686,11336278,4.379100516733175e7,1417.7516115769097,0.0087395,0.431538167,0.075769125,1.431433959,2.993457875,0.566440209
tyndp/p2x_10_24_chronological_conical_0.01,653657,10,24,chronological,conical,unscaled,0.01,191.40788170584466,82.09067572668776,5.552666760620292,14.78400906549583,1.129549980551663,10,0.9827331697131926,1.1658657305870366,0.40821917808219177,0.5643835616438356,0.5389041095890411,51494,213,0,0,OPTIMAL,1.984778366276448e7,0.0,1.9459506088316888e7,0.0,-3.38158430896311e-8,202712,415081,OPTIMAL,2.8120375931784503e7,0.0,2.810698313178794e7,0.0,13392.800000029572,5492686,11336278,6.954445346441212e7,1339.280000002949,0.008739333,0.429774375,0.022447041,2.195847875,2.366856166,0.566440209
tyndp/p2x_10_24_chronological_conical_bounded_0.01,653657,10,24,chronological,conical_bounded,unscaled,0.01,192.25392466489538,82.09067572668776,5.552666760620292,14.78400906549583,1.129549980551663,10,0.960318317651331,1.0,0.0,0.6493150684931507,0.5287671232876713,51136,219,0,0,OPTIMAL,1.889759685488369e7,0.0,1.8552848204895884e7,0.0,-2.3232789231164168e-8,202712,415081,OPTIMAL,2.7874279296720788e7,0.0,2.7860295776723236e7,0.0,13983.520001025414,5492686,11336278,3.790521707433138e7,1398.3520001025408,0.008762333,0.451983917,0.029143292,2.292411666,2.357974833,0.566440209
tyndp/p2x_10_24_convex_hull_dirac_0.01,653657,10,24,convex_hull,dirac,unscaled,0.01,246.84362773420847,84.6055468356954,7.552087092183788,11.20293579813982,1.2181178042683267,10,1.0,1.0,0.0,0.0,0.1,0,0,729,2511,OPTIMAL,4.324906790160361e7,0.0,4.161224102160354e7,0.0,2.943835724359271e-10,202712,415081,OPTIMAL,2.9158228710567236e7,0.0,2.7961660457326695e7,0.0,1.196568253243996e6,5492686,11336278,5.121483435005428e7,119656.8253243996,0.008730333,1.87541725,1.084e-6,1.242349916,1.843701958,0.566440209
tyndp/p2x_10_24_convex_hull_convex_0.01,653657,10,24,convex_hull,convex,unscaled,0.01,178.32189621886133,84.6055468356954,7.552087092183788,11.20293579813982,1.2181178042683267,10,1.0,1.0000000000000002,0.0,0.0,0.5756164383561644,39082,180,729,2511,OPTIMAL,5.486457911551992e7,0.0,5.383571581421505e7,0.0,-5.509528784820558e-8,202712,415081,OPTIMAL,2.7343872409566738e7,0.0,2.7321392253231514e7,0.0,22480.1563382819,5492686,11336278,6.0239650403394096e7,2248.015633828195,0.008809875,1.865904833,0.021749,1.291344875,2.39901375,0.566440209
tyndp/p2x_10_24_convex_hull_conical_0.01,653657,10,24,convex_hull,conical,unscaled,0.01,175.63663920613223,84.6055468356954,7.552087092183788,11.20293579813982,1.2181178042683267,10,0.9773603909877067,1.130036888817422,0.37534246575342467,0.5972602739726027,0.5780821917808219,39456,165,729,2511,OPTIMAL,5.18196031087158e7,0.0,5.082116445741473e7,0.0,-3.384273268668298e-8,202712,415081,OPTIMAL,2.746230739595121e7,0.0,2.7437107294241983e7,0.0,25200.101712534575,5492686,11336278,6.270882662051469e7,2520.010171253457,0.008754875,0.68953725,0.03087525,1.302169834,2.471449041,0.566440209
tyndp/p2x_10_24_convex_hull_conical_bounded_0.01,653657,10,24,convex_hull,conical_bounded,unscaled,0.01,176.35416239810044,84.6055468356954,7.552087092183788,11.20293579813982,1.2181178042683267,10,0.9588674792413466,1.0,0.0,0.673972602739726,0.5663013698630137,39331,180,729,2511,OPTIMAL,4.926946744445881e7,0.0,4.8315719824603334e7,0.0,-7.735564581368889e-9,202712,415081,OPTIMAL,2.7392854564442683e7,0.0,2.7384328729507733e7,0.0,8525.83493807634,5492686,11336278,1.0847874415953237e8,852.5834938076288,0.008744166,0.703690958,0.04265125,1.28493375,2.614481041,0.566440209
tyndp/p2x_10_24_convex_hull_with_null_dirac_0.01,653657,10,24,convex_hull_with_null,dirac,unscaled,0.01,270.00111587539874,90.00293226212214,7.409413931286609,12.147105438674496,1.196796878854528,10,1.0,1.0,0.0,0.0,0.1,0,0,765,2840,OPTIMAL,5.409894607661405e7,0.0,5.270448735661389e7,0.0,0.0,202712,415081,OPTIMAL,4.158614003045696e7,0.0,2.863143110464515e7,0.0,1.2954708925815433e7,5492686,11336278,6.579419031377773e7,1.2954708925815413e6,0.008707417,1.732098709,1.0e-6,1.390691958,1.718553333,0.566440209
tyndp/p2x_10_24_convex_hull_with_null_convex_0.01,653657,10,24,convex_hull_with_null,convex,unscaled,0.01,195.80679958906566,90.00293226212214,7.409413931286609,12.147105438674496,1.196796878854528,10,1.0,1.0000000000000002,0.0,0.0,0.575068493150685,41829,175,765,2840,OPTIMAL,6.514320795144086e7,0.0,6.379492698422352e7,0.0,2.0338718464044927e-9,202712,415081,OPTIMAL,2.7489142924139466e7,0.0,2.7464747724142067e7,0.0,24395.200000364457,5492686,11336278,5.968099590813381e7,2439.5200000364375,0.008809667,0.820261,0.821662791,1.534905625,2.366951208,0.566440209
tyndp/p2x_10_24_convex_hull_with_null_conical_0.01,653657,10,24,convex_hull_with_null,conical,unscaled,0.01,184.4559284107476,90.00293226212214,7.409413931286609,12.147105438674496,1.196796878854528,10,0.9122151871781479,1.1182589396184421,0.21643835616438356,0.7561643835616438,0.5665753424657535,42181,167,765,2840,OPTIMAL,5.0583508791265294e7,0.0,4.98087031316962e7,0.0,4.813372076423536e-8,202712,415081,OPTIMAL,2.764644295169195e7,0.0,2.7635783751695316e7,0.0,10659.200000038285,5492686,11336278,6.445709806582847e7,1065.9200000038413,0.008379792,0.8883365,0.022732708,1.311391709,2.355186666,0.566440209
tyndp/p2x_10_24_convex_hull_with_null_conical_bounded_0.01,653657,10,24,convex_hull_with_null,conical_bounded,unscaled,0.01,184.85243805948198,90.00293226212214,7.409413931286609,12.147105438674496,1.196796878854528,10,0.9028400142383413,1.0,0.0,0.7917808219178082,0.5616438356164384,41911,179,765,2840,OPTIMAL,4.919847734900436e7,0.0,4.8442904377759814e7,0.0,6.396844132505541e-8,202712,415081,OPTIMAL,2.7596582137307197e7,0.0,2.758592293730864e7,0.0,10659.200001832622,5492686,11336278,6.415606609027734e7,1065.9200001832617,0.008744375,0.676127167,0.042417708,1.294727042,2.473080167,0.566440209
tyndp/p2x_10_24_conical_hull_dirac_0.01,653657,10,24,conical_hull,dirac,unscaled,0.01,250.70407935449373,74.71645331922672,7.791956176113053,9.588921142585063,1.2358250366797774,10,1.0,1.0,0.0,0.0,0.1,0,0,670,2570,OPTIMAL,4.296830951364195e7,0.0,4.258742119364201e7,0.0,0.0,202712,415081,OPTIMAL,2.781235249471073e7,0.0,2.7795962574717373e7,0.0,16389.91999676248,5492686,11336278,2.9745319846806243e7,1638.9919996762478,0.008702084,1.856453459,1.375e-6,1.226504042,1.497826125,0.566440209
tyndp/p2x_10_24_conical_hull_convex_0.01,653657,10,24,conical_hull,convex,unscaled,0.01,190.083806692222,74.71645331922672,7.791956176113053,9.588921142585063,1.2358250366797774,10,1.0,1.0000000000000002,0.0,0.0,0.5473972602739726,34211,153,670,2570,OPTIMAL,4.5395959197858155e7,0.0,4.5318343857638e7,0.0,0.0,202712,415081,OPTIMAL,2.7356174480853345e7,0.0,2.7346945672102712e7,0.0,9228.808753708267,5492686,11336278,3.593428946410736e7,922.8808753708267,0.0087295,0.789999791,0.022105084,1.555319875,2.420554958,0.566440209
tyndp/p2x_10_24_conical_hull_conical_0.01,653657,10,24,conical_hull,conical,unscaled,0.01,184.7244621734215,74.71645331922672,7.791956176113053,9.588921142585063,1.2358250366797774,10,1.064506917158891,1.3205949876906902,0.7616438356164383,0.21095890410958903,0.5778082191780822,36016,141,670,2570,OPTIMAL,5.136157029500527e7,0.0,5.124735589639047e7,0.0,-4.524687783245467e-9,202712,415081,OPTIMAL,2.739706257692857e7,0.0,2.736404230864866e7,0.0,33020.26828291198,5492686,11336278,3.733596283394908e7,3302.0268282911934,0.008768333,1.91087825,0.017658333,1.319353708,2.428914667,0.566440209
tyndp/p2x_10_24_conical_hull_conical_bounded_0.01,653657,10,24,conical_hull,conical_bounded,unscaled,0.01,189.82583149761552,74.71645331922672,7.791956176113053,9.588921142585063,1.2358250366797774,10,0.9892458940700105,1.0000000000000002,0.0,0.3424657534246575,0.5430136986301369,34124,153,670,2570,OPTIMAL,4.460634189053594e7,0.0,4.453137539452785e7,0.0,0.0,202712,415081,OPTIMAL,2.7409895370936956e7,0.0,2.7402704322145086e7,0.0,7191.048794841963,5492686,11336278,4.317835253861449e7,719.1048794841963,0.008827958,0.599522833,0.023017958,1.327907791,2.398573583,0.566440209
tyndp/p2x_20_24_k_means_dirac_0.01,653657,20,24,k_means,dirac,unscaled,0.01,169.30673978405588,116.11149265871842,1.6108374643922272,72.08144535086758,1.0746483626436536,20,1.0,1.0,0.0,0.0,0.05,0,0,0,0,OPTIMAL,1.514038972190078e7,0.0,1.4919487600864636e7,0.0,0.0,353912,727091,OPTIMAL,2.7874476781066984e7,0.0,2.737849810054158e7,0.0,495978.6805284078,5492686,11336278,5.0334850745344594e7,49597.86805284077,0.008782,0.439695625,1.25e-6,1.673229041,3.879938208,0.566440209
tyndp/p2x_20_24_k_means_convex_0.01,653657,20,24,k_means,convex,unscaled,0.01,160.65216953578633,116.11149265871842,1.6108374643922272,72.08144535086758,1.0746483626436536,20,1.0,1.0000000000000002,0.0,0.0,0.17493150684931508,80241,519,0,0,OPTIMAL,1.5564748473339366e7,0.0,1.5345618650131265e7,0.0,-1.0292061972016228e-9,353912,727091,OPTIMAL,2.7146039091774873e7,0.0,2.7127119251777586e7,0.0,18919.840000422868,5492686,11336278,5.402138079737221e7,1891.9840000422869,0.008658208,0.450654708,0.253158458,2.737157083,4.259156625,0.566440209
tyndp/p2x_20_24_k_means_conical_0.01,653657,20,24,k_means,conical,unscaled,0.01,158.04477035315057,116.11149265871842,1.6108374643922272,72.08144535086758,1.0746483626436536,20,1.013780738305169,1.163496613103398,0.6191780821917808,0.38082191780821917,0.17465753424657535,83950,483,0,0,OPTIMAL,1.5920216824874923e7,0.0,1.5703205582778493e7,0.0,0.0,353912,727091,OPTIMAL,2.8071335500195656e7,0.0,2.7455744722187568e7,0.0,615590.7780112328,5492686,11336278,6.5482332361692935e7,61559.07780112328,0.008624625,0.459845666,0.037894333,1.743788667,8.222921,0.566440209
tyndp/p2x_20_24_k_means_conical_bounded_0.01,653657,20,24,k_means,conical_bounded,unscaled,0.01,159.84768587656987,116.11149265871842,1.6108374643922272,72.08144535086758,1.0746483626436536,20,0.9797437262375859,1.0000000000000002,0.0,0.4767123287671233,0.1695890410958904,80460,519,0,0,OPTIMAL,1.4803712250933642e7,0.0,1.462305388156027e7,0.0,4.882669711716143e-9,353912,727091,OPTIMAL,2.7204139004879486e7,0.0,2.7187574204882566e7,0.0,16564.799999933428,5492686,11336278,6.1785942255294986e7,1656.4799999933464,0.008643375,0.459762417,0.085943625,2.661098333,4.097398791,0.566440209
tyndp/p2x_20_24_k_medoids_dirac_0.01,653657,20,24,k_medoids,dirac,unscaled,0.01,217.67327072233013,117.59052497800934,4.772877864307264,24.637237390334192,1.1708234993614235,20,1.0,1.0,0.0,0.0,0.05,0,0,0,0,OPTIMAL,3.486415629462383e7,0.0,3.449340173462403e7,0.0,-7.478067547910743e-11,353912,727091,OPTIMAL,2.8373112913303357e7,0.0,2.7430713911637157e7,0.0,942399.0016694979,5492686,11336278,4.689174639248726e7,94239.9001669498,0.008866833,0.430129583,1.959e-6,2.554137083,3.505851625,0.566440209
tyndp/p2x_20_24_k_medoids_convex_0.01,653657,20,24,k_medoids,convex,unscaled,0.01,167.3193964035831,117.59052497800934,4.772877864307264,24.637237390334192,1.1708234993614235,20,1.0,1.0000000000000004,0.0,0.0,0.3404109589041096,74233,322,0,0,OPTIMAL,3.806667951166836e7,0.0,3.7789129606924675e7,0.0,-2.538132774470685e-8,353912,727091,OPTIMAL,2.7086397123124823e7,0.0,2.707753856312829e7,0.0,8858.559999545652,5492686,11336278,5.4580097812957674e7,885.8559999545686,0.008738709,0.456563667,0.054811667,2.811819917,4.766792041,0.566440209
tyndp/p2x_20_24_k_medoids_conical_0.01,653657,20,24,k_medoids,conical,unscaled,0.01,165.04895479940842,117.59052497800934,4.772877864307264,24.637237390334192,1.1708234993614235,20,0.9992351746802649,1.1701555837640882,0.4849315068493151,0.4602739726027397,0.34383561643835614,75250,318,0,0,OPTIMAL,3.595840166310637e7,0.0,3.572371489620049e7,0.0,-1.7005600067798256e-8,353912,727091,OPTIMAL,2.71255137197592e7,0.0,2.7112941879762325e7,0.0,12571.839999839414,5492686,11336278,5.686045071812696e7,1257.1839999839394,0.009030625,0.403641208,0.046172916,1.870091209,4.430539667,0.566440209
tyndp/p2x_20_24_k_medoids_conical_bounded_0.01,653657,20,24,k_medoids,conical_bounded,unscaled,0.01,166.25182732360437,117.59052497800934,4.772877864307264,24.637237390334192,1.1708234993614235,20,0.9715786885532662,1.0000000000000002,0.0,0.6246575342465753,0.33643835616438356,73550,323,0,0,OPTIMAL,3.3097584849743452e7,0.0,3.2892195014451806e7,0.0,-2.758172004053239e-10,353912,727091,OPTIMAL,2.7126919500236392e7,0.0,2.7110543872829672e7,0.0,16375.627409755498,5492686,11336278,5.611379205056368e7,1637.5627409755505,0.008787083,0.424121916,0.068614041,1.889131125,4.57304475,0.566440209
tyndp/p2x_20_24_hierarchical_dirac_0.01,653657,20,24,hierarchical,dirac,unscaled,0.01,217.79308045703442,116.30998045730809,4.73825987183036,24.546982141859235,1.1731531989512196,20,1.0,1.0,0.0,0.0,0.05,0,0,0,0,OPTIMAL,3.391487981990349e7,0.0,3.3701097099903055e7,0.0,0.0,353912,727091,OPTIMAL,2.837791098898048e7,0.0,2.7951270179087624e7,0.0,426640.809895826,5492686,11336278,6.149236784594335e7,42664.08098958268,0.008664791,0.450807042,1.875e-6,2.613025792,3.70861475,0.566440209
tyndp/p2x_20_24_hierarchical_convex_0.01,653657,20,24,hierarchical,convex,unscaled,0.01,164.58221245419202,116.30998045730809,4.73825987183036,24.546982141859235,1.1731531989512196,20,1.0,1.0000000000000002,0.0,0.0,0.3265753424657534,73490,305,0,0,OPTIMAL,3.369576241015133e7,0.0,3.359491965834058e7,0.0,0.0,353912,727091,OPTIMAL,2.7234088829889387e7,0.0,2.7219785150840156e7,0.0,14303.679052184469,5492686,11336278,6.369037015306493e7,1430.3679052184466,0.008744333,0.435209791,0.243252375,2.774274083,5.834464666,0.566440209
tyndp/p2x_20_24_hierarchical_conical_0.01,653657,20,24,hierarchical,conical,unscaled,0.01,162.3860675953647,116.30998045730809,4.73825987183036,24.546982141859235,1.1731531989512196,20,1.0031503950483065,1.2248669582419554,0.5232876712328767,0.42191780821917807,0.3310958904109589,74177,339,0,0,OPTIMAL,3.384903177729155e7,0.0,3.375738379456491e7,0.0,-4.129822113642357e-9,353912,727091,OPTIMAL,2.707989527095747e7,0.0,2.7060844882054333e7,0.0,19050.38890616525,5492686,11336278,9.788709479344611e7,1905.0388906165326,0.008706375,0.421618333,0.050116042,1.747560166,4.883340125,0.566440209
tyndp/p2x_20_24_hierarchical_conical_bounded_0.01,653657,20,24,hierarchical,conical_bounded,unscaled,0.01,163.6964256643763,116.30998045730809,4.73825987183036,24.546982141859235,1.1731531989512196,20,0.9743892740047047,1.0000000000000002,0.0,0.6438356164383562,0.32109589041095893,73261,313,0,0,OPTIMAL,3.181161033954765e7,0.0,3.1727035518618356e7,0.0,12306.91780017504,353912,727091,OPTIMAL,2.7098080831918675e7,0.0,2.7086042111921433e7,0.0,12038.720000037634,5492686,11336278,4.348709549521655e7,1203.8720000037633,0.008892125,0.469093583,0.086847,1.911614,4.0938625,0.566440209
tyndp/p2x_20_24_chronological_dirac_0.01,653657,20,24,chronological,dirac,unscaled,0.01,230.88937115845934,115.68808488377859,4.7107410301761705,24.558362292195913,1.15143616196879,20,1.0,1.0,0.0,0.0,0.05,0,0,0,0,OPTIMAL,1.9996107587137207e7,0.0,1.9459439427137412e7,0.0,0.0,353912,727091,OPTIMAL,3.072046306889035e7,0.0,2.854362792352575e7,0.0,2.1768351453679968e6,5492686,11336278,6.736351434672908e7,217683.5145367991,0.008622416,0.406864834,1.625e-6,2.830649791,2.600334959,0.566440209
tyndp/p2x_20_24_chronological_convex_0.01,653657,20,24,chronological,convex,unscaled,0.01,172.4697893862703,115.68808488377859,4.7107410301761705,24.558362292195913,1.15143616196879,20,1.0,1.0000000000000002,0.0,0.0,0.32972602739726026,75529,320,0,0,OPTIMAL,2.0983861749825194e7,0.0,2.0722999411290612e7,0.0,-1.7112334661711483e-9,353912,727091,OPTIMAL,2.7447032641579702e7,0.0,2.7429823201583795e7,0.0,17209.439999174992,5492686,11336278,4.954433622653196e7,1720.9439999174995,0.008774208,0.417338,0.070332625,1.887588125,4.308569375,0.566440209
tyndp/p2x_20_24_chronological_conical_0.01,653657,20,24,chronological,conical,unscaled,0.01,170.02756197678775,115.68808488377859,4.7107410301761705,24.558362292195913,1.15143616196879,20,1.001787687691523,1.245694774069031,0.4849315068493151,0.4602739726027397,0.33452054794520547,76025,337,0,0,OPTIMAL,2.1026419347899467e7,0.0,2.0778368669781167e7,0.0,-5.5422471124025255e-9,353912,727091,OPTIMAL,2.742192401041528e7,0.0,2.740549221428532e7,0.0,16431.79613316647,5492686,11336278,4.9353647683468014e7,1643.179613316639,0.008718042,0.437955125,0.059047291,1.774223542,4.784686084,0.566440209
tyndp/p2x_20_24_chronological_conical_bounded_0.01,653657,20,24,chronological,conical_bounded,unscaled,0.01,171.42292726534902,115.68808488377859,4.7107410301761705,24.558362292195913,1.15143616196879,20,0.9718645434957074,1.0000000000000002,0.0,0.6273972602739726,0.3234246575342466,75108,341,0,0,OPTIMAL,2.0334118500877123e7,0.0,2.0140634943645824e7,0.0,-3.1369684761783313e-9,353912,727091,OPTIMAL,2.753226541535344e7,0.0,2.751427654090991e7,0.0,17988.874446785427,5492686,11336278,4.900298178345243e7,1798.8874446785333,0.008656333,0.417435333,0.06965325,1.871850209,4.533680875,0.566440209
tyndp/p2x_20_24_convex_hull_dirac_0.01,653657,20,24,convex_hull,dirac,unscaled,0.01,234.794646357176,122.24183682195269,5.794860306577624,21.0948720684774,1.2081416550674675,20,1.0,1.0,0.0,0.0,0.05,0,0,2842,3903,OPTIMAL,3.685191806683798e7,0.0,3.592576414683805e7,0.0,0.0,353912,727091,OPTIMAL,2.8498529021837357e7,0.0,2.8181898865293764e7,0.0,316630.15654703986,5492686,11336278,8.099854240069932e7,31663.01565470404,0.008594292,0.868805417,1.125e-6,1.6923205,4.013999625,0.566440209
tyndp/p2x_20_24_convex_hull_convex_0.01,653657,20,24,convex_hull,convex,unscaled,0.01,165.0247890976292,122.24183682195269,5.794860306577624,21.0948720684774,1.2081416550674675,20,1.0,1.0000000000000002,0.0,0.0,0.35191780821917806,65904,306,2842,3903,OPTIMAL,5.262976227136305e7,0.0,5.207502773913011e7,0.0,3.190870465530844e-8,353912,727091,OPTIMAL,2.714848413042986e7,0.0,2.7127393250433348e7,0.0,21090.879999565994,5492686,11336278,5.726319391927686e7,2109.0879999565977,0.008725833,1.819182333,0.189544542,1.886119583,5.490356834,0.566440209
tyndp/p2x_20_24_convex_hull_conical_0.01,653657,20,24,convex_hull,conical,unscaled,0.01,162.34285930298051,122.24183682195269,5.794860306577624,21.0948720684774,1.2081416550674675,20,0.9785957273978437,1.1550704680602062,0.3643835616438356,0.5808219178082191,0.3612328767123288,67170,288,2842,3903,OPTIMAL,5.0187148278486945e7,0.0,4.965162967543023e7,0.0,-1.8263526097887804e-8,353912,727091,OPTIMAL,2.7126986676069085e7,0.0,2.7105895796071403e7,0.0,21090.88000085595,5492686,11336278,4.7020396444348976e7,2109.088000085593,0.008805667,0.87057325,0.041441333,1.869984458,5.23523125,0.566440209
tyndp/p2x_20_24_convex_hull_conical_bounded_0.01,653657,20,24,convex_hull,conical_bounded,unscaled,0.01,163.1507435693042,122.24183682195269,5.794860306577624,21.0948720684774,1.2081416550674675,20,0.9604363918631337,1.0000000000000002,0.0,0.7178082191780822,0.35232876712328765,66823,274,2842,3903,OPTIMAL,4.813665865152229e7,0.0,4.7625062152329944e7,0.0,3.8542407656200435e-9,353912,727091,OPTIMAL,2.72454283357904e7,0.0,2.7224337455793533e7,0.0,21090.88000014765,5492686,11336278,6.307051285625801e7,2109.0880000147663,0.008737125,1.857980917,0.164802083,1.955352458,5.123835875,0.566440209
tyndp/p2x_20_24_convex_hull_with_null_dirac_0.01,653657,20,24,convex_hull_with_null,dirac,unscaled,0.01,235.4895348289904,122.2740717366647,6.249486490580302,19.565459005466355,1.2060994757889825,20,1.0,1.0,0.0,0.0,0.05,0,0,2548,4562,OPTIMAL,2.4192308923612695e7,0.0,2.363746156361263e7,0.0,0.0,353912,727091,OPTIMAL,3.047530581937418e7,0.0,2.7631660598764423e7,0.0,2.843645220613056e6,5492686,11336278,4.1761414873857416e7,284364.5220613049,0.008707084,2.207118791,1.167e-6,1.737136667,3.778147708,0.566440209
tyndp/p2x_20_24_convex_hull_with_null_convex_0.01,653657,20,24,convex_hull_with_null,convex,unscaled,0.01,167.01879368811618,122.2740717366647,6.249486490580302,19.565459005466355,1.2060994757889825,20,1.0,1.0000000000000002,0.0,0.0,0.353972602739726,65192,276,2548,4562,OPTIMAL,3.459120117912342e7,0.0,3.400564314832978e7,0.0,0.0,353912,727091,OPTIMAL,2.7409640415627863e7,0.0,2.740164905563136e7,0.0,7991.359999735525,5492686,11336278,7.274252365671729e7,799.1359999735525,0.0087445,2.1780035,0.0636365,1.800661708,5.36542275,0.566440209
tyndp/p2x_20_24_convex_hull_with_null_conical_0.01,653657,20,24,convex_hull_with_null,conical,unscaled,0.01,161.50745773531398,122.2740717366647,6.249486490580302,19.565459005466355,1.2060994757889825,20,0.9612263560774529,1.1458348783050645,0.3315068493150685,0.6136986301369863,0.35383561643835615,65022,266,2548,4562,OPTIMAL,3.2527128417509712e7,0.0,3.2172508781087995e7,0.0,7.011750625376988e-8,353912,727091,OPTIMAL,2.728211274942605e7,0.0,2.7263872429428864e7,0.0,18240.320000540632,5492686,11336278,5.385338272015669e7,1824.0320000540682,0.008709417,0.937522541,0.040325834,2.794330083,4.807031542,0.566440209
tyndp/p2x_20_24_convex_hull_with_null_conical_bounded_0.01,653657,20,24,convex_hull_with_null,conical_bounded,unscaled,0.01,162.43113544769255,122.2740717366647,6.249486490580302,19.565459005466355,1.2060994757889825,20,0.9437215856971429,1.0000000000000002,0.0,0.7534246575342466,0.34506849315068494,65260,285,2548,4562,OPTIMAL,3.099697986568017e7,0.0,3.0665341610582594e7,0.0,-3.594716249190174e-8,353912,727091,OPTIMAL,2.7285145654390123e7,0.0,2.7266905334393047e7,0.0,18240.32000036488,5492686,11336278,5.762992627459903e7,1824.0320000364854,0.008723917,0.981836208,0.073635667,1.77557925,4.80545175,0.566440209
tyndp/p2x_20_24_conical_hull_dirac_0.01,653657,20,24,conical_hull,dirac,unscaled,0.01,232.87849358832202,105.15492075598438,5.6092313366626625,18.7467612663215,1.2444777884470208,20,1.0,1.0,0.0,0.0,0.05,0,0,2555,4190,OPTIMAL,3.528970066370902e7,0.0,3.496687570370887e7,0.0,0.0,353912,727091,OPTIMAL,2.7720876408207826e7,0.0,2.7698387928208552e7,0.0,22488.480002901495,5492686,11336278,3.91627392204153e7,2248.8480002901497,0.008673417,0.794843292,1.209e-6,1.785160709,4.93337175,0.566440209
tyndp/p2x_20_24_conical_hull_convex_0.01,653657,20,24,conical_hull,convex,unscaled,0.01,171.35077163920687,105.15492075598438,5.6092313366626625,18.7467612663215,1.2444777884470208,20,1.0,1.0000000000000002,0.0,0.0,0.3441095890410959,57631,277,2555,4190,OPTIMAL,4.223700498047169e7,0.0,4.2087836776650496e7,0.0,-9.113166303325584e-10,353912,727091,OPTIMAL,2.7122542932876654e7,0.0,2.7106256813622564e7,0.0,16286.119257108332,5492686,11336278,4.275680763511795e7,1628.61192571083,0.008662834,2.143276292,0.054479375,1.769158542,5.338172792,0.566440209
tyndp/p2x_20_24_conical_hull_conical_0.01,653657,20,24,conical_hull,conical,unscaled,0.01,163.44984444053466,105.15492075598438,5.6092313366626625,18.7467612663215,1.2444777884470208,20,1.0795599204320854,1.3061260100764416,0.7917808219178082,0.15342465753424658,0.3747945205479452,60066,285,2555,4190,OPTIMAL,4.494029734869551e7,0.0,4.471781118783127e7,0.0,0.0,353912,727091,OPTIMAL,2.711900685773116e7,0.0,2.7105338774084687e7,0.0,13668.083649644817,5492686,11336278,3.296812654044748e7,1366.8083649644818,0.008722375,2.08156725,0.041744167,1.7647825,6.397061834,0.566440209
tyndp/p2x_20_24_conical_hull_conical_bounded_0.01,653657,20,24,conical_hull,conical_bounded,unscaled,0.01,171.36052074434926,105.15492075598438,5.6092313366626625,18.7467612663215,1.2444777884470208,20,0.9912563215358642,1.0000000000000002,0.0,0.4438356164383562,0.34342465753424656,57877,277,2555,4190,OPTIMAL,4.188100035657366e7,0.0,4.17457746082674e7,0.0,0.0,353912,727091,OPTIMAL,2.7241896093869153e7,0.0,2.7228001334615547e7,0.0,13894.759256672674,5492686,11336278,5.001587798036597e7,1389.4759256672676,0.0087515,0.763495791,0.061229125,1.779951584,5.918858375,0.566440209
tyndp/p2x_40_24_k_means_dirac_0.01,653657,40,24,k_means,dirac,unscaled,0.01,157.73800486404926,163.10400433039152,1.3280241331468572,122.81704847027426,1.1006692496628758,40,1.0,1.0,0.0,0.0,0.025,0,0,0,0,OPTIMAL,1.6679670872440886e7,0.0,1.6486079940359494e7,0.0,0.0,656312,1351111,OPTIMAL,2.7163540247225035e7,0.0,2.7149838381371804e7,0.0,13701.865856489267,5492686,11336278,4.486890070867646e7,1370.1865856489267,0.008787292,0.464754333,1.792e-6,3.799626291,8.291493375,0.566440209
tyndp/p2x_40_24_k_means_convex_0.01,653657,40,24,k_means,convex,unscaled,0.01,147.876968538804,163.10400433039152,1.3280241331468572,122.81704847027426,1.1006692496628758,40,1.0,1.0000000000000002,0.0,0.0,0.10678082191780822,121336,821,0,0,OPTIMAL,1.7006058876401857e7,0.0,1.6827235225193996e7,0.0,0.0,656312,1351111,OPTIMAL,2.7269010769644156e7,0.0,2.725790543784604e7,0.0,11105.331801088632,5492686,11336278,6.642711781361451e7,1110.5331801088632,0.008705167,0.478504084,0.21505575,4.039207125,17.48364275,0.566440209
tyndp/p2x_40_24_k_means_conical_0.01,653657,40,24,k_means,conical,unscaled,0.01,145.84225203126698,163.10400433039152,1.3280241331468572,122.81704847027426,1.1006692496628758,40,1.0140124406396203,1.1463846808676794,0.6328767123287671,0.36712328767123287,0.1095890410958904,128169,729,0,0,OPTIMAL,1.7116646824210387e7,0.0,1.6931374136097e7,0.0,-3.3232694522822737e-9,656312,1351111,OPTIMAL,2.739335878999672e7,0.0,2.6971876705072857e7,0.0,421482.0849267945,5492686,11336278,4.533908203391148e7,42148.20849267936,0.008617208,0.444737292,0.298528459,3.739222791,13.336637583,0.566440209
tyndp/p2x_40_24_k_means_conical_bounded_0.01,653657,40,24,k_means,conical_bounded,unscaled,0.01,147.37124933077823,163.10400433039152,1.3280241331468572,122.81704847027426,1.1006692496628758,40,0.9831376310249291,1.0000000000000002,0.0,0.5424657534246575,0.10438356164383561,120979,821,0,0,OPTIMAL,1.614330402200881e7,0.0,1.5981394237812195e7,0.0,-4.167677465472969e-9,656312,1351111,OPTIMAL,2.7007934549660146e7,0.0,2.6980340149661973e7,0.0,27594.400001140864,5492686,11336278,4.3605527528380886e7,2759.4400001140857,0.008655083,0.586401916,0.216167625,2.740462584,10.038598333,0.566440209
tyndp/p2x_40_24_k_medoids_dirac_0.01,653657,40,24,k_medoids,dirac,unscaled,0.01,200.6938694304151,162.57683111053188,3.7687550579549187,43.13807307996099,1.1863250509249834,40,1.0,1.0,0.0,0.0,0.025,0,0,0,0,OPTIMAL,2.5276111695265185e7,0.0,2.4818670415265106e7,0.0,0.0,656312,1351111,OPTIMAL,2.7554202131481774e7,0.0,2.7285700594499752e7,0.0,268501.53698528296,5492686,11336278,4.1291685070330285e7,26850.15369852829,0.008762958,0.426952084,1.875e-6,2.70856475,9.266933959,0.566440209
tyndp/p2x_40_24_k_medoids_convex_0.01,653657,40,24,k_medoids,convex,unscaled,0.01,149.68486876161955,162.57683111053188,3.7687550579549187,43.13807307996099,1.1863250509249834,40,1.0,1.0000000000000004,0.0,0.0,0.19397260273972602,104284,509,0,0,OPTIMAL,2.5191717452135675e7,0.0,2.5023964444724392e7,0.0,6.548582508605782e-10,656312,1351111,OPTIMAL,2.696885329447272e7,0.0,2.6952356494475506e7,0.0,16496.80000017212,5492686,11336278,4.94579214395461e7,1649.6800000172125,0.008656834,0.42654,0.194185917,3.787075917,14.416800958,0.566440209
tyndp/p2x_40_24_k_medoids_conical_0.01,653657,40,24,k_medoids,conical,unscaled,0.01,147.22349864387547,162.57683111053188,3.7687550579549187,43.13807307996099,1.1863250509249834,40,1.0093559926945914,1.1607367858320825,0.536986301369863,0.35342465753424657,0.2002054794520548,107771,508,0,0,OPTIMAL,2.585573484686978e7,0.0,2.5704269711164325e7,0.0,12302.636209864968,656312,1351111,OPTIMAL,2.6912509930619024e7,0.0,2.6901124490621977e7,0.0,11385.440000061557,5492686,11336278,4.4817272162577584e7,1138.5440000061549,0.00871775,0.440762833,0.120593708,2.851170459,11.612228167,0.566440209
tyndp/p2x_40_24_k_medoids_conical_bounded_0.01,653657,40,24,k_medoids,conical_bounded,unscaled,0.01,148.89147676046704,162.57683111053188,3.7687550579549187,43.13807307996099,1.1863250509249834,40,0.976750174086631,1.0000000000000002,0.0,0.6219178082191781,0.1928082191780822,104589,510,0,0,OPTIMAL,2.416382051372445e7,0.0,2.4048171881486345e7,0.0,9.907116280764895e-10,656312,1351111,OPTIMAL,2.6998027832992386e7,0.0,2.6986038072995394e7,0.0,11989.75999996203,5492686,11336278,5.003855879167738e7,1198.975999996202,0.008764541,0.458238833,0.203773083,2.827052958,13.959086084,0.566440209
tyndp/p2x_40_24_hierarchical_dirac_0.01,653657,40,24,hierarchical,dirac,unscaled,0.01,202.10751323232063,164.20719924449077,3.8208108954696494,42.97705480247449,1.1835617950954118,40,1.0,1.0,0.0,0.0,0.025,0,0,0,0,OPTIMAL,3.110778692608565e7,0.0,3.0735916206084926e7,0.0,0.0,656312,1351111,OPTIMAL,2.8024165576644745e7,0.0,2.7601273886750773e7,0.0,422891.6898968852,5492686,11336278,5.7796097208533116e7,42289.16898968854,0.008780958,0.432618125,2.042e-6,2.721475458,6.803045542,0.566440209
tyndp/p2x_40_24_hierarchical_convex_0.01,653657,40,24,hierarchical,convex,unscaled,0.01,149.10479141001875,164.20719924449077,3.8208108954696494,42.97705480247449,1.1835617950954118,40,1.0,1.0000000000000002,0.0,0.0,0.19027397260273973,108637,498,0,0,OPTIMAL,3.049625000279147e7,0.0,3.0282759815935988e7,0.0,9124.748482245084,656312,1351111,OPTIMAL,2.6865498935054965e7,0.0,2.6845925815055933e7,0.0,19573.12000183147,5492686,11336278,4.178473564865924e7,1957.3120001831471,0.008610458,0.464623125,0.203534042,4.055347541,10.416655459,0.566440209
tyndp/p2x_40_24_hierarchical_conical_0.01,653657,40,24,hierarchical,conical,unscaled,0.01,146.67078877913823,164.20719924449077,3.8208108954696494,42.97705480247449,1.1835617950954118,40,1.0047582815181784,1.23253171424046,0.4904109589041096,0.4,0.1917808219178082,108548,595,0,0,OPTIMAL,3.069669363245468e7,0.0,3.0508030680744838e7,0.0,-6.643694251905677e-10,656312,1351111,OPTIMAL,2.6887012394677427e7,0.0,2.686833576319509e7,0.0,18676.63148529575,5492686,11336278,4.4548475921464145e7,1867.6631485295748,0.008775708,0.46869925,0.337540083,3.795122875,10.122389167,0.566440209
tyndp/p2x_40_24_hierarchical_conical_bounded_0.01,653657,40,24,hierarchical,conical_bounded,unscaled,0.01,148.3610815968746,164.20719924449077,3.8208108954696494,42.97705480247449,1.1835617950954118,40,0.9766430907474027,1.0000000000000002,0.0,0.6410958904109589,0.18698630136986302,107686,490,0,0,OPTIMAL,2.9133474021990683e7,0.0,2.895031368200699e7,0.0,5.784855107013325e-10,656312,1351111,OPTIMAL,2.69049845193301e7,0.0,2.6885411399332162e7,0.0,19573.12000081903,5492686,11336278,4.4553777574047476e7,1957.3120000819004,0.008825625,0.42861875,0.351685833,3.75129925,11.293453792,0.566440209
tyndp/p2x_40_24_chronological_dirac_0.01,653657,40,24,chronological,dirac,unscaled,0.01,220.37444701224527,163.74562284698044,3.4689594902096093,47.20309456167395,1.1725512616531446,40,1.0,1.0,0.0,0.0,0.025,0,0,0,0,OPTIMAL,2.18937924297441e7,0.0,2.1701243309742592e7,0.0,0.0,656312,1351111,OPTIMAL,3.071985841190008e7,0.0,2.8489653615211703e7,0.0,2.230204796691717e6,5492686,11336278,6.991804479875703e7,223020.47966917141,0.008631584,0.42868525,1.917e-6,3.665295875,5.17564225,0.566440209
tyndp/p2x_40_24_chronological_convex_0.01,653657,40,24,chronological,convex,unscaled,0.01,152.30044142375044,163.74562284698044,3.4689594902096093,47.20309456167395,1.1725512616531446,40,1.0,1.0000000000000002,0.0,0.0,0.19075342465753425,111102,604,0,0,OPTIMAL,2.3759246852246054e7,0.0,2.3554913802453604e7,0.0,-1.9528592479963386e-9,656312,1351111,OPTIMAL,2.702517911172324e7,0.0,2.70106271117272e7,0.0,14551.999999004296,5492686,11336278,4.519468931325595e7,1455.1999999004297,0.008716417,0.462367375,0.207554417,4.041878833,10.131242459,0.566440209
tyndp/p2x_40_24_chronological_conical_0.01,653657,40,24,chronological,conical,unscaled,0.01,150.09972295076483,163.74562284698044,3.4689594902096093,47.20309456167395,1.1725512616531446,40,1.00304093916103,1.1955206279211443,0.4767123287671233,0.4136986301369863,0.19342465753424656,111274,529,0,0,OPTIMAL,2.359059403035315e7,0.0,2.3407593241991166e7,0.0,0.0,656312,1351111,OPTIMAL,2.7396199132233035e7,0.0,2.7386185776583273e7,0.0,10013.355652816572,5492686,11336278,7.038441446444716e7,1001.3355652816572,0.008721542,0.42546,0.137246916,4.148123333,16.162879625,0.566440209
tyndp/p2x_40_24_chronological_conical_bounded_0.01,653657,40,24,chronological,conical_bounded,unscaled,0.01,151.59563491154822,163.74562284698044,3.4689594902096093,47.20309456167395,1.1725512616531446,40,0.9757154989045433,1.0000000000000002,0.0,0.6301369863013698,0.18691780821917808,110608,604,0,0,OPTIMAL,2.2384705560722053e7,0.0,2.223317572806288e7,0.0,-1.9086117067248123e-9,656312,1351111,OPTIMAL,2.707758151395549e7,0.0,2.7063383113958493e7,0.0,14198.399999983,5492686,11336278,3.837850996540401e7,1419.8399999983014,0.008746792,0.432914125,0.204321666,3.760925334,13.079319625,0.566440209
tyndp/p2x_40_24_convex_hull_dirac_0.01,653657,40,24,convex_hull,dirac,unscaled,0.01,215.5410092487626,170.47018348793063,4.251899577417142,40.09271159491598,1.2072921546909097,40,1.0,1.0,0.0,0.0,0.025,0,0,7586,5869,OPTIMAL,2.9883612923913125e7,0.0,2.928197196391335e7,0.0,0.0,656312,1351111,OPTIMAL,2.778083823404302e7,0.0,2.7770679034048963e7,0.0,10159.199997504122,5492686,11336278,7.055430415556209e7,1015.9199997504122,0.008704458,3.004933917,1.583e-6,2.805743917,9.206106125,0.566440209
tyndp/p2x_40_24_convex_hull_convex_0.01,653657,40,24,convex_hull,convex,unscaled,0.01,148.58595398502177,170.47018348793063,4.251899577417142,40.09271159491598,1.2072921546909097,40,1.0,1.0000000000000002,0.0,0.0,0.20232876712328768,98283,430,7586,5869,OPTIMAL,3.871835200044903e7,0.0,3.850195911369147e7,0.0,-5.956573387337779e-9,656312,1351111,OPTIMAL,2.68988941613394e7,0.0,2.68793210413429e7,0.0,19573.119999789822,5492686,11336278,4.6616350869932346e7,1957.311999978982,0.008846584,2.875909541,0.159528541,2.864360459,12.149599625,0.566440209
tyndp/p2x_40_24_convex_hull_conical_0.01,653657,40,24,convex_hull,conical,unscaled,0.01,146.00959611439438,170.47018348793063,4.251899577417142,40.09271159491598,1.2072921546909097,40,0.9855530704261866,1.1696322777978123,0.38904109589041097,0.5013698630136987,0.20712328767123286,100918,470,7586,5869,OPTIMAL,3.719755764012167e7,0.0,3.6993850803654276e7,0.0,0.0,656312,1351111,OPTIMAL,2.724266470054664e7,0.0,2.723063414055059e7,0.0,12030.55999946743,5492686,11336278,7.011188841772702e7,1203.055999946743,0.008615083,2.855380292,0.096833,2.902900208,14.061955333,0.566440209
tyndp/p2x_40_24_convex_hull_conical_bounded_0.01,653657,40,24,convex_hull,conical_bounded,unscaled,0.01,147.07937096375525,170.47018348793063,4.251899577417142,40.09271159491598,1.2072921546909097,40,0.9648715009129503,1.0000000000000002,0.0,0.7095890410958904,0.20089041095890411,99144,469,7586,5869,OPTIMAL,3.580426458176351e7,0.0,3.5618812589428484e7,0.0,-5.549709746189252e-10,656312,1351111,OPTIMAL,2.6993226421720747e7,0.0,2.6970519861724056e7,0.0,22706.560000096186,5492686,11336278,3.8097117464346245e7,2270.656000009614,0.008775958,1.610167708,0.153552875,2.837726708,11.342579292,0.566440209
tyndp/p2x_40_24_convex_hull_with_null_dirac_0.01,653657,40,24,convex_hull_with_null,dirac,unscaled,0.01,216.67096233223137,172.9256942812605,3.9507327798098917,43.77053673814447,1.20319684598097,40,1.0,1.0,0.0,0.0,0.025,0,0,7545,6275,OPTIMAL,3.44859721723336e7,0.0,3.4146953932333626e7,0.0,0.0,656312,1351111,OPTIMAL,2.782671652131728e7,0.0,2.7777557855043527e7,0.0,49158.66627716861,5492686,11336278,6.984680212976913e7,4915.866627716861,0.008748917,1.615452666,1.875e-6,3.558443125,9.162478292,0.566440209
tyndp/p2x_40_24_convex_hull_with_null_convex_0.01,653657,40,24,convex_hull_with_null,convex,unscaled,0.01,149.11310512009155,172.9256942812605,3.9507327798098917,43.77053673814447,1.20319684598097,40,1.0,1.0000000000000004,0.0,0.0,0.20089041095890411,99181,426,7545,6275,OPTIMAL,3.986989298220713e7,0.0,3.966758329467148e7,0.0,0.0,656312,1351111,OPTIMAL,2.7193052686315924e7,0.0,2.7183879086319722e7,0.0,9173.59999936273,5492686,11336278,6.879090343419543e7,917.3599999362732,0.008734084,2.92530525,0.159110333,2.884354916,13.046224666,0.566440209
tyndp/p2x_40_24_convex_hull_with_null_conical_0.01,653657,40,24,convex_hull_with_null,conical,unscaled,0.01,145.03809721664845,172.9256942812605,3.9507327798098917,43.77053673814447,1.20319684598097,40,0.9661355975071712,1.127831655535526,0.3287671232876712,0.5616438356164384,0.2013013698630137,101868,448,7545,6275,OPTIMAL,3.4963745779824615e7,0.0,3.481917423004472e7,0.0,1.1912315020657902e-9,656312,1351111,OPTIMAL,2.708331569730845e7,0.0,2.706096273731164e7,0.0,22352.9600001641,5492686,11336278,4.094484097261719e7,2235.296000016418,0.008757916,2.959551084,0.102903542,2.905991042,9.402736208,0.566440209
tyndp/p2x_40_24_convex_hull_with_null_conical_bounded_0.01,653657,40,24,convex_hull_with_null,conical_bounded,unscaled,0.01,145.82958558964822,172.9256942812605,3.9507327798098917,43.77053673814447,1.20319684598097,40,0.9506729895860686,1.0000000000000002,0.0,0.7232876712328767,0.19767123287671232,100851,471,7545,6275,OPTIMAL,3.3852235079897255e7,0.0,3.371903031924586e7,0.0,0.0,656312,1351111,OPTIMAL,2.7433951219264757e7,0.0,2.7424219611418203e7,0.0,9731.607850017139,5492686,11336278,7.481320688110097e7,973.160785001714,0.008606209,2.861983167,0.167085917,2.9322795,13.7419495,0.566440209
tyndp/p2x_40_24_conical_hull_dirac_0.01,653657,40,24,conical_hull,dirac,unscaled,0.01,218.461447942101,150.49860105853716,3.9157517913973034,38.43415238656712,1.2372680389890751,40,1.0,1.0,0.0,0.0,0.025,0,0,7362,6093,OPTIMAL,3.35890299901236e7,0.0,3.326837207012338e7,0.0,0.0,656312,1351111,OPTIMAL,2.7672395830023408e7,0.0,2.76539386809466e7,0.0,18457.149080107272,5492686,11336278,4.784052197160979e7,1845.7149080107279,0.008898167,2.469904708,1.833e-6,2.727164375,8.001417375,0.566440209
tyndp/p2x_40_24_conical_hull_convex_0.01,653657,40,24,conical_hull,convex,unscaled,0.01,156.53899943667795,150.49860105853716,3.9157517913973034,38.43415238656712,1.2372680389890751,40,1.0,1.0000000000000002,0.0,0.0,0.1976027397260274,90154,427,7362,6093,OPTIMAL,3.43411481878479e7,0.0,3.411221820598785e7,0.0,1.8060929347727925e-8,656312,1351111,OPTIMAL,2.691818907846767e7,0.0,2.6899456438471995e7,0.0,18732.639998699127,5492686,11336278,3.969830237185467e7,1873.2639998699285,0.008764333,1.198922833,0.142217,2.962037917,11.140530833,0.566440209
tyndp/p2x_40_24_conical_hull_conical_0.01,653657,40,24,conical_hull,conical,unscaled,0.01,148.7512829441505,150.49860105853716,3.9157517913973034,38.43415238656712,1.2372680389890751,40,1.07230326377388,1.3082643150561948,0.7397260273972602,0.1506849315068493,0.21575342465753425,94974,430,7362,6093,OPTIMAL,3.6887184928354725e7,0.0,3.658682386922539e7,0.0,4.857278071801319e-10,656312,1351111,OPTIMAL,2.695693309957664e7,0.0,2.692650934150067e7,0.0,30423.7580791862,5492686,11336278,3.4255796149037585e7,3042.3758079186105,0.008737416,1.198886042,0.103312625,4.052273167,11.67616975,0.566440209
tyndp/p2x_40_24_conical_hull_conical_bounded_0.01,653657,40,24,conical_hull,conical_bounded,unscaled,0.01,156.66677966387476,150.49860105853716,3.9157517913973034,38.43415238656712,1.2372680389890751,40,0.9912534775334693,1.0000000000000002,0.0,0.5260273972602739,0.19746575342465753,89826,446,7362,6093,OPTIMAL,3.3946163495447e7,0.0,3.372722937963437e7,0.0,1.657184145219167e-8,656312,1351111,OPTIMAL,2.69540179756089e7,0.0,2.69352853356136e7,0.0,18732.639998218634,5492686,11336278,4.3500482804272205e7,1873.2639998218642,0.008883209,1.20636425,0.146943875,2.81225325,10.748512708,0.566440209
tyndp/p2x_80_24_k_means_dirac_0.01,653657,80,24,k_means,dirac,unscaled,0.01,140.8641195263703,230.87390500187274,1.292861284907408,178.5759289856123,1.124866359436992,80,1.0,1.0,0.0,0.0,0.0125,0,0,0,0,OPTIMAL,1.8950182571777128e7,0.0,1.8894497076919615e7,0.0,0.0,1261112,2599151,OPTIMAL,2.7270221354455378e7,0.0,2.7248820821423315e7,0.0,21400.533034946304,5492686,11336278,5.8163960261089504e7,2140.0533034946297,0.00869925,0.429660625,1.167e-6,5.667913,18.071482,0.566440209
tyndp/p2x_80_24_k_means_convex_0.01,653657,80,24,k_means,convex,unscaled,0.01,130.300118050084,230.87390500187274,1.292861284907408,178.5759289856123,1.124866359436992,80,1.0,1.0000000000000004,0.0,0.0,0.06068493150684932,167325,960,0,0,OPTIMAL,2.1574509174119305e7,0.0,2.1518148811716467e7,0.0,0.0,1261112,2599151,OPTIMAL,2.691029890891014e7,0.0,2.6898826211667854e7,0.0,11472.697245202547,5492686,11336278,6.170770144538034e7,1147.2697245202548,0.008666083,0.465372417,0.620349042,6.053189458,46.228493583,0.566440209
tyndp/p2x_80_24_k_means_conical_0.01,653657,80,24,k_means,conical,unscaled,0.01,128.47760622102015,230.87390500187274,1.292861284907408,178.5759289856123,1.124866359436992,80,1.0149094583333502,1.1259119072495536,0.6547945205479452,0.3232876712328767,0.0639041095890411,178907,935,0,0,OPTIMAL,2.202776065638284e7,0.0,2.1957996591517422e7,0.0,0.0,1261112,2599151,OPTIMAL,2.7134389283713475e7,0.0,2.6887300952526648e7,0.0,247088.33118971158,5492686,11336278,6.162254016080248e7,24708.83311897117,0.008739083,0.471636875,0.390789791,6.126895583,46.044790709,0.566440209
tyndp/p2x_80_24_k_means_conical_bounded_0.01,653657,80,24,k_means,conical_bounded,unscaled,0.01,130.01134851614296,230.87390500187274,1.292861284907408,178.5759289856123,1.124866359436992,80,0.9851784330445971,1.0000000000000002,0.0,0.6164383561643836,0.06,168216,932,0,0,OPTIMAL,2.090349125023936e7,0.0,2.0852909823671907e7,0.0,0.0,1261112,2599151,OPTIMAL,2.695206660713422e7,0.0,2.694084258643103e7,0.0,11224.020706167343,5492686,11336278,6.468495010705348e7,1122.4020706167344,0.008744375,0.49368025,0.625104834,5.865518459,46.462053083,0.566440209
tyndp/p2x_80_24_k_medoids_dirac_0.01,653657,80,24,k_medoids,dirac,unscaled,0.01,180.7150170211437,231.71739260558266,2.367562832131485,97.87169719883235,1.18854890419125,80,1.0,1.0,0.0,0.0,0.0125,0,0,0,0,OPTIMAL,2.5655497018158164e7,0.0,2.545562245815784e7,0.0,0.0,1261112,2599151,OPTIMAL,2.736630063680221e7,0.0,2.7220377767829694e7,0.0,145922.86897555165,5492686,11336278,5.626322496099744e7,14592.28689755515,0.008662292,0.572385584,1.375e-6,5.897114875,19.647343625,0.566440209
tyndp/p2x_80_24_k_medoids_convex_0.01,653657,80,24,k_medoids,convex,unscaled,0.01,130.6959294101343,231.71739260558266,2.367562832131485,97.87169719883235,1.18854890419125,80,1.0,1.0000000000000002,0.0,0.0,0.10219178082191781,145981,771,0,0,OPTIMAL,2.5147163466860343e7,0.0,2.5134246120280996e7,0.0,0.0,1261112,2599151,OPTIMAL,2.6878991587697115e7,0.0,2.6870375107699938e7,0.0,8616.480000121825,5492686,11336278,6.192638441647656e7,861.6480000121826,0.008775959,0.417588541,0.540641041,6.151647958,35.37706725,0.566440209
tyndp/p2x_80_24_k_medoids_conical_0.01,653657,80,24,k_medoids,conical,unscaled,0.01,129.07797077951253,231.71739260558266,2.367562832131485,97.87169719883235,1.18854890419125,80,1.0030249191846088,1.1533563679958316,0.42191780821917807,0.3589041095890411,0.10565068493150685,149622,827,0,0,OPTIMAL,2.5187630339762002e7,0.0,2.51730861967122e7,0.0,-8.997543825112408e-9,1261112,2599151,OPTIMAL,2.6744998888302892e7,0.0,2.6725425768305715e7,0.0,19573.12000008573,5492686,11336278,3.6037678681657545e7,1957.3120000085703,0.008893291,0.458688708,1.504270791,5.062207584,29.579471834,0.566440209
tyndp/p2x_80_24_k_medoids_conical_bounded_0.01,653657,80,24,k_medoids,conical_bounded,unscaled,0.01,130.29586506203847,231.71739260558266,2.367562832131485,97.87169719883235,1.18854890419125,80,0.9800532575470063,1.0000000000000002,0.0,0.6219178082191781,0.10154109589041097,145651,799,0,0,OPTIMAL,2.3978108845605258e7,0.0,2.3969073605366632e7,0.0,0.0,1261112,2599151,OPTIMAL,2.695904490406845e7,0.0,2.695087711265699e7,0.0,8167.791414354066,5492686,11336278,6.544652350244616e7,816.7791414354067,0.008707709,0.462238333,0.562856917,6.306209167,35.954417916,0.566440209
tyndp/p2x_80_24_hierarchical_dirac_0.01,653657,80,24,hierarchical,dirac,unscaled,0.01,178.5874325504276,236.4439905808771,2.476953407404749,95.45758506156703,1.1828597337826086,80,1.0,1.0,0.0,0.0,0.0125,0,0,0,0,OPTIMAL,3.2930268310847957e7,0.0,3.264704095084735e7,0.0,0.0,1261112,2599151,OPTIMAL,2.7742605633171372e7,0.0,2.7284319698342312e7,0.0,458285.93483191094,5492686,11336278,5.918293099117001e7,45828.593483191136,0.00887375,0.4523915,1.083e-6,5.632122334,14.436019792,0.566440209
tyndp/p2x_80_24_hierarchical_convex_0.01,653657,80,24,hierarchical,convex,unscaled,0.01,128.70088257666254,236.4439905808771,2.476953407404749,95.45758506156703,1.1828597337826086,80,1.0,1.0000000000000002,0.0,0.0,0.09928082191780822,146833,805,0,0,OPTIMAL,3.3161991566779412e7,0.0,3.3060036191849217e7,0.0,5269.790730141161,1261112,2599151,OPTIMAL,2.6622625973293863e7,0.0,2.6607453813296508e7,0.0,15172.160000374533,5492686,11336278,4.000336145458199e7,1517.2160000374538,0.008775916,0.493604375,0.551718917,5.963141833,34.291039208,0.566440209
tyndp/p2x_80_24_hierarchical_conical_0.01,653657,80,24,hierarchical,conical,unscaled,0.01,127.09512425616985,236.4439905808771,2.476953407404749,95.45758506156703,1.1828597337826086,80,0.9982310542563969,1.1368078548749585,0.3780821917808219,0.40273972602739727,0.10051369863013698,148008,786,0,0,OPTIMAL,3.246636776498104e7,0.0,3.2379105129214272e7,0.0,0.0,1261112,2599151,OPTIMAL,2.6821147303279713e7,0.0,2.6814147900795795e7,0.0,6999.402486904195,5492686,11336278,6.420222566675026e7,699.9402486904195,0.009460375,0.511205209,0.32613575,5.882968041,34.270441708,0.566440209
tyndp/p2x_80_24_hierarchical_conical_bounded_0.01,653657,80,24,hierarchical,conical_bounded,unscaled,0.01,128.11684475399485,236.4439905808771,2.476953407404749,95.45758506156703,1.1828597337826086,80,0.9786940218329877,1.0000000000000002,0.0,0.6410958904109589,0.09842465753424658,145744,777,0,0,OPTIMAL,3.1066483504387166e7,0.0,3.09835364994858e7,0.0,1.4880169908201535e-8,1261112,2599151,OPTIMAL,2.6661511440144368e7,0.0,2.6643619280146692e7,0.0,17892.16000081855,5492686,11336278,4.162404592417188e7,1789.216000081856,0.008631,0.477431417,0.542418459,6.029746041,35.5640085,0.566440209
tyndp/p2x_80_24_chronological_dirac_0.01,653657,80,24,chronological,dirac,unscaled,0.01,197.46342184554908,230.10948886883358,2.304121467847314,99.86864498242768,1.1846486857306884,80,1.0,1.0,0.0,0.0,0.0125,0,0,0,0,OPTIMAL,2.8155023381548777e7,0.0,2.8091713301548067e7,0.0,3686.3999999999987,1261112,2599151,OPTIMAL,2.7511577811743155e7,0.0,2.715183229828341e7,0.0,359745.5134629713,5492686,11336278,4.1425437639519274e7,35974.55134629712,0.008715291,0.457093666,2.0e-6,5.78107025,10.099575167,0.566440209
tyndp/p2x_80_24_chronological_convex_0.01,653657,80,24,chronological,convex,unscaled,0.01,132.29164471115863,230.10948886883358,2.304121467847314,99.86864498242768,1.1846486857306884,80,1.0,1.0000000000000002,0.0,0.0,0.10054794520547945,146345,907,0,0,OPTIMAL,2.9597780765618984e7,0.0,2.9529858603470515e7,0.0,0.0,1261112,2599151,OPTIMAL,2.687016693017923e7,0.0,2.685606938548131e7,0.0,14097.544700671413,5492686,11336278,6.619800342641375e7,1409.7544700671413,0.008818916,0.418747167,0.546192125,5.596591042,39.184386916,0.566440209
tyndp/p2x_80_24_chronological_conical_0.01,653657,80,24,chronological,conical,unscaled,0.01,130.3532825010969,230.10948886883358,2.304121467847314,99.86864498242768,1.1846486857306884,80,1.015887562133285,1.2334418981222541,0.5123287671232877,0.2684931506849315,0.10469178082191781,152073,853,0,0,OPTIMAL,3.0926950605080806e7,0.0,3.0852375331700876e7,0.0,7573.469847410694,1261112,2599151,OPTIMAL,2.6825666271724656e7,0.0,2.6808787442580592e7,0.0,16878.8291470596,5492686,11336278,6.158520170170776e7,1687.88291470596,0.008741,0.434341291,0.356773,6.127387,41.75965075,0.566440209
tyndp/p2x_80_24_chronological_conical_bounded_0.01,653657,80,24,chronological,conical_bounded,unscaled,0.01,132.07306805520852,230.10948886883358,2.304121467847314,99.86864498242768,1.1846486857306884,80,0.9853002389606946,1.0000000000000002,0.0,0.6082191780821918,0.10030821917808219,147050,907,0,0,OPTIMAL,2.8551132996558882e7,0.0,2.8497996023165382e7,0.0,0.0,1261112,2599151,OPTIMAL,2.6904766955397855e7,0.0,2.6889206050700124e7,0.0,15560.904700557361,5492686,11336278,6.750519225556473e7,1556.090470055736,0.008702042,0.480205416,1.879270083,5.016813083,42.535642333,0.566440209
tyndp/p2x_80_24_convex_hull_dirac_0.01,653657,80,24,convex_hull,dirac,unscaled,0.01,189.60192332874226,239.552502873301,2.8126493180830248,85.1697015099519,1.1995628173939417,80,1.0,1.0,0.0,0.0,0.0125,0,0,17750,7925,OPTIMAL,2.7522244535171505e7,0.0,2.725738021517094e7,0.0,0.0,1261112,2599151,OPTIMAL,2.747375421008539e7,0.0,2.745725469009178e7,0.0,16499.51999714844,5492686,11336278,6.532305828337904e7,1649.9519997148448,0.008685042,5.506653375,8.75e-7,4.575915708,16.465277333,0.566440209
tyndp/p2x_80_24_convex_hull_convex_0.01,653657,80,24,convex_hull,convex,unscaled,0.01,127.56213932412864,239.552502873301,2.8126493180830248,85.1697015099519,1.1995628173939417,80,1.0,1.0000000000000004,0.0,0.0,0.10493150684931507,139614,703,17750,7925,OPTIMAL,3.2055601094397992e7,0.0,3.1946160694257542e7,0.0,0.0,1261112,2599151,OPTIMAL,2.6889611030961376e7,0.0,2.6877580470965844e7,0.0,12030.559998863322,5492686,11336278,6.537174152228576e7,1203.0559998863323,0.008703458,5.546228833,0.474036292,4.917478333,36.4538865,0.566440209
tyndp/p2x_80_24_convex_hull_conical_0.01,653657,80,24,convex_hull,conical,unscaled,0.01,125.78165514441315,239.552502873301,2.8126493180830248,85.1697015099519,1.1995628173939417,80,0.9955851675558549,1.135274316597385,0.3780821917808219,0.40273972602739727,0.10753424657534247,141372,746,17750,7925,OPTIMAL,3.162694820970972e7,0.0,3.151861591219276e7,0.0,0.0,1261112,2599151,OPTIMAL,2.6994985539867267e7,0.0,2.6984406086909685e7,0.0,10579.452960953338,5492686,11336278,6.7339164068e7,1057.945296095334,0.008819333,5.54295875,0.290886458,4.870747583,36.676987584,0.566440209
tyndp/p2x_80_24_convex_hull_conical_bounded_0.01,653657,80,24,convex_hull,conical_bounded,unscaled,0.01,126.92342940213747,239.552502873301,2.8126493180830248,85.1697015099519,1.1995628173939417,80,0.9754667405445561,1.0000000000000002,0.0,0.6931506849315069,0.10352739726027398,138580,703,17750,7925,OPTIMAL,3.0394049201491944e7,0.0,3.0293600124626085e7,0.0,0.0,1261112,2599151,OPTIMAL,2.70112726489643e7,0.0,2.7001166775903057e7,0.0,10105.873064595424,5492686,11336278,7.107659499226843e7,1010.5873064595424,0.008741375,5.616567334,0.484844667,4.736020666,35.132236125,0.566440209
tyndp/p2x_80_24_convex_hull_with_null_dirac_0.01,653657,80,24,convex_hull_with_null,dirac,unscaled,0.01,189.90892943186793,240.12801273104694,2.776532919069665,86.48484269061244,1.1983714536238557,80,1.0,1.0,0.0,0.0,0.0125,0,0,17847,8193,OPTIMAL,3.219180210259556e7,0.0,3.207525138259567e7,0.0,0.0,1261112,2599151,OPTIMAL,2.7478305751281265e7,0.0,2.7464504951282624e7,0.0,13800.800001705396,5492686,11336278,5.799243704170842e7,1380.0800001705397,0.008625625,4.081418834,1.167e-6,5.712668,16.168683875,0.566440209
tyndp/p2x_80_24_convex_hull_with_null_convex_0.01,653657,80,24,convex_hull_with_null,convex,unscaled,0.01,128.2211988102702,240.12801273104694,2.776532919069665,86.48484269061244,1.1983714536238557,80,1.0,1.0000000000000002,0.0,0.0,0.1025,137570,749,17847,8193,OPTIMAL,3.2623093094595946e7,0.0,3.2576017131066147e7,0.0,-8.267557838454614e-9,1261112,2599151,OPTIMAL,2.6650068101163864e7,0.0,2.66381429474256e7,0.0,11925.153741188347,5492686,11336278,4.639334965099658e7,1192.5153741188349,0.008749209,4.097182833,0.513801084,5.979820958,31.571067542,0.566440209
tyndp/p2x_80_24_convex_hull_with_null_conical_0.01,653657,80,24,convex_hull_with_null,conical,unscaled,0.01,125.92362968944249,240.12801273104694,2.776532919069665,86.48484269061244,1.1983714536238557,80,0.9856605739400454,1.1249393063153992,0.3150684931506849,0.4657534246575342,0.10345890410958904,139884,777,17847,8193,OPTIMAL,3.098344492054854e7,0.0,3.093912352784301e7,0.0,-2.7723382398324392e-9,1261112,2599151,OPTIMAL,2.6754010957263038e7,0.0,2.6738499605074745e7,0.0,15511.352191333992,5492686,11336278,4.8304517395520784e7,1551.1352191333979,0.008885917,5.702341625,0.31040925,4.910520042,28.804283792,0.566440209
tyndp/p2x_80_24_convex_hull_with_null_conical_bounded_0.01,653657,80,24,convex_hull_with_null,conical_bounded,unscaled,0.01,126.91288788973158,240.12801273104694,2.776532919069665,86.48484269061244,1.1983714536238557,80,0.9686830449305203,1.0000000000000002,0.0,0.6821917808219178,0.10106164383561644,137477,749,17847,8193,OPTIMAL,3.002361309317418e7,0.0,2.998230943504773e7,0.0,0.0,1261112,2599151,OPTIMAL,2.68922682364775e7,0.0,2.6883264479976114e7,0.0,9003.75650445803,5492686,11336278,6.251219719238847e7,900.375650445803,0.008690583,4.161785291,1.75646325,4.935690292,33.3377755,0.566440209
tyndp/p2x_80_24_conical_hull_dirac_0.01,653657,80,24,conical_hull,dirac,unscaled,0.01,193.56652786303997,214.22040210205293,2.6293835035099393,81.47172210371447,1.2274671734967744,80,1.0,1.0,0.0,0.0,0.0125,0,0,17410,8265,OPTIMAL,2.9467576367809013e7,0.0,2.9246192687808126e7,0.0,0.0,1261112,2599151,OPTIMAL,2.742538502054348e7,0.0,2.7289460819662705e7,0.0,135924.20088397362,5492686,11336278,4.76038773728217e7,13592.42008839735,0.008858292,4.030729542,1.291e-6,4.498990792,16.688339709,0.566440209
tyndp/p2x_80_24_conical_hull_convex_0.01,653657,80,24,conical_hull,convex,unscaled,0.01,135.99781868566006,214.22040210205293,2.6293835035099393,81.47172210371447,1.2274671734967744,80,1.0,1.0000000000000004,0.0,0.0,0.10051369863013698,124533,697,17410,8265,OPTIMAL,3.0686356908256106e7,0.0,3.0545273889071476e7,0.0,0.0,1261112,2599151,OPTIMAL,2.6740770863333803e7,0.0,2.6730262793444257e7,0.0,10508.069892461896,5492686,11336278,5.6983666862040594e7,1050.8069892461895,0.008808125,2.405279333,0.457538917,6.029274791,37.620739166,0.566440209
tyndp/p2x_80_24_conical_hull_conical_0.01,653657,80,24,conical_hull,conical,unscaled,0.01,128.82618783356926,214.22040210205293,2.6293835035099393,81.47172210371447,1.2274671734967744,80,1.0650181879777447,1.274943626545034,0.6821917808219178,0.09863013698630137,0.11160958904109589,132100,708,17410,8265,OPTIMAL,3.3997038574409895e7,0.0,3.3806300402796015e7,0.0,1.176135189878541e-9,1261112,2599151,OPTIMAL,2.6619795891476735e7,0.0,2.659366780609788e7,0.0,26128.085381825076,5492686,11336278,3.734377980487277e7,2612.808538182507,0.008996209,2.4576435,1.409466375,5.153460542,25.271065584,0.566440209
tyndp/p2x_80_24_conical_hull_conical_bounded_0.01,653657,80,24,conical_hull,conical_bounded,unscaled,0.01,136.35758739082218,214.22040210205293,2.6293835035099393,81.47172210371447,1.2274671734967744,80,0.9924394541135124,1.0000000000000002,0.0,0.5726027397260274,0.10017123287671233,123921,697,17410,8265,OPTIMAL,3.039454732020221e7,0.0,3.0263046607926764e7,0.0,-3.5019065127757885e-9,1261112,2599151,OPTIMAL,2.6672837800013665e7,0.0,2.6658537132662807e7,0.0,14300.66735383721,5492686,11336278,4.005743603695658e7,1430.066735383721,0.0086815,4.02249225,0.41507475,4.721807333,30.255230042,0.566440209
tyndp/p2x_1_8760_k_means_dirac_0.01_economic,505263,1,8760,k_means,dirac,economic,0.01,0.0,1.0,1.0,1.0,1.0,1,1.0,1.0,0.0,0.0,1.0,0,0,0,0,OPTIMAL,2.5796645974282894e7,0.0,2.5789826867125563e7,0.0,6819.107160000018,5492686,11353433,N/A,,,,,,0,0,0.0,0.0,0.009377375,0.634069375,1.167e-6,19.222555666,63.238555333,0.570035292
tyndp/p2x_10_24_k_means_dirac_0.01_economic,505263,10,24,k_means,dirac,economic,0.01,6.841942025822904e6,3.9381811491046385e6,60220.55201785186,65.39596561547957,1.0767457292863594,10,1.0,1.0,0.0,0.0,0.1,0,0,0,0,OPTIMAL,1.680582378099419e7,0.0,1.6321126412005652e7,0.0,0.0,202712,415081,OPTIMAL,2.814865499950305e7,0.0,2.7623354492921144e7,0.0,525300.5065853251,5492686,11336278,4.9604285127510265e7,52530.05065853251,0.00832225,0.440085541,2.125e-6,1.242248333,1.6052905,0.570035292
tyndp/p2x_10_24_k_means_convex_0.01_economic,505263,10,24,k_means,convex,economic,0.01,6.317299489844645e6,3.9381811491046385e6,60220.55201785186,65.39596561547957,1.0767457292863594,10,1.0,1.0000000000000002,0.0,0.0,0.273972602739726,158718,1283,0,0,OPTIMAL,1.744730520219528e7,0.0,1.6959912734939814e7,0.0,-2.3031252422277366e-10,202712,415081,OPTIMAL,2.7525478685527936e7,0.0,2.747642403832481e7,0.0,49054.64720643243,5492686,11336278,5.547694472458387e7,4905.464720643238,0.008629459,0.474748292,0.242420958,2.197291833,1.775217875,0.570035292
tyndp/p2x_10_24_k_means_conical_0.01_economic,505263,10,24,k_means,conical,economic,0.01,6.080449491289857e6,3.9381811491046385e6,60220.55201785186,65.39596561547957,1.0767457292863594,10,1.0115138059504363,1.204242995872511,0.589041095890411,0.410958904109589,0.26794520547945205,177308,1491,0,0,OPTIMAL,1.7116221667674307e7,0.0,1.665355272882981e7,0.0,2.7110097215864986e-9,202712,415081,OPTIMAL,2.9245453007088125e7,0.0,2.752141201199252e7,0.0,1.7240409950988232e6,5492686,11336278,5.760268169766858e7,172404.09950988228,0.008702416,0.483818,0.046119833,2.042517958,2.313843208,0.570035292
tyndp/p2x_10_24_k_means_conical_bounded_0.01_economic,505263,10,24,k_means,conical_bounded,economic,0.01,6.236198982512077e6,3.9381811491046385e6,60220.55201785186,65.39596561547957,1.0767457292863594,10,0.9712736936556713,1.0000000000000002,0.0,0.4328767123287671,0.27013698630136984,167793,1429,0,0,OPTIMAL,1.5433090058357071e7,0.0,1.5031651434729064e7,0.0,0.0,202712,415081,OPTIMAL,2.7539282971812654e7,0.0,2.7432454968527984e7,0.0,106828.00328790215,5492686,11336278,4.841462460812298e7,10682.800328790223,0.008983541,0.43727875,0.089678459,1.371488583,2.820710416,0.570035292
tyndp/p2x_10_24_k_medoids_dirac_0.01_economic,505263,10,24,k_medoids,dirac,economic,0.01,8.233688175730029e6,3.741735960092926e6,155739.10391260407,24.0256677102282,1.14577617787187,10,1.0,1.0,0.0,0.0,0.1,0,0,0,0,OPTIMAL,3.0886942069581408e7,0.0,2.9574714229581382e7,0.0,0.0,202712,415081,OPTIMAL,2.8216793667923503e7,0.0,2.763042718627962e7,0.0,586366.481647124,5492686,11336278,4.490259137824961e7,58636.64816471241,0.008950667,0.455358625,1.5e-6,1.2394725,1.740308958,0.570035292
tyndp/p2x_10_24_k_medoids_convex_0.01_economic,505263,10,24,k_medoids,convex,economic,0.01,6.55025550115373e6,3.741735960092926e6,155739.10391260407,24.0256677102282,1.14577617787187,10,1.0,1.0000000000000002,0.0,0.0,0.42383561643835616,156988,822,0,0,OPTIMAL,3.1732765368640218e7,0.0,3.0782381581281397e7,0.0,2.7891222905900784e-10,202712,415081,OPTIMAL,2.7405528590127394e7,0.0,2.7395340430130165e7,0.0,10188.16000019048,5492686,11336278,5.579374671260086e7,1018.8160000190478,0.008613833,0.474463,0.063658833,2.222539917,2.088032292,0.570035292
tyndp/p2x_10_24_k_medoids_conical_0.01_economic,505263,10,24,k_medoids,conical,economic,0.01,6.3235181852291245e6,3.741735960092926e6,155739.10391260407,24.0256677102282,1.14577617787187,10,1.034521099179972,1.2489507857519544,0.6273972602739726,0.3452054794520548,0.43616438356164383,170090,858,0,0,OPTIMAL,3.2903058516011678e7,0.0,3.1935938756006714e7,0.0,-2.244531866229332e-9,202712,415081,OPTIMAL,2.7598373413218714e7,0.0,2.7443587328866478e7,0.0,154786.08435522034,5492686,11336278,4.958720080166243e7,15478.608435522052,0.008643625,0.422347542,0.063936708,1.296763334,2.526885417,0.570035292
tyndp/p2x_10_24_k_medoids_conical_bounded_0.01_economic,505263,10,24,k_medoids,conical_bounded,economic,0.01,6.516084773921936e6,3.741735960092926e6,155739.10391260407,24.0256677102282,1.14577617787187,10,0.9802813008000367,1.0,0.0,0.43561643835616437,0.41835616438356166,160831,846,0,0,OPTIMAL,3.0108496549018692e7,0.0,2.9348922283081833e7,0.0,7.771555300161999e-8,202712,415081,OPTIMAL,2.7407548863373455e7,0.0,2.7398964543377988e7,0.0,8584.31999840906,5492686,11336278,5.1997453964689024e7,858.4319998409052,0.008691708,0.427219167,0.248309125,2.041936125,2.586262333,0.570035292
tyndp/p2x_10_24_hierarchical_dirac_0.01_economic,505263,10,24,hierarchical,dirac,economic,0.01,8.556972958591342e6,3.797670250843443e6,153060.41711389853,24.811576516333684,1.1423954097853726,10,1.0,1.0,0.0,0.0,0.1,0,0,0,0,OPTIMAL,2.839441329292407e7,0.0,2.7399312652924072e7,0.0,0.0,202712,415081,OPTIMAL,2.8710262789782032e7,0.0,2.8104366631125364e7,0.0,605896.1586597115,5492686,11336278,5.4569481522178896e7,60589.61586597118,0.008624542,0.431366792,1.541e-6,1.417022083,1.517870375,0.570035292
tyndp/p2x_10_24_hierarchical_convex_0.01_economic,505263,10,24,hierarchical,convex,economic,0.01,6.631029373478129e6,3.797670250843443e6,153060.41711389853,24.811576516333684,1.1423954097853726,10,1.0,1.0000000000000002,0.0,0.0,0.4208219178082192,162327,845,0,0,OPTIMAL,3.0953666179079738e7,0.0,3.0522594601548154e7,0.0,-1.6024255578474979e-9,202712,415081,OPTIMAL,2.7475657161497183e7,0.0,2.7466390601502042e7,0.0,9266.559998078883,5492686,11336278,5.759869615808081e7,926.6559998078912,0.008940208,0.429475167,0.24031675,2.207641542,2.531242708,0.570035292
tyndp/p2x_10_24_hierarchical_conical_0.01_economic,505263,10,24,hierarchical,conical,economic,0.01,6.39966383000002e6,3.797670250843443e6,153060.41711389853,24.811576516333684,1.1423954097853726,10,1.0088634901326547,1.2379270530255406,0.5424657534246575,0.4301369863013699,0.42383561643835616,170526,897,0,0,OPTIMAL,3.109784634322054e7,0.0,3.067350774841e7,0.0,-1.827453411765613e-8,202712,415081,OPTIMAL,2.7837099036921673e7,0.0,2.765222109025709e7,0.0,184877.94666754597,5492686,11336278,6.530120835244168e7,18487.794666754577,0.0086835,0.437229791,0.063025375,1.287143083,2.22051725,0.570035292
tyndp/p2x_10_24_hierarchical_conical_bounded_0.01_economic,505263,10,24,hierarchical,conical_bounded,economic,0.01,6.543594216455638e6,3.797670250843443e6,153060.41711389853,24.811576516333684,1.1423954097853726,10,0.9683510870836572,1.0,0.0,0.4986301369863014,0.40986301369863015,163324,846,0,0,OPTIMAL,2.8562564398607966e7,0.0,2.819216224476501e7,0.0,-1.167419986610194e-8,202712,415081,OPTIMAL,2.755449015405391e7,0.0,2.7544940234058324e7,0.0,9549.919998490093,5492686,11336278,5.801229025901916e7,954.9919998490102,0.008632542,0.449758584,0.085139084,1.500371417,2.1938285,0.570035292
tyndp/p2x_10_24_chronological_dirac_0.01_economic,505263,10,24,chronological,dirac,economic,0.01,9.717935335138237e6,3.7929445745789246e6,170252.84540288424,22.27830357609206,1.1242252340536343,10,1.0,1.0,0.0,0.0,0.1,0,0,0,0,OPTIMAL,2.4066564396329626e7,0.0,2.2609691436329845e7,0.0,0.0,202712,415081,OPTIMAL,2.857284977922598e7,0.0,2.8555265687803946e7,0.0,17584.091425233837,5492686,11336278,4.7374866633114465e7,1758.4091425233837,0.008660416,0.422202417,1.833e-6,2.032604667,1.254924833,0.570035292
tyndp/p2x_10_24_chronological_convex_0.01_economic,505263,10,24,chronological,convex,economic,0.01,7.280617758476818e6,3.7929445745789246e6,170252.84540288424,22.27830357609206,1.1242252340536343,10,1.0,1.0000000000000002,0.0,0.0,0.42191780821917807,182391,849,0,0,OPTIMAL,2.3344113652928676e7,0.0,2.20208522644885e7,0.0,3.1398871271686503e-8,202712,415081,OPTIMAL,2.7479227565746184e7,0.0,2.7465136067778863e7,0.0,14091.497970338052,5492686,11336278,4.980978059929241e7,1409.1497970338091,0.008653083,0.444840208,0.071514375,1.335933958,2.100049166,0.570035292
tyndp/p2x_10_24_chronological_conical_0.01_economic,505263,10,24,chronological,conical,economic,0.01,6.800663343570694e6,3.7929445745789246e6,170252.84540288424,22.27830357609206,1.1242252340536343,10,1.0124076564254392,1.2933402692614129,0.5698630136986301,0.40273972602739727,0.4208219178082192,187046,836,0,0,OPTIMAL,2.294027157238395e7,0.0,2.14714850135136e7,0.0,-9.30112655272119e-9,202712,415081,OPTIMAL,2.7890819069177113e7,0.0,2.7882248829180166e7,0.0,8570.240000163858,5492686,11336278,5.255712660131119e7,857.0240000163856,0.00860525,0.445220792,0.046906,1.466289125,2.09328775,0.570035292
tyndp/p2x_10_24_chronological_conical_bounded_0.01_economic,505263,10,24,chronological,conical_bounded,economic,0.01,7.064941865239837e6,3.7929445745789246e6,170252.84540288424,22.27830357609206,1.1242252340536343,10,0.9580083955508035,1.0,0.0,0.4410958904109589,0.4128767123287671,181872,872,0,0,OPTIMAL,2.0788257201383643e7,0.0,1.9585937373794943e7,0.0,8.163650624174438e-9,202712,415081,OPTIMAL,2.7565014456926595e7,0.0,2.755488295635165e7,0.0,10131.500577799838,5492686,11336278,4.066740148858485e7,1013.1500577799839,0.008625333,0.441034709,0.092125333,2.261192875,2.062194583,0.570035292
tyndp/p2x_10_24_convex_hull_dirac_0.01_economic,505263,10,24,convex_hull,dirac,economic,0.01,9.61237041988438e6,3.929875912261627e6,212290.88530548676,18.511750547398833,1.2165466398463007,10,1.0,1.0,0.0,0.0,0.1,0,0,956,2284,OPTIMAL,4.436103188771838e7,0.0,4.236271220771813e7,0.0,0.0,202712,415081,OPTIMAL,2.8753389080524214e7,0.0,2.7689490374074493e7,0.0,1.0638987064531217e6,5492686,11336278,6.020177577501723e7,106389.87064531216,0.008611541,1.815807,1.0e-6,1.233825125,1.618862,0.570035292
tyndp/p2x_10_24_convex_hull_convex_0.01_economic,505263,10,24,convex_hull,convex,economic,0.01,6.136420537725473e6,3.929875912261627e6,212290.88530548676,18.511750547398833,1.2165466398463007,10,1.0,1.0000000000000002,0.0,0.0,0.503013698630137,126025,650,956,2284,OPTIMAL,6.217569824922854e7,0.0,6.068030884086587e7,0.0,3.7872348439298625e-8,202712,415081,OPTIMAL,2.7229303899987902e7,0.0,2.7215170779991563e7,0.0,14133.119999552931,5492686,11336278,5.420537727920454e7,1413.31199995529,0.00896575,0.686537416,0.050744041,1.331314083,2.276565375,0.570035292
tyndp/p2x_10_24_convex_hull_conical_0.01_economic,505263,10,24,convex_hull,conical,economic,0.01,5.951113853215135e6,3.929875912261627e6,212290.88530548676,18.511750547398833,1.2165466398463007,10,0.9804465388919459,1.2297366124663764,0.4191780821917808,0.5534246575342465,0.4926027397260274,133382,679,956,2284,OPTIMAL,5.8927820673791185e7,0.0,5.7522954438471444e7,0.0,-1.7434242799853576e-8,202712,415081,OPTIMAL,2.7323680839115005e7,0.0,2.7313223339555025e7,0.0,10457.499563253208,5492686,11336278,6.137829289055706e7,1045.7499563253114,0.008652167,0.699135167,0.051487791,1.306673917,2.309711791,0.570035292
tyndp/p2x_10_24_convex_hull_conical_bounded_0.01_economic,505263,10,24,convex_hull,conical_bounded,economic,0.01,6.009878311298151e6,3.929875912261627e6,212290.88530548676,18.511750547398833,1.2165466398463007,10,0.9549425998210911,1.0000000000000002,0.0,0.6383561643835617,0.48712328767123286,127952,632,956,2284,OPTIMAL,5.478531416973204e7,0.0,5.343362293645647e7,0.0,3.610067655300756e-8,202712,415081,OPTIMAL,2.7286710905590806e7,0.0,2.727565138559431e7,0.0,11059.519999753173,5492686,11336278,6.975924420737219e7,1105.9519999753252,0.008691167,1.986592083,0.06721075,1.3155,2.285482792,0.570035292
tyndp/p2x_10_24_convex_hull_with_null_dirac_0.01_economic,505263,10,24,convex_hull_with_null,dirac,economic,0.01,9.88713025339786e6,4.086957327555867e6,181705.4253901496,22.492214081007972,1.21954526910791,10,1.0,1.0,0.0,0.0,0.1,0,0,1019,2586,OPTIMAL,3.791138900985201e7,0.0,3.671029844985202e7,0.0,0.0,202712,415081,OPTIMAL,2.8434679808265574e7,0.0,2.800986589135277e7,0.0,424813.9169161792,5492686,11336278,6.066046938272364e7,42481.39169161789,0.008602709,0.802818167,1.333e-6,1.227021667,1.782627083,0.570035292
tyndp/p2x_10_24_convex_hull_with_null_convex_0.01_economic,505263,10,24,convex_hull_with_null,convex,economic,0.01,6.492315725041529e6,4.086957327555867e6,181705.4253901496,22.492214081007972,1.21954526910791,10,1.0,1.0000000000000002,0.0,0.0,0.506027397260274,136267,643,1019,2586,OPTIMAL,8.058828312421176e7,0.0,7.954180322659788e7,0.0,7.362195968364448e-8,202712,415081,OPTIMAL,2.7289644880857084e7,0.0,2.7277625200860783e7,0.0,12019.679999661494,5492686,11336278,6.0203901002250396e7,1201.9679999661523,0.008589209,0.746097375,0.0545735,1.355751208,2.296533625,0.570035292
tyndp/p2x_10_24_convex_hull_with_null_conical_0.01_economic,505263,10,24,convex_hull_with_null,conical,economic,0.01,6.00901447859274e6,4.086957327555867e6,181705.4253901496,22.492214081007972,1.21954526910791,10,0.9355883958612037,1.1650429418264858,0.2547945205479452,0.7178082191780822,0.486027397260274,139106,769,1019,2586,OPTIMAL,6.112502532744222e7,0.0,6.0406494401490964e7,0.0,0.0,202712,415081,OPTIMAL,2.7928507304932192e7,0.0,2.792221050493618e7,0.0,6296.799999725157,5492686,11336278,8.386326838646007e7,629.6799999725157,0.008607833,0.811768,0.037406708,1.340978167,2.319288334,0.570035292
tyndp/p2x_10_24_convex_hull_with_null_conical_bounded_0.01_economic,505263,10,24,convex_hull_with_null,conical_bounded,economic,0.01,6.046295956617219e6,4.086957327555867e6,181705.4253901496,22.492214081007972,1.21954526910791,10,0.9240263846624637,1.0,0.0,0.7534246575342466,0.4794520547945205,138787,721,1019,2586,OPTIMAL,5.803837697838657e7,0.0,5.732766421338572e7,0.0,-7.009905045466809e-9,202712,415081,OPTIMAL,2.7514456889848847e7,0.0,2.750651992985197e7,0.0,7936.960000344725,5492686,11336278,6.726527453581601e7,793.6960000344707,0.008688708,0.731007333,0.073066958,1.358384709,2.218134042,0.570035292
tyndp/p2x_10_24_conical_hull_dirac_0.01_economic,505263,10,24,conical_hull,dirac,economic,0.01,9.513621279761648e6,3.405442331915726e6,185169.49229982545,18.390947070274688,1.2475198230575375,10,1.0,1.0,0.0,0.0,0.1,0,0,1084,2156,OPTIMAL,3.2288887920511197e7,0.0,3.1470683760511287e7,0.0,0.0,202712,415081,OPTIMAL,2.8434047032728635e7,0.0,2.8268512169522334e7,0.0,165534.86320927544,5492686,11336278,7.12574078874547e7,16553.48632092753,0.008681708,0.60493825,1.125e-6,1.245631917,1.504254958,0.570035292
tyndp/p2x_10_24_conical_hull_convex_0.01_economic,505263,10,24,conical_hull,convex,economic,0.01,6.640104691077492e6,3.405442331915726e6,185169.49229982545,18.390947070274688,1.2475198230575375,10,1.0,1.0000000000000002,0.0,0.0,0.4334246575342466,103558,629,1084,2156,OPTIMAL,5.823188132627865e7,0.0,5.750484540793783e7,0.0,2.077113153530601e-8,202712,415081,OPTIMAL,2.7348098982952233e7,0.0,2.732878405015292e7,0.0,19314.93280218805,5492686,11336278,4.979902562313035e7,1931.4932802188036,0.008675042,0.598795667,0.044333833,1.34751425,2.185754875,0.570035292
tyndp/p2x_10_24_conical_hull_conical_0.01_economic,505263,10,24,conical_hull,conical,economic,0.01,6.141571748175553e6,3.405442331915726e6,185169.49229982545,18.390947070274688,1.2475198230575375,10,1.0894067910402627,1.3091107811742715,0.8301369863013699,0.14246575342465753,0.47643835616438357,115272,645,1084,2156,OPTIMAL,7.004626382615039e7,0.0,6.92220155946054e7,0.0,2.3308368692664817e-8,202712,415081,OPTIMAL,2.7401302794478618e7,0.0,2.7187803867887534e7,0.0,213498.92659416693,5492686,11336278,4.1728162115615286e7,21349.892659416684,0.008700916,1.858489208,0.039169916,1.304626625,2.212808209,0.570035292
tyndp/p2x_10_24_conical_hull_conical_bounded_0.01_economic,505263,10,24,conical_hull,conical_bounded,economic,0.01,6.628831325257923e6,3.405442331915726e6,185169.49229982545,18.390947070274688,1.2475198230575375,10,0.9909037165110784,1.0,0.0,0.2821917808219178,0.4334246575342466,103707,644,1084,2156,OPTIMAL,5.736597446960156e7,0.0,5.665276825852459e7,0.0,2.7019667581940013e-8,202712,415081,OPTIMAL,2.734777836277421e7,0.0,2.7328110365437612e7,0.0,19667.997339507136,5492686,11336278,5.2136555310043e7,1966.7997339507087,0.00900525,0.562498583,0.06372,1.284821459,2.241619542,0.570035292
tyndp/p2x_20_24_k_means_dirac_0.01_economic,505263,20,24,k_means,dirac,economic,0.01,6.297569394061704e6,5.568611949476824e6,36209.954976373345,153.7867681169527,1.09511238362737,20,1.0,1.0,0.0,0.0,0.05,0,0,0,0,OPTIMAL,1.6744559104304397e7,0.0,1.6360790441783868e7,0.0,-7.478067547910743e-11,353912,727091,OPTIMAL,2.7778364614045348e7,0.0,2.7391265299875405e7,0.0,387099.3141733759,5492686,11336278,4.002833322843785e7,38709.931417337604,0.008697292,0.453490708,1.792e-6,1.800911792,4.763515834,0.570035292
tyndp/p2x_20_24_k_means_convex_0.01_economic,505263,20,24,k_means,convex,economic,0.01,5.6660052496818425e6,5.568611949476824e6,36209.954976373345,153.7867681169527,1.09511238362737,20,1.0,1.0000000000000004,0.0,0.0,0.1689041095890411,291116,2353,0,0,OPTIMAL,1.80899963926719e7,0.0,1.7678964223642256e7,0.0,2.792197493640327e-9,353912,727091,OPTIMAL,2.716188917936443e7,0.0,2.7148928859368324e7,0.0,12960.319999263473,5492686,11336278,5.134075804651399e7,1296.0319999263486,0.008743083,0.45494025,0.258055333,1.725344459,3.853626125,0.570035292
tyndp/p2x_20_24_k_means_conical_0.01_economic,505263,20,24,k_means,conical,economic,0.01,5.477489293726811e6,5.568611949476824e6,36209.954976373345,153.7867681169527,1.09511238362737,20,1.0110460089532742,1.1841937074709812,0.6,0.4,0.16657534246575342,311427,2261,0,0,OPTIMAL,1.8216874834298957e7,0.0,1.7827220985865723e7,0.0,4.514425395401855e-10,353912,727091,OPTIMAL,2.9409436000611074e7,0.0,2.7125000180646446e7,0.0,2.2844358199679283e6,5492686,11336278,3.7738402958318934e7,228443.58199679307,0.008672708,0.430504083,0.144551583,1.709607083,3.971396292,0.570035292
tyndp/p2x_20_24_k_means_conical_bounded_0.01_economic,505263,20,24,k_means,conical_bounded,economic,0.01,5.607124080112211e6,5.568611949476824e6,36209.954976373345,153.7867681169527,1.09511238362737,20,0.9756902648567559,1.0000000000000002,0.0,0.4876712328767123,0.16616438356164384,299907,2351,0,0,OPTIMAL,1.659063236679859e7,0.0,1.6246701392677084e7,0.0,4.741127289861307e-8,353912,727091,OPTIMAL,2.7149900902223807e7,0.0,2.7127621382229008e7,0.0,22279.51999814484,5492686,11336278,4.3766962681037344e7,2227.9519998144874,0.008666084,0.504024583,1.334481167,1.806660458,5.272394583,0.570035292
tyndp/p2x_20_24_k_medoids_dirac_0.01_economic,505263,20,24,k_medoids,dirac,economic,0.01,7.695928952885726e6,5.429138060592046e6,109153.54953782342,49.73853881600767,1.1618316331489567,20,1.0,1.0,0.0,0.0,0.05,0,0,0,0,OPTIMAL,2.7559275771245066e7,0.0,2.628601881124485e7,0.0,-2.9796778800941646e-10,353912,727091,OPTIMAL,2.8581511713616133e7,0.0,2.7515643043013792e7,0.0,1.065868670605396e6,5492686,11336278,3.2957092530736785e7,106586.8670605396,0.008694792,0.477748,2.25e-6,2.576018667,3.855430416,0.570035292
tyndp/p2x_20_24_k_medoids_convex_0.01_economic,505263,20,24,k_medoids,convex,economic,0.01,5.857688160782555e6,5.429138060592046e6,109153.54953782342,49.73853881600767,1.1618316331489567,20,1.0,1.0000000000000002,0.0,0.0,0.2595890410958904,285418,1606,0,0,OPTIMAL,2.768208067400018e7,0.0,2.6714833119264964e7,0.0,2.3703644314764444e-9,353912,727091,OPTIMAL,2.702571598576082e7,0.0,2.700870825941652e7,0.0,17007.726347271164,5492686,11336278,3.8992952781568706e7,1700.7726347271168,0.008683458,0.41736375,1.139206458,1.888013333,4.176842,0.570035292
tyndp/p2x_20_24_k_medoids_conical_0.01_economic,505263,20,24,k_medoids,conical,economic,0.01,5.665131449712708e6,5.429138060592046e6,109153.54953782342,49.73853881600767,1.1618316331489567,20,1.0110417459796548,1.1955865194937398,0.5643835616438356,0.38082191780821917,0.2689041095890411,302906,1561,0,0,OPTIMAL,2.732813224068876e7,0.0,2.6474927716237042e7,0.0,4.8258998531363215e-9,353912,727091,OPTIMAL,2.7299700181928936e7,0.0,2.7082841648193553e7,0.0,216858.5337383417,5492686,11336278,3.8153587997725524e7,21685.853373834136,0.008729375,0.478513958,0.271795084,2.764767208,3.941271084,0.570035292
tyndp/p2x_20_24_k_medoids_conical_bounded_0.01_economic,505263,20,24,k_medoids,conical_bounded,economic,0.01,5.795637475032527e6,5.429138060592046e6,109153.54953782342,49.73853881600767,1.1618316331489567,20,0.9745864289880954,1.0000000000000002,0.0,0.5150684931506849,0.2553424657534247,284715,1646,0,0,OPTIMAL,2.4786225411059305e7,0.0,2.403253344283599e7,0.0,1.568509570473599e-9,353912,727091,OPTIMAL,2.708953818690488e7,0.0,2.707274810690859e7,0.0,16790.079999327598,5492686,11336278,3.940801617665966e7,1679.007999932751,0.008699584,0.448443375,1.136138333,2.007935625,4.27571675,0.570035292
tyndp/p2x_20_24_hierarchical_dirac_0.01_economic,505263,20,24,hierarchical,dirac,economic,0.01,7.82063023141736e6,5.488136906766043e6,111929.88919742436,49.03191583693921,1.143857486055434,20,1.0,1.0,0.0,0.0,0.05,0,0,0,0,OPTIMAL,3.1808447105745297e7,0.0,3.135856758574509e7,0.0,0.0,353912,727091,OPTIMAL,2.8205257581920348e7,0.0,2.7414769785761002e7,0.0,790487.7961624358,5492686,11336278,3.598228858364779e7,79048.77961624366,0.008683416,0.434283458,1.708e-6,1.675529708,3.809222833,0.570035292
tyndp/p2x_20_24_hierarchical_convex_0.01_economic,505263,20,24,hierarchical,convex,economic,0.01,5.792075818425055e6,5.488136906766043e6,111929.88919742436,49.03191583693921,1.143857486055434,20,1.0,1.0000000000000002,0.0,0.0,0.2583561643835616,274312,1392,0,0,OPTIMAL,3.7285891618053675e7,0.0,3.71971451367606e7,0.0,0.0,353912,727091,OPTIMAL,2.7379510628344867e7,0.0,2.7372114948346447e7,0.0,7395.680001502886,5492686,11336278,7.461916551827739e7,739.5680001502885,0.008674667,0.44603675,0.210267916,2.642156375,6.098358708,0.570035292
tyndp/p2x_20_24_hierarchical_conical_0.01_economic,505263,20,24,hierarchical,conical,economic,0.01,5.586997005574276e6,5.488136906766043e6,111929.88919742436,49.03191583693921,1.143857486055434,20,1.017617503292917,1.2409805086942345,0.5616438356164384,0.3835616438356164,0.2691780821917808,294676,1398,0,0,OPTIMAL,3.805785129145623e7,0.0,3.7970174514869615e7,0.0,-3.3800651651656083e-10,353912,727091,OPTIMAL,2.716449768890941e7,0.0,2.706912914382818e7,0.0,95368.54508435815,5492686,11336278,4.462102985298751e7,9536.854508435807,0.008651625,0.464847666,0.295184041,2.823671584,4.384713375,0.570035292
tyndp/p2x_20_24_hierarchical_conical_bounded_0.01_economic,505263,20,24,hierarchical,conical_bounded,economic,0.01,5.734399990256139e6,5.488136906766043e6,111929.88919742436,49.03191583693921,1.143857486055434,20,0.9747846222616013,1.0000000000000002,0.0,0.4986301369863014,0.2556164383561644,280211,1411,0,0,OPTIMAL,3.2628641441377725e7,0.0,3.254370547279194e7,0.0,-2.6960077340381987e-9,353912,727091,OPTIMAL,2.7064608479021758e7,0.0,2.704231516491042e7,0.0,22293.31411458786,5492686,11336278,3.933234234483387e7,2229.331411458784,0.008663209,0.446558958,0.242248,1.781685792,4.064273083,0.570035292
tyndp/p2x_20_24_chronological_dirac_0.01_economic,505263,20,24,chronological,dirac,economic,0.01,9.195277825264065e6,5.491456903061937e6,113597.96478191845,48.34115570295868,1.1310946154968364,20,1.0,1.0,0.0,0.0,0.05,0,0,0,0,OPTIMAL,2.0862996744230095e7,0.0,2.0134473224230163e7,0.0,0.0,353912,727091,OPTIMAL,2.949581086429965e7,0.0,2.8323622837040093e7,0.0,1.1721880272626795e6,5492686,11336278,4.781988203995877e7,117218.80272626826,0.008666208,0.425648667,1.75e-6,1.732969958,2.688847958,0.570035292
tyndp/p2x_20_24_chronological_convex_0.01_economic,505263,20,24,chronological,convex,economic,0.01,6.349289259126955e6,5.491456903061937e6,113597.96478191845,48.34115570295868,1.1310946154968364,20,1.0,1.0000000000000002,0.0,0.0,0.25315068493150683,297004,1386,0,0,OPTIMAL,2.1971428214594107e7,0.0,2.1184455195861407e7,0.0,-6.368898765644745e-9,353912,727091,OPTIMAL,2.726791940170657e7,0.0,2.725481444170896e7,0.0,13104.960000457851,5492686,11336278,4.1940485447827056e7,1310.4960000457854,0.008648916,0.428936833,0.256539,1.846521458,6.939474583,0.570035292
tyndp/p2x_20_24_chronological_conical_0.01_economic,505263,20,24,chronological,conical,economic,0.01,6.07183172914654e6,5.491456903061937e6,113597.96478191845,48.34115570295868,1.1310946154968364,20,1.009953852547507,1.268694266730146,0.547945205479452,0.3972602739726027,0.26109589041095893,315504,1457,0,0,OPTIMAL,2.1870101649054885e7,0.0,2.125600074605985e7,0.0,-7.93280088997759e-10,353912,727091,OPTIMAL,2.7475742557258703e7,0.0,2.7434232453477994e7,0.0,41510.10378390522,5492686,11336278,4.531462192566991e7,4151.010378390516,0.00863025,0.45693425,1.119896209,2.008673125,6.194602667,0.570035292
tyndp/p2x_20_24_chronological_conical_bounded_0.01_economic,505263,20,24,chronological,conical_bounded,economic,0.01,6.262005488337523e6,5.491456903061937e6,113597.96478191845,48.34115570295868,1.1310946154968364,20,0.9658480308162144,1.0000000000000002,0.0,0.5232876712328767,0.25287671232876713,304971,1493,0,0,OPTIMAL,2.0482970680703916e7,0.0,1.9974205060411494e7,0.0,0.0,353912,727091,OPTIMAL,2.7599252705867425e7,0.0,2.7589624431447085e7,0.0,9628.27442341483,5492686,11336278,5.9088226077595994e7,962.8274423414832,0.008683125,0.475545708,1.197960708,1.831531667,7.839669625,0.570035292
tyndp/p2x_20_24_convex_hull_dirac_0.01_economic,505263,20,24,convex_hull,dirac,economic,0.01,8.700267979882846e6,5.554181012518021e6,144369.69650020686,38.47193107114458,1.1980728057100722,20,1.0,1.0,0.0,0.0,0.05,0,0,3268,3477,OPTIMAL,3.2703982701732576e7,0.0,3.1136212141732693e7,0.0,0.0,353912,727091,OPTIMAL,2.8643413788863655e7,0.0,2.8037923661513798e7,0.0,605490.1273530099,5492686,11336278,7.580876918003523e7,60549.01273530095,0.00868875,2.383228125,1.5e-6,1.647315291,3.810806791,0.570035292
tyndp/p2x_20_24_convex_hull_convex_0.01_economic,505263,20,24,convex_hull,convex,economic,0.01,5.43787699824974e6,5.554181012518021e6,144369.69650020686,38.47193107114458,1.1980728057100722,20,1.0,1.0000000000000002,0.0,0.0,0.30246575342465754,224379,1344,3268,3477,OPTIMAL,4.342987755799501e7,0.0,4.2242850117196195e7,0.0,1.4528176697460701e-9,353912,727091,OPTIMAL,2.7002230484005466e7,0.0,2.6993556884008117e7,0.0,8673.600000444732,5492686,11336278,5.031193810769973e7,867.3600000444778,0.008588958,2.385347083,0.163439209,1.787889291,4.188674917,0.570035292
tyndp/p2x_20_24_convex_hull_conical_0.01_economic,505263,20,24,convex_hull,conical,economic,0.01,5.298423129438962e6,5.554181012518021e6,144369.69650020686,38.47193107114458,1.1980728057100722,20,0.9914973693016499,1.2024814749165897,0.4328767123287671,0.5123287671232877,0.3036986301369863,241901,1179,3268,3477,OPTIMAL,4.4199863081481e7,0.0,4.3044286367260225e7,0.0,3.935380463688047e-8,353912,727091,OPTIMAL,2.7170055413154848e7,0.0,2.712818071038227e7,0.0,41874.702775787075,5492686,11336278,5.580540555500678e7,4187.47027757871,0.008898917,2.368582541,0.108630167,1.785541625,4.239984,0.570035292
tyndp/p2x_20_24_convex_hull_conical_bounded_0.01_economic,505263,20,24,convex_hull,conical_bounded,economic,0.01,5.369423983431484e6,5.554181012518021e6,144369.69650020686,38.47193107114458,1.1980728057100722,20,0.964948184791118,1.0000000000000002,0.0,0.6438356164383562,0.296027397260274,232080,1155,3268,3477,OPTIMAL,4.064293103664196e7,0.0,3.954241843368387e7,0.0,1.8073293422680684e-9,353912,727091,OPTIMAL,2.7090624752444014e7,0.0,2.7083158832448304e7,0.0,7465.919998829411,5492686,11336278,5.5529984905784175e7,746.5919998829426,0.00865375,2.374375667,0.182848833,1.714585125,4.357238667,0.570035292
tyndp/p2x_20_24_convex_hull_with_null_dirac_0.01_economic,505263,20,24,convex_hull_with_null,dirac,economic,0.01,8.724293768593412e6,5.658049328187443e6,140360.77476396316,40.31075874083958,1.2023853431038878,20,1.0,1.0,0.0,0.0,0.05,0,0,3349,3761,OPTIMAL,2.7639287971271414e7,0.0,2.63054127712713e7,0.0,0.0,353912,727091,OPTIMAL,2.8783725526293404e7,0.0,2.8273746049549628e7,0.0,509979.4767470539,5492686,11336278,7.721366815615009e7,50997.94767470546,0.00865425,2.206117834,1.541e-6,1.960327458,4.051159208,0.570035292
tyndp/p2x_20_24_convex_hull_with_null_convex_0.01_economic,505263,20,24,convex_hull_with_null,convex,economic,0.01,5.44701598961557e6,5.658049328187443e6,140360.77476396316,40.31075874083958,1.2023853431038878,20,1.0,1.0000000000000002,0.0,0.0,0.3034246575342466,233966,1111,3349,3761,OPTIMAL,4.490329038679387e7,0.0,4.3733574807205126e7,0.0,3.436761453808505e-8,353912,727091,OPTIMAL,2.7092614699283466e7,0.0,2.7083902539286923e7,0.0,8712.159999667017,5492686,11336278,4.5814595365938455e7,871.2159999666978,0.008624917,1.316845791,0.181154,1.822558667,4.343802584,0.570035292
tyndp/p2x_20_24_convex_hull_with_null_conical_0.01_economic,505263,20,24,convex_hull_with_null,conical,economic,0.01,5.188206369679722e6,5.658049328187443e6,140360.77476396316,40.31075874083958,1.2023853431038878,20,0.9618898114085183,1.1543156656398463,0.32602739726027397,0.6191780821917808,0.29863013698630136,243494,1173,3349,3761,OPTIMAL,4.203493240991513e7,0.0,4.11236011373495e7,0.0,0.0,353912,727091,OPTIMAL,2.7719507993120745e7,0.0,2.7693446866520744e7,0.0,26061.126603346216,5492686,11336278,7.977149864884633e7,2606.1126603346215,0.008699167,1.277607875,0.100244708,1.899956917,6.35835975,0.570035292
tyndp/p2x_20_24_convex_hull_with_null_conical_bounded_0.01_economic,505263,20,24,convex_hull_with_null,conical_bounded,economic,0.01,5.239090042763559e6,5.658049328187443e6,140360.77476396316,40.31075874083958,1.2023853431038878,20,0.946351545980548,1.0000000000000002,0.0,0.7068493150684931,0.29315068493150687,235853,1111,3349,3761,OPTIMAL,3.942736184586338e7,0.0,3.853472101102846e7,0.0,2.0151175599405127e-8,353912,727091,OPTIMAL,2.726123064824023e7,0.0,2.7252518488243606e7,0.0,8712.160000044927,5492686,11336278,4.596424328538689e7,871.2160000044935,0.008868375,2.4090295,0.20367575,1.770518292,4.529918583,0.570035292
tyndp/p2x_20_24_conical_hull_dirac_0.01_economic,505263,20,24,conical_hull,dirac,economic,0.01,8.874367118180826e6,4.868128611510625e6,144915.0832405984,33.592973917202315,1.2331546783419174,20,1.0,1.0,0.0,0.0,0.05,0,0,3281,3464,OPTIMAL,2.810079156041414e7,0.0,2.7560877320414007e7,0.0,0.0,353912,727091,OPTIMAL,2.843354477341198e7,0.0,2.7745406058136027e7,0.0,688138.715278999,5492686,11336278,4.6632078280056134e7,68813.87152789994,0.008714792,0.749706,1.25e-6,1.676484084,3.945512209,0.570035292
tyndp/p2x_20_24_conical_hull_convex_0.01_economic,505263,20,24,conical_hull,convex,economic,0.01,5.928810038169673e6,4.868128611510625e6,144915.0832405984,33.592973917202315,1.2331546783419174,20,1.0,1.0000000000000002,0.0,0.0,0.2856164383561644,203055,1030,3281,3464,OPTIMAL,4.147788087056796e7,0.0,4.113102369256575e7,0.0,-1.1482302168304605e-8,353912,727091,OPTIMAL,2.7056292093744703e7,0.0,2.7032266333748404e7,0.0,24025.75999942376,5492686,11336278,4.839354120182167e7,2402.5759999423763,0.008650458,0.793913584,0.154512834,1.772965917,4.397601667,0.570035292
tyndp/p2x_20_24_conical_hull_conical_0.01_economic,505263,20,24,conical_hull,conical,economic,0.01,5.460783153549963e6,4.868128611510625e6,144915.0832405984,33.592973917202315,1.2331546783419174,20,1.088935196345915,1.3526287382315314,0.8191780821917808,0.12602739726027398,0.3117808219178082,223805,1087,3281,3464,OPTIMAL,5.180331552007615e7,0.0,5.1415677040215515e7,0.0,1.5430491917756047e-9,353912,727091,OPTIMAL,2.7318960232373297e7,0.0,2.6939568983339936e7,0.0,379391.24903624965,5492686,11336278,2.8792173453124512e7,37939.12490362498,0.008673583,1.816086958,0.27989425,1.728670125,5.514739292,0.570035292
tyndp/p2x_20_24_conical_hull_conical_bounded_0.01_economic,505263,20,24,conical_hull,conical_bounded,economic,0.01,5.9259372369801365e6,4.868128611510625e6,144915.0832405984,33.592973917202315,1.2331546783419174,20,0.991657924483823,1.0000000000000002,0.0,0.36712328767123287,0.2843835616438356,202508,1031,3281,3464,OPTIMAL,4.083201203861697e7,0.0,4.0486705241273515e7,0.0,1.1486917770877438e-8,353912,727091,OPTIMAL,2.704370638089576e7,0.0,2.701968062089856e7,0.0,24025.76000010511,5492686,11336278,4.807926820707779e7,2402.5760000105147,0.008581625,0.730021833,0.191748792,1.792110917,4.295921125,0.570035292
tyndp/p2x_40_24_k_means_dirac_0.01_economic,505263,40,24,k_means,dirac,economic,0.01,5.686112824984084e6,7.735426129011125e6,28804.78237510944,268.5465916137384,1.1108549636129543,40,1.0,1.0,0.0,0.0,0.025,0,0,0,0,OPTIMAL,1.791069156572462e7,0.0,1.763998689081174e7,0.0,0.0,656312,1351111,OPTIMAL,2.7725465532700412e7,0.0,2.7532387981071055e7,0.0,193077.55163286696,5492686,11336278,7.242547702886333e7,19307.75516328673,0.008667916,0.444271208,1.75e-6,3.626903541,11.2728345,0.570035292
tyndp/p2x_40_24_k_means_convex_0.01_economic,505263,40,24,k_means,convex,economic,0.01,5.061819588706059e6,7.735426129011125e6,28804.78237510944,268.5465916137384,1.1108549636129543,40,1.0,1.0000000000000002,0.0,0.0,0.10184931506849315,473718,3746,0,0,OPTIMAL,1.8857706105613332e7,0.0,1.860063443692552e7,0.0,2.206491314528356e-8,656312,1351111,OPTIMAL,2.6888018550609823e7,0.0,2.6877182070610773e7,0.0,10836.480002074602,5492686,11336278,3.991831928703621e7,1083.6480002074582,0.00888,0.462066333,1.903261167,2.74567375,8.976815208,0.570035292
tyndp/p2x_40_24_k_means_conical_0.01_economic,505263,40,24,k_means,conical,economic,0.01,4.902040886473181e6,7.735426129011125e6,28804.78237510944,268.5465916137384,1.1108549636129543,40,1.0207821616430286,1.1685907063075833,0.6575342465753424,0.33972602739726027,0.10438356164383561,523536,3333,0,0,OPTIMAL,1.9578113308140982e7,0.0,1.9311101868929867e7,0.0,6.3733448272929626e-9,656312,1351111,OPTIMAL,2.8792984478437345e7,0.0,2.684019301013907e7,0.0,1.9527914683014285e6,5492686,11336278,3.659823807410989e7,195279.14683014268,0.008778458,0.468162584,0.465396167,2.816799834,11.217041625,0.570035292
tyndp/p2x_40_24_k_means_conical_bounded_0.01_economic,505263,40,24,k_means,conical_bounded,economic,0.01,5.032567439383865e6,7.735426129011125e6,28804.78237510944,268.5465916137384,1.1108549636129543,40,0.9828603761311049,1.0000000000000002,0.0,0.4876712328767123,0.10061643835616438,483020,3748,0,0,OPTIMAL,1.770707509828282e7,0.0,1.747442770896365e7,0.0,7.57626713471841e-11,656312,1351111,OPTIMAL,2.729244539697742e7,0.0,2.72673780289272e7,0.0,25067.368053334216,5492686,11336278,1.1525807456150341e8,2506.7368053334208,0.008691417,0.455318042,0.771382167,4.063629041,14.780537291,0.570035292
tyndp/p2x_40_24_k_medoids_dirac_0.01_economic,505263,40,24,k_medoids,dirac,economic,0.01,7.046887485246134e6,7.910550517468032e6,77393.25907763859,102.21239694186293,1.1662185918712928,40,1.0,1.0,0.0,0.0,0.025,0,0,0,0,OPTIMAL,3.0227119856695157e7,0.0,2.9600492656694908e7,0.0,0.0,656312,1351111,OPTIMAL,2.7710391689783823e7,0.0,2.7330435701152448e7,0.0,379955.9886348128,5492686,11336278,4.711020042744178e7,37995.59886348127,0.008653458,0.438226166,2.042e-6,3.498262375,10.316344375,0.570035292
tyndp/p2x_40_24_k_medoids_convex_0.01_economic,505263,40,24,k_medoids,convex,economic,0.01,5.051423765610615e6,7.910550517468032e6,77393.25907763859,102.21239694186293,1.1662185918712928,40,1.0,1.0000000000000002,0.0,0.0,0.16267123287671234,466268,2278,0,0,OPTIMAL,3.545318634142522e7,0.0,3.497630258807204e7,0.0,6.388803391163122e-10,656312,1351111,OPTIMAL,2.692566498595725e7,0.0,2.690435106596024e7,0.0,21313.920000176084,5492686,11336278,3.955164805926766e7,2131.392000017613,0.008681917,0.428372875,0.709336875,4.005524875,9.586051334,0.570035292
tyndp/p2x_40_24_k_medoids_conical_0.01_economic,505263,40,24,k_medoids,conical,economic,0.01,4.909062362266586e6,7.910550517468032e6,77393.25907763859,102.21239694186293,1.1662185918712928,40,0.998239130923624,1.1854093564478478,0.473972602739726,0.41643835616438357,0.16321917808219177,482558,2173,0,0,OPTIMAL,3.449709563767297e7,0.0,3.40926217039209e7,0.0,-7.4597576598072e-10,656312,1351111,OPTIMAL,2.6973352071374305e7,0.0,2.692590066358702e7,0.0,47451.407790597186,5492686,11336278,3.679689942114681e7,4745.140779059719,0.008630708,0.476670791,1.669262125,2.820380375,10.446398709,0.570035292
tyndp/p2x_40_24_k_medoids_conical_bounded_0.01_economic,505263,40,24,k_medoids,conical_bounded,economic,0.01,4.984773970269552e6,7.910550517468032e6,77393.25907763859,102.21239694186293,1.1662185918712928,40,0.9713245013039694,1.0000000000000002,0.0,0.5945205479452055,0.1593150684931507,470243,2248,0,0,OPTIMAL,3.094533873500259e7,0.0,3.058224022964802e7,0.0,0.0,656312,1351111,OPTIMAL,2.7317371204500545e7,0.0,2.7310978262027588e7,0.0,6392.942476265642,5492686,11336278,7.231572123456922e7,639.2942476265641,0.008695417,0.428416542,0.716900167,2.770984583,12.25638925,0.570035292
tyndp/p2x_40_24_hierarchical_dirac_0.01_economic,505263,40,24,hierarchical,dirac,economic,0.01,7.112968854585597e6,7.649324535298489e6,77122.21051113495,99.18445652169261,1.146251951050199,40,1.0,1.0,0.0,0.0,0.025,0,0,0,0,OPTIMAL,3.000053611236597e7,0.0,2.935307019236573e7,0.0,0.0,656312,1351111,OPTIMAL,2.7471115725902416e7,0.0,2.7276236987215083e7,0.0,194878.73869063033,5492686,11336278,3.729810383886548e7,19487.873869063027,0.008983792,0.495562375,1.875e-6,3.80427375,9.504349708,0.570035292
tyndp/p2x_40_24_hierarchical_convex_0.01_economic,505263,40,24,hierarchical,convex,economic,0.01,5.150244676415041e6,7.649324535298489e6,77122.21051113495,99.18445652169261,1.146251951050199,40,1.0,1.0000000000000002,0.0,0.0,0.14876712328767122,415765,2270,0,0,OPTIMAL,3.12813444358992e7,0.0,3.094569648331161e7,0.0,7.726643938735005e-8,656312,1351111,OPTIMAL,2.6900262555012878e7,0.0,2.6882995995015167e7,0.0,17266.560000599107,5492686,11336278,3.9960914848879255e7,1726.656000059917,0.008715333,0.451757166,1.885207458,2.845502833,8.964050834,0.570035292
tyndp/p2x_40_24_hierarchical_conical_0.01_economic,505263,40,24,hierarchical,conical,economic,0.01,4.9754713974883985e6,7.649324535298489e6,77122.21051113495,99.18445652169261,1.146251951050199,40,1.0241331573537138,1.215699307578764,0.5808219178082191,0.3095890410958904,0.1560958904109589,444881,2176,0,0,OPTIMAL,3.315589349103522e7,0.0,3.2788630672812458e7,0.0,1.1264751995078486e-8,656312,1351111,OPTIMAL,2.6993399068112157e7,0.0,2.6932328341830682e7,0.0,61070.72628439306,5492686,11336278,4.540188140138204e7,6107.072628439325,0.00866875,0.433629292,0.39515875,4.020240375,8.759882917,0.570035292
tyndp/p2x_40_24_hierarchical_conical_bounded_0.01_economic,505263,40,24,hierarchical,conical_bounded,economic,0.01,5.122347754506262e6,7.649324535298489e6,77122.21051113495,99.18445652169261,1.146251951050199,40,0.9805908826204669,1.0000000000000002,0.0,0.5095890410958904,0.1473972602739726,416231,2244,0,0,OPTIMAL,2.912689570647556e7,0.0,2.8832779658767153e7,0.0,0.0,656312,1351111,OPTIMAL,2.7295383770573832e7,0.0,2.7278762330576714e7,0.0,16621.440000349634,5492686,11336278,7.442971170288548e7,1662.1440000349635,0.008625375,0.455440875,0.644224791,2.814569042,14.967772667,0.570035292
tyndp/p2x_40_24_chronological_dirac_0.01_economic,505263,40,24,chronological,dirac,economic,0.01,8.92910641502578e6,7.721533274724049e6,70763.47914102615,109.11749066684,1.1545833188904806,40,1.0,1.0,0.0,0.0,0.025,0,0,0,0,OPTIMAL,2.4870254759237006e7,0.0,2.4648561959235303e7,0.0,0.0,656312,1351111,OPTIMAL,2.8443094180073276e7,0.0,2.8075165342283513e7,0.0,367928.8377930968,5492686,11336278,5.590694441630463e7,36792.88377930972,0.008643708,0.443450292,1.625e-6,3.682558041,4.91166125,0.570035292
tyndp/p2x_40_24_chronological_convex_0.01_economic,505263,40,24,chronological,convex,economic,0.01,5.383615367041088e6,7.721533274724049e6,70763.47914102615,109.11749066684,1.1545833188904806,40,1.0,1.0000000000000002,0.0,0.0,0.15287671232876712,454736,2218,0,0,OPTIMAL,2.6696362386165556e7,0.0,2.6250970460259963e7,0.0,0.0,656312,1351111,OPTIMAL,2.6901207767068863e7,0.0,2.687888982366004e7,0.0,22317.94341193189,5492686,11336278,3.752401875942625e7,2231.7943411931856,0.008618459,0.435872875,1.891419958,2.874597208,13.595962083,0.570035292
tyndp/p2x_40_24_chronological_conical_0.01_economic,505263,40,24,chronological,conical,economic,0.01,5.168739964745132e6,7.721533274724049e6,70763.47914102615,109.11749066684,1.1545833188904806,40,1.0140388451539046,1.2527985860410293,0.5123287671232877,0.3780821917808219,0.15595890410958904,476330,2516,0,0,OPTIMAL,2.6697646965671554e7,0.0,2.6363520387652174e7,0.0,0.0,656312,1351111,OPTIMAL,2.7322239091236245e7,0.0,2.717181388880809e7,0.0,150425.20243128552,5492686,11336278,6.070932369198586e7,15042.520243128552,0.00863075,0.432441708,0.426942459,2.870643333,17.054952875,0.570035292
tyndp/p2x_40_24_chronological_conical_bounded_0.01_economic,505263,40,24,chronological,conical_bounded,economic,0.01,5.336930427471115e6,7.721533274724049e6,70763.47914102615,109.11749066684,1.1545833188904806,40,0.9752883200064024,1.0000000000000002,0.0,0.5178082191780822,0.15123287671232877,464199,2248,0,0,OPTIMAL,2.4916468967386354e7,0.0,2.4619005226665374e7,0.0,0.0,656312,1351111,OPTIMAL,2.7206740129834365e7,0.0,2.7196080929837592e7,0.0,10659.199999937448,5492686,11336278,6.65975451218141e7,1065.9199999937448,0.008663458,0.429910917,1.962352875,2.834962833,15.571309167,0.570035292
tyndp/p2x_40_24_convex_hull_dirac_0.01_economic,505263,40,24,convex_hull,dirac,economic,0.01,7.724485727329458e6,7.889845944255443e6,89885.0943531644,87.77702244218295,1.1904783664010676,40,1.0,1.0,0.0,0.0,0.025,0,0,8486,4969,OPTIMAL,3.035861726572464e7,0.0,2.977952366572453e7,0.0,0.0,656312,1351111,OPTIMAL,2.8081118966089327e7,0.0,2.7706731198172636e7,0.0,374387.76791996864,5492686,11336278,5.934850223865996e7,37438.77679199693,0.008603083,4.264732792,1.666e-6,2.77433725,9.1314175,0.570035292
tyndp/p2x_40_24_convex_hull_convex_0.01_economic,505263,40,24,convex_hull,convex,economic,0.01,4.688658648008789e6,7.889845944255443e6,89885.0943531644,87.77702244218295,1.1904783664010676,40,1.0,1.0000000000000004,0.0,0.0,0.17383561643835616,394379,1986,8486,4969,OPTIMAL,3.8016648034029916e7,0.0,3.750121425943317e7,0.0,1.197088140408924e-8,656312,1351111,OPTIMAL,2.68212662920393e7,0.0,2.6812552904632237e7,0.0,8713.387410131192,5492686,11336278,4.1836129873797394e7,871.3387410131221,0.008659833,4.456470042,0.513349416,2.946936917,8.971004375,0.570035292
tyndp/p2x_40_24_convex_hull_conical_0.01_economic,505263,40,24,convex_hull,conical,economic,0.01,4.546045360693533e6,7.889845944255443e6,89885.0943531644,87.77702244218295,1.1904783664010676,40,0.9939357963034449,1.1834976246281534,0.4410958904109589,0.44931506849315067,0.1734931506849315,409644,2015,8486,4969,OPTIMAL,3.893708888476465e7,0.0,3.8404519909254834e7,0.0,-1.7212131775575293e-8,656312,1351111,OPTIMAL,2.6910113786358703e7,0.0,2.689542549252466e7,0.0,14688.293837214847,5492686,11336278,4.842196802688691e7,1468.8293837214815,0.008608084,4.350038042,0.362310667,2.850077084,9.549844292,0.570035292
tyndp/p2x_40_24_convex_hull_conical_bounded_0.01_economic,505263,40,24,convex_hull,conical_bounded,economic,0.01,4.62876116495966e6,7.889845944255443e6,89885.0943531644,87.77702244218295,1.1904783664010676,40,0.9692645657544936,1.0000000000000002,0.0,0.6438356164383562,0.16924657534246576,397472,2017,8486,4969,OPTIMAL,3.5831138888891846e7,0.0,3.532972739295202e7,0.0,3.628318130545138e-8,656312,1351111,OPTIMAL,2.6856389952609316e7,0.0,2.684941859261221e7,0.0,6971.360000269543,5492686,11336278,3.834988738504007e7,697.1360000269547,0.0088485,4.178612291,0.603931875,2.848470125,10.661751709,0.570035292
tyndp/p2x_40_24_convex_hull_with_null_dirac_0.01_economic,505263,40,24,convex_hull_with_null,dirac,economic,0.01,7.752275729564813e6,8.015389771244065e6,88668.32305367895,90.3974440386295,1.189496365218654,40,1.0,1.0,0.0,0.0,0.025,0,0,8637,5183,OPTIMAL,2.8310032925877314e7,0.0,2.748769084587733e7,0.0,0.0,656312,1351111,OPTIMAL,2.8348567050195422e7,0.0,2.791543690353628e7,0.0,433130.1466628332,5492686,11336278,6.967373040370724e7,43313.01466628341,0.009109958,3.207865334,1.0e-6,3.845230333,7.658034208,0.570035292
tyndp/p2x_40_24_convex_hull_with_null_convex_0.01_economic,505263,40,24,convex_hull_with_null,convex,economic,0.01,4.7144853810179345e6,8.015389771244065e6,88668.32305367895,90.3974440386295,1.189496365218654,40,1.0,1.0000000000000002,0.0,0.0,0.17342465753424657,395500,1898,8637,5183,OPTIMAL,3.843400021457552e7,0.0,3.767718104053585e7,0.0,-4.282882801074177e-8,656312,1351111,OPTIMAL,2.681729059027851e7,0.0,2.6805527550281927e7,0.0,11763.039999618797,5492686,11336278,4.1937501911469355e7,1176.3039999618798,0.008675583,4.288132041,0.758261375,2.938831208,9.6939745,0.570035292
tyndp/p2x_40_24_convex_hull_with_null_conical_0.01_economic,505263,40,24,convex_hull_with_null,conical,economic,0.01,4.5147464356135065e6,8.015389771244065e6,88668.32305367895,90.3974440386295,1.189496365218654,40,0.9751413087060756,1.187826596309136,0.34794520547945207,0.5424657534246575,0.17363013698630136,411471,2390,8637,5183,OPTIMAL,3.740353421246026e7,0.0,3.671983741386509e7,0.0,-1.3378896099170097e-9,656312,1351111,OPTIMAL,2.6964256982672546e7,0.0,2.692925467007291e7,0.0,35002.312602888,5492686,11336278,4.514949699480541e7,3500.2312602888123,0.008698458,4.086139416,0.330314042,2.838689667,10.580248791,0.570035292
tyndp/p2x_40_24_convex_hull_with_null_conical_bounded_0.01_economic,505263,40,24,convex_hull_with_null,conical_bounded,economic,0.01,4.570415906149975e6,8.015389771244065e6,88668.32305367895,90.3974440386295,1.189496365218654,40,0.9570066698674929,1.0000000000000002,0.0,0.7150684931506849,0.16815068493150684,398718,2175,8637,5183,OPTIMAL,3.507417583636944e7,0.0,3.440550832886167e7,0.0,1.1766523233838585e-8,656312,1351111,OPTIMAL,2.6919848866074655e7,0.0,2.691178182607797e7,0.0,8067.039999927063,5492686,11336278,4.3734867072637685e7,806.7039999927064,0.008720625,4.3895505,0.594849333,2.856039208,8.842353459,0.570035292
tyndp/p2x_40_24_conical_hull_dirac_0.01_economic,505263,40,24,conical_hull,dirac,economic,0.01,7.895455152015408e6,7.004761594421587e6,88086.398154104,79.52148959669128,1.2196545210220373,40,1.0,1.0,0.0,0.0,0.025,0,0,8256,5199,OPTIMAL,2.8786019681126706e7,0.0,2.8144410881126426e7,0.0,0.0,656312,1351111,OPTIMAL,2.7874864959596004e7,0.0,2.7800118235687315e7,0.0,74746.72391188693,5492686,11336278,6.293888237870818e7,7474.672391188696,0.008672708,2.530040292,1.833e-6,2.742132,9.036995208,0.570035292
tyndp/p2x_40_24_conical_hull_convex_0.01_economic,505263,40,24,conical_hull,convex,economic,0.01,5.166026377073012e6,7.004761594421587e6,88086.398154104,79.52148959669128,1.2196545210220373,40,1.0,1.0000000000000002,0.0,0.0,0.16794520547945205,347934,1923,8256,5199,OPTIMAL,4.065305460458411e7,0.0,4.024818260336122e7,0.0,4.0441624089609176e-8,656312,1351111,OPTIMAL,2.6749767082062423e7,0.0,2.6737728362066146e7,0.0,12038.719999219447,5492686,11336278,4.3141319112382345e7,1203.871999921946,0.008727916,1.191926125,1.495423875,3.127501208,10.041195125,0.570035292
tyndp/p2x_40_24_conical_hull_conical_0.01_economic,505263,40,24,conical_hull,conical,economic,0.01,4.648924072546926e6,7.004761594421587e6,88086.398154104,79.52148959669128,1.2196545210220373,40,1.08132209457037,1.3147943099809698,0.7479452054794521,0.14246575342465753,0.18602739726027398,390248,1921,8256,5199,OPTIMAL,4.882064514721082e7,0.0,4.840196769865279e7,0.0,0.0,656312,1351111,OPTIMAL,2.7462949046508353e7,0.0,2.675754016643443e7,0.0,705408.8800768557,5492686,11336278,3.313044140052149e7,70540.88800768575,0.008684833,1.174410125,0.342497875,3.8346125,13.419422917,0.570035292
tyndp/p2x_40_24_conical_hull_conical_bounded_0.01_economic,505263,40,24,conical_hull,conical_bounded,economic,0.01,5.169493381133663e6,7.004761594421587e6,88086.398154104,79.52148959669128,1.2196545210220373,40,0.9905708815279527,1.0000000000000002,0.0,0.4684931506849315,0.16705479452054794,347906,1933,8256,5199,OPTIMAL,3.995802615402347e7,0.0,3.9557243410342254e7,0.0,-2.7607744559033324e-8,656312,1351111,OPTIMAL,2.6785589683036007e7,0.0,2.6772629363039672e7,0.0,12960.31999925643,5492686,11336278,4.4192226037533365e7,1296.0319999256424,0.0086435,1.18529725,0.529560292,3.863852958,9.437034167,0.570035292
tyndp/p2x_80_24_k_means_dirac_0.01_economic,505263,80,24,k_means,dirac,economic,0.01,5.051779750480902e6,1.0901861565188905e7,21225.69699393784,513.6161874120096,1.123037613252544,80,1.0,1.0,0.0,0.0,0.0125,0,0,0,0,OPTIMAL,1.8906499298858047e7,0.0,1.8756219259238612e7,0.0,0.0,1261112,2599151,OPTIMAL,2.735497292677431e7,0.0,2.726000216211376e7,0.0,94970.76466394853,5492686,11336278,6.465738987284992e7,9497.076466394845,0.008691208,0.4938505,9.17e-7,5.605975625,21.540382584,0.570035292
tyndp/p2x_80_24_k_means_convex_0.01_economic,505263,80,24,k_means,convex,economic,0.01,4.414902767342303e6,1.0901861565188905e7,21225.69699393784,513.6161874120096,1.123037613252544,80,1.0,1.0000000000000004,0.0,0.0,0.06030821917808219,714827,4813,0,0,OPTIMAL,1.953740157853084e7,0.0,1.9365411498327643e7,0.0,-2.7778432942623918e-9,1261112,2599151,OPTIMAL,2.665825096152048e7,0.0,2.6646933041524008e7,0.0,11317.919999452984,5492686,11336278,3.452258112314347e7,1131.7919999452986,0.008653042,0.490105208,2.342033041,5.933836542,33.587653334,0.570035292
tyndp/p2x_80_24_k_means_conical_0.01_economic,505263,80,24,k_means,conical,economic,0.01,4.273414392161398e6,1.0901861565188905e7,21225.69699393784,513.6161874120096,1.123037613252544,80,1.0215651494163156,1.1961868894549443,0.6410958904109589,0.336986301369863,0.062363013698630135,780421,4944,0,0,OPTIMAL,2.039654656743832e7,0.0,2.021802606520112e7,0.0,0.0,1261112,2599151,OPTIMAL,2.8323840331491098e7,0.0,2.70240664467136e7,0.0,1.2997738847806521e6,5492686,11336278,6.712928012662141e7,129977.38847806523,0.008715875,0.472650125,1.530994625,6.007754167,43.913619,0.570035292
tyndp/p2x_80_24_k_means_conical_bounded_0.01_economic,505263,80,24,k_means,conical_bounded,economic,0.01,4.3946763982530255e6,1.0901861565188905e7,21225.69699393784,513.6161874120096,1.123037613252544,80,0.9845262227971775,1.0000000000000002,0.0,0.547945205479452,0.05921232876712329,820033,100000,0,0,OPTIMAL,1.86212918839685e7,0.0,1.8464794650966585e7,0.0,0.0,1261112,2599151,OPTIMAL,2.7054502570510812e7,0.0,2.7047659050515056e7,0.0,6843.519999147913,5492686,11336278,6.846221177997734e7,684.3519999147913,0.008955875,0.508599375,2.702538167,5.852271625,45.072061458,0.570035292
tyndp/p2x_80_24_k_medoids_dirac_0.01_economic,505263,80,24,k_medoids,dirac,economic,0.01,6.251536422193392e6,1.0912463107926097e7,50994.26255955444,213.99393892953756,1.1667149624721807,80,1.0,1.0,0.0,0.0,0.0125,0,0,0,0,OPTIMAL,2.6669993355935477e7,0.0,2.6215552715934854e7,0.0,0.0,1261112,2599151,OPTIMAL,2.7886558995291546e7,0.0,2.734442444144481e7,0.0,542134.5538499205,5492686,11336278,6.3057801792892e7,54213.455384992005,0.008709625,0.455644666,1.833e-6,5.864462291,20.337752041,0.570035292
tyndp/p2x_80_24_k_medoids_convex_0.01_economic,505263,80,24,k_medoids,convex,economic,0.01,4.276711879498881e6,1.0912463107926097e7,50994.26255955444,213.99393892953756,1.1667149624721807,80,1.0,1.0000000000000002,0.0,0.0,0.08198630136986301,627029,3458,0,0,OPTIMAL,2.930703989613754e7,0.0,2.9153687781749003e7,0.0,-5.97716414034058e-9,1261112,2599151,OPTIMAL,2.6627235905063175e7,0.0,2.6614150465065874e7,0.0,13085.440000334534,5492686,11336278,4.093326284862837e7,1308.5440000334534,0.008626708,0.463525917,2.137153333,5.914612958,27.727811708,0.570035292
tyndp/p2x_80_24_k_medoids_conical_0.01_economic,505263,80,24,k_medoids,conical,economic,0.01,4.147692121169692e6,1.0912463107926097e7,50994.26255955444,213.99393892953756,1.1667149624721807,80,1.0136389883771175,1.165359130520952,0.5123287671232877,0.2684931506849315,0.08506849315068493,660539,3658,0,0,OPTIMAL,2.9860326866196703e7,0.0,2.9706205624079697e7,0.0,0.0,1261112,2599151,OPTIMAL,2.6935640087773364e7,0.0,2.6846890718967196e7,0.0,88749.36880914905,5492686,11336278,6.1493725542385735e7,8874.93688091491,0.00867125,0.46021875,1.309709792,6.003627583,36.865007708,0.570035292
tyndp/p2x_80_24_k_medoids_conical_bounded_0.01_economic,505263,80,24,k_medoids,conical_bounded,economic,0.01,4.248713510902773e6,1.0912463107926097e7,50994.26255955444,213.99393892953756,1.1667149624721807,80,0.9821997105215118,1.0000000000000002,0.0,0.5315068493150685,0.08116438356164384,627683,3305,0,0,OPTIMAL,2.7353910486972917e7,0.0,2.7217557331913073e7,0.0,-9.010263510594398e-9,1261112,2599151,OPTIMAL,2.6671914704139505e7,0.0,2.6656677264142532e7,0.0,15237.440000017748,5492686,11336278,3.57474227612734e7,1523.7440000017746,0.00864975,0.422713542,2.16914575,5.726310542,27.051669084,0.570035292
tyndp/p2x_80_24_hierarchical_dirac_0.01_economic,505263,80,24,hierarchical,dirac,economic,0.01,6.183900499823317e6,1.0938029644262247e7,49105.95183026169,222.7434605497587,1.1568572542286104,80,1.0,1.0,0.0,0.0,0.0125,0,0,0,0,OPTIMAL,2.6128468160059296e7,0.0,2.5611491840058904e7,0.0,0.0,1261112,2599151,OPTIMAL,2.747758203625594e7,0.0,2.7297422469045743e7,0.0,180159.56721331,5492686,11336278,6.617131441650672e7,18015.956721331015,0.008695584,0.454143125,1.75e-6,5.963526459,19.873968167,0.570035292
tyndp/p2x_80_24_hierarchical_convex_0.01_economic,505263,80,24,hierarchical,convex,economic,0.01,4.253922021191871e6,1.0938029644262247e7,49105.95183026169,222.7434605497587,1.1568572542286104,80,1.0,1.0000000000000004,0.0,0.0,0.07979452054794521,613180,3709,0,0,OPTIMAL,2.93582336441551e7,0.0,2.9069193133955095e7,0.0,5.01087728664885e-9,1261112,2599151,OPTIMAL,2.6534322797045533e7,0.0,2.652149799705043e7,0.0,12824.79999822139,5492686,11336278,3.779847629432187e7,1282.4799998221376,0.008705417,0.467360917,3.067186958,4.623500333,23.979144417,0.570035292
tyndp/p2x_80_24_hierarchical_conical_0.01_economic,505263,80,24,hierarchical,conical,economic,0.01,4.1318780447756173e6,1.0938029644262247e7,49105.95183026169,222.7434605497587,1.1568572542286104,80,1.0157549487383395,1.1687663765285967,0.4931506849315068,0.2876712328767123,0.08304794520547945,649456,3693,0,0,OPTIMAL,3.0134872129546665e7,0.0,2.9837609871687893e7,0.0,-2.1002333766466868e-9,1261112,2599151,OPTIMAL,2.673728296328925e7,0.0,2.6597927256498117e7,0.0,139355.7067941467,5492686,11336278,4.4779301450177446e7,13935.570679414674,0.008701708,0.436731042,1.271658584,6.048306,24.700397791,0.570035292
tyndp/p2x_80_24_hierarchical_conical_bounded_0.01_economic,505263,80,24,hierarchical,conical_bounded,economic,0.01,4.237423230143422e6,1.0938029644262247e7,49105.95183026169,222.7434605497587,1.1568572542286104,80,0.9845354720899556,1.0000000000000002,0.0,0.5178082191780822,0.0789041095890411,623081,3850,0,0,OPTIMAL,2.791037278954009e7,0.0,2.7635776298871864e7,0.0,-1.5721782685151256e-8,1261112,2599151,OPTIMAL,2.6570955088294353e7,0.0,2.655925375895882e7,0.0,11701.329338598356,5492686,11336278,3.701808902943422e7,1170.132933859835,0.008753125,0.437744709,2.1295865,5.765848709,27.708048667,0.570035292
tyndp/p2x_80_24_chronological_dirac_0.01_economic,505263,80,24,chronological,dirac,economic,0.01,7.838478073680419e6,1.090821274013239e7,50608.14751582344,215.54262061700172,1.1666597177920142,80,1.0,1.0,0.0,0.0,0.0125,0,0,0,0,OPTIMAL,2.4677896591387402e7,0.0,2.4565497071386e7,0.0,3686.3999999999965,1261112,2599151,OPTIMAL,2.808848993113005e7,0.0,2.7125166388987992e7,0.0,963323.5421452326,5492686,11336278,3.6017215660913266e7,96332.35421452316,0.008652458,0.428736792,1.791e-6,5.767892875,9.64578425,0.570035292
tyndp/p2x_80_24_chronological_convex_0.01_economic,505263,80,24,chronological,convex,economic,0.01,4.413080520120079e6,1.090821274013239e7,50608.14751582344,215.54262061700172,1.1666597177920142,80,1.0,1.0000000000000002,0.0,0.0,0.08291095890410959,646012,3274,0,0,OPTIMAL,2.643050169809907e7,0.0,2.625034120147459e7,0.0,0.0,1261112,2599151,OPTIMAL,2.6879077846535135e7,0.0,2.686981128653811e7,0.0,9266.560000042464,5492686,11336278,6.74384680771899e7,926.6560000042463,0.008687208,0.510289834,2.149020166,5.754067959,46.172418291,0.570035292
tyndp/p2x_80_24_chronological_conical_0.01_economic,505263,80,24,chronological,conical,economic,0.01,4.263230877883224e6,1.090821274013239e7,50608.14751582344,215.54262061700172,1.1666597177920142,80,1.0191746747128887,1.186304097720303,0.5315068493150685,0.2493150684931507,0.08691780821917808,683569,4040,0,0,OPTIMAL,2.751864135341782e7,0.0,2.7362035823926363e7,0.0,0.0,1261112,2599151,OPTIMAL,2.7144531417401157e7,0.0,2.6876978698500473e7,0.0,267552.71890364203,5492686,11336278,6.272909492091065e7,26755.271890364216,0.00904975,0.440308542,1.330061958,6.007870625,44.271591792,0.570035292
tyndp/p2x_80_24_chronological_conical_bounded_0.01_economic,505263,80,24,chronological,conical_bounded,economic,0.01,4.38816973552863e6,1.090821274013239e7,50608.14751582344,215.54262061700172,1.1666597177920142,80,0.9835067776843522,1.0000000000000002,0.0,0.4849315068493151,0.08256849315068493,650151,3963,0,0,OPTIMAL,2.5357615900148388e7,0.0,2.5220924753225215e7,0.0,0.0,1261112,2599151,OPTIMAL,2.6959755753148865e7,0.0,2.6952912233152453e7,0.0,6843.519999506143,5492686,11336278,7.099236795120633e7,684.3519999506142,0.008635541,0.46925025,2.173296,5.998297042,42.112355292,0.570035292
tyndp/p2x_80_24_convex_hull_dirac_0.01_economic,505263,80,24,convex_hull,dirac,economic,0.01,6.693450307853962e6,1.120968049130499e7,49689.04996248099,225.5965952210628,1.1822527292763478,80,1.0,1.0,0.0,0.0,0.0125,0,0,19067,6608,OPTIMAL,2.7490422371730227e7,0.0,2.7086220451729976e7,0.0,0.0,1261112,2599151,OPTIMAL,2.7925434310127422e7,0.0,2.7342546994200494e7,0.0,582887.3159301223,5492686,11336278,5.449778365725837e7,58288.73159301219,0.008668458,10.096203959,1.167e-6,5.559656333,18.826370709,0.570035292
tyndp/p2x_80_24_convex_hull_convex_0.01_economic,505263,80,24,convex_hull,convex,economic,0.01,3.884313735986615e6,1.120968049130499e7,49689.04996248099,225.5965952210628,1.1822527292763478,80,1.0,1.0000000000000002,0.0,0.0,0.08962328767123287,597687,3175,19067,6608,OPTIMAL,3.162647713601627e7,0.0,3.1333246895171948e7,0.0,0.0,1261112,2599151,OPTIMAL,2.678415444152486e7,0.0,2.6776554787869226e7,0.0,7599.653658426436,5492686,11336278,5.9970938816787705e7,759.9653658426436,0.008760542,10.298496042,2.000118666,5.479478917,40.329206209,0.570035292
tyndp/p2x_80_24_convex_hull_conical_0.01_economic,505263,80,24,convex_hull,conical,economic,0.01,3.784302652378667e6,1.120968049130499e7,49689.04996248099,225.5965952210628,1.1822527292763478,80,1.004334678861947,1.189635242032065,0.41643835616438357,0.3643835616438356,0.09202054794520548,624829,3391,19067,6608,OPTIMAL,3.2558659662646733e7,0.0,3.226565788512595e7,0.0,0.0,1261112,2599151,OPTIMAL,2.6872510377860762e7,0.0,2.682418096678634e7,0.0,48329.411077349025,5492686,11336278,6.060230167445429e7,4832.941107734901,0.009009583,11.334790708,1.131216583,4.735099917,37.707438959,0.570035292
tyndp/p2x_80_24_convex_hull_conical_bounded_0.01_economic,505263,80,24,convex_hull,conical_bounded,economic,0.01,3.8562963720821445e6,1.120968049130499e7,49689.04996248099,225.5965952210628,1.1822527292763478,80,0.9795200071160862,1.0000000000000002,0.0,0.5780821917808219,0.08876712328767124,599269,3340,19067,6608,OPTIMAL,3.0306775700698126e7,0.0,3.002783860834739e7,0.0,0.0,1261112,2599151,OPTIMAL,2.6873234219051693e7,0.0,2.686703896326831e7,0.0,6195.255786457119,5492686,11336278,6.32542015291926e7,619.5255786457119,0.008664958,11.836742958,1.802805584,4.597796583,35.831223834,0.570035292
tyndp/p2x_80_24_convex_hull_with_null_dirac_0.01_economic,505263,80,24,convex_hull_with_null,dirac,economic,0.01,6.724195545911489e6,1.1224156824075198e7,49790.18320552744,225.42911275789706,1.184449438644495,80,1.0,1.0,0.0,0.0,0.0125,0,0,19357,6683,OPTIMAL,3.0973072884686194e7,0.0,3.0593915444686104e7,0.0,0.0,1261112,2599151,OPTIMAL,2.7829123458121285e7,0.0,2.729980926610359e7,0.0,529314.1920209167,5492686,11336278,5.4888371655636854e7,52931.41920209159,0.008713958,11.271554625,9.59e-7,4.437314083,17.817250584,0.570035292
tyndp/p2x_80_24_convex_hull_with_null_convex_0.01_economic,505263,80,24,convex_hull_with_null,convex,economic,0.01,3.906696095040785e6,1.1224156824075198e7,49790.18320552744,225.42911275789706,1.184449438644495,80,1.0,1.0000000000000002,0.0,0.0,0.09041095890410959,607328,3415,19357,6683,OPTIMAL,3.460076031241691e7,0.0,3.431666581403942e7,0.0,0.0,1261112,2599151,OPTIMAL,2.6775123997312184e7,0.0,2.6768230336115666e7,0.0,6893.661199454384,5492686,11336278,6.077955873092963e7,689.3661199454384,0.008663042,11.428409834,1.682793875,4.829118584,38.026890208,0.570035292
tyndp/p2x_80_24_convex_hull_with_null_conical_0.01_economic,505263,80,24,convex_hull_with_null,conical,economic,0.01,3.776477284632487e6,1.1224156824075198e7,49790.18320552744,225.42911275789706,1.184449438644495,80,0.9945320629309474,1.1956053568316176,0.3643835616438356,0.41643835616438357,0.09226027397260274,639008,3282,19357,6683,OPTIMAL,3.4034351780511975e7,0.0,3.376040965518972e7,0.0,0.0,1261112,2599151,OPTIMAL,2.6850397064564716e7,0.0,2.6827931137938112e7,0.0,22465.926629720645,5492686,11336278,6.140736800112145e7,2246.5926629720643,0.008695292,12.036659417,1.183542,4.799046875,34.57636825,0.570035292
tyndp/p2x_80_24_convex_hull_with_null_conical_bounded_0.01_economic,505263,80,24,convex_hull_with_null,conical_bounded,economic,0.01,3.844098641903115e6,1.1224156824075198e7,49790.18320552744,225.42911275789706,1.184449438644495,80,0.9728233663665244,1.0000000000000002,0.0,0.5835616438356165,0.08965753424657534,612254,3343,19357,6683,OPTIMAL,3.1712806393788103e7,0.0,3.1442468601701144e7,0.0,0.0,1261112,2599151,OPTIMAL,2.6903432835451405e7,0.0,2.6896718701402865e7,0.0,6714.134051619118,5492686,11336278,6.59895165892794e7,671.4134051619117,0.00878375,12.155121,1.865741167,4.705083167,37.870687625,0.570035292
tyndp/p2x_80_24_conical_hull_dirac_0.01_economic,505263,80,24,conical_hull,dirac,economic,0.01,6.903575359206994e6,9.960900884157468e6,46732.570883325,213.14686300966358,1.2056822901702018,80,1.0,1.0,0.0,0.0,0.0125,0,0,18816,6859,OPTIMAL,2.6558920677402765e7,0.0,2.60752939574027e7,0.0,0.0,1261112,2599151,OPTIMAL,2.7545099350684203e7,0.0,2.746726089972534e7,0.0,77838.45096185483,5492686,11336278,6.0444088188620985e7,7783.845096185478,0.008749166,3.906439542,1.208e-6,4.445703541,17.064509084,0.570035292
tyndp/p2x_80_24_conical_hull_convex_0.01_economic,505263,80,24,conical_hull,convex,economic,0.01,4.350208126977359e6,9.960900884157468e6,46732.570883325,213.14686300966358,1.2056822901702018,80,1.0,1.0000000000000004,0.0,0.0,0.08589041095890411,525297,3435,18816,6859,OPTIMAL,3.128480730499786e7,0.0,3.101405545571568e7,0.0,0.0,1261112,2599151,OPTIMAL,2.685071850227477e7,0.0,2.6835285702277556e7,0.0,15432.800000057547,5492686,11336278,5.8649980230689414e7,1543.2800000057546,0.008644542,2.308521083,1.79315775,5.817016458,35.079108125,0.570035292
tyndp/p2x_80_24_conical_hull_conical_0.01_economic,505263,80,24,conical_hull,conical,economic,0.01,3.9580774713944388e6,9.960900884157468e6,46732.570883325,213.14686300966358,1.2056822901702018,80,1.064968283410494,1.2727840794393264,0.663013698630137,0.1178082191780822,0.09565068493150684,581545,3357,18816,6859,OPTIMAL,3.77146217482146e7,0.0,3.746716005392784e7,0.0,1.1335613268930327e-8,1261112,2599151,OPTIMAL,2.716957445335946e7,0.0,2.663123017020378e7,0.0,538344.2831586667,5492686,11336278,3.887062960676747e7,53834.428315866535,0.008666625,3.883906792,1.09171325,4.666168209,29.580105041,0.570035292
tyndp/p2x_80_24_conical_hull_conical_bounded_0.01_economic,505263,80,24,conical_hull,conical_bounded,economic,0.01,4.367605205595791e6,9.960900884157468e6,46732.570883325,213.14686300966358,1.2056822901702018,80,0.9930764414998433,1.0000000000000002,0.0,0.4876712328767123,0.08595890410958903,523933,3661,18816,6859,OPTIMAL,3.0864490982421648e7,0.0,3.0604434971306358e7,0.0,0.0,1261112,2599151,OPTIMAL,2.6887019385143947e7,0.0,2.6876003385146867e7,0.0,11016.000000055223,5492686,11336278,6.138768302435955e7,1101.6000000055224,0.008668542,3.845334625,1.594596416,4.811220875,33.314141167,0.570035292
tyndp/p2x_10_24_k_means_dirac_0.01,505263,10,24,k_means,dirac,unscaled,0.01,179.71729359822052,81.2581740785289,2.124058573653766,38.25608911469428,1.0597192150001895,10,1.0,1.0,0.0,0.0,0.1,0,0,0,0,OPTIMAL,1.4492234429525642e7,0.0,1.40999097881681e7,0.0,0.0,202712,415081,OPTIMAL,2.812596928346882e7,0.0,2.7570213144947216e7,0.0,555756.1385246534,5492686,11336278,5.682423569468064e7,55575.61385246536,0.008642166,0.514444125,2.084e-6,1.239328666,1.767297708,0.570035292
tyndp/p2x_10_24_k_means_convex_0.01,505263,10,24,k_means,convex,unscaled,0.01,172.69362240931096,81.2581740785289,2.124058573653766,38.25608911469428,1.0597192150001895,10,1.0,1.0000000000000002,0.0,0.0,0.28054794520547943,45009,294,0,0,OPTIMAL,1.3878158721977107e7,0.0,1.3449768350355403e7,0.0,0.0,202712,415081,OPTIMAL,2.7386481337702643e7,0.0,2.7377769177705828e7,0.0,8712.159999897767,5492686,11336278,5.643587946995851e7,871.2159999897763,0.008995417,0.441315958,0.046198875,1.259657667,3.159848917,0.570035292
tyndp/p2x_10_24_k_means_conical_0.01,505263,10,24,k_means,conical,unscaled,0.01,169.6825341330352,81.2581740785289,2.124058573653766,38.25608911469428,1.0597192150001895,10,1.014080409971715,1.2070888908480215,0.5863013698630137,0.4136986301369863,0.28191780821917806,48605,303,0,0,OPTIMAL,1.4065350629848616e7,0.0,1.3615196746810554e7,0.0,0.0,202712,415081,OPTIMAL,2.7735679813004415e7,0.0,2.742988657173568e7,0.0,305793.24127185927,5492686,11336278,6.797655695461316e7,30579.324127185926,0.00868975,0.418071375,0.020999958,2.014083666,3.215379291,0.570035292
tyndp/p2x_10_24_k_means_conical_bounded_0.01,505263,10,24,k_means,conical_bounded,unscaled,0.01,171.72482882571958,81.2581740785289,2.124058573653766,38.25608911469428,1.0597192150001895,10,0.9772383050674105,1.0000000000000002,0.0,0.4712328767123288,0.27643835616438356,46009,307,0,0,OPTIMAL,1.2922109376156539e7,0.0,1.254042180751721e7,0.0,0.0,202712,415081,OPTIMAL,2.735665084918304e7,0.0,2.734731084918838e7,0.0,9339.999997718478,5492686,11336278,5.025818489927158e7,933.9999997718467,0.008666042,0.484570708,0.029011083,1.369564208,3.032816875,0.570035292
tyndp/p2x_10_24_k_medoids_dirac_0.01,505263,10,24,k_medoids,dirac,unscaled,0.01,229.21971834674991,79.14015918083787,5.5661064114315435,14.218226050853358,1.1794703008132246,10,1.0,1.0,0.0,0.0,0.1,0,0,0,0,OPTIMAL,2.9881081412407205e7,0.0,2.9695245892407123e7,0.0,0.0,202712,415081,OPTIMAL,2.7821663233907454e7,0.0,2.763770680463372e7,0.0,183956.42927660223,5492686,11336278,3.97835381599372e7,18395.642927660225,0.008689292,0.418416375,1.041e-6,1.325238791,1.408719917,0.570035292
tyndp/p2x_10_24_k_medoids_convex_0.01,505263,10,24,k_medoids,convex,unscaled,0.01,182.16872833044516,79.14015918083787,5.5661064114315435,14.218226050853358,1.1794703008132246,10,1.0,1.0000000000000002,0.0,0.0,0.5350684931506849,45221,210,0,0,OPTIMAL,2.7951173987830617e7,0.0,2.7898412235571094e7,0.0,2.2553511208520418e-8,202712,415081,OPTIMAL,2.7342086984908693e7,0.0,2.732391466491215e7,0.0,18172.319999604457,5492686,11336278,5.7828406475486055e7,1817.2319999604433,0.008716416,0.456452334,0.080994542,1.426071834,3.26027425,0.570035292
tyndp/p2x_10_24_k_medoids_conical_0.01,505263,10,24,k_medoids,conical,unscaled,0.01,179.50195646587804,79.14015918083787,5.5661064114315435,14.218226050853358,1.1794703008132246,10,1.0114024159775987,1.2364967137034155,0.5561643835616439,0.41643835616438357,0.5545205479452054,45696,199,0,0,OPTIMAL,2.8568699510342073e7,0.0,2.8516343517015673e7,0.0,6.072060899446377e-8,202712,415081,OPTIMAL,2.7438598151929986e7,0.0,2.7425962134984132e7,0.0,12636.016949004872,5492686,11336278,6.2789080388383515e7,1263.6016949004897,0.0087075,0.42025,0.019466792,2.220571334,2.4511755,0.570035292
tyndp/p2x_10_24_k_medoids_conical_bounded_0.01,505263,10,24,k_medoids,conical_bounded,unscaled,0.01,181.23364267821646,79.14015918083787,5.5661064114315435,14.218226050853358,1.1794703008132246,10,0.9755405461296869,1.0,0.0,0.5315068493150685,0.530958904109589,45081,210,0,0,OPTIMAL,2.676999066367732e7,0.0,2.6735171016965315e7,0.0,-6.813917528552176e-9,202712,415081,OPTIMAL,2.741462069406837e7,0.0,2.7400665660021003e7,0.0,13955.034050634042,5492686,11336278,6.0126594178794034e7,1395.5034050633938,0.008665417,0.435277958,0.029310625,1.299777,2.470831958,0.570035292
tyndp/p2x_10_24_hierarchical_dirac_0.01,505263,10,24,hierarchical,dirac,unscaled,0.01,232.34923357299428,81.16485709116606,6.276715074593594,12.931104268170296,1.152199618612045,10,1.0,1.0,0.0,0.0,0.1,0,0,0,0,OPTIMAL,2.895156139968806e7,0.0,2.781084331968814e7,0.0,-2.96329910104925e-10,202712,415081,OPTIMAL,2.7898201005592752e7,0.0,2.7888695085596677e7,0.0,9505.919999105961,5492686,11336278,4.318594659125414e7,950.5919999105961,0.008686041,0.442301417,1.875e-6,1.419513833,1.552331083,0.570035292
tyndp/p2x_10_24_hierarchical_convex_0.01,505263,10,24,hierarchical,convex,unscaled,0.01,185.98069201641653,81.16485709116606,6.276715074593594,12.931104268170296,1.152199618612045,10,1.0,1.0000000000000002,0.0,0.0,0.530958904109589,46359,187,0,0,OPTIMAL,2.6489217939083215e7,0.0,2.587902789347517e7,0.0,-2.498057887827628e-8,202712,415081,OPTIMAL,2.758373249135081e7,0.0,2.7572525671883587e7,0.0,11206.819470160332,5492686,11336278,5.464288223367775e7,1120.6819470160349,0.008868625,0.467127291,0.045376416,1.327217166,2.595483333,0.570035292
tyndp/p2x_10_24_hierarchical_conical_0.01,505263,10,24,hierarchical,conical,unscaled,0.01,183.82755762867183,81.16485709116606,6.276715074593594,12.931104268170296,1.152199618612045,10,0.995413604492859,1.1817130638801723,0.4520547945205479,0.5205479452054794,0.5350684931506849,47205,213,0,0,OPTIMAL,2.5562120868803192e7,0.0,2.4989513598796777e7,0.0,9.243756414938398e-10,202712,415081,OPTIMAL,2.7691970092688803e7,0.0,2.7663909468798384e7,0.0,28060.623893398835,5492686,11336278,5.8525484048362575e7,2806.0623893399006,0.008701667,0.449418209,0.0200255,1.446486875,3.428029667,0.570035292
tyndp/p2x_10_24_hierarchical_conical_bounded_0.01,505263,10,24,hierarchical,conical_bounded,unscaled,0.01,184.91087392624354,81.16485709116606,6.276715074593594,12.931104268170296,1.152199618612045,10,0.9709160621332547,1.0000000000000002,0.0,0.6027397260273972,0.5254794520547945,46692,212,0,0,OPTIMAL,2.414650381686893e7,0.0,2.36513880848438e7,0.0,3.762893157239527e-8,202712,415081,OPTIMAL,2.7616744268035445e7,0.0,2.7607630621158827e7,0.0,9113.646879624173,5492686,11336278,5.91959753171163e7,911.3646879624137,0.008607458,0.453884667,0.026505292,1.294867291,2.501659333,0.570035292
tyndp/p2x_10_24_chronological_dirac_0.01,505263,10,24,chronological,dirac,unscaled,0.01,244.2474176341264,82.09067572668776,5.552666760620292,14.78400906549583,1.129549980551663,10,1.0,1.0,0.0,0.0,0.1,0,0,0,0,OPTIMAL,2.1763481303622503e7,0.0,2.0836076503622666e7,0.0,0.0,202712,415081,OPTIMAL,2.8401360456880108e7,0.0,2.838215748545391e7,0.0,19202.971429436388,5492686,11336278,4.978820853382946e7,1920.2971429436384,0.008716417,0.444675542,1.375e-6,1.29261825,1.09888575,0.570035292
tyndp/p2x_10_24_chronological_convex_0.01,505263,10,24,chronological,convex,unscaled,0.01,194.11233909088898,82.09067572668776,5.552666760620292,14.78400906549583,1.129549980551663,10,1.0,1.0000000000000002,0.0,0.0,0.5389041095890411,50271,212,0,0,OPTIMAL,2.1023962829478793e7,0.0,2.0477310344800465e7,0.0,4.01751112457077e-8,202712,415081,OPTIMAL,2.7778731388457403e7,0.0,2.7764553872344904e7,0.0,14177.516115769151,5492686,11336278,4.379100516733175e7,1417.7516115769097,0.00901925,0.428794875,0.048108833,1.411948958,3.03720025,0.570035292
tyndp/p2x_10_24_chronological_conical_0.01,505263,10,24,chronological,conical,unscaled,0.01,191.40788170584466,82.09067572668776,5.552666760620292,14.78400906549583,1.129549980551663,10,0.9827331697131926,1.1658657305870366,0.40821917808219177,0.5643835616438356,0.5389041095890411,51494,213,0,0,OPTIMAL,1.984778366276448e7,0.0,1.9459506088316888e7,0.0,-3.38158430896311e-8,202712,415081,OPTIMAL,2.8120375931784503e7,0.0,2.810698313178794e7,0.0,13392.800000029572,5492686,11336278,6.954445346441212e7,1339.280000002949,0.008717791,0.415054375,0.189936583,2.0504205,2.523572375,0.570035292
tyndp/p2x_10_24_chronological_conical_bounded_0.01,505263,10,24,chronological,conical_bounded,unscaled,0.01,192.25392466489538,82.09067572668776,5.552666760620292,14.78400906549583,1.129549980551663,10,0.960318317651331,1.0,0.0,0.6493150684931507,0.5287671232876713,51136,219,0,0,OPTIMAL,1.889759685488369e7,0.0,1.8552848204895884e7,0.0,-2.3232789231164168e-8,202712,415081,OPTIMAL,2.7874279296720788e7,0.0,2.7860295776723236e7,0.0,13983.520001025414,5492686,11336278,3.790521707433138e7,1398.3520001025408,0.008582291,0.46753525,0.028207666,1.280642042,2.445465083,0.570035292
tyndp/p2x_10_24_convex_hull_dirac_0.01,505263,10,24,convex_hull,dirac,unscaled,0.01,246.84362773420847,84.6055468356954,7.552087092183788,11.20293579813982,1.2181178042683267,10,1.0,1.0,0.0,0.0,0.1,0,0,729,2511,OPTIMAL,4.324906790160363e7,0.0,4.161224102160355e7,0.0,0.0,202712,415081,OPTIMAL,2.9526810908054937e7,0.0,2.8331912734809708e7,0.0,1.194898173248787e6,5492686,11336278,8.45792547452211e7,119489.81732487872,0.008871041,0.630083708,1.333e-6,1.225228458,2.023829917,0.570035292
tyndp/p2x_10_24_convex_hull_convex_0.01,505263,10,24,convex_hull,convex,unscaled,0.01,178.32189621886133,84.6055468356954,7.552087092183788,11.20293579813982,1.2181178042683267,10,1.0,1.0000000000000002,0.0,0.0,0.5756164383561644,39082,180,729,2511,OPTIMAL,5.486457911551992e7,0.0,5.383571581421505e7,0.0,-5.509528784820558e-8,202712,415081,OPTIMAL,2.7343872409566738e7,0.0,2.7321392253231514e7,0.0,22480.1563382819,5492686,11336278,6.0239650403394096e7,2248.015633828195,0.008674583,1.619906459,0.022750042,1.563916917,2.386135709,0.570035292
tyndp/p2x_10_24_convex_hull_conical_0.01,505263,10,24,convex_hull,conical,unscaled,0.01,175.63663920613223,84.6055468356954,7.552087092183788,11.20293579813982,1.2181178042683267,10,0.9773603909877067,1.130036888817422,0.37534246575342467,0.5972602739726027,0.5780821917808219,39456,165,729,2511,OPTIMAL,5.18196031087158e7,0.0,5.082116445741473e7,0.0,-3.384273268668298e-8,202712,415081,OPTIMAL,2.746230739595121e7,0.0,2.7437107294241983e7,0.0,25200.101712534575,5492686,11336278,6.270882662051469e7,2520.010171253457,0.008665334,0.671287584,0.020686625,1.362155875,2.372631375,0.570035292
tyndp/p2x_10_24_convex_hull_conical_bounded_0.01,505263,10,24,convex_hull,conical_bounded,unscaled,0.01,176.35416239810044,84.6055468356954,7.552087092183788,11.20293579813982,1.2181178042683267,10,0.9588674792413466,1.0,0.0,0.673972602739726,0.5663013698630137,39331,180,729,2511,OPTIMAL,4.926946744445881e7,0.0,4.8315719824603334e7,0.0,-7.735564581368889e-9,202712,415081,OPTIMAL,2.7392854564442683e7,0.0,2.7384328729507733e7,0.0,8525.83493807634,5492686,11336278,1.0847874415953237e8,852.5834938076288,0.008633416,0.640950583,0.042940542,1.309121666,2.611887709,0.570035292
tyndp/p2x_10_24_convex_hull_with_null_dirac_0.01,505263,10,24,convex_hull_with_null,dirac,unscaled,0.01,270.00111587539874,90.00293226212214,7.409413931286609,12.147105438674496,1.196796878854528,10,1.0,1.0,0.0,0.0,0.1,0,0,765,2840,OPTIMAL,5.409894607661405e7,0.0,5.270448735661389e7,0.0,0.0,202712,415081,OPTIMAL,4.158614003045696e7,0.0,2.863143110464515e7,0.0,1.2954708925815433e7,5492686,11336278,6.579419031377773e7,1.2954708925815413e6,0.0087345,1.908941166,1.417e-6,1.227888417,1.630569167,0.570035292
tyndp/p2x_10_24_convex_hull_with_null_convex_0.01,505263,10,24,convex_hull_with_null,convex,unscaled,0.01,195.80679958906566,90.00293226212214,7.409413931286609,12.147105438674496,1.196796878854528,10,1.0,1.0000000000000002,0.0,0.0,0.575068493150685,41829,175,765,2840,OPTIMAL,6.514320795144086e7,0.0,6.379492698422352e7,0.0,2.0338718464044927e-9,202712,415081,OPTIMAL,2.7489142924139466e7,0.0,2.7464747724142067e7,0.0,24395.200000364457,5492686,11336278,5.968099590813381e7,2439.5200000364375,0.008595375,0.671852333,0.039085875,1.2988575,2.404015625,0.570035292
tyndp/p2x_10_24_convex_hull_with_null_conical_0.01,505263,10,24,convex_hull_with_null,conical,unscaled,0.01,184.4559284107476,90.00293226212214,7.409413931286609,12.147105438674496,1.196796878854528,10,0.9122151871781479,1.1182589396184421,0.21643835616438356,0.7561643835616438,0.5665753424657535,42181,167,765,2840,OPTIMAL,5.0583508791265294e7,0.0,4.98087031316962e7,0.0,4.813372076423536e-8,202712,415081,OPTIMAL,2.764644295169195e7,0.0,2.7635783751695316e7,0.0,10659.200000038285,5492686,11336278,6.445709806582847e7,1065.9200000038413,0.008680458,0.652617375,0.020303208,1.349911833,2.303247792,0.570035292
tyndp/p2x_10_24_convex_hull_with_null_conical_bounded_0.01,505263,10,24,convex_hull_with_null,conical_bounded,unscaled,0.01,184.85243805948198,90.00293226212214,7.409413931286609,12.147105438674496,1.196796878854528,10,0.9028400142383413,1.0,0.0,0.7917808219178082,0.5616438356164384,41911,179,765,2840,OPTIMAL,4.9198477349004395e7,0.0,4.84429043777599e7,0.0,0.0,202712,415081,OPTIMAL,2.7991761447954047e7,0.0,2.7981102247957535e7,0.0,10659.199999979439,5492686,11336278,8.395541323988484e7,1065.919999997944,0.008680333,0.657686209,0.02559875,1.299754708,2.587801709,0.570035292
tyndp/p2x_10_24_conical_hull_dirac_0.01,505263,10,24,conical_hull,dirac,unscaled,0.01,250.70407935449373,74.71645331922672,7.791956176113053,9.588921142585063,1.2358250366797774,10,1.0,1.0,0.0,0.0,0.1,0,0,670,2570,OPTIMAL,4.296830951364195e7,0.0,4.258742119364201e7,0.0,0.0,202712,415081,OPTIMAL,2.781235249471073e7,0.0,2.7795962574717373e7,0.0,16389.91999676248,5492686,11336278,2.9745319846806243e7,1638.9919996762478,0.008634042,1.728684166,9.17e-7,1.388481583,1.498316542,0.570035292
tyndp/p2x_10_24_conical_hull_convex_0.01,505263,10,24,conical_hull,convex,unscaled,0.01,190.083806692222,74.71645331922672,7.791956176113053,9.588921142585063,1.2358250366797774,10,1.0,1.0000000000000002,0.0,0.0,0.5473972602739726,34211,153,670,2570,OPTIMAL,4.5395959197858155e7,0.0,4.5318343857638e7,0.0,0.0,202712,415081,OPTIMAL,2.7356174480853345e7,0.0,2.7346945672102712e7,0.0,9228.808753708267,5492686,11336278,3.593428946410736e7,922.8808753708267,0.008705375,0.641260834,0.022389042,1.306588959,2.471297417,0.570035292
tyndp/p2x_10_24_conical_hull_conical_0.01,505263,10,24,conical_hull,conical,unscaled,0.01,184.7244621734215,74.71645331922672,7.791956176113053,9.588921142585063,1.2358250366797774,10,1.064506917158891,1.3205949876906902,0.7616438356164383,0.21095890410958903,0.5778082191780822,36016,141,670,2570,OPTIMAL,5.136157029500527e7,0.0,5.124735589639047e7,0.0,-4.524687783245467e-9,202712,415081,OPTIMAL,2.739706257692857e7,0.0,2.736404230864866e7,0.0,33020.26828291198,5492686,11336278,3.733596283394908e7,3302.0268282911934,0.0087075,0.630183875,0.018561625,1.357657,2.471780834,0.570035292
tyndp/p2x_10_24_conical_hull_conical_bounded_0.01,505263,10,24,conical_hull,conical_bounded,unscaled,0.01,189.82583149761552,74.71645331922672,7.791956176113053,9.588921142585063,1.2358250366797774,10,0.9892458940700105,1.0000000000000002,0.0,0.3424657534246575,0.5430136986301369,34124,153,670,2570,OPTIMAL,4.460634189053594e7,0.0,4.453137539452785e7,0.0,0.0,202712,415081,OPTIMAL,2.7409895370936956e7,0.0,2.7402704322145086e7,0.0,7191.048794841963,5492686,11336278,4.317835253861449e7,719.1048794841963,0.008678083,1.883691334,0.022488291,1.293249292,2.392697541,0.570035292
tyndp/p2x_20_24_k_means_dirac_0.01,505263,20,24,k_means,dirac,unscaled,0.01,170.1397329712719,117.93532093065012,1.5049806797064158,78.36334547075805,1.078313465412366,20,1.0,1.0,0.0,0.0,0.05,0,0,0,0,OPTIMAL,1.5735713714469798e7,0.0,1.550917015720413e7,0.0,0.0,353912,727091,OPTIMAL,2.7855380186193034e7,0.0,2.7293128957104344e7,0.0,562251.2290918236,5492686,11336278,4.214441911916272e7,56225.122909182355,0.008652625,0.484596875,1.459e-6,2.52990925,4.227473167,0.570035292
tyndp/p2x_20_24_k_means_convex_0.01,505263,20,24,k_means,convex,unscaled,0.01,161.09917936580973,117.93532093065012,1.5049806797064158,78.36334547075805,1.078313465412366,20,1.0,1.0000000000000002,0.0,0.0,0.1726027397260274,79413,619,0,0,OPTIMAL,1.482635792017198e7,0.0,1.4601570193888556e7,0.0,2.7060377658983394e-10,353912,727091,OPTIMAL,2.713916195459844e7,0.0,2.7122308834602147e7,0.0,16853.119999380513,5492686,11336278,5.042656424855498e7,1685.3119999380444,0.008677875,0.422573708,0.081294917,1.836997375,6.696211833,0.570035292
tyndp/p2x_20_24_k_means_conical_0.01,505263,20,24,k_means,conical,unscaled,0.01,158.4504001946803,117.93532093065012,1.5049806797064158,78.36334547075805,1.078313465412366,20,1.0079330518683034,1.1607881179866057,0.5726027397260274,0.4273972602739726,0.17410958904109589,83171,510,0,0,OPTIMAL,1.4831863318341525e7,0.0,1.4612127966071144e7,0.0,0.0,353912,727091,OPTIMAL,2.8239873498999856e7,0.0,2.750651395933737e7,0.0,733359.5396655053,5492686,11336278,7.066696434947276e7,73335.9539665505,0.008598333,0.452722333,0.037890625,2.691424542,7.047437458,0.570035292
tyndp/p2x_20_24_k_means_conical_bounded_0.01,505263,20,24,k_means,conical_bounded,unscaled,0.01,160.13073163507482,117.93532093065012,1.5049806797064158,78.36334547075805,1.078313465412366,20,0.9770204940025459,1.0000000000000002,0.0,0.5068493150684932,0.16904109589041097,79288,548,0,0,OPTIMAL,1.3876472186834149e7,0.0,1.368367146729464e7,0.0,-1.5377168107019889e-9,353912,727091,OPTIMAL,2.7124656205256186e7,0.0,2.7108622285258163e7,0.0,16033.920001219387,5492686,11336278,4.6707530223731965e7,1603.3920001219378,0.008673708,0.45829825,0.059733084,2.789547542,5.338591583,0.570035292
tyndp/p2x_20_24_k_medoids_dirac_0.01,505263,20,24,k_medoids,dirac,unscaled,0.01,217.22764524335068,113.95972175077365,4.926820455558104,23.130479947206528,1.1941356652759716,20,1.0,1.0,0.0,0.0,0.05,0,0,0,0,OPTIMAL,2.4542292039444767e7,0.0,2.3823369799444646e7,0.0,0.0,353912,727091,OPTIMAL,2.8887276139144458e7,0.0,2.7612434788955785e7,0.0,1.2748413501919215e6,5492686,11336278,4.084375001285119e7,127484.13501919217,0.008667125,0.416882083,1.583e-6,1.648887042,4.10907425,0.570035292
tyndp/p2x_20_24_k_medoids_convex_0.01,505263,20,24,k_medoids,convex,unscaled,0.01,166.06830806697027,113.95972175077365,4.926820455558104,23.130479947206528,1.1941356652759716,20,1.0,1.0000000000000002,0.0,0.0,0.34356164383561644,68786,308,0,0,OPTIMAL,2.441609189118013e7,0.0,2.3863370856821302e7,0.0,-1.376964280902175e-9,353912,727091,OPTIMAL,2.7195066219315782e7,0.0,2.7180911819319338e7,0.0,14154.399999396755,5492686,11336278,5.0965419005896635e7,1415.4399999396746,0.0086675,0.452951541,0.107882292,2.754378833,4.839227458,0.570035292
tyndp/p2x_20_24_k_medoids_conical_0.01,505263,20,24,k_medoids,conical,unscaled,0.01,163.2033304110658,113.95972175077365,4.926820455558104,23.130479947206528,1.1941356652759716,20,1.0157062809932935,1.164572020196489,0.5863013698630137,0.3589041095890411,0.356027397260274,71053,300,0,0,OPTIMAL,2.4593942315583605e7,0.0,2.411820581718543e7,0.0,2.2445915132934915e-9,353912,727091,OPTIMAL,2.7196623985334426e7,0.0,2.7183663665338732e7,0.0,12960.319998747107,5492686,11336278,4.8131360938463956e7,1296.0319998747123,0.008674625,0.444151459,0.048291084,1.894743083,5.195723208,0.570035292
tyndp/p2x_20_24_k_medoids_conical_bounded_0.01,505263,20,24,k_medoids,conical_bounded,unscaled,0.01,165.34674294104477,113.95972175077365,4.926820455558104,23.130479947206528,1.1941356652759716,20,0.9770989359839859,1.0000000000000002,0.0,0.5972602739726027,0.3406849315068493,68659,291,0,0,OPTIMAL,2.3007613677348636e7,0.0,2.25795988281197e7,0.0,-3.962486025912554e-9,353912,727091,OPTIMAL,2.7217140360032488e7,0.0,2.7210710280035242e7,0.0,6430.08000030229,5492686,11336278,5.331648881000665e7,643.0080000302291,0.008633875,0.436535583,0.073401375,1.898603083,4.476921333,0.570035292
tyndp/p2x_20_24_hierarchical_dirac_0.01,505263,20,24,hierarchical,dirac,unscaled,0.01,217.79308045703442,116.30998045730809,4.73825987183036,24.546982141859235,1.1731531989512196,20,1.0,1.0,0.0,0.0,0.05,0,0,0,0,OPTIMAL,3.391487981990349e7,0.0,3.3701097099903055e7,0.0,0.0,353912,727091,OPTIMAL,2.837791098898048e7,0.0,2.7951270179087624e7,0.0,426640.809895826,5492686,11336278,6.149236784594335e7,42664.08098958268,0.008682333,0.423938,1.75e-6,1.831645708,4.410449791,0.570035292
tyndp/p2x_20_24_hierarchical_convex_0.01,505263,20,24,hierarchical,convex,unscaled,0.01,164.58221245419202,116.30998045730809,4.73825987183036,24.546982141859235,1.1731531989512196,20,1.0,1.0000000000000002,0.0,0.0,0.3265753424657534,73490,305,0,0,OPTIMAL,3.369576241015133e7,0.0,3.359491965834058e7,0.0,0.0,353912,727091,OPTIMAL,2.7234088829889387e7,0.0,2.7219785150840156e7,0.0,14303.679052184469,5492686,11336278,6.369037015306493e7,1430.3679052184466,0.008655125,0.43220975,0.076407583,1.736676917,6.005198167,0.570035292
tyndp/p2x_20_24_hierarchical_conical_0.01,505263,20,24,hierarchical,conical,unscaled,0.01,162.3860675953647,116.30998045730809,4.73825987183036,24.546982141859235,1.1731531989512196,20,1.0031503950483065,1.2248669582419554,0.5232876712328767,0.42191780821917807,0.3310958904109589,74177,339,0,0,OPTIMAL,3.384903177729155e7,0.0,3.375738379456491e7,0.0,-4.129822113642357e-9,353912,727091,OPTIMAL,2.707989527095747e7,0.0,2.7060844882054333e7,0.0,19050.38890616525,5492686,11336278,9.788709479344611e7,1905.0388906165326,0.008794292,0.452054125,0.034497792,1.815344667,4.545933875,0.570035292
tyndp/p2x_20_24_hierarchical_conical_bounded_0.01,505263,20,24,hierarchical,conical_bounded,unscaled,0.01,163.6964256643763,116.30998045730809,4.73825987183036,24.546982141859235,1.1731531989512196,20,0.9743892740047047,1.0000000000000002,0.0,0.6438356164383562,0.32109589041095893,73261,313,0,0,OPTIMAL,3.181161033954765e7,0.0,3.1727035518618356e7,0.0,12306.91780017504,353912,727091,OPTIMAL,2.7098080831918675e7,0.0,2.7086042111921433e7,0.0,12038.720000037634,5492686,11336278,4.348709549521655e7,1203.8720000037633,0.00883625,0.418003042,0.227594709,2.828463542,4.045177042,0.570035292
tyndp/p2x_20_24_chronological_dirac_0.01,505263,20,24,chronological,dirac,unscaled,0.01,230.88937115845934,115.68808488377859,4.7107410301761705,24.558362292195913,1.15143616196879,20,1.0,1.0,0.0,0.0,0.05,0,0,0,0,OPTIMAL,1.9996107587137207e7,0.0,1.9459439427137412e7,0.0,0.0,353912,727091,OPTIMAL,3.072046306889035e7,0.0,2.854362792352575e7,0.0,2.1768351453679968e6,5492686,11336278,6.736351434672908e7,217683.5145367991,0.008631791,0.395896917,1.083e-6,1.87611575,2.567632333,0.570035292
tyndp/p2x_20_24_chronological_convex_0.01,505263,20,24,chronological,convex,unscaled,0.01,172.4697893862703,115.68808488377859,4.7107410301761705,24.558362292195913,1.15143616196879,20,1.0,1.0000000000000002,0.0,0.0,0.32972602739726026,75529,320,0,0,OPTIMAL,2.0983861749825194e7,0.0,2.0722999411290612e7,0.0,-1.7112334661711483e-9,353912,727091,OPTIMAL,2.7447032641579702e7,0.0,2.7429823201583795e7,0.0,17209.439999174992,5492686,11336278,4.954433622653196e7,1720.9439999174995,0.008711791,0.421346417,0.076106792,1.9918145,4.950818833,0.570035292
tyndp/p2x_20_24_chronological_conical_0.01,505263,20,24,chronological,conical,unscaled,0.01,170.02756197678775,115.68808488377859,4.7107410301761705,24.558362292195913,1.15143616196879,20,1.001787687691523,1.245694774069031,0.4849315068493151,0.4602739726027397,0.33452054794520547,76025,337,0,0,OPTIMAL,2.1026419347899467e7,0.0,2.0778368669781167e7,0.0,-5.5422471124025255e-9,353912,727091,OPTIMAL,2.742192401041528e7,0.0,2.740549221428532e7,0.0,16431.79613316647,5492686,11336278,4.9353647683468014e7,1643.179613316639,0.00867125,0.4300095,0.048595167,1.852427625,4.536855709,0.570035292
tyndp/p2x_20_24_chronological_conical_bounded_0.01,505263,20,24,chronological,conical_bounded,unscaled,0.01,171.42292726534902,115.68808488377859,4.7107410301761705,24.558362292195913,1.15143616196879,20,0.9718645434957074,1.0000000000000002,0.0,0.6273972602739726,0.3234246575342466,75108,341,0,0,OPTIMAL,2.0334118500877123e7,0.0,2.0140634943645824e7,0.0,-3.1369684761783313e-9,353912,727091,OPTIMAL,2.753226541535344e7,0.0,2.751427654090991e7,0.0,17988.874446785427,5492686,11336278,4.900298178345243e7,1798.8874446785333,0.008662042,0.451186125,0.080265917,1.7845705,4.620791875,0.570035292
tyndp/p2x_20_24_convex_hull_dirac_0.01,505263,20,24,convex_hull,dirac,unscaled,0.01,234.794646357176,122.24183682195269,5.794860306577624,21.0948720684774,1.2081416550674675,20,1.0,1.0,0.0,0.0,0.05,0,0,2842,3903,OPTIMAL,3.685191806683798e7,0.0,3.592576414683805e7,0.0,0.0,353912,727091,OPTIMAL,2.8498529021837357e7,0.0,2.8181898865293764e7,0.0,316630.15654703986,5492686,11336278,8.099854240069932e7,31663.01565470404,0.009435083,0.968029041,1.084e-6,1.830600667,4.771405042,0.570035292
tyndp/p2x_20_24_convex_hull_convex_0.01,505263,20,24,convex_hull,convex,unscaled,0.01,165.0247890976292,122.24183682195269,5.794860306577624,21.0948720684774,1.2081416550674675,20,1.0,1.0000000000000002,0.0,0.0,0.35191780821917806,65904,306,2842,3903,OPTIMAL,5.262976227136305e7,0.0,5.207502773913011e7,0.0,3.190870465530844e-8,353912,727091,OPTIMAL,2.714848413042986e7,0.0,2.7127393250433348e7,0.0,21090.879999565994,5492686,11336278,5.726319391927686e7,2109.0879999565977,0.008707666,0.854553083,0.059766208,2.743550708,5.588922792,0.570035292
tyndp/p2x_20_24_convex_hull_conical_0.01,505263,20,24,convex_hull,conical,unscaled,0.01,162.34285930298051,122.24183682195269,5.794860306577624,21.0948720684774,1.2081416550674675,20,0.9785957273978437,1.1550704680602062,0.3643835616438356,0.5808219178082191,0.3612328767123288,67170,288,2842,3903,OPTIMAL,5.0187148278486945e7,0.0,4.965162967543023e7,0.0,-1.8263526097887804e-8,353912,727091,OPTIMAL,2.7126986676069085e7,0.0,2.7105895796071403e7,0.0,21090.88000085595,5492686,11336278,4.7020396444348976e7,2109.088000085593,0.008698166,0.854592083,0.042898458,1.90896775,5.1052705,0.570035292
tyndp/p2x_20_24_convex_hull_conical_bounded_0.01,505263,20,24,convex_hull,conical_bounded,unscaled,0.01,163.1507435693042,122.24183682195269,5.794860306577624,21.0948720684774,1.2081416550674675,20,0.9604363918631337,1.0000000000000002,0.0,0.7178082191780822,0.35232876712328765,66823,274,2842,3903,OPTIMAL,4.813665865152229e7,0.0,4.7625062152329944e7,0.0,3.8542407656200435e-9,353912,727091,OPTIMAL,2.72454283357904e7,0.0,2.7224337455793533e7,0.0,21090.88000014765,5492686,11336278,6.307051285625801e7,2109.0880000147663,0.008972709,0.830765375,0.062455334,2.7646735,5.135258625,0.570035292
tyndp/p2x_20_24_convex_hull_with_null_dirac_0.01,505263,20,24,convex_hull_with_null,dirac,unscaled,0.01,235.4895348289904,122.2740717366647,6.249486490580302,19.565459005466355,1.2060994757889825,20,1.0,1.0,0.0,0.0,0.05,0,0,2548,4562,OPTIMAL,2.4192308923612695e7,0.0,2.363746156361263e7,0.0,0.0,353912,727091,OPTIMAL,3.047530581937418e7,0.0,2.7631660598764423e7,0.0,2.843645220613056e6,5492686,11336278,4.1761414873857416e7,284364.5220613049,0.008788584,0.914562125,1.209e-6,1.732125125,3.796307625,0.570035292
tyndp/p2x_20_24_convex_hull_with_null_convex_0.01,505263,20,24,convex_hull_with_null,convex,unscaled,0.01,167.01879368811618,122.2740717366647,6.249486490580302,19.565459005466355,1.2060994757889825,20,1.0,1.0000000000000002,0.0,0.0,0.353972602739726,65192,276,2548,4562,OPTIMAL,3.459120117912342e7,0.0,3.400564314832978e7,0.0,0.0,353912,727091,OPTIMAL,2.7409640415627863e7,0.0,2.740164905563136e7,0.0,7991.359999735525,5492686,11336278,7.274252365671729e7,799.1359999735525,0.008654667,2.135677666,0.074446875,1.814665666,5.673855916,0.570035292
tyndp/p2x_20_24_convex_hull_with_null_conical_0.01,505263,20,24,convex_hull_with_null,conical,unscaled,0.01,161.50745773531398,122.2740717366647,6.249486490580302,19.565459005466355,1.2060994757889825,20,0.9612263560774529,1.1458348783050645,0.3315068493150685,0.6136986301369863,0.35383561643835615,65022,266,2548,4562,OPTIMAL,3.2527128417509712e7,0.0,3.2172508781087995e7,0.0,7.011750625376988e-8,353912,727091,OPTIMAL,2.728211274942605e7,0.0,2.7263872429428864e7,0.0,18240.320000540632,5492686,11336278,5.385338272015669e7,1824.0320000540682,0.008988417,2.185385208,0.036955625,1.784457708,4.560989041,0.570035292
tyndp/p2x_20_24_convex_hull_with_null_conical_bounded_0.01,505263,20,24,convex_hull_with_null,conical_bounded,unscaled,0.01,162.43113544769255,122.2740717366647,6.249486490580302,19.565459005466355,1.2060994757889825,20,0.9437215856971429,1.0000000000000002,0.0,0.7534246575342466,0.34506849315068494,65260,285,2548,4562,OPTIMAL,3.099697986568017e7,0.0,3.0665341610582594e7,0.0,-3.594716249190174e-8,353912,727091,OPTIMAL,2.7285145654390123e7,0.0,2.7266905334393047e7,0.0,18240.32000036488,5492686,11336278,5.762992627459903e7,1824.0320000364854,0.008616042,2.15067725,0.074572625,1.80523675,5.017781375,0.570035292
tyndp/p2x_20_24_conical_hull_dirac_0.01,505263,20,24,conical_hull,dirac,unscaled,0.01,232.87849358832202,105.15492075598438,5.6092313366626625,18.7467612663215,1.2444777884470208,20,1.0,1.0,0.0,0.0,0.05,0,0,2555,4190,OPTIMAL,3.528970066370902e7,0.0,3.496687570370887e7,0.0,0.0,353912,727091,OPTIMAL,2.7720876408207826e7,0.0,2.7698387928208552e7,0.0,22488.480002901495,5492686,11336278,3.91627392204153e7,2248.8480002901497,0.008657209,1.846259834,1.375e-6,1.860212708,4.107120208,0.570035292
tyndp/p2x_20_24_conical_hull_convex_0.01,505263,20,24,conical_hull,convex,unscaled,0.01,171.35077163920687,105.15492075598438,5.6092313366626625,18.7467612663215,1.2444777884470208,20,1.0,1.0000000000000002,0.0,0.0,0.3441095890410959,57631,277,2555,4190,OPTIMAL,4.223700498047169e7,0.0,4.2087836776650496e7,0.0,-9.113166303325584e-10,353912,727091,OPTIMAL,2.7122542932876654e7,0.0,2.7106256813622564e7,0.0,16286.119257108332,5492686,11336278,4.275680763511795e7,1628.61192571083,0.0086585,0.805525875,0.044562708,1.785249542,5.134375125,0.570035292
tyndp/p2x_20_24_conical_hull_conical_0.01,505263,20,24,conical_hull,conical,unscaled,0.01,163.44984444053466,105.15492075598438,5.6092313366626625,18.7467612663215,1.2444777884470208,20,1.0795599204320854,1.3061260100764416,0.7917808219178082,0.15342465753424658,0.3747945205479452,60066,285,2555,4190,OPTIMAL,4.494029734869551e7,0.0,4.471781118783127e7,0.0,0.0,353912,727091,OPTIMAL,2.711900685773116e7,0.0,2.7105338774084687e7,0.0,13668.083649644817,5492686,11336278,3.296812654044748e7,1366.8083649644818,0.008612208,2.058315708,0.042880917,1.795514458,6.584701458,0.570035292
tyndp/p2x_20_24_conical_hull_conical_bounded_0.01,505263,20,24,conical_hull,conical_bounded,unscaled,0.01,171.36052074434926,105.15492075598438,5.6092313366626625,18.7467612663215,1.2444777884470208,20,0.9912563215358642,1.0000000000000002,0.0,0.4438356164383562,0.34342465753424656,57877,277,2555,4190,OPTIMAL,4.188100035657366e7,0.0,4.17457746082674e7,0.0,0.0,353912,727091,OPTIMAL,2.7241896093869153e7,0.0,2.7228001334615547e7,0.0,13894.759256672674,5492686,11336278,5.001587798036597e7,1389.4759256672676,0.008669791,0.75556325,0.063308708,1.882282583,6.930516167,0.570035292
tyndp/p2x_40_24_k_means_dirac_0.01,505263,40,24,k_means,dirac,unscaled,0.01,157.93911104118567,165.52830206448849,1.2282663117300763,134.76580810177344,1.1006094694720217,40,1.0,1.0,0.0,0.0,0.025,0,0,0,0,OPTIMAL,1.6851568528124705e7,0.0,1.6709885934093712e7,0.0,0.0,656312,1351111,OPTIMAL,2.8143577914418083e7,0.0,2.761385221716522e7,0.0,529725.6972557793,5492686,11336278,6.4794984481225066e7,52972.56972557792,0.008691042,0.432538167,1.708e-6,2.649472833,9.849376125,0.570035292
tyndp/p2x_40_24_k_means_convex_0.01,505263,40,24,k_means,convex,unscaled,0.01,148.0171289607814,165.52830206448849,1.2282663117300763,134.76580810177344,1.1006094694720217,40,1.0,1.0000000000000002,0.0,0.0,0.1078082191780822,121542,720,0,0,OPTIMAL,1.6306464115214156e7,0.0,1.6143094189435923e7,0.0,-3.861389363314076e-8,656312,1351111,OPTIMAL,2.7042505522593718e7,0.0,2.701899656259714e7,0.0,23508.95999945612,5492686,11336278,4.679039951674175e7,2350.8959999456074,0.008694292,0.493858666,0.263499375,3.882803042,15.754292917,0.570035292
tyndp/p2x_40_24_k_means_conical_0.01,505263,40,24,k_means,conical,unscaled,0.01,145.47547746845407,165.52830206448849,1.2282663117300763,134.76580810177344,1.1006094694720217,40,1.0125068132785982,1.1804004270746071,0.6136986301369863,0.3835616438356164,0.10684931506849316,126616,680,0,0,OPTIMAL,1.6465710834389687e7,0.0,1.6301907463299545e7,0.0,-4.289670165586521e-10,656312,1351111,OPTIMAL,2.7586138613116335e7,0.0,2.7037696725612234e7,0.0,548441.8875071935,5492686,11336278,4.364485289703794e7,54844.18875071927,0.008861792,0.504904958,0.129200875,2.697376292,10.232302458,0.570035292
tyndp/p2x_40_24_k_means_conical_bounded_0.01,505263,40,24,k_means,conical_bounded,unscaled,0.01,147.23419302110906,165.52830206448849,1.2282663117300763,134.76580810177344,1.1006094694720217,40,0.9801497950917025,1.0000000000000002,0.0,0.5205479452054794,0.10547945205479452,121279,770,0,0,OPTIMAL,1.5330374755027356e7,0.0,1.5192375881099345e7,0.0,0.0,656312,1351111,OPTIMAL,2.7401880252037045e7,0.0,2.739384265204068e7,0.0,8037.599999575692,5492686,11336278,7.264188024936435e7,803.7599999575693,0.00859975,0.46535075,0.392180875,3.686890834,18.436169084,0.570035292
tyndp/p2x_40_24_k_medoids_dirac_0.01,505263,40,24,k_medoids,dirac,unscaled,0.01,203.52698578310307,164.91177834834153,3.4649371729055902,47.59444980355923,1.1861350346574746,40,1.0,1.0,0.0,0.0,0.025,0,0,0,0,OPTIMAL,2.4116250206101526e7,0.0,2.3551081566101167e7,0.0,0.0,656312,1351111,OPTIMAL,2.8292187491389308e7,0.0,2.7846109285980143e7,0.0,446078.2054120762,5492686,11336278,6.638814002092739e7,44607.82054120768,0.008678708,0.420164375,9.59e-7,3.905636125,9.482170042,0.570035292
tyndp/p2x_40_24_k_medoids_convex_0.01,505263,40,24,k_medoids,convex,unscaled,0.01,151.33036887783555,164.91177834834153,3.4649371729055902,47.59444980355923,1.1861350346574746,40,1.0,1.0000000000000002,0.0,0.0,0.19493150684931507,109964,548,0,0,OPTIMAL,2.3155258137467213e7,0.0,2.277715809882055e7,0.0,0.0,656312,1351111,OPTIMAL,2.7010803679880083e7,0.0,2.700171119988231e7,0.0,9092.480000760426,5492686,11336278,4.818500591007111e7,909.24800007604,0.00865075,0.414035583,0.169532291,2.954439875,14.283777083,0.570035292
tyndp/p2x_40_24_k_medoids_conical_0.01,505263,40,24,k_medoids,conical,unscaled,0.01,148.95822686946607,164.91177834834153,3.4649371729055902,47.59444980355923,1.1861350346574746,40,1.0025932431136346,1.1919775950455944,0.4684931506849315,0.42191780821917807,0.19993150684931507,108715,528,0,0,OPTIMAL,2.310940939310616e7,0.0,2.2808122855590925e7,0.0,0.0,656312,1351111,OPTIMAL,2.726615886329164e7,0.0,2.7259742383294694e7,0.0,6416.479999969884,5492686,11336278,6.987355252166754e7,641.6479999969885,0.0087345,0.420548375,0.111564083,3.882709,16.487815167,0.570035292
tyndp/p2x_40_24_k_medoids_conical_bounded_0.01,505263,40,24,k_medoids,conical_bounded,unscaled,0.01,150.4377845166149,164.91177834834153,3.4649371729055902,47.59444980355923,1.1861350346574746,40,0.9745567359317241,1.0000000000000002,0.0,0.6602739726027397,0.19301369863013698,109200,548,0,0,OPTIMAL,2.1611483643569034e7,0.0,2.1337979535991054e7,0.0,9.38064461684594e-9,656312,1351111,OPTIMAL,2.702700763654522e7,0.0,2.7017915156547435e7,0.0,9092.480000779502,5492686,11336278,4.80442062385579e7,909.248000077946,0.008641,0.453002667,1.192358166,3.176038333,11.22520025,0.570035292
tyndp/p2x_40_24_hierarchical_dirac_0.01,505263,40,24,hierarchical,dirac,unscaled,0.01,202.10751323232063,164.20719924449077,3.8208108954696494,42.97705480247449,1.1835617950954118,40,1.0,1.0,0.0,0.0,0.025,0,0,0,0,OPTIMAL,3.110778692608565e7,0.0,3.0735916206084926e7,0.0,0.0,656312,1351111,OPTIMAL,2.8024165576644745e7,0.0,2.7601273886750773e7,0.0,422891.6898968852,5492686,11336278,5.7796097208533116e7,42289.16898968854,0.008668041,0.415180041,2.0e-6,3.884947583,6.631482625,0.570035292
tyndp/p2x_40_24_hierarchical_convex_0.01,505263,40,24,hierarchical,convex,unscaled,0.01,149.10479141001875,164.20719924449077,3.8208108954696494,42.97705480247449,1.1835617950954118,40,1.0,1.0000000000000002,0.0,0.0,0.19027397260273973,108637,498,0,0,OPTIMAL,3.049625000279147e7,0.0,3.0282759815935988e7,0.0,9124.748482245084,656312,1351111,OPTIMAL,2.6865498935054965e7,0.0,2.6845925815055933e7,0.0,19573.12000183147,5492686,11336278,4.178473564865924e7,1957.3120001831471,0.008667334,0.47248625,0.169016,2.804211417,10.518123083,0.570035292
tyndp/p2x_40_24_hierarchical_conical_0.01,505263,40,24,hierarchical,conical,unscaled,0.01,146.67078877913823,164.20719924449077,3.8208108954696494,42.97705480247449,1.1835617950954118,40,1.0047582815181784,1.23253171424046,0.4904109589041096,0.4,0.1917808219178082,108548,595,0,0,OPTIMAL,3.069669363245468e7,0.0,3.0508030680744838e7,0.0,-6.643694251905677e-10,656312,1351111,OPTIMAL,2.6887012394677427e7,0.0,2.686833576319509e7,0.0,18676.63148529575,5492686,11336278,4.4548475921464145e7,1867.6631485295748,0.008670917,0.4425915,0.172890125,4.035839125,9.910636667,0.570035292
tyndp/p2x_40_24_hierarchical_conical_bounded_0.01,505263,40,24,hierarchical,conical_bounded,unscaled,0.01,148.3610815968746,164.20719924449077,3.8208108954696494,42.97705480247449,1.1835617950954118,40,0.9766430907474027,1.0000000000000002,0.0,0.6410958904109589,0.18698630136986302,107686,490,0,0,OPTIMAL,2.9133474021990683e7,0.0,2.895031368200699e7,0.0,5.784855107013325e-10,656312,1351111,OPTIMAL,2.69049845193301e7,0.0,2.6885411399332162e7,0.0,19573.12000081903,5492686,11336278,4.4553777574047476e7,1957.3120000819004,0.008644792,0.455769542,0.320527167,3.785052916,11.631328375,0.570035292
tyndp/p2x_40_24_chronological_dirac_0.01,505263,40,24,chronological,dirac,unscaled,0.01,220.37444701224527,163.74562284698044,3.4689594902096093,47.20309456167395,1.1725512616531446,40,1.0,1.0,0.0,0.0,0.025,0,0,0,0,OPTIMAL,2.18937924297441e7,0.0,2.1701243309742592e7,0.0,0.0,656312,1351111,OPTIMAL,3.071985841190008e7,0.0,2.8489653615211703e7,0.0,2.230204796691717e6,5492686,11336278,6.991804479875703e7,223020.47966917141,0.008664791,0.431307875,1.417e-6,3.591667583,5.218411917,0.570035292
tyndp/p2x_40_24_chronological_convex_0.01,505263,40,24,chronological,convex,unscaled,0.01,152.30044142375044,163.74562284698044,3.4689594902096093,47.20309456167395,1.1725512616531446,40,1.0,1.0000000000000002,0.0,0.0,0.19075342465753425,111102,604,0,0,OPTIMAL,2.3759246852246054e7,0.0,2.3554913802453604e7,0.0,-1.9528592479963386e-9,656312,1351111,OPTIMAL,2.702517911172324e7,0.0,2.70106271117272e7,0.0,14551.999999004296,5492686,11336278,4.519468931325595e7,1455.1999999004297,0.00859775,0.415392875,0.169647959,4.121081334,10.473831167,0.570035292
tyndp/p2x_40_24_chronological_conical_0.01,505263,40,24,chronological,conical,unscaled,0.01,150.09972295076483,163.74562284698044,3.4689594902096093,47.20309456167395,1.1725512616531446,40,1.00304093916103,1.1955206279211443,0.4767123287671233,0.4136986301369863,0.19342465753424656,111274,529,0,0,OPTIMAL,2.359059403035315e7,0.0,2.3407593241991166e7,0.0,0.0,656312,1351111,OPTIMAL,2.7396199132233035e7,0.0,2.7386185776583273e7,0.0,10013.355652816572,5492686,11336278,7.038441446444716e7,1001.3355652816572,0.00860675,0.42808625,0.294871292,3.871474166,15.957446625,0.570035292
tyndp/p2x_40_24_chronological_conical_bounded_0.01,505263,40,24,chronological,conical_bounded,unscaled,0.01,151.59563491154822,163.74562284698044,3.4689594902096093,47.20309456167395,1.1725512616531446,40,0.9757154989045433,1.0000000000000002,0.0,0.6301369863013698,0.18691780821917808,110608,604,0,0,OPTIMAL,2.2384705560722053e7,0.0,2.223317572806288e7,0.0,-1.9086117067248123e-9,656312,1351111,OPTIMAL,2.707758151395549e7,0.0,2.7063383113958493e7,0.0,14198.399999983,5492686,11336278,3.837850996540401e7,1419.8399999983014,0.008691875,0.458712375,0.177259875,3.782690209,13.159981833,0.570035292
tyndp/p2x_40_24_convex_hull_dirac_0.01,505263,40,24,convex_hull,dirac,unscaled,0.01,215.5410092487626,170.47018348793063,4.251899577417142,40.09271159491598,1.2072921546909097,40,1.0,1.0,0.0,0.0,0.025,0,0,7586,5869,OPTIMAL,2.9883612923913125e7,0.0,2.928197196391335e7,0.0,0.0,656312,1351111,OPTIMAL,2.778083823404302e7,0.0,2.7770679034048963e7,0.0,10159.199997504122,5492686,11336278,7.055430415556209e7,1015.9199997504122,0.008668417,2.944622,1.917e-6,2.854230625,9.275101584,0.570035292
tyndp/p2x_40_24_convex_hull_convex_0.01,505263,40,24,convex_hull,convex,unscaled,0.01,148.58595398502177,170.47018348793063,4.251899577417142,40.09271159491598,1.2072921546909097,40,1.0,1.0000000000000002,0.0,0.0,0.20232876712328768,98283,430,7586,5869,OPTIMAL,3.871835200044903e7,0.0,3.850195911369147e7,0.0,-5.956573387337779e-9,656312,1351111,OPTIMAL,2.68988941613394e7,0.0,2.68793210413429e7,0.0,19573.119999789822,5492686,11336278,4.6616350869932346e7,1957.311999978982,0.008654459,2.847507125,0.144489042,2.963982834,13.335983,0.570035292
tyndp/p2x_40_24_convex_hull_conical_0.01,505263,40,24,convex_hull,conical,unscaled,0.01,146.00959611439438,170.47018348793063,4.251899577417142,40.09271159491598,1.2072921546909097,40,0.9855530704261866,1.1696322777978123,0.38904109589041097,0.5013698630136987,0.20712328767123286,100918,470,7586,5869,OPTIMAL,3.719755764012167e7,0.0,3.6993850803654276e7,0.0,0.0,656312,1351111,OPTIMAL,2.724266470054664e7,0.0,2.723063414055059e7,0.0,12030.55999946743,5492686,11336278,7.011188841772702e7,1203.055999946743,0.0086505,2.839746458,0.103221125,2.964868041,14.138347792,0.570035292
tyndp/p2x_40_24_convex_hull_conical_bounded_0.01,505263,40,24,convex_hull,conical_bounded,unscaled,0.01,147.07937096375525,170.47018348793063,4.251899577417142,40.09271159491598,1.2072921546909097,40,0.9648715009129503,1.0000000000000002,0.0,0.7095890410958904,0.20089041095890411,99144,469,7586,5869,OPTIMAL,3.580426458176351e7,0.0,3.5618812589428484e7,0.0,-5.549709746189252e-10,656312,1351111,OPTIMAL,2.6993226421720747e7,0.0,2.6970519861724056e7,0.0,22706.560000096186,5492686,11336278,3.8097117464346245e7,2270.656000009614,0.008648833,2.930345167,0.165534584,2.90578775,11.237376375,0.570035292
tyndp/p2x_40_24_convex_hull_with_null_dirac_0.01,505263,40,24,convex_hull_with_null,dirac,unscaled,0.01,216.67096233223137,172.9256942812605,3.9507327798098917,43.77053673814447,1.20319684598097,40,1.0,1.0,0.0,0.0,0.025,0,0,7545,6275,OPTIMAL,3.44859721723336e7,0.0,3.4146953932333626e7,0.0,0.0,656312,1351111,OPTIMAL,2.782671652131728e7,0.0,2.7777557855043527e7,0.0,49158.66627716861,5492686,11336278,6.984680212976913e7,4915.866627716861,0.008758083,2.891979375,1.875e-6,2.689148167,8.942684625,0.570035292
tyndp/p2x_40_24_convex_hull_with_null_convex_0.01,505263,40,24,convex_hull_with_null,convex,unscaled,0.01,149.11310512009155,172.9256942812605,3.9507327798098917,43.77053673814447,1.20319684598097,40,1.0,1.0000000000000004,0.0,0.0,0.20089041095890411,99181,426,7545,6275,OPTIMAL,3.986989298220713e7,0.0,3.966758329467148e7,0.0,0.0,656312,1351111,OPTIMAL,2.7193052686315924e7,0.0,2.7183879086319722e7,0.0,9173.59999936273,5492686,11336278,6.879090343419543e7,917.3599999362732,0.008601709,1.660859625,0.158450125,3.804735167,13.183343625,0.570035292
tyndp/p2x_40_24_convex_hull_with_null_conical_0.01,505263,40,24,convex_hull_with_null,conical,unscaled,0.01,145.03809721664845,172.9256942812605,3.9507327798098917,43.77053673814447,1.20319684598097,40,0.9661355975071712,1.127831655535526,0.3287671232876712,0.5616438356164384,0.2013013698630137,101868,448,7545,6275,OPTIMAL,3.4963745779824615e7,0.0,3.481917423004472e7,0.0,1.1912315020657902e-9,656312,1351111,OPTIMAL,2.708331569730845e7,0.0,2.706096273731164e7,0.0,22352.9600001641,5492686,11336278,4.094484097261719e7,2235.296000016418,0.011959,1.888952458,0.103323959,4.088459084,9.595483583,0.570035292
tyndp/p2x_40_24_convex_hull_with_null_conical_bounded_0.01,505263,40,24,convex_hull_with_null,conical_bounded,unscaled,0.01,145.82958558964822,172.9256942812605,3.9507327798098917,43.77053673814447,1.20319684598097,40,0.9506729895860686,1.0000000000000002,0.0,0.7232876712328767,0.19767123287671232,100851,471,7545,6275,OPTIMAL,3.3852235079897255e7,0.0,3.371903031924586e7,0.0,0.0,656312,1351111,OPTIMAL,2.7433951219264757e7,0.0,2.7424219611418203e7,0.0,9731.607850017139,5492686,11336278,7.481320688110097e7,973.160785001714,0.008651417,1.630868833,0.162115792,3.929064583,13.84789725,0.570035292
tyndp/p2x_40_24_conical_hull_dirac_0.01,505263,40,24,conical_hull,dirac,unscaled,0.01,218.461447942101,150.49860105853716,3.9157517913973034,38.43415238656712,1.2372680389890751,40,1.0,1.0,0.0,0.0,0.025,0,0,7362,6093,OPTIMAL,3.35890299901236e7,0.0,3.326837207012338e7,0.0,0.0,656312,1351111,OPTIMAL,2.7672395830023408e7,0.0,2.76539386809466e7,0.0,18457.149080107272,5492686,11336278,4.784052197160979e7,1845.7149080107279,0.008671625,1.235177,1.792e-6,2.625654709,8.0297105,0.570035292
tyndp/p2x_40_24_conical_hull_convex_0.01,505263,40,24,conical_hull,convex,unscaled,0.01,156.53899943667795,150.49860105853716,3.9157517913973034,38.43415238656712,1.2372680389890751,40,1.0,1.0000000000000002,0.0,0.0,0.1976027397260274,90154,427,7362,6093,OPTIMAL,3.43411481878479e7,0.0,3.411221820598785e7,0.0,1.8060929347727925e-8,656312,1351111,OPTIMAL,2.691818907846767e7,0.0,2.6899456438471995e7,0.0,18732.639998699127,5492686,11336278,3.969830237185467e7,1873.2639998699285,0.008662875,2.531410333,0.147247667,2.923927166,10.460121083,0.570035292
tyndp/p2x_40_24_conical_hull_conical_0.01,505263,40,24,conical_hull,conical,unscaled,0.01,148.7512829441505,150.49860105853716,3.9157517913973034,38.43415238656712,1.2372680389890751,40,1.07230326377388,1.3082643150561948,0.7397260273972602,0.1506849315068493,0.21575342465753425,94974,430,7362,6093,OPTIMAL,3.6887184928354725e7,0.0,3.658682386922539e7,0.0,4.857278071801319e-10,656312,1351111,OPTIMAL,2.695693309957664e7,0.0,2.692650934150067e7,0.0,30423.7580791862,5492686,11336278,3.4255796149037585e7,3042.3758079186105,0.008932042,2.45105475,0.099261958,2.910222875,11.651535791,0.570035292
tyndp/p2x_40_24_conical_hull_conical_bounded_0.01,505263,40,24,conical_hull,conical_bounded,unscaled,0.01,156.66677966387476,150.49860105853716,3.9157517913973034,38.43415238656712,1.2372680389890751,40,0.9912534775334693,1.0000000000000002,0.0,0.5260273972602739,0.19746575342465753,89826,446,7362,6093,OPTIMAL,3.3946163495447e7,0.0,3.372722937963437e7,0.0,1.657184145219167e-8,656312,1351111,OPTIMAL,2.69540179756089e7,0.0,2.69352853356136e7,0.0,18732.639998218634,5492686,11336278,4.3500482804272205e7,1873.2639998218642,0.008610917,2.443847709,0.141219333,2.924157584,9.676675625,0.570035292
tyndp/p2x_80_24_k_means_dirac_0.01,505263,80,24,k_means,dirac,unscaled,0.01,139.49683768418464,228.39111303059798,1.2726706457423158,179.4581448033504,1.1248299089638807,80,1.0,1.0,0.0,0.0,0.0125,0,0,0,0,OPTIMAL,1.8239631422286108e7,0.0,1.8151388313714307e7,0.0,0.0,1261112,2599151,OPTIMAL,2.746863328804957e7,0.0,2.7186511522563167e7,0.0,282121.76548949943,5492686,11336278,6.5931836610087596e7,28212.176548949996,0.008682167,0.467452417,1.833e-6,5.639292375,18.820782375,0.570035292
tyndp/p2x_80_24_k_means_convex_0.01,505263,80,24,k_means,convex,unscaled,0.01,129.5597359995198,228.39111303059798,1.2726706457423158,179.4581448033504,1.1248299089638807,80,1.0,1.0000000000000002,0.0,0.0,0.05979452054794521,162978,918,0,0,OPTIMAL,1.9206052945731465e7,0.0,1.9133950233042568e7,0.0,-1.7624829811146452e-9,1261112,2599151,OPTIMAL,2.6699460239502933e7,0.0,2.6690604644395575e7,0.0,8855.595110390088,5492686,11336278,3.775517664751769e7,885.5595110390091,0.008972917,0.454433,0.580223541,5.926068625,46.567364083,0.570035292
tyndp/p2x_80_24_k_means_conical_0.01,505263,80,24,k_means,conical,unscaled,0.01,127.61057544686591,228.39111303059798,1.2726706457423158,179.4581448033504,1.1248299089638807,80,1.0209616223790354,1.1663025895220405,0.6986301369863014,0.2821917808219178,0.06304794520547945,170519,901,0,0,OPTIMAL,1.998299170238009e7,0.0,1.990875780571116e7,0.0,2.5912778546400667e-9,1261112,2599151,OPTIMAL,2.746294126718123e7,0.0,2.6688574639294103e7,0.0,774366.6278900483,5492686,11336278,3.669439534797851e7,77436.66278900477,0.008723459,0.43000375,0.38164775,6.068442042,49.814074083,0.570035292
tyndp/p2x_80_24_k_means_conical_bounded_0.01,505263,80,24,k_means,conical_bounded,unscaled,0.01,129.37771838691413,228.39111303059798,1.2726706457423158,179.4581448033504,1.1248299089638807,80,0.9878490830766735,1.0000000000000002,0.0,0.5835616438356165,0.05876712328767123,164040,879,0,0,OPTIMAL,1.8628399551072307e7,0.0,1.85716734142564e7,0.0,0.0,1261112,2599151,OPTIMAL,2.6967778909707073e7,0.0,2.695997244122412e7,0.0,7806.468486047563,5492686,11336278,6.797225139781365e7,780.6468486047563,0.008885125,0.468615292,0.623710042,6.149812041,49.271727292,0.570035292
tyndp/p2x_80_24_k_medoids_dirac_0.01,505263,80,24,k_medoids,dirac,unscaled,0.01,180.90279395285688,227.00701451359143,2.465958986599932,92.05628144959095,1.1943563745047967,80,1.0,1.0,0.0,0.0,0.0125,0,0,0,0,OPTIMAL,2.5323638701749634e7,0.0,2.5095815341748886e7,0.0,0.0,1261112,2599151,OPTIMAL,2.7750543838560358e7,0.0,2.7287205216601897e7,0.0,463338.62196138257,5492686,11336278,6.0328807312183164e7,46333.862196138245,0.008621125,0.460359084,1.167e-6,5.990891833,16.17435425,0.570035292
tyndp/p2x_80_24_k_medoids_convex_0.01,505263,80,24,k_medoids,convex,unscaled,0.01,130.7214564789572,227.00701451359143,2.465958986599932,92.05628144959095,1.1943563745047967,80,1.0,1.0000000000000004,0.0,0.0,0.10222602739726028,142583,790,0,0,OPTIMAL,2.6235967907307733e7,0.0,2.6203368479736585e7,0.0,0.0,1261112,2599151,OPTIMAL,2.6867793800779372e7,0.0,2.6854658920782574e7,0.0,13134.879999584648,5492686,11336278,6.065380156448121e7,1313.4879999584648,0.008601791,0.411948708,0.569050209,6.098212125,45.222149833,0.570035292
tyndp/p2x_80_24_k_medoids_conical_0.01,505263,80,24,k_medoids,conical,unscaled,0.01,128.85115179301783,227.00701451359143,2.465958986599932,92.05628144959095,1.1943563745047967,80,1.0165158662183826,1.1783802022386543,0.5013698630136987,0.27945205479452057,0.10544520547945206,146542,783,0,0,OPTIMAL,2.7253783995769203e7,0.0,2.7217889095045205e7,0.0,0.0,1261112,2599151,OPTIMAL,2.6835037291178916e7,0.0,2.6818551086955946e7,0.0,16486.20422579031,5492686,11336278,5.708721706712121e7,1648.6204225790311,0.008698708,0.420706292,0.328980417,6.034711375,43.032705291,0.570035292
tyndp/p2x_80_24_k_medoids_conical_bounded_0.01,505263,80,24,k_medoids,conical_bounded,unscaled,0.01,130.56229372077047,227.00701451359143,2.465958986599932,92.05628144959095,1.1943563745047967,80,0.9856878639787563,1.0000000000000002,0.0,0.589041095890411,0.10147260273972603,142908,770,0,0,OPTIMAL,2.5201465581051566e7,0.0,2.5173982937810086e7,0.0,0.0,1261112,2599151,OPTIMAL,2.691544510953795e7,0.0,2.6902310229541376e7,0.0,13134.879999387416,5492686,11336278,6.270529936579171e7,1313.4879999387417,0.008643,0.474578833,0.536426333,5.99728625,37.878689042,0.570035292
tyndp/p2x_80_24_hierarchical_dirac_0.01,505263,80,24,hierarchical,dirac,unscaled,0.01,178.5874325504276,236.4439905808771,2.476953407404749,95.45758506156703,1.1828597337826086,80,1.0,1.0,0.0,0.0,0.0125,0,0,0,0,OPTIMAL,3.2930268310847957e7,0.0,3.264704095084735e7,0.0,0.0,1261112,2599151,OPTIMAL,2.7742605633171372e7,0.0,2.7284319698342312e7,0.0,458285.93483191094,5492686,11336278,5.918293099117001e7,45828.593483191136,0.008697334,0.409941125,1.75e-6,5.835395375,14.626594833,0.570035292
tyndp/p2x_80_24_hierarchical_convex_0.01,505263,80,24,hierarchical,convex,unscaled,0.01,128.70088257666254,236.4439905808771,2.476953407404749,95.45758506156703,1.1828597337826086,80,1.0,1.0000000000000002,0.0,0.0,0.09928082191780822,146833,805,0,0,OPTIMAL,3.3161991566779412e7,0.0,3.3060036191849217e7,0.0,5269.790730141161,1261112,2599151,OPTIMAL,2.6622625973293863e7,0.0,2.6607453813296508e7,0.0,15172.160000374533,5492686,11336278,4.000336145458199e7,1517.2160000374538,0.0089145,0.47644625,0.552155917,6.02579325,34.200705125,0.570035292
tyndp/p2x_80_24_hierarchical_conical_0.01,505263,80,24,hierarchical,conical,unscaled,0.01,127.09512425616985,236.4439905808771,2.476953407404749,95.45758506156703,1.1828597337826086,80,0.9982310542563969,1.1368078548749585,0.3780821917808219,0.40273972602739727,0.10051369863013698,148008,786,0,0,OPTIMAL,3.246636776498104e7,0.0,3.2379105129214272e7,0.0,0.0,1261112,2599151,OPTIMAL,2.6821147303279713e7,0.0,2.6814147900795795e7,0.0,6999.402486904195,5492686,11336278,6.420222566675026e7,699.9402486904195,0.008677125,0.48693225,1.669573417,5.120772916,34.38566475,0.570035292
tyndp/p2x_80_24_hierarchical_conical_bounded_0.01,505263,80,24,hierarchical,conical_bounded,unscaled,0.01,128.11684475399485,236.4439905808771,2.476953407404749,95.45758506156703,1.1828597337826086,80,0.9786940218329877,1.0000000000000002,0.0,0.6410958904109589,0.09842465753424658,145744,777,0,0,OPTIMAL,3.1066483504387166e7,0.0,3.09835364994858e7,0.0,1.4880169908201535e-8,1261112,2599151,OPTIMAL,2.6661511440144368e7,0.0,2.6643619280146692e7,0.0,17892.16000081855,5492686,11336278,4.162404592417188e7,1789.216000081856,0.008692,0.433561833,1.872533333,4.854586833,35.682179709,0.570035292
tyndp/p2x_80_24_chronological_dirac_0.01,505263,80,24,chronological,dirac,unscaled,0.01,197.46342184554908,230.10948886883358,2.304121467847314,99.86864498242768,1.1846486857306884,80,1.0,1.0,0.0,0.0,0.0125,0,0,0,0,OPTIMAL,2.8155023381548777e7,0.0,2.8091713301548067e7,0.0,3686.3999999999987,1261112,2599151,OPTIMAL,2.7511577811743155e7,0.0,2.715183229828341e7,0.0,359745.5134629713,5492686,11336278,4.1425437639519274e7,35974.55134629712,0.008711333,0.426918166,1.625e-6,5.903048583,10.068490791,0.570035292
tyndp/p2x_80_24_chronological_convex_0.01,505263,80,24,chronological,convex,unscaled,0.01,132.29164471115863,230.10948886883358,2.304121467847314,99.86864498242768,1.1846486857306884,80,1.0,1.0000000000000002,0.0,0.0,0.10054794520547945,146345,907,0,0,OPTIMAL,2.9597780765618984e7,0.0,2.9529858603470515e7,0.0,0.0,1261112,2599151,OPTIMAL,2.687016693017923e7,0.0,2.685606938548131e7,0.0,14097.544700671413,5492686,11336278,6.619800342641375e7,1409.7544700671413,0.008635,0.473230667,0.530513209,6.0157285,39.107323834,0.570035292
tyndp/p2x_80_24_chronological_conical_0.01,505263,80,24,chronological,conical,unscaled,0.01,130.3532825010969,230.10948886883358,2.304121467847314,99.86864498242768,1.1846486857306884,80,1.015887562133285,1.2334418981222541,0.5123287671232877,0.2684931506849315,0.10469178082191781,152073,853,0,0,OPTIMAL,3.0926950605080806e7,0.0,3.0852375331700876e7,0.0,7573.469847410694,1261112,2599151,OPTIMAL,2.6825666271724656e7,0.0,2.6808787442580592e7,0.0,16878.8291470596,5492686,11336278,6.158520170170776e7,1687.88291470596,0.008707916,0.475672958,0.330756167,6.039727,41.55225975,0.570035292
tyndp/p2x_80_24_chronological_conical_bounded_0.01,505263,80,24,chronological,conical_bounded,unscaled,0.01,132.07306805520852,230.10948886883358,2.304121467847314,99.86864498242768,1.1846486857306884,80,0.9853002389606946,1.0000000000000002,0.0,0.6082191780821918,0.10030821917808219,147050,907,0,0,OPTIMAL,2.8551132996558882e7,0.0,2.8497996023165382e7,0.0,0.0,1261112,2599151,OPTIMAL,2.6904766955397855e7,0.0,2.6889206050700124e7,0.0,15560.904700557361,5492686,11336278,6.750519225556473e7,1556.090470055736,0.008689083,0.508118166,1.859565583,4.961539875,42.71837375,0.570035292
tyndp/p2x_80_24_convex_hull_dirac_0.01,505263,80,24,convex_hull,dirac,unscaled,0.01,189.60192332874226,239.552502873301,2.8126493180830248,85.1697015099519,1.1995628173939417,80,1.0,1.0,0.0,0.0,0.0125,0,0,17750,7925,OPTIMAL,2.7522244535171505e7,0.0,2.725738021517094e7,0.0,0.0,1261112,2599151,OPTIMAL,2.747375421008539e7,0.0,2.745725469009178e7,0.0,16499.51999714844,5492686,11336278,6.532305828337904e7,1649.9519997148448,0.008719333,5.461203458,1.125e-6,4.4633565,16.409378166,0.570035292
tyndp/p2x_80_24_convex_hull_convex_0.01,505263,80,24,convex_hull,convex,unscaled,0.01,127.56213932412864,239.552502873301,2.8126493180830248,85.1697015099519,1.1995628173939417,80,1.0,1.0000000000000004,0.0,0.0,0.10493150684931507,139614,703,17750,7925,OPTIMAL,3.2055601094397992e7,0.0,3.1946160694257542e7,0.0,0.0,1261112,2599151,OPTIMAL,2.6889611030961376e7,0.0,2.6877580470965844e7,0.0,12030.559998863322,5492686,11336278,6.537174152228576e7,1203.0559998863323,0.008670958,4.022203375,0.501350708,6.009342791,36.663873875,0.570035292
tyndp/p2x_80_24_convex_hull_conical_0.01,505263,80,24,convex_hull,conical,unscaled,0.01,125.78165514441315,239.552502873301,2.8126493180830248,85.1697015099519,1.1995628173939417,80,0.9955851675558549,1.135274316597385,0.3780821917808219,0.40273972602739727,0.10753424657534247,141372,746,17750,7925,OPTIMAL,3.162694820970972e7,0.0,3.151861591219276e7,0.0,0.0,1261112,2599151,OPTIMAL,2.6994985539867267e7,0.0,2.6984406086909685e7,0.0,10579.452960953338,5492686,11336278,6.7339164068e7,1057.945296095334,0.008695667,4.143819125,0.312813792,6.033622166,36.300125542,0.570035292
tyndp/p2x_80_24_convex_hull_conical_bounded_0.01,505263,80,24,convex_hull,conical_bounded,unscaled,0.01,126.92342940213747,239.552502873301,2.8126493180830248,85.1697015099519,1.1995628173939417,80,0.9754667405445561,1.0000000000000002,0.0,0.6931506849315069,0.10352739726027398,138580,703,17750,7925,OPTIMAL,3.0394049201491944e7,0.0,3.0293600124626085e7,0.0,0.0,1261112,2599151,OPTIMAL,2.70112726489643e7,0.0,2.7001166775903057e7,0.0,10105.873064595424,5492686,11336278,7.107659499226843e7,1010.5873064595424,0.008621625,4.058094708,0.530616125,5.987741958,34.843094,0.570035292
tyndp/p2x_80_24_convex_hull_with_null_dirac_0.01,505263,80,24,convex_hull_with_null,dirac,unscaled,0.01,189.90892943186793,240.12801273104694,2.776532919069665,86.48484269061244,1.1983714536238557,80,1.0,1.0,0.0,0.0,0.0125,0,0,17847,8193,OPTIMAL,3.219180210259556e7,0.0,3.207525138259567e7,0.0,0.0,1261112,2599151,OPTIMAL,2.7478305751281265e7,0.0,2.7464504951282624e7,0.0,13800.800001705396,5492686,11336278,5.799243704170842e7,1380.0800001705397,0.008666667,4.216497292,1.083e-6,5.756096,16.298392541,0.570035292
tyndp/p2x_80_24_convex_hull_with_null_convex_0.01,505263,80,24,convex_hull_with_null,convex,unscaled,0.01,128.2211988102702,240.12801273104694,2.776532919069665,86.48484269061244,1.1983714536238557,80,1.0,1.0000000000000002,0.0,0.0,0.1025,137570,749,17847,8193,OPTIMAL,3.2623093094595946e7,0.0,3.2576017131066147e7,0.0,-8.267557838454614e-9,1261112,2599151,OPTIMAL,2.6650068101163864e7,0.0,2.66381429474256e7,0.0,11925.153741188347,5492686,11336278,4.639334965099658e7,1192.5153741188349,0.008920375,5.660654834,0.469740709,4.794135125,31.672194167,0.570035292
tyndp/p2x_80_24_convex_hull_with_null_conical_0.01,505263,80,24,convex_hull_with_null,conical,unscaled,0.01,125.92362968944249,240.12801273104694,2.776532919069665,86.48484269061244,1.1983714536238557,80,0.9856605739400454,1.1249393063153992,0.3150684931506849,0.4657534246575342,0.10345890410958904,139884,777,17847,8193,OPTIMAL,3.098344492054854e7,0.0,3.093912352784301e7,0.0,-2.7723382398324392e-9,1261112,2599151,OPTIMAL,2.6754010957263038e7,0.0,2.6738499605074745e7,0.0,15511.352191333992,5492686,11336278,4.8304517395520784e7,1551.1352191333979,0.008653417,5.54660275,0.295415208,4.927401542,28.605486292,0.570035292
tyndp/p2x_80_24_convex_hull_with_null_conical_bounded_0.01,505263,80,24,convex_hull_with_null,conical_bounded,unscaled,0.01,126.91288788973158,240.12801273104694,2.776532919069665,86.48484269061244,1.1983714536238557,80,0.9686830449305203,1.0000000000000002,0.0,0.6821917808219178,0.10106164383561644,137477,749,17847,8193,OPTIMAL,3.002361309317418e7,0.0,2.998230943504773e7,0.0,0.0,1261112,2599151,OPTIMAL,2.68922682364775e7,0.0,2.6883264479976114e7,0.0,9003.75650445803,5492686,11336278,6.251219719238847e7,900.375650445803,0.008703666,5.610619583,0.443504375,4.741471833,33.159205167,0.570035292
tyndp/p2x_80_24_conical_hull_dirac_0.01,505263,80,24,conical_hull,dirac,unscaled,0.01,193.56652786303997,214.22040210205293,2.6293835035099393,81.47172210371447,1.2274671734967744,80,1.0,1.0,0.0,0.0,0.0125,0,0,17410,8265,OPTIMAL,2.9467576367808897e7,0.0,2.9246192687808007e7,0.0,3.0316490059097606e-10,1261112,2599151,OPTIMAL,2.7201406439591832e7,0.0,2.706240863871735e7,0.0,138997.80087775798,5492686,11336278,4.150468974379509e7,13899.780087775796,0.008778459,2.644996084,1.209e-6,6.188206625,16.276537708,0.570035292
tyndp/p2x_80_24_conical_hull_convex_0.01,505263,80,24,conical_hull,convex,unscaled,0.01,135.99781868566006,214.22040210205293,2.6293835035099393,81.47172210371447,1.2274671734967744,80,1.0,1.0000000000000004,0.0,0.0,0.10051369863013698,124533,697,17410,8265,OPTIMAL,3.0686356908256106e7,0.0,3.0545273889071476e7,0.0,0.0,1261112,2599151,OPTIMAL,2.6740770863333803e7,0.0,2.6730262793444257e7,0.0,10508.069892461896,5492686,11336278,5.6983666862040594e7,1050.8069892461895,0.008663458,2.389251125,0.488186625,5.950464458,37.136281625,0.570035292
tyndp/p2x_80_24_conical_hull_conical_0.01,505263,80,24,conical_hull,conical,unscaled,0.01,128.82618783356926,214.22040210205293,2.6293835035099393,81.47172210371447,1.2274671734967744,80,1.0650181879777447,1.274943626545034,0.6821917808219178,0.09863013698630137,0.11160958904109589,132100,708,17410,8265,OPTIMAL,3.3997038574409895e7,0.0,3.3806300402796015e7,0.0,1.176135189878541e-9,1261112,2599151,OPTIMAL,2.6619795891476735e7,0.0,2.659366780609788e7,0.0,26128.085381825076,5492686,11336278,3.734377980487277e7,2612.808538182507,0.00893,3.931799208,0.279253375,4.822861708,24.748469916,0.570035292
tyndp/p2x_80_24_conical_hull_conical_bounded_0.01,505263,80,24,conical_hull,conical_bounded,unscaled,0.01,136.35758739082218,214.22040210205293,2.6293835035099393,81.47172210371447,1.2274671734967744,80,0.9924394541135124,1.0000000000000002,0.0,0.5726027397260274,0.10017123287671233,123921,697,17410,8265,OPTIMAL,3.039454732020221e7,0.0,3.0263046607926764e7,0.0,-3.5019065127757885e-9,1261112,2599151,OPTIMAL,2.6672837800013665e7,0.0,2.6658537132662807e7,0.0,14300.66735383721,5492686,11336278,4.005743603695658e7,1430.066735383721,0.008749584,2.44893325,0.476402375,6.01530575,29.825437833,0.570035292
tyndp/p2x_1_8760_k_means_dirac_0.01_economic,570629,1,8760,k_means,dirac,economic,0.01,0.0,1.0,1.0,1.0,1.0,1,1.0,1.0,0.0,0.0,1.0,0,0,0,0,OPTIMAL,2.5796645974282894e7,0.0,2.5789826867125563e7,0.0,6819.107160000018,5492686,11353433,N/A,,,,,,0,0,0.0,0.0,0.007976459,0.580707708,1.25e-6,18.835782583,65.264383167,0.566551209
tyndp/p2x_10_24_k_means_dirac_0.01_economic,570629,10,24,k_means,dirac,economic,0.01,6.808291482665446e6,3.809223458106444e6,48778.26070793451,78.09264624900447,1.0860880260752404,10,1.0,1.0,0.0,0.0,0.1,0,0,0,0,OPTIMAL,1.6404250141222365e7,0.0,1.5959738338538522e7,0.0,0.0,202712,415081,OPTIMAL,2.790107988219878e7,0.0,2.746675263741016e7,0.0,434327.2447921442,5492686,11336278,6.431322542686406e7,43432.72447921442,0.00828875,0.515499542,1.833e-6,1.246222625,1.672956208,0.566551209
tyndp/p2x_10_24_k_means_convex_0.01_economic,570629,10,24,k_means,convex,economic,0.01,6.306967150023895e6,3.809223458106444e6,48778.26070793451,78.09264624900447,1.0860880260752404,10,1.0,1.0000000000000002,0.0,0.0,0.2717808219178082,162036,1514,0,0,OPTIMAL,1.706074037521735e7,0.0,1.6623907583654908e7,0.0,-1.2853306814750548e-9,202712,415081,OPTIMAL,2.7340765049201574e7,0.0,2.733434856920324e7,0.0,6416.480001336866,5492686,11336278,5.0973550369252905e7,641.6480001336867,0.008678875,0.454574916,0.097009958,1.268976458,2.083927542,0.566551209
tyndp/p2x_10_24_k_means_conical_0.01_economic,570629,10,24,k_means,conical,economic,0.01,6.102457545184924e6,3.809223458106444e6,48778.26070793451,78.09264624900447,1.0860880260752404,10,1.012317188537742,1.2448234658714905,0.5835616438356165,0.41643835616438357,0.273972602739726,193003,1539,0,0,OPTIMAL,1.7084433105201107e7,0.0,1.6653527142415531e7,0.0,0.0,202712,415081,OPTIMAL,2.8607747638292417e7,0.0,2.75164418306831e7,0.0,1.0913058076128666e6,5492686,11336278,8.460636839704451e7,109130.58076128649,0.008620625,0.47652,0.048493084,1.357096042,2.6381995,0.566551209
tyndp/p2x_10_24_k_means_conical_bounded_0.01_economic,570629,10,24,k_means,conical_bounded,economic,0.01,6.243475323621936e6,3.809223458106444e6,48778.26070793451,78.09264624900447,1.0860880260752404,10,0.9735498546338559,1.0,0.0,0.4657534246575342,0.2654794520547945,170111,1288,0,0,OPTIMAL,1.5434347684614507e7,0.0,1.504654828450158e7,0.0,0.0,202712,415081,OPTIMAL,2.7863332331994046e7,0.0,2.7853042571998723e7,0.0,10289.759998618889,5492686,11336278,7.640260519994076e7,1028.9759998618888,0.008656833,1.252154708,0.245785416,1.260097667,2.985836334,0.566551209
tyndp/p2x_10_24_k_medoids_dirac_0.01_economic,570629,10,24,k_medoids,dirac,economic,0.01,8.293130692075698e6,3.800792926450624e6,174516.42072782214,21.77899885064905,1.1519307897448654,10,1.0,1.0,0.0,0.0,0.1,0,0,0,0,OPTIMAL,3.153817442520808e7,0.0,3.051054690520806e7,0.0,0.0,202712,415081,OPTIMAL,2.9158296962514274e7,0.0,2.7769268306001063e7,0.0,1.3890286565166588e6,5492686,11336278,4.4416144939355135e7,138902.86565166578,0.008731125,0.474357792,9.17e-7,1.318608916,1.475483208,0.566551209
tyndp/p2x_10_24_k_medoids_convex_0.01_economic,570629,10,24,k_medoids,convex,economic,0.01,6.719844365466157e6,3.800792926450624e6,174516.42072782214,21.77899885064905,1.1519307897448654,10,1.0,1.0000000000000002,0.0,0.0,0.4312328767123288,172414,807,0,0,OPTIMAL,2.829470810649019e7,0.0,2.7871142382225387e7,0.0,1.3184551127455638e-9,202712,415081,OPTIMAL,2.7332003028460428e7,0.0,2.7316156788463112e7,0.0,15846.240000550175,5492686,11336278,5.011862995919167e7,1584.6240000550163,0.008673958,0.445983834,0.239574916,2.193396125,2.294770333,0.566551209
tyndp/p2x_10_24_k_medoids_conical_0.01_economic,570629,10,24,k_medoids,conical,economic,0.01,6.348760631962622e6,3.800792926450624e6,174516.42072782214,21.77899885064905,1.1519307897448654,10,1.02676644363634,1.291306027963923,0.6219178082191781,0.3506849315068493,0.4473972602739726,183890,874,0,0,OPTIMAL,2.972114596101116e7,0.0,2.9276933829572845e7,0.0,-5.770206041501293e-9,202712,415081,OPTIMAL,2.771277983854292e7,0.0,2.7645710439567477e7,0.0,67069.39897885716,5492686,11336278,6.767981468455288e7,6706.939897885701,0.008679917,0.424803125,0.069741209,1.410597541,3.065602084,0.566551209
tyndp/p2x_10_24_k_medoids_conical_bounded_0.01_economic,570629,10,24,k_medoids,conical_bounded,economic,0.01,6.590607470238055e6,3.800792926450624e6,174516.42072782214,21.77899885064905,1.1519307897448654,10,0.9686736177540205,1.0,0.0,0.4547945205479452,0.4304109589041096,173001,785,0,0,OPTIMAL,2.798099905364895e7,0.0,2.7613498091256857e7,0.0,4.104196367310735e-9,202712,415081,OPTIMAL,2.743031712009172e7,0.0,2.741447088009601e7,0.0,15846.239998965077,5492686,11336278,5.602637249522277e7,1584.6239998965186,0.008671291,0.437803,0.249360667,2.192909875,2.327643042,0.566551209
tyndp/p2x_10_24_hierarchical_dirac_0.01_economic,570629,10,24,hierarchical,dirac,economic,0.01,8.556972958591342e6,3.797670250843443e6,153060.41711389853,24.811576516333684,1.1423954097853726,10,1.0,1.0,0.0,0.0,0.1,0,0,0,0,OPTIMAL,2.839441329292407e7,0.0,2.7399312652924072e7,0.0,0.0,202712,415081,OPTIMAL,2.8710262789782032e7,0.0,2.8104366631125364e7,0.0,605896.1586597115,5492686,11336278,5.4569481522178896e7,60589.61586597118,0.008841584,0.439066375,1.75e-6,1.224408917,1.638873875,0.566551209
tyndp/p2x_10_24_hierarchical_convex_0.01_economic,570629,10,24,hierarchical,convex,economic,0.01,6.631029373478129e6,3.797670250843443e6,153060.41711389853,24.811576516333684,1.1423954097853726,10,1.0,1.0000000000000002,0.0,0.0,0.4208219178082192,162327,845,0,0,OPTIMAL,3.0953666179079738e7,0.0,3.0522594601548154e7,0.0,-1.6024255578474979e-9,202712,415081,OPTIMAL,2.7475657161497183e7,0.0,2.7466390601502042e7,0.0,9266.559998078883,5492686,11336278,5.759869615808081e7,926.6559998078912,0.008575417,0.43991175,0.09629925,1.311602333,2.386682042,0.566551209
tyndp/p2x_10_24_hierarchical_conical_0.01_economic,570629,10,24,hierarchical,conical,economic,0.01,6.39966383000002e6,3.797670250843443e6,153060.41711389853,24.811576516333684,1.1423954097853726,10,1.0088634901326547,1.2379270530255406,0.5424657534246575,0.4301369863013699,0.42383561643835616,170526,897,0,0,OPTIMAL,3.109784634322054e7,0.0,3.067350774841e7,0.0,-1.827453411765613e-8,202712,415081,OPTIMAL,2.7837099036921673e7,0.0,2.765222109025709e7,0.0,184877.94666754597,5492686,11336278,6.530120835244168e7,18487.794666754577,0.00863175,0.50048125,0.044243583,1.442644708,2.97606175,0.566551209
tyndp/p2x_10_24_hierarchical_conical_bounded_0.01_economic,570629,10,24,hierarchical,conical_bounded,economic,0.01,6.543594216455638e6,3.797670250843443e6,153060.41711389853,24.811576516333684,1.1423954097853726,10,0.9683510870836572,1.0,0.0,0.4986301369863014,0.40986301369863015,163324,846,0,0,OPTIMAL,2.8562564398607966e7,0.0,2.819216224476501e7,0.0,-1.167419986610194e-8,202712,415081,OPTIMAL,2.755449015405391e7,0.0,2.7544940234058324e7,0.0,9549.919998490093,5492686,11336278,5.801229025901916e7,954.9919998490102,0.008618625,0.4327615,0.092342792,1.37284675,2.127907416,0.566551209
tyndp/p2x_10_24_chronological_dirac_0.01_economic,570629,10,24,chronological,dirac,economic,0.01,9.717935335138237e6,3.7929445745789246e6,170252.84540288424,22.27830357609206,1.1242252340536343,10,1.0,1.0,0.0,0.0,0.1,0,0,0,0,OPTIMAL,2.4066564396329626e7,0.0,2.2609691436329845e7,0.0,0.0,202712,415081,OPTIMAL,2.857284977922598e7,0.0,2.8555265687803946e7,0.0,17584.091425233837,5492686,11336278,4.7374866633114465e7,1758.4091425233837,0.008685333,0.442408042,1.667e-6,1.309091167,1.268649417,0.566551209
tyndp/p2x_10_24_chronological_convex_0.01_economic,570629,10,24,chronological,convex,economic,0.01,7.280617758476818e6,3.7929445745789246e6,170252.84540288424,22.27830357609206,1.1242252340536343,10,1.0,1.0000000000000002,0.0,0.0,0.42191780821917807,182391,849,0,0,OPTIMAL,2.3344113652928676e7,0.0,2.20208522644885e7,0.0,3.1398871271686503e-8,202712,415081,OPTIMAL,2.7479227565746184e7,0.0,2.7465136067778863e7,0.0,14091.497970338052,5492686,11336278,4.980978059929241e7,1409.1497970338091,0.008699459,0.428203625,0.269508875,2.419974708,2.145370583,0.566551209
tyndp/p2x_10_24_chronological_conical_0.01_economic,570629,10,24,chronological,conical,economic,0.01,6.800663343570694e6,3.7929445745789246e6,170252.84540288424,22.27830357609206,1.1242252340536343,10,1.0124076564254392,1.2933402692614129,0.5698630136986301,0.40273972602739727,0.4208219178082192,187046,836,0,0,OPTIMAL,2.294027157238395e7,0.0,2.14714850135136e7,0.0,-9.30112655272119e-9,202712,415081,OPTIMAL,2.7890819069177113e7,0.0,2.7882248829180166e7,0.0,8570.240000163858,5492686,11336278,5.255712660131119e7,857.0240000163856,0.008694542,0.454925166,0.068047625,1.290148708,2.149267875,0.566551209
tyndp/p2x_10_24_chronological_conical_bounded_0.01_economic,570629,10,24,chronological,conical_bounded,economic,0.01,7.064941865239837e6,3.7929445745789246e6,170252.84540288424,22.27830357609206,1.1242252340536343,10,0.9580083955508035,1.0,0.0,0.4410958904109589,0.4128767123287671,181872,872,0,0,OPTIMAL,2.0788257201383643e7,0.0,1.9585937373794943e7,0.0,8.163650624174438e-9,202712,415081,OPTIMAL,2.7565014456926595e7,0.0,2.755488295635165e7,0.0,10131.500577799838,5492686,11336278,4.066740148858485e7,1013.1500577799839,0.008650542,0.444970834,0.102149042,1.362546,2.087599083,0.566551209
tyndp/p2x_10_24_convex_hull_dirac_0.01_economic,570629,10,24,convex_hull,dirac,economic,0.01,9.61237041988438e6,3.929875912261627e6,212290.88530548676,18.511750547398833,1.2165466398463007,10,1.0,1.0,0.0,0.0,0.1,0,0,956,2284,OPTIMAL,4.436103188771838e7,0.0,4.236271220771813e7,0.0,0.0,202712,415081,OPTIMAL,2.8753389080524214e7,0.0,2.7689490374074493e7,0.0,1.0638987064531217e6,5492686,11336278,6.020177577501723e7,106389.87064531216,0.008693083,1.781403,1.125e-6,1.233877125,1.59306375,0.566551209
tyndp/p2x_10_24_convex_hull_convex_0.01_economic,570629,10,24,convex_hull,convex,economic,0.01,6.136420537725473e6,3.929875912261627e6,212290.88530548676,18.511750547398833,1.2165466398463007,10,1.0,1.0000000000000002,0.0,0.0,0.503013698630137,126025,650,956,2284,OPTIMAL,6.217569824922854e7,0.0,6.068030884086587e7,0.0,3.7872348439298625e-8,202712,415081,OPTIMAL,2.7229303899987902e7,0.0,2.7215170779991563e7,0.0,14133.119999552931,5492686,11336278,5.420537727920454e7,1413.31199995529,0.008639042,0.723399084,0.071266084,1.396587083,2.149075208,0.566551209
tyndp/p2x_10_24_convex_hull_conical_0.01_economic,570629,10,24,convex_hull,conical,economic,0.01,5.951113853215135e6,3.929875912261627e6,212290.88530548676,18.511750547398833,1.2165466398463007,10,0.9804465388919459,1.2297366124663764,0.4191780821917808,0.5534246575342465,0.4926027397260274,133382,679,956,2284,OPTIMAL,5.8927820673791185e7,0.0,5.7522954438471444e7,0.0,-1.7434242799853576e-8,202712,415081,OPTIMAL,2.7323680839115005e7,0.0,2.7313223339555025e7,0.0,10457.499563253208,5492686,11336278,6.137829289055706e7,1045.7499563253114,0.008939334,2.008874208,0.038407125,1.304934917,2.251461083,0.566551209
tyndp/p2x_10_24_convex_hull_conical_bounded_0.01_economic,570629,10,24,convex_hull,conical_bounded,economic,0.01,6.009878311298151e6,3.929875912261627e6,212290.88530548676,18.511750547398833,1.2165466398463007,10,0.9549425998210911,1.0000000000000002,0.0,0.6383561643835617,0.48712328767123286,127952,632,956,2284,OPTIMAL,5.478531416973204e7,0.0,5.343362293645647e7,0.0,3.610067655300756e-8,202712,415081,OPTIMAL,2.7286710905590806e7,0.0,2.727565138559431e7,0.0,11059.519999753173,5492686,11336278,6.975924420737219e7,1105.9519999753252,0.008647208,0.735581291,0.078043125,1.318251708,2.317009375,0.566551209
tyndp/p2x_10_24_convex_hull_with_null_dirac_0.01_economic,570629,10,24,convex_hull_with_null,dirac,economic,0.01,9.88713025339786e6,4.086957327555867e6,181705.4253901496,22.492214081007972,1.21954526910791,10,1.0,1.0,0.0,0.0,0.1,0,0,1019,2586,OPTIMAL,3.791138900985201e7,0.0,3.671029844985202e7,0.0,0.0,202712,415081,OPTIMAL,2.8434679808265574e7,0.0,2.800986589135277e7,0.0,424813.9169161792,5492686,11336278,6.066046938272364e7,42481.39169161789,0.008675792,1.86913825,1.084e-6,1.40732475,1.689705292,0.566551209
tyndp/p2x_10_24_convex_hull_with_null_convex_0.01_economic,570629,10,24,convex_hull_with_null,convex,economic,0.01,6.492315725041529e6,4.086957327555867e6,181705.4253901496,22.492214081007972,1.21954526910791,10,1.0,1.0000000000000002,0.0,0.0,0.506027397260274,136267,643,1019,2586,OPTIMAL,8.058828312421176e7,0.0,7.954180322659788e7,0.0,7.362195968364448e-8,202712,415081,OPTIMAL,2.7289644880857084e7,0.0,2.7277625200860783e7,0.0,12019.679999661494,5492686,11336278,6.0203901002250396e7,1201.9679999661523,0.008700458,1.91316225,0.06621125,1.306857042,2.341488,0.566551209
tyndp/p2x_10_24_convex_hull_with_null_conical_0.01_economic,570629,10,24,convex_hull_with_null,conical,economic,0.01,6.00901447859274e6,4.086957327555867e6,181705.4253901496,22.492214081007972,1.21954526910791,10,0.9355883958612037,1.1650429418264858,0.2547945205479452,0.7178082191780822,0.486027397260274,139106,769,1019,2586,OPTIMAL,6.112502532744222e7,0.0,6.0406494401490964e7,0.0,0.0,202712,415081,OPTIMAL,2.7928507304932192e7,0.0,2.792221050493618e7,0.0,6296.799999725157,5492686,11336278,8.386326838646007e7,629.6799999725157,0.00874125,0.803036292,0.053111083,1.296242625,2.432547667,0.566551209
tyndp/p2x_10_24_convex_hull_with_null_conical_bounded_0.01_economic,570629,10,24,convex_hull_with_null,conical_bounded,economic,0.01,6.046295956617219e6,4.086957327555867e6,181705.4253901496,22.492214081007972,1.21954526910791,10,0.9240263846624637,1.0,0.0,0.7534246575342466,0.4794520547945205,138787,721,1019,2586,OPTIMAL,5.803837697838657e7,0.0,5.732766421338572e7,0.0,-7.009905045466809e-9,202712,415081,OPTIMAL,2.7514456889848847e7,0.0,2.750651992985197e7,0.0,7936.960000344725,5492686,11336278,6.726527453581601e7,793.6960000344707,0.008701834,1.80330075,0.246264708,1.296264542,2.240651458,0.566551209
tyndp/p2x_10_24_conical_hull_dirac_0.01_economic,570629,10,24,conical_hull,dirac,economic,0.01,9.513621279761648e6,3.405442331915726e6,185169.49229982545,18.390947070274688,1.2475198230575375,10,1.0,1.0,0.0,0.0,0.1,0,0,1084,2156,OPTIMAL,3.2288887920511197e7,0.0,3.1470683760511287e7,0.0,0.0,202712,415081,OPTIMAL,2.8434047032728635e7,0.0,2.8268512169522334e7,0.0,165534.86320927544,5492686,11336278,7.12574078874547e7,16553.48632092753,0.008685083,0.583276583,1.083e-6,1.241128042,1.604214083,0.566551209
tyndp/p2x_10_24_conical_hull_convex_0.01_economic,570629,10,24,conical_hull,convex,economic,0.01,6.640104691077492e6,3.405442331915726e6,185169.49229982545,18.390947070274688,1.2475198230575375,10,1.0,1.0000000000000002,0.0,0.0,0.4334246575342466,103558,629,1084,2156,OPTIMAL,5.823188132627865e7,0.0,5.750484540793783e7,0.0,2.077113153530601e-8,202712,415081,OPTIMAL,2.7348098982952233e7,0.0,2.732878405015292e7,0.0,19314.93280218805,5492686,11336278,4.979902562313035e7,1931.4932802188036,0.008644583,0.628800958,0.066555708,1.279193583,2.429791667,0.566551209
tyndp/p2x_10_24_conical_hull_conical_0.01_economic,570629,10,24,conical_hull,conical,economic,0.01,6.141571748175553e6,3.405442331915726e6,185169.49229982545,18.390947070274688,1.2475198230575375,10,1.0894067910402627,1.3091107811742715,0.8301369863013699,0.14246575342465753,0.47643835616438357,115272,645,1084,2156,OPTIMAL,7.004626382615039e7,0.0,6.92220155946054e7,0.0,2.3308368692664817e-8,202712,415081,OPTIMAL,2.7401302794478618e7,0.0,2.7187803867887534e7,0.0,213498.92659416693,5492686,11336278,4.1728162115615286e7,21349.892659416684,0.008613584,1.55126175,0.031475042,1.438324167,2.211323083,0.566551209
tyndp/p2x_10_24_conical_hull_conical_bounded_0.01_economic,570629,10,24,conical_hull,conical_bounded,economic,0.01,6.628831325257923e6,3.405442331915726e6,185169.49229982545,18.390947070274688,1.2475198230575375,10,0.9909037165110784,1.0,0.0,0.2821917808219178,0.4334246575342466,103707,644,1084,2156,OPTIMAL,5.736597446960156e7,0.0,5.665276825852459e7,0.0,2.7019667581940013e-8,202712,415081,OPTIMAL,2.734777836277421e7,0.0,2.7328110365437612e7,0.0,19667.997339507136,5492686,11336278,5.2136555310043e7,1966.7997339507087,0.008621666,1.656403917,0.240322875,1.28999025,2.288832417,0.566551209
tyndp/p2x_20_24_k_means_dirac_0.01_economic,570629,20,24,k_means,dirac,economic,0.01,6.229285072088482e6,5.504826074433332e6,41859.866645059,131.50605856225545,1.097961983987763,20,1.0,1.0,0.0,0.0,0.05,0,0,0,0,OPTIMAL,1.7190026884967357e7,0.0,1.681388349012041e7,0.0,3.014325297304562e-10,353912,727091,OPTIMAL,2.756610035417428e7,0.0,2.7224441235991944e7,0.0,341659.11818548565,5492686,11336278,4.513431949712016e7,34165.91181854855,0.008633917,0.454237042,1.958e-6,1.707758208,4.279192792,0.566551209
tyndp/p2x_20_24_k_means_convex_0.01_economic,570629,20,24,k_means,convex,economic,0.01,5.655675018502672e6,5.504826074433332e6,41859.866645059,131.50605856225545,1.097961983987763,20,1.0,1.0000000000000002,0.0,0.0,0.1736986301369863,303370,2488,0,0,OPTIMAL,1.8806366627665054e7,0.0,1.842660509671207e7,0.0,0.0,353912,727091,OPTIMAL,2.7492539979982235e7,0.0,2.7483327819983087e7,0.0,9212.160002165801,5492686,11336278,7.182103323657554e7,921.2160002165804,0.008664875,0.462615875,0.235862916,1.950653042,7.590288209,0.566551209
tyndp/p2x_20_24_k_means_conical_0.01_economic,570629,20,24,k_means,conical,economic,0.01,5.4796335851113545e6,5.504826074433332e6,41859.866645059,131.50605856225545,1.097961983987763,20,1.0136519796686936,1.1900635389709602,0.6082191780821918,0.3917808219178082,0.173013698630137,328902,2997,0,0,OPTIMAL,1.853829004328156e7,0.0,1.817952594909285e7,0.0,-3.4293040193985907e-9,353912,727091,OPTIMAL,2.8756240908882283e7,0.0,2.715659110360339e7,0.0,1.5996498052820717e6,5492686,11336278,5.3790876345020436e7,159964.9805282074,0.008622291,0.450341958,0.309711959,2.765654458,4.675379083,0.566551209
tyndp/p2x_20_24_k_means_conical_bounded_0.01_economic,570629,20,24,k_means,conical_bounded,economic,0.01,5.604324847312941e6,5.504826074433332e6,41859.866645059,131.50605856225545,1.097961983987763,20,0.9772765931347187,1.0000000000000002,0.0,0.473972602739726,0.1710958904109589,312597,2485,0,0,OPTIMAL,1.700333373051591e7,0.0,1.6694143498359973e7,0.0,-4.014780617790972e-9,353912,727091,OPTIMAL,2.708648210165376e7,0.0,2.7071250101655804e7,0.0,15232.00000109153,5492686,11336278,4.291726960166564e7,1523.2000001091535,0.00902825,0.496682333,1.323887208,1.812806084,3.714113709,0.566551209
tyndp/p2x_20_24_k_medoids_dirac_0.01_economic,570629,20,24,k_medoids,dirac,economic,0.01,7.640185776174241e6,5.484930994302542e6,117369.95772312778,46.73198406734822,1.1620509893477209,20,1.0,1.0,0.0,0.0,0.05,0,0,0,0,OPTIMAL,2.3556556616955135e7,0.0,2.201941229695499e7,0.0,0.0,353912,727091,OPTIMAL,2.769648854131486e7,0.0,2.752083568437132e7,0.0,175652.85694702517,5492686,11336278,4.059427605531314e7,17565.285694702525,0.008833083,0.469536084,1.875e-6,2.585820208,3.607757292,0.566551209
tyndp/p2x_20_24_k_medoids_convex_0.01_economic,570629,20,24,k_medoids,convex,economic,0.01,5.825779834806418e6,5.484930994302542e6,117369.95772312778,46.73198406734822,1.1620509893477209,20,1.0,1.0000000000000002,0.0,0.0,0.26465753424657534,283532,1334,0,0,OPTIMAL,2.5277867343354516e7,0.0,2.459820348601879e7,0.0,7.522215832929184e-9,353912,727091,OPTIMAL,2.7091515652572762e7,0.0,2.7076347946497157e7,0.0,15167.70607873976,5492686,11336278,4.143565430932716e7,1516.7706078739745,0.008640917,0.439417708,1.12388,1.888175583,4.37742925,0.566551209
tyndp/p2x_20_24_k_medoids_conical_0.01_economic,570629,20,24,k_medoids,conical,economic,0.01,5.600224652869316e6,5.484930994302542e6,117369.95772312778,46.73198406734822,1.1620509893477209,20,1.0038463055440463,1.25595073426297,0.5123287671232877,0.4328767123287671,0.26794520547945205,300028,1367,0,0,OPTIMAL,2.5866547858818732e7,0.0,2.5310062277237166e7,0.0,-3.603697006688141e-8,353912,727091,OPTIMAL,2.7335259282038957e7,0.0,2.7276344443968665e7,0.0,58914.83807339751,5492686,11336278,4.54400435339814e7,5891.483807339796,0.008717417,0.498484875,0.12927075,1.874014042,4.881574041,0.566551209
tyndp/p2x_20_24_k_medoids_conical_bounded_0.01_economic,570629,20,24,k_medoids,conical_bounded,economic,0.01,5.732192615017677e6,5.484930994302542e6,117369.95772312778,46.73198406734822,1.1620509893477209,20,0.9672582222324255,1.0000000000000002,0.0,0.5232876712328767,0.2606849315068493,285930,1324,0,0,OPTIMAL,2.367547229663722e7,0.0,2.32550940335265e7,0.0,-8.71624217156845e-9,353912,727091,OPTIMAL,2.7193467096734125e7,0.0,2.7185202541414004e7,0.0,8264.555323270688,5492686,11336278,3.902181036323841e7,826.4555323270682,0.008623791,0.445485083,0.264034458,1.760758125,4.650746708,0.566551209
tyndp/p2x_20_24_hierarchical_dirac_0.01_economic,570629,20,24,hierarchical,dirac,economic,0.01,7.82063023141736e6,5.488136906766043e6,111929.88919742436,49.03191583693921,1.143857486055434,20,1.0,1.0,0.0,0.0,0.05,0,0,0,0,OPTIMAL,3.1808447105745297e7,0.0,3.135856758574509e7,0.0,0.0,353912,727091,OPTIMAL,2.8205257581920348e7,0.0,2.7414769785761002e7,0.0,790487.7961624358,5492686,11336278,3.598228858364779e7,79048.77961624366,0.008641041,0.399375333,1.916e-6,1.774137542,3.540684583,0.566551209
tyndp/p2x_20_24_hierarchical_convex_0.01_economic,570629,20,24,hierarchical,convex,economic,0.01,5.792075818425055e6,5.488136906766043e6,111929.88919742436,49.03191583693921,1.143857486055434,20,1.0,1.0000000000000002,0.0,0.0,0.2583561643835616,274312,1392,0,0,OPTIMAL,3.7285891618053675e7,0.0,3.71971451367606e7,0.0,0.0,353912,727091,OPTIMAL,2.7379510628344867e7,0.0,2.7372114948346447e7,0.0,7395.680001502886,5492686,11336278,7.461916551827739e7,739.5680001502885,0.008656667,0.436408208,1.133669333,1.975138208,6.084182708,0.566551209
tyndp/p2x_20_24_hierarchical_conical_0.01_economic,570629,20,24,hierarchical,conical,economic,0.01,5.586997005574276e6,5.488136906766043e6,111929.88919742436,49.03191583693921,1.143857486055434,20,1.017617503292917,1.2409805086942345,0.5616438356164384,0.3835616438356164,0.2691780821917808,294676,1398,0,0,OPTIMAL,3.805785129145623e7,0.0,3.7970174514869615e7,0.0,-3.3800651651656083e-10,353912,727091,OPTIMAL,2.716449768890941e7,0.0,2.706912914382818e7,0.0,95368.54508435815,5492686,11336278,4.462102985298751e7,9536.854508435807,0.008658916,0.43498375,0.147483208,1.757317666,4.514348584,0.566551209
tyndp/p2x_20_24_hierarchical_conical_bounded_0.01_economic,570629,20,24,hierarchical,conical_bounded,economic,0.01,5.734399990256139e6,5.488136906766043e6,111929.88919742436,49.03191583693921,1.143857486055434,20,0.9747846222616013,1.0000000000000002,0.0,0.4986301369863014,0.2556164383561644,280211,1411,0,0,OPTIMAL,3.2628641441377725e7,0.0,3.254370547279194e7,0.0,-2.6960077340381987e-9,353912,727091,OPTIMAL,2.7064608479021758e7,0.0,2.704231516491042e7,0.0,22293.31411458786,5492686,11336278,3.933234234483387e7,2229.331411458784,0.008625708,0.4371465,0.226457584,1.740719834,3.888318334,0.566551209
tyndp/p2x_20_24_chronological_dirac_0.01_economic,570629,20,24,chronological,dirac,economic,0.01,9.195277825264065e6,5.491456903061937e6,113597.96478191845,48.34115570295868,1.1310946154968364,20,1.0,1.0,0.0,0.0,0.05,0,0,0,0,OPTIMAL,2.0862996744230095e7,0.0,2.0134473224230163e7,0.0,0.0,353912,727091,OPTIMAL,2.949581086429965e7,0.0,2.8323622837040093e7,0.0,1.1721880272626795e6,5492686,11336278,4.781988203995877e7,117218.80272626826,0.008718167,0.482872,1.75e-6,2.596993625,2.873412417,0.566551209
tyndp/p2x_20_24_chronological_convex_0.01_economic,570629,20,24,chronological,convex,economic,0.01,6.349289259126955e6,5.491456903061937e6,113597.96478191845,48.34115570295868,1.1310946154968364,20,1.0,1.0000000000000002,0.0,0.0,0.25315068493150683,297004,1386,0,0,OPTIMAL,2.1971428214594107e7,0.0,2.1184455195861407e7,0.0,-6.368898765644745e-9,353912,727091,OPTIMAL,2.726791940170657e7,0.0,2.725481444170896e7,0.0,13104.960000457851,5492686,11336278,4.1940485447827056e7,1310.4960000457854,0.008736833,0.430620042,0.259594833,1.741149792,5.982478792,0.566551209
tyndp/p2x_20_24_chronological_conical_0.01_economic,570629,20,24,chronological,conical,economic,0.01,6.07183172914654e6,5.491456903061937e6,113597.96478191845,48.34115570295868,1.1310946154968364,20,1.009953852547507,1.268694266730146,0.547945205479452,0.3972602739726027,0.26109589041095893,315504,1457,0,0,OPTIMAL,2.1870101649054885e7,0.0,2.125600074605985e7,0.0,-7.93280088997759e-10,353912,727091,OPTIMAL,2.7475742557258703e7,0.0,2.7434232453477994e7,0.0,41510.10378390522,5492686,11336278,4.531462192566991e7,4151.010378390516,0.008712083,0.440330416,0.966412708,1.95497475,5.94850625,0.566551209
tyndp/p2x_20_24_chronological_conical_bounded_0.01_economic,570629,20,24,chronological,conical_bounded,economic,0.01,6.262005488337523e6,5.491456903061937e6,113597.96478191845,48.34115570295868,1.1310946154968364,20,0.9658480308162144,1.0000000000000002,0.0,0.5232876712328767,0.25287671232876713,304971,1493,0,0,OPTIMAL,2.0482970680703916e7,0.0,1.9974205060411494e7,0.0,0.0,353912,727091,OPTIMAL,2.7599252705867425e7,0.0,2.7589624431447085e7,0.0,9628.27442341483,5492686,11336278,5.9088226077595994e7,962.8274423414832,0.008700792,0.461505708,1.185859959,1.974472708,7.894538292,0.566551209
tyndp/p2x_20_24_convex_hull_dirac_0.01_economic,570629,20,24,convex_hull,dirac,economic,0.01,8.700267979882846e6,5.554181012518021e6,144369.69650020686,38.47193107114458,1.1980728057100722,20,1.0,1.0,0.0,0.0,0.05,0,0,3268,3477,OPTIMAL,3.2703982701732583e7,0.0,3.1136212141732637e7,0.0,-2.9623541714889663e-10,353912,727091,OPTIMAL,2.8094713928984266e7,0.0,2.7489223801631138e7,0.0,605490.1273563736,5492686,11336278,4.686672665308531e7,60549.012735637385,0.00866475,1.211202666,1.334e-6,1.620769375,3.853338833,0.566551209
tyndp/p2x_20_24_convex_hull_convex_0.01_economic,570629,20,24,convex_hull,convex,economic,0.01,5.43787699824974e6,5.554181012518021e6,144369.69650020686,38.47193107114458,1.1980728057100722,20,1.0,1.0000000000000002,0.0,0.0,0.30246575342465754,224379,1344,3268,3477,OPTIMAL,4.342987755799501e7,0.0,4.2242850117196195e7,0.0,1.4528176697460701e-9,353912,727091,OPTIMAL,2.7002230484005466e7,0.0,2.6993556884008117e7,0.0,8673.600000444732,5492686,11336278,5.031193810769973e7,867.3600000444778,0.008545875,2.513531875,0.160604416,1.766714833,4.295570625,0.566551209
tyndp/p2x_20_24_convex_hull_conical_0.01_economic,570629,20,24,convex_hull,conical,economic,0.01,5.298423129438962e6,5.554181012518021e6,144369.69650020686,38.47193107114458,1.1980728057100722,20,0.9914973693016499,1.2024814749165897,0.4328767123287671,0.5123287671232877,0.3036986301369863,241901,1179,3268,3477,OPTIMAL,4.4199863081481e7,0.0,4.3044286367260225e7,0.0,3.935380463688047e-8,353912,727091,OPTIMAL,2.7170055413154848e7,0.0,2.712818071038227e7,0.0,41874.702775787075,5492686,11336278,5.580540555500678e7,4187.47027757871,0.008599375,1.217715042,0.108179834,1.87694775,4.918089833,0.566551209
tyndp/p2x_20_24_convex_hull_conical_bounded_0.01_economic,570629,20,24,convex_hull,conical_bounded,economic,0.01,5.369423983431484e6,5.554181012518021e6,144369.69650020686,38.47193107114458,1.1980728057100722,20,0.964948184791118,1.0000000000000002,0.0,0.6438356164383562,0.296027397260274,232080,1155,3268,3477,OPTIMAL,4.064293103664196e7,0.0,3.954241843368387e7,0.0,1.8073293422680684e-9,353912,727091,OPTIMAL,2.7090624752444014e7,0.0,2.7083158832448304e7,0.0,7465.919998829411,5492686,11336278,5.5529984905784175e7,746.5919998829426,0.0086895,1.166028333,0.230340125,1.784532,4.463251333,0.566551209
tyndp/p2x_20_24_convex_hull_with_null_dirac_0.01_economic,570629,20,24,convex_hull_with_null,dirac,economic,0.01,8.724293768593412e6,5.658049328187443e6,140360.77476396316,40.31075874083958,1.2023853431038878,20,1.0,1.0,0.0,0.0,0.05,0,0,3349,3761,OPTIMAL,2.7639287971271344e7,0.0,2.6305412771271218e7,0.0,0.0,353912,727091,OPTIMAL,2.81103679572421e7,0.0,2.759071392049656e7,0.0,519654.0367490697,5492686,11336278,4.646526162123781e7,51965.40367490694,0.008690041,2.592324917,1.334e-6,1.702677333,4.254348542,0.566551209
tyndp/p2x_20_24_convex_hull_with_null_convex_0.01_economic,570629,20,24,convex_hull_with_null,convex,economic,0.01,5.44701598961557e6,5.658049328187443e6,140360.77476396316,40.31075874083958,1.2023853431038878,20,1.0,1.0000000000000002,0.0,0.0,0.3034246575342466,233966,1111,3349,3761,OPTIMAL,4.490329038679387e7,0.0,4.3733574807205126e7,0.0,3.436761453808505e-8,353912,727091,OPTIMAL,2.7092614699283466e7,0.0,2.7083902539286923e7,0.0,8712.159999667017,5492686,11336278,4.5814595365938455e7,871.2159999666978,0.008716583,2.346019709,0.353984667,1.721346166,4.359200667,0.566551209
tyndp/p2x_20_24_convex_hull_with_null_conical_0.01_economic,570629,20,24,convex_hull_with_null,conical,economic,0.01,5.188206369679722e6,5.658049328187443e6,140360.77476396316,40.31075874083958,1.2023853431038878,20,0.9618898114085183,1.1543156656398463,0.32602739726027397,0.6191780821917808,0.29863013698630136,243494,1173,3349,3761,OPTIMAL,4.203493240991513e7,0.0,4.11236011373495e7,0.0,0.0,353912,727091,OPTIMAL,2.7719507993120745e7,0.0,2.7693446866520744e7,0.0,26061.126603346216,5492686,11336278,7.977149864884633e7,2606.1126603346215,0.00879975,2.465019083,0.094130375,1.756153375,5.704941709,0.566551209
tyndp/p2x_20_24_convex_hull_with_null_conical_bounded_0.01_economic,570629,20,24,convex_hull_with_null,conical_bounded,economic,0.01,5.239090042763559e6,5.658049328187443e6,140360.77476396316,40.31075874083958,1.2023853431038878,20,0.946351545980548,1.0000000000000002,0.0,0.7068493150684931,0.29315068493150687,235853,1111,3349,3761,OPTIMAL,3.942736184586338e7,0.0,3.853472101102846e7,0.0,2.0151175599405127e-8,353912,727091,OPTIMAL,2.726123064824023e7,0.0,2.7252518488243606e7,0.0,8712.160000044927,5492686,11336278,4.596424328538689e7,871.2160000044935,0.008635042,2.536988166,0.190835,1.773775084,4.308879083,0.566551209
tyndp/p2x_20_24_conical_hull_dirac_0.01_economic,570629,20,24,conical_hull,dirac,economic,0.01,8.874367118180826e6,4.868128611510625e6,144915.0832405984,33.592973917202315,1.2331546783419174,20,1.0,1.0,0.0,0.0,0.05,0,0,3281,3464,OPTIMAL,2.810079156041414e7,0.0,2.7560877320414007e7,0.0,0.0,353912,727091,OPTIMAL,2.843354477341198e7,0.0,2.7745406058136027e7,0.0,688138.715278999,5492686,11336278,4.6632078280056134e7,68813.87152789994,0.008858875,0.761354,1.334e-6,1.733982709,3.584773916,0.566551209
tyndp/p2x_20_24_conical_hull_convex_0.01_economic,570629,20,24,conical_hull,convex,economic,0.01,5.928810038169673e6,4.868128611510625e6,144915.0832405984,33.592973917202315,1.2331546783419174,20,1.0,1.0000000000000002,0.0,0.0,0.2856164383561644,203055,1030,3281,3464,OPTIMAL,4.147788087056796e7,0.0,4.113102369256575e7,0.0,-1.1482302168304605e-8,353912,727091,OPTIMAL,2.7056292093744703e7,0.0,2.7032266333748404e7,0.0,24025.75999942376,5492686,11336278,4.839354120182167e7,2402.5759999423763,0.008617584,2.061400333,0.174396917,1.775689541,4.209614291,0.566551209
tyndp/p2x_20_24_conical_hull_conical_0.01_economic,570629,20,24,conical_hull,conical,economic,0.01,5.460783153549963e6,4.868128611510625e6,144915.0832405984,33.592973917202315,1.2331546783419174,20,1.088935196345915,1.3526287382315314,0.8191780821917808,0.12602739726027398,0.3117808219178082,223805,1087,3281,3464,OPTIMAL,5.180331552007615e7,0.0,5.1415677040215515e7,0.0,1.5430491917756047e-9,353912,727091,OPTIMAL,2.7318960232373297e7,0.0,2.6939568983339936e7,0.0,379391.24903624965,5492686,11336278,2.8792173453124512e7,37939.12490362498,0.008620667,0.751042666,0.094114042,1.814366917,5.202307667,0.566551209
tyndp/p2x_20_24_conical_hull_conical_bounded_0.01_economic,570629,20,24,conical_hull,conical_bounded,economic,0.01,5.9259372369801365e6,4.868128611510625e6,144915.0832405984,33.592973917202315,1.2331546783419174,20,0.991657924483823,1.0000000000000002,0.0,0.36712328767123287,0.2843835616438356,202508,1031,3281,3464,OPTIMAL,4.083201203861697e7,0.0,4.0486705241273515e7,0.0,1.1486917770877438e-8,353912,727091,OPTIMAL,2.704370638089576e7,0.0,2.701968062089856e7,0.0,24025.76000010511,5492686,11336278,4.807926820707779e7,2402.5760000105147,0.008582209,0.771086334,0.179255917,1.880534625,5.22280425,0.566551209
tyndp/p2x_40_24_k_means_dirac_0.01_economic,570629,40,24,k_means,dirac,economic,0.01,5.659419019868389e6,7.746770835781607e6,28055.347832384345,276.12456926445566,1.1116782851710991,40,1.0,1.0,0.0,0.0,0.025,0,0,0,0,OPTIMAL,1.800456124639275e7,0.0,1.7700635630339358e7,0.0,0.0,656312,1351111,OPTIMAL,2.7755633019162834e7,0.0,2.705073343613922e7,0.0,704899.5830267209,5492686,11336278,3.416273281589739e7,70489.95830267218,0.008660542,0.48545175,1.625e-6,3.796089625,9.303530917,0.566551209
tyndp/p2x_40_24_k_means_convex_0.01_economic,570629,40,24,k_means,convex,economic,0.01,5.051227869267984e6,7.746770835781607e6,28055.347832384345,276.12456926445566,1.1116782851710991,40,1.0,1.0000000000000002,0.0,0.0,0.10184931506849315,568707,100000,0,0,OPTIMAL,1.9362217679520972e7,0.0,1.902581753606047e7,0.0,4.423761850763791e-9,656312,1351111,OPTIMAL,2.68042848669332e7,0.0,2.6786096706936006e7,0.0,18188.160000329277,5492686,11336278,3.7429001467935614e7,1818.8160000329256,0.008634666,0.476688458,0.945652667,4.020464666,10.276249083,0.566551209
tyndp/p2x_40_24_k_means_conical_0.01_economic,570629,40,24,k_means,conical,economic,0.01,4.894488708034827e6,7.746770835781607e6,28055.347832384345,276.12456926445566,1.1116782851710991,40,1.0154010771600712,1.1839177198861424,0.6246575342465753,0.3698630136986301,0.10493150684931507,516401,4272,0,0,OPTIMAL,1.984537743909472e7,0.0,1.951385517339577e7,0.0,2.560852422324227e-8,656312,1351111,OPTIMAL,2.7564660246246554e7,0.0,2.6857106282732975e7,0.0,707553.963516691,5492686,11336278,4.2241091626218386e7,70755.3963516692,0.008670625,0.447680375,0.482485875,4.018344333,10.686308292,0.566551209
tyndp/p2x_40_24_k_means_conical_bounded_0.01_economic,570629,40,24,k_means,conical_bounded,economic,0.01,5.012794613178368e6,7.746770835781607e6,28055.347832384345,276.12456926445566,1.1116782851710991,40,0.9802434374103387,1.0000000000000002,0.0,0.5178082191780822,0.1010958904109589,477108,3187,0,0,OPTIMAL,1.8020891511534113e7,0.0,1.773053765253741e7,0.0,1.8349017220169957e-9,656312,1351111,OPTIMAL,2.6858480945356533e7,0.0,2.6841251717949226e7,0.0,17229.22741035065,5492686,11336278,3.696731379805349e7,1722.9227410350657,0.008596291,0.508718708,0.74926225,2.747633958,9.12517275,0.566551209
tyndp/p2x_40_24_k_medoids_dirac_0.01_economic,570629,40,24,k_medoids,dirac,economic,0.01,6.998435173551312e6,7.740706706666773e6,76543.9323752199,101.12763306595842,1.1592106815823813,40,1.0,1.0,0.0,0.0,0.025,0,0,0,0,OPTIMAL,2.908374132419532e7,0.0,2.8167283084195327e7,0.0,0.0,656312,1351111,OPTIMAL,2.7647720252239786e7,0.0,2.761249508345747e7,0.0,35225.16878546623,5492686,11336278,6.3673861913255334e7,3522.5168785466167,0.009084833,0.430063542,1.792e-6,3.744791166,10.706745084,0.566551209
tyndp/p2x_40_24_k_medoids_convex_0.01_economic,570629,40,24,k_medoids,convex,economic,0.01,5.082113371561692e6,7.740706706666773e6,76543.9323752199,101.12763306595842,1.1592106815823813,40,1.0,1.0000000000000002,0.0,0.0,0.15397260273972602,437733,2123,0,0,OPTIMAL,3.222160591962442e7,0.0,3.1999754895635817e7,0.0,-6.692258958167554e-9,656312,1351111,OPTIMAL,2.6824330590641595e7,0.0,2.6799877790647715e7,0.0,24452.79999693761,5492686,11336278,4.629464996329721e7,2445.2799996937597,0.008707958,0.426426041,1.89603725,2.872988209,10.802429,0.566551209
tyndp/p2x_40_24_k_medoids_conical_0.01_economic,570629,40,24,k_medoids,conical,economic,0.01,4.920637728816625e6,7.740706706666773e6,76543.9323752199,101.12763306595842,1.1592106815823813,40,1.008031131635194,1.205202973836935,0.5041095890410959,0.3863013698630137,0.15684931506849314,452064,2164,0,0,OPTIMAL,3.1533677487486284e7,0.0,3.1331644581348512e7,0.0,-5.788545880225442e-10,656312,1351111,OPTIMAL,2.6840457642854504e7,0.0,2.682506705341923e7,0.0,15390.589438567618,5492686,11336278,4.115913804734287e7,1539.0589438567617,0.00877375,0.459118458,0.416884125,3.9751605,9.109188875,0.566551209
tyndp/p2x_40_24_k_medoids_conical_bounded_0.01_economic,570629,40,24,k_medoids,conical_bounded,economic,0.01,5.033621467875922e6,7.740706706666773e6,76543.9323752199,101.12763306595842,1.1592106815823813,40,0.9754474205339502,1.0000000000000002,0.0,0.6219178082191781,0.15082191780821919,439437,2195,0,0,OPTIMAL,2.894368091706267e7,0.0,2.8776777463851873e7,0.0,-8.68918876163356e-9,656312,1351111,OPTIMAL,2.6843756832227137e7,0.0,2.682418439520147e7,0.0,19572.43702871742,5492686,11336278,3.886419922481218e7,1957.2437028717493,0.008666125,0.423442208,1.920442292,2.815726208,9.51333475,0.566551209
tyndp/p2x_40_24_hierarchical_dirac_0.01_economic,570629,40,24,hierarchical,dirac,economic,0.01,7.112968854585597e6,7.649324535298489e6,77122.21051113495,99.18445652169261,1.146251951050199,40,1.0,1.0,0.0,0.0,0.025,0,0,0,0,OPTIMAL,3.000053611236597e7,0.0,2.935307019236573e7,0.0,0.0,656312,1351111,OPTIMAL,2.7471115725902416e7,0.0,2.7276236987215083e7,0.0,194878.73869063033,5492686,11336278,3.729810383886548e7,19487.873869063027,0.008684084,0.456139042,1.583e-6,3.947939167,9.10438025,0.566551209
tyndp/p2x_40_24_hierarchical_convex_0.01_economic,570629,40,24,hierarchical,convex,economic,0.01,5.150244676415041e6,7.649324535298489e6,77122.21051113495,99.18445652169261,1.146251951050199,40,1.0,1.0000000000000002,0.0,0.0,0.14876712328767122,415765,2270,0,0,OPTIMAL,3.12813444358992e7,0.0,3.094569648331161e7,0.0,7.726643938735005e-8,656312,1351111,OPTIMAL,2.6900262555012878e7,0.0,2.6882995995015167e7,0.0,17266.560000599107,5492686,11336278,3.9960914848879255e7,1726.656000059917,0.008640208,0.474242292,0.636609917,3.95682825,8.886425791,0.566551209
tyndp/p2x_40_24_hierarchical_conical_0.01_economic,570629,40,24,hierarchical,conical,economic,0.01,4.9754713974883985e6,7.649324535298489e6,77122.21051113495,99.18445652169261,1.146251951050199,40,1.0241331573537138,1.215699307578764,0.5808219178082191,0.3095890410958904,0.1560958904109589,444881,2176,0,0,OPTIMAL,3.315589349103522e7,0.0,3.2788630672812458e7,0.0,1.1264751995078486e-8,656312,1351111,OPTIMAL,2.6993399068112157e7,0.0,2.6932328341830682e7,0.0,61070.72628439306,5492686,11336278,4.540188140138204e7,6107.072628439325,0.008837833,0.539130125,0.417866791,3.926207209,8.598131209,0.566551209
tyndp/p2x_40_24_hierarchical_conical_bounded_0.01_economic,570629,40,24,hierarchical,conical_bounded,economic,0.01,5.122347754506262e6,7.649324535298489e6,77122.21051113495,99.18445652169261,1.146251951050199,40,0.9805908826204669,1.0000000000000002,0.0,0.5095890410958904,0.1473972602739726,416231,2244,0,0,OPTIMAL,2.912689570647556e7,0.0,2.8832779658767153e7,0.0,0.0,656312,1351111,OPTIMAL,2.7295383770573832e7,0.0,2.7278762330576714e7,0.0,16621.440000349634,5492686,11336278,7.442971170288548e7,1662.1440000349635,0.008660958,0.469569,0.648960084,3.770444542,15.37377825,0.566551209
tyndp/p2x_40_24_chronological_dirac_0.01_economic,570629,40,24,chronological,dirac,economic,0.01,8.92910641502578e6,7.721533274724049e6,70763.47914102615,109.11749066684,1.1545833188904806,40,1.0,1.0,0.0,0.0,0.025,0,0,0,0,OPTIMAL,2.4870254759237006e7,0.0,2.4648561959235303e7,0.0,0.0,656312,1351111,OPTIMAL,2.8443094180073276e7,0.0,2.8075165342283513e7,0.0,367928.8377930968,5492686,11336278,5.590694441630463e7,36792.88377930972,0.008716625,0.482953708,2.041e-6,3.821127709,4.947876458,0.566551209
tyndp/p2x_40_24_chronological_convex_0.01_economic,570629,40,24,chronological,convex,economic,0.01,5.383615367041088e6,7.721533274724049e6,70763.47914102615,109.11749066684,1.1545833188904806,40,1.0,1.0000000000000002,0.0,0.0,0.15287671232876712,454736,2218,0,0,OPTIMAL,2.6696362386165556e7,0.0,2.6250970460259963e7,0.0,0.0,656312,1351111,OPTIMAL,2.6901207767068863e7,0.0,2.687888982366004e7,0.0,22317.94341193189,5492686,11336278,3.752401875942625e7,2231.7943411931856,0.008625209,0.461710708,0.686669708,3.865053083,13.219835833,0.566551209
tyndp/p2x_40_24_chronological_conical_0.01_economic,570629,40,24,chronological,conical,economic,0.01,5.168739964745132e6,7.721533274724049e6,70763.47914102615,109.11749066684,1.1545833188904806,40,1.0140388451539046,1.2527985860410293,0.5123287671232877,0.3780821917808219,0.15595890410958904,476330,2516,0,0,OPTIMAL,2.6697646965671554e7,0.0,2.6363520387652174e7,0.0,0.0,656312,1351111,OPTIMAL,2.7322239091236245e7,0.0,2.717181388880809e7,0.0,150425.20243128552,5492686,11336278,6.070932369198586e7,15042.520243128552,0.008781167,0.448193334,1.655510209,2.822476166,16.371863333,0.566551209
tyndp/p2x_40_24_chronological_conical_bounded_0.01_economic,570629,40,24,chronological,conical_bounded,economic,0.01,5.336930427471115e6,7.721533274724049e6,70763.47914102615,109.11749066684,1.1545833188904806,40,0.9752883200064024,1.0000000000000002,0.0,0.5178082191780822,0.15123287671232877,464199,2248,0,0,OPTIMAL,2.4916468967386354e7,0.0,2.4619005226665374e7,0.0,0.0,656312,1351111,OPTIMAL,2.7206740129834365e7,0.0,2.7196080929837592e7,0.0,10659.199999937448,5492686,11336278,6.65975451218141e7,1065.9199999937448,0.009074,0.442018959,1.95500175,2.861294208,15.771422666,0.566551209
tyndp/p2x_40_24_convex_hull_dirac_0.01_economic,570629,40,24,convex_hull,dirac,economic,0.01,7.724485727329458e6,7.889845944255443e6,89885.0943531644,87.77702244218295,1.1904783664010676,40,1.0,1.0,0.0,0.0,0.025,0,0,8486,4969,OPTIMAL,3.035861726572464e7,0.0,2.977952366572453e7,0.0,0.0,656312,1351111,OPTIMAL,2.8081118966089327e7,0.0,2.7706731198172636e7,0.0,374387.76791996864,5492686,11336278,5.934850223865996e7,37438.77679199693,0.008652208,4.062931208,2.0e-6,2.741631792,9.143910167,0.566551209
tyndp/p2x_40_24_convex_hull_convex_0.01_economic,570629,40,24,convex_hull,convex,economic,0.01,4.688658648008789e6,7.889845944255443e6,89885.0943531644,87.77702244218295,1.1904783664010676,40,1.0,1.0000000000000004,0.0,0.0,0.17383561643835616,394379,1986,8486,4969,OPTIMAL,3.8016648034029916e7,0.0,3.750121425943317e7,0.0,1.197088140408924e-8,656312,1351111,OPTIMAL,2.68212662920393e7,0.0,2.6812552904632237e7,0.0,8713.387410131192,5492686,11336278,4.1836129873797394e7,871.3387410131221,0.008596834,4.291408458,0.584317583,2.851092875,8.812323416,0.566551209
tyndp/p2x_40_24_convex_hull_conical_0.01_economic,570629,40,24,convex_hull,conical,economic,0.01,4.546045360693533e6,7.889845944255443e6,89885.0943531644,87.77702244218295,1.1904783664010676,40,0.9939357963034449,1.1834976246281534,0.4410958904109589,0.44931506849315067,0.1734931506849315,409644,2015,8486,4969,OPTIMAL,3.893708888476465e7,0.0,3.8404519909254834e7,0.0,-1.7212131775575293e-8,656312,1351111,OPTIMAL,2.6910113786358703e7,0.0,2.689542549252466e7,0.0,14688.293837214847,5492686,11336278,4.842196802688691e7,1468.8293837214815,0.008963333,4.3021855,0.333565667,2.931680625,9.124562125,0.566551209
tyndp/p2x_40_24_convex_hull_conical_bounded_0.01_economic,570629,40,24,convex_hull,conical_bounded,economic,0.01,4.62876116495966e6,7.889845944255443e6,89885.0943531644,87.77702244218295,1.1904783664010676,40,0.9692645657544936,1.0000000000000002,0.0,0.6438356164383562,0.16924657534246576,397472,2017,8486,4969,OPTIMAL,3.5831138888891846e7,0.0,3.532972739295202e7,0.0,3.628318130545138e-8,656312,1351111,OPTIMAL,2.6856389952609316e7,0.0,2.684941859261221e7,0.0,6971.360000269543,5492686,11336278,3.834988738504007e7,697.1360000269547,0.008632875,4.033022458,0.540131375,2.905925208,10.326160167,0.566551209
tyndp/p2x_40_24_convex_hull_with_null_dirac_0.01_economic,570629,40,24,convex_hull_with_null,dirac,economic,0.01,7.752275729564813e6,8.015389771244065e6,88668.32305367895,90.3974440386295,1.189496365218654,40,1.0,1.0,0.0,0.0,0.025,0,0,8637,5183,OPTIMAL,2.8310032925877314e7,0.0,2.748769084587733e7,0.0,0.0,656312,1351111,OPTIMAL,2.8348567050195422e7,0.0,2.791543690353628e7,0.0,433130.1466628332,5492686,11336278,6.967373040370724e7,43313.01466628341,0.008741834,4.451021125,3.0e-6,2.788109167,7.795996709,0.566551209
tyndp/p2x_40_24_convex_hull_with_null_convex_0.01_economic,570629,40,24,convex_hull_with_null,convex,economic,0.01,4.7144853810179345e6,8.015389771244065e6,88668.32305367895,90.3974440386295,1.189496365218654,40,1.0,1.0000000000000002,0.0,0.0,0.17342465753424657,395500,1898,8637,5183,OPTIMAL,3.843400021457552e7,0.0,3.767718104053585e7,0.0,-4.282882801074177e-8,656312,1351111,OPTIMAL,2.681729059027851e7,0.0,2.6805527550281927e7,0.0,11763.039999618797,5492686,11336278,4.1937501911469355e7,1176.3039999618798,0.008553458,4.1129395,0.526671334,2.868605375,9.683686417,0.566551209
tyndp/p2x_40_24_convex_hull_with_null_conical_0.01_economic,570629,40,24,convex_hull_with_null,conical,economic,0.01,4.5147464356135065e6,8.015389771244065e6,88668.32305367895,90.3974440386295,1.189496365218654,40,0.9751413087060756,1.187826596309136,0.34794520547945207,0.5424657534246575,0.17363013698630136,411471,2390,8637,5183,OPTIMAL,3.740353421246026e7,0.0,3.671983741386509e7,0.0,-1.3378896099170097e-9,656312,1351111,OPTIMAL,2.6964256982672546e7,0.0,2.692925467007291e7,0.0,35002.312602888,5492686,11336278,4.514949699480541e7,3500.2312602888123,0.008632667,4.433475708,0.361218,2.882951209,10.082405084,0.566551209
tyndp/p2x_40_24_convex_hull_with_null_conical_bounded_0.01_economic,570629,40,24,convex_hull_with_null,conical_bounded,economic,0.01,4.570415906149975e6,8.015389771244065e6,88668.32305367895,90.3974440386295,1.189496365218654,40,0.9570066698674929,1.0000000000000002,0.0,0.7150684931506849,0.16815068493150684,398718,2175,8637,5183,OPTIMAL,3.507417583636944e7,0.0,3.440550832886167e7,0.0,1.1766523233838585e-8,656312,1351111,OPTIMAL,2.6919848866074655e7,0.0,2.691178182607797e7,0.0,8067.039999927063,5492686,11336278,4.3734867072637685e7,806.7039999927064,0.008645958,4.322919583,0.61441475,2.875199667,8.657695,0.566551209
tyndp/p2x_40_24_conical_hull_dirac_0.01_economic,570629,40,24,conical_hull,dirac,economic,0.01,7.895455152015408e6,7.004761594421587e6,88086.398154104,79.52148959669128,1.2196545210220373,40,1.0,1.0,0.0,0.0,0.025,0,0,8256,5199,OPTIMAL,2.8786019681126706e7,0.0,2.8144410881126426e7,0.0,0.0,656312,1351111,OPTIMAL,2.7874864959596004e7,0.0,2.7800118235687315e7,0.0,74746.72391188693,5492686,11336278,6.293888237870818e7,7474.672391188696,0.008942417,2.425809209,1.792e-6,2.767837042,9.077403167,0.566551209
tyndp/p2x_40_24_conical_hull_convex_0.01_economic,570629,40,24,conical_hull,convex,economic,0.01,5.166026377073012e6,7.004761594421587e6,88086.398154104,79.52148959669128,1.2196545210220373,40,1.0,1.0000000000000002,0.0,0.0,0.16794520547945205,347934,1923,8256,5199,OPTIMAL,4.065305460458411e7,0.0,4.024818260336122e7,0.0,4.0441624089609176e-8,656312,1351111,OPTIMAL,2.6749767082062423e7,0.0,2.6737728362066146e7,0.0,12038.719999219447,5492686,11336278,4.3141319112382345e7,1203.871999921946,0.008631709,2.437694291,0.457886959,2.963419875,11.489068375,0.566551209
tyndp/p2x_40_24_conical_hull_conical_0.01_economic,570629,40,24,conical_hull,conical,economic,0.01,4.648924072546926e6,7.004761594421587e6,88086.398154104,79.52148959669128,1.2196545210220373,40,1.08132209457037,1.3147943099809698,0.7479452054794521,0.14246575342465753,0.18602739726027398,390248,1921,8256,5199,OPTIMAL,4.882064514721082e7,0.0,4.840196769865279e7,0.0,0.0,656312,1351111,OPTIMAL,2.7462949046508353e7,0.0,2.675754016643443e7,0.0,705408.8800768557,5492686,11336278,3.313044140052149e7,70540.88800768575,0.008512375,2.418461625,0.345462666,2.911338708,12.890183166,0.566551209
tyndp/p2x_40_24_conical_hull_conical_bounded_0.01_economic,570629,40,24,conical_hull,conical_bounded,economic,0.01,5.169493381133663e6,7.004761594421587e6,88086.398154104,79.52148959669128,1.2196545210220373,40,0.9905708815279527,1.0000000000000002,0.0,0.4684931506849315,0.16705479452054794,347906,1933,8256,5199,OPTIMAL,3.995802615402347e7,0.0,3.9557243410342254e7,0.0,-2.7607744559033324e-8,656312,1351111,OPTIMAL,2.6785589683036007e7,0.0,2.6772629363039672e7,0.0,12960.31999925643,5492686,11336278,4.4192226037533365e7,1296.0319999256424,0.008638709,1.205211083,0.5702475,4.060755708,9.522006333,0.566551209
tyndp/p2x_80_24_k_means_dirac_0.01_economic,570629,80,24,k_means,dirac,economic,0.01,4.981484149060831e6,1.0858936990958553e7,20481.769721388522,530.1757191234739,1.1261494647878623,80,1.0,1.0,0.0,0.0,0.0125,0,0,0,0,OPTIMAL,1.9129227143581394e7,0.0,1.8922961407165833e7,0.0,0.0,1261112,2599151,OPTIMAL,2.7438394494508766e7,0.0,2.7294123495100725e7,0.0,144270.99941118076,5492686,11336278,6.32239263935023e7,14427.099941118075,0.008656083,0.465956292,2.25e-6,5.9642825,23.902687166,0.566551209
tyndp/p2x_80_24_k_means_convex_0.01_economic,570629,80,24,k_means,convex,economic,0.01,4.318997314704921e6,1.0858936990958553e7,20481.769721388522,530.1757191234739,1.1261494647878623,80,1.0,1.0000000000000002,0.0,0.0,0.060410958904109587,797236,100000,0,0,OPTIMAL,2.0466658711232264e7,0.0,2.0263121322273336e7,0.0,-2.361819777626564e-9,1261112,2599151,OPTIMAL,2.666226411967364e7,0.0,2.665520697283456e7,0.0,7057.146842002226,5492686,11336278,3.6241537362213366e7,705.7146842002232,0.008687209,0.504676083,3.553708,4.7868835,34.021653625,0.566551209
tyndp/p2x_80_24_k_means_conical_0.01_economic,570629,80,24,k_means,conical,economic,0.01,4.180677340812818e6,1.0858936990958553e7,20481.769721388522,530.1757191234739,1.1261494647878623,80,1.0195660630890606,1.1741818738492975,0.6328767123287671,0.3424657534246575,0.06383561643835617,764365,4301,0,0,OPTIMAL,2.129672560340735e7,0.0,2.1080921991872165e7,0.0,-1.5747637842271057e-10,1261112,2599151,OPTIMAL,2.739271041246807e7,0.0,2.666906728772566e7,0.0,723643.1247453744,5492686,11336278,4.3651685971779965e7,72364.3124745375,0.008842125,0.493812708,1.549410834,6.1035655,40.43422675,0.566551209
tyndp/p2x_80_24_k_means_conical_bounded_0.01_economic,570629,80,24,k_means,conical_bounded,economic,0.01,4.299874645487814e6,1.0858936990958553e7,20481.769721388522,530.1757191234739,1.1261494647878623,80,0.9849852784290563,1.0000000000000002,0.0,0.5589041095890411,0.06006849315068493,796064,100000,0,0,OPTIMAL,1.9523267703049816e7,0.0,1.933717757809717e7,0.0,0.0,1261112,2599151,OPTIMAL,2.7012941635702692e7,0.0,2.699856915570531e7,0.0,14372.480000204097,5492686,11336278,7.040052940904321e7,1437.2480000204096,0.008726333,0.493020625,2.810163666,5.940087125,40.325560542,0.566551209
tyndp/p2x_80_24_k_medoids_dirac_0.01_economic,570629,80,24,k_medoids,dirac,economic,0.01,6.24627298992391e6,1.09631507066573e7,47412.82365330122,231.22754271763284,1.160615753409,80,1.0,1.0,0.0,0.0,0.0125,0,0,0,0,OPTIMAL,2.789306890781202e7,0.0,2.7392167787811436e7,0.0,0.0,1261112,2599151,OPTIMAL,2.7497309931161717e7,0.0,2.724720658679693e7,0.0,250103.34436794205,5492686,11336278,5.521184640619156e7,25010.33443679422,0.008713417,0.4733675,1.833e-6,5.763315291,20.639832583,0.566551209
tyndp/p2x_80_24_k_medoids_convex_0.01_economic,570629,80,24,k_medoids,convex,economic,0.01,4.287854585559258e6,1.09631507066573e7,47412.82365330122,231.22754271763284,1.160615753409,80,1.0,1.0000000000000002,0.0,0.0,0.08424657534246575,621256,3427,0,0,OPTIMAL,2.9677490391567435e7,0.0,2.9426319854138874e7,0.0,0.0,1261112,2599151,OPTIMAL,2.6744763231089607e7,0.0,2.673288965080089e7,0.0,11873.580291689128,5492686,11336278,5.8099791661219016e7,1187.358029168913,0.008563833,0.469505917,2.150023583,6.04107175,35.666377333,0.566551209
tyndp/p2x_80_24_k_medoids_conical_0.01_economic,570629,80,24,k_medoids,conical,economic,0.01,4.1620028478150317e6,1.09631507066573e7,47412.82365330122,231.22754271763284,1.160615753409,80,1.0112392347442116,1.18010668123665,0.4849315068493151,0.2958904109589041,0.08589041095890411,644626,3499,0,0,OPTIMAL,2.960656368865039e7,0.0,2.9346386739191648e7,0.0,0.0,1261112,2599151,OPTIMAL,2.685169787105352e7,0.0,2.6785422773761548e7,0.0,66275.09729496621,5492686,11336278,5.611624248876479e7,6627.509729496617,0.009015917,0.450360542,1.299832583,6.035909291,40.990934083,0.566551209
tyndp/p2x_80_24_k_medoids_conical_bounded_0.01_economic,570629,80,24,k_medoids,conical_bounded,economic,0.01,4.258335586848271e6,1.09631507066573e7,47412.82365330122,231.22754271763284,1.160615753409,80,0.9817625507754955,1.0000000000000002,0.0,0.536986301369863,0.08301369863013698,626425,3426,0,0,OPTIMAL,2.7615922711437173e7,0.0,2.7373379805314574e7,0.0,0.0,1261112,2599151,OPTIMAL,2.685447053297286e7,0.0,2.684260861297499e7,0.0,11861.92000075568,5492686,11336278,6.3323162690423e7,1186.1920000755679,0.008595708,0.497360625,2.197827458,5.883103708,35.723135125,0.566551209
tyndp/p2x_80_24_hierarchical_dirac_0.01_economic,570629,80,24,hierarchical,dirac,economic,0.01,6.183900499823317e6,1.0938029644262247e7,49105.95183026169,222.7434605497587,1.1568572542286104,80,1.0,1.0,0.0,0.0,0.0125,0,0,0,0,OPTIMAL,2.6128468160059296e7,0.0,2.5611491840058904e7,0.0,0.0,1261112,2599151,OPTIMAL,2.747758203625594e7,0.0,2.7297422469045743e7,0.0,180159.56721331,5492686,11336278,6.617131441650672e7,18015.956721331015,0.008626125,0.466754875,1.958e-6,5.959208666,20.126917459,0.566551209
tyndp/p2x_80_24_hierarchical_convex_0.01_economic,570629,80,24,hierarchical,convex,economic,0.01,4.253922021191871e6,1.0938029644262247e7,49105.95183026169,222.7434605497587,1.1568572542286104,80,1.0,1.0000000000000004,0.0,0.0,0.07979452054794521,613180,3709,0,0,OPTIMAL,2.93582336441551e7,0.0,2.9069193133955095e7,0.0,5.01087728664885e-9,1261112,2599151,OPTIMAL,2.6534322797045533e7,0.0,2.652149799705043e7,0.0,12824.79999822139,5492686,11336278,3.779847629432187e7,1282.4799998221376,0.008606208,0.446111208,2.104031667,5.950128875,23.481753458,0.566551209
tyndp/p2x_80_24_hierarchical_conical_0.01_economic,570629,80,24,hierarchical,conical,economic,0.01,4.1318780447756173e6,1.0938029644262247e7,49105.95183026169,222.7434605497587,1.1568572542286104,80,1.0157549487383395,1.1687663765285967,0.4931506849315068,0.2876712328767123,0.08304794520547945,649456,3693,0,0,OPTIMAL,3.0134872129546665e7,0.0,2.9837609871687893e7,0.0,-2.1002333766466868e-9,1261112,2599151,OPTIMAL,2.673728296328925e7,0.0,2.6597927256498117e7,0.0,139355.7067941467,5492686,11336278,4.4779301450177446e7,13935.570679414674,0.008673125,0.51733425,1.298657916,6.078008542,24.376792083,0.566551209
tyndp/p2x_80_24_hierarchical_conical_bounded_0.01_economic,570629,80,24,hierarchical,conical_bounded,economic,0.01,4.237423230143422e6,1.0938029644262247e7,49105.95183026169,222.7434605497587,1.1568572542286104,80,0.9845354720899556,1.0000000000000002,0.0,0.5178082191780822,0.0789041095890411,623081,3850,0,0,OPTIMAL,2.791037278954009e7,0.0,2.7635776298871864e7,0.0,-1.5721782685151256e-8,1261112,2599151,OPTIMAL,2.6570955088294353e7,0.0,2.655925375895882e7,0.0,11701.329338598356,5492686,11336278,3.701808902943422e7,1170.132933859835,0.008653125,0.436734542,2.203403583,6.058600708,27.741079917,0.566551209
tyndp/p2x_80_24_chronological_dirac_0.01_economic,570629,80,24,chronological,dirac,economic,0.01,7.838478073680419e6,1.090821274013239e7,50608.14751582344,215.54262061700172,1.1666597177920142,80,1.0,1.0,0.0,0.0,0.0125,0,0,0,0,OPTIMAL,2.4677896591387402e7,0.0,2.4565497071386e7,0.0,3686.3999999999965,1261112,2599151,OPTIMAL,2.808848993113005e7,0.0,2.7125166388987992e7,0.0,963323.5421452326,5492686,11336278,3.6017215660913266e7,96332.35421452316,0.00865725,0.443438791,8.75e-7,5.873060791,9.881583666,0.566551209
tyndp/p2x_80_24_chronological_convex_0.01_economic,570629,80,24,chronological,convex,economic,0.01,4.413080520120079e6,1.090821274013239e7,50608.14751582344,215.54262061700172,1.1666597177920142,80,1.0,1.0000000000000002,0.0,0.0,0.08291095890410959,646012,3274,0,0,OPTIMAL,2.643050169809907e7,0.0,2.625034120147459e7,0.0,0.0,1261112,2599151,OPTIMAL,2.6879077846535135e7,0.0,2.686981128653811e7,0.0,9266.560000042464,5492686,11336278,6.74384680771899e7,926.6560000042463,0.00865875,0.448297375,2.182966917,4.919925167,46.989867458,0.566551209
tyndp/p2x_80_24_chronological_conical_0.01_economic,570629,80,24,chronological,conical,economic,0.01,4.263230877883224e6,1.090821274013239e7,50608.14751582344,215.54262061700172,1.1666597177920142,80,1.0191746747128887,1.186304097720303,0.5315068493150685,0.2493150684931507,0.08691780821917808,683569,4040,0,0,OPTIMAL,2.751864135341782e7,0.0,2.7362035823926363e7,0.0,0.0,1261112,2599151,OPTIMAL,2.7144531417401157e7,0.0,2.6876978698500473e7,0.0,267552.71890364203,5492686,11336278,6.272909492091065e7,26755.271890364216,0.008714708,0.464428708,1.363809625,6.156169958,44.674504208,0.566551209
tyndp/p2x_80_24_chronological_conical_bounded_0.01_economic,570629,80,24,chronological,conical_bounded,economic,0.01,4.38816973552863e6,1.090821274013239e7,50608.14751582344,215.54262061700172,1.1666597177920142,80,0.9835067776843522,1.0000000000000002,0.0,0.4849315068493151,0.08256849315068493,650151,3963,0,0,OPTIMAL,2.5357615900148388e7,0.0,2.5220924753225215e7,0.0,0.0,1261112,2599151,OPTIMAL,2.6959755753148865e7,0.0,2.6952912233152453e7,0.0,6843.519999506143,5492686,11336278,7.099236795120633e7,684.3519999506142,0.008934083,0.435286917,2.20296675,5.668029208,42.03765625,0.566551209
tyndp/p2x_80_24_convex_hull_dirac_0.01_economic,570629,80,24,convex_hull,dirac,economic,0.01,6.693450307853962e6,1.120968049130499e7,49689.04996248099,225.5965952210628,1.1822527292763478,80,1.0,1.0,0.0,0.0,0.0125,0,0,19067,6608,OPTIMAL,2.7490422371730227e7,0.0,2.7086220451729976e7,0.0,0.0,1261112,2599151,OPTIMAL,2.7925434310127422e7,0.0,2.7342546994200494e7,0.0,582887.3159301223,5492686,11336278,5.449778365725837e7,58288.73159301219,0.008665333,10.86737175,1.166e-6,4.471303792,19.392748458,0.566551209
tyndp/p2x_80_24_convex_hull_convex_0.01_economic,570629,80,24,convex_hull,convex,economic,0.01,3.884313735986615e6,1.120968049130499e7,49689.04996248099,225.5965952210628,1.1822527292763478,80,1.0,1.0000000000000002,0.0,0.0,0.08962328767123287,597687,3175,19067,6608,OPTIMAL,3.162647713601627e7,0.0,3.1333246895171948e7,0.0,0.0,1261112,2599151,OPTIMAL,2.678415444152486e7,0.0,2.6776554787869226e7,0.0,7599.653658426436,5492686,11336278,5.9970938816787705e7,759.9653658426436,0.008860917,10.554482792,3.327430333,4.749528167,40.636485875,0.566551209
tyndp/p2x_80_24_convex_hull_conical_0.01_economic,570629,80,24,convex_hull,conical,economic,0.01,3.784302652378667e6,1.120968049130499e7,49689.04996248099,225.5965952210628,1.1822527292763478,80,1.004334678861947,1.189635242032065,0.41643835616438357,0.3643835616438356,0.09202054794520548,624829,3391,19067,6608,OPTIMAL,3.2558659662646733e7,0.0,3.226565788512595e7,0.0,0.0,1261112,2599151,OPTIMAL,2.6872510377860762e7,0.0,2.682418096678634e7,0.0,48329.411077349025,5492686,11336278,6.060230167445429e7,4832.941107734901,0.008617417,11.6874185,1.230220083,4.779914834,39.373781875,0.566551209
tyndp/p2x_80_24_convex_hull_conical_bounded_0.01_economic,570629,80,24,convex_hull,conical_bounded,economic,0.01,3.8562963720821445e6,1.120968049130499e7,49689.04996248099,225.5965952210628,1.1822527292763478,80,0.9795200071160862,1.0000000000000002,0.0,0.5780821917808219,0.08876712328767124,599269,3340,19067,6608,OPTIMAL,3.0306775700698126e7,0.0,3.002783860834739e7,0.0,0.0,1261112,2599151,OPTIMAL,2.6873234219051693e7,0.0,2.686703896326831e7,0.0,6195.255786457119,5492686,11336278,6.32542015291926e7,619.5255786457119,0.008646834,11.108644417,1.795768875,4.93607275,36.037613916,0.566551209
tyndp/p2x_80_24_convex_hull_with_null_dirac_0.01_economic,570629,80,24,convex_hull_with_null,dirac,economic,0.01,6.724195545911489e6,1.1224156824075198e7,49790.18320552744,225.42911275789706,1.184449438644495,80,1.0,1.0,0.0,0.0,0.0125,0,0,19357,6683,OPTIMAL,3.0973072884686194e7,0.0,3.0593915444686104e7,0.0,0.0,1261112,2599151,OPTIMAL,2.7829123458121285e7,0.0,2.729980926610359e7,0.0,529314.1920209167,5492686,11336278,5.4888371655636854e7,52931.41920209159,0.00875,11.595903625,9.17e-7,4.502778959,17.678401041,0.566551209
tyndp/p2x_80_24_convex_hull_with_null_convex_0.01_economic,570629,80,24,convex_hull_with_null,convex,economic,0.01,3.906696095040785e6,1.1224156824075198e7,49790.18320552744,225.42911275789706,1.184449438644495,80,1.0,1.0000000000000002,0.0,0.0,0.09041095890410959,607328,3415,19357,6683,OPTIMAL,3.460076031241691e7,0.0,3.431666581403942e7,0.0,0.0,1261112,2599151,OPTIMAL,2.6775123997312184e7,0.0,2.6768230336115666e7,0.0,6893.661199454384,5492686,11336278,6.077955873092963e7,689.3661199454384,0.008657625,11.725391542,1.745525584,4.6992145,38.001121041,0.566551209
tyndp/p2x_80_24_convex_hull_with_null_conical_0.01_economic,570629,80,24,convex_hull_with_null,conical,economic,0.01,3.776477284632487e6,1.1224156824075198e7,49790.18320552744,225.42911275789706,1.184449438644495,80,0.9945320629309474,1.1956053568316176,0.3643835616438356,0.41643835616438357,0.09226027397260274,639008,3282,19357,6683,OPTIMAL,3.4034351780511975e7,0.0,3.376040965518972e7,0.0,0.0,1261112,2599151,OPTIMAL,2.6850397064564716e7,0.0,2.6827931137938112e7,0.0,22465.926629720645,5492686,11336278,6.140736800112145e7,2246.5926629720643,0.008649458,11.623250125,1.1648785,5.247227833,34.550880042,0.566551209
tyndp/p2x_80_24_convex_hull_with_null_conical_bounded_0.01_economic,570629,80,24,convex_hull_with_null,conical_bounded,economic,0.01,3.844098641903115e6,1.1224156824075198e7,49790.18320552744,225.42911275789706,1.184449438644495,80,0.9728233663665244,1.0000000000000002,0.0,0.5835616438356165,0.08965753424657534,612254,3343,19357,6683,OPTIMAL,3.1712806393788103e7,0.0,3.1442468601701144e7,0.0,0.0,1261112,2599151,OPTIMAL,2.6903432835451405e7,0.0,2.6896718701402865e7,0.0,6714.134051619118,5492686,11336278,6.59895165892794e7,671.4134051619117,0.008653042,12.5448515,1.889789333,4.657739625,37.69666925,0.566551209
tyndp/p2x_80_24_conical_hull_dirac_0.01_economic,570629,80,24,conical_hull,dirac,economic,0.01,6.903575359206994e6,9.960900884157468e6,46732.570883325,213.14686300966358,1.2056822901702018,80,1.0,1.0,0.0,0.0,0.0125,0,0,18816,6859,OPTIMAL,2.6558920677402765e7,0.0,2.60752939574027e7,0.0,0.0,1261112,2599151,OPTIMAL,2.7545099350684203e7,0.0,2.746726089972534e7,0.0,77838.45096185483,5492686,11336278,6.0444088188620985e7,7783.845096185478,0.008631791,2.318683291,1.25e-6,5.862379792,16.8017615,0.566551209
tyndp/p2x_80_24_conical_hull_convex_0.01_economic,570629,80,24,conical_hull,convex,economic,0.01,4.350208126977359e6,9.960900884157468e6,46732.570883325,213.14686300966358,1.2056822901702018,80,1.0,1.0000000000000004,0.0,0.0,0.08589041095890411,525297,3435,18816,6859,OPTIMAL,3.128480730499786e7,0.0,3.101405545571568e7,0.0,0.0,1261112,2599151,OPTIMAL,2.685071850227477e7,0.0,2.6835285702277556e7,0.0,15432.800000057547,5492686,11336278,5.8649980230689414e7,1543.2800000057546,0.008669584,2.35022275,1.808431708,6.088642541,35.067259792,0.566551209
tyndp/p2x_80_24_conical_hull_conical_0.01_economic,570629,80,24,conical_hull,conical,economic,0.01,3.9580774713944388e6,9.960900884157468e6,46732.570883325,213.14686300966358,1.2056822901702018,80,1.064968283410494,1.2727840794393264,0.663013698630137,0.1178082191780822,0.09565068493150684,581545,3357,18816,6859,OPTIMAL,3.77146217482146e7,0.0,3.746716005392784e7,0.0,1.1335613268930327e-8,1261112,2599151,OPTIMAL,2.716957445335946e7,0.0,2.663123017020378e7,0.0,538344.2831586667,5492686,11336278,3.887062960676747e7,53834.428315866535,0.008638542,2.306773125,1.180199667,6.020646042,29.016046084,0.566551209
tyndp/p2x_80_24_conical_hull_conical_bounded_0.01_economic,570629,80,24,conical_hull,conical_bounded,economic,0.01,4.367605205595791e6,9.960900884157468e6,46732.570883325,213.14686300966358,1.2056822901702018,80,0.9930764414998433,1.0000000000000002,0.0,0.4876712328767123,0.08595890410958903,523933,3661,18816,6859,OPTIMAL,3.0864490982421648e7,0.0,3.0604434971306358e7,0.0,0.0,1261112,2599151,OPTIMAL,2.6887019385143947e7,0.0,2.6876003385146867e7,0.0,11016.000000055223,5492686,11336278,6.138768302435955e7,1101.6000000055224,0.008569834,2.331319667,1.9350785,5.982279542,33.274481375,0.566551209
tyndp/p2x_10_24_k_means_dirac_0.01,570629,10,24,k_means,dirac,unscaled,0.01,180.11415267663585,80.88391626037098,2.0426574459562286,39.59739623522965,1.0631389870110382,10,1.0,1.0,0.0,0.0,0.1,0,0,0,0,OPTIMAL,1.3563003453309638e7,0.0,1.3261766427699111e7,0.0,0.0,202712,415081,OPTIMAL,2.821254867654558e7,0.0,2.7682403655320052e7,0.0,530145.0212287176,5492686,11336278,5.08925209788587e7,53014.50212287177,0.008662417,0.448993292,1.583e-6,1.304822333,1.569761583,0.566551209
tyndp/p2x_10_24_k_means_convex_0.01,570629,10,24,k_means,convex,unscaled,0.01,173.13033291769756,80.88391626037098,2.0426574459562286,39.59739623522965,1.0631389870110382,10,1.0,1.0000000000000002,0.0,0.0,0.28027397260273973,45119,304,0,0,OPTIMAL,1.4088638786204448e7,0.0,1.3727622445911651e7,0.0,0.0,202712,415081,OPTIMAL,2.7423124166846555e7,0.0,2.7404470406850405e7,0.0,18653.759999025977,5492686,11336278,6.1145905094084434e7,1865.3759999025956,0.008689458,0.431707083,0.02483225,1.336352333,2.238624333,0.566551209
tyndp/p2x_10_24_k_means_conical_0.01,570629,10,24,k_means,conical,unscaled,0.01,170.13952663109356,80.88391626037098,2.0426574459562286,39.59739623522965,1.0631389870110382,10,1.015936791597883,1.1818876452990132,0.6191780821917808,0.38082191780821917,0.28383561643835614,48498,338,0,0,OPTIMAL,1.4758230325544672e7,0.0,1.4377552617323382e7,0.0,-4.68900232265103e-10,202712,415081,OPTIMAL,2.8166196015697274e7,0.0,2.7435654528443538e7,0.0,730541.4872567815,5492686,11336278,6.359948108060184e7,73054.14872567815,0.008530208,0.420779333,0.022223292,1.39607325,2.949272708,0.566551209
tyndp/p2x_10_24_k_means_conical_bounded_0.01,570629,10,24,k_means,conical_bounded,unscaled,0.01,172.14961819065488,80.88391626037098,2.0426574459562286,39.59739623522965,1.0631389870110382,10,0.9782590407810884,1.0000000000000002,0.0,0.42191780821917807,0.2778082191780822,45974,310,0,0,OPTIMAL,1.3424091655668234e7,0.0,1.3102656519646822e7,0.0,-1.0687621119735798e-9,202712,415081,OPTIMAL,2.7457474005028505e7,0.0,2.7440561045031924e7,0.0,16912.95999974323,5492686,11336278,6.236430531903812e7,1691.2959999743248,0.008702625,0.468924375,0.02631725,1.387296042,3.437123166,0.566551209
tyndp/p2x_10_24_k_medoids_dirac_0.01,570629,10,24,k_medoids,dirac,unscaled,0.01,233.50955604423058,81.86911978312943,5.368559272925694,15.249737521946622,1.1667644565606032,10,1.0,1.0,0.0,0.0,0.1,0,0,0,0,OPTIMAL,2.4163067878847525e7,0.0,2.3733961958847474e7,0.0,-2.96329910104925e-10,202712,415081,OPTIMAL,3.094798621212983e7,0.0,2.8022947766410634e7,0.0,2.925038445722394e6,5492686,11336278,5.106926959402767e7,292503.8445722398,0.00867275,0.428474958,1.709e-6,1.371454209,2.311162,0.566551209
tyndp/p2x_10_24_k_medoids_convex_0.01,570629,10,24,k_medoids,convex,unscaled,0.01,185.71368854447482,81.86911978312943,5.368559272925694,15.249737521946622,1.1667644565606032,10,1.0,1.0000000000000002,0.0,0.0,0.5334246575342466,45087,203,0,0,OPTIMAL,2.5036960207006104e7,0.0,2.4722752172393396e7,0.0,0.0,202712,415081,OPTIMAL,2.782819724027478e7,0.0,2.7820333720277634e7,0.0,7863.520000091648,5492686,11336278,6.691576130378033e7,786.3520000091648,0.008667959,0.427535,0.051015417,1.306327459,2.512973708,0.566551209
tyndp/p2x_10_24_k_medoids_conical_0.01,570629,10,24,k_medoids,conical,unscaled,0.01,183.41909310820392,81.86911978312943,5.368559272925694,15.249737521946622,1.1667644565606032,10,0.9915156209932552,1.1536041595399702,0.4602739726027397,0.5123287671232877,0.5375342465753424,46115,250,0,0,OPTIMAL,2.441389141761069e7,0.0,2.41610272976788e7,0.0,0.0,202712,415081,OPTIMAL,2.7891074195199955e7,0.0,2.788477739520252e7,0.0,6296.800000274285,5492686,11336278,7.100447075489764e7,629.6800000274285,0.008585875,0.420489959,0.019782125,2.266651792,2.686100875,0.566551209
tyndp/p2x_10_24_k_medoids_conical_bounded_0.01,570629,10,24,k_medoids,conical_bounded,unscaled,0.01,184.3933999183643,81.86911978312943,5.368559272925694,15.249737521946622,1.1667644565606032,10,0.966261923472615,1.0,0.0,0.6,0.5241095890410958,45576,222,0,0,OPTIMAL,2.3414889970433544e7,0.0,2.3190726394332655e7,0.0,3.7962921772461164e-8,202712,415081,OPTIMAL,2.7805266093009975e7,0.0,2.7795947373013362e7,0.0,9318.719999715233,5492686,11336278,7.151076827603282e7,931.8719999715231,0.008684625,0.475899459,0.026631458,1.502987666,2.392060667,0.566551209
tyndp/p2x_10_24_hierarchical_dirac_0.01,570629,10,24,hierarchical,dirac,unscaled,0.01,232.34923357299428,81.16485709116606,6.276715074593594,12.931104268170296,1.152199618612045,10,1.0,1.0,0.0,0.0,0.1,0,0,0,0,OPTIMAL,2.895156139968806e7,0.0,2.781084331968814e7,0.0,-2.96329910104925e-10,202712,415081,OPTIMAL,2.7898201005592752e7,0.0,2.7888695085596677e7,0.0,9505.919999105961,5492686,11336278,4.318594659125414e7,950.5919999105961,0.008700125,0.43172275,1.667e-6,1.215751583,1.738893583,0.566551209
tyndp/p2x_10_24_hierarchical_convex_0.01,570629,10,24,hierarchical,convex,unscaled,0.01,185.98069201641653,81.16485709116606,6.276715074593594,12.931104268170296,1.152199618612045,10,1.0,1.0000000000000002,0.0,0.0,0.530958904109589,46359,187,0,0,OPTIMAL,2.6489217939083215e7,0.0,2.587902789347517e7,0.0,-2.498057887827628e-8,202712,415081,OPTIMAL,2.758373249135081e7,0.0,2.7572525671883587e7,0.0,11206.819470160332,5492686,11336278,5.464288223367775e7,1120.6819470160349,0.008651792,0.425368458,0.024615541,1.296857208,2.465090167,0.566551209
tyndp/p2x_10_24_hierarchical_conical_0.01,570629,10,24,hierarchical,conical,unscaled,0.01,183.82755762867183,81.16485709116606,6.276715074593594,12.931104268170296,1.152199618612045,10,0.995413604492859,1.1817130638801723,0.4520547945205479,0.5205479452054794,0.5350684931506849,47205,213,0,0,OPTIMAL,2.5562120868803192e7,0.0,2.4989513598796777e7,0.0,9.243756414938398e-10,202712,415081,OPTIMAL,2.7691970092688803e7,0.0,2.7663909468798384e7,0.0,28060.623893398835,5492686,11336278,5.8525484048362575e7,2806.0623893399006,0.009128625,0.445820083,0.020202375,1.297609083,2.751090667,0.566551209
tyndp/p2x_10_24_hierarchical_conical_bounded_0.01,570629,10,24,hierarchical,conical_bounded,unscaled,0.01,184.91087392624354,81.16485709116606,6.276715074593594,12.931104268170296,1.152199618612045,10,0.9709160621332547,1.0000000000000002,0.0,0.6027397260273972,0.5254794520547945,46692,212,0,0,OPTIMAL,2.414650381686893e7,0.0,2.36513880848438e7,0.0,3.762893157239527e-8,202712,415081,OPTIMAL,2.7616744268035445e7,0.0,2.7607630621158827e7,0.0,9113.646879624173,5492686,11336278,5.91959753171163e7,911.3646879624137,0.008684333,0.435767709,0.087401833,1.300320541,2.514039709,0.566551209
tyndp/p2x_10_24_chronological_dirac_0.01,570629,10,24,chronological,dirac,unscaled,0.01,244.2474176341264,82.09067572668776,5.552666760620292,14.78400906549583,1.129549980551663,10,1.0,1.0,0.0,0.0,0.1,0,0,0,0,OPTIMAL,2.1763481303622503e7,0.0,2.0836076503622666e7,0.0,0.0,202712,415081,OPTIMAL,2.8401360456880108e7,0.0,2.838215748545391e7,0.0,19202.971429436388,5492686,11336278,4.978820853382946e7,1920.2971429436384,0.008667375,0.44459575,1.75e-6,1.365499792,1.983973583,0.566551209
tyndp/p2x_10_24_chronological_convex_0.01,570629,10,24,chronological,convex,unscaled,0.01,194.11233909088898,82.09067572668776,5.552666760620292,14.78400906549583,1.129549980551663,10,1.0,1.0000000000000002,0.0,0.0,0.5389041095890411,50271,212,0,0,OPTIMAL,2.1023962829478793e7,0.0,2.0477310344800465e7,0.0,4.01751112457077e-8,202712,415081,OPTIMAL,2.7778731388457403e7,0.0,2.7764553872344904e7,0.0,14177.516115769151,5492686,11336278,4.379100516733175e7,1417.7516115769097,0.008761,0.438993375,0.026737292,1.336554167,2.27509275,0.566551209
tyndp/p2x_10_24_chronological_conical_0.01,570629,10,24,chronological,conical,unscaled,0.01,191.40788170584466,82.09067572668776,5.552666760620292,14.78400906549583,1.129549980551663,10,0.9827331697131926,1.1658657305870366,0.40821917808219177,0.5643835616438356,0.5389041095890411,51494,213,0,0,OPTIMAL,1.984778366276448e7,0.0,1.9459506088316888e7,0.0,-3.38158430896311e-8,202712,415081,OPTIMAL,2.8120375931784503e7,0.0,2.810698313178794e7,0.0,13392.800000029572,5492686,11336278,6.954445346441212e7,1339.280000002949,0.008684125,0.4248405,0.036621459,1.310190042,2.373948958,0.566551209
tyndp/p2x_10_24_chronological_conical_bounded_0.01,570629,10,24,chronological,conical_bounded,unscaled,0.01,192.25392466489538,82.09067572668776,5.552666760620292,14.78400906549583,1.129549980551663,10,0.960318317651331,1.0,0.0,0.6493150684931507,0.5287671232876713,51136,219,0,0,OPTIMAL,1.889759685488369e7,0.0,1.8552848204895884e7,0.0,-2.3232789231164168e-8,202712,415081,OPTIMAL,2.7874279296720788e7,0.0,2.7860295776723236e7,0.0,13983.520001025414,5492686,11336278,3.790521707433138e7,1398.3520001025408,0.008657458,0.426398958,0.048399333,1.306706542,2.443789125,0.566551209
tyndp/p2x_10_24_convex_hull_dirac_0.01,570629,10,24,convex_hull,dirac,unscaled,0.01,246.84362773420847,84.6055468356954,7.552087092183788,11.20293579813982,1.2181178042683267,10,1.0,1.0,0.0,0.0,0.1,0,0,729,2511,OPTIMAL,4.324906790160361e7,0.0,4.161224102160354e7,0.0,2.943835724359271e-10,202712,415081,OPTIMAL,2.9158228710567236e7,0.0,2.7961660457326695e7,0.0,1.196568253243996e6,5492686,11336278,5.121483435005428e7,119656.8253243996,0.008609292,1.714039166,9.58e-7,1.410798375,1.853279208,0.566551209
tyndp/p2x_10_24_convex_hull_convex_0.01,570629,10,24,convex_hull,convex,unscaled,0.01,178.32189621886133,84.6055468356954,7.552087092183788,11.20293579813982,1.2181178042683267,10,1.0,1.0000000000000002,0.0,0.0,0.5756164383561644,39082,180,729,2511,OPTIMAL,5.486457911551992e7,0.0,5.383571581421505e7,0.0,-5.509528784820558e-8,202712,415081,OPTIMAL,2.7343872409566738e7,0.0,2.7321392253231514e7,0.0,22480.1563382819,5492686,11336278,6.0239650403394096e7,2248.015633828195,0.008631292,0.627977958,0.037985541,1.295642333,2.416229917,0.566551209
tyndp/p2x_10_24_convex_hull_conical_0.01,570629,10,24,convex_hull,conical,unscaled,0.01,175.63663920613223,84.6055468356954,7.552087092183788,11.20293579813982,1.2181178042683267,10,0.9773603909877067,1.130036888817422,0.37534246575342467,0.5972602739726027,0.5780821917808219,39456,165,729,2511,OPTIMAL,5.18196031087158e7,0.0,5.082116445741473e7,0.0,-3.384273268668298e-8,202712,415081,OPTIMAL,2.746230739595121e7,0.0,2.7437107294241983e7,0.0,25200.101712534575,5492686,11336278,6.270882662051469e7,2520.010171253457,0.008672875,1.700482791,0.016897625,1.305656542,2.429216542,0.566551209
tyndp/p2x_10_24_convex_hull_conical_bounded_0.01,570629,10,24,convex_hull,conical_bounded,unscaled,0.01,176.35416239810044,84.6055468356954,7.552087092183788,11.20293579813982,1.2181178042683267,10,0.9588674792413466,1.0,0.0,0.673972602739726,0.5663013698630137,39331,180,729,2511,OPTIMAL,4.926946744445881e7,0.0,4.8315719824603334e7,0.0,-7.735564581368889e-9,202712,415081,OPTIMAL,2.7392854564442683e7,0.0,2.7384328729507733e7,0.0,8525.83493807634,5492686,11336278,1.0847874415953237e8,852.5834938076288,0.008649667,0.645772917,0.025213417,1.301341667,2.640459541,0.566551209
tyndp/p2x_10_24_convex_hull_with_null_dirac_0.01,570629,10,24,convex_hull_with_null,dirac,unscaled,0.01,270.00111587539874,90.00293226212214,7.409413931286609,12.147105438674496,1.196796878854528,10,1.0,1.0,0.0,0.0,0.1,0,0,765,2840,OPTIMAL,5.409894607661405e7,0.0,5.270448735661389e7,0.0,0.0,202712,415081,OPTIMAL,4.158614003045696e7,0.0,2.863143110464515e7,0.0,1.2954708925815433e7,5492686,11336278,6.579419031377773e7,1.2954708925815413e6,0.008654667,1.738317958,1.042e-6,1.370259583,1.687224083,0.566551209
tyndp/p2x_10_24_convex_hull_with_null_convex_0.01,570629,10,24,convex_hull_with_null,convex,unscaled,0.01,195.80679958906566,90.00293226212214,7.409413931286609,12.147105438674496,1.196796878854528,10,1.0,1.0000000000000002,0.0,0.0,0.575068493150685,41829,175,765,2840,OPTIMAL,6.514320795144086e7,0.0,6.379492698422352e7,0.0,2.0338718464044927e-9,202712,415081,OPTIMAL,2.7489142924139466e7,0.0,2.7464747724142067e7,0.0,24395.200000364457,5492686,11336278,5.968099590813381e7,2439.5200000364375,0.008673209,1.70813325,0.212179875,1.30340325,2.37518975,0.566551209
tyndp/p2x_10_24_convex_hull_with_null_conical_0.01,570629,10,24,convex_hull_with_null,conical,unscaled,0.01,184.4559284107476,90.00293226212214,7.409413931286609,12.147105438674496,1.196796878854528,10,0.9122151871781479,1.1182589396184421,0.21643835616438356,0.7561643835616438,0.5665753424657535,42181,167,765,2840,OPTIMAL,5.0583508791265294e7,0.0,4.98087031316962e7,0.0,4.813372076423536e-8,202712,415081,OPTIMAL,2.764644295169195e7,0.0,2.7635783751695316e7,0.0,10659.200000038285,5492686,11336278,6.445709806582847e7,1065.9200000038413,0.00858,0.685590959,0.019508,1.397623583,2.307213875,0.566551209
tyndp/p2x_10_24_convex_hull_with_null_conical_bounded_0.01,570629,10,24,convex_hull_with_null,conical_bounded,unscaled,0.01,184.85243805948198,90.00293226212214,7.409413931286609,12.147105438674496,1.196796878854528,10,0.9028400142383413,1.0,0.0,0.7917808219178082,0.5616438356164384,41911,179,765,2840,OPTIMAL,4.919847734900436e7,0.0,4.8442904377759814e7,0.0,6.396844132505541e-8,202712,415081,OPTIMAL,2.7596582137307197e7,0.0,2.758592293730864e7,0.0,10659.200001832622,5492686,11336278,6.415606609027734e7,1065.9200001832617,0.008621292,0.62708625,0.0260615,1.299441125,2.484619583,0.566551209
tyndp/p2x_10_24_conical_hull_dirac_0.01,570629,10,24,conical_hull,dirac,unscaled,0.01,250.70407935449373,74.71645331922672,7.791956176113053,9.588921142585063,1.2358250366797774,10,1.0,1.0,0.0,0.0,0.1,0,0,670,2570,OPTIMAL,4.296830951364195e7,0.0,4.258742119364201e7,0.0,0.0,202712,415081,OPTIMAL,2.781235249471073e7,0.0,2.7795962574717373e7,0.0,16389.91999676248,5492686,11336278,2.9745319846806243e7,1638.9919996762478,0.00866925,0.634000375,9.58e-7,1.218271375,1.586082834,0.566551209
tyndp/p2x_10_24_conical_hull_convex_0.01,570629,10,24,conical_hull,convex,unscaled,0.01,190.083806692222,74.71645331922672,7.791956176113053,9.588921142585063,1.2358250366797774,10,1.0,1.0000000000000002,0.0,0.0,0.5473972602739726,34211,153,670,2570,OPTIMAL,4.5395959197858155e7,0.0,4.5318343857638e7,0.0,0.0,202712,415081,OPTIMAL,2.7356174480853345e7,0.0,2.7346945672102712e7,0.0,9228.808753708267,5492686,11336278,3.593428946410736e7,922.8808753708267,0.008618667,1.695317875,0.209717667,1.271308042,2.454667292,0.566551209
tyndp/p2x_10_24_conical_hull_conical_0.01,570629,10,24,conical_hull,conical,unscaled,0.01,184.7244621734215,74.71645331922672,7.791956176113053,9.588921142585063,1.2358250366797774,10,1.064506917158891,1.3205949876906902,0.7616438356164383,0.21095890410958903,0.5778082191780822,36016,141,670,2570,OPTIMAL,5.136157029500527e7,0.0,5.124735589639047e7,0.0,-4.524687783245467e-9,202712,415081,OPTIMAL,2.739706257692857e7,0.0,2.736404230864866e7,0.0,33020.26828291198,5492686,11336278,3.733596283394908e7,3302.0268282911934,0.008630709,0.602348125,0.019142666,1.289114125,2.480943833,0.566551209
tyndp/p2x_10_24_conical_hull_conical_bounded_0.01,570629,10,24,conical_hull,conical_bounded,unscaled,0.01,189.82583149761552,74.71645331922672,7.791956176113053,9.588921142585063,1.2358250366797774,10,0.9892458940700105,1.0000000000000002,0.0,0.3424657534246575,0.5430136986301369,34124,153,670,2570,OPTIMAL,4.460634189053594e7,0.0,4.453137539452785e7,0.0,0.0,202712,415081,OPTIMAL,2.7409895370936956e7,0.0,2.7402704322145086e7,0.0,7191.048794841963,5492686,11336278,4.317835253861449e7,719.1048794841963,0.008703708,1.549106125,0.156293208,1.471139041,2.363371167,0.566551209
tyndp/p2x_20_24_k_means_dirac_0.01,570629,20,24,k_means,dirac,unscaled,0.01,169.96286191754047,115.01204006755755,1.51388641878086,75.97137978169941,1.075825789839138,20,1.0,1.0,0.0,0.0,0.05,0,0,0,0,OPTIMAL,1.5255233895695938e7,0.0,1.5036111341742842e7,0.0,0.0,353912,727091,OPTIMAL,2.7496245412732493e7,0.0,2.7273543503705136e7,0.0,222701.9090305663,5492686,11336278,4.0763445493323244e7,22270.19090305664,0.008611333,0.442026584,1.875e-6,1.694255416,3.961916333,0.566551209
tyndp/p2x_20_24_k_means_convex_0.01,570629,20,24,k_means,convex,unscaled,0.01,162.2199952019132,115.01204006755755,1.51388641878086,75.97137978169941,1.075825789839138,20,1.0,1.0000000000000002,0.0,0.0,0.16986301369863013,76897,478,0,0,OPTIMAL,1.5498396591969844e7,0.0,1.5298890803932386e7,0.0,-4.217213018883515e-9,353912,727091,OPTIMAL,2.708088846525154e7,0.0,2.706230270525463e7,0.0,18585.75999982839,5492686,11336278,4.120399180441917e7,1858.5759999828385,0.008702791,0.436303458,0.076060417,1.750289958,4.880320416,0.566551209
tyndp/p2x_20_24_k_means_conical_0.01,570629,20,24,k_means,conical,unscaled,0.01,159.7349169411621,115.01204006755755,1.51388641878086,75.97137978169941,1.075825789839138,20,1.0180113537798676,1.185397906044694,0.6136986301369863,0.3863013698630137,0.17643835616438355,83816,580,0,0,OPTIMAL,1.5965486066196948e7,0.0,1.5773389164786179e7,0.0,-8.160348646975918e-9,353912,727091,OPTIMAL,2.723846771740567e7,0.0,2.7107149919113904e7,0.0,131317.79829482257,5492686,11336278,4.9260869053972304e7,13131.779829482277,0.00867225,0.453352041,0.051287458,1.744090083,4.809536208,0.566551209
tyndp/p2x_20_24_k_means_conical_bounded_0.01,570629,20,24,k_means,conical_bounded,unscaled,0.01,161.58781944257225,115.01204006755755,1.51388641878086,75.97137978169941,1.075825789839138,20,0.9823579269366949,1.0000000000000002,0.0,0.4575342465753425,0.16931506849315067,78586,531,0,0,OPTIMAL,1.4604051319733152e7,0.0,1.4446947505905265e7,0.0,6.239583721581239e-9,353912,727091,OPTIMAL,2.712373249970321e7,0.0,2.7106819539706316e7,0.0,16912.960000056555,5492686,11336278,4.9384721895737834e7,1691.2960000056496,0.008668709,0.441681958,0.081619875,1.869055292,4.609623167,0.566551209
tyndp/p2x_20_24_k_medoids_dirac_0.01,570629,20,24,k_medoids,dirac,unscaled,0.01,218.78345269686898,115.31329014214595,4.156799013550796,27.740886621228217,1.1813314360654816,20,1.0,1.0,0.0,0.0,0.05,0,0,0,0,OPTIMAL,2.5930214801164683e7,0.0,2.5708474001164634e7,0.0,0.0,353912,727091,OPTIMAL,2.8384363599804536e7,0.0,2.7828310882567205e7,0.0,556052.7172404088,5492686,11336278,4.365758239657461e7,55605.27172404088,0.008643792,0.432375042,1.166e-6,1.671546334,3.085540125,0.566551209
tyndp/p2x_20_24_k_medoids_convex_0.01,570629,20,24,k_medoids,convex,unscaled,0.01,167.32469270468968,115.31329014214595,4.156799013550796,27.740886621228217,1.1813314360654816,20,1.0,1.0000000000000002,0.0,0.0,0.33013698630136984,70867,357,0,0,OPTIMAL,2.434021412933446e7,0.0,2.4163295331720512e7,0.0,1.0309284146038758e-8,353912,727091,OPTIMAL,2.7368420808893163e7,0.0,2.7347809128896337e7,0.0,20611.67999984447,5492686,11336278,4.532222601334553e7,2061.167999984457,0.008943459,0.411411459,0.055195583,3.0594475,4.5191715,0.566551209
tyndp/p2x_20_24_k_medoids_conical_0.01,570629,20,24,k_medoids,conical,unscaled,0.01,165.0023747016734,115.31329014214595,4.156799013550796,27.740886621228217,1.1813314360654816,20,1.0004729967912425,1.17700469590675,0.4821917808219178,0.46301369863013697,0.34328767123287673,73848,335,0,0,OPTIMAL,2.4170838355472013e7,0.0,2.4013999292050466e7,0.0,1.0268002641338107e-8,353912,727091,OPTIMAL,2.7413005042165555e7,0.0,2.7397999793023217e7,0.0,15005.249145398364,5492686,11336278,4.928596727151448e7,1500.5249145398366,0.008633917,0.428943208,0.221633709,2.818864042,5.208948959,0.566551209
tyndp/p2x_20_24_k_medoids_conical_bounded_0.01,570629,20,24,k_medoids,conical_bounded,unscaled,0.01,166.3115803693028,115.31329014214595,4.156799013550796,27.740886621228217,1.1813314360654816,20,0.9722596560621819,1.0000000000000004,0.0,0.6602739726027397,0.32794520547945205,71606,311,0,0,OPTIMAL,2.316755439993325e7,0.0,2.30411612636189e7,0.0,1.536168708410535e-8,353912,727091,OPTIMAL,2.7418495766366035e7,0.0,2.739909805732132e7,0.0,19397.709047787834,5492686,11336278,4.31861943170124e7,1939.7709047787816,0.008739458,0.470095209,0.220076625,2.812871417,5.789753333,0.566551209
tyndp/p2x_20_24_hierarchical_dirac_0.01,570629,20,24,hierarchical,dirac,unscaled,0.01,217.79308045703442,116.30998045730809,4.73825987183036,24.546982141859235,1.1731531989512196,20,1.0,1.0,0.0,0.0,0.05,0,0,0,0,OPTIMAL,3.391487981990349e7,0.0,3.3701097099903055e7,0.0,0.0,353912,727091,OPTIMAL,2.837791098898048e7,0.0,2.7951270179087624e7,0.0,426640.809895826,5492686,11336278,6.149236784594335e7,42664.08098958268,0.008646625,0.4714745,1.667e-6,1.789588583,4.41321775,0.566551209
tyndp/p2x_20_24_hierarchical_convex_0.01,570629,20,24,hierarchical,convex,unscaled,0.01,164.58221245419202,116.30998045730809,4.73825987183036,24.546982141859235,1.1731531989512196,20,1.0,1.0000000000000002,0.0,0.0,0.3265753424657534,73490,305,0,0,OPTIMAL,3.369576241015133e7,0.0,3.359491965834058e7,0.0,0.0,353912,727091,OPTIMAL,2.7234088829889387e7,0.0,2.7219785150840156e7,0.0,14303.679052184469,5492686,11336278,6.369037015306493e7,1430.3679052184466,0.008621584,0.470800167,0.054624,2.850253917,5.935569791,0.566551209
tyndp/p2x_20_24_hierarchical_conical_0.01,570629,20,24,hierarchical,conical,unscaled,0.01,162.3860675953647,116.30998045730809,4.73825987183036,24.546982141859235,1.1731531989512196,20,1.0031503950483065,1.2248669582419554,0.5232876712328767,0.42191780821917807,0.3310958904109589,74177,339,0,0,OPTIMAL,3.384903177729155e7,0.0,3.375738379456491e7,0.0,-4.129822113642357e-9,353912,727091,OPTIMAL,2.707989527095747e7,0.0,2.7060844882054333e7,0.0,19050.38890616525,5492686,11336278,9.788709479344611e7,1905.0388906165326,0.008644625,0.446451708,0.212153208,2.850231375,4.309581791,0.566551209
tyndp/p2x_20_24_hierarchical_conical_bounded_0.01,570629,20,24,hierarchical,conical_bounded,unscaled,0.01,163.6964256643763,116.30998045730809,4.73825987183036,24.546982141859235,1.1731531989512196,20,0.9743892740047047,1.0000000000000002,0.0,0.6438356164383562,0.32109589041095893,73261,313,0,0,OPTIMAL,3.181161033954765e7,0.0,3.1727035518618356e7,0.0,12306.91780017504,353912,727091,OPTIMAL,2.7098080831918675e7,0.0,2.7086042111921433e7,0.0,12038.720000037634,5492686,11336278,4.348709549521655e7,1203.8720000037633,0.008575333,0.414871083,0.098873167,3.058686375,4.025716125,0.566551209
tyndp/p2x_20_24_chronological_dirac_0.01,570629,20,24,chronological,dirac,unscaled,0.01,230.88937115845934,115.68808488377859,4.7107410301761705,24.558362292195913,1.15143616196879,20,1.0,1.0,0.0,0.0,0.05,0,0,0,0,OPTIMAL,1.9996107587137207e7,0.0,1.9459439427137412e7,0.0,0.0,353912,727091,OPTIMAL,3.072046306889035e7,0.0,2.854362792352575e7,0.0,2.1768351453679968e6,5492686,11336278,6.736351434672908e7,217683.5145367991,0.008658,0.407776334,1.084e-6,2.570267792,2.601421459,0.566551209
tyndp/p2x_20_24_chronological_convex_0.01,570629,20,24,chronological,convex,unscaled,0.01,172.4697893862703,115.68808488377859,4.7107410301761705,24.558362292195913,1.15143616196879,20,1.0,1.0000000000000002,0.0,0.0,0.32972602739726026,75529,320,0,0,OPTIMAL,2.0983861749825194e7,0.0,2.0722999411290612e7,0.0,-1.7112334661711483e-9,353912,727091,OPTIMAL,2.7447032641579702e7,0.0,2.7429823201583795e7,0.0,17209.439999174992,5492686,11336278,4.954433622653196e7,1720.9439999174995,0.008649,0.432819916,0.075398125,2.842914792,4.345804125,0.566551209
tyndp/p2x_20_24_chronological_conical_0.01,570629,20,24,chronological,conical,unscaled,0.01,170.02756197678775,115.68808488377859,4.7107410301761705,24.558362292195913,1.15143616196879,20,1.001787687691523,1.245694774069031,0.4849315068493151,0.4602739726027397,0.33452054794520547,76025,337,0,0,OPTIMAL,2.1026419347899467e7,0.0,2.0778368669781167e7,0.0,-5.5422471124025255e-9,353912,727091,OPTIMAL,2.742192401041528e7,0.0,2.740549221428532e7,0.0,16431.79613316647,5492686,11336278,4.9353647683468014e7,1643.179613316639,0.008644375,0.415813834,0.056714167,1.783074083,4.359569292,0.566551209
tyndp/p2x_20_24_chronological_conical_bounded_0.01,570629,20,24,chronological,conical_bounded,unscaled,0.01,171.42292726534902,115.68808488377859,4.7107410301761705,24.558362292195913,1.15143616196879,20,0.9718645434957074,1.0000000000000002,0.0,0.6273972602739726,0.3234246575342466,75108,341,0,0,OPTIMAL,2.0334118500877123e7,0.0,2.0140634943645824e7,0.0,-3.1369684761783313e-9,353912,727091,OPTIMAL,2.753226541535344e7,0.0,2.751427654090991e7,0.0,17988.874446785427,5492686,11336278,4.900298178345243e7,1798.8874446785333,0.008935458,0.480646833,0.061384334,1.753249125,4.204899666,0.566551209
tyndp/p2x_20_24_convex_hull_dirac_0.01,570629,20,24,convex_hull,dirac,unscaled,0.01,234.794646357176,122.24183682195269,5.794860306577624,21.0948720684774,1.2081416550674675,20,1.0,1.0,0.0,0.0,0.05,0,0,2842,3903,OPTIMAL,3.685191806683798e7,0.0,3.592576414683805e7,0.0,0.0,353912,727091,OPTIMAL,2.8498529021837357e7,0.0,2.8181898865293764e7,0.0,316630.15654703986,5492686,11336278,8.099854240069932e7,31663.01565470404,0.00868225,2.214149583,1.291e-6,1.660630583,4.04805675,0.566551209
tyndp/p2x_20_24_convex_hull_convex_0.01,570629,20,24,convex_hull,convex,unscaled,0.01,165.0247890976292,122.24183682195269,5.794860306577624,21.0948720684774,1.2081416550674675,20,1.0,1.0000000000000002,0.0,0.0,0.35191780821917806,65904,306,2842,3903,OPTIMAL,5.262976227136305e7,0.0,5.207502773913011e7,0.0,3.190870465530844e-8,353912,727091,OPTIMAL,2.714848413042986e7,0.0,2.7127393250433348e7,0.0,21090.879999565994,5492686,11336278,5.726319391927686e7,2109.0879999565977,0.008651625,0.862950208,0.064047084,1.767146959,5.467094333,0.566551209
tyndp/p2x_20_24_convex_hull_conical_0.01,570629,20,24,convex_hull,conical,unscaled,0.01,162.34285930298051,122.24183682195269,5.794860306577624,21.0948720684774,1.2081416550674675,20,0.9785957273978437,1.1550704680602062,0.3643835616438356,0.5808219178082191,0.3612328767123288,67170,288,2842,3903,OPTIMAL,5.0187148278486945e7,0.0,4.965162967543023e7,0.0,-1.8263526097887804e-8,353912,727091,OPTIMAL,2.7126986676069085e7,0.0,2.7105895796071403e7,0.0,21090.88000085595,5492686,11336278,4.7020396444348976e7,2109.088000085593,0.008693041,2.116742208,0.037621458,1.80189475,4.793478291,0.566551209
tyndp/p2x_20_24_convex_hull_conical_bounded_0.01,570629,20,24,convex_hull,conical_bounded,unscaled,0.01,163.1507435693042,122.24183682195269,5.794860306577624,21.0948720684774,1.2081416550674675,20,0.9604363918631337,1.0000000000000002,0.0,0.7178082191780822,0.35232876712328765,66823,274,2842,3903,OPTIMAL,4.813665865152229e7,0.0,4.7625062152329944e7,0.0,3.8542407656200435e-9,353912,727091,OPTIMAL,2.72454283357904e7,0.0,2.7224337455793533e7,0.0,21090.88000014765,5492686,11336278,6.307051285625801e7,2109.0880000147663,0.008646625,2.09633325,0.067301042,1.803029917,4.829371333,0.566551209
tyndp/p2x_20_24_convex_hull_with_null_dirac_0.01,570629,20,24,convex_hull_with_null,dirac,unscaled,0.01,235.4895348289904,122.2740717366647,6.249486490580302,19.565459005466355,1.2060994757889825,20,1.0,1.0,0.0,0.0,0.05,0,0,2548,4562,OPTIMAL,2.4192308923612695e7,0.0,2.363746156361263e7,0.0,0.0,353912,727091,OPTIMAL,3.047530581937418e7,0.0,2.7631660598764423e7,0.0,2.843645220613056e6,5492686,11336278,4.1761414873857416e7,284364.5220613049,0.008696167,0.92749575,1.083e-6,1.783081917,4.414502333,0.566551209
tyndp/p2x_20_24_convex_hull_with_null_convex_0.01,570629,20,24,convex_hull_with_null,convex,unscaled,0.01,167.01879368811618,122.2740717366647,6.249486490580302,19.565459005466355,1.2060994757889825,20,1.0,1.0000000000000002,0.0,0.0,0.353972602739726,65192,276,2548,4562,OPTIMAL,3.45912011791235e7,0.0,3.400564314832972e7,0.0,-5.510716373612576e-9,353912,727091,OPTIMAL,2.7084500921263825e7,0.0,2.7067647801267534e7,0.0,16853.11999941417,5492686,11336278,4.891540230450732e7,1685.3119999414166,0.008640292,0.8990685,0.068478333,1.919375542,6.06336025,0.566551209
tyndp/p2x_20_24_convex_hull_with_null_conical_0.01,570629,20,24,convex_hull_with_null,conical,unscaled,0.01,161.50745773531398,122.2740717366647,6.249486490580302,19.565459005466355,1.2060994757889825,20,0.9612263560774529,1.1458348783050645,0.3315068493150685,0.6136986301369863,0.35383561643835615,65022,266,2548,4562,OPTIMAL,3.2527128417509712e7,0.0,3.2172508781087995e7,0.0,7.011750625376988e-8,353912,727091,OPTIMAL,2.728211274942605e7,0.0,2.7263872429428864e7,0.0,18240.320000540632,5492686,11336278,5.385338272015669e7,1824.0320000540682,0.008596875,2.212170083,0.037906666,1.795806375,4.415161792,0.566551209
tyndp/p2x_20_24_convex_hull_with_null_conical_bounded_0.01,570629,20,24,convex_hull_with_null,conical_bounded,unscaled,0.01,162.43113544769255,122.2740717366647,6.249486490580302,19.565459005466355,1.2060994757889825,20,0.9437215856971429,1.0000000000000002,0.0,0.7534246575342466,0.34506849315068494,65260,285,2548,4562,OPTIMAL,3.099697986568017e7,0.0,3.0665341610582594e7,0.0,-3.594716249190174e-8,353912,727091,OPTIMAL,2.7285145654390123e7,0.0,2.7266905334393047e7,0.0,18240.32000036488,5492686,11336278,5.762992627459903e7,1824.0320000364854,0.008700708,2.131058333,0.07266025,1.809828875,4.674976292,0.566551209
tyndp/p2x_20_24_conical_hull_dirac_0.01,570629,20,24,conical_hull,dirac,unscaled,0.01,232.87849358832202,105.15492075598438,5.6092313366626625,18.7467612663215,1.2444777884470208,20,1.0,1.0,0.0,0.0,0.05,0,0,2555,4190,OPTIMAL,3.528970066370902e7,0.0,3.496687570370887e7,0.0,0.0,353912,727091,OPTIMAL,2.7720876408207826e7,0.0,2.7698387928208552e7,0.0,22488.480002901495,5492686,11336278,3.91627392204153e7,2248.8480002901497,0.008663958,0.81585725,1.25e-6,1.685004084,4.233907584,0.566551209
tyndp/p2x_20_24_conical_hull_convex_0.01,570629,20,24,conical_hull,convex,unscaled,0.01,171.35077163920687,105.15492075598438,5.6092313366626625,18.7467612663215,1.2444777884470208,20,1.0,1.0000000000000002,0.0,0.0,0.3441095890410959,57631,277,2555,4190,OPTIMAL,4.223700498047169e7,0.0,4.2087836776650496e7,0.0,-9.113166303325584e-10,353912,727091,OPTIMAL,2.7122542932876654e7,0.0,2.7106256813622564e7,0.0,16286.119257108332,5492686,11336278,4.275680763511795e7,1628.61192571083,0.00870875,0.783054167,0.060571375,1.7552005,5.26955125,0.566551209
tyndp/p2x_20_24_conical_hull_conical_0.01,570629,20,24,conical_hull,conical,unscaled,0.01,163.44984444053466,105.15492075598438,5.6092313366626625,18.7467612663215,1.2444777884470208,20,1.0795599204320854,1.3061260100764416,0.7917808219178082,0.15342465753424658,0.3747945205479452,60066,285,2555,4190,OPTIMAL,4.494029734869551e7,0.0,4.471781118783127e7,0.0,0.0,353912,727091,OPTIMAL,2.711900685773116e7,0.0,2.7105338774084687e7,0.0,13668.083649644817,5492686,11336278,3.296812654044748e7,1366.8083649644818,0.009110584,2.064309041,0.036717041,1.80020775,6.687893167,0.566551209
tyndp/p2x_20_24_conical_hull_conical_bounded_0.01,570629,20,24,conical_hull,conical_bounded,unscaled,0.01,171.36052074434926,105.15492075598438,5.6092313366626625,18.7467612663215,1.2444777884470208,20,0.9912563215358642,1.0000000000000002,0.0,0.4438356164383562,0.34342465753424656,57877,277,2555,4190,OPTIMAL,4.188100035657366e7,0.0,4.17457746082674e7,0.0,0.0,353912,727091,OPTIMAL,2.7241896093869153e7,0.0,2.7228001334615547e7,0.0,13894.759256672674,5492686,11336278,5.001587798036597e7,1389.4759256672676,0.008621625,2.021787125,0.066233541,1.78419575,6.084394,0.566551209
tyndp/p2x_40_24_k_means_dirac_0.01,570629,40,24,k_means,dirac,unscaled,0.01,158.46036170649154,163.85871539368927,1.3898214491170773,117.8991125067073,1.097781594505574,40,1.0,1.0,0.0,0.0,0.025,0,0,0,0,OPTIMAL,1.6328374801643195e7,0.0,1.6246540566555936e7,0.0,0.0,656312,1351111,OPTIMAL,2.7355753387014497e7,0.0,2.715041093857371e7,0.0,205342.4484439429,5492686,11336278,4.016864384106455e7,20534.244844394296,0.008671333,0.496265458,1.708e-6,3.802385791,8.66673725,0.566551209
tyndp/p2x_40_24_k_means_convex_0.01,570629,40,24,k_means,convex,unscaled,0.01,148.5662185267997,163.85871539368927,1.3898214491170773,117.8991125067073,1.097781594505574,40,1.0,1.0000000000000002,0.0,0.0,0.10410958904109589,119836,673,0,0,OPTIMAL,1.693698210421501e7,0.0,1.6846264141815055e7,0.0,-2.9639381241953298e-8,656312,1351111,OPTIMAL,2.6943220617775083e7,0.0,2.692650893777973e7,0.0,16711.679998478976,5492686,11336278,4.367062839352765e7,1671.1679998478971,0.00862875,0.4508015,0.206729875,2.815663833,13.196667166,0.566551209
tyndp/p2x_40_24_k_means_conical_0.01,570629,40,24,k_means,conical,unscaled,0.01,146.18826266719512,163.85871539368927,1.3898214491170773,117.8991125067073,1.097781594505574,40,1.0156977981703907,1.2212651352963788,0.6164383561643836,0.3835616438356164,0.1082876712328767,123440,687,0,0,OPTIMAL,1.738848264643212e7,0.0,1.7294595403823655e7,0.0,-6.965964012801349e-10,656312,1351111,OPTIMAL,2.7782857157007173e7,0.0,2.692809184275764e7,0.0,854765.314252676,5492686,11336278,3.808484002882597e7,85476.53142526755,0.008634834,0.458002416,0.300177166,3.740237959,12.86478825,0.566551209
tyndp/p2x_40_24_k_means_conical_bounded_0.01,570629,40,24,k_means,conical_bounded,unscaled,0.01,148.00192555361633,163.85871539368927,1.3898214491170773,117.8991125067073,1.097781594505574,40,0.9833342030295713,1.0000000000000002,0.0,0.5178082191780822,0.10335616438356164,117782,687,0,0,OPTIMAL,1.6217343671695998e7,0.0,1.6149158250700643e7,0.0,2.5509165139041894e-8,656312,1351111,OPTIMAL,2.7002817802548278e7,0.0,2.698317940255479e7,0.0,19638.39999660846,5492686,11336278,3.7623988478558555e7,1963.8399996608443,0.008579167,0.464517208,1.193688875,3.095494833,13.961928584,0.566551209
tyndp/p2x_40_24_k_medoids_dirac_0.01,570629,40,24,k_medoids,dirac,unscaled,0.01,201.8483833250959,163.74438395177293,3.5642070636397714,45.94132187835266,1.1835011820039958,40,1.0,1.0,0.0,0.0,0.025,0,0,0,0,OPTIMAL,2.6111046745451175e7,0.0,2.5847581785450973e7,0.0,0.0,656312,1351111,OPTIMAL,2.8068783362781446e7,0.0,2.7853773544646926e7,0.0,215009.81813751365,5492686,11336278,5.9662545979138695e7,21500.981813751365,0.008720667,0.415081166,1.583e-6,3.852897916,10.116007417,0.566551209
tyndp/p2x_40_24_k_medoids_convex_0.01,570629,40,24,k_medoids,convex,unscaled,0.01,150.60626467474938,163.74438395177293,3.5642070636397714,45.94132187835266,1.1835011820039958,40,1.0,1.0000000000000002,0.0,0.0,0.1928082191780822,105821,478,0,0,OPTIMAL,2.507225510256149e7,0.0,2.4907394044878244e7,0.0,2.244353895905281e-8,656312,1351111,OPTIMAL,2.7032736570993863e7,0.0,2.701206729099749e7,0.0,20669.27999941077,5492686,11336278,3.9117218010297924e7,2066.927999941075,0.008743167,0.420449,1.200916958,2.927219083,9.95839225,0.566551209
tyndp/p2x_40_24_k_medoids_conical_0.01,570629,40,24,k_medoids,conical,unscaled,0.01,148.23496828517446,163.74438395177293,3.5642070636397714,45.94132187835266,1.1835011820039958,40,1.0093024966017239,1.2111365476911422,0.5178082191780822,0.3726027397260274,0.1997945205479452,109249,514,0,0,OPTIMAL,2.5506691901286364e7,0.0,2.5362810215268634e7,0.0,8.417960010031319e-9,656312,1351111,OPTIMAL,2.7085751369080402e7,0.0,2.705517615992882e7,0.0,30575.209154558517,5492686,11336278,4.211075842554574e7,3057.5209154558506,0.0086795,0.419564584,0.12840075,4.051043958,11.012227125,0.566551209
tyndp/p2x_40_24_k_medoids_conical_bounded_0.01,570629,40,24,k_medoids,conical_bounded,unscaled,0.01,149.96779957327885,163.74438395177293,3.5642070636397714,45.94132187835266,1.1835011820039958,40,0.9778887002307148,1.0000000000000002,0.0,0.6410958904109589,0.19136986301369863,105647,482,0,0,OPTIMAL,2.399399657555048e7,0.0,2.387069732976533e7,0.0,0.0,656312,1351111,OPTIMAL,2.7251349490722388e7,0.0,2.7242743907352634e7,0.0,8605.58337276553,5492686,11336278,6.506737806330839e7,860.5583372765534,0.008651125,0.4325355,0.320974375,3.770555625,15.041643,0.566551209
tyndp/p2x_40_24_hierarchical_dirac_0.01,570629,40,24,hierarchical,dirac,unscaled,0.01,202.10751323232063,164.20719924449077,3.8208108954696494,42.97705480247449,1.1835617950954118,40,1.0,1.0,0.0,0.0,0.025,0,0,0,0,OPTIMAL,3.110778692608565e7,0.0,3.0735916206084926e7,0.0,0.0,656312,1351111,OPTIMAL,2.8024165576644745e7,0.0,2.7601273886750773e7,0.0,422891.6898968852,5492686,11336278,5.7796097208533116e7,42289.16898968854,0.008555375,0.42511575,1.833e-6,3.927007667,6.72552925,0.566551209
tyndp/p2x_40_24_hierarchical_convex_0.01,570629,40,24,hierarchical,convex,unscaled,0.01,149.10479141001875,164.20719924449077,3.8208108954696494,42.97705480247449,1.1835617950954118,40,1.0,1.0000000000000002,0.0,0.0,0.19027397260273973,108637,498,0,0,OPTIMAL,3.049625000279147e7,0.0,3.0282759815935988e7,0.0,9124.748482245084,656312,1351111,OPTIMAL,2.6865498935054965e7,0.0,2.6845925815055933e7,0.0,19573.12000183147,5492686,11336278,4.178473564865924e7,1957.3120001831471,0.008786125,0.429084208,0.193699625,3.9168955,10.200318292,0.566551209
tyndp/p2x_40_24_hierarchical_conical_0.01,570629,40,24,hierarchical,conical,unscaled,0.01,146.67078877913823,164.20719924449077,3.8208108954696494,42.97705480247449,1.1835617950954118,40,1.0047582815181784,1.23253171424046,0.4904109589041096,0.4,0.1917808219178082,108548,595,0,0,OPTIMAL,3.069669363245468e7,0.0,3.0508030680744838e7,0.0,-6.643694251905677e-10,656312,1351111,OPTIMAL,2.6887012394677427e7,0.0,2.686833576319509e7,0.0,18676.63148529575,5492686,11336278,4.4548475921464145e7,1867.6631485295748,0.008621542,0.422078334,0.285525083,3.794710625,9.920962125,0.566551209
tyndp/p2x_40_24_hierarchical_conical_bounded_0.01,570629,40,24,hierarchical,conical_bounded,unscaled,0.01,148.3610815968746,164.20719924449077,3.8208108954696494,42.97705480247449,1.1835617950954118,40,0.9766430907474027,1.0000000000000002,0.0,0.6410958904109589,0.18698630136986302,107686,490,0,0,OPTIMAL,2.9133474021990683e7,0.0,2.895031368200699e7,0.0,5.784855107013325e-10,656312,1351111,OPTIMAL,2.69049845193301e7,0.0,2.6885411399332162e7,0.0,19573.12000081903,5492686,11336278,4.4553777574047476e7,1957.3120000819004,0.008613708,0.428285375,0.175597541,3.785331,11.168889375,0.566551209
tyndp/p2x_40_24_chronological_dirac_0.01,570629,40,24,chronological,dirac,unscaled,0.01,220.37444701224527,163.74562284698044,3.4689594902096093,47.20309456167395,1.1725512616531446,40,1.0,1.0,0.0,0.0,0.025,0,0,0,0,OPTIMAL,2.18937924297441e7,0.0,2.1701243309742592e7,0.0,0.0,656312,1351111,OPTIMAL,3.071985841190008e7,0.0,2.8489653615211703e7,0.0,2.230204796691717e6,5492686,11336278,6.991804479875703e7,223020.47966917141,0.008686291,0.465041125,1.0709e-5,3.679074083,5.298031792,0.566551209
tyndp/p2x_40_24_chronological_convex_0.01,570629,40,24,chronological,convex,unscaled,0.01,152.30044142375044,163.74562284698044,3.4689594902096093,47.20309456167395,1.1725512616531446,40,1.0,1.0000000000000002,0.0,0.0,0.19075342465753425,111102,604,0,0,OPTIMAL,2.3759246852246054e7,0.0,2.3554913802453604e7,0.0,-1.9528592479963386e-9,656312,1351111,OPTIMAL,2.702517911172324e7,0.0,2.70106271117272e7,0.0,14551.999999004296,5492686,11336278,4.519468931325595e7,1455.1999999004297,0.008663167,0.453033083,1.224781375,3.117938625,10.206193667,0.566551209
tyndp/p2x_40_24_chronological_conical_0.01,570629,40,24,chronological,conical,unscaled,0.01,150.09972295076483,163.74562284698044,3.4689594902096093,47.20309456167395,1.1725512616531446,40,1.00304093916103,1.1955206279211443,0.4767123287671233,0.4136986301369863,0.19342465753424656,111274,529,0,0,OPTIMAL,2.359059403035315e7,0.0,2.3407593241991166e7,0.0,0.0,656312,1351111,OPTIMAL,2.7396199132233035e7,0.0,2.7386185776583273e7,0.0,10013.355652816572,5492686,11336278,7.038441446444716e7,1001.3355652816572,0.008648583,0.466308917,1.118765333,2.9537515,16.282336,0.566551209
tyndp/p2x_40_24_chronological_conical_bounded_0.01,570629,40,24,chronological,conical_bounded,unscaled,0.01,151.59563491154822,163.74562284698044,3.4689594902096093,47.20309456167395,1.1725512616531446,40,0.9757154989045433,1.0000000000000002,0.0,0.6301369863013698,0.18691780821917808,110608,604,0,0,OPTIMAL,2.2384705560722053e7,0.0,2.223317572806288e7,0.0,-1.9086117067248123e-9,656312,1351111,OPTIMAL,2.707758151395549e7,0.0,2.7063383113958493e7,0.0,14198.399999983,5492686,11336278,3.837850996540401e7,1419.8399999983014,0.008634917,0.4187915,0.339200125,3.71125025,12.469689584,0.566551209
tyndp/p2x_40_24_convex_hull_dirac_0.01,570629,40,24,convex_hull,dirac,unscaled,0.01,215.5410092487626,170.47018348793063,4.251899577417142,40.09271159491598,1.2072921546909097,40,1.0,1.0,0.0,0.0,0.025,0,0,7586,5869,OPTIMAL,2.9883612923913125e7,0.0,2.928197196391335e7,0.0,0.0,656312,1351111,OPTIMAL,2.778083823404302e7,0.0,2.7770679034048963e7,0.0,10159.199997504122,5492686,11336278,7.055430415556209e7,1015.9199997504122,0.008625417,1.61902925,2.0e-6,2.588572,9.36685125,0.566551209
tyndp/p2x_40_24_convex_hull_convex_0.01,570629,40,24,convex_hull,convex,unscaled,0.01,148.58595398502177,170.47018348793063,4.251899577417142,40.09271159491598,1.2072921546909097,40,1.0,1.0000000000000002,0.0,0.0,0.20232876712328768,98283,430,7586,5869,OPTIMAL,3.871835200044903e7,0.0,3.850195911369147e7,0.0,-5.956573387337779e-9,656312,1351111,OPTIMAL,2.68988941613394e7,0.0,2.68793210413429e7,0.0,19573.119999789822,5492686,11336278,4.6616350869932346e7,1957.311999978982,0.008656333,2.817717708,0.145335083,2.909971292,11.7109265,0.566551209
tyndp/p2x_40_24_convex_hull_conical_0.01,570629,40,24,convex_hull,conical,unscaled,0.01,146.00959611439438,170.47018348793063,4.251899577417142,40.09271159491598,1.2072921546909097,40,0.9855530704261866,1.1696322777978123,0.38904109589041097,0.5013698630136987,0.20712328767123286,100918,470,7586,5869,OPTIMAL,3.719755764012167e7,0.0,3.6993850803654276e7,0.0,0.0,656312,1351111,OPTIMAL,2.724266470054664e7,0.0,2.723063414055059e7,0.0,12030.55999946743,5492686,11336278,7.011188841772702e7,1203.055999946743,0.008705959,1.632932875,0.100045667,3.891647125,14.374110916,0.566551209
tyndp/p2x_40_24_convex_hull_conical_bounded_0.01,570629,40,24,convex_hull,conical_bounded,unscaled,0.01,147.07937096375525,170.47018348793063,4.251899577417142,40.09271159491598,1.2072921546909097,40,0.9648715009129503,1.0000000000000002,0.0,0.7095890410958904,0.20089041095890411,99144,469,7586,5869,OPTIMAL,3.580426458176351e7,0.0,3.5618812589428484e7,0.0,-5.549709746189252e-10,656312,1351111,OPTIMAL,2.6993226421720747e7,0.0,2.6970519861724056e7,0.0,22706.560000096186,5492686,11336278,3.8097117464346245e7,2270.656000009614,0.008724542,2.920870583,0.153560625,2.953719125,10.985518542,0.566551209
tyndp/p2x_40_24_convex_hull_with_null_dirac_0.01,570629,40,24,convex_hull_with_null,dirac,unscaled,0.01,216.67096233223137,172.9256942812605,3.9507327798098917,43.77053673814447,1.20319684598097,40,1.0,1.0,0.0,0.0,0.025,0,0,7545,6275,OPTIMAL,3.44859721723336e7,0.0,3.4146953932333626e7,0.0,0.0,656312,1351111,OPTIMAL,2.782671652131728e7,0.0,2.7777557855043527e7,0.0,49158.66627716861,5492686,11336278,6.984680212976913e7,4915.866627716861,0.008626125,2.853591917,1.75e-6,2.788841208,9.314309792,0.566551209
tyndp/p2x_40_24_convex_hull_with_null_convex_0.01,570629,40,24,convex_hull_with_null,convex,unscaled,0.01,149.11310512009155,172.9256942812605,3.9507327798098917,43.77053673814447,1.20319684598097,40,1.0,1.0000000000000004,0.0,0.0,0.20089041095890411,99181,426,7545,6275,OPTIMAL,3.986989298220713e7,0.0,3.966758329467148e7,0.0,0.0,656312,1351111,OPTIMAL,2.7193052686315924e7,0.0,2.7183879086319722e7,0.0,9173.59999936273,5492686,11336278,6.879090343419543e7,917.3599999362732,0.008591916,1.643044375,0.177827125,2.853149584,13.26787925,0.566551209
tyndp/p2x_40_24_convex_hull_with_null_conical_0.01,570629,40,24,convex_hull_with_null,conical,unscaled,0.01,145.03809721664845,172.9256942812605,3.9507327798098917,43.77053673814447,1.20319684598097,40,0.9661355975071712,1.127831655535526,0.3287671232876712,0.5616438356164384,0.2013013698630137,101868,448,7545,6275,OPTIMAL,3.4963745779824615e7,0.0,3.481917423004472e7,0.0,1.1912315020657902e-9,656312,1351111,OPTIMAL,2.708331569730845e7,0.0,2.706096273731164e7,0.0,22352.9600001641,5492686,11336278,4.094484097261719e7,2235.296000016418,0.008636625,2.849082209,0.099560459,2.902640833,9.060114,0.566551209
tyndp/p2x_40_24_convex_hull_with_null_conical_bounded_0.01,570629,40,24,convex_hull_with_null,conical_bounded,unscaled,0.01,145.82958558964822,172.9256942812605,3.9507327798098917,43.77053673814447,1.20319684598097,40,0.9506729895860686,1.0000000000000002,0.0,0.7232876712328767,0.19767123287671232,100851,471,7545,6275,OPTIMAL,3.3852235079897255e7,0.0,3.371903031924586e7,0.0,0.0,656312,1351111,OPTIMAL,2.7433951219264757e7,0.0,2.7424219611418203e7,0.0,9731.607850017139,5492686,11336278,7.481320688110097e7,973.160785001714,0.00861225,1.646881916,0.183750125,4.137974708,13.849305,0.566551209
tyndp/p2x_40_24_conical_hull_dirac_0.01,570629,40,24,conical_hull,dirac,unscaled,0.01,218.461447942101,150.49860105853716,3.9157517913973034,38.43415238656712,1.2372680389890751,40,1.0,1.0,0.0,0.0,0.025,0,0,7362,6093,OPTIMAL,3.35890299901236e7,0.0,3.326837207012338e7,0.0,0.0,656312,1351111,OPTIMAL,2.7672395830023408e7,0.0,2.76539386809466e7,0.0,18457.149080107272,5492686,11336278,4.784052197160979e7,1845.7149080107279,0.00863125,1.1681805,1.25e-6,3.683083416,8.3858545,0.566551209
tyndp/p2x_40_24_conical_hull_convex_0.01,570629,40,24,conical_hull,convex,unscaled,0.01,156.53899943667795,150.49860105853716,3.9157517913973034,38.43415238656712,1.2372680389890751,40,1.0,1.0000000000000002,0.0,0.0,0.1976027397260274,90154,427,7362,6093,OPTIMAL,3.43411481878479e7,0.0,3.411221820598785e7,0.0,1.8060929347727925e-8,656312,1351111,OPTIMAL,2.691818907846767e7,0.0,2.6899456438471995e7,0.0,18732.639998699127,5492686,11336278,3.969830237185467e7,1873.2639998699285,0.008627958,2.466120625,0.13548375,3.025300167,10.2845265,0.566551209
tyndp/p2x_40_24_conical_hull_conical_0.01,570629,40,24,conical_hull,conical,unscaled,0.01,148.7512829441505,150.49860105853716,3.9157517913973034,38.43415238656712,1.2372680389890751,40,1.07230326377388,1.3082643150561948,0.7397260273972602,0.1506849315068493,0.21575342465753425,94974,430,7362,6093,OPTIMAL,3.6887184928354725e7,0.0,3.658682386922539e7,0.0,4.857278071801319e-10,656312,1351111,OPTIMAL,2.695693309957664e7,0.0,2.692650934150067e7,0.0,30423.7580791862,5492686,11336278,3.4255796149037585e7,3042.3758079186105,0.008677625,2.523915167,0.097648042,2.948891166,11.799064709,0.566551209
tyndp/p2x_40_24_conical_hull_conical_bounded_0.01,570629,40,24,conical_hull,conical_bounded,unscaled,0.01,156.66677966387476,150.49860105853716,3.9157517913973034,38.43415238656712,1.2372680389890751,40,0.9912534775334693,1.0000000000000002,0.0,0.5260273972602739,0.19746575342465753,89826,446,7362,6093,OPTIMAL,3.3946163495447e7,0.0,3.372722937963437e7,0.0,1.657184145219167e-8,656312,1351111,OPTIMAL,2.69540179756089e7,0.0,2.69352853356136e7,0.0,18732.639998218634,5492686,11336278,4.3500482804272205e7,1873.2639998218642,0.0086595,2.493745542,0.144856208,2.9357235,9.7534835,0.566551209
tyndp/p2x_80_24_k_means_dirac_0.01,570629,80,24,k_means,dirac,unscaled,0.01,140.00704027670656,232.58968100072482,1.204155449726181,193.1558596139847,1.1222837833367019,80,1.0,1.0,0.0,0.0,0.0125,0,0,0,0,OPTIMAL,1.8388988968438845e7,0.0,1.82784307507416e7,0.0,0.0,1261112,2599151,OPTIMAL,2.7312147134404372e7,0.0,2.7293530494406264e7,0.0,18616.64000082697,5492686,11336278,5.987302064416135e7,1861.664000082697,0.008592875,0.502803208,8.75e-7,5.744844834,18.235006375,0.566551209
tyndp/p2x_80_24_k_means_convex_0.01,570629,80,24,k_means,convex,unscaled,0.01,129.8935911272633,232.58968100072482,1.204155449726181,193.1558596139847,1.1222837833367019,80,1.0,1.0000000000000002,0.0,0.0,0.06113013698630137,170438,920,0,0,OPTIMAL,1.9301436823578324e7,0.0,1.9230003541999526e7,0.0,0.0,1261112,2599151,OPTIMAL,2.6941159193317212e7,0.0,2.693169674183881e7,0.0,9462.451481451299,5492686,11336278,6.3519128449106604e7,946.2451481451297,0.008998583,0.478490917,0.616861375,6.210234667,49.19656875,0.566551209
tyndp/p2x_80_24_k_means_conical_0.01,570629,80,24,k_means,conical,unscaled,0.01,128.06169012317702,232.58968100072482,1.204155449726181,193.1558596139847,1.1222837833367019,80,1.016461623889826,1.1357178455221817,0.6547945205479452,0.3315068493150685,0.06328767123287671,179103,905,0,0,OPTIMAL,1.9859619952080075e7,0.0,1.979449430522368e7,0.0,0.0,1261112,2599151,OPTIMAL,2.734925806268952e7,0.0,2.691559676357937e7,0.0,433661.2991130856,5492686,11336278,6.169235850303127e7,43366.12991130857,0.008725166,0.485260083,1.59585775,5.119728875,55.970409333,0.566551209
tyndp/p2x_80_24_k_means_conical_bounded_0.01,570629,80,24,k_means,conical_bounded,unscaled,0.01,129.68132298439355,232.58968100072482,1.204155449726181,193.1558596139847,1.1222837833367019,80,0.9861590557403495,1.0000000000000002,0.0,0.6,0.06003424657534247,170278,920,0,0,OPTIMAL,1.8635223036327727e7,0.0,1.8578489248840712e7,0.0,0.0,1261112,2599151,OPTIMAL,2.697109602402589e7,0.0,2.6959130219120845e7,0.0,11965.804908007296,5492686,11336278,6.561844027179773e7,1196.5804908007296,0.008643917,0.468859458,1.930081416,5.025780208,45.170177792,0.566551209
tyndp/p2x_80_24_k_medoids_dirac_0.01,570629,80,24,k_medoids,dirac,unscaled,0.01,182.9143255378057,230.8501592375203,2.5479155613553472,90.60353598010173,1.1918222241595557,80,1.0,1.0,0.0,0.0,0.0125,0,0,0,0,OPTIMAL,2.5943419996545374e7,0.0,2.569766847654457e7,0.0,0.0,1261112,2599151,OPTIMAL,2.784634476914502e7,0.0,2.748748187913258e7,0.0,358862.8900154982,5492686,11336278,5.539877357930703e7,35886.28900154985,0.00865025,0.435783833,1.125e-6,5.806849792,18.252444583,0.566551209
tyndp/p2x_80_24_k_medoids_convex_0.01,570629,80,24,k_medoids,convex,unscaled,0.01,131.1831620601126,230.8501592375203,2.5479155613553472,90.60353598010173,1.1918222241595557,80,1.0,1.0000000000000002,0.0,0.0,0.1027054794520548,147114,761,0,0,OPTIMAL,2.6759857046949815e7,0.0,2.6690733646484513e7,0.0,2.7475825043103747e-11,1261112,2599151,OPTIMAL,2.693596274738049e7,0.0,2.69204048273831e7,0.0,15557.920000207307,5492686,11336278,5.944647158399896e7,1555.792000020731,0.008578542,0.454567542,0.549633583,6.044413666,40.614937458,0.566551209
tyndp/p2x_80_24_k_medoids_conical_0.01,570629,80,24,k_medoids,conical,unscaled,0.01,129.3508623722656,230.8501592375203,2.5479155613553472,90.60353598010173,1.1918222241595557,80,1.0104066468688688,1.1710775105624476,0.4657534246575342,0.3150684931506849,0.10623287671232877,151506,878,0,0,OPTIMAL,2.720203939928398e7,0.0,2.713724171017481e7,0.0,0.0,1261112,2599151,OPTIMAL,2.6939159210239258e7,0.0,2.6932312745418437e7,0.0,6846.464823667904,5492686,11336278,5.532736757861845e7,684.6464823667905,0.008745333,0.470439,0.334834333,6.07162275,39.552092834,0.566551209
tyndp/p2x_80_24_k_medoids_conical_bounded_0.01,570629,80,24,k_medoids,conical_bounded,unscaled,0.01,130.9370408315477,230.8501592375203,2.5479155613553472,90.60353598010173,1.1918222241595557,80,0.9821324952294158,1.0000000000000002,0.0,0.6301369863013698,0.10113013698630137,147035,781,0,0,OPTIMAL,2.594911142692811e7,0.0,2.5890521463510763e7,0.0,0.0,1261112,2599151,OPTIMAL,2.7006343523887593e7,0.0,2.6997990016094394e7,0.0,8353.507796126138,5492686,11336278,6.2569659231680535e7,835.3507796126137,0.008635708,0.424129583,0.554448833,6.249377583,36.654687291,0.566551209
tyndp/p2x_80_24_hierarchical_dirac_0.01,570629,80,24,hierarchical,dirac,unscaled,0.01,178.5874325504276,236.4439905808771,2.476953407404749,95.45758506156703,1.1828597337826086,80,1.0,1.0,0.0,0.0,0.0125,0,0,0,0,OPTIMAL,3.2930268310847957e7,0.0,3.264704095084735e7,0.0,0.0,1261112,2599151,OPTIMAL,2.7742605633171372e7,0.0,2.7284319698342312e7,0.0,458285.93483191094,5492686,11336278,5.918293099117001e7,45828.593483191136,0.008622,0.521293541,1.416e-6,5.872037625,14.528778292,0.566551209
tyndp/p2x_80_24_hierarchical_convex_0.01,570629,80,24,hierarchical,convex,unscaled,0.01,128.70088257666254,236.4439905808771,2.476953407404749,95.45758506156703,1.1828597337826086,80,1.0,1.0000000000000002,0.0,0.0,0.09928082191780822,146833,805,0,0,OPTIMAL,3.3161991566779412e7,0.0,3.3060036191849217e7,0.0,5269.790730141161,1261112,2599151,OPTIMAL,2.6622625973293863e7,0.0,2.6607453813296508e7,0.0,15172.160000374533,5492686,11336278,4.000336145458199e7,1517.2160000374538,0.00864025,0.465382709,0.541315625,6.131735167,34.273524875,0.566551209
tyndp/p2x_80_24_hierarchical_conical_0.01,570629,80,24,hierarchical,conical,unscaled,0.01,127.09512425616985,236.4439905808771,2.476953407404749,95.45758506156703,1.1828597337826086,80,0.9982310542563969,1.1368078548749585,0.3780821917808219,0.40273972602739727,0.10051369863013698,148008,786,0,0,OPTIMAL,3.246636776498104e7,0.0,3.2379105129214272e7,0.0,0.0,1261112,2599151,OPTIMAL,2.6821147303279713e7,0.0,2.6814147900795795e7,0.0,6999.402486904195,5492686,11336278,6.420222566675026e7,699.9402486904195,0.008675208,0.490032167,0.341353667,6.034199334,34.658101,0.566551209
tyndp/p2x_80_24_hierarchical_conical_bounded_0.01,570629,80,24,hierarchical,conical_bounded,unscaled,0.01,128.11684475399485,236.4439905808771,2.476953407404749,95.45758506156703,1.1828597337826086,80,0.9786940218329877,1.0000000000000002,0.0,0.6410958904109589,0.09842465753424658,145744,777,0,0,OPTIMAL,3.1066483504387166e7,0.0,3.09835364994858e7,0.0,1.4880169908201535e-8,1261112,2599151,OPTIMAL,2.6661511440144368e7,0.0,2.6643619280146692e7,0.0,17892.16000081855,5492686,11336278,4.162404592417188e7,1789.216000081856,0.008689833,0.43710325,0.544165084,5.866105667,35.681915458,0.566551209
tyndp/p2x_80_24_chronological_dirac_0.01,570629,80,24,chronological,dirac,unscaled,0.01,197.46342184554908,230.10948886883358,2.304121467847314,99.86864498242768,1.1846486857306884,80,1.0,1.0,0.0,0.0,0.0125,0,0,0,0,OPTIMAL,2.8155023381548777e7,0.0,2.8091713301548067e7,0.0,3686.3999999999987,1261112,2599151,OPTIMAL,2.7511577811743155e7,0.0,2.715183229828341e7,0.0,359745.5134629713,5492686,11336278,4.1425437639519274e7,35974.55134629712,0.008728042,0.428974833,2.125e-6,5.909649791,10.211103083,0.566551209
tyndp/p2x_80_24_chronological_convex_0.01,570629,80,24,chronological,convex,unscaled,0.01,132.29164471115863,230.10948886883358,2.304121467847314,99.86864498242768,1.1846486857306884,80,1.0,1.0000000000000002,0.0,0.0,0.10054794520547945,146345,907,0,0,OPTIMAL,2.9597780765618984e7,0.0,2.9529858603470515e7,0.0,0.0,1261112,2599151,OPTIMAL,2.687016693017923e7,0.0,2.685606938548131e7,0.0,14097.544700671413,5492686,11336278,6.619800342641375e7,1409.7544700671413,0.008614792,0.439952334,0.556764166,5.89850625,39.410370084,0.566551209
tyndp/p2x_80_24_chronological_conical_0.01,570629,80,24,chronological,conical,unscaled,0.01,130.3532825010969,230.10948886883358,2.304121467847314,99.86864498242768,1.1846486857306884,80,1.015887562133285,1.2334418981222541,0.5123287671232877,0.2684931506849315,0.10469178082191781,152073,853,0,0,OPTIMAL,3.0926950605080806e7,0.0,3.0852375331700876e7,0.0,7573.469847410694,1261112,2599151,OPTIMAL,2.6825666271724656e7,0.0,2.6808787442580592e7,0.0,16878.8291470596,5492686,11336278,6.158520170170776e7,1687.88291470596,0.008666375,0.430772125,0.3387265,5.97055325,41.758927583,0.566551209
tyndp/p2x_80_24_chronological_conical_bounded_0.01,570629,80,24,chronological,conical_bounded,unscaled,0.01,132.07306805520852,230.10948886883358,2.304121467847314,99.86864498242768,1.1846486857306884,80,0.9853002389606946,1.0000000000000002,0.0,0.6082191780821918,0.10030821917808219,147050,907,0,0,OPTIMAL,2.8551132996558882e7,0.0,2.8497996023165382e7,0.0,0.0,1261112,2599151,OPTIMAL,2.6904766955397855e7,0.0,2.6889206050700124e7,0.0,15560.904700557361,5492686,11336278,6.750519225556473e7,1556.090470055736,0.00966225,0.422804584,1.877912458,4.926505333,42.646438791,0.566551209
tyndp/p2x_80_24_convex_hull_dirac_0.01,570629,80,24,convex_hull,dirac,unscaled,0.01,189.60192332874226,239.552502873301,2.8126493180830248,85.1697015099519,1.1995628173939417,80,1.0,1.0,0.0,0.0,0.0125,0,0,17750,7925,OPTIMAL,2.7522244535171505e7,0.0,2.725738021517094e7,0.0,0.0,1261112,2599151,OPTIMAL,2.747375421008539e7,0.0,2.745725469009178e7,0.0,16499.51999714844,5492686,11336278,6.532305828337904e7,1649.9519997148448,0.008621375,5.427568291,1.0e-6,4.670136125,16.596698709,0.566551209
tyndp/p2x_80_24_convex_hull_convex_0.01,570629,80,24,convex_hull,convex,unscaled,0.01,127.56213932412864,239.552502873301,2.8126493180830248,85.1697015099519,1.1995628173939417,80,1.0,1.0000000000000004,0.0,0.0,0.10493150684931507,139614,703,17750,7925,OPTIMAL,3.2055601094397992e7,0.0,3.1946160694257542e7,0.0,0.0,1261112,2599151,OPTIMAL,2.6889611030961376e7,0.0,2.6877580470965844e7,0.0,12030.559998863322,5492686,11336278,6.537174152228576e7,1203.0559998863323,0.008582458,4.002962625,0.511202334,6.086266167,36.480149334,0.566551209
tyndp/p2x_80_24_convex_hull_conical_0.01,570629,80,24,convex_hull,conical,unscaled,0.01,125.78165514441315,239.552502873301,2.8126493180830248,85.1697015099519,1.1995628173939417,80,0.9955851675558549,1.135274316597385,0.3780821917808219,0.40273972602739727,0.10753424657534247,141372,746,17750,7925,OPTIMAL,3.162694820970972e7,0.0,3.151861591219276e7,0.0,0.0,1261112,2599151,OPTIMAL,2.6994985539867267e7,0.0,2.6984406086909685e7,0.0,10579.452960953338,5492686,11336278,6.7339164068e7,1057.945296095334,0.008622333,4.034615375,0.314418958,6.123879042,37.916897625,0.566551209
tyndp/p2x_80_24_convex_hull_conical_bounded_0.01,570629,80,24,convex_hull,conical_bounded,unscaled,0.01,126.92342940213747,239.552502873301,2.8126493180830248,85.1697015099519,1.1995628173939417,80,0.9754667405445561,1.0000000000000002,0.0,0.6931506849315069,0.10352739726027398,138580,703,17750,7925,OPTIMAL,3.0394049201491944e7,0.0,3.0293600124626085e7,0.0,0.0,1261112,2599151,OPTIMAL,2.70112726489643e7,0.0,2.7001166775903057e7,0.0,10105.873064595424,5492686,11336278,7.107659499226843e7,1010.5873064595424,0.008591875,5.457012708,0.475199709,4.904253208,34.954624167,0.566551209
tyndp/p2x_80_24_convex_hull_with_null_dirac_0.01,570629,80,24,convex_hull_with_null,dirac,unscaled,0.01,189.90892943186793,240.12801273104694,2.776532919069665,86.48484269061244,1.1983714536238557,80,1.0,1.0,0.0,0.0,0.0125,0,0,17847,8193,OPTIMAL,3.219180210259556e7,0.0,3.207525138259567e7,0.0,0.0,1261112,2599151,OPTIMAL,2.7478305751281265e7,0.0,2.7464504951282624e7,0.0,13800.800001705396,5492686,11336278,5.799243704170842e7,1380.0800001705397,0.008680709,5.638030667,1.125e-6,4.447030083,16.275284834,0.566551209
tyndp/p2x_80_24_convex_hull_with_null_convex_0.01,570629,80,24,convex_hull_with_null,convex,unscaled,0.01,128.2211988102702,240.12801273104694,2.776532919069665,86.48484269061244,1.1983714536238557,80,1.0,1.0000000000000002,0.0,0.0,0.1025,137570,749,17847,8193,OPTIMAL,3.2623093094595946e7,0.0,3.2576017131066147e7,0.0,-8.267557838454614e-9,1261112,2599151,OPTIMAL,2.6650068101163864e7,0.0,2.66381429474256e7,0.0,11925.153741188347,5492686,11336278,4.639334965099658e7,1192.5153741188349,0.008680083,5.637917792,0.436135,4.963778,31.9641745,0.566551209
tyndp/p2x_80_24_convex_hull_with_null_conical_0.01,570629,80,24,convex_hull_with_null,conical,unscaled,0.01,125.92362968944249,240.12801273104694,2.776532919069665,86.48484269061244,1.1983714536238557,80,0.9856605739400454,1.1249393063153992,0.3150684931506849,0.4657534246575342,0.10345890410958904,139884,777,17847,8193,OPTIMAL,3.098344492054854e7,0.0,3.093912352784301e7,0.0,-2.7723382398324392e-9,1261112,2599151,OPTIMAL,2.6754010957263038e7,0.0,2.6738499605074745e7,0.0,15511.352191333992,5492686,11336278,4.8304517395520784e7,1551.1352191333979,0.008653208,4.111167125,0.314115583,6.083955167,29.622592083,0.566551209
tyndp/p2x_80_24_convex_hull_with_null_conical_bounded_0.01,570629,80,24,convex_hull_with_null,conical_bounded,unscaled,0.01,126.91288788973158,240.12801273104694,2.776532919069665,86.48484269061244,1.1983714536238557,80,0.9686830449305203,1.0000000000000002,0.0,0.6821917808219178,0.10106164383561644,137477,749,17847,8193,OPTIMAL,3.002361309317418e7,0.0,2.998230943504773e7,0.0,0.0,1261112,2599151,OPTIMAL,2.68922682364775e7,0.0,2.6883264479976114e7,0.0,9003.75650445803,5492686,11336278,6.251219719238847e7,900.375650445803,0.008744417,5.511762708,0.44869425,4.720432083,33.085956542,0.566551209
tyndp/p2x_80_24_conical_hull_dirac_0.01,570629,80,24,conical_hull,dirac,unscaled,0.01,193.56652786303997,214.22040210205293,2.6293835035099393,81.47172210371447,1.2274671734967744,80,1.0,1.0,0.0,0.0,0.0125,0,0,17410,8265,OPTIMAL,2.9467576367809013e7,0.0,2.9246192687808126e7,0.0,0.0,1261112,2599151,OPTIMAL,2.742538502054348e7,0.0,2.7289460819662705e7,0.0,135924.20088397362,5492686,11336278,4.76038773728217e7,13592.42008839735,0.008741458,2.409187042,1.125e-6,5.5952055,16.53828875,0.566551209
tyndp/p2x_80_24_conical_hull_convex_0.01,570629,80,24,conical_hull,convex,unscaled,0.01,135.99781868566006,214.22040210205293,2.6293835035099393,81.47172210371447,1.2274671734967744,80,1.0,1.0000000000000004,0.0,0.0,0.10051369863013698,124533,697,17410,8265,OPTIMAL,3.0686356908256106e7,0.0,3.0545273889071476e7,0.0,0.0,1261112,2599151,OPTIMAL,2.6740770863333803e7,0.0,2.6730262793444257e7,0.0,10508.069892461896,5492686,11336278,5.6983666862040594e7,1050.8069892461895,0.008683833,4.117821666,0.429747084,4.778315459,37.252675708,0.566551209
tyndp/p2x_80_24_conical_hull_conical_0.01,570629,80,24,conical_hull,conical,unscaled,0.01,128.82618783356926,214.22040210205293,2.6293835035099393,81.47172210371447,1.2274671734967744,80,1.0650181879777447,1.274943626545034,0.6821917808219178,0.09863013698630137,0.11160958904109589,132100,708,17410,8265,OPTIMAL,3.3997038574409895e7,0.0,3.3806300402796015e7,0.0,1.176135189878541e-9,1261112,2599151,OPTIMAL,2.6619795891476735e7,0.0,2.659366780609788e7,0.0,26128.085381825076,5492686,11336278,3.734377980487277e7,2612.808538182507,0.008764708,3.930413208,0.271642875,4.743605583,24.934543375,0.566551209
tyndp/p2x_80_24_conical_hull_conical_bounded_0.01,570629,80,24,conical_hull,conical_bounded,unscaled,0.01,136.35758739082218,214.22040210205293,2.6293835035099393,81.47172210371447,1.2274671734967744,80,0.9924394541135124,1.0000000000000002,0.0,0.5726027397260274,0.10017123287671233,123921,697,17410,8265,OPTIMAL,3.039454732020221e7,0.0,3.0263046607926764e7,0.0,-3.5019065127757885e-9,1261112,2599151,OPTIMAL,2.6672837800013665e7,0.0,2.6658537132662807e7,0.0,14300.66735383721,5492686,11336278,4.005743603695658e7,1430.066735383721,0.008701709,2.408397042,0.4689745,6.150961584,30.069469,0.566551209
tyndp/p2x_1_8760_k_means_dirac_0.01_economic,932178,1,8760,k_means,dirac,economic,0.01,0.0,1.0,1.0,1.0,1.0,1,1.0,1.0,0.0,0.0,1.0,0,0,0,0,OPTIMAL,2.5796645974282894e7,0.0,2.5789826867125563e7,0.0,6819.107160000018,5492686,11353433,N/A,,,,,,0,0,0.0,0.0,0.008039625,0.605284083,9.58e-7,18.81650975,64.908211667,0.56791
tyndp/p2x_10_24_k_means_dirac_0.01_economic,932178,10,24,k_means,dirac,economic,0.01,6.732678453825008e6,3.8815346619716105e6,46589.99457310509,83.31262318309639,1.0839834664651116,10,1.0,1.0,0.0,0.0,0.1,0,0,0,0,OPTIMAL,1.6406974317177853e7,0.0,1.5914306534775399e7,0.0,-2.96329910104925e-10,202712,415081,OPTIMAL,2.7539728057161503e7,0.0,2.745997114166631e7,0.0,79756.91549855356,5492686,11336278,4.607684379893726e7,7975.69154985536,0.00844,0.448777541,1.125e-6,1.328476417,1.367100375,0.56791
tyndp/p2x_10_24_k_means_convex_0.01_economic,932178,10,24,k_means,convex,economic,0.01,6.24187534132744e6,3.8815346619716105e6,46589.99457310509,83.31262318309639,1.0839834664651116,10,1.0,1.0000000000000002,0.0,0.0,0.269041095890411,162041,1446,0,0,OPTIMAL,1.6748012495056085e7,0.0,1.6253795970551893e7,0.0,-7.895310607826918e-10,202712,415081,OPTIMAL,2.733036490378692e7,0.0,2.7322112903786175e7,0.0,8252.000004022037,5492686,11336278,5.686254969422803e7,825.2000004022042,0.008601375,0.446368541,0.087368917,1.259071166,2.091665709,0.56791
tyndp/p2x_10_24_k_means_conical_0.01_economic,932178,10,24,k_means,conical,economic,0.01,6.019891813030181e6,3.8815346619716105e6,46589.99457310509,83.31262318309639,1.0839834664651116,10,1.0097635383480283,1.2417063313592709,0.5452054794520548,0.4547945205479452,0.2720547945205479,182621,1610,0,0,OPTIMAL,1.6901700873815436e7,0.0,1.6440041045925755e7,0.0,-1.1514543897777334e-9,202712,415081,OPTIMAL,2.865420848552424e7,0.0,2.7383365956203397e7,0.0,1.2708425293242827e6,5492686,11336278,5.8864337375034936e7,127084.2529324283,0.008693166,0.460652667,0.065013833,1.262540916,2.108284125,0.56791
tyndp/p2x_10_24_k_means_conical_bounded_0.01_economic,932178,10,24,k_means,conical_bounded,economic,0.01,6.163318167520989e6,3.8815346619716105e6,46589.99457310509,83.31262318309639,1.0839834664651116,10,0.972102276516434,1.0,0.0,0.4849315068493151,0.26301369863013696,164573,1317,0,0,OPTIMAL,1.5105660713663233e7,0.0,1.4687819361192957e7,0.0,5.45348521481114e-10,202712,415081,OPTIMAL,2.736782958815573e7,0.0,2.7350064040749628e7,0.0,17765.547409342027,5492686,11336278,6.2945857321733706e7,1776.5547409342025,0.008690917,0.447563458,0.238655667,2.164939083,2.319046666,0.56791
tyndp/p2x_10_24_k_medoids_dirac_0.01_economic,932178,10,24,k_medoids,dirac,economic,0.01,8.397883295475276e6,4.027200398171391e6,177623.59618036612,22.67266559608449,1.12143515640222,10,1.0,1.0,0.0,0.0,0.1,0,0,0,0,OPTIMAL,3.957961048206524e7,0.0,3.8725415282065354e7,0.0,0.0,202712,415081,OPTIMAL,2.826850017931242e7,0.0,2.7682293399745185e7,0.0,586206.7795704203,5492686,11336278,4.525467892034414e7,58620.677957042026,0.008772292,0.4284355,1.75e-6,1.229238625,1.571056834,0.56791
tyndp/p2x_10_24_k_medoids_convex_0.01_economic,932178,10,24,k_medoids,convex,economic,0.01,6.667793662078811e6,4.027200398171391e6,177623.59618036612,22.67266559608449,1.12143515640222,10,1.0,1.0000000000000002,0.0,0.0,0.41643835616438357,172887,840,0,0,OPTIMAL,3.611201895462173e7,0.0,3.550019016877207e7,0.0,-1.269494982430398e-7,202712,415081,OPTIMAL,2.7359729763849054e7,0.0,2.73456433638521e7,0.0,14086.400000060034,5492686,11336278,5.532226103353395e7,1408.6400000060037,0.008738166,0.421520791,0.113155,1.314399583,2.428286792,0.56791
tyndp/p2x_10_24_k_medoids_conical_0.01_economic,932178,10,24,k_medoids,conical,economic,0.01,6.4449149623912005e6,4.027200398171391e6,177623.59618036612,22.67266559608449,1.12143515640222,10,1.0234370734348217,1.2700719406708942,0.5917808219178082,0.38082191780821917,0.42219178082191783,181973,921,0,0,OPTIMAL,3.644300231399079e7,0.0,3.5965836127414e7,0.0,4.923939171767743e-8,202712,415081,OPTIMAL,2.747893899222517e7,0.0,2.7413272595708366e7,0.0,65666.39651986105,5492686,11336278,5.356213565861368e7,6566.639651986105,0.008643291,0.446397625,0.224701167,2.026385083,2.52087175,0.56791
tyndp/p2x_10_24_k_medoids_conical_bounded_0.01_economic,932178,10,24,k_medoids,conical_bounded,economic,0.01,6.607937297607328e6,4.027200398171391e6,177623.59618036612,22.67266559608449,1.12143515640222,10,0.9733594187909668,1.0,0.0,0.4904109589041096,0.4128767123287671,177787,854,0,0,OPTIMAL,3.365284150365847e7,0.0,3.3238705014668435e7,0.0,-3.4170666964779657e-9,202712,415081,OPTIMAL,2.7448782228770282e7,0.0,2.743469582877429e7,0.0,14086.39999901817,5492686,11336278,5.717761691415561e7,1408.6399999018167,0.008751,0.5141785,0.073115,2.048542,2.256708208,0.56791
tyndp/p2x_10_24_hierarchical_dirac_0.01_economic,932178,10,24,hierarchical,dirac,economic,0.01,8.556972958591342e6,3.797670250843443e6,153060.41711389853,24.811576516333684,1.1423954097853726,10,1.0,1.0,0.0,0.0,0.1,0,0,0,0,OPTIMAL,2.839441329292407e7,0.0,2.7399312652924072e7,0.0,0.0,202712,415081,OPTIMAL,2.8710262789782032e7,0.0,2.8104366631125364e7,0.0,605896.1586597115,5492686,11336278,5.4569481522178896e7,60589.61586597118,0.008649833,0.430415083,1.167e-6,1.224180459,1.64586425,0.56791
tyndp/p2x_10_24_hierarchical_convex_0.01_economic,932178,10,24,hierarchical,convex,economic,0.01,6.631029373478129e6,3.797670250843443e6,153060.41711389853,24.811576516333684,1.1423954097853726,10,1.0,1.0000000000000002,0.0,0.0,0.4208219178082192,162327,845,0,0,OPTIMAL,3.0953666179079738e7,0.0,3.0522594601548154e7,0.0,-1.6024255578474979e-9,202712,415081,OPTIMAL,2.7475657161497183e7,0.0,2.7466390601502042e7,0.0,9266.559998078883,5492686,11336278,5.759869615808081e7,926.6559998078912,0.008764291,0.437982542,0.096061583,1.412032416,3.15565225,0.56791
tyndp/p2x_10_24_hierarchical_conical_0.01_economic,932178,10,24,hierarchical,conical,economic,0.01,6.39966383000002e6,3.797670250843443e6,153060.41711389853,24.811576516333684,1.1423954097853726,10,1.0088634901326547,1.2379270530255406,0.5424657534246575,0.4301369863013699,0.42383561643835616,170526,897,0,0,OPTIMAL,3.109784634322054e7,0.0,3.067350774841e7,0.0,-1.827453411765613e-8,202712,415081,OPTIMAL,2.7837099036921673e7,0.0,2.765222109025709e7,0.0,184877.94666754597,5492686,11336278,6.530120835244168e7,18487.794666754577,0.009095791,0.444403625,0.064241541,1.286157167,2.20260925,0.56791
tyndp/p2x_10_24_hierarchical_conical_bounded_0.01_economic,932178,10,24,hierarchical,conical_bounded,economic,0.01,6.543594216455638e6,3.797670250843443e6,153060.41711389853,24.811576516333684,1.1423954097853726,10,0.9683510870836572,1.0,0.0,0.4986301369863014,0.40986301369863015,163324,846,0,0,OPTIMAL,2.8562564398607966e7,0.0,2.819216224476501e7,0.0,-1.167419986610194e-8,202712,415081,OPTIMAL,2.755449015405391e7,0.0,2.7544940234058324e7,0.0,9549.919998490093,5492686,11336278,5.801229025901916e7,954.9919998490102,0.008664375,0.444336416,0.089462709,2.289103042,2.12135125,0.56791
tyndp/p2x_10_24_chronological_dirac_0.01_economic,932178,10,24,chronological,dirac,economic,0.01,9.717935335138237e6,3.7929445745789246e6,170252.84540288424,22.27830357609206,1.1242252340536343,10,1.0,1.0,0.0,0.0,0.1,0,0,0,0,OPTIMAL,2.4066564396329626e7,0.0,2.2609691436329845e7,0.0,0.0,202712,415081,OPTIMAL,2.857284977922598e7,0.0,2.8555265687803946e7,0.0,17584.091425233837,5492686,11336278,4.7374866633114465e7,1758.4091425233837,0.008783708,0.42906725,1.917e-6,1.377309958,1.262784041,0.56791
tyndp/p2x_10_24_chronological_convex_0.01_economic,932178,10,24,chronological,convex,economic,0.01,7.280617758476818e6,3.7929445745789246e6,170252.84540288424,22.27830357609206,1.1242252340536343,10,1.0,1.0000000000000002,0.0,0.0,0.42191780821917807,182391,849,0,0,OPTIMAL,2.3344113652928676e7,0.0,2.20208522644885e7,0.0,3.1398871271686503e-8,202712,415081,OPTIMAL,2.7479227565746184e7,0.0,2.7465136067778863e7,0.0,14091.497970338052,5492686,11336278,4.980978059929241e7,1409.1497970338091,0.008654708,0.504141291,0.105846458,1.281555917,2.293175125,0.56791
tyndp/p2x_10_24_chronological_conical_0.01_economic,932178,10,24,chronological,conical,economic,0.01,6.800663343570694e6,3.7929445745789246e6,170252.84540288424,22.27830357609206,1.1242252340536343,10,1.0124076564254392,1.2933402692614129,0.5698630136986301,0.40273972602739727,0.4208219178082192,187046,836,0,0,OPTIMAL,2.294027157238395e7,0.0,2.14714850135136e7,0.0,-9.30112655272119e-9,202712,415081,OPTIMAL,2.7890819069177113e7,0.0,2.7882248829180166e7,0.0,8570.240000163858,5492686,11336278,5.255712660131119e7,857.0240000163856,0.008644541,0.433358959,0.06954775,1.35150575,2.080587083,0.56791
tyndp/p2x_10_24_chronological_conical_bounded_0.01_economic,932178,10,24,chronological,conical_bounded,economic,0.01,7.064941865239837e6,3.7929445745789246e6,170252.84540288424,22.27830357609206,1.1242252340536343,10,0.9580083955508035,1.0,0.0,0.4410958904109589,0.4128767123287671,181872,872,0,0,OPTIMAL,2.0788257201383643e7,0.0,1.9585937373794943e7,0.0,8.163650624174438e-9,202712,415081,OPTIMAL,2.7565014456926595e7,0.0,2.755488295635165e7,0.0,10131.500577799838,5492686,11336278,4.066740148858485e7,1013.1500577799839,0.008675625,0.514422792,0.110463959,1.298172625,2.142672917,0.56791
tyndp/p2x_10_24_convex_hull_dirac_0.01_economic,932178,10,24,convex_hull,dirac,economic,0.01,9.61237041988438e6,3.929875912261627e6,212290.88530548676,18.511750547398833,1.2165466398463007,10,1.0,1.0,0.0,0.0,0.1,0,0,956,2284,OPTIMAL,4.436103188771838e7,0.0,4.236271220771813e7,0.0,0.0,202712,415081,OPTIMAL,2.8753389080524214e7,0.0,2.7689490374074493e7,0.0,1.0638987064531217e6,5492686,11336278,6.020177577501723e7,106389.87064531216,0.008728958,1.936806083,8.75e-7,1.264580792,1.549321708,0.56791
tyndp/p2x_10_24_convex_hull_convex_0.01_economic,932178,10,24,convex_hull,convex,economic,0.01,6.136420537725473e6,3.929875912261627e6,212290.88530548676,18.511750547398833,1.2165466398463007,10,1.0,1.0000000000000002,0.0,0.0,0.503013698630137,126025,650,956,2284,OPTIMAL,6.217569824922854e7,0.0,6.068030884086587e7,0.0,3.7872348439298625e-8,202712,415081,OPTIMAL,2.7229303899987902e7,0.0,2.7215170779991563e7,0.0,14133.119999552931,5492686,11336278,5.420537727920454e7,1413.31199995529,0.008673791,0.746891625,0.049646708,1.3229155,2.401665917,0.56791
tyndp/p2x_10_24_convex_hull_conical_0.01_economic,932178,10,24,convex_hull,conical,economic,0.01,5.951113853215135e6,3.929875912261627e6,212290.88530548676,18.511750547398833,1.2165466398463007,10,0.9804465388919459,1.2297366124663764,0.4191780821917808,0.5534246575342465,0.4926027397260274,133382,679,956,2284,OPTIMAL,5.8927820673791185e7,0.0,5.7522954438471444e7,0.0,-1.7434242799853576e-8,202712,415081,OPTIMAL,2.7323680839115005e7,0.0,2.7313223339555025e7,0.0,10457.499563253208,5492686,11336278,6.137829289055706e7,1045.7499563253114,0.008606583,0.700965584,0.036057375,1.341959916,2.281348833,0.56791
tyndp/p2x_10_24_convex_hull_conical_bounded_0.01_economic,932178,10,24,convex_hull,conical_bounded,economic,0.01,6.009878311298151e6,3.929875912261627e6,212290.88530548676,18.511750547398833,1.2165466398463007,10,0.9549425998210911,1.0000000000000002,0.0,0.6383561643835617,0.48712328767123286,127952,632,956,2284,OPTIMAL,5.478531416973204e7,0.0,5.343362293645647e7,0.0,3.610067655300756e-8,202712,415081,OPTIMAL,2.7286710905590806e7,0.0,2.727565138559431e7,0.0,11059.519999753173,5492686,11336278,6.975924420737219e7,1105.9519999753252,0.00866,1.738761333,0.054277625,1.269047167,2.240704541,0.56791
tyndp/p2x_10_24_convex_hull_with_null_dirac_0.01_economic,932178,10,24,convex_hull_with_null,dirac,economic,0.01,9.88713025339786e6,4.086957327555867e6,181705.4253901496,22.492214081007972,1.21954526910791,10,1.0,1.0,0.0,0.0,0.1,0,0,1019,2586,OPTIMAL,3.791138900985201e7,0.0,3.671029844985202e7,0.0,0.0,202712,415081,OPTIMAL,2.8434679808265574e7,0.0,2.800986589135277e7,0.0,424813.9169161792,5492686,11336278,6.066046938272364e7,42481.39169161789,0.008994458,0.784973,1.041e-6,1.272512292,1.690543041,0.56791
tyndp/p2x_10_24_convex_hull_with_null_convex_0.01_economic,932178,10,24,convex_hull_with_null,convex,economic,0.01,6.492315725041529e6,4.086957327555867e6,181705.4253901496,22.492214081007972,1.21954526910791,10,1.0,1.0000000000000002,0.0,0.0,0.506027397260274,136267,643,1019,2586,OPTIMAL,8.058828312421176e7,0.0,7.954180322659788e7,0.0,7.362195968364448e-8,202712,415081,OPTIMAL,2.7289644880857084e7,0.0,2.7277625200860783e7,0.0,12019.679999661494,5492686,11336278,6.0203901002250396e7,1201.9679999661523,0.008705083,1.82137625,0.05400675,1.475733917,2.298101083,0.56791
tyndp/p2x_10_24_convex_hull_with_null_conical_0.01_economic,932178,10,24,convex_hull_with_null,conical,economic,0.01,6.00901447859274e6,4.086957327555867e6,181705.4253901496,22.492214081007972,1.21954526910791,10,0.9355883958612037,1.1650429418264858,0.2547945205479452,0.7178082191780822,0.486027397260274,139106,769,1019,2586,OPTIMAL,6.112502532744222e7,0.0,6.0406494401490964e7,0.0,0.0,202712,415081,OPTIMAL,2.7928507304932192e7,0.0,2.792221050493618e7,0.0,6296.799999725157,5492686,11336278,8.386326838646007e7,629.6799999725157,0.008637042,1.980663666,0.040939167,1.306519584,2.367868708,0.56791
tyndp/p2x_10_24_convex_hull_with_null_conical_bounded_0.01_economic,932178,10,24,convex_hull_with_null,conical_bounded,economic,0.01,6.046295956617219e6,4.086957327555867e6,181705.4253901496,22.492214081007972,1.21954526910791,10,0.9240263846624637,1.0,0.0,0.7534246575342466,0.4794520547945205,138787,721,1019,2586,OPTIMAL,5.803837697838657e7,0.0,5.732766421338572e7,0.0,-7.009905045466809e-9,202712,415081,OPTIMAL,2.7514456889848847e7,0.0,2.750651992985197e7,0.0,7936.960000344725,5492686,11336278,6.726527453581601e7,793.6960000344707,0.008626875,0.754381208,0.075378708,1.293051541,2.31024675,0.56791
tyndp/p2x_10_24_conical_hull_dirac_0.01_economic,932178,10,24,conical_hull,dirac,economic,0.01,9.513621279761648e6,3.405442331915726e6,185169.49229982545,18.390947070274688,1.2475198230575375,10,1.0,1.0,0.0,0.0,0.1,0,0,1084,2156,OPTIMAL,3.2288887920511197e7,0.0,3.1470683760511287e7,0.0,0.0,202712,415081,OPTIMAL,2.8434047032728635e7,0.0,2.8268512169522334e7,0.0,165534.86320927544,5492686,11336278,7.12574078874547e7,16553.48632092753,0.008663958,0.623319917,1.25e-6,1.218561417,1.632759792,0.56791
tyndp/p2x_10_24_conical_hull_convex_0.01_economic,932178,10,24,conical_hull,convex,economic,0.01,6.640104691077492e6,3.405442331915726e6,185169.49229982545,18.390947070274688,1.2475198230575375,10,1.0,1.0000000000000002,0.0,0.0,0.4334246575342466,103558,629,1084,2156,OPTIMAL,5.823188132627865e7,0.0,5.750484540793783e7,0.0,2.077113153530601e-8,202712,415081,OPTIMAL,2.7348098982952233e7,0.0,2.732878405015292e7,0.0,19314.93280218805,5492686,11336278,4.979902562313035e7,1931.4932802188036,0.008635958,1.688175583,0.042506583,1.471783125,2.244202583,0.56791
tyndp/p2x_10_24_conical_hull_conical_0.01_economic,932178,10,24,conical_hull,conical,economic,0.01,6.141571748175553e6,3.405442331915726e6,185169.49229982545,18.390947070274688,1.2475198230575375,10,1.0894067910402627,1.3091107811742715,0.8301369863013699,0.14246575342465753,0.47643835616438357,115272,645,1084,2156,OPTIMAL,7.004626382615039e7,0.0,6.92220155946054e7,0.0,2.3308368692664817e-8,202712,415081,OPTIMAL,2.7401302794478618e7,0.0,2.7187803867887534e7,0.0,213498.92659416693,5492686,11336278,4.1728162115615286e7,21349.892659416684,0.008707583,0.61428075,0.032879291,1.364261667,2.1626405,0.56791
tyndp/p2x_10_24_conical_hull_conical_bounded_0.01_economic,932178,10,24,conical_hull,conical_bounded,economic,0.01,6.628831325257923e6,3.405442331915726e6,185169.49229982545,18.390947070274688,1.2475198230575375,10,0.9909037165110784,1.0,0.0,0.2821917808219178,0.4334246575342466,103707,644,1084,2156,OPTIMAL,5.736597446960156e7,0.0,5.665276825852459e7,0.0,2.7019667581940013e-8,202712,415081,OPTIMAL,2.734777836277421e7,0.0,2.7328110365437612e7,0.0,19667.997339507136,5492686,11336278,5.2136555310043e7,1966.7997339507087,0.008964125,1.734186167,0.045317417,1.457715458,2.178641583,0.56791
tyndp/p2x_20_24_k_means_dirac_0.01_economic,932178,20,24,k_means,dirac,economic,0.01,6.289571017250974e6,5.534849094253802e6,38912.03400150299,142.24003541012576,1.0856059982852695,20,1.0,1.0,0.0,0.0,0.05,0,0,0,0,OPTIMAL,1.689892756534208e7,0.0,1.6471463643908944e7,0.0,0.0,353912,727091,OPTIMAL,2.8582350778493926e7,0.0,2.742275007969889e7,0.0,1.1596006987983468e6,5492686,11336278,3.916537780572897e7,115960.06987983469,0.008686708,0.47715575,1.667e-6,1.826179416,4.593368833,0.56791
tyndp/p2x_20_24_k_means_convex_0.01_economic,932178,20,24,k_means,convex,economic,0.01,5.697894366916833e6,5.534849094253802e6,38912.03400150299,142.24003541012576,1.0856059982852695,20,1.0,1.0000000000000002,0.0,0.0,0.16273972602739725,283641,2027,0,0,OPTIMAL,1.8106155939338483e7,0.0,1.762207635647368e7,0.0,2.4734822391490992e-9,353912,727091,OPTIMAL,2.728294346974968e7,0.0,2.7200766174155805e7,0.0,82177.29559707701,5492686,11336278,4.9953592564861394e7,8217.729559707708,0.008626334,0.505554542,0.383461125,2.834157583,3.747880166,0.56791
tyndp/p2x_20_24_k_means_conical_0.01_economic,932178,20,24,k_means,conical,economic,0.01,5.531541858750542e6,5.534849094253802e6,38912.03400150299,142.24003541012576,1.0856059982852695,20,1.0074095241500487,1.1478567451584307,0.5561643835616439,0.4438356164383562,0.16397260273972603,309372,2051,0,0,OPTIMAL,1.7638956357369956e7,0.0,1.7204219866981126e7,0.0,-1.138726527442704e-9,353912,727091,OPTIMAL,2.8728654040684555e7,0.0,2.718034160244484e7,0.0,1.5483124382428601e6,5492686,11336278,4.578310240683318e7,154831.24382428598,0.00861975,0.45381875,0.136248166,2.747595958,5.114034333,0.56791
tyndp/p2x_20_24_k_means_conical_bounded_0.01_economic,932178,20,24,k_means,conical_bounded,economic,0.01,5.642597429023535e6,5.534849094253802e6,38912.03400150299,142.24003541012576,1.0856059982852695,20,0.9745604411235856,1.0000000000000002,0.0,0.5260273972602739,0.1610958904109589,296099,2069,0,0,OPTIMAL,1.6236702637938427e7,0.0,1.5840050213626958e7,0.0,-1.0321167627505368e-9,353912,727091,OPTIMAL,2.717524932436616e7,0.0,2.714177326396499e7,0.0,33476.060404360425,5492686,11336278,4.2353052044527285e7,3347.6060404360423,0.008745958,0.490087291,0.247904333,1.790625292,3.885416666,0.56791
tyndp/p2x_20_24_k_medoids_dirac_0.01_economic,932178,20,24,k_medoids,dirac,economic,0.01,7.766199687156822e6,5.532295744247816e6,108068.13171708936,51.192665741004625,1.144374678922309,20,1.0,1.0,0.0,0.0,0.05,0,0,0,0,OPTIMAL,3.62149922956179e7,0.0,3.556781789561796e7,0.0,0.0,353912,727091,OPTIMAL,2.759928345642613e7,0.0,2.7418047984551214e7,0.0,181235.47187801645,5492686,11336278,4.157621673412314e7,18123.547187801643,0.00861225,0.44695075,1.709e-6,1.660419334,4.4909315,0.56791
tyndp/p2x_20_24_k_medoids_convex_0.01_economic,932178,20,24,k_medoids,convex,economic,0.01,5.885756056210289e6,5.532295744247816e6,108068.13171708936,51.192665741004625,1.144374678922309,20,1.0,1.0000000000000002,0.0,0.0,0.2615068493150685,291029,1455,0,0,OPTIMAL,4.677175751592236e7,0.0,4.665711350524105e7,0.0,-1.1345582547886274e-8,353912,727091,OPTIMAL,2.706000115612488e7,0.0,2.7039708435573984e7,0.0,20292.720553940482,5492686,11336278,9.858583909251112e7,2029.2720553940424,0.008686792,0.467905958,0.241769125,1.773434584,4.65890325,0.56791
tyndp/p2x_20_24_k_medoids_conical_0.01_economic,932178,20,24,k_medoids,conical,economic,0.01,5.714300994047517e6,5.532295744247816e6,108068.13171708936,51.192665741004625,1.144374678922309,20,1.0285574474381978,1.2404365709288876,0.6136986301369863,0.3315068493150685,0.26835616438356164,323188,1425,0,0,OPTIMAL,4.94028583906712e7,0.0,4.926194329517753e7,0.0,-2.2258617819915925e-9,353912,727091,OPTIMAL,2.713285679510357e7,0.0,2.7099670487232916e7,0.0,33186.30787370293,5492686,11336278,3.652753034221474e7,3318.6307873702845,0.008987083,0.475332916,0.153105042,1.765236916,4.381346167,0.56791
tyndp/p2x_20_24_k_medoids_conical_bounded_0.01_economic,932178,20,24,k_medoids,conical_bounded,economic,0.01,5.850156108169323e6,5.532295744247816e6,108068.13171708936,51.192665741004625,1.144374678922309,20,0.9802448624303501,1.0000000000000002,0.0,0.4794520547945205,0.25780821917808217,295298,1476,0,0,OPTIMAL,4.287854188304387e7,0.0,4.277491130245178e7,0.0,-1.7302277736191394e-8,353912,727091,OPTIMAL,2.7104252733967796e7,0.0,2.7093680512559783e7,0.0,10572.2214110274,5492686,11336278,4.02678354093673e7,1057.222141102737,0.008698792,0.52984775,0.394234333,2.787924792,4.601996416,0.56791
tyndp/p2x_20_24_hierarchical_dirac_0.01_economic,932178,20,24,hierarchical,dirac,economic,0.01,7.82063023141736e6,5.488136906766043e6,111929.88919742436,49.03191583693921,1.143857486055434,20,1.0,1.0,0.0,0.0,0.05,0,0,0,0,OPTIMAL,3.1808447105745297e7,0.0,3.135856758574509e7,0.0,0.0,353912,727091,OPTIMAL,2.8205257581920348e7,0.0,2.7414769785761002e7,0.0,790487.7961624358,5492686,11336278,3.598228858364779e7,79048.77961624366,0.008746709,0.473538667,1.791e-6,2.654079583,3.955031375,0.56791
tyndp/p2x_20_24_hierarchical_convex_0.01_economic,932178,20,24,hierarchical,convex,economic,0.01,5.792075818425055e6,5.488136906766043e6,111929.88919742436,49.03191583693921,1.143857486055434,20,1.0,1.0000000000000002,0.0,0.0,0.2583561643835616,274312,1392,0,0,OPTIMAL,3.7285891618053675e7,0.0,3.71971451367606e7,0.0,0.0,353912,727091,OPTIMAL,2.7379510628344867e7,0.0,2.7372114948346447e7,0.0,7395.680001502886,5492686,11336278,7.461916551827739e7,739.5680001502885,0.008655042,0.429547542,0.230927208,1.947628833,6.781667792,0.56791
tyndp/p2x_20_24_hierarchical_conical_0.01_economic,932178,20,24,hierarchical,conical,economic,0.01,5.586997005574276e6,5.488136906766043e6,111929.88919742436,49.03191583693921,1.143857486055434,20,1.017617503292917,1.2409805086942345,0.5616438356164384,0.3835616438356164,0.2691780821917808,294676,1398,0,0,OPTIMAL,3.805785129145623e7,0.0,3.7970174514869615e7,0.0,-3.3800651651656083e-10,353912,727091,OPTIMAL,2.716449768890941e7,0.0,2.706912914382818e7,0.0,95368.54508435815,5492686,11336278,4.462102985298751e7,9536.854508435807,0.008603334,0.436572792,1.141206625,1.972769583,4.400553417,0.56791
tyndp/p2x_20_24_hierarchical_conical_bounded_0.01_economic,932178,20,24,hierarchical,conical_bounded,economic,0.01,5.734399990256139e6,5.488136906766043e6,111929.88919742436,49.03191583693921,1.143857486055434,20,0.9747846222616013,1.0000000000000002,0.0,0.4986301369863014,0.2556164383561644,280211,1411,0,0,OPTIMAL,3.2628641441377725e7,0.0,3.254370547279194e7,0.0,-2.6960077340381987e-9,353912,727091,OPTIMAL,2.7064608479021758e7,0.0,2.704231516491042e7,0.0,22293.31411458786,5492686,11336278,3.933234234483387e7,2229.331411458784,0.008623625,0.433204709,0.249105292,1.744877209,3.891327584,0.56791
tyndp/p2x_20_24_chronological_dirac_0.01_economic,932178,20,24,chronological,dirac,economic,0.01,9.195277825264065e6,5.491456903061937e6,113597.96478191845,48.34115570295868,1.1310946154968364,20,1.0,1.0,0.0,0.0,0.05,0,0,0,0,OPTIMAL,2.0862996744230095e7,0.0,2.0134473224230163e7,0.0,0.0,353912,727091,OPTIMAL,2.949581086429965e7,0.0,2.8323622837040093e7,0.0,1.1721880272626795e6,5492686,11336278,4.781988203995877e7,117218.80272626826,0.008619708,0.456388834,9.16e-7,1.80582275,3.394100916,0.56791
tyndp/p2x_20_24_chronological_convex_0.01_economic,932178,20,24,chronological,convex,economic,0.01,6.349289259126955e6,5.491456903061937e6,113597.96478191845,48.34115570295868,1.1310946154968364,20,1.0,1.0000000000000002,0.0,0.0,0.25315068493150683,297004,1386,0,0,OPTIMAL,2.1971428214594107e7,0.0,2.1184455195861407e7,0.0,-6.368898765644745e-9,353912,727091,OPTIMAL,2.726791940170657e7,0.0,2.725481444170896e7,0.0,13104.960000457851,5492686,11336278,4.1940485447827056e7,1310.4960000457854,0.008656583,0.436878416,0.270811333,1.740823,6.165105167,0.56791
tyndp/p2x_20_24_chronological_conical_0.01_economic,932178,20,24,chronological,conical,economic,0.01,6.07183172914654e6,5.491456903061937e6,113597.96478191845,48.34115570295868,1.1310946154968364,20,1.009953852547507,1.268694266730146,0.547945205479452,0.3972602739726027,0.26109589041095893,315504,1457,0,0,OPTIMAL,2.1870101649054885e7,0.0,2.125600074605985e7,0.0,-7.93280088997759e-10,353912,727091,OPTIMAL,2.7475742557258703e7,0.0,2.7434232453477994e7,0.0,41510.10378390522,5492686,11336278,4.531462192566991e7,4151.010378390516,0.008704875,0.436787,0.156118042,1.730408208,6.173571958,0.56791
tyndp/p2x_20_24_chronological_conical_bounded_0.01_economic,932178,20,24,chronological,conical_bounded,economic,0.01,6.262005488337523e6,5.491456903061937e6,113597.96478191845,48.34115570295868,1.1310946154968364,20,0.9658480308162144,1.0000000000000002,0.0,0.5232876712328767,0.25287671232876713,304971,1493,0,0,OPTIMAL,2.0482970680703916e7,0.0,1.9974205060411494e7,0.0,0.0,353912,727091,OPTIMAL,2.7599252705867425e7,0.0,2.7589624431447085e7,0.0,9628.27442341483,5492686,11336278,5.9088226077595994e7,962.8274423414832,0.008618792,0.479236167,0.256753667,1.966908042,8.721978708,0.56791
tyndp/p2x_20_24_convex_hull_dirac_0.01_economic,932178,20,24,convex_hull,dirac,economic,0.01,8.700267979882846e6,5.554181012518021e6,144369.69650020686,38.47193107114458,1.1980728057100722,20,1.0,1.0,0.0,0.0,0.05,0,0,3268,3477,OPTIMAL,3.2703982701732576e7,0.0,3.1136212141732693e7,0.0,0.0,353912,727091,OPTIMAL,2.8643413788863655e7,0.0,2.8037923661513798e7,0.0,605490.1273530099,5492686,11336278,7.580876918003523e7,60549.01273530095,0.0087095,2.403825875,1.167e-6,1.678189667,3.792862083,0.56791
tyndp/p2x_20_24_convex_hull_convex_0.01_economic,932178,20,24,convex_hull,convex,economic,0.01,5.43787699824974e6,5.554181012518021e6,144369.69650020686,38.47193107114458,1.1980728057100722,20,1.0,1.0000000000000002,0.0,0.0,0.30246575342465754,224379,1344,3268,3477,OPTIMAL,4.342987755799501e7,0.0,4.2242850117196195e7,0.0,1.4528176697460701e-9,353912,727091,OPTIMAL,2.7002230484005466e7,0.0,2.6993556884008117e7,0.0,8673.600000444732,5492686,11336278,5.031193810769973e7,867.3600000444778,0.008650083,1.159884208,0.168985,1.781979792,4.192903625,0.56791
tyndp/p2x_20_24_convex_hull_conical_0.01_economic,932178,20,24,convex_hull,conical,economic,0.01,5.298423129438962e6,5.554181012518021e6,144369.69650020686,38.47193107114458,1.1980728057100722,20,0.9914973693016499,1.2024814749165897,0.4328767123287671,0.5123287671232877,0.3036986301369863,241901,1179,3268,3477,OPTIMAL,4.4199863081481e7,0.0,4.3044286367260225e7,0.0,3.935380463688047e-8,353912,727091,OPTIMAL,2.7170055413154848e7,0.0,2.712818071038227e7,0.0,41874.702775787075,5492686,11336278,5.580540555500678e7,4187.47027757871,0.008610958,1.193326834,0.122189333,1.926403875,5.048255583,0.56791
tyndp/p2x_20_24_convex_hull_conical_bounded_0.01_economic,932178,20,24,convex_hull,conical_bounded,economic,0.01,5.369423983431484e6,5.554181012518021e6,144369.69650020686,38.47193107114458,1.1980728057100722,20,0.964948184791118,1.0000000000000002,0.0,0.6438356164383562,0.296027397260274,232080,1155,3268,3477,OPTIMAL,4.064293103664196e7,0.0,3.954241843368387e7,0.0,1.8073293422680684e-9,353912,727091,OPTIMAL,2.7090624752444014e7,0.0,2.7083158832448304e7,0.0,7465.919998829411,5492686,11336278,5.5529984905784175e7,746.5919998829426,0.008722166,1.207653083,0.223159042,1.886387084,5.1629625,0.56791
tyndp/p2x_20_24_convex_hull_with_null_dirac_0.01_economic,932178,20,24,convex_hull_with_null,dirac,economic,0.01,8.724293768593412e6,5.658049328187443e6,140360.77476396316,40.31075874083958,1.2023853431038878,20,1.0,1.0,0.0,0.0,0.05,0,0,3349,3761,OPTIMAL,2.7639287971271414e7,0.0,2.63054127712713e7,0.0,0.0,353912,727091,OPTIMAL,2.8783725526293404e7,0.0,2.8273746049549628e7,0.0,509979.4767470539,5492686,11336278,7.721366815615009e7,50997.94767470546,0.008769625,2.495425666,1.083e-6,1.676788458,4.013765959,0.56791
tyndp/p2x_20_24_convex_hull_with_null_convex_0.01_economic,932178,20,24,convex_hull_with_null,convex,economic,0.01,5.44701598961557e6,5.658049328187443e6,140360.77476396316,40.31075874083958,1.2023853431038878,20,1.0,1.0000000000000002,0.0,0.0,0.3034246575342466,233966,1111,3349,3761,OPTIMAL,4.490329038679387e7,0.0,4.3733574807205126e7,0.0,3.436761453808505e-8,353912,727091,OPTIMAL,2.7092614699283466e7,0.0,2.7083902539286923e7,0.0,8712.159999667017,5492686,11336278,4.5814595365938455e7,871.2159999666978,0.009117334,2.284793583,0.495270333,1.711922166,4.459596834,0.56791
tyndp/p2x_20_24_convex_hull_with_null_conical_0.01_economic,932178,20,24,convex_hull_with_null,conical,economic,0.01,5.188206369679722e6,5.658049328187443e6,140360.77476396316,40.31075874083958,1.2023853431038878,20,0.9618898114085183,1.1543156656398463,0.32602739726027397,0.6191780821917808,0.29863013698630136,243494,1173,3349,3761,OPTIMAL,4.203493240991513e7,0.0,4.11236011373495e7,0.0,0.0,353912,727091,OPTIMAL,2.7719507993120745e7,0.0,2.7693446866520744e7,0.0,26061.126603346216,5492686,11336278,7.977149864884633e7,2606.1126603346215,0.008988833,2.462257167,0.110956917,1.820697041,5.612312875,0.56791
tyndp/p2x_20_24_convex_hull_with_null_conical_bounded_0.01_economic,932178,20,24,convex_hull_with_null,conical_bounded,economic,0.01,5.239090042763559e6,5.658049328187443e6,140360.77476396316,40.31075874083958,1.2023853431038878,20,0.946351545980548,1.0000000000000002,0.0,0.7068493150684931,0.29315068493150687,235853,1111,3349,3761,OPTIMAL,3.942736184586338e7,0.0,3.853472101102846e7,0.0,2.0151175599405127e-8,353912,727091,OPTIMAL,2.726123064824023e7,0.0,2.7252518488243606e7,0.0,8712.160000044927,5492686,11336278,4.596424328538689e7,871.2160000044935,0.008645833,2.475555833,0.209113125,1.782838542,4.59439725,0.56791
tyndp/p2x_20_24_conical_hull_dirac_0.01_economic,932178,20,24,conical_hull,dirac,economic,0.01,8.874367118180826e6,4.868128611510625e6,144915.0832405984,33.592973917202315,1.2331546783419174,20,1.0,1.0,0.0,0.0,0.05,0,0,3281,3464,OPTIMAL,2.810079156041414e7,0.0,2.7560877320414007e7,0.0,0.0,353912,727091,OPTIMAL,2.843354477341198e7,0.0,2.7745406058136027e7,0.0,688138.715278999,5492686,11336278,4.6632078280056134e7,68813.87152789994,0.008642625,1.856113416,1.292e-6,1.782678833,3.682729667,0.56791
tyndp/p2x_20_24_conical_hull_convex_0.01_economic,932178,20,24,conical_hull,convex,economic,0.01,5.928810038169673e6,4.868128611510625e6,144915.0832405984,33.592973917202315,1.2331546783419174,20,1.0,1.0000000000000002,0.0,0.0,0.2856164383561644,203055,1030,3281,3464,OPTIMAL,4.147788087056796e7,0.0,4.113102369256575e7,0.0,-1.1482302168304605e-8,353912,727091,OPTIMAL,2.7056292093744703e7,0.0,2.7032266333748404e7,0.0,24025.75999942376,5492686,11336278,4.839354120182167e7,2402.5759999423763,0.008607709,0.759705459,0.185614375,1.761076708,4.387730458,0.56791
tyndp/p2x_20_24_conical_hull_conical_0.01_economic,932178,20,24,conical_hull,conical,economic,0.01,5.460783153549963e6,4.868128611510625e6,144915.0832405984,33.592973917202315,1.2331546783419174,20,1.088935196345915,1.3526287382315314,0.8191780821917808,0.12602739726027398,0.3117808219178082,223805,1087,3281,3464,OPTIMAL,5.180331552007615e7,0.0,5.1415677040215515e7,0.0,1.5430491917756047e-9,353912,727091,OPTIMAL,2.7318960232373297e7,0.0,2.6939568983339936e7,0.0,379391.24903624965,5492686,11336278,2.8792173453124512e7,37939.12490362498,0.00870225,0.762464791,0.115823083,1.759050041,5.30636775,0.56791
tyndp/p2x_20_24_conical_hull_conical_bounded_0.01_economic,932178,20,24,conical_hull,conical_bounded,economic,0.01,5.9259372369801365e6,4.868128611510625e6,144915.0832405984,33.592973917202315,1.2331546783419174,20,0.991657924483823,1.0000000000000002,0.0,0.36712328767123287,0.2843835616438356,202508,1031,3281,3464,OPTIMAL,4.083201203861697e7,0.0,4.0486705241273515e7,0.0,1.1486917770877438e-8,353912,727091,OPTIMAL,2.704370638089576e7,0.0,2.701968062089856e7,0.0,24025.76000010511,5492686,11336278,4.807926820707779e7,2402.5760000105147,0.008726417,2.050153417,0.173216417,1.751737166,4.1698435,0.56791
tyndp/p2x_40_24_k_means_dirac_0.01_economic,932178,40,24,k_means,dirac,economic,0.01,5.699170873604895e6,7.797840007306539e6,28769.181556053543,271.0483783528328,1.109265151123499,40,1.0,1.0,0.0,0.0,0.025,0,0,0,0,OPTIMAL,1.815312313848537e7,0.0,1.781511335169179e7,0.0,0.0,656312,1351111,OPTIMAL,2.703658124070136e7,0.0,2.701264136576288e7,0.0,23939.87494160649,5492686,11336278,3.2747280146271497e7,2393.9874941606486,0.008723125,0.467585125,1.792e-6,3.628629416,9.935642875,0.56791
tyndp/p2x_40_24_k_means_convex_0.01_economic,932178,40,24,k_means,convex,economic,0.01,5.058746013865817e6,7.797840007306539e6,28769.181556053543,271.0483783528328,1.109265151123499,40,1.0,1.0000000000000002,0.0,0.0,0.10267123287671233,472723,3202,0,0,OPTIMAL,1.905564349726368e7,0.0,1.8671425518520292e7,0.0,0.0,656312,1351111,OPTIMAL,2.6815601340561744e7,0.0,2.6804963420562234e7,0.0,10637.920002530269,5492686,11336278,4.271770585734095e7,1063.7920002530238,0.008611375,0.450582708,0.712432708,2.665212417,14.655792709,0.56791
tyndp/p2x_40_24_k_means_conical_0.01_economic,932178,40,24,k_means,conical,economic,0.01,4.911890222295489e6,7.797840007306539e6,28769.181556053543,271.0483783528328,1.109265151123499,40,1.0148955313671337,1.160800206311134,0.6191780821917808,0.38082191780821917,0.1036986301369863,514515,3753,0,0,OPTIMAL,1.9351041968216695e7,0.0,1.8966473135379776e7,0.0,0.0,656312,1351111,OPTIMAL,2.847079228320661e7,0.0,2.729822518679974e7,0.0,1.1725670964099965e6,5492686,11336278,6.935868233686675e7,117256.70964099957,0.008619791,0.452184209,0.456104583,3.772250708,16.948918042,0.56791
tyndp/p2x_40_24_k_means_conical_bounded_0.01_economic,932178,40,24,k_means,conical_bounded,economic,0.01,5.020995688421868e6,7.797840007306539e6,28769.181556053543,271.0483783528328,1.109265151123499,40,0.9810581221910197,1.0000000000000002,0.0,0.5232876712328767,0.1013013698630137,482679,3247,0,0,OPTIMAL,1.78097849495136e7,0.0,1.7469879976648778e7,0.0,0.0,656312,1351111,OPTIMAL,2.7384977418096606e7,0.0,2.737693981809984e7,0.0,8037.599999767424,5492686,11336278,7.295862050998403e7,803.7599999767424,0.008652208,0.461522625,1.963807583,2.763412417,16.60358175,0.56791
tyndp/p2x_40_24_k_medoids_dirac_0.01_economic,932178,40,24,k_medoids,dirac,economic,0.01,7.015456589450325e6,7.779531911461815e6,73317.19453214543,106.10787771006339,1.1492338726603686,40,1.0,1.0,0.0,0.0,0.025,0,0,0,0,OPTIMAL,3.208903809859643e7,0.0,3.1349759058596287e7,0.0,0.0,656312,1351111,OPTIMAL,2.748663613534145e7,0.0,2.712609605653599e7,0.0,360540.0788086287,5492686,11336278,4.4021304285449885e7,36054.00788086288,0.009050292,0.510154958,1.625e-6,3.969778916,9.366220459,0.56791
tyndp/p2x_40_24_k_medoids_convex_0.01_economic,932178,40,24,k_medoids,convex,economic,0.01,5.098348868157129e6,7.779531911461815e6,73317.19453214543,106.10787771006339,1.1492338726603686,40,1.0,1.0000000000000002,0.0,0.0,0.15253424657534245,437336,2252,0,0,OPTIMAL,3.600613307651357e7,0.0,3.562504470037058e7,0.0,2.455943138330345e-8,656312,1351111,OPTIMAL,2.6753586483250707e7,0.0,2.6740452083253775e7,0.0,13134.399999802787,5492686,11336278,4.066009322522025e7,1313.4399999802772,0.008802667,0.424437417,0.674901209,4.06224,9.992248542,0.56791
tyndp/p2x_40_24_k_medoids_conical_0.01_economic,932178,40,24,k_medoids,conical,economic,0.01,4.932625321356045e6,7.779531911461815e6,73317.19453214543,106.10787771006339,1.1492338726603686,40,1.021779527246073,1.1993974015868296,0.5808219178082191,0.3095890410958904,0.15883561643835617,469164,2370,0,0,OPTIMAL,3.6181627957621604e7,0.0,3.57812841094553e7,0.0,5.382135372043849e-9,656312,1351111,OPTIMAL,2.689859499622334e7,0.0,2.6777367947173957e7,0.0,121227.04905236237,5492686,11336278,4.6287187946092874e7,12122.704905236234,0.0087945,0.458193708,1.68743375,2.829311916,10.893329042,0.56791
tyndp/p2x_40_24_k_medoids_conical_bounded_0.01_economic,932178,40,24,k_medoids,conical_bounded,economic,0.01,5.060511925141009e6,7.779531911461815e6,73317.19453214543,106.10787771006339,1.1492338726603686,40,0.980376851833523,1.0000000000000002,0.0,0.5068493150684932,0.15082191780821919,437181,2240,0,0,OPTIMAL,3.291771495536979e7,0.0,3.2552765912368823e7,0.0,-1.2674795809631303e-9,656312,1351111,OPTIMAL,2.679325790635441e7,0.0,2.6780123506357506e7,0.0,13134.399999863681,5492686,11336278,4.4101202332004875e7,1313.4399999863674,0.0091385,0.433722125,0.7107445,4.052108916,9.163948958,0.56791
tyndp/p2x_40_24_hierarchical_dirac_0.01_economic,932178,40,24,hierarchical,dirac,economic,0.01,7.112968854585597e6,7.649324535298489e6,77122.21051113495,99.18445652169261,1.146251951050199,40,1.0,1.0,0.0,0.0,0.025,0,0,0,0,OPTIMAL,3.000053611236597e7,0.0,2.935307019236573e7,0.0,0.0,656312,1351111,OPTIMAL,2.7471115725902416e7,0.0,2.7276236987215083e7,0.0,194878.73869063033,5492686,11336278,3.729810383886548e7,19487.873869063027,0.008662833,0.427114583,1.834e-6,3.604437584,9.72919775,0.56791
tyndp/p2x_40_24_hierarchical_convex_0.01_economic,932178,40,24,hierarchical,convex,economic,0.01,5.150244676415041e6,7.649324535298489e6,77122.21051113495,99.18445652169261,1.146251951050199,40,1.0,1.0000000000000002,0.0,0.0,0.14876712328767122,415765,2270,0,0,OPTIMAL,3.12813444358992e7,0.0,3.094569648331161e7,0.0,7.726643938735005e-8,656312,1351111,OPTIMAL,2.6900262555012878e7,0.0,2.6882995995015167e7,0.0,17266.560000599107,5492686,11336278,3.9960914848879255e7,1726.656000059917,0.00861575,0.446656791,0.639080958,2.707307583,9.06015925,0.56791
tyndp/p2x_40_24_hierarchical_conical_0.01_economic,932178,40,24,hierarchical,conical,economic,0.01,4.9754713974883985e6,7.649324535298489e6,77122.21051113495,99.18445652169261,1.146251951050199,40,1.0241331573537138,1.215699307578764,0.5808219178082191,0.3095890410958904,0.1560958904109589,444881,2176,0,0,OPTIMAL,3.315589349103522e7,0.0,3.2788630672812458e7,0.0,1.1264751995078486e-8,656312,1351111,OPTIMAL,2.6993399068112157e7,0.0,2.6932328341830682e7,0.0,61070.72628439306,5492686,11336278,4.540188140138204e7,6107.072628439325,0.008655167,0.430475542,0.405957875,3.989270583,8.857150166,0.56791
tyndp/p2x_40_24_hierarchical_conical_bounded_0.01_economic,932178,40,24,hierarchical,conical_bounded,economic,0.01,5.122347754506262e6,7.649324535298489e6,77122.21051113495,99.18445652169261,1.146251951050199,40,0.9805908826204669,1.0000000000000002,0.0,0.5095890410958904,0.1473972602739726,416231,2244,0,0,OPTIMAL,2.912689570647556e7,0.0,2.8832779658767153e7,0.0,0.0,656312,1351111,OPTIMAL,2.7295383770573832e7,0.0,2.7278762330576714e7,0.0,16621.440000349634,5492686,11336278,7.442971170288548e7,1662.1440000349635,0.008671708,0.430045125,1.904638292,2.833211917,15.091366875,0.56791
tyndp/p2x_40_24_chronological_dirac_0.01_economic,932178,40,24,chronological,dirac,economic,0.01,8.92910641502578e6,7.721533274724049e6,70763.47914102615,109.11749066684,1.1545833188904806,40,1.0,1.0,0.0,0.0,0.025,0,0,0,0,OPTIMAL,2.4870254759237006e7,0.0,2.4648561959235303e7,0.0,0.0,656312,1351111,OPTIMAL,2.8443094180073276e7,0.0,2.8075165342283513e7,0.0,367928.8377930968,5492686,11336278,5.590694441630463e7,36792.88377930972,0.008650708,0.444551958,1.75e-6,3.759330875,5.00055625,0.56791
tyndp/p2x_40_24_chronological_convex_0.01_economic,932178,40,24,chronological,convex,economic,0.01,5.383615367041088e6,7.721533274724049e6,70763.47914102615,109.11749066684,1.1545833188904806,40,1.0,1.0000000000000002,0.0,0.0,0.15287671232876712,454736,2218,0,0,OPTIMAL,2.6696362386165556e7,0.0,2.6250970460259963e7,0.0,0.0,656312,1351111,OPTIMAL,2.6901207767068863e7,0.0,2.687888982366004e7,0.0,22317.94341193189,5492686,11336278,3.752401875942625e7,2231.7943411931856,0.008615917,0.461944375,0.713139084,4.078427209,13.483298208,0.56791
tyndp/p2x_40_24_chronological_conical_0.01_economic,932178,40,24,chronological,conical,economic,0.01,5.168739964745132e6,7.721533274724049e6,70763.47914102615,109.11749066684,1.1545833188904806,40,1.0140388451539046,1.2527985860410293,0.5123287671232877,0.3780821917808219,0.15595890410958904,476330,2516,0,0,OPTIMAL,2.6697646965671554e7,0.0,2.6363520387652174e7,0.0,0.0,656312,1351111,OPTIMAL,2.7322239091236245e7,0.0,2.717181388880809e7,0.0,150425.20243128552,5492686,11336278,6.070932369198586e7,15042.520243128552,0.008626709,0.483993333,0.430827833,2.808687791,16.181267666,0.56791
tyndp/p2x_40_24_chronological_conical_bounded_0.01_economic,932178,40,24,chronological,conical_bounded,economic,0.01,5.336930427471115e6,7.721533274724049e6,70763.47914102615,109.11749066684,1.1545833188904806,40,0.9752883200064024,1.0000000000000002,0.0,0.5178082191780822,0.15123287671232877,464199,2248,0,0,OPTIMAL,2.4916468967386354e7,0.0,2.4619005226665374e7,0.0,0.0,656312,1351111,OPTIMAL,2.7206740129834365e7,0.0,2.7196080929837592e7,0.0,10659.199999937448,5492686,11336278,6.65975451218141e7,1065.9199999937448,0.008634625,0.484601708,1.993551,2.82449325,15.6485285,0.56791
tyndp/p2x_40_24_convex_hull_dirac_0.01_economic,932178,40,24,convex_hull,dirac,economic,0.01,7.724485727329458e6,7.889845944255443e6,89885.0943531644,87.77702244218295,1.1904783664010676,40,1.0,1.0,0.0,0.0,0.025,0,0,8486,4969,OPTIMAL,3.035861726572464e7,0.0,2.977952366572453e7,0.0,0.0,656312,1351111,OPTIMAL,2.8081118966089327e7,0.0,2.7706731198172636e7,0.0,374387.76791996864,5492686,11336278,5.934850223865996e7,37438.77679199693,0.008778417,4.223776125,2.166e-6,2.763247417,9.047075834,0.56791
tyndp/p2x_40_24_convex_hull_convex_0.01_economic,932178,40,24,convex_hull,convex,economic,0.01,4.688658648008789e6,7.889845944255443e6,89885.0943531644,87.77702244218295,1.1904783664010676,40,1.0,1.0000000000000004,0.0,0.0,0.17383561643835616,394379,1986,8486,4969,OPTIMAL,3.8016648034029916e7,0.0,3.750121425943317e7,0.0,1.197088140408924e-8,656312,1351111,OPTIMAL,2.68212662920393e7,0.0,2.6812552904632237e7,0.0,8713.387410131192,5492686,11336278,4.1836129873797394e7,871.3387410131221,0.008652125,4.315123625,0.592557208,2.852297084,9.074263625,0.56791
tyndp/p2x_40_24_convex_hull_conical_0.01_economic,932178,40,24,convex_hull,conical,economic,0.01,4.546045360693533e6,7.889845944255443e6,89885.0943531644,87.77702244218295,1.1904783664010676,40,0.9939357963034449,1.1834976246281534,0.4410958904109589,0.44931506849315067,0.1734931506849315,409644,2015,8486,4969,OPTIMAL,3.893708888476465e7,0.0,3.8404519909254834e7,0.0,-1.7212131775575293e-8,656312,1351111,OPTIMAL,2.6910113786358703e7,0.0,2.689542549252466e7,0.0,14688.293837214847,5492686,11336278,4.842196802688691e7,1468.8293837214815,0.008638208,3.149713291,0.385310875,3.779145542,9.524979916,0.56791
tyndp/p2x_40_24_convex_hull_conical_bounded_0.01_economic,932178,40,24,convex_hull,conical_bounded,economic,0.01,4.62876116495966e6,7.889845944255443e6,89885.0943531644,87.77702244218295,1.1904783664010676,40,0.9692645657544936,1.0000000000000002,0.0,0.6438356164383562,0.16924657534246576,397472,2017,8486,4969,OPTIMAL,3.5831138888891846e7,0.0,3.532972739295202e7,0.0,3.628318130545138e-8,656312,1351111,OPTIMAL,2.6856389952609316e7,0.0,2.684941859261221e7,0.0,6971.360000269543,5492686,11336278,3.834988738504007e7,697.1360000269547,0.008990625,4.212194375,0.604762,2.981189209,10.841865375,0.56791
tyndp/p2x_40_24_convex_hull_with_null_dirac_0.01_economic,932178,40,24,convex_hull_with_null,dirac,economic,0.01,7.752275729564813e6,8.015389771244065e6,88668.32305367895,90.3974440386295,1.189496365218654,40,1.0,1.0,0.0,0.0,0.025,0,0,8637,5183,OPTIMAL,2.8310032925877314e7,0.0,2.748769084587733e7,0.0,0.0,656312,1351111,OPTIMAL,2.8348567050195422e7,0.0,2.791543690353628e7,0.0,433130.1466628332,5492686,11336278,6.967373040370724e7,43313.01466628341,0.008724917,4.142120458,1.958e-6,2.760947166,7.704575917,0.56791
tyndp/p2x_40_24_convex_hull_with_null_convex_0.01_economic,932178,40,24,convex_hull_with_null,convex,economic,0.01,4.7144853810179345e6,8.015389771244065e6,88668.32305367895,90.3974440386295,1.189496365218654,40,1.0,1.0000000000000002,0.0,0.0,0.17342465753424657,395500,1898,8637,5183,OPTIMAL,3.843400021457552e7,0.0,3.767718104053585e7,0.0,-4.282882801074177e-8,656312,1351111,OPTIMAL,2.681729059027851e7,0.0,2.6805527550281927e7,0.0,11763.039999618797,5492686,11336278,4.1937501911469355e7,1176.3039999618798,0.00865075,3.243624708,0.596974167,3.874542833,10.183759083,0.56791
tyndp/p2x_40_24_convex_hull_with_null_conical_0.01_economic,932178,40,24,convex_hull_with_null,conical,economic,0.01,4.5147464356135065e6,8.015389771244065e6,88668.32305367895,90.3974440386295,1.189496365218654,40,0.9751413087060756,1.187826596309136,0.34794520547945207,0.5424657534246575,0.17363013698630136,411471,2390,8637,5183,OPTIMAL,3.740353421246026e7,0.0,3.671983741386509e7,0.0,-1.3378896099170097e-9,656312,1351111,OPTIMAL,2.6964256982672546e7,0.0,2.692925467007291e7,0.0,35002.312602888,5492686,11336278,4.514949699480541e7,3500.2312602888123,0.00874725,4.415543375,0.347640792,2.861995083,10.280019917,0.56791
tyndp/p2x_40_24_convex_hull_with_null_conical_bounded_0.01_economic,932178,40,24,convex_hull_with_null,conical_bounded,economic,0.01,4.570415906149975e6,8.015389771244065e6,88668.32305367895,90.3974440386295,1.189496365218654,40,0.9570066698674929,1.0000000000000002,0.0,0.7150684931506849,0.16815068493150684,398718,2175,8637,5183,OPTIMAL,3.507417583636944e7,0.0,3.440550832886167e7,0.0,1.1766523233838585e-8,656312,1351111,OPTIMAL,2.6919848866074655e7,0.0,2.691178182607797e7,0.0,8067.039999927063,5492686,11336278,4.3734867072637685e7,806.7039999927064,0.008716916,4.369451084,0.608761834,2.852063375,8.854801084,0.56791
tyndp/p2x_40_24_conical_hull_dirac_0.01_economic,932178,40,24,conical_hull,dirac,economic,0.01,7.895455152015408e6,7.004761594421587e6,88086.398154104,79.52148959669128,1.2196545210220373,40,1.0,1.0,0.0,0.0,0.025,0,0,8256,5199,OPTIMAL,2.8786019681126706e7,0.0,2.8144410881126426e7,0.0,0.0,656312,1351111,OPTIMAL,2.7874864959596004e7,0.0,2.7800118235687315e7,0.0,74746.72391188693,5492686,11336278,6.293888237870818e7,7474.672391188696,0.008629042,1.180641125,2.042e-6,2.682624083,9.003725625,0.56791
tyndp/p2x_40_24_conical_hull_convex_0.01_economic,932178,40,24,conical_hull,convex,economic,0.01,5.166026377073012e6,7.004761594421587e6,88086.398154104,79.52148959669128,1.2196545210220373,40,1.0,1.0000000000000002,0.0,0.0,0.16794520547945205,347934,1923,8256,5199,OPTIMAL,4.065305460458411e7,0.0,4.024818260336122e7,0.0,4.0441624089609176e-8,656312,1351111,OPTIMAL,2.6749767082062423e7,0.0,2.6737728362066146e7,0.0,12038.719999219447,5492686,11336278,4.3141319112382345e7,1203.871999921946,0.008659916,2.405228791,0.514060208,2.875775625,10.113807875,0.56791
tyndp/p2x_40_24_conical_hull_conical_0.01_economic,932178,40,24,conical_hull,conical,economic,0.01,4.648924072546926e6,7.004761594421587e6,88086.398154104,79.52148959669128,1.2196545210220373,40,1.08132209457037,1.3147943099809698,0.7479452054794521,0.14246575342465753,0.18602739726027398,390248,1921,8256,5199,OPTIMAL,4.882064514721082e7,0.0,4.840196769865279e7,0.0,0.0,656312,1351111,OPTIMAL,2.7462949046508353e7,0.0,2.675754016643443e7,0.0,705408.8800768557,5492686,11336278,3.313044140052149e7,70540.88800768575,0.008725333,1.191393958,0.35706525,3.944319833,13.913531458,0.56791
tyndp/p2x_40_24_conical_hull_conical_bounded_0.01_economic,932178,40,24,conical_hull,conical_bounded,economic,0.01,5.169493381133663e6,7.004761594421587e6,88086.398154104,79.52148959669128,1.2196545210220373,40,0.9905708815279527,1.0000000000000002,0.0,0.4684931506849315,0.16705479452054794,347906,1933,8256,5199,OPTIMAL,3.995802615402347e7,0.0,3.9557243410342254e7,0.0,-2.7607744559033324e-8,656312,1351111,OPTIMAL,2.6785589683036007e7,0.0,2.6772629363039672e7,0.0,12960.31999925643,5492686,11336278,4.4192226037533365e7,1296.0319999256424,0.00880175,2.528312667,0.532336791,2.895854625,9.650344666,0.56791
tyndp/p2x_80_24_k_means_dirac_0.01_economic,932178,80,24,k_means,dirac,economic,0.01,4.983289613870805e6,1.09407500843784e7,23693.287108264438,461.7658172285502,1.128097557565718,80,1.0,1.0,0.0,0.0,0.0125,0,0,0,0,OPTIMAL,1.9110915004780453e7,0.0,1.895299594766646e7,0.0,0.0,1261112,2599151,OPTIMAL,2.7303074569833286e7,0.0,2.7167301615737207e7,0.0,135772.95409927022,5492686,11336278,6.186614233627565e7,13577.295409927014,0.008712417,0.479287791,1.167e-6,5.687271417,20.64388125,0.56791
tyndp/p2x_80_24_k_means_convex_0.01_economic,932178,80,24,k_means,convex,economic,0.01,4.327892675271711e6,1.09407500843784e7,23693.287108264438,461.7658172285502,1.128097557565718,80,1.0,1.0000000000000002,0.0,0.0,0.06030821917808219,827663,100000,0,0,OPTIMAL,2.0576197055429645e7,0.0,2.037846217404333e7,0.0,0.0,1261112,2599151,OPTIMAL,2.6907996652823377e7,0.0,2.689154247332045e7,0.0,16454.179505939963,5492686,11336278,6.603102321321742e7,1645.4179505939965,0.008762,0.48250625,2.865792625,6.074259667,50.471058125,0.56791
tyndp/p2x_80_24_k_means_conical_0.01_economic,932178,80,24,k_means,conical,economic,0.01,4.211767024283152e6,1.09407500843784e7,23693.287108264438,461.7658172285502,1.128097557565718,80,1.013579766720567,1.1482749921079216,0.5972602739726027,0.38082191780821917,0.06263698630136987,790135,4808,0,0,OPTIMAL,2.128810181115292e7,0.0,2.1084140326867796e7,0.0,0.0,1261112,2599151,OPTIMAL,2.7409785588880494e7,0.0,2.6908219495061964e7,0.0,501566.0938215111,5492686,11336278,6.394420492787212e7,50156.60938215112,0.0097945,0.600478292,1.834559542,6.30521825,43.352826167,0.56791
tyndp/p2x_80_24_k_means_conical_bounded_0.01_economic,932178,80,24,k_means,conical_bounded,economic,0.01,4.302670967079947e6,1.09407500843784e7,23693.287108264438,461.7658172285502,1.128097557565718,80,0.9840999119341867,1.0000000000000002,0.0,0.5616438356164384,0.059726027397260274,835880,100000,0,0,OPTIMAL,1.9592178193260174e7,0.0,1.941280221747905e7,0.0,0.0,1261112,2599151,OPTIMAL,2.6688215377501998e7,0.0,2.6666146584771924e7,0.0,22068.792733163697,5492686,11336278,4.441928456542515e7,2206.8792733163714,0.009041042,0.571939833,3.256473916,6.352326584,37.924314834,0.56791
tyndp/p2x_80_24_k_medoids_dirac_0.01_economic,932178,80,24,k_medoids,dirac,economic,0.01,6.383545056800798e6,1.0779613278031737e7,47935.59702913239,224.87700051968753,1.1640905968930144,80,1.0,1.0,0.0,0.0,0.0125,0,0,0,0,OPTIMAL,2.8689172758320972e7,0.0,2.8376657238320634e7,0.0,0.0,1261112,2599151,OPTIMAL,2.7478279258798834e7,0.0,2.720756279074445e7,0.0,270716.4680574086,5492686,11336278,5.920525655494521e7,27071.646805740915,0.008750833,0.438369708,1.75e-6,6.041462917,18.648164333,0.56791
tyndp/p2x_80_24_k_medoids_convex_0.01_economic,932178,80,24,k_medoids,convex,economic,0.01,4.344834920148252e6,1.0779613278031737e7,47935.59702913239,224.87700051968753,1.1640905968930144,80,1.0,1.0000000000000002,0.0,0.0,0.08246575342465753,612962,3709,0,0,OPTIMAL,2.923756019914598e7,0.0,2.9175392840319246e7,0.0,2.4664163213231198e-8,1261112,2599151,OPTIMAL,2.6574077154900454e7,0.0,2.6569139496474154e7,0.0,4937.6584292991265,5492686,11336278,4.232208207568714e7,493.7658429299132,0.008738708,0.455972667,2.220943334,5.981758458,33.052527792,0.56791
tyndp/p2x_80_24_k_medoids_conical_0.01_economic,932178,80,24,k_medoids,conical,economic,0.01,4.202262899986753e6,1.0779613278031737e7,47935.59702913239,224.87700051968753,1.1640905968930144,80,1.018143936874667,1.187097596335187,0.4931506849315068,0.2876712328767123,0.08523972602739727,645940,3534,0,0,OPTIMAL,3.029944181447979e7,0.0,3.0224419569622573e7,0.0,9.643529208784032e-10,1261112,2599151,OPTIMAL,2.668322434831722e7,0.0,2.661703522144073e7,0.0,66189.1268794944,5492686,11336278,4.155391513828005e7,6618.912687949463,0.008671083,0.462024083,1.338186292,6.150544875,29.815319459,0.56791
tyndp/p2x_80_24_k_medoids_conical_bounded_0.01_economic,932178,80,24,k_medoids,conical_bounded,economic,0.01,4.322101865745572e6,1.0779613278031737e7,47935.59702913239,224.87700051968753,1.1640905968930144,80,0.9840738736719954,1.0000000000000002,0.0,0.4931506849315068,0.08154109589041096,613998,3545,0,0,OPTIMAL,2.797221547557742e7,0.0,2.7917790621017057e7,0.0,0.0,1261112,2599151,OPTIMAL,2.6852388063793357e7,0.0,2.684850896536665e7,0.0,3879.0984298079,5492686,11336278,6.679000724646765e7,387.90984298079,0.008644125,0.450406625,3.157546125,4.68096825,40.589337584,0.56791
tyndp/p2x_80_24_hierarchical_dirac_0.01_economic,932178,80,24,hierarchical,dirac,economic,0.01,6.183900499823317e6,1.0938029644262247e7,49105.95183026169,222.7434605497587,1.1568572542286104,80,1.0,1.0,0.0,0.0,0.0125,0,0,0,0,OPTIMAL,2.6128468160059296e7,0.0,2.5611491840058904e7,0.0,0.0,1261112,2599151,OPTIMAL,2.747758203625594e7,0.0,2.7297422469045743e7,0.0,180159.56721331,5492686,11336278,6.617131441650672e7,18015.956721331015,0.008845292,0.61818925,1.666e-6,6.083551625,20.166231959,0.56791
tyndp/p2x_80_24_hierarchical_convex_0.01_economic,932178,80,24,hierarchical,convex,economic,0.01,4.253922021191871e6,1.0938029644262247e7,49105.95183026169,222.7434605497587,1.1568572542286104,80,1.0,1.0000000000000004,0.0,0.0,0.07979452054794521,613180,3709,0,0,OPTIMAL,2.93582336441551e7,0.0,2.9069193133955095e7,0.0,5.01087728664885e-9,1261112,2599151,OPTIMAL,2.6534322797045533e7,0.0,2.652149799705043e7,0.0,12824.79999822139,5492686,11336278,3.779847629432187e7,1282.4799998221376,0.008693791,0.432734,2.169799625,5.987479791,23.953557583,0.56791
tyndp/p2x_80_24_hierarchical_conical_0.01_economic,932178,80,24,hierarchical,conical,economic,0.01,4.1318780447756173e6,1.0938029644262247e7,49105.95183026169,222.7434605497587,1.1568572542286104,80,1.0157549487383395,1.1687663765285967,0.4931506849315068,0.2876712328767123,0.08304794520547945,649456,3693,0,0,OPTIMAL,3.0134872129546665e7,0.0,2.9837609871687893e7,0.0,-2.1002333766466868e-9,1261112,2599151,OPTIMAL,2.673728296328925e7,0.0,2.6597927256498117e7,0.0,139355.7067941467,5492686,11336278,4.4779301450177446e7,13935.570679414674,0.008829334,0.470549625,1.310313791,5.01083425,25.548050625,0.56791
tyndp/p2x_80_24_hierarchical_conical_bounded_0.01_economic,932178,80,24,hierarchical,conical_bounded,economic,0.01,4.237423230143422e6,1.0938029644262247e7,49105.95183026169,222.7434605497587,1.1568572542286104,80,0.9845354720899556,1.0000000000000002,0.0,0.5178082191780822,0.0789041095890411,623081,3850,0,0,OPTIMAL,2.791037278954009e7,0.0,2.7635776298871864e7,0.0,-1.5721782685151256e-8,1261112,2599151,OPTIMAL,2.6570955088294353e7,0.0,2.655925375895882e7,0.0,11701.329338598356,5492686,11336278,3.701808902943422e7,1170.132933859835,0.008670667,0.42632425,2.263424,6.224938583,28.229410333,0.56791
tyndp/p2x_80_24_chronological_dirac_0.01_economic,932178,80,24,chronological,dirac,economic,0.01,7.838478073680419e6,1.090821274013239e7,50608.14751582344,215.54262061700172,1.1666597177920142,80,1.0,1.0,0.0,0.0,0.0125,0,0,0,0,OPTIMAL,2.4677896591387402e7,0.0,2.4565497071386e7,0.0,3686.3999999999965,1261112,2599151,OPTIMAL,2.808848993113005e7,0.0,2.7125166388987992e7,0.0,963323.5421452326,5492686,11336278,3.6017215660913266e7,96332.35421452316,0.008686125,0.436005792,1.792e-6,5.84790725,9.625621584,0.56791
tyndp/p2x_80_24_chronological_convex_0.01_economic,932178,80,24,chronological,convex,economic,0.01,4.413080520120079e6,1.090821274013239e7,50608.14751582344,215.54262061700172,1.1666597177920142,80,1.0,1.0000000000000002,0.0,0.0,0.08291095890410959,646012,3274,0,0,OPTIMAL,2.643050169809907e7,0.0,2.625034120147459e7,0.0,0.0,1261112,2599151,OPTIMAL,2.6879077846535135e7,0.0,2.686981128653811e7,0.0,9266.560000042464,5492686,11336278,6.74384680771899e7,926.6560000042463,0.00864175,0.43963725,2.178114584,6.052679417,46.287812167,0.56791
tyndp/p2x_80_24_chronological_conical_0.01_economic,932178,80,24,chronological,conical,economic,0.01,4.263230877883224e6,1.090821274013239e7,50608.14751582344,215.54262061700172,1.1666597177920142,80,1.0191746747128887,1.186304097720303,0.5315068493150685,0.2493150684931507,0.08691780821917808,683569,4040,0,0,OPTIMAL,2.751864135341782e7,0.0,2.7362035823926363e7,0.0,0.0,1261112,2599151,OPTIMAL,2.7144531417401157e7,0.0,2.6876978698500473e7,0.0,267552.71890364203,5492686,11336278,6.272909492091065e7,26755.271890364216,0.008724542,0.457251792,1.375139958,6.257480208,44.606870583,0.56791
tyndp/p2x_80_24_chronological_conical_bounded_0.01_economic,932178,80,24,chronological,conical_bounded,economic,0.01,4.38816973552863e6,1.090821274013239e7,50608.14751582344,215.54262061700172,1.1666597177920142,80,0.9835067776843522,1.0000000000000002,0.0,0.4849315068493151,0.08256849315068493,650151,3963,0,0,OPTIMAL,2.5357615900148388e7,0.0,2.5220924753225215e7,0.0,0.0,1261112,2599151,OPTIMAL,2.6959755753148865e7,0.0,2.6952912233152453e7,0.0,6843.519999506143,5492686,11336278,7.099236795120633e7,684.3519999506142,0.008693209,0.480265709,2.224863125,6.017740083,41.934883333,0.56791
tyndp/p2x_80_24_convex_hull_dirac_0.01_economic,932178,80,24,convex_hull,dirac,economic,0.01,6.693450307853962e6,1.120968049130499e7,49689.04996248099,225.5965952210628,1.1822527292763478,80,1.0,1.0,0.0,0.0,0.0125,0,0,19067,6608,OPTIMAL,2.7490422371730227e7,0.0,2.7086220451729976e7,0.0,0.0,1261112,2599151,OPTIMAL,2.7925434310127422e7,0.0,2.7342546994200494e7,0.0,582887.3159301223,5492686,11336278,5.449778365725837e7,58288.73159301219,0.008634917,10.76357925,1.0e-6,4.488728166,19.215741875,0.56791
tyndp/p2x_80_24_convex_hull_convex_0.01_economic,932178,80,24,convex_hull,convex,economic,0.01,3.884313735986615e6,1.120968049130499e7,49689.04996248099,225.5965952210628,1.1822527292763478,80,1.0,1.0000000000000002,0.0,0.0,0.08962328767123287,597687,3175,19067,6608,OPTIMAL,3.162647713601627e7,0.0,3.1333246895171948e7,0.0,0.0,1261112,2599151,OPTIMAL,2.678415444152486e7,0.0,2.6776554787869226e7,0.0,7599.653658426436,5492686,11336278,5.9970938816787705e7,759.9653658426436,0.008660333,10.437592667,2.041253875,5.945208167,39.741065666,0.56791
tyndp/p2x_80_24_convex_hull_conical_0.01_economic,932178,80,24,convex_hull,conical,economic,0.01,3.784302652378667e6,1.120968049130499e7,49689.04996248099,225.5965952210628,1.1822527292763478,80,1.004334678861947,1.189635242032065,0.41643835616438357,0.3643835616438356,0.09202054794520548,624829,3391,19067,6608,OPTIMAL,3.2558659662646733e7,0.0,3.226565788512595e7,0.0,0.0,1261112,2599151,OPTIMAL,2.6872510377860762e7,0.0,2.682418096678634e7,0.0,48329.411077349025,5492686,11336278,6.060230167445429e7,4832.941107734901,0.008645625,11.588909167,1.136128291,4.856466,38.0542245,0.56791
tyndp/p2x_80_24_convex_hull_conical_bounded_0.01_economic,932178,80,24,convex_hull,conical_bounded,economic,0.01,3.8562963720821445e6,1.120968049130499e7,49689.04996248099,225.5965952210628,1.1822527292763478,80,0.9795200071160862,1.0000000000000002,0.0,0.5780821917808219,0.08876712328767124,599269,3340,19067,6608,OPTIMAL,3.0306775700698126e7,0.0,3.002783860834739e7,0.0,0.0,1261112,2599151,OPTIMAL,2.6873234219051693e7,0.0,2.686703896326831e7,0.0,6195.255786457119,5492686,11336278,6.32542015291926e7,619.5255786457119,0.008599708,11.809395875,1.831593375,4.672223375,35.56299325,0.56791
tyndp/p2x_80_24_convex_hull_with_null_dirac_0.01_economic,932178,80,24,convex_hull_with_null,dirac,economic,0.01,6.724195545911489e6,1.1224156824075198e7,49790.18320552744,225.42911275789706,1.184449438644495,80,1.0,1.0,0.0,0.0,0.0125,0,0,19357,6683,OPTIMAL,3.0973072884686194e7,0.0,3.0593915444686104e7,0.0,0.0,1261112,2599151,OPTIMAL,2.7829123458121285e7,0.0,2.729980926610359e7,0.0,529314.1920209167,5492686,11336278,5.4888371655636854e7,52931.41920209159,0.008714,12.080006666,1.291e-6,4.430377375,18.00584225,0.56791
tyndp/p2x_80_24_convex_hull_with_null_convex_0.01_economic,932178,80,24,convex_hull_with_null,convex,economic,0.01,3.906696095040785e6,1.1224156824075198e7,49790.18320552744,225.42911275789706,1.184449438644495,80,1.0,1.0000000000000002,0.0,0.0,0.09041095890410959,607328,3415,19357,6683,OPTIMAL,3.460076031241691e7,0.0,3.431666581403942e7,0.0,0.0,1261112,2599151,OPTIMAL,2.6775123997312184e7,0.0,2.6768230336115666e7,0.0,6893.661199454384,5492686,11336278,6.077955873092963e7,689.3661199454384,0.008627291,12.165324209,1.828941125,4.834837875,37.991833916,0.56791
tyndp/p2x_80_24_convex_hull_with_null_conical_0.01_economic,932178,80,24,convex_hull_with_null,conical,economic,0.01,3.776477284632487e6,1.1224156824075198e7,49790.18320552744,225.42911275789706,1.184449438644495,80,0.9945320629309474,1.1956053568316176,0.3643835616438356,0.41643835616438357,0.09226027397260274,639008,3282,19357,6683,OPTIMAL,3.4034351780511975e7,0.0,3.376040965518972e7,0.0,0.0,1261112,2599151,OPTIMAL,2.6850397064564716e7,0.0,2.6827931137938112e7,0.0,22465.926629720645,5492686,11336278,6.140736800112145e7,2246.5926629720643,0.0086545,11.489476166,1.150771584,4.853924791,34.717526291,0.56791
tyndp/p2x_80_24_convex_hull_with_null_conical_bounded_0.01_economic,932178,80,24,convex_hull_with_null,conical_bounded,economic,0.01,3.844098641903115e6,1.1224156824075198e7,49790.18320552744,225.42911275789706,1.184449438644495,80,0.9728233663665244,1.0000000000000002,0.0,0.5835616438356165,0.08965753424657534,612254,3343,19357,6683,OPTIMAL,3.1712806393788103e7,0.0,3.1442468601701144e7,0.0,0.0,1261112,2599151,OPTIMAL,2.6903432835451405e7,0.0,2.6896718701402865e7,0.0,6714.134051619118,5492686,11336278,6.59895165892794e7,671.4134051619117,0.008638333,10.973269333,1.742521833,4.934238083,37.206302333,0.56791
tyndp/p2x_80_24_conical_hull_dirac_0.01_economic,932178,80,24,conical_hull,dirac,economic,0.01,6.903575359206994e6,9.960900884157468e6,46732.570883325,213.14686300966358,1.2056822901702018,80,1.0,1.0,0.0,0.0,0.0125,0,0,18816,6859,OPTIMAL,2.6558920677402765e7,0.0,2.60752939574027e7,0.0,0.0,1261112,2599151,OPTIMAL,2.7545099350684203e7,0.0,2.746726089972534e7,0.0,77838.45096185483,5492686,11336278,6.0444088188620985e7,7783.845096185478,0.009001125,2.353759041,8.75e-7,5.717666333,16.732111542,0.56791
tyndp/p2x_80_24_conical_hull_convex_0.01_economic,932178,80,24,conical_hull,convex,economic,0.01,4.350208126977359e6,9.960900884157468e6,46732.570883325,213.14686300966358,1.2056822901702018,80,1.0,1.0000000000000004,0.0,0.0,0.08589041095890411,525297,3435,18816,6859,OPTIMAL,3.128480730499786e7,0.0,3.101405545571568e7,0.0,0.0,1261112,2599151,OPTIMAL,2.685071850227477e7,0.0,2.6835285702277556e7,0.0,15432.800000057547,5492686,11336278,5.8649980230689414e7,1543.2800000057546,0.008688083,2.290030333,1.850274375,5.785737792,35.330261791,0.56791
tyndp/p2x_80_24_conical_hull_conical_0.01_economic,932178,80,24,conical_hull,conical,economic,0.01,3.9580774713944388e6,9.960900884157468e6,46732.570883325,213.14686300966358,1.2056822901702018,80,1.064968283410494,1.2727840794393264,0.663013698630137,0.1178082191780822,0.09565068493150684,581545,3357,18816,6859,OPTIMAL,3.77146217482146e7,0.0,3.746716005392784e7,0.0,1.1335613268930327e-8,1261112,2599151,OPTIMAL,2.716957445335946e7,0.0,2.663123017020378e7,0.0,538344.2831586667,5492686,11336278,3.887062960676747e7,53834.428315866535,0.008660125,2.381220584,1.167623541,6.09107925,30.263422958,0.56791
tyndp/p2x_80_24_conical_hull_conical_bounded_0.01_economic,932178,80,24,conical_hull,conical_bounded,economic,0.01,4.367605205595791e6,9.960900884157468e6,46732.570883325,213.14686300966358,1.2056822901702018,80,0.9930764414998433,1.0000000000000002,0.0,0.4876712328767123,0.08595890410958903,523933,3661,18816,6859,OPTIMAL,3.0864490982421648e7,0.0,3.0604434971306358e7,0.0,0.0,1261112,2599151,OPTIMAL,2.6887019385143947e7,0.0,2.6876003385146867e7,0.0,11016.000000055223,5492686,11336278,6.138768302435955e7,1101.6000000055224,0.008715958,3.903880833,1.608762125,4.673395792,33.343781542,0.56791
tyndp/p2x_10_24_k_means_dirac_0.01,932178,10,24,k_means,dirac,unscaled,0.01,177.90491398353646,82.40567609448694,2.2506341960924305,36.61442460865491,1.0617337824073272,10,1.0,1.0,0.0,0.0,0.1,0,0,0,0,OPTIMAL,1.4624230275459146e7,0.0,1.429146249280259e7,0.0,0.0,202712,415081,OPTIMAL,2.7548011010920428e7,0.0,2.7513309120279662e7,0.0,34701.89064400022,5492686,11336278,6.095151661290256e7,3470.1890644000223,0.008778042,0.624275875,2.916e-6,2.118495958,1.8406205,0.56791
tyndp/p2x_10_24_k_means_convex_0.01,932178,10,24,k_means,convex,unscaled,0.01,170.37088008375218,82.40567609448694,2.2506341960924305,36.61442460865491,1.0617337824073272,10,1.0,1.0000000000000002,0.0,0.0,0.276986301369863,44718,278,0,0,OPTIMAL,1.4419917197691688e7,0.0,1.4094189094234027e7,0.0,9.60261001192384e-9,202712,415081,OPTIMAL,2.732268646668435e7,0.0,2.730312150668541e7,0.0,19564.96000199944,5492686,11336278,5.411451429052813e7,1956.4960001999484,0.008650292,0.446485375,0.02823775,2.294568291,2.126368458,0.56791
tyndp/p2x_10_24_k_means_conical_0.01,932178,10,24,k_means,conical,unscaled,0.01,167.50311615868668,82.40567609448694,2.2506341960924305,36.61442460865491,1.0617337824073272,10,1.0099907477451004,1.1981963145019194,0.5917808219178082,0.40821917808219177,0.27835616438356164,48755,337,0,0,OPTIMAL,1.468105168964264e7,0.0,1.4365072998311153e7,0.0,-1.6747073176242322e-9,202712,415081,OPTIMAL,2.7660705399884596e7,0.0,2.7331229583564535e7,0.0,329475.816323253,5492686,11336278,4.950525428264656e7,32947.58163232528,0.008661083,0.476559333,0.019679167,1.381295791,2.841294625,0.56791
tyndp/p2x_10_24_k_means_conical_bounded_0.01,932178,10,24,k_means,conical_bounded,unscaled,0.01,169.2998329583348,82.40567609448694,2.2506341960924305,36.61442460865491,1.0617337824073272,10,0.976103141231069,1.0000000000000002,0.0,0.4383561643835616,0.2745205479452055,45454,304,0,0,OPTIMAL,1.3499716246194132e7,0.0,1.322783031721815e7,0.0,-1.390122699093437e-10,202712,415081,OPTIMAL,2.735953096028433e7,0.0,2.734414120028472e7,0.0,15389.760002702873,5492686,11336278,5.5132473330290236e7,1538.9760002702876,0.009035667,0.453991458,0.026717625,2.246986416,1.930818209,0.56791
tyndp/p2x_10_24_k_medoids_dirac_0.01,932178,10,24,k_medoids,dirac,unscaled,0.01,227.31516397498282,80.91787758011542,6.234164369437206,12.979747209876717,1.160490941791548,10,1.0,1.0,0.0,0.0,0.1,0,0,0,0,OPTIMAL,2.3005542829321895e7,0.0,2.2533554349321853e7,0.0,0.0,202712,415081,OPTIMAL,2.9567757039554674e7,0.0,2.7966787694942836e7,0.0,1.600969344614888e6,5492686,11336278,5.314821335307467e7,160096.93446148888,0.008659292,0.414515542,1.542e-6,1.386212583,1.579488875,0.56791
tyndp/p2x_10_24_k_medoids_convex_0.01,932178,10,24,k_medoids,convex,unscaled,0.01,186.01750281874183,80.91787758011542,6.234164369437206,12.979747209876717,1.160490941791548,10,1.0,1.0000000000000002,0.0,0.0,0.5312328767123288,44541,192,0,0,OPTIMAL,2.6111304182179052e7,0.0,2.566718640562818e7,0.0,2.1932901020186496e-8,202712,415081,OPTIMAL,2.7402946993007094e7,0.0,2.738512827301218e7,0.0,17818.71999769943,5492686,11336278,4.520230481726499e7,1781.871999769934,0.008654791,0.435808208,0.050331334,1.310039458,2.400517291,0.56791
tyndp/p2x_10_24_k_medoids_conical_0.01,932178,10,24,k_medoids,conical,unscaled,0.01,183.32221933007523,80.91787758011542,6.234164369437206,12.979747209876717,1.160490941791548,10,1.004134014494752,1.2922366256187976,0.5287671232876713,0.4438356164383562,0.544931506849315,45691,181,0,0,OPTIMAL,2.649743122747181e7,0.0,2.606221666625173e7,0.0,2.5387661661841306e-10,202712,415081,OPTIMAL,2.771901220895e7,0.0,2.748554131963279e7,0.0,233470.88932015424,5492686,11336278,6.131177194196536e7,23347.088932015424,0.008647166,0.446641708,0.019874333,2.252631959,2.330828208,0.56791
tyndp/p2x_10_24_k_medoids_conical_bounded_0.01,932178,10,24,k_medoids,conical_bounded,unscaled,0.01,184.88699750369565,80.91787758011542,6.234164369437206,12.979747209876717,1.160490941791548,10,0.9710908836652788,1.0000000000000002,0.0,0.5534246575342465,0.5252054794520548,44381,182,0,0,OPTIMAL,2.4355561952696186e7,0.0,2.3951063645810068e7,0.0,1.77144277569716e-8,202712,415081,OPTIMAL,2.74677666492034e7,0.0,2.7449947929207325e7,0.0,17818.719998986315,5492686,11336278,5.836993160321066e7,1781.8719998986305,0.008696333,0.415451541,0.026051208,1.426160209,3.208722,0.56791
tyndp/p2x_10_24_hierarchical_dirac_0.01,932178,10,24,hierarchical,dirac,unscaled,0.01,232.34923357299428,81.16485709116606,6.276715074593594,12.931104268170296,1.152199618612045,10,1.0,1.0,0.0,0.0,0.1,0,0,0,0,OPTIMAL,2.895156139968806e7,0.0,2.781084331968814e7,0.0,-2.96329910104925e-10,202712,415081,OPTIMAL,2.7898201005592752e7,0.0,2.7888695085596677e7,0.0,9505.919999105961,5492686,11336278,4.318594659125414e7,950.5919999105961,0.0086855,0.421662333,1.75e-6,1.379096083,2.391133708,0.56791
tyndp/p2x_10_24_hierarchical_convex_0.01,932178,10,24,hierarchical,convex,unscaled,0.01,185.98069201641653,81.16485709116606,6.276715074593594,12.931104268170296,1.152199618612045,10,1.0,1.0000000000000002,0.0,0.0,0.530958904109589,46359,187,0,0,OPTIMAL,2.6489217939083215e7,0.0,2.587902789347517e7,0.0,-2.498057887827628e-8,202712,415081,OPTIMAL,2.758373249135081e7,0.0,2.7572525671883587e7,0.0,11206.819470160332,5492686,11336278,5.464288223367775e7,1120.6819470160349,0.008696,0.445399875,0.024926125,2.258325584,2.365132917,0.56791
tyndp/p2x_10_24_hierarchical_conical_0.01,932178,10,24,hierarchical,conical,unscaled,0.01,183.82755762867183,81.16485709116606,6.276715074593594,12.931104268170296,1.152199618612045,10,0.995413604492859,1.1817130638801723,0.4520547945205479,0.5205479452054794,0.5350684931506849,47205,213,0,0,OPTIMAL,2.5562120868803192e7,0.0,2.4989513598796777e7,0.0,9.243756414938398e-10,202712,415081,OPTIMAL,2.7691970092688803e7,0.0,2.7663909468798384e7,0.0,28060.623893398835,5492686,11336278,5.8525484048362575e7,2806.0623893399006,0.008681667,0.465654625,0.019585125,2.234019417,2.599248542,0.56791
tyndp/p2x_10_24_hierarchical_conical_bounded_0.01,932178,10,24,hierarchical,conical_bounded,unscaled,0.01,184.91087392624354,81.16485709116606,6.276715074593594,12.931104268170296,1.152199618612045,10,0.9709160621332547,1.0000000000000002,0.0,0.6027397260273972,0.5254794520547945,46692,212,0,0,OPTIMAL,2.414650381686893e7,0.0,2.36513880848438e7,0.0,3.762893157239527e-8,202712,415081,OPTIMAL,2.7616744268035445e7,0.0,2.7607630621158827e7,0.0,9113.646879624173,5492686,11336278,5.91959753171163e7,911.3646879624137,0.008705208,0.493449292,0.02863525,2.233455958,2.309284333,0.56791
tyndp/p2x_10_24_chronological_dirac_0.01,932178,10,24,chronological,dirac,unscaled,0.01,244.2474176341264,82.09067572668776,5.552666760620292,14.78400906549583,1.129549980551663,10,1.0,1.0,0.0,0.0,0.1,0,0,0,0,OPTIMAL,2.1763481303622503e7,0.0,2.0836076503622666e7,0.0,0.0,202712,415081,OPTIMAL,2.8401360456880108e7,0.0,2.838215748545391e7,0.0,19202.971429436388,5492686,11336278,4.978820853382946e7,1920.2971429436384,0.008667042,0.428201459,1.125e-6,1.27342825,1.108656875,0.56791
tyndp/p2x_10_24_chronological_convex_0.01,932178,10,24,chronological,convex,unscaled,0.01,194.11233909088898,82.09067572668776,5.552666760620292,14.78400906549583,1.129549980551663,10,1.0,1.0000000000000002,0.0,0.0,0.5389041095890411,50271,212,0,0,OPTIMAL,2.1023962829478793e7,0.0,2.0477310344800465e7,0.0,4.01751112457077e-8,202712,415081,OPTIMAL,2.7778731388457403e7,0.0,2.7764553872344904e7,0.0,14177.516115769151,5492686,11336278,4.379100516733175e7,1417.7516115769097,0.008593459,0.422939708,0.051059833,1.307064833,2.256408375,0.56791
tyndp/p2x_10_24_chronological_conical_0.01,932178,10,24,chronological,conical,unscaled,0.01,191.40788170584466,82.09067572668776,5.552666760620292,14.78400906549583,1.129549980551663,10,0.9827331697131926,1.1658657305870366,0.40821917808219177,0.5643835616438356,0.5389041095890411,51494,213,0,0,OPTIMAL,1.984778366276448e7,0.0,1.9459506088316888e7,0.0,-3.38158430896311e-8,202712,415081,OPTIMAL,2.8120375931784503e7,0.0,2.810698313178794e7,0.0,13392.800000029572,5492686,11336278,6.954445346441212e7,1339.280000002949,0.008702166,0.424588375,0.02163225,1.30502875,2.357168792,0.56791
tyndp/p2x_10_24_chronological_conical_bounded_0.01,932178,10,24,chronological,conical_bounded,unscaled,0.01,192.25392466489538,82.09067572668776,5.552666760620292,14.78400906549583,1.129549980551663,10,0.960318317651331,1.0,0.0,0.6493150684931507,0.5287671232876713,51136,219,0,0,OPTIMAL,1.889759685488369e7,0.0,1.8552848204895884e7,0.0,-2.3232789231164168e-8,202712,415081,OPTIMAL,2.7874279296720788e7,0.0,2.7860295776723236e7,0.0,13983.520001025414,5492686,11336278,3.790521707433138e7,1398.3520001025408,0.008757666,0.420228958,0.028314334,2.19825425,2.560917416,0.56791
tyndp/p2x_10_24_convex_hull_dirac_0.01,932178,10,24,convex_hull,dirac,unscaled,0.01,246.84362773420847,84.6055468356954,7.552087092183788,11.20293579813982,1.2181178042683267,10,1.0,1.0,0.0,0.0,0.1,0,0,729,2511,OPTIMAL,4.324906790160361e7,0.0,4.161224102160354e7,0.0,2.943835724359271e-10,202712,415081,OPTIMAL,2.9158228710567236e7,0.0,2.7961660457326695e7,0.0,1.196568253243996e6,5492686,11336278,5.121483435005428e7,119656.8253243996,0.008756125,1.752118667,1.042e-6,1.416777084,1.9025075,0.56791
tyndp/p2x_10_24_convex_hull_convex_0.01,932178,10,24,convex_hull,convex,unscaled,0.01,178.32189621886133,84.6055468356954,7.552087092183788,11.20293579813982,1.2181178042683267,10,1.0,1.0000000000000002,0.0,0.0,0.5756164383561644,39082,180,729,2511,OPTIMAL,5.486457911551992e7,0.0,5.383571581421505e7,0.0,-5.509528784820558e-8,202712,415081,OPTIMAL,2.7343872409566738e7,0.0,2.7321392253231514e7,0.0,22480.1563382819,5492686,11336278,6.0239650403394096e7,2248.015633828195,0.008703875,0.630672042,0.044824459,1.298000833,2.410117167,0.56791
tyndp/p2x_10_24_convex_hull_conical_0.01,932178,10,24,convex_hull,conical,unscaled,0.01,175.63663920613223,84.6055468356954,7.552087092183788,11.20293579813982,1.2181178042683267,10,0.9773603909877067,1.130036888817422,0.37534246575342467,0.5972602739726027,0.5780821917808219,39456,165,729,2511,OPTIMAL,5.18196031087158e7,0.0,5.082116445741473e7,0.0,-3.384273268668298e-8,202712,415081,OPTIMAL,2.746230739595121e7,0.0,2.7437107294241983e7,0.0,25200.101712534575,5492686,11336278,6.270882662051469e7,2520.010171253457,0.008788333,0.611961833,0.030822083,1.30166275,2.499135584,0.56791
tyndp/p2x_10_24_convex_hull_conical_bounded_0.01,932178,10,24,convex_hull,conical_bounded,unscaled,0.01,176.35416239810044,84.6055468356954,7.552087092183788,11.20293579813982,1.2181178042683267,10,0.9588674792413466,1.0,0.0,0.673972602739726,0.5663013698630137,39331,180,729,2511,OPTIMAL,4.926946744445881e7,0.0,4.8315719824603334e7,0.0,-7.735564581368889e-9,202712,415081,OPTIMAL,2.7392854564442683e7,0.0,2.7384328729507733e7,0.0,8525.83493807634,5492686,11336278,1.0847874415953237e8,852.5834938076288,0.008600583,0.640656208,0.025113625,1.466853583,3.387788625,0.56791
tyndp/p2x_10_24_convex_hull_with_null_dirac_0.01,932178,10,24,convex_hull_with_null,dirac,unscaled,0.01,270.00111587539874,90.00293226212214,7.409413931286609,12.147105438674496,1.196796878854528,10,1.0,1.0,0.0,0.0,0.1,0,0,765,2840,OPTIMAL,5.409894607661405e7,0.0,5.270448735661389e7,0.0,0.0,202712,415081,OPTIMAL,4.158614003045696e7,0.0,2.863143110464515e7,0.0,1.2954708925815433e7,5492686,11336278,6.579419031377773e7,1.2954708925815413e6,0.008683584,0.663991791,1.25e-6,1.259149459,1.743859583,0.56791
tyndp/p2x_10_24_convex_hull_with_null_convex_0.01,932178,10,24,convex_hull_with_null,convex,unscaled,0.01,195.80679958906566,90.00293226212214,7.409413931286609,12.147105438674496,1.196796878854528,10,1.0,1.0000000000000002,0.0,0.0,0.575068493150685,41829,175,765,2840,OPTIMAL,6.514320795144086e7,0.0,6.379492698422352e7,0.0,2.0338718464044927e-9,202712,415081,OPTIMAL,2.7489142924139466e7,0.0,2.7464747724142067e7,0.0,24395.200000364457,5492686,11336278,5.968099590813381e7,2439.5200000364375,0.008591791,0.64068575,0.02517825,1.39405775,2.377868417,0.56791
tyndp/p2x_10_24_convex_hull_with_null_conical_0.01,932178,10,24,convex_hull_with_null,conical,unscaled,0.01,184.4559284107476,90.00293226212214,7.409413931286609,12.147105438674496,1.196796878854528,10,0.9122151871781479,1.1182589396184421,0.21643835616438356,0.7561643835616438,0.5665753424657535,42181,167,765,2840,OPTIMAL,5.0583508791265294e7,0.0,4.98087031316962e7,0.0,4.813372076423536e-8,202712,415081,OPTIMAL,2.764644295169195e7,0.0,2.7635783751695316e7,0.0,10659.200000038285,5492686,11336278,6.445709806582847e7,1065.9200000038413,0.008652375,1.755732875,0.018470584,1.464907625,2.346032125,0.56791
tyndp/p2x_10_24_convex_hull_with_null_conical_bounded_0.01,932178,10,24,convex_hull_with_null,conical_bounded,unscaled,0.01,184.85243805948198,90.00293226212214,7.409413931286609,12.147105438674496,1.196796878854528,10,0.9028400142383413,1.0,0.0,0.7917808219178082,0.5616438356164384,41911,179,765,2840,OPTIMAL,4.919847734900436e7,0.0,4.8442904377759814e7,0.0,6.396844132505541e-8,202712,415081,OPTIMAL,2.7596582137307197e7,0.0,2.758592293730864e7,0.0,10659.200001832622,5492686,11336278,6.415606609027734e7,1065.9200001832617,0.008724333,1.705094083,0.039165125,1.315657458,2.42659725,0.56791
tyndp/p2x_10_24_conical_hull_dirac_0.01,932178,10,24,conical_hull,dirac,unscaled,0.01,250.70407935449373,74.71645331922672,7.791956176113053,9.588921142585063,1.2358250366797774,10,1.0,1.0,0.0,0.0,0.1,0,0,670,2570,OPTIMAL,4.296830951364195e7,0.0,4.258742119364201e7,0.0,0.0,202712,415081,OPTIMAL,2.781235249471073e7,0.0,2.7795962574717373e7,0.0,16389.91999676248,5492686,11336278,2.9745319846806243e7,1638.9919996762478,0.008640541,1.744212417,1.083e-6,1.416131041,1.469227667,0.56791
tyndp/p2x_10_24_conical_hull_convex_0.01,932178,10,24,conical_hull,convex,unscaled,0.01,190.083806692222,74.71645331922672,7.791956176113053,9.588921142585063,1.2358250366797774,10,1.0,1.0000000000000002,0.0,0.0,0.5473972602739726,34211,153,670,2570,OPTIMAL,4.5395959197858155e7,0.0,4.5318343857638e7,0.0,0.0,202712,415081,OPTIMAL,2.7356174480853345e7,0.0,2.7346945672102712e7,0.0,9228.808753708267,5492686,11336278,3.593428946410736e7,922.8808753708267,0.008686375,0.59699375,0.022252667,1.373360417,2.37500525,0.56791
tyndp/p2x_10_24_conical_hull_conical_0.01,932178,10,24,conical_hull,conical,unscaled,0.01,184.7244621734215,74.71645331922672,7.791956176113053,9.588921142585063,1.2358250366797774,10,1.064506917158891,1.3205949876906902,0.7616438356164383,0.21095890410958903,0.5778082191780822,36016,141,670,2570,OPTIMAL,5.136157029500527e7,0.0,5.124735589639047e7,0.0,-4.524687783245467e-9,202712,415081,OPTIMAL,2.739706257692857e7,0.0,2.736404230864866e7,0.0,33020.26828291198,5492686,11336278,3.733596283394908e7,3302.0268282911934,0.008709875,0.589882417,0.025742041,1.297647292,2.51232975,0.56791
tyndp/p2x_10_24_conical_hull_conical_bounded_0.01,932178,10,24,conical_hull,conical_bounded,unscaled,0.01,189.82583149761552,74.71645331922672,7.791956176113053,9.588921142585063,1.2358250366797774,10,0.9892458940700105,1.0000000000000002,0.0,0.3424657534246575,0.5430136986301369,34124,153,670,2570,OPTIMAL,4.460634189053594e7,0.0,4.453137539452785e7,0.0,0.0,202712,415081,OPTIMAL,2.7409895370936956e7,0.0,2.7402704322145086e7,0.0,7191.048794841963,5492686,11336278,4.317835253861449e7,719.1048794841963,0.008705917,0.609059541,0.023999458,1.373823542,2.30592675,0.56791
tyndp/p2x_20_24_k_means_dirac_0.01,932178,20,24,k_means,dirac,unscaled,0.01,170.46851764018643,114.26059525292933,1.3458136784876982,84.9007534098813,1.0782203359425315,20,1.0,1.0,0.0,0.0,0.05,0,0,0,0,OPTIMAL,1.535091540634957e7,0.0,1.5100185198886596e7,0.0,0.0,353912,727091,OPTIMAL,2.784541157788115e7,0.0,2.738145815740981e7,0.0,463953.42047429073,5492686,11336278,4.056155459652507e7,46395.342047429076,0.008568167,0.463503834,1.959e-6,1.841389625,4.215594791,0.56791
tyndp/p2x_20_24_k_means_convex_0.01,932178,20,24,k_means,convex,unscaled,0.01,161.81052159476627,114.26059525292933,1.3458136784876982,84.9007534098813,1.0782203359425315,20,1.0,1.0000000000000002,0.0,0.0,0.17465753424657535,75690,499,0,0,OPTIMAL,1.5746517877646554e7,0.0,1.545047876221479e7,0.0,1.3864174907689905e-10,353912,727091,OPTIMAL,2.7185077175717782e7,0.0,2.7171638135723084e7,0.0,13439.039997732241,5492686,11336278,4.719437180122143e7,1343.9039997732236,0.008693292,0.480572167,0.118834833,2.673611,4.615194083,0.56791
tyndp/p2x_20_24_k_means_conical_0.01,932178,20,24,k_means,conical,unscaled,0.01,159.45214962029314,114.26059525292933,1.3458136784876982,84.9007534098813,1.0782203359425315,20,1.015176806497558,1.1811115526218403,0.6219178082191781,0.3780821917808219,0.1780821917808219,81904,572,0,0,OPTIMAL,1.5975097893250097e7,0.0,1.569247898490209e7,0.0,0.0,353912,727091,OPTIMAL,2.840156670263309e7,0.0,2.746114207194217e7,0.0,940424.6306940349,5492686,11336278,6.840722248593666e7,94042.46306940354,0.008735291,0.440333417,0.224680834,2.773596416,8.384961,0.56791
tyndp/p2x_20_24_k_means_conical_bounded_0.01,932178,20,24,k_means,conical_bounded,unscaled,0.01,161.1907703244711,114.26059525292933,1.3458136784876982,84.9007534098813,1.0782203359425315,20,0.9813794067590815,1.0000000000000002,0.0,0.473972602739726,0.1721917808219178,77110,499,0,0,OPTIMAL,1.4767286062911395e7,0.0,1.4525678626872066e7,0.0,3.658610020035448e-10,353912,727091,OPTIMAL,2.72343321606279e7,0.0,2.7216159840632465e7,0.0,18172.319998468323,5492686,11336278,5.4505117390009694e7,1817.231999846831,0.008635833,0.442824541,0.241642666,2.777310084,4.106380417,0.56791
tyndp/p2x_20_24_k_medoids_dirac_0.01,932178,20,24,k_medoids,dirac,unscaled,0.01,216.2628903348255,113.96462488399561,4.32463952864687,26.3523986517447,1.1769914901591554,20,1.0,1.0,0.0,0.0,0.05,0,0,0,0,OPTIMAL,1.9186419798616733e7,0.0,1.83551314786166e7,0.0,0.0,353912,727091,OPTIMAL,2.919133771992694e7,0.0,2.7750241856438562e7,0.0,1.4410958634912479e6,5492686,11336278,4.7325701583880335e7,144109.58634912487,0.008655125,0.442137917,1.791e-6,1.7986485,4.40782325,0.56791
tyndp/p2x_20_24_k_medoids_convex_0.01,932178,20,24,k_medoids,convex,unscaled,0.01,168.46852932306103,113.96462488399561,4.32463952864687,26.3523986517447,1.1769914901591554,20,1.0,1.0000000000000004,0.0,0.0,0.33301369863013697,70404,317,0,0,OPTIMAL,1.892215371570806e7,0.0,1.8045276900819905e7,0.0,-2.0054193198155207e-9,353912,727091,OPTIMAL,2.720718505925268e7,0.0,2.7190550019255042e7,0.0,16635.04000065274,5492686,11336278,4.185995352080946e7,1663.5040000652823,0.008640792,0.437315125,0.074089667,1.894449916,5.218996833,0.56791
tyndp/p2x_20_24_k_medoids_conical_0.01,932178,20,24,k_medoids,conical,unscaled,0.01,165.59886080659172,113.96462488399561,4.32463952864687,26.3523986517447,1.1769914901591554,20,1.0104420845525481,1.2227716303585887,0.5616438356164384,0.3835616438356164,0.3443835616438356,72431,299,0,0,OPTIMAL,1.9230837993455097e7,0.0,1.8389342225817855e7,0.0,8.761775941566144e-9,353912,727091,OPTIMAL,2.741141602244026e7,0.0,2.7392428182442605e7,0.0,18987.84000063011,5492686,11336278,5.808271139051772e7,1898.7840000630133,0.008687209,0.465428666,0.055938459,1.928841417,4.864424708,0.56791
tyndp/p2x_20_24_k_medoids_conical_bounded_0.01,932178,20,24,k_medoids,conical_bounded,unscaled,0.01,167.494098520788,113.96462488399561,4.32463952864687,26.3523986517447,1.1769914901591554,20,0.9747130910845577,1.0000000000000002,0.0,0.6109589041095891,0.32945205479452055,70437,325,0,0,OPTIMAL,1.819266250395954e7,0.0,1.7418571259200312e7,0.0,1.0000516444103743e-9,353912,727091,OPTIMAL,2.733565907777634e7,0.0,2.731902403777834e7,0.0,16635.0400011702,5492686,11336278,5.175931416450953e7,1663.504000117012,0.008694917,0.443938791,0.080161542,1.770797,4.830999084,0.56791
tyndp/p2x_20_24_hierarchical_dirac_0.01,932178,20,24,hierarchical,dirac,unscaled,0.01,217.79308045703442,116.30998045730809,4.73825987183036,24.546982141859235,1.1731531989512196,20,1.0,1.0,0.0,0.0,0.05,0,0,0,0,OPTIMAL,3.391487981990349e7,0.0,3.3701097099903055e7,0.0,0.0,353912,727091,OPTIMAL,2.837791098898048e7,0.0,2.7951270179087624e7,0.0,426640.809895826,5492686,11336278,6.149236784594335e7,42664.08098958268,0.008641916,0.440955959,1.584e-6,1.826750167,4.405023417,0.56791
tyndp/p2x_20_24_hierarchical_convex_0.01,932178,20,24,hierarchical,convex,unscaled,0.01,164.58221245419202,116.30998045730809,4.73825987183036,24.546982141859235,1.1731531989512196,20,1.0,1.0000000000000002,0.0,0.0,0.3265753424657534,73490,305,0,0,OPTIMAL,3.369576241015133e7,0.0,3.359491965834058e7,0.0,0.0,353912,727091,OPTIMAL,2.7234088829889387e7,0.0,2.7219785150840156e7,0.0,14303.679052184469,5492686,11336278,6.369037015306493e7,1430.3679052184466,0.008679459,0.415740375,0.249373375,2.820498416,5.824841542,0.56791
tyndp/p2x_20_24_hierarchical_conical_0.01,932178,20,24,hierarchical,conical,unscaled,0.01,162.3860675953647,116.30998045730809,4.73825987183036,24.546982141859235,1.1731531989512196,20,1.0031503950483065,1.2248669582419554,0.5232876712328767,0.42191780821917807,0.3310958904109589,74177,339,0,0,OPTIMAL,3.384903177729155e7,0.0,3.375738379456491e7,0.0,-4.129822113642357e-9,353912,727091,OPTIMAL,2.707989527095747e7,0.0,2.7060844882054333e7,0.0,19050.38890616525,5492686,11336278,9.788709479344611e7,1905.0388906165326,0.008752167,0.442816375,0.034971959,2.670020875,4.560109417,0.56791
tyndp/p2x_20_24_hierarchical_conical_bounded_0.01,932178,20,24,hierarchical,conical_bounded,unscaled,0.01,163.6964256643763,116.30998045730809,4.73825987183036,24.546982141859235,1.1731531989512196,20,0.9743892740047047,1.0000000000000002,0.0,0.6438356164383562,0.32109589041095893,73261,313,0,0,OPTIMAL,3.181161033954765e7,0.0,3.1727035518618356e7,0.0,12306.91780017504,353912,727091,OPTIMAL,2.7098080831918675e7,0.0,2.7086042111921433e7,0.0,12038.720000037634,5492686,11336278,4.348709549521655e7,1203.8720000037633,0.00892375,0.442196167,0.078757875,1.844563292,4.205394458,0.56791
tyndp/p2x_20_24_chronological_dirac_0.01,932178,20,24,chronological,dirac,unscaled,0.01,230.88937115845934,115.68808488377859,4.7107410301761705,24.558362292195913,1.15143616196879,20,1.0,1.0,0.0,0.0,0.05,0,0,0,0,OPTIMAL,1.9996107587137207e7,0.0,1.9459439427137412e7,0.0,0.0,353912,727091,OPTIMAL,3.072046306889035e7,0.0,2.854362792352575e7,0.0,2.1768351453679968e6,5492686,11336278,6.736351434672908e7,217683.5145367991,0.008669792,0.413093875,1.5e-6,2.657899375,2.563474334,0.56791
tyndp/p2x_20_24_chronological_convex_0.01,932178,20,24,chronological,convex,unscaled,0.01,172.4697893862703,115.68808488377859,4.7107410301761705,24.558362292195913,1.15143616196879,20,1.0,1.0000000000000002,0.0,0.0,0.32972602739726026,75529,320,0,0,OPTIMAL,2.0983861749825194e7,0.0,2.0722999411290612e7,0.0,-1.7112334661711483e-9,353912,727091,OPTIMAL,2.7447032641579702e7,0.0,2.7429823201583795e7,0.0,17209.439999174992,5492686,11336278,4.954433622653196e7,1720.9439999174995,0.008672084,0.449877083,0.077179375,2.830684625,4.453778958,0.56791
tyndp/p2x_20_24_chronological_conical_0.01,932178,20,24,chronological,conical,unscaled,0.01,170.02756197678775,115.68808488377859,4.7107410301761705,24.558362292195913,1.15143616196879,20,1.001787687691523,1.245694774069031,0.4849315068493151,0.4602739726027397,0.33452054794520547,76025,337,0,0,OPTIMAL,2.1026419347899467e7,0.0,2.0778368669781167e7,0.0,-5.5422471124025255e-9,353912,727091,OPTIMAL,2.742192401041528e7,0.0,2.740549221428532e7,0.0,16431.79613316647,5492686,11336278,4.9353647683468014e7,1643.179613316639,0.008630792,0.410621042,0.232436875,2.794262375,4.512142584,0.56791
tyndp/p2x_20_24_chronological_conical_bounded_0.01,932178,20,24,chronological,conical_bounded,unscaled,0.01,171.42292726534902,115.68808488377859,4.7107410301761705,24.558362292195913,1.15143616196879,20,0.9718645434957074,1.0000000000000002,0.0,0.6273972602739726,0.3234246575342466,75108,341,0,0,OPTIMAL,2.0334118500877123e7,0.0,2.0140634943645824e7,0.0,-3.1369684761783313e-9,353912,727091,OPTIMAL,2.753226541535344e7,0.0,2.751427654090991e7,0.0,17988.874446785427,5492686,11336278,4.900298178345243e7,1798.8874446785333,0.008628292,0.410220083,0.073535667,1.857903833,4.270155625,0.56791
tyndp/p2x_20_24_convex_hull_dirac_0.01,932178,20,24,convex_hull,dirac,unscaled,0.01,234.794646357176,122.24183682195269,5.794860306577624,21.0948720684774,1.2081416550674675,20,1.0,1.0,0.0,0.0,0.05,0,0,2842,3903,OPTIMAL,3.685191806683798e7,0.0,3.592576414683805e7,0.0,0.0,353912,727091,OPTIMAL,2.8498529021837357e7,0.0,2.8181898865293764e7,0.0,316630.15654703986,5492686,11336278,8.099854240069932e7,31663.01565470404,0.008988458,0.915782541,1.333e-6,1.710747083,4.021183042,0.56791
tyndp/p2x_20_24_convex_hull_convex_0.01,932178,20,24,convex_hull,convex,unscaled,0.01,165.0247890976292,122.24183682195269,5.794860306577624,21.0948720684774,1.2081416550674675,20,1.0,1.0000000000000002,0.0,0.0,0.35191780821917806,65904,306,2842,3903,OPTIMAL,5.262976227136305e7,0.0,5.207502773913011e7,0.0,3.190870465530844e-8,353912,727091,OPTIMAL,2.714848413042986e7,0.0,2.7127393250433348e7,0.0,21090.879999565994,5492686,11336278,5.726319391927686e7,2109.0879999565977,0.008633583,0.868454875,0.048602042,1.969528209,6.23677475,0.56791
tyndp/p2x_20_24_convex_hull_conical_0.01,932178,20,24,convex_hull,conical,unscaled,0.01,162.34285930298051,122.24183682195269,5.794860306577624,21.0948720684774,1.2081416550674675,20,0.9785957273978437,1.1550704680602062,0.3643835616438356,0.5808219178082191,0.3612328767123288,67170,288,2842,3903,OPTIMAL,5.0187148278486945e7,0.0,4.965162967543023e7,0.0,-1.8263526097887804e-8,353912,727091,OPTIMAL,2.7126986676069085e7,0.0,2.7105895796071403e7,0.0,21090.88000085595,5492686,11336278,4.7020396444348976e7,2109.088000085593,0.008596834,0.868464917,0.032299875,2.68969175,5.020939834,0.56791
tyndp/p2x_20_24_convex_hull_conical_bounded_0.01,932178,20,24,convex_hull,conical_bounded,unscaled,0.01,163.1507435693042,122.24183682195269,5.794860306577624,21.0948720684774,1.2081416550674675,20,0.9604363918631337,1.0000000000000002,0.0,0.7178082191780822,0.35232876712328765,66823,274,2842,3903,OPTIMAL,4.813665865152229e7,0.0,4.7625062152329944e7,0.0,3.8542407656200435e-9,353912,727091,OPTIMAL,2.72454283357904e7,0.0,2.7224337455793533e7,0.0,21090.88000014765,5492686,11336278,6.307051285625801e7,2109.0880000147663,0.008666333,1.831358625,0.188020875,1.884995459,4.867943791,0.56791
tyndp/p2x_20_24_convex_hull_with_null_dirac_0.01,932178,20,24,convex_hull_with_null,dirac,unscaled,0.01,235.4895348289904,122.2740717366647,6.249486490580302,19.565459005466355,1.2060994757889825,20,1.0,1.0,0.0,0.0,0.05,0,0,2548,4562,OPTIMAL,2.4192308923612695e7,0.0,2.363746156361263e7,0.0,0.0,353912,727091,OPTIMAL,3.047530581937418e7,0.0,2.7631660598764423e7,0.0,2.843645220613056e6,5492686,11336278,4.1761414873857416e7,284364.5220613049,0.00867425,2.210017959,1.25e-6,1.667851625,3.691473541,0.56791
tyndp/p2x_20_24_convex_hull_with_null_convex_0.01,932178,20,24,convex_hull_with_null,convex,unscaled,0.01,167.01879368811618,122.2740717366647,6.249486490580302,19.565459005466355,1.2060994757889825,20,1.0,1.0000000000000002,0.0,0.0,0.353972602739726,65192,276,2548,4562,OPTIMAL,3.45912011791235e7,0.0,3.400564314832972e7,0.0,-5.510716373612576e-9,353912,727091,OPTIMAL,2.7084500921263825e7,0.0,2.7067647801267534e7,0.0,16853.11999941417,5492686,11336278,4.891540230450732e7,1685.3119999414166,0.008675625,0.896368334,0.067101167,1.768423875,5.644988375,0.56791
tyndp/p2x_20_24_convex_hull_with_null_conical_0.01,932178,20,24,convex_hull_with_null,conical,unscaled,0.01,161.50745773531398,122.2740717366647,6.249486490580302,19.565459005466355,1.2060994757889825,20,0.9612263560774529,1.1458348783050645,0.3315068493150685,0.6136986301369863,0.35383561643835615,65022,266,2548,4562,OPTIMAL,3.2527128417509712e7,0.0,3.2172508781087995e7,0.0,7.011750625376988e-8,353912,727091,OPTIMAL,2.728211274942605e7,0.0,2.7263872429428864e7,0.0,18240.320000540632,5492686,11336278,5.385338272015669e7,1824.0320000540682,0.008678125,0.942343541,0.041674,2.024002959,5.419672042,0.56791
tyndp/p2x_20_24_convex_hull_with_null_conical_bounded_0.01,932178,20,24,convex_hull_with_null,conical_bounded,unscaled,0.01,162.43113544769255,122.2740717366647,6.249486490580302,19.565459005466355,1.2060994757889825,20,0.9437215856971429,1.0000000000000002,0.0,0.7534246575342466,0.34506849315068494,65260,285,2548,4562,OPTIMAL,3.099697986568017e7,0.0,3.0665341610582594e7,0.0,-3.594716249190174e-8,353912,727091,OPTIMAL,2.7285145654390123e7,0.0,2.7266905334393047e7,0.0,18240.32000036488,5492686,11336278,5.762992627459903e7,1824.0320000364854,0.008697583,2.190269042,0.067353208,1.805891792,4.954800209,0.56791
tyndp/p2x_20_24_conical_hull_dirac_0.01,932178,20,24,conical_hull,dirac,unscaled,0.01,232.87849358832202,105.15492075598438,5.6092313366626625,18.7467612663215,1.2444777884470208,20,1.0,1.0,0.0,0.0,0.05,0,0,2555,4190,OPTIMAL,3.528970066370902e7,0.0,3.496687570370887e7,0.0,0.0,353912,727091,OPTIMAL,2.7720876408207826e7,0.0,2.7698387928208552e7,0.0,22488.480002901495,5492686,11336278,3.91627392204153e7,2248.8480002901497,0.008623167,0.751199625,1.333e-6,1.727726334,4.187276625,0.56791
tyndp/p2x_20_24_conical_hull_convex_0.01,932178,20,24,conical_hull,convex,unscaled,0.01,171.35077163920687,105.15492075598438,5.6092313366626625,18.7467612663215,1.2444777884470208,20,1.0,1.0000000000000002,0.0,0.0,0.3441095890410959,57631,277,2555,4190,OPTIMAL,4.223700498047169e7,0.0,4.2087836776650496e7,0.0,-9.113166303325584e-10,353912,727091,OPTIMAL,2.7122542932876654e7,0.0,2.7106256813622564e7,0.0,16286.119257108332,5492686,11336278,4.275680763511795e7,1628.61192571083,0.008645667,0.799342375,0.044652541,2.738624375,5.375640291,0.56791
tyndp/p2x_20_24_conical_hull_conical_0.01,932178,20,24,conical_hull,conical,unscaled,0.01,163.44984444053466,105.15492075598438,5.6092313366626625,18.7467612663215,1.2444777884470208,20,1.0795599204320854,1.3061260100764416,0.7917808219178082,0.15342465753424658,0.3747945205479452,60066,285,2555,4190,OPTIMAL,4.494029734869551e7,0.0,4.471781118783127e7,0.0,0.0,353912,727091,OPTIMAL,2.711900685773116e7,0.0,2.7105338774084687e7,0.0,13668.083649644817,5492686,11336278,3.296812654044748e7,1366.8083649644818,0.00868975,1.751761542,0.1520045,1.933078375,6.569108584,0.56791
tyndp/p2x_20_24_conical_hull_conical_bounded_0.01,932178,20,24,conical_hull,conical_bounded,unscaled,0.01,171.36052074434926,105.15492075598438,5.6092313366626625,18.7467612663215,1.2444777884470208,20,0.9912563215358642,1.0000000000000002,0.0,0.4438356164383562,0.34342465753424656,57877,277,2555,4190,OPTIMAL,4.188100035657366e7,0.0,4.17457746082674e7,0.0,0.0,353912,727091,OPTIMAL,2.7241896093869153e7,0.0,2.7228001334615547e7,0.0,13894.759256672674,5492686,11336278,5.001587798036597e7,1389.4759256672676,0.008693292,2.028475542,0.063548542,1.786922542,5.885289583,0.56791
tyndp/p2x_40_24_k_means_dirac_0.01,932178,40,24,k_means,dirac,unscaled,0.01,158.84701656193428,164.22850474103367,1.3578527947400127,120.94720825203913,1.095344792236602,40,1.0,1.0,0.0,0.0,0.025,0,0,0,0,OPTIMAL,1.689654743841573e7,0.0,1.6766143069664478e7,0.0,-7.49644117824959e-11,656312,1351111,OPTIMAL,2.7060047238242503e7,0.0,2.704779985053576e7,0.0,12247.387709731534,5492686,11336278,3.710753991394056e7,1224.7387709731536,0.008649625,0.484013458,2.292e-6,3.770273208,8.846781834,0.56791
tyndp/p2x_40_24_k_means_convex_0.01,932178,40,24,k_means,convex,unscaled,0.01,149.40823568118714,164.22850474103367,1.3578527947400127,120.94720825203913,1.095344792236602,40,1.0,1.0000000000000002,0.0,0.0,0.10527397260273973,121133,710,0,0,OPTIMAL,1.7045560613986425e7,0.0,1.693044068386966e7,0.0,3.268585454217763e-10,656312,1351111,OPTIMAL,2.6934906988075443e7,0.0,2.6912626480367646e7,0.0,22280.50771084155,5492686,11336278,4.9123994082010545e7,2228.050771084154,0.008598375,0.449529541,1.203190917,2.95137075,17.130655541,0.56791
tyndp/p2x_40_24_k_means_conical_0.01,932178,40,24,k_means,conical,unscaled,0.01,147.23742694078283,164.22850474103367,1.3578527947400127,120.94720825203913,1.095344792236602,40,1.0173366684289726,1.1779654975030647,0.6438356164383562,0.35342465753424657,0.10965753424657534,130239,793,0,0,OPTIMAL,1.744368271586017e7,0.0,1.7334088837228384e7,0.0,0.0,656312,1351111,OPTIMAL,2.787566502864873e7,0.0,2.722089581830375e7,0.0,654769.2103480437,5492686,11336278,6.183892378185418e7,65476.92103480437,0.008641792,0.457251959,0.290933083,2.851436042,17.071563667,0.56791
tyndp/p2x_40_24_k_means_conical_bounded_0.01,932178,40,24,k_means,conical_bounded,unscaled,0.01,148.9231298148238,164.22850474103367,1.3578527947400127,120.94720825203913,1.095344792236602,40,0.9841146470153299,1.0000000000000002,0.0,0.5041095890410959,0.10568493150684931,123951,736,0,0,OPTIMAL,1.6329603878234684e7,0.0,1.6245972731456568e7,0.0,0.0,656312,1351111,OPTIMAL,2.7249983741624933e7,0.0,2.7241606621627737e7,0.0,8377.120000298492,5492686,11336278,6.696454688940384e7,837.7120000298494,0.008682625,0.46837,0.214062458,3.853271041,17.209770916,0.56791
tyndp/p2x_40_24_k_medoids_dirac_0.01,932178,40,24,k_medoids,dirac,unscaled,0.01,203.43605566604995,163.08978720792172,3.588602205776471,45.44660507241531,1.1814223846001106,40,1.0,1.0,0.0,0.0,0.025,0,0,0,0,OPTIMAL,2.1187627620378092e7,0.0,2.085000202037791e7,0.0,0.0,656312,1351111,OPTIMAL,2.7406327059379913e7,0.0,2.7392265619381987e7,0.0,14061.440001101271,5492686,11336278,4.144685821869255e7,1406.1440001101269,0.008944208,0.419690167,8.75e-7,3.725007958,10.080642833,0.56791
tyndp/p2x_40_24_k_medoids_convex_0.01,932178,40,24,k_medoids,convex,unscaled,0.01,150.71785756163612,163.08978720792172,3.588602205776471,45.44660507241531,1.1814223846001106,40,1.0,1.0000000000000004,0.0,0.0,0.19712328767123288,106397,518,0,0,OPTIMAL,2.1203778562086117e7,0.0,2.100707547878708e7,0.0,0.0,656312,1351111,OPTIMAL,2.728222521599584e7,0.0,2.7272914655998006e7,0.0,9310.560000744954,5492686,11336278,6.564469578611825e7,931.0560000744956,0.008641958,0.445496417,0.1952685,2.847138166,17.810356083,0.56791
tyndp/p2x_40_24_k_medoids_conical_0.01,932178,40,24,k_medoids,conical,unscaled,0.01,148.49277709051984,163.08978720792172,3.588602205776471,45.44660507241531,1.1814223846001106,40,1.0152479564404846,1.1824581654701165,0.5616438356164384,0.3287671232876712,0.20417808219178082,106795,473,0,0,OPTIMAL,2.1837309724212155e7,0.0,2.1635826157699686e7,0.0,0.0,656312,1351111,OPTIMAL,2.720425061237333e7,0.0,2.715955254530919e7,0.0,44698.067067206604,5492686,11336278,5.6708776807127915e7,4469.806706720652,0.008678375,0.436932292,0.114818083,2.899161625,14.51956575,0.56791
tyndp/p2x_40_24_k_medoids_conical_bounded_0.01,932178,40,24,k_medoids,conical_bounded,unscaled,0.01,150.2849617823863,163.08978720792172,3.588602205776471,45.44660507241531,1.1814223846001106,40,0.9803145560263995,1.0000000000000002,0.0,0.6328767123287671,0.19616438356164384,106594,489,0,0,OPTIMAL,2.0435035898679536e7,0.0,2.025669317155423e7,0.0,4.2114997853499706e-9,656312,1351111,OPTIMAL,2.7122878646244854e7,0.0,2.7109853046247333e7,0.0,13025.600000593677,5492686,11336278,3.714442306522963e7,1302.5600000593665,0.008669875,0.44440175,1.15478175,2.997943291,9.284512333,0.56791
tyndp/p2x_40_24_hierarchical_dirac_0.01,932178,40,24,hierarchical,dirac,unscaled,0.01,202.10751323232063,164.20719924449077,3.8208108954696494,42.97705480247449,1.1835617950954118,40,1.0,1.0,0.0,0.0,0.025,0,0,0,0,OPTIMAL,3.110778692608565e7,0.0,3.0735916206084926e7,0.0,0.0,656312,1351111,OPTIMAL,2.8024165576644745e7,0.0,2.7601273886750773e7,0.0,422891.6898968852,5492686,11336278,5.7796097208533116e7,42289.16898968854,0.008651542,0.463919125,2.0e-6,2.722609709,6.777726583,0.56791
tyndp/p2x_40_24_hierarchical_convex_0.01,932178,40,24,hierarchical,convex,unscaled,0.01,149.10479141001875,164.20719924449077,3.8208108954696494,42.97705480247449,1.1835617950954118,40,1.0,1.0000000000000002,0.0,0.0,0.19027397260273973,108637,498,0,0,OPTIMAL,3.049625000279147e7,0.0,3.0282759815935988e7,0.0,9124.748482245084,656312,1351111,OPTIMAL,2.6865498935054965e7,0.0,2.6845925815055933e7,0.0,19573.12000183147,5492686,11336278,4.178473564865924e7,1957.3120001831471,0.008682667,0.431418208,0.197599583,4.083804209,10.331683166,0.56791
tyndp/p2x_40_24_hierarchical_conical_0.01,932178,40,24,hierarchical,conical,unscaled,0.01,146.67078877913823,164.20719924449077,3.8208108954696494,42.97705480247449,1.1835617950954118,40,1.0047582815181784,1.23253171424046,0.4904109589041096,0.4,0.1917808219178082,108548,595,0,0,OPTIMAL,3.069669363245468e7,0.0,3.0508030680744838e7,0.0,-6.643694251905677e-10,656312,1351111,OPTIMAL,2.6887012394677427e7,0.0,2.686833576319509e7,0.0,18676.63148529575,5492686,11336278,4.4548475921464145e7,1867.6631485295748,0.008657709,0.4125,0.27938,3.740377917,10.276207625,0.56791
tyndp/p2x_40_24_hierarchical_conical_bounded_0.01,932178,40,24,hierarchical,conical_bounded,unscaled,0.01,148.3610815968746,164.20719924449077,3.8208108954696494,42.97705480247449,1.1835617950954118,40,0.9766430907474027,1.0000000000000002,0.0,0.6410958904109589,0.18698630136986302,107686,490,0,0,OPTIMAL,2.9133474021990683e7,0.0,2.895031368200699e7,0.0,5.784855107013325e-10,656312,1351111,OPTIMAL,2.69049845193301e7,0.0,2.6885411399332162e7,0.0,19573.12000081903,5492686,11336278,4.4553777574047476e7,1957.3120000819004,0.008736416,0.40632375,0.19507475,3.770490791,11.545843417,0.56791
tyndp/p2x_40_24_chronological_dirac_0.01,932178,40,24,chronological,dirac,unscaled,0.01,220.37444701224527,163.74562284698044,3.4689594902096093,47.20309456167395,1.1725512616531446,40,1.0,1.0,0.0,0.0,0.025,0,0,0,0,OPTIMAL,2.18937924297441e7,0.0,2.1701243309742592e7,0.0,0.0,656312,1351111,OPTIMAL,3.071985841190008e7,0.0,2.8489653615211703e7,0.0,2.230204796691717e6,5492686,11336278,6.991804479875703e7,223020.47966917141,0.008646958,0.4454795,1.708e-6,3.839337958,4.817332375,0.56791
tyndp/p2x_40_24_chronological_convex_0.01,932178,40,24,chronological,convex,unscaled,0.01,152.30044142375044,163.74562284698044,3.4689594902096093,47.20309456167395,1.1725512616531446,40,1.0,1.0000000000000002,0.0,0.0,0.19075342465753425,111102,604,0,0,OPTIMAL,2.3759246852246054e7,0.0,2.3554913802453604e7,0.0,-1.9528592479963386e-9,656312,1351111,OPTIMAL,2.702517911172324e7,0.0,2.70106271117272e7,0.0,14551.999999004296,5492686,11336278,4.519468931325595e7,1455.1999999004297,0.008636583,0.463094583,0.350711667,3.812498875,10.319239458,0.56791
tyndp/p2x_40_24_chronological_conical_0.01,932178,40,24,chronological,conical,unscaled,0.01,150.09972295076483,163.74562284698044,3.4689594902096093,47.20309456167395,1.1725512616531446,40,1.00304093916103,1.1955206279211443,0.4767123287671233,0.4136986301369863,0.19342465753424656,111274,529,0,0,OPTIMAL,2.359059403035315e7,0.0,2.3407593241991166e7,0.0,0.0,656312,1351111,OPTIMAL,2.7396199132233035e7,0.0,2.7386185776583273e7,0.0,10013.355652816572,5492686,11336278,7.038441446444716e7,1001.3355652816572,0.008647958,0.433124958,0.127222542,4.013930084,16.069662541,0.56791
tyndp/p2x_40_24_chronological_conical_bounded_0.01,932178,40,24,chronological,conical_bounded,unscaled,0.01,151.59563491154822,163.74562284698044,3.4689594902096093,47.20309456167395,1.1725512616531446,40,0.9757154989045433,1.0000000000000002,0.0,0.6301369863013698,0.18691780821917808,110608,604,0,0,OPTIMAL,2.2384705560722053e7,0.0,2.223317572806288e7,0.0,-1.9086117067248123e-9,656312,1351111,OPTIMAL,2.707758151395549e7,0.0,2.7063383113958493e7,0.0,14198.399999983,5492686,11336278,3.837850996540401e7,1419.8399999983014,0.008647542,0.441408459,0.200285333,3.930531959,12.625118208,0.56791
tyndp/p2x_40_24_convex_hull_dirac_0.01,932178,40,24,convex_hull,dirac,unscaled,0.01,215.5410092487626,170.47018348793063,4.251899577417142,40.09271159491598,1.2072921546909097,40,1.0,1.0,0.0,0.0,0.025,0,0,7586,5869,OPTIMAL,2.9883612923913125e7,0.0,2.928197196391335e7,0.0,0.0,656312,1351111,OPTIMAL,2.778083823404302e7,0.0,2.7770679034048963e7,0.0,10159.199997504122,5492686,11336278,7.055430415556209e7,1015.9199997504122,0.008698875,1.613112125,1.917e-6,3.707823042,9.481949416,0.56791
tyndp/p2x_40_24_convex_hull_convex_0.01,932178,40,24,convex_hull,convex,unscaled,0.01,148.58595398502177,170.47018348793063,4.251899577417142,40.09271159491598,1.2072921546909097,40,1.0,1.0000000000000002,0.0,0.0,0.20232876712328768,98283,430,7586,5869,OPTIMAL,3.871835200044903e7,0.0,3.850195911369147e7,0.0,-5.956573387337779e-9,656312,1351111,OPTIMAL,2.68988941613394e7,0.0,2.68793210413429e7,0.0,19573.119999789822,5492686,11336278,4.6616350869932346e7,1957.311999978982,0.008654375,2.879837334,0.158693708,2.915638833,12.06853225,0.56791
tyndp/p2x_40_24_convex_hull_conical_0.01,932178,40,24,convex_hull,conical,unscaled,0.01,146.00959611439438,170.47018348793063,4.251899577417142,40.09271159491598,1.2072921546909097,40,0.9855530704261866,1.1696322777978123,0.38904109589041097,0.5013698630136987,0.20712328767123286,100918,470,7586,5869,OPTIMAL,3.719755764012167e7,0.0,3.6993850803654276e7,0.0,0.0,656312,1351111,OPTIMAL,2.724266470054664e7,0.0,2.723063414055059e7,0.0,12030.55999946743,5492686,11336278,7.011188841772702e7,1203.055999946743,0.008711792,1.594686666,0.099391542,3.862387834,14.201712916,0.56791
tyndp/p2x_40_24_convex_hull_conical_bounded_0.01,932178,40,24,convex_hull,conical_bounded,unscaled,0.01,147.07937096375525,170.47018348793063,4.251899577417142,40.09271159491598,1.2072921546909097,40,0.9648715009129503,1.0000000000000002,0.0,0.7095890410958904,0.20089041095890411,99144,469,7586,5869,OPTIMAL,3.580426458176351e7,0.0,3.5618812589428484e7,0.0,-5.549709746189252e-10,656312,1351111,OPTIMAL,2.6993226421720747e7,0.0,2.6970519861724056e7,0.0,22706.560000096186,5492686,11336278,3.8097117464346245e7,2270.656000009614,0.00878425,1.669198708,0.170237583,2.832448041,11.378818083,0.56791
tyndp/p2x_40_24_convex_hull_with_null_dirac_0.01,932178,40,24,convex_hull_with_null,dirac,unscaled,0.01,216.67096233223137,172.9256942812605,3.9507327798098917,43.77053673814447,1.20319684598097,40,1.0,1.0,0.0,0.0,0.025,0,0,7545,6275,OPTIMAL,3.44859721723336e7,0.0,3.4146953932333626e7,0.0,0.0,656312,1351111,OPTIMAL,2.782671652131728e7,0.0,2.7777557855043527e7,0.0,49158.66627716861,5492686,11336278,6.984680212976913e7,4915.866627716861,0.009027,1.643808834,1.875e-6,2.587843708,9.075571667,0.56791
tyndp/p2x_40_24_convex_hull_with_null_convex_0.01,932178,40,24,convex_hull_with_null,convex,unscaled,0.01,149.11310512009155,172.9256942812605,3.9507327798098917,43.77053673814447,1.20319684598097,40,1.0,1.0000000000000004,0.0,0.0,0.20089041095890411,99181,426,7545,6275,OPTIMAL,3.986989298220713e7,0.0,3.966758329467148e7,0.0,0.0,656312,1351111,OPTIMAL,2.7193052686315924e7,0.0,2.7183879086319722e7,0.0,9173.59999936273,5492686,11336278,6.879090343419543e7,917.3599999362732,0.008735625,1.663531375,0.156725541,2.809327292,13.20497575,0.56791
tyndp/p2x_40_24_convex_hull_with_null_conical_0.01,932178,40,24,convex_hull_with_null,conical,unscaled,0.01,145.03809721664845,172.9256942812605,3.9507327798098917,43.77053673814447,1.20319684598097,40,0.9661355975071712,1.127831655535526,0.3287671232876712,0.5616438356164384,0.2013013698630137,101868,448,7545,6275,OPTIMAL,3.4963745779824615e7,0.0,3.481917423004472e7,0.0,1.1912315020657902e-9,656312,1351111,OPTIMAL,2.708331569730845e7,0.0,2.706096273731164e7,0.0,22352.9600001641,5492686,11336278,4.094484097261719e7,2235.296000016418,0.008726417,2.9177245,0.106933209,2.898632042,9.29452975,0.56791
tyndp/p2x_40_24_convex_hull_with_null_conical_bounded_0.01,932178,40,24,convex_hull_with_null,conical_bounded,unscaled,0.01,145.82958558964822,172.9256942812605,3.9507327798098917,43.77053673814447,1.20319684598097,40,0.9506729895860686,1.0000000000000002,0.0,0.7232876712328767,0.19767123287671232,100851,471,7545,6275,OPTIMAL,3.3852235079897255e7,0.0,3.371903031924586e7,0.0,0.0,656312,1351111,OPTIMAL,2.7433951219264757e7,0.0,2.7424219611418203e7,0.0,9731.607850017139,5492686,11336278,7.481320688110097e7,973.160785001714,0.008997583,2.985249625,0.17227475,2.927478708,13.967425917,0.56791
tyndp/p2x_40_24_conical_hull_dirac_0.01,932178,40,24,conical_hull,dirac,unscaled,0.01,218.461447942101,150.49860105853716,3.9157517913973034,38.43415238656712,1.2372680389890751,40,1.0,1.0,0.0,0.0,0.025,0,0,7362,6093,OPTIMAL,3.35890299901236e7,0.0,3.326837207012338e7,0.0,0.0,656312,1351111,OPTIMAL,2.7672395830023408e7,0.0,2.76539386809466e7,0.0,18457.149080107272,5492686,11336278,4.784052197160979e7,1845.7149080107279,0.008652583,2.408609334,1.959e-6,2.765759917,8.134667167,0.56791
tyndp/p2x_40_24_conical_hull_convex_0.01,932178,40,24,conical_hull,convex,unscaled,0.01,156.53899943667795,150.49860105853716,3.9157517913973034,38.43415238656712,1.2372680389890751,40,1.0,1.0000000000000002,0.0,0.0,0.1976027397260274,90154,427,7362,6093,OPTIMAL,3.43411481878479e7,0.0,3.411221820598785e7,0.0,1.8060929347727925e-8,656312,1351111,OPTIMAL,2.691818907846767e7,0.0,2.6899456438471995e7,0.0,18732.639998699127,5492686,11336278,3.969830237185467e7,1873.2639998699285,0.008707375,2.410380792,0.137086792,2.899464375,10.534491167,0.56791
tyndp/p2x_40_24_conical_hull_conical_0.01,932178,40,24,conical_hull,conical,unscaled,0.01,148.7512829441505,150.49860105853716,3.9157517913973034,38.43415238656712,1.2372680389890751,40,1.07230326377388,1.3082643150561948,0.7397260273972602,0.1506849315068493,0.21575342465753425,94974,430,7362,6093,OPTIMAL,3.6887184928354725e7,0.0,3.658682386922539e7,0.0,4.857278071801319e-10,656312,1351111,OPTIMAL,2.695693309957664e7,0.0,2.692650934150067e7,0.0,30423.7580791862,5492686,11336278,3.4255796149037585e7,3042.3758079186105,0.008698958,1.205026,0.101622917,3.918242083,11.931335209,0.56791
tyndp/p2x_40_24_conical_hull_conical_bounded_0.01,932178,40,24,conical_hull,conical_bounded,unscaled,0.01,156.66677966387476,150.49860105853716,3.9157517913973034,38.43415238656712,1.2372680389890751,40,0.9912534775334693,1.0000000000000002,0.0,0.5260273972602739,0.19746575342465753,89826,446,7362,6093,OPTIMAL,3.3946163495447e7,0.0,3.372722937963437e7,0.0,1.657184145219167e-8,656312,1351111,OPTIMAL,2.69540179756089e7,0.0,2.69352853356136e7,0.0,18732.639998218634,5492686,11336278,4.3500482804272205e7,1873.2639998218642,0.009319916,2.551334834,0.152215875,2.921036375,9.868506375,0.56791
tyndp/p2x_80_24_k_means_dirac_0.01,932178,80,24,k_means,dirac,unscaled,0.01,139.76090413447017,233.1134327006097,1.2312974027736965,189.323417864347,1.1216651114222584,80,1.0,1.0,0.0,0.0,0.0125,0,0,0,0,OPTIMAL,1.8247103829773426e7,0.0,1.8174691451591328e7,0.0,0.0,1261112,2599151,OPTIMAL,2.6933831380323183e7,0.0,2.684934804566169e7,0.0,84483.33466456996,5492686,11336278,4.198079336010953e7,8448.333466456996,0.008605625,0.483125583,1.75e-6,5.706353042,19.002701,0.56791
tyndp/p2x_80_24_k_means_convex_0.01,932178,80,24,k_means,convex,unscaled,0.01,129.8918816381223,233.1134327006097,1.2312974027736965,189.323417864347,1.1216651114222584,80,1.0,1.0000000000000002,0.0,0.0,0.05986301369863014,169265,947,0,0,OPTIMAL,1.853962793650931e7,0.0,1.8505082245238915e7,0.0,-1.299095600606598e-9,1261112,2599151,OPTIMAL,2.671958509496371e7,0.0,2.6705683174967363e7,0.0,13901.919999402333,5492686,11336278,3.2487433906363275e7,1390.1919999402332,0.008687709,0.475831542,1.745481833,4.811235,39.424403417,0.56791
tyndp/p2x_80_24_k_means_conical_0.01,932178,80,24,k_means,conical,unscaled,0.01,128.10195980106562,233.1134327006097,1.2312974027736965,189.323417864347,1.1216651114222584,80,1.0162932899448727,1.1492362834658383,0.6520547945205479,0.3287671232876712,0.06184931506849315,179512,991,0,0,OPTIMAL,1.907733565017252e7,0.0,1.903018667116933e7,0.0,-2.958712312627215e-10,1261112,2599151,OPTIMAL,2.756616844771881e7,0.0,2.6946587611266922e7,0.0,619580.8364548313,5492686,11336278,6.25553515671056e7,61958.083645483144,0.008649625,0.44712025,1.566512875,5.266765166,42.8274005,0.56791
tyndp/p2x_80_24_k_means_conical_bounded_0.01,932178,80,24,k_means,conical_bounded,unscaled,0.01,129.62792755593492,233.1134327006097,1.2312974027736965,189.323417864347,1.1216651114222584,80,0.9864388099547241,1.0000000000000002,0.0,0.5835616438356165,0.05893835616438356,168615,947,0,0,OPTIMAL,1.8005340970039368e7,0.0,1.7973785158675775e7,0.0,2.7835622238256688e-9,1261112,2599151,OPTIMAL,2.6739446107268546e7,0.0,2.6721551227272216e7,0.0,17894.879999505116,5492686,11336278,3.872880548921453e7,1789.48799995051,0.008997875,0.460882333,0.629840667,5.889012792,37.51155475,0.56791
tyndp/p2x_80_24_k_medoids_dirac_0.01,932178,80,24,k_medoids,dirac,unscaled,0.01,179.97903079234953,232.0083968690373,2.4275344309688736,95.57367916567037,1.1858683644404027,80,1.0,1.0,0.0,0.0,0.0125,0,0,0,0,OPTIMAL,2.5339255016151574e7,0.0,2.513630845615074e7,0.0,0.0,1261112,2599151,OPTIMAL,2.7665993797228605e7,0.0,2.7303800936533254e7,0.0,362192.8606982894,5492686,11336278,5.6962166549341686e7,36219.286069828966,0.008801833,0.444623875,1.792e-6,5.8775145,17.2327005,0.56791
tyndp/p2x_80_24_k_medoids_convex_0.01,932178,80,24,k_medoids,convex,unscaled,0.01,130.7379647086021,232.0083968690373,2.4275344309688736,95.57367916567037,1.1858683644404027,80,1.0,1.0000000000000002,0.0,0.0,0.10195205479452055,145465,781,0,0,OPTIMAL,2.5573421620729696e7,0.0,2.5489569276179034e7,0.0,0.0,1261112,2599151,OPTIMAL,2.681584207579476e7,0.0,2.6811860475796185e7,0.0,3981.600001527174,5492686,11336278,5.7463489142324254e7,398.1600001527174,0.008998833,0.452945375,0.5352055,6.050603333,36.757024209,0.56791
tyndp/p2x_80_24_k_medoids_conical_0.01,932178,80,24,k_medoids,conical,unscaled,0.01,128.8718722682836,232.0083968690373,2.4275344309688736,95.57367916567037,1.1858683644404027,80,1.0136839105472146,1.165505630939284,0.5041095890410959,0.27671232876712326,0.10431506849315068,148313,778,0,0,OPTIMAL,2.60703820350271e7,0.0,2.597979020176544e7,0.0,-4.483822189893152e-9,1261112,2599151,OPTIMAL,2.6719460152727447e7,0.0,2.6694634405784305e7,0.0,24825.746946115512,5492686,11336278,4.0840896858920835e7,2482.574694611555,0.00868175,0.458883041,1.513405542,5.238593,32.397493334,0.56791
tyndp/p2x_80_24_k_medoids_conical_bounded_0.01,932178,80,24,k_medoids,conical_bounded,unscaled,0.01,130.5846491546513,232.0083968690373,2.4275344309688736,95.57367916567037,1.1858683644404027,80,0.984541840296154,1.0000000000000002,0.0,0.589041095890411,0.10113013698630137,146222,781,0,0,OPTIMAL,2.471677655179759e7,0.0,2.4646348258913267e7,0.0,1.1009473026822511e-10,1261112,2599151,OPTIMAL,2.687201716456371e7,0.0,2.686803556456536e7,0.0,3981.6000013677412,5492686,11336278,5.904864302503666e7,398.1600001367741,0.0089795,0.410302458,0.569521041,6.249856792,41.383091458,0.56791
tyndp/p2x_80_24_hierarchical_dirac_0.01,932178,80,24,hierarchical,dirac,unscaled,0.01,178.5874325504276,236.4439905808771,2.476953407404749,95.45758506156703,1.1828597337826086,80,1.0,1.0,0.0,0.0,0.0125,0,0,0,0,OPTIMAL,3.2930268310847957e7,0.0,3.264704095084735e7,0.0,0.0,1261112,2599151,OPTIMAL,2.7742605633171372e7,0.0,2.7284319698342312e7,0.0,458285.93483191094,5492686,11336278,5.918293099117001e7,45828.593483191136,0.008665625,0.422657875,2.083e-6,5.850059917,14.457694958,0.56791
tyndp/p2x_80_24_hierarchical_convex_0.01,932178,80,24,hierarchical,convex,unscaled,0.01,128.70088257666254,236.4439905808771,2.476953407404749,95.45758506156703,1.1828597337826086,80,1.0,1.0000000000000002,0.0,0.0,0.09928082191780822,146833,805,0,0,OPTIMAL,3.3161991566779412e7,0.0,3.3060036191849217e7,0.0,5269.790730141161,1261112,2599151,OPTIMAL,2.6622625973293863e7,0.0,2.6607453813296508e7,0.0,15172.160000374533,5492686,11336278,4.000336145458199e7,1517.2160000374538,0.008632375,0.437353625,0.546643541,6.027295334,34.576218084,0.56791
tyndp/p2x_80_24_hierarchical_conical_0.01,932178,80,24,hierarchical,conical,unscaled,0.01,127.09512425616985,236.4439905808771,2.476953407404749,95.45758506156703,1.1828597337826086,80,0.9982310542563969,1.1368078548749585,0.3780821917808219,0.40273972602739727,0.10051369863013698,148008,786,0,0,OPTIMAL,3.246636776498104e7,0.0,3.2379105129214272e7,0.0,0.0,1261112,2599151,OPTIMAL,2.6821147303279713e7,0.0,2.6814147900795795e7,0.0,6999.402486904195,5492686,11336278,6.420222566675026e7,699.9402486904195,0.008712667,0.445294125,1.440676125,5.364829917,34.530415583,0.56791
tyndp/p2x_80_24_hierarchical_conical_bounded_0.01,932178,80,24,hierarchical,conical_bounded,unscaled,0.01,128.11684475399485,236.4439905808771,2.476953407404749,95.45758506156703,1.1828597337826086,80,0.9786940218329877,1.0000000000000002,0.0,0.6410958904109589,0.09842465753424658,145744,777,0,0,OPTIMAL,3.1066483504387237e7,0.0,3.0978398530772723e7,0.0,5137.968713188546,1261112,2599151,OPTIMAL,2.6859171812202662e7,0.0,2.6852172419915844e7,0.0,6999.392289821445,5492686,11336278,6.662243167616273e7,699.9392289821445,0.008646042,0.467417042,0.558040916,6.093146125,36.100992666,0.56791
tyndp/p2x_80_24_chronological_dirac_0.01,932178,80,24,chronological,dirac,unscaled,0.01,197.46342184554908,230.10948886883358,2.304121467847314,99.86864498242768,1.1846486857306884,80,1.0,1.0,0.0,0.0,0.0125,0,0,0,0,OPTIMAL,2.8155023381548777e7,0.0,2.8091713301548067e7,0.0,3686.3999999999987,1261112,2599151,OPTIMAL,2.7511577811743155e7,0.0,2.715183229828341e7,0.0,359745.5134629713,5492686,11336278,4.1425437639519274e7,35974.55134629712,0.008612792,0.449572292,1.958e-6,5.878766375,10.101167333,0.56791
tyndp/p2x_80_24_chronological_convex_0.01,932178,80,24,chronological,convex,unscaled,0.01,132.29164471115863,230.10948886883358,2.304121467847314,99.86864498242768,1.1846486857306884,80,1.0,1.0000000000000002,0.0,0.0,0.10054794520547945,146345,907,0,0,OPTIMAL,2.9597780765618984e7,0.0,2.9529858603470515e7,0.0,0.0,1261112,2599151,OPTIMAL,2.687016693017923e7,0.0,2.685606938548131e7,0.0,14097.544700671413,5492686,11336278,6.619800342641375e7,1409.7544700671413,0.008629417,0.455225292,0.537295083,6.20946325,39.197414292,0.56791
tyndp/p2x_80_24_chronological_conical_0.01,932178,80,24,chronological,conical,unscaled,0.01,130.3532825010969,230.10948886883358,2.304121467847314,99.86864498242768,1.1846486857306884,80,1.015887562133285,1.2334418981222541,0.5123287671232877,0.2684931506849315,0.10469178082191781,152073,853,0,0,OPTIMAL,3.0926950605080806e7,0.0,3.0852375331700876e7,0.0,7573.469847410694,1261112,2599151,OPTIMAL,2.6825666271724656e7,0.0,2.6808787442580592e7,0.0,16878.8291470596,5492686,11336278,6.158520170170776e7,1687.88291470596,0.008960292,0.456879167,0.349854083,6.072603584,41.559209666,0.56791
tyndp/p2x_80_24_chronological_conical_bounded_0.01,932178,80,24,chronological,conical_bounded,unscaled,0.01,132.07306805520852,230.10948886883358,2.304121467847314,99.86864498242768,1.1846486857306884,80,0.9853002389606946,1.0000000000000002,0.0,0.6082191780821918,0.10030821917808219,147050,907,0,0,OPTIMAL,2.8551132996558882e7,0.0,2.8497996023165382e7,0.0,0.0,1261112,2599151,OPTIMAL,2.6904766955397855e7,0.0,2.6889206050700124e7,0.0,15560.904700557361,5492686,11336278,6.750519225556473e7,1556.090470055736,0.008632167,0.507115625,0.557026125,6.25956825,42.746465625,0.56791
tyndp/p2x_80_24_convex_hull_dirac_0.01,932178,80,24,convex_hull,dirac,unscaled,0.01,189.60192332874226,239.552502873301,2.8126493180830248,85.1697015099519,1.1995628173939417,80,1.0,1.0,0.0,0.0,0.0125,0,0,17750,7925,OPTIMAL,2.7522244535171505e7,0.0,2.725738021517094e7,0.0,0.0,1261112,2599151,OPTIMAL,2.747375421008539e7,0.0,2.745725469009178e7,0.0,16499.51999714844,5492686,11336278,6.532305828337904e7,1649.9519997148448,0.00883825,4.146962833,1.167e-6,5.936748,16.166460541,0.56791
tyndp/p2x_80_24_convex_hull_convex_0.01,932178,80,24,convex_hull,convex,unscaled,0.01,127.56213932412864,239.552502873301,2.8126493180830248,85.1697015099519,1.1995628173939417,80,1.0,1.0000000000000004,0.0,0.0,0.10493150684931507,139614,703,17750,7925,OPTIMAL,3.2055601094397992e7,0.0,3.1946160694257542e7,0.0,0.0,1261112,2599151,OPTIMAL,2.6889611030961376e7,0.0,2.6877580470965844e7,0.0,12030.559998863322,5492686,11336278,6.537174152228576e7,1203.0559998863323,0.00862275,5.440369875,0.437241416,4.765998542,36.535356458,0.56791
tyndp/p2x_80_24_convex_hull_conical_0.01,932178,80,24,convex_hull,conical,unscaled,0.01,125.78165514441315,239.552502873301,2.8126493180830248,85.1697015099519,1.1995628173939417,80,0.9955851675558549,1.135274316597385,0.3780821917808219,0.40273972602739727,0.10753424657534247,141372,746,17750,7925,OPTIMAL,3.162694820970972e7,0.0,3.151861591219276e7,0.0,0.0,1261112,2599151,OPTIMAL,2.6994985539867267e7,0.0,2.6984406086909685e7,0.0,10579.452960953338,5492686,11336278,6.7339164068e7,1057.945296095334,0.008579125,4.257778708,0.311001917,5.925237417,36.365575834,0.56791
tyndp/p2x_80_24_convex_hull_conical_bounded_0.01,932178,80,24,convex_hull,conical_bounded,unscaled,0.01,126.92342940213747,239.552502873301,2.8126493180830248,85.1697015099519,1.1995628173939417,80,0.9754667405445561,1.0000000000000002,0.0,0.6931506849315069,0.10352739726027398,138580,703,17750,7925,OPTIMAL,3.0394049201491944e7,0.0,3.0293600124626085e7,0.0,0.0,1261112,2599151,OPTIMAL,2.70112726489643e7,0.0,2.7001166775903057e7,0.0,10105.873064595424,5492686,11336278,7.107659499226843e7,1010.5873064595424,0.008672917,5.517157667,0.450613959,4.879680375,35.391118083,0.56791
tyndp/p2x_80_24_convex_hull_with_null_dirac_0.01,932178,80,24,convex_hull_with_null,dirac,unscaled,0.01,189.90892943186793,240.12801273104694,2.776532919069665,86.48484269061244,1.1983714536238557,80,1.0,1.0,0.0,0.0,0.0125,0,0,17847,8193,OPTIMAL,3.219180210259556e7,0.0,3.207525138259567e7,0.0,0.0,1261112,2599151,OPTIMAL,2.7478305751281265e7,0.0,2.7464504951282624e7,0.0,13800.800001705396,5492686,11336278,5.799243704170842e7,1380.0800001705397,0.008742833,5.533868917,1.083e-6,4.465423125,16.36859975,0.56791
tyndp/p2x_80_24_convex_hull_with_null_convex_0.01,932178,80,24,convex_hull_with_null,convex,unscaled,0.01,128.2211988102702,240.12801273104694,2.776532919069665,86.48484269061244,1.1983714536238557,80,1.0,1.0000000000000002,0.0,0.0,0.1025,137570,749,17847,8193,OPTIMAL,3.2623093094595946e7,0.0,3.2576017131066147e7,0.0,-8.267557838454614e-9,1261112,2599151,OPTIMAL,2.6650068101163864e7,0.0,2.66381429474256e7,0.0,11925.153741188347,5492686,11336278,4.639334965099658e7,1192.5153741188349,0.008715708,5.513806375,0.433725042,4.700330917,31.628827333,0.56791
tyndp/p2x_80_24_convex_hull_with_null_conical_0.01,932178,80,24,convex_hull_with_null,conical,unscaled,0.01,125.92362968944249,240.12801273104694,2.776532919069665,86.48484269061244,1.1983714536238557,80,0.9856605739400454,1.1249393063153992,0.3150684931506849,0.4657534246575342,0.10345890410958904,139884,777,17847,8193,OPTIMAL,3.098344492054854e7,0.0,3.093912352784301e7,0.0,-2.7723382398324392e-9,1261112,2599151,OPTIMAL,2.6754010957263038e7,0.0,2.6738499605074745e7,0.0,15511.352191333992,5492686,11336278,4.8304517395520784e7,1551.1352191333979,0.008715625,4.116547125,0.31573525,5.854019042,28.694627,0.56791
tyndp/p2x_80_24_convex_hull_with_null_conical_bounded_0.01,932178,80,24,convex_hull_with_null,conical_bounded,unscaled,0.01,126.91288788973158,240.12801273104694,2.776532919069665,86.48484269061244,1.1983714536238557,80,0.9686830449305203,1.0000000000000002,0.0,0.6821917808219178,0.10106164383561644,137477,749,17847,8193,OPTIMAL,3.002361309317418e7,0.0,2.998230943504773e7,0.0,0.0,1261112,2599151,OPTIMAL,2.68922682364775e7,0.0,2.6883264479976114e7,0.0,9003.75650445803,5492686,11336278,6.251219719238847e7,900.375650445803,0.008847292,5.491990208,0.469556666,4.772181,33.240289458,0.56791
tyndp/p2x_80_24_conical_hull_dirac_0.01,932178,80,24,conical_hull,dirac,unscaled,0.01,193.56652786303997,214.22040210205293,2.6293835035099393,81.47172210371447,1.2274671734967744,80,1.0,1.0,0.0,0.0,0.0125,0,0,17410,8265,OPTIMAL,2.9467576367809013e7,0.0,2.9246192687808126e7,0.0,0.0,1261112,2599151,OPTIMAL,2.742538502054348e7,0.0,2.7289460819662705e7,0.0,135924.20088397362,5492686,11336278,4.76038773728217e7,13592.42008839735,0.008809125,3.933369542,9.58e-7,4.55525725,16.4543,0.56791
tyndp/p2x_80_24_conical_hull_convex_0.01,932178,80,24,conical_hull,convex,unscaled,0.01,135.99781868566006,214.22040210205293,2.6293835035099393,81.47172210371447,1.2274671734967744,80,1.0,1.0000000000000004,0.0,0.0,0.10051369863013698,124533,697,17410,8265,OPTIMAL,3.0686356908256106e7,0.0,3.0545273889071476e7,0.0,0.0,1261112,2599151,OPTIMAL,2.6740770863333803e7,0.0,2.6730262793444257e7,0.0,10508.069892461896,5492686,11336278,5.6983666862040594e7,1050.8069892461895,0.008740292,3.8947655,0.428550584,4.749719458,37.437539083,0.56791
tyndp/p2x_80_24_conical_hull_conical_0.01,932178,80,24,conical_hull,conical,unscaled,0.01,128.82618783356926,214.22040210205293,2.6293835035099393,81.47172210371447,1.2274671734967744,80,1.0650181879777447,1.274943626545034,0.6821917808219178,0.09863013698630137,0.11160958904109589,132100,708,17410,8265,OPTIMAL,3.3997038574409895e7,0.0,3.3806300402796015e7,0.0,1.176135189878541e-9,1261112,2599151,OPTIMAL,2.6619795891476735e7,0.0,2.659366780609788e7,0.0,26128.085381825076,5492686,11336278,3.734377980487277e7,2612.808538182507,0.008831709,2.437555,0.295859958,6.056277167,24.979933583,0.56791
tyndp/p2x_80_24_conical_hull_conical_bounded_0.01,932178,80,24,conical_hull,conical_bounded,unscaled,0.01,136.35758739082218,214.22040210205293,2.6293835035099393,81.47172210371447,1.2274671734967744,80,0.9924394541135124,1.0000000000000002,0.0,0.5726027397260274,0.10017123287671233,123921,697,17410,8265,OPTIMAL,3.039454732020221e7,0.0,3.0263046607926764e7,0.0,-3.5019065127757885e-9,1261112,2599151,OPTIMAL,2.6672837800013665e7,0.0,2.6658537132662807e7,0.0,14300.66735383721,5492686,11336278,4.005743603695658e7,1430.066735383721,0.008648375,4.139578083,0.431120333,4.742189,29.888180458,0.56791
tyndp/p2x_1_8760_k_means_dirac_0.01_economic,643543,1,8760,k_means,dirac,economic,0.01,0.0,1.0,1.0,1.0,1.0,1,1.0,1.0,0.0,0.0,1.0,0,0,0,0,OPTIMAL,2.5796645974282894e7,0.0,2.5789826867125563e7,0.0,6819.107160000018,5492686,11353433,N/A,,,,,,0,0,0.0,0.0,0.008013292,0.577479625,1.083e-6,19.6681885,64.611581917,0.564282208
tyndp/p2x_10_24_k_means_dirac_0.01_economic,643543,10,24,k_means,dirac,economic,0.01,6.757226527313788e6,3.8439328908565035e6,45664.55468733693,84.1776059610289,1.0844222094356888,10,1.0,1.0,0.0,0.0,0.1,0,0,0,0,OPTIMAL,1.6492351145517986e7,0.0,1.6059657958367938e7,0.0,0.0,202712,415081,OPTIMAL,2.8382615736564223e7,0.0,2.7476640443430446e7,0.0,905975.2931370074,5492686,11336278,4.622064935561452e7,90597.52931370072,0.008370333,1.242777083,1.042e-6,1.571374584,1.441559333,0.564282208
tyndp/p2x_10_24_k_means_convex_0.01_economic,643543,10,24,k_means,convex,economic,0.01,6.249149101320776e6,3.8439328908565035e6,45664.55468733693,84.1776059610289,1.0844222094356888,10,1.0,1.0000000000000002,0.0,0.0,0.27643835616438356,166586,1551,0,0,OPTIMAL,1.8014049172136955e7,0.0,1.758697847733671e7,0.0,7.171455144832073e-10,202712,415081,OPTIMAL,2.741464739131359e7,0.0,2.7409971711318042e7,0.0,4675.679998860178,5492686,11336278,5.0421628050128005e7,467.56799988601796,0.008679959,0.482336375,0.067587166,1.282183083,2.02399075,0.564282208
tyndp/p2x_10_24_k_means_conical_0.01_economic,643543,10,24,k_means,conical,economic,0.01,6.023988858251208e6,3.8439328908565035e6,45664.55468733693,84.1776059610289,1.0844222094356888,10,1.0145430798849757,1.232532238984772,0.5808219178082191,0.4191780821917808,0.27671232876712326,189433,1910,0,0,OPTIMAL,1.81695441590407e7,0.0,1.776600032044842e7,0.0,-1.2623264258797968e-9,202712,415081,OPTIMAL,2.8915604419836104e7,0.0,2.754557195965415e7,0.0,1.3700324601852198e6,5492686,11336278,5.4357772503907084e7,137003.24601852207,0.008664209,0.439802458,0.06779075,1.247963458,2.277751292,0.564282208
tyndp/p2x_10_24_k_means_conical_bounded_0.01_economic,643543,10,24,k_means,conical_bounded,economic,0.01,6.187191914127492e6,3.8439328908565035e6,45664.55468733693,84.1776059610289,1.0844222094356888,10,0.9739128529483542,1.0,0.0,0.4602739726027397,0.26958904109589044,173979,1656,0,0,OPTIMAL,1.6115602987140235e7,0.0,1.5764888015236067e7,0.0,-1.6798751323950827e-9,202712,415081,OPTIMAL,2.7368872156519543e7,0.0,2.7361054876523264e7,0.0,7817.279999497362,5492686,11336278,4.9547110364129566e7,781.7279999497363,0.008700292,0.479581583,0.0936505,2.216039625,1.892934208,0.564282208
tyndp/p2x_10_24_k_medoids_dirac_0.01_economic,643543,10,24,k_medoids,dirac,economic,0.01,8.322224124799546e6,3.8931542974840524e6,155164.90481902834,25.090430738991586,1.1580985461835034,10,1.0,1.0,0.0,0.0,0.1,0,0,0,0,OPTIMAL,3.31993880600937e7,0.0,3.266586230009358e7,0.0,0.0,202712,415081,OPTIMAL,2.7834974145140402e7,0.0,2.766392655493066e7,0.0,171047.59021298488,5492686,11336278,3.948032224334902e7,17104.75902129848,0.008709875,0.445852333,1.667e-6,1.3859845,1.512230584,0.564282208
tyndp/p2x_10_24_k_medoids_convex_0.01_economic,643543,10,24,k_medoids,convex,economic,0.01,6.626213391077809e6,3.8931542974840524e6,155164.90481902834,25.090430738991586,1.1580985461835034,10,1.0,1.0000000000000002,0.0,0.0,0.4326027397260274,168123,824,0,0,OPTIMAL,3.1382787265608538e7,0.0,3.1024618454425134e7,0.0,29545.199633780154,202712,415081,OPTIMAL,2.7275796681223214e7,0.0,2.7257564521227863e7,0.0,18232.15999842977,5492686,11336278,5.525266342231473e7,1823.2159998429775,0.008681666,0.480874458,0.068318666,1.315975625,2.142676208,0.564282208
tyndp/p2x_10_24_k_medoids_conical_0.01_economic,643543,10,24,k_medoids,conical,economic,0.01,6.285950484880748e6,3.8931542974840524e6,155164.90481902834,25.090430738991586,1.1580985461835034,10,1.0026434065809096,1.2271376342352351,0.5506849315068493,0.42191780821917807,0.4345205479452055,172908,875,0,0,OPTIMAL,3.054139229144528e7,0.0,3.0210853264453363e7,0.0,-1.1195472489765174e-8,202712,415081,OPTIMAL,2.7531412357385084e7,0.0,2.744072702544096e7,0.0,90685.33194743725,5492686,11336278,5.702944532427196e7,9068.53319474375,0.008631083,0.441018625,0.06587725,1.291965333,2.173758042,0.564282208
tyndp/p2x_10_24_k_medoids_conical_bounded_0.01_economic,643543,10,24,k_medoids,conical_bounded,economic,0.01,6.450438733546761e6,3.8931542974840524e6,155164.90481902834,25.090430738991586,1.1580985461835034,10,0.961467314982498,1.0,0.0,0.5150684931506849,0.42356164383561645,167662,814,0,0,OPTIMAL,2.7614245731069315e7,0.0,2.7310520293861568e7,0.0,-2.18938198397347e-8,202712,415081,OPTIMAL,2.7381524848922238e7,0.0,2.736329268892712e7,0.0,18232.15999841869,5492686,11336278,5.599709444431691e7,1823.2159998418542,0.008641667,0.445874125,0.094185833,1.29558675,2.30415325,0.564282208
tyndp/p2x_10_24_hierarchical_dirac_0.01_economic,643543,10,24,hierarchical,dirac,economic,0.01,8.556972958591342e6,3.797670250843443e6,153060.41711389853,24.811576516333684,1.1423954097853726,10,1.0,1.0,0.0,0.0,0.1,0,0,0,0,OPTIMAL,2.839441329292407e7,0.0,2.7399312652924072e7,0.0,0.0,202712,415081,OPTIMAL,2.8710262789782032e7,0.0,2.8104366631125364e7,0.0,605896.1586597115,5492686,11336278,5.4569481522178896e7,60589.61586597118,0.008743709,0.442956791,1.875e-6,1.383130125,1.525786041,0.564282208
tyndp/p2x_10_24_hierarchical_convex_0.01_economic,643543,10,24,hierarchical,convex,economic,0.01,6.631029373478129e6,3.797670250843443e6,153060.41711389853,24.811576516333684,1.1423954097853726,10,1.0,1.0000000000000002,0.0,0.0,0.4208219178082192,162327,845,0,0,OPTIMAL,3.0953666179079738e7,0.0,3.0522594601548154e7,0.0,-1.6024255578474979e-9,202712,415081,OPTIMAL,2.7475657161497183e7,0.0,2.7466390601502042e7,0.0,9266.559998078883,5492686,11336278,5.759869615808081e7,926.6559998078912,0.008628042,0.430556917,0.08326975,1.361525208,2.290485709,0.564282208
tyndp/p2x_10_24_hierarchical_conical_0.01_economic,643543,10,24,hierarchical,conical,economic,0.01,6.39966383000002e6,3.797670250843443e6,153060.41711389853,24.811576516333684,1.1423954097853726,10,1.0088634901326547,1.2379270530255406,0.5424657534246575,0.4301369863013699,0.42383561643835616,170526,897,0,0,OPTIMAL,3.109784634322054e7,0.0,3.067350774841e7,0.0,-1.827453411765613e-8,202712,415081,OPTIMAL,2.7837099036921673e7,0.0,2.765222109025709e7,0.0,184877.94666754597,5492686,11336278,6.530120835244168e7,18487.794666754577,0.008698292,0.474546916,0.046724125,2.059495959,2.27020775,0.564282208
tyndp/p2x_10_24_hierarchical_conical_bounded_0.01_economic,643543,10,24,hierarchical,conical_bounded,economic,0.01,6.543594216455638e6,3.797670250843443e6,153060.41711389853,24.811576516333684,1.1423954097853726,10,0.9683510870836572,1.0,0.0,0.4986301369863014,0.40986301369863015,163324,846,0,0,OPTIMAL,2.8562564398607966e7,0.0,2.819216224476501e7,0.0,-1.167419986610194e-8,202712,415081,OPTIMAL,2.755449015405391e7,0.0,2.7544940234058324e7,0.0,9549.919998490093,5492686,11336278,5.801229025901916e7,954.9919998490102,0.009109166,0.444818042,0.244587542,2.163431333,2.307966,0.564282208
tyndp/p2x_10_24_chronological_dirac_0.01_economic,643543,10,24,chronological,dirac,economic,0.01,9.717935335138237e6,3.7929445745789246e6,170252.84540288424,22.27830357609206,1.1242252340536343,10,1.0,1.0,0.0,0.0,0.1,0,0,0,0,OPTIMAL,2.4066564396329626e7,0.0,2.2609691436329845e7,0.0,0.0,202712,415081,OPTIMAL,2.857284977922598e7,0.0,2.8555265687803946e7,0.0,17584.091425233837,5492686,11336278,4.7374866633114465e7,1758.4091425233837,0.008652375,0.434562958,1.791e-6,1.221078792,1.394986958,0.564282208
tyndp/p2x_10_24_chronological_convex_0.01_economic,643543,10,24,chronological,convex,economic,0.01,7.280617758476818e6,3.7929445745789246e6,170252.84540288424,22.27830357609206,1.1242252340536343,10,1.0,1.0000000000000002,0.0,0.0,0.42191780821917807,182391,849,0,0,OPTIMAL,2.3344113652928676e7,0.0,2.20208522644885e7,0.0,3.1398871271686503e-8,202712,415081,OPTIMAL,2.7479227565746184e7,0.0,2.7465136067778863e7,0.0,14091.497970338052,5492686,11336278,4.980978059929241e7,1409.1497970338091,0.008661209,0.455845292,0.25591325,2.174018708,2.300051625,0.564282208
tyndp/p2x_10_24_chronological_conical_0.01_economic,643543,10,24,chronological,conical,economic,0.01,6.800663343570694e6,3.7929445745789246e6,170252.84540288424,22.27830357609206,1.1242252340536343,10,1.0124076564254392,1.2933402692614129,0.5698630136986301,0.40273972602739727,0.4208219178082192,187046,836,0,0,OPTIMAL,2.294027157238395e7,0.0,2.14714850135136e7,0.0,-9.30112655272119e-9,202712,415081,OPTIMAL,2.7890819069177113e7,0.0,2.7882248829180166e7,0.0,8570.240000163858,5492686,11336278,5.255712660131119e7,857.0240000163856,0.0086385,0.436264875,0.22746175,2.154217708,2.291076,0.564282208
tyndp/p2x_10_24_chronological_conical_bounded_0.01_economic,643543,10,24,chronological,conical_bounded,economic,0.01,7.064941865239837e6,3.7929445745789246e6,170252.84540288424,22.27830357609206,1.1242252340536343,10,0.9580083955508035,1.0,0.0,0.4410958904109589,0.4128767123287671,181872,872,0,0,OPTIMAL,2.0788257201383643e7,0.0,1.9585937373794943e7,0.0,8.163650624174438e-9,202712,415081,OPTIMAL,2.7565014456926595e7,0.0,2.755488295635165e7,0.0,10131.500577799838,5492686,11336278,4.066740148858485e7,1013.1500577799839,0.008667625,0.462916083,0.113538459,1.283766333,2.154055917,0.564282208
tyndp/p2x_10_24_convex_hull_dirac_0.01_economic,643543,10,24,convex_hull,dirac,economic,0.01,9.61237041988438e6,3.929875912261627e6,212290.88530548676,18.511750547398833,1.2165466398463007,10,1.0,1.0,0.0,0.0,0.1,0,0,956,2284,OPTIMAL,4.436103188771838e7,0.0,4.236271220771813e7,0.0,0.0,202712,415081,OPTIMAL,2.8753389080524214e7,0.0,2.7689490374074493e7,0.0,1.0638987064531217e6,5492686,11336278,6.020177577501723e7,106389.87064531216,0.008796666,1.776719625,9.17e-7,1.407062959,1.55700775,0.564282208
tyndp/p2x_10_24_convex_hull_convex_0.01_economic,643543,10,24,convex_hull,convex,economic,0.01,6.136420537725473e6,3.929875912261627e6,212290.88530548676,18.511750547398833,1.2165466398463007,10,1.0,1.0000000000000002,0.0,0.0,0.503013698630137,126025,650,956,2284,OPTIMAL,6.217569824922854e7,0.0,6.068030884086587e7,0.0,3.7872348439298625e-8,202712,415081,OPTIMAL,2.7229303899987902e7,0.0,2.7215170779991563e7,0.0,14133.119999552931,5492686,11336278,5.420537727920454e7,1413.31199995529,0.008740625,0.892288916,0.050713708,1.583741583,2.158598667,0.564282208
tyndp/p2x_10_24_convex_hull_conical_0.01_economic,643543,10,24,convex_hull,conical,economic,0.01,5.951113853215135e6,3.929875912261627e6,212290.88530548676,18.511750547398833,1.2165466398463007,10,0.9804465388919459,1.2297366124663764,0.4191780821917808,0.5534246575342465,0.4926027397260274,133382,679,956,2284,OPTIMAL,5.8927820673791185e7,0.0,5.7522954438471444e7,0.0,-1.7434242799853576e-8,202712,415081,OPTIMAL,2.7323680839115005e7,0.0,2.7313223339555025e7,0.0,10457.499563253208,5492686,11336278,6.137829289055706e7,1045.7499563253114,0.008714833,0.707371625,0.036896959,1.361127875,2.218636334,0.564282208
tyndp/p2x_10_24_convex_hull_conical_bounded_0.01_economic,643543,10,24,convex_hull,conical_bounded,economic,0.01,6.009878311298151e6,3.929875912261627e6,212290.88530548676,18.511750547398833,1.2165466398463007,10,0.9549425998210911,1.0000000000000002,0.0,0.6383561643835617,0.48712328767123286,127952,632,956,2284,OPTIMAL,5.478531416973204e7,0.0,5.343362293645647e7,0.0,3.610067655300756e-8,202712,415081,OPTIMAL,2.7286710905590806e7,0.0,2.727565138559431e7,0.0,11059.519999753173,5492686,11336278,6.975924420737219e7,1105.9519999753252,0.008650167,0.732067292,0.054114167,1.464104166,2.211335583,0.564282208
tyndp/p2x_10_24_convex_hull_with_null_dirac_0.01_economic,643543,10,24,convex_hull_with_null,dirac,economic,0.01,9.88713025339786e6,4.086957327555867e6,181705.4253901496,22.492214081007972,1.21954526910791,10,1.0,1.0,0.0,0.0,0.1,0,0,1019,2586,OPTIMAL,3.791138900985201e7,0.0,3.671029844985202e7,0.0,0.0,202712,415081,OPTIMAL,2.8434679808265574e7,0.0,2.800986589135277e7,0.0,424813.9169161792,5492686,11336278,6.066046938272364e7,42481.39169161789,0.008708584,0.735334916,1.208e-6,1.275049833,1.744687875,0.564282208
tyndp/p2x_10_24_convex_hull_with_null_convex_0.01_economic,643543,10,24,convex_hull_with_null,convex,economic,0.01,6.492315725041529e6,4.086957327555867e6,181705.4253901496,22.492214081007972,1.21954526910791,10,1.0,1.0000000000000002,0.0,0.0,0.506027397260274,136267,643,1019,2586,OPTIMAL,8.058828312421176e7,0.0,7.954180322659788e7,0.0,7.362195968364448e-8,202712,415081,OPTIMAL,2.7289644880857084e7,0.0,2.7277625200860783e7,0.0,12019.679999661494,5492686,11336278,6.0203901002250396e7,1201.9679999661523,0.008684083,1.989680125,0.069590792,1.313386375,2.32937575,0.564282208
tyndp/p2x_10_24_convex_hull_with_null_conical_0.01_economic,643543,10,24,convex_hull_with_null,conical,economic,0.01,6.00901447859274e6,4.086957327555867e6,181705.4253901496,22.492214081007972,1.21954526910791,10,0.9355883958612037,1.1650429418264858,0.2547945205479452,0.7178082191780822,0.486027397260274,139106,769,1019,2586,OPTIMAL,6.112502532744222e7,0.0,6.0406494401490964e7,0.0,0.0,202712,415081,OPTIMAL,2.7928507304932192e7,0.0,2.792221050493618e7,0.0,6296.799999725157,5492686,11336278,8.386326838646007e7,629.6799999725157,0.008959667,0.727057083,0.059861958,1.297508875,2.46175425,0.564282208
tyndp/p2x_10_24_convex_hull_with_null_conical_bounded_0.01_economic,643543,10,24,convex_hull_with_null,conical_bounded,economic,0.01,6.046295956617219e6,4.086957327555867e6,181705.4253901496,22.492214081007972,1.21954526910791,10,0.9240263846624637,1.0,0.0,0.7534246575342466,0.4794520547945205,138787,721,1019,2586,OPTIMAL,5.803837697838657e7,0.0,5.732766421338572e7,0.0,-7.009905045466809e-9,202712,415081,OPTIMAL,2.7514456889848847e7,0.0,2.750651992985197e7,0.0,7936.960000344725,5492686,11336278,6.726527453581601e7,793.6960000344707,0.008676833,0.730497417,0.088457625,1.288095917,2.221974125,0.564282208
tyndp/p2x_10_24_conical_hull_dirac_0.01_economic,643543,10,24,conical_hull,dirac,economic,0.01,9.513621279761648e6,3.405442331915726e6,185169.49229982545,18.390947070274688,1.2475198230575375,10,1.0,1.0,0.0,0.0,0.1,0,0,1084,2156,OPTIMAL,3.2288887920511197e7,0.0,3.1470683760511287e7,0.0,0.0,202712,415081,OPTIMAL,2.8434047032728635e7,0.0,2.8268512169522334e7,0.0,165534.86320927544,5492686,11336278,7.12574078874547e7,16553.48632092753,0.00864125,0.6020895,1.042e-6,1.242698375,1.526132375,0.564282208
tyndp/p2x_10_24_conical_hull_convex_0.01_economic,643543,10,24,conical_hull,convex,economic,0.01,6.640104691077492e6,3.405442331915726e6,185169.49229982545,18.390947070274688,1.2475198230575375,10,1.0,1.0000000000000002,0.0,0.0,0.4334246575342466,103558,629,1084,2156,OPTIMAL,5.823188132627865e7,0.0,5.750484540793783e7,0.0,2.077113153530601e-8,202712,415081,OPTIMAL,2.7348098982952233e7,0.0,2.732878405015292e7,0.0,19314.93280218805,5492686,11336278,4.979902562313035e7,1931.4932802188036,0.008711167,1.692640833,0.04112225,1.447486625,2.229428125,0.564282208
tyndp/p2x_10_24_conical_hull_conical_0.01_economic,643543,10,24,conical_hull,conical,economic,0.01,6.141571748175553e6,3.405442331915726e6,185169.49229982545,18.390947070274688,1.2475198230575375,10,1.0894067910402627,1.3091107811742715,0.8301369863013699,0.14246575342465753,0.47643835616438357,115272,645,1084,2156,OPTIMAL,7.004626382615039e7,0.0,6.92220155946054e7,0.0,2.3308368692664817e-8,202712,415081,OPTIMAL,2.7401302794478618e7,0.0,2.7187803867887534e7,0.0,213498.92659416693,5492686,11336278,4.1728162115615286e7,21349.892659416684,0.008582875,0.590937125,0.051058792,1.281139042,2.423402,0.564282208
tyndp/p2x_10_24_conical_hull_conical_bounded_0.01_economic,643543,10,24,conical_hull,conical_bounded,economic,0.01,6.628831325257923e6,3.405442331915726e6,185169.49229982545,18.390947070274688,1.2475198230575375,10,0.9909037165110784,1.0,0.0,0.2821917808219178,0.4334246575342466,103707,644,1084,2156,OPTIMAL,5.736597446960156e7,0.0,5.665276825852459e7,0.0,2.7019667581940013e-8,202712,415081,OPTIMAL,2.734777836277421e7,0.0,2.7328110365437612e7,0.0,19667.997339507136,5492686,11336278,5.2136555310043e7,1966.7997339507087,0.008719542,1.880159042,0.05573725,1.295720666,2.166113583,0.564282208
tyndp/p2x_20_24_k_means_dirac_0.01_economic,643543,20,24,k_means,dirac,economic,0.01,6.289639129203337e6,5.521441370601707e6,40460.202433269,136.46598480836124,1.1014228028271527,20,1.0,1.0,0.0,0.0,0.05,0,0,0,0,OPTIMAL,1.694678293568686e7,0.0,1.6596674296532338e7,0.0,0.0,353912,727091,OPTIMAL,2.8974060595301256e7,0.0,2.7338621635541297e7,0.0,1.6354389597631798e6,5492686,11336278,4.3207308204909e7,163543.89597631805,0.008643334,0.450197584,2.041e-6,2.554436458,3.803245042,0.564282208
tyndp/p2x_20_24_k_means_convex_0.01_economic,643543,20,24,k_means,convex,economic,0.01,5.699395462344278e6,5.521441370601707e6,40460.202433269,136.46598480836124,1.1014228028271527,20,1.0,1.0000000000000002,0.0,0.0,0.17205479452054795,303889,2071,0,0,OPTIMAL,1.799384207733591e7,0.0,1.7602484010663223e7,0.0,-9.847115127948302e-10,353912,727091,OPTIMAL,2.710334648044078e7,0.0,2.70868469604431e7,0.0,16499.520000769706,5492686,11336278,4.6238784656780824e7,1649.9520000769692,0.008727,0.4640395,1.291084083,1.814892042,3.884605667,0.564282208
tyndp/p2x_20_24_k_means_conical_0.01_economic,643543,20,24,k_means,conical,economic,0.01,5.481444267324981e6,5.521441370601707e6,40460.202433269,136.46598480836124,1.1014228028271527,20,1.0131677256561793,1.2160696741744703,0.5753424657534246,0.4246575342465753,0.17082191780821918,327372,2244,0,0,OPTIMAL,1.7875068306538194e7,0.0,1.747952234123667e7,0.0,0.0,353912,727091,OPTIMAL,2.9099858619556192e7,0.0,2.7572752356556885e7,0.0,1.5271062630026e6,5492686,11336278,7.464686353483689e7,152710.6263002602,0.008657125,0.452200042,0.160461,1.717817333,6.687404458,0.564282208
tyndp/p2x_20_24_k_means_conical_bounded_0.01_economic,643543,20,24,k_means,conical_bounded,economic,0.01,5.638670954311751e6,5.521441370601707e6,40460.202433269,136.46598480836124,1.1014228028271527,20,0.9754252944915013,1.0000000000000002,0.0,0.4986301369863014,0.16808219178082193,310570,2268,0,0,OPTIMAL,1.6352187807391975e7,0.0,1.601025937600868e7,0.0,3.8308582997601445e-10,353912,727091,OPTIMAL,2.7217559545291245e7,0.0,2.720106002529461e7,0.0,16499.519999779302,5492686,11336278,5.4339376042118326e7,1649.951999977929,0.008727375,0.439041167,0.28027775,1.7807425,3.950807083,0.564282208
tyndp/p2x_20_24_k_medoids_dirac_0.01_economic,643543,20,24,k_medoids,dirac,economic,0.01,7.727437971372252e6,5.516728223581905e6,121960.55657095595,45.233708165084536,1.14901846137569,20,1.0,1.0,0.0,0.0,0.05,0,0,0,0,OPTIMAL,2.735026548432928e7,0.0,2.683742852432941e7,0.0,0.0,353912,727091,OPTIMAL,2.9048919806834742e7,0.0,2.751541576855355e7,0.0,1.5335040382844992e6,5492686,11336278,4.5146121167445526e7,153350.40382844995,0.008752334,0.452305125,1.625e-6,2.7263175,3.809354333,0.564282208
tyndp/p2x_20_24_k_medoids_convex_0.01_economic,643543,20,24,k_medoids,convex,economic,0.01,5.906515932138853e6,5.516728223581905e6,121960.55657095595,45.233708165084536,1.14901846137569,20,1.0,1.0000000000000004,0.0,0.0,0.26643835616438355,263206,1290,0,0,OPTIMAL,2.7376467349570006e7,0.0,2.6944322284360554e7,0.0,0.0,353912,727091,OPTIMAL,2.7251098933280338e7,0.0,2.724111163664799e7,0.0,9987.29663560331,5492686,11336278,6.828819356644693e7,998.7296635603312,0.008621125,0.470818375,1.162888334,1.988899792,6.459902459,0.564282208
tyndp/p2x_20_24_k_medoids_conical_0.01_economic,643543,20,24,k_medoids,conical,economic,0.01,5.638047177341824e6,5.516728223581905e6,121960.55657095595,45.233708165084536,1.14901846137569,20,1.0120999106709554,1.2356770268436448,0.5534246575342465,0.3917808219178082,0.2745205479452055,281739,1331,0,0,OPTIMAL,2.788138382292497e7,0.0,2.7423127197054878e7,0.0,-1.1446374678757457e-8,353912,727091,OPTIMAL,2.726738222540987e7,0.0,2.715391479465442e7,0.0,113467.43075852474,5492686,11336278,5.265707269244839e7,11346.743075852468,0.009044375,0.417329375,0.121357792,2.679289,4.270592292,0.564282208
tyndp/p2x_20_24_k_medoids_conical_bounded_0.01_economic,643543,20,24,k_medoids,conical_bounded,economic,0.01,5.805762982795984e6,5.516728223581905e6,121960.55657095595,45.233708165084536,1.14901846137569,20,0.9693922414134044,1.0000000000000002,0.0,0.5452054794520548,0.26301369863013696,268019,1370,0,0,OPTIMAL,2.5421518586920023e7,0.0,2.4993439243206784e7,0.0,-7.968390472652044e-11,353912,727091,OPTIMAL,2.7173767438221965e7,0.0,2.716462551822288e7,0.0,9141.920002309906,5492686,11336278,4.920841649178275e7,914.1920002309932,0.008640125,0.476523541,0.227526875,1.824795875,4.529920666,0.564282208
tyndp/p2x_20_24_hierarchical_dirac_0.01_economic,643543,20,24,hierarchical,dirac,economic,0.01,7.82063023141736e6,5.488136906766043e6,111929.88919742436,49.03191583693921,1.143857486055434,20,1.0,1.0,0.0,0.0,0.05,0,0,0,0,OPTIMAL,3.1808447105745297e7,0.0,3.135856758574509e7,0.0,0.0,353912,727091,OPTIMAL,2.8205257581920348e7,0.0,2.7414769785761002e7,0.0,790487.7961624358,5492686,11336278,3.598228858364779e7,79048.77961624366,0.008678459,0.436543875,1.834e-6,1.755996916,3.639833208,0.564282208
tyndp/p2x_20_24_hierarchical_convex_0.01_economic,643543,20,24,hierarchical,convex,economic,0.01,5.792075818425055e6,5.488136906766043e6,111929.88919742436,49.03191583693921,1.143857486055434,20,1.0,1.0000000000000002,0.0,0.0,0.2583561643835616,274312,1392,0,0,OPTIMAL,3.7285891618053675e7,0.0,3.71971451367606e7,0.0,0.0,353912,727091,OPTIMAL,2.7379510628344867e7,0.0,2.7372114948346447e7,0.0,7395.680001502886,5492686,11336278,7.461916551827739e7,739.5680001502885,0.008682334,0.4230395,1.205729792,1.840382625,5.974313209,0.564282208
tyndp/p2x_20_24_hierarchical_conical_0.01_economic,643543,20,24,hierarchical,conical,economic,0.01,5.586997005574276e6,5.488136906766043e6,111929.88919742436,49.03191583693921,1.143857486055434,20,1.017617503292917,1.2409805086942345,0.5616438356164384,0.3835616438356164,0.2691780821917808,294676,1398,0,0,OPTIMAL,3.805785129145623e7,0.0,3.7970174514869615e7,0.0,-3.3800651651656083e-10,353912,727091,OPTIMAL,2.716449768890941e7,0.0,2.706912914382818e7,0.0,95368.54508435815,5492686,11336278,4.462102985298751e7,9536.854508435807,0.008603041,0.468124,0.143959667,1.856793125,5.1655115,0.564282208
tyndp/p2x_20_24_hierarchical_conical_bounded_0.01_economic,643543,20,24,hierarchical,conical_bounded,economic,0.01,5.734399990256139e6,5.488136906766043e6,111929.88919742436,49.03191583693921,1.143857486055434,20,0.9747846222616013,1.0000000000000002,0.0,0.4986301369863014,0.2556164383561644,280211,1411,0,0,OPTIMAL,3.2628641441377725e7,0.0,3.254370547279194e7,0.0,-2.6960077340381987e-9,353912,727091,OPTIMAL,2.7064608479021758e7,0.0,2.704231516491042e7,0.0,22293.31411458786,5492686,11336278,3.933234234483387e7,2229.331411458784,0.00864125,0.4324635,0.253400417,1.735348458,3.912216917,0.564282208
tyndp/p2x_20_24_chronological_dirac_0.01_economic,643543,20,24,chronological,dirac,economic,0.01,9.195277825264065e6,5.491456903061937e6,113597.96478191845,48.34115570295868,1.1310946154968364,20,1.0,1.0,0.0,0.0,0.05,0,0,0,0,OPTIMAL,2.0862996744230095e7,0.0,2.0134473224230163e7,0.0,0.0,353912,727091,OPTIMAL,2.949581086429965e7,0.0,2.8323622837040093e7,0.0,1.1721880272626795e6,5492686,11336278,4.781988203995877e7,117218.80272626826,0.008670708,0.43618225,1.959e-6,1.837432625,3.363882792,0.564282208
tyndp/p2x_20_24_chronological_convex_0.01_economic,643543,20,24,chronological,convex,economic,0.01,6.349289259126955e6,5.491456903061937e6,113597.96478191845,48.34115570295868,1.1310946154968364,20,1.0,1.0000000000000002,0.0,0.0,0.25315068493150683,297004,1386,0,0,OPTIMAL,2.1971428214594107e7,0.0,2.1184455195861407e7,0.0,-6.368898765644745e-9,353912,727091,OPTIMAL,2.726791940170657e7,0.0,2.725481444170896e7,0.0,13104.960000457851,5492686,11336278,4.1940485447827056e7,1310.4960000457854,0.008668459,0.437349042,0.266185,1.722989042,5.885331458,0.564282208
tyndp/p2x_20_24_chronological_conical_0.01_economic,643543,20,24,chronological,conical,economic,0.01,6.07183172914654e6,5.491456903061937e6,113597.96478191845,48.34115570295868,1.1310946154968364,20,1.009953852547507,1.268694266730146,0.547945205479452,0.3972602739726027,0.26109589041095893,315504,1457,0,0,OPTIMAL,2.1870101649054885e7,0.0,2.125600074605985e7,0.0,-7.93280088997759e-10,353912,727091,OPTIMAL,2.7475742557258703e7,0.0,2.7434232453477994e7,0.0,41510.10378390522,5492686,11336278,4.531462192566991e7,4151.010378390516,0.00865625,0.429995625,0.153132,2.720269667,6.172971667,0.564282208
tyndp/p2x_20_24_chronological_conical_bounded_0.01_economic,643543,20,24,chronological,conical_bounded,economic,0.01,6.262005488337523e6,5.491456903061937e6,113597.96478191845,48.34115570295868,1.1310946154968364,20,0.9658480308162144,1.0000000000000002,0.0,0.5232876712328767,0.25287671232876713,304971,1493,0,0,OPTIMAL,2.0482970680703916e7,0.0,1.9974205060411494e7,0.0,0.0,353912,727091,OPTIMAL,2.7599252705867425e7,0.0,2.7589624431447085e7,0.0,9628.27442341483,5492686,11336278,5.9088226077595994e7,962.8274423414832,0.008647292,0.45468325,0.252289125,1.819212125,7.837380958,0.564282208
tyndp/p2x_20_24_convex_hull_dirac_0.01_economic,643543,20,24,convex_hull,dirac,economic,0.01,8.700267979882846e6,5.554181012518021e6,144369.69650020686,38.47193107114458,1.1980728057100722,20,1.0,1.0,0.0,0.0,0.05,0,0,3268,3477,OPTIMAL,3.2703982701732576e7,0.0,3.1136212141732693e7,0.0,0.0,353912,727091,OPTIMAL,2.8643413788863655e7,0.0,2.8037923661513798e7,0.0,605490.1273530099,5492686,11336278,7.580876918003523e7,60549.01273530095,0.008672208,1.241821042,1.166e-6,1.75678975,3.981145542,0.564282208
tyndp/p2x_20_24_convex_hull_convex_0.01_economic,643543,20,24,convex_hull,convex,economic,0.01,5.43787699824974e6,5.554181012518021e6,144369.69650020686,38.47193107114458,1.1980728057100722,20,1.0,1.0000000000000002,0.0,0.0,0.30246575342465754,224379,1344,3268,3477,OPTIMAL,4.342987755799501e7,0.0,4.2242850117196195e7,0.0,1.4528176697460701e-9,353912,727091,OPTIMAL,2.7002230484005466e7,0.0,2.6993556884008117e7,0.0,8673.600000444732,5492686,11336278,5.031193810769973e7,867.3600000444778,0.009024416,2.428866709,0.16448475,1.75195675,4.184210583,0.564282208
tyndp/p2x_20_24_convex_hull_conical_0.01_economic,643543,20,24,convex_hull,conical,economic,0.01,5.298423129438962e6,5.554181012518021e6,144369.69650020686,38.47193107114458,1.1980728057100722,20,0.9914973693016499,1.2024814749165897,0.4328767123287671,0.5123287671232877,0.3036986301369863,241901,1179,3268,3477,OPTIMAL,4.4199863081481e7,0.0,4.3044286367260225e7,0.0,3.935380463688047e-8,353912,727091,OPTIMAL,2.7170055413154848e7,0.0,2.712818071038227e7,0.0,41874.702775787075,5492686,11336278,5.580540555500678e7,4187.47027757871,0.008681667,2.449400875,0.115709708,1.809024791,4.159667125,0.564282208
tyndp/p2x_20_24_convex_hull_conical_bounded_0.01_economic,643543,20,24,convex_hull,conical_bounded,economic,0.01,5.369423983431484e6,5.554181012518021e6,144369.69650020686,38.47193107114458,1.1980728057100722,20,0.964948184791118,1.0000000000000002,0.0,0.6438356164383562,0.296027397260274,232080,1155,3268,3477,OPTIMAL,4.064293103664196e7,0.0,3.954241843368387e7,0.0,1.8073293422680684e-9,353912,727091,OPTIMAL,2.7090624752444014e7,0.0,2.7083158832448304e7,0.0,7465.919998829411,5492686,11336278,5.5529984905784175e7,746.5919998829426,0.008678625,2.42521325,0.188511708,1.768046833,4.370125292,0.564282208
tyndp/p2x_20_24_convex_hull_with_null_dirac_0.01_economic,643543,20,24,convex_hull_with_null,dirac,economic,0.01,8.724293768593412e6,5.658049328187443e6,140360.77476396316,40.31075874083958,1.2023853431038878,20,1.0,1.0,0.0,0.0,0.05,0,0,3349,3761,OPTIMAL,2.7639287971271414e7,0.0,2.63054127712713e7,0.0,0.0,353912,727091,OPTIMAL,2.8783725526293404e7,0.0,2.8273746049549628e7,0.0,509979.4767470539,5492686,11336278,7.721366815615009e7,50997.94767470546,0.008691708,2.526411916,1.209e-6,1.676261542,3.971176208,0.564282208
tyndp/p2x_20_24_convex_hull_with_null_convex_0.01_economic,643543,20,24,convex_hull_with_null,convex,economic,0.01,5.44701598961557e6,5.658049328187443e6,140360.77476396316,40.31075874083958,1.2023853431038878,20,1.0,1.0000000000000002,0.0,0.0,0.3034246575342466,233966,1111,3349,3761,OPTIMAL,4.490329038679387e7,0.0,4.3733574807205126e7,0.0,3.436761453808505e-8,353912,727091,OPTIMAL,2.7092614699283466e7,0.0,2.7083902539286923e7,0.0,8712.159999667017,5492686,11336278,4.5814595365938455e7,871.2159999666978,0.008871084,1.241099,0.211385584,1.770266375,4.450782375,0.564282208
tyndp/p2x_20_24_convex_hull_with_null_conical_0.01_economic,643543,20,24,convex_hull_with_null,conical,economic,0.01,5.188206369679722e6,5.658049328187443e6,140360.77476396316,40.31075874083958,1.2023853431038878,20,0.9618898114085183,1.1543156656398463,0.32602739726027397,0.6191780821917808,0.29863013698630136,243494,1173,3349,3761,OPTIMAL,4.203493240991513e7,0.0,4.11236011373495e7,0.0,0.0,353912,727091,OPTIMAL,2.7719507993120745e7,0.0,2.7693446866520744e7,0.0,26061.126603346216,5492686,11336278,7.977149864884633e7,2606.1126603346215,0.008725333,1.329218166,0.119970667,2.778990833,5.760510875,0.564282208
tyndp/p2x_20_24_convex_hull_with_null_conical_bounded_0.01_economic,643543,20,24,convex_hull_with_null,conical_bounded,economic,0.01,5.239090042763559e6,5.658049328187443e6,140360.77476396316,40.31075874083958,1.2023853431038878,20,0.946351545980548,1.0000000000000002,0.0,0.7068493150684931,0.29315068493150687,235853,1111,3349,3761,OPTIMAL,3.942736184586338e7,0.0,3.853472101102846e7,0.0,2.0151175599405127e-8,353912,727091,OPTIMAL,2.726123064824023e7,0.0,2.7252518488243606e7,0.0,8712.160000044927,5492686,11336278,4.596424328538689e7,871.2160000044935,0.008660625,1.272764333,0.231375542,1.7738355,4.688600625,0.564282208
tyndp/p2x_20_24_conical_hull_dirac_0.01_economic,643543,20,24,conical_hull,dirac,economic,0.01,8.874367118180826e6,4.868128611510625e6,144915.0832405984,33.592973917202315,1.2331546783419174,20,1.0,1.0,0.0,0.0,0.05,0,0,3281,3464,OPTIMAL,2.810079156041414e7,0.0,2.7560877320414007e7,0.0,0.0,353912,727091,OPTIMAL,2.843354477341198e7,0.0,2.7745406058136027e7,0.0,688138.715278999,5492686,11336278,4.6632078280056134e7,68813.87152789994,0.008699542,0.800303333,1.167e-6,1.811781875,4.532833916,0.564282208
tyndp/p2x_20_24_conical_hull_convex_0.01_economic,643543,20,24,conical_hull,convex,economic,0.01,5.928810038169673e6,4.868128611510625e6,144915.0832405984,33.592973917202315,1.2331546783419174,20,1.0,1.0000000000000002,0.0,0.0,0.2856164383561644,203055,1030,3281,3464,OPTIMAL,4.147788087056796e7,0.0,4.113102369256575e7,0.0,-1.1482302168304605e-8,353912,727091,OPTIMAL,2.7056292093744703e7,0.0,2.7032266333748404e7,0.0,24025.75999942376,5492686,11336278,4.839354120182167e7,2402.5759999423763,0.008664625,0.756021292,0.183582458,1.756814084,4.56310775,0.564282208
tyndp/p2x_20_24_conical_hull_conical_0.01_economic,643543,20,24,conical_hull,conical,economic,0.01,5.460783153549963e6,4.868128611510625e6,144915.0832405984,33.592973917202315,1.2331546783419174,20,1.088935196345915,1.3526287382315314,0.8191780821917808,0.12602739726027398,0.3117808219178082,223805,1087,3281,3464,OPTIMAL,5.180331552007615e7,0.0,5.1415677040215515e7,0.0,1.5430491917756047e-9,353912,727091,OPTIMAL,2.7318960232373297e7,0.0,2.6939568983339936e7,0.0,379391.24903624965,5492686,11336278,2.8792173453124512e7,37939.12490362498,0.008634458,0.773813334,0.098301,1.874638167,6.268233083,0.564282208
tyndp/p2x_20_24_conical_hull_conical_bounded_0.01_economic,643543,20,24,conical_hull,conical_bounded,economic,0.01,5.9259372369801365e6,4.868128611510625e6,144915.0832405984,33.592973917202315,1.2331546783419174,20,0.991657924483823,1.0000000000000002,0.0,0.36712328767123287,0.2843835616438356,202508,1031,3281,3464,OPTIMAL,4.083201203861697e7,0.0,4.0486705241273515e7,0.0,1.1486917770877438e-8,353912,727091,OPTIMAL,2.704370638089576e7,0.0,2.701968062089856e7,0.0,24025.76000010511,5492686,11336278,4.807926820707779e7,2402.5760000105147,0.008603917,2.108890958,0.186279708,1.80584925,4.25464625,0.564282208
tyndp/p2x_40_24_k_means_dirac_0.01_economic,643543,40,24,k_means,dirac,economic,0.01,5.674449872697829e6,7.84393962439115e6,28141.623430758773,278.73088571776316,1.1118805836774621,40,1.0,1.0,0.0,0.0,0.025,0,0,0,0,OPTIMAL,1.7890141572903227e7,0.0,1.762041841819445e7,0.0,0.0,656312,1351111,OPTIMAL,2.7073964909941275e7,0.0,2.704722813318772e7,0.0,26736.776756779393,5492686,11336278,4.2004445645563744e7,2673.677675677939,0.008654916,0.47317625,1.708e-6,3.803100708,8.692087,0.564282208
tyndp/p2x_40_24_k_means_convex_0.01_economic,643543,40,24,k_means,convex,economic,0.01,5.068873265748178e6,7.84393962439115e6,28141.623430758773,278.73088571776316,1.1118805836774621,40,1.0,1.0000000000000002,0.0,0.0,0.10123287671232876,484625,3485,0,0,OPTIMAL,1.86341118916136e7,0.0,1.8332130448079675e7,0.0,0.0,656312,1351111,OPTIMAL,2.7166291491201732e7,0.0,2.7155632291205157e7,0.0,10659.199999789173,5492686,11336278,6.748170869326401e7,1065.919999978917,0.008705917,0.490548958,1.953178709,2.785695375,17.905131,0.564282208
tyndp/p2x_40_24_k_means_conical_0.01_economic,643543,40,24,k_means,conical,economic,0.01,4.915427056704136e6,7.84393962439115e6,28141.623430758773,278.73088571776316,1.1118805836774621,40,1.015319155035868,1.2054178337427488,0.6328767123287671,0.3643835616438356,0.10376712328767124,534011,3723,0,0,OPTIMAL,1.8987458300370004e7,0.0,1.8686180402496465e7,0.0,-1.8193737013099367e-8,656312,1351111,OPTIMAL,2.8378041222431485e7,0.0,2.6846120928932913e7,0.0,1.5319202935016225e6,5492686,11336278,3.266314781499235e7,153192.02935016202,0.008646167,0.4698815,0.496906958,3.965103917,10.494308875,0.564282208
tyndp/p2x_40_24_k_means_conical_bounded_0.01_economic,643543,40,24,k_means,conical_bounded,economic,0.01,5.028580122166745e6,7.84393962439115e6,28141.623430758773,278.73088571776316,1.1118805836774621,40,0.9806860143797563,1.0000000000000002,0.0,0.4986301369863014,0.1002054794520548,492448,3080,0,0,OPTIMAL,1.7310143868958995e7,0.0,1.7053639614379626e7,0.0,0.0,656312,1351111,OPTIMAL,2.7244815175164018e7,0.0,2.7233336775168e7,0.0,11478.399999380508,5492686,11336278,7.197547582773943e7,1147.839999938051,0.008675875,0.479410833,0.78038775,3.977291709,14.79111675,0.564282208
tyndp/p2x_40_24_k_medoids_dirac_0.01_economic,643543,40,24,k_medoids,dirac,economic,0.01,7.12396489850509e6,7.702120150216944e6,84342.38937041411,91.31968168924934,1.1573974281134762,40,1.0,1.0,0.0,0.0,0.025,0,0,0,0,OPTIMAL,2.843436492461351e7,0.0,2.7979200764613315e7,0.0,0.0,656312,1351111,OPTIMAL,2.8159416176036835e7,0.0,2.7758041691277e7,0.0,401374.48476316675,5492686,11336278,6.528287871514369e7,40137.448476316735,0.00868025,0.426763791,1.709e-6,2.652251584,10.534332,0.564282208
tyndp/p2x_40_24_k_medoids_convex_0.01_economic,643543,40,24,k_medoids,convex,economic,0.01,5.231416421230759e6,7.702120150216944e6,84342.38937041411,91.31968168924934,1.1573974281134762,40,1.0,1.0000000000000002,0.0,0.0,0.15417808219178084,429513,1994,0,0,OPTIMAL,3.3124651209521517e7,0.0,3.3064916128698986e7,0.0,1.3970993853076632e-8,656312,1351111,OPTIMAL,2.6803676389444783e7,0.0,2.6788152337604865e7,0.0,15524.051843008305,5492686,11336278,4.1173547546085894e7,1552.4051843008306,0.008882042,0.442468334,0.661877709,3.97186075,9.024632417,0.564282208
tyndp/p2x_40_24_k_medoids_conical_0.01_economic,643543,40,24,k_medoids,conical,economic,0.01,4.976123524783004e6,7.702120150216944e6,84342.38937041411,91.31968168924934,1.1573974281134762,40,1.0299071455892534,1.2547563091469243,0.5863013698630137,0.3041095890410959,0.16404109589041097,467976,2265,0,0,OPTIMAL,3.382613280391952e7,0.0,3.376394881999223e7,0.0,1.6833211707974652e-8,656312,1351111,OPTIMAL,2.6860239671856545e7,0.0,2.6835705275734887e7,0.0,24534.396124751453,5492686,11336278,4.933445074480416e7,2453.439612475146,0.008899125,0.430663666,0.42078225,3.805754042,9.298954666,0.564282208
tyndp/p2x_40_24_k_medoids_conical_bounded_0.01_economic,643543,40,24,k_medoids,conical_bounded,economic,0.01,5.193463329883824e6,7.702120150216944e6,84342.38937041411,91.31968168924934,1.1573974281134762,40,0.9806750951601411,1.0000000000000002,0.0,0.5041095890410959,0.1530821917808219,433833,2118,0,0,OPTIMAL,2.948300640108151e7,0.0,2.9444017487847727e7,0.0,1.222484666027922e-9,656312,1351111,OPTIMAL,2.6851315991572823e7,0.0,2.6834037413361456e7,0.0,17278.5782144907,5492686,11336278,4.70311835498901e7,1727.8578214490665,0.0085925,0.462419667,0.686498375,2.88604475,11.425297958,0.564282208
tyndp/p2x_40_24_hierarchical_dirac_0.01_economic,643543,40,24,hierarchical,dirac,economic,0.01,7.112968854585597e6,7.649324535298489e6,77122.21051113495,99.18445652169261,1.146251951050199,40,1.0,1.0,0.0,0.0,0.025,0,0,0,0,OPTIMAL,3.000053611236597e7,0.0,2.935307019236573e7,0.0,0.0,656312,1351111,OPTIMAL,2.7471115725902416e7,0.0,2.7276236987215083e7,0.0,194878.73869063033,5492686,11336278,3.729810383886548e7,19487.873869063027,0.008658416,0.428986375,9.59e-7,2.708141333,10.535517292,0.564282208
tyndp/p2x_40_24_hierarchical_convex_0.01_economic,643543,40,24,hierarchical,convex,economic,0.01,5.150244676415041e6,7.649324535298489e6,77122.21051113495,99.18445652169261,1.146251951050199,40,1.0,1.0000000000000002,0.0,0.0,0.14876712328767122,415765,2270,0,0,OPTIMAL,3.12813444358992e7,0.0,3.094569648331161e7,0.0,7.726643938735005e-8,656312,1351111,OPTIMAL,2.6900262555012878e7,0.0,2.6882995995015167e7,0.0,17266.560000599107,5492686,11336278,3.9960914848879255e7,1726.656000059917,0.008636709,0.471631459,0.629419084,3.819964375,8.98554675,0.564282208
tyndp/p2x_40_24_hierarchical_conical_0.01_economic,643543,40,24,hierarchical,conical,economic,0.01,4.9754713974883985e6,7.649324535298489e6,77122.21051113495,99.18445652169261,1.146251951050199,40,1.0241331573537138,1.215699307578764,0.5808219178082191,0.3095890410958904,0.1560958904109589,444881,2176,0,0,OPTIMAL,3.315589349103522e7,0.0,3.2788630672812458e7,0.0,1.1264751995078486e-8,656312,1351111,OPTIMAL,2.6993399068112157e7,0.0,2.6932328341830682e7,0.0,61070.72628439306,5492686,11336278,4.540188140138204e7,6107.072628439325,0.008696708,0.463766833,0.420662666,3.767802292,9.142085583,0.564282208
tyndp/p2x_40_24_hierarchical_conical_bounded_0.01_economic,643543,40,24,hierarchical,conical_bounded,economic,0.01,5.122347754506262e6,7.649324535298489e6,77122.21051113495,99.18445652169261,1.146251951050199,40,0.9805908826204669,1.0000000000000002,0.0,0.5095890410958904,0.1473972602739726,416231,2244,0,0,OPTIMAL,2.912689570647556e7,0.0,2.8832779658767153e7,0.0,0.0,656312,1351111,OPTIMAL,2.7295383770573832e7,0.0,2.7278762330576714e7,0.0,16621.440000349634,5492686,11336278,7.442971170288548e7,1662.1440000349635,0.009056417,0.447136958,1.904514125,2.803993625,15.262176125,0.564282208
tyndp/p2x_40_24_chronological_dirac_0.01_economic,643543,40,24,chronological,dirac,economic,0.01,8.92910641502578e6,7.721533274724049e6,70763.47914102615,109.11749066684,1.1545833188904806,40,1.0,1.0,0.0,0.0,0.025,0,0,0,0,OPTIMAL,2.4870254759237006e7,0.0,2.4648561959235303e7,0.0,0.0,656312,1351111,OPTIMAL,2.8443094180073276e7,0.0,2.8075165342283513e7,0.0,367928.8377930968,5492686,11336278,5.590694441630463e7,36792.88377930972,0.00871325,0.440916833,8.75e-7,3.632153083,4.962895875,0.564282208
tyndp/p2x_40_24_chronological_convex_0.01_economic,643543,40,24,chronological,convex,economic,0.01,5.383615367041088e6,7.721533274724049e6,70763.47914102615,109.11749066684,1.1545833188904806,40,1.0,1.0000000000000002,0.0,0.0,0.15287671232876712,454736,2218,0,0,OPTIMAL,2.6696362386165556e7,0.0,2.6250970460259963e7,0.0,0.0,656312,1351111,OPTIMAL,2.6901207767068863e7,0.0,2.687888982366004e7,0.0,22317.94341193189,5492686,11336278,3.752401875942625e7,2231.7943411931856,0.008565458,0.454481666,1.863156167,2.865858625,13.535088875,0.564282208
tyndp/p2x_40_24_chronological_conical_0.01_economic,643543,40,24,chronological,conical,economic,0.01,5.168739964745132e6,7.721533274724049e6,70763.47914102615,109.11749066684,1.1545833188904806,40,1.0140388451539046,1.2527985860410293,0.5123287671232877,0.3780821917808219,0.15595890410958904,476330,2516,0,0,OPTIMAL,2.6697646965671554e7,0.0,2.6363520387652174e7,0.0,0.0,656312,1351111,OPTIMAL,2.7322239091236245e7,0.0,2.717181388880809e7,0.0,150425.20243128552,5492686,11336278,6.070932369198586e7,15042.520243128552,0.009087208,0.429056292,1.704578542,2.835856333,16.109492,0.564282208
tyndp/p2x_40_24_chronological_conical_bounded_0.01_economic,643543,40,24,chronological,conical_bounded,economic,0.01,5.336930427471115e6,7.721533274724049e6,70763.47914102615,109.11749066684,1.1545833188904806,40,0.9752883200064024,1.0000000000000002,0.0,0.5178082191780822,0.15123287671232877,464199,2248,0,0,OPTIMAL,2.4916468967386354e7,0.0,2.4619005226665374e7,0.0,0.0,656312,1351111,OPTIMAL,2.7206740129834365e7,0.0,2.7196080929837592e7,0.0,10659.199999937448,5492686,11336278,6.65975451218141e7,1065.9199999937448,0.0086445,0.481156375,0.729032959,3.961228542,15.426735833,0.564282208
tyndp/p2x_40_24_convex_hull_dirac_0.01_economic,643543,40,24,convex_hull,dirac,economic,0.01,7.724485727329458e6,7.889845944255443e6,89885.0943531644,87.77702244218295,1.1904783664010676,40,1.0,1.0,0.0,0.0,0.025,0,0,8486,4969,OPTIMAL,3.035861726572464e7,0.0,2.977952366572453e7,0.0,0.0,656312,1351111,OPTIMAL,2.8081118966089327e7,0.0,2.7706731198172636e7,0.0,374387.76791996864,5492686,11336278,5.934850223865996e7,37438.77679199693,0.00867225,3.14032825,1.792e-6,3.551811875,9.171838625,0.564282208
tyndp/p2x_40_24_convex_hull_convex_0.01_economic,643543,40,24,convex_hull,convex,economic,0.01,4.688658648008789e6,7.889845944255443e6,89885.0943531644,87.77702244218295,1.1904783664010676,40,1.0,1.0000000000000004,0.0,0.0,0.17383561643835616,394379,1986,8486,4969,OPTIMAL,3.8016648034029916e7,0.0,3.750121425943317e7,0.0,1.197088140408924e-8,656312,1351111,OPTIMAL,2.68212662920393e7,0.0,2.6812552904632237e7,0.0,8713.387410131192,5492686,11336278,4.1836129873797394e7,871.3387410131221,0.008665542,4.347811583,0.59389075,2.872243708,9.121835667,0.564282208
tyndp/p2x_40_24_convex_hull_conical_0.01_economic,643543,40,24,convex_hull,conical,economic,0.01,4.546045360693533e6,7.889845944255443e6,89885.0943531644,87.77702244218295,1.1904783664010676,40,0.9939357963034449,1.1834976246281534,0.4410958904109589,0.44931506849315067,0.1734931506849315,409644,2015,8486,4969,OPTIMAL,3.893708888476465e7,0.0,3.8404519909254834e7,0.0,-1.7212131775575293e-8,656312,1351111,OPTIMAL,2.6910113786358703e7,0.0,2.689542549252466e7,0.0,14688.293837214847,5492686,11336278,4.842196802688691e7,1468.8293837214815,0.008615542,4.34356575,0.356806584,2.848531167,9.83487925,0.564282208
tyndp/p2x_40_24_convex_hull_conical_bounded_0.01_economic,643543,40,24,convex_hull,conical_bounded,economic,0.01,4.62876116495966e6,7.889845944255443e6,89885.0943531644,87.77702244218295,1.1904783664010676,40,0.9692645657544936,1.0000000000000002,0.0,0.6438356164383562,0.16924657534246576,397472,2017,8486,4969,OPTIMAL,3.5831138888891846e7,0.0,3.532972739295202e7,0.0,3.628318130545138e-8,656312,1351111,OPTIMAL,2.6856389952609316e7,0.0,2.684941859261221e7,0.0,6971.360000269543,5492686,11336278,3.834988738504007e7,697.1360000269547,0.008614833,3.104147875,1.82614275,2.822058417,10.469187083,0.564282208
tyndp/p2x_40_24_convex_hull_with_null_dirac_0.01_economic,643543,40,24,convex_hull_with_null,dirac,economic,0.01,7.752275729564813e6,8.015389771244065e6,88668.32305367895,90.3974440386295,1.189496365218654,40,1.0,1.0,0.0,0.0,0.025,0,0,8637,5183,OPTIMAL,2.8310032925877314e7,0.0,2.748769084587733e7,0.0,0.0,656312,1351111,OPTIMAL,2.8348567050195422e7,0.0,2.791543690353628e7,0.0,433130.1466628332,5492686,11336278,6.967373040370724e7,43313.01466628341,0.008678958,4.165058416,1.75e-6,2.687555625,7.956806292,0.564282208
tyndp/p2x_40_24_convex_hull_with_null_convex_0.01_economic,643543,40,24,convex_hull_with_null,convex,economic,0.01,4.7144853810179345e6,8.015389771244065e6,88668.32305367895,90.3974440386295,1.189496365218654,40,1.0,1.0000000000000002,0.0,0.0,0.17342465753424657,395500,1898,8637,5183,OPTIMAL,3.843400021457552e7,0.0,3.767718104053585e7,0.0,-4.282882801074177e-8,656312,1351111,OPTIMAL,2.681729059027851e7,0.0,2.6805527550281927e7,0.0,11763.039999618797,5492686,11336278,4.1937501911469355e7,1176.3039999618798,0.008676125,4.430210792,0.576933834,2.851654583,9.646545792,0.564282208
tyndp/p2x_40_24_convex_hull_with_null_conical_0.01_economic,643543,40,24,convex_hull_with_null,conical,economic,0.01,4.5147464356135065e6,8.015389771244065e6,88668.32305367895,90.3974440386295,1.189496365218654,40,0.9751413087060756,1.187826596309136,0.34794520547945207,0.5424657534246575,0.17363013698630136,411471,2390,8637,5183,OPTIMAL,3.740353421246026e7,0.0,3.671983741386509e7,0.0,-1.3378896099170097e-9,656312,1351111,OPTIMAL,2.6964256982672546e7,0.0,2.692925467007291e7,0.0,35002.312602888,5492686,11336278,4.514949699480541e7,3500.2312602888123,0.0086945,4.282989917,0.364453625,2.821735375,10.276671541,0.564282208
tyndp/p2x_40_24_convex_hull_with_null_conical_bounded_0.01_economic,643543,40,24,convex_hull_with_null,conical_bounded,economic,0.01,4.570415906149975e6,8.015389771244065e6,88668.32305367895,90.3974440386295,1.189496365218654,40,0.9570066698674929,1.0000000000000002,0.0,0.7150684931506849,0.16815068493150684,398718,2175,8637,5183,OPTIMAL,3.507417583636944e7,0.0,3.440550832886167e7,0.0,1.1766523233838585e-8,656312,1351111,OPTIMAL,2.6919848866074655e7,0.0,2.691178182607797e7,0.0,8067.039999927063,5492686,11336278,4.3734867072637685e7,806.7039999927064,0.008652375,3.290709083,0.618872,2.683224417,8.867108958,0.564282208
tyndp/p2x_40_24_conical_hull_dirac_0.01_economic,643543,40,24,conical_hull,dirac,economic,0.01,7.895455152015408e6,7.004761594421587e6,88086.398154104,79.52148959669128,1.2196545210220373,40,1.0,1.0,0.0,0.0,0.025,0,0,8256,5199,OPTIMAL,2.8786019681126706e7,0.0,2.8144410881126426e7,0.0,0.0,656312,1351111,OPTIMAL,2.7874864959596004e7,0.0,2.7800118235687315e7,0.0,74746.72391188693,5492686,11336278,6.293888237870818e7,7474.672391188696,0.008794333,1.212353541,8.75e-7,2.671713042,10.164369333,0.564282208
tyndp/p2x_40_24_conical_hull_convex_0.01_economic,643543,40,24,conical_hull,convex,economic,0.01,5.166026377073012e6,7.004761594421587e6,88086.398154104,79.52148959669128,1.2196545210220373,40,1.0,1.0000000000000002,0.0,0.0,0.16794520547945205,347934,1923,8256,5199,OPTIMAL,4.065305460458411e7,0.0,4.024818260336122e7,0.0,4.0441624089609176e-8,656312,1351111,OPTIMAL,2.6749767082062423e7,0.0,2.6737728362066146e7,0.0,12038.719999219447,5492686,11336278,4.3141319112382345e7,1203.871999921946,0.008736709,1.162428958,0.549002292,3.802150208,10.293661375,0.564282208
tyndp/p2x_40_24_conical_hull_conical_0.01_economic,643543,40,24,conical_hull,conical,economic,0.01,4.648924072546926e6,7.004761594421587e6,88086.398154104,79.52148959669128,1.2196545210220373,40,1.08132209457037,1.3147943099809698,0.7479452054794521,0.14246575342465753,0.18602739726027398,390248,1921,8256,5199,OPTIMAL,4.882064514721082e7,0.0,4.840196769865279e7,0.0,0.0,656312,1351111,OPTIMAL,2.7462949046508353e7,0.0,2.675754016643443e7,0.0,705408.8800768557,5492686,11336278,3.313044140052149e7,70540.88800768575,0.008985125,2.448444625,0.32834275,2.900131458,13.782678917,0.564282208
tyndp/p2x_40_24_conical_hull_conical_bounded_0.01_economic,643543,40,24,conical_hull,conical_bounded,economic,0.01,5.169493381133663e6,7.004761594421587e6,88086.398154104,79.52148959669128,1.2196545210220373,40,0.9905708815279527,1.0000000000000002,0.0,0.4684931506849315,0.16705479452054794,347906,1933,8256,5199,OPTIMAL,3.995802615402347e7,0.0,3.9557243410342254e7,0.0,-2.7607744559033324e-8,656312,1351111,OPTIMAL,2.6785589683036007e7,0.0,2.6772629363039672e7,0.0,12960.31999925643,5492686,11336278,4.4192226037533365e7,1296.0319999256424,0.008650875,1.211166208,0.561423208,3.827086917,9.298475208,0.564282208
tyndp/p2x_80_24_k_means_dirac_0.01_economic,643543,80,24,k_means,dirac,economic,0.01,4.977699959970004e6,1.1047828918535491e7,23578.25349523727,468.5601043676588,1.1263994736290728,80,1.0,1.0,0.0,0.0,0.0125,0,0,0,0,OPTIMAL,1.929696470005934e7,0.0,1.9145374181553356e7,0.0,0.0,1261112,2599151,OPTIMAL,2.72820446213926e7,0.0,2.7214339578364223e7,0.0,67705.04303167507,5492686,11336278,6.691926628511074e7,6770.504303167506,0.00867425,0.453969625,1.917e-6,5.865103292,22.372004084,0.564282208
tyndp/p2x_80_24_k_means_convex_0.01_economic,643543,80,24,k_means,convex,economic,0.01,4.328009306725124e6,1.1047828918535491e7,23578.25349523727,468.5601043676588,1.1263994736290728,80,1.0,1.0000000000000004,0.0,0.0,0.06089041095890411,854478,100000,0,0,OPTIMAL,2.0924248407841142e7,0.0,2.074669569253552e7,0.0,0.0,1261112,2599151,OPTIMAL,2.665480612802691e7,0.0,2.6641667671640474e7,0.0,13138.456389514286,5492686,11336278,4.241016223767921e7,1313.8456389514276,0.008728625,0.4971145,2.917750666,6.140986792,45.833458875,0.564282208
tyndp/p2x_80_24_k_means_conical_0.01_economic,643543,80,24,k_means,conical,economic,0.01,4.195465692236745e6,1.1047828918535491e7,23578.25349523727,468.5601043676588,1.1263994736290728,80,1.0134974177649425,1.1595641627760538,0.6465753424657534,0.33424657534246577,0.061746575342465755,778368,4957,0,0,OPTIMAL,2.141379687105908e7,0.0,2.1231138924707282e7,0.0,0.0,1261112,2599151,OPTIMAL,2.722662904076071e7,0.0,2.666989736523674e7,0.0,556731.6755270722,5492686,11336278,2.8730387145161267e7,55673.16755270714,0.008757125,0.518862375,1.583502167,6.115429334,36.860364,0.564282208
tyndp/p2x_80_24_k_means_conical_bounded_0.01_economic,643543,80,24,k_means,conical_bounded,economic,0.01,4.298344627106315e6,1.1047828918535491e7,23578.25349523727,468.5601043676588,1.1263994736290728,80,0.9829020539398776,1.0000000000000002,0.0,0.5561643835616439,0.05945205479452055,840107,100000,0,0,OPTIMAL,1.9843150535831753e7,0.0,1.968018992686837e7,0.0,0.0,1261112,2599151,OPTIMAL,2.70147944240402e7,0.0,2.7007776824044414e7,0.0,7017.599999215256,5492686,11336278,7.078436494898139e7,701.7599999215256,0.009057584,0.516057625,2.906387541,5.858274875,41.473372083,0.564282208
tyndp/p2x_80_24_k_medoids_dirac_0.01_economic,643543,80,24,k_medoids,dirac,economic,0.01,6.200836358214952e6,1.08850254536322e7,50898.16936354667,213.8588792041717,1.1665759856661282,80,1.0,1.0,0.0,0.0,0.0125,0,0,0,0,OPTIMAL,2.698931526543658e7,0.0,2.6697532865435936e7,0.0,0.0,1261112,2599151,OPTIMAL,2.7567692797495406e7,0.0,2.734512766312907e7,0.0,222565.13436936456,5492686,11336278,6.102574182330478e7,22256.513436936475,0.008575833,0.469418708,1.625e-6,5.940608917,21.394682208,0.564282208
tyndp/p2x_80_24_k_medoids_convex_0.01_economic,643543,80,24,k_medoids,convex,economic,0.01,4.226244731955037e6,1.08850254536322e7,50898.16936354667,213.8588792041717,1.1665759856661282,80,1.0,1.0000000000000002,0.0,0.0,0.08277397260273972,612184,3640,0,0,OPTIMAL,2.932561811655659e7,0.0,2.914404747706258e7,0.0,0.0,1261112,2599151,OPTIMAL,2.679624873590204e7,0.0,2.6786615598989066e7,0.0,9633.136916007035,5492686,11336278,6.471167932469351e7,963.3136916007034,0.008950917,0.435580375,2.166889,5.791784208,40.011177917,0.564282208
tyndp/p2x_80_24_k_medoids_conical_0.01_economic,643543,80,24,k_medoids,conical,economic,0.01,4.0979725174951404e6,1.08850254536322e7,50898.16936354667,213.8588792041717,1.1665759856661282,80,1.019636240506429,1.1867703852404778,0.5232876712328767,0.25753424657534246,0.08746575342465754,654012,3591,0,0,OPTIMAL,3.0788643369924914e7,0.0,3.0603251406176366e7,0.0,0.0,1261112,2599151,OPTIMAL,2.684874350603987e7,0.0,2.676331340635963e7,0.0,85430.09968309558,5492686,11336278,6.051744426689425e7,8543.009968309558,0.008694666,0.444663166,1.358971333,5.873220792,42.1452865,0.564282208
tyndp/p2x_80_24_k_medoids_conical_bounded_0.01_economic,643543,80,24,k_medoids,conical_bounded,economic,0.01,4.212239057439656e6,1.08850254536322e7,50898.16936354667,213.8588792041717,1.1665759856661282,80,0.9849250174605534,1.0000000000000002,0.0,0.5123287671232877,0.08232876712328767,618304,3661,0,0,OPTIMAL,2.7915545785934925e7,0.0,2.7744950023100182e7,0.0,0.0,1261112,2599151,OPTIMAL,2.685886468984207e7,0.0,2.6848594656301137e7,0.0,10270.033544084798,5492686,11336278,6.608865863402732e7,1027.00335440848,0.008668916,0.479124667,2.288539625,6.129893791,39.614166042,0.564282208
tyndp/p2x_80_24_hierarchical_dirac_0.01_economic,643543,80,24,hierarchical,dirac,economic,0.01,6.183900499823317e6,1.0938029644262247e7,49105.95183026169,222.7434605497587,1.1568572542286104,80,1.0,1.0,0.0,0.0,0.0125,0,0,0,0,OPTIMAL,2.6128468160059296e7,0.0,2.5611491840058904e7,0.0,0.0,1261112,2599151,OPTIMAL,2.747758203625594e7,0.0,2.7297422469045743e7,0.0,180159.56721331,5492686,11336278,6.617131441650672e7,18015.956721331015,0.008658334,0.604832875,1.875e-6,6.142389709,20.30987825,0.564282208
tyndp/p2x_80_24_hierarchical_convex_0.01_economic,643543,80,24,hierarchical,convex,economic,0.01,4.253922021191871e6,1.0938029644262247e7,49105.95183026169,222.7434605497587,1.1568572542286104,80,1.0,1.0000000000000004,0.0,0.0,0.07979452054794521,613180,3709,0,0,OPTIMAL,2.93582336441551e7,0.0,2.9069193133955095e7,0.0,5.01087728664885e-9,1261112,2599151,OPTIMAL,2.6534322797045533e7,0.0,2.652149799705043e7,0.0,12824.79999822139,5492686,11336278,3.779847629432187e7,1282.4799998221376,0.008682792,0.444800208,2.12938525,6.12630625,23.875844709,0.564282208
tyndp/p2x_80_24_hierarchical_conical_0.01_economic,643543,80,24,hierarchical,conical,economic,0.01,4.1318780447756173e6,1.0938029644262247e7,49105.95183026169,222.7434605497587,1.1568572542286104,80,1.0157549487383395,1.1687663765285967,0.4931506849315068,0.2876712328767123,0.08304794520547945,649456,3693,0,0,OPTIMAL,3.0134872129546665e7,0.0,2.9837609871687893e7,0.0,-2.1002333766466868e-9,1261112,2599151,OPTIMAL,2.673728296328925e7,0.0,2.6597927256498117e7,0.0,139355.7067941467,5492686,11336278,4.4779301450177446e7,13935.570679414674,0.008658834,0.453510667,1.341668125,6.185922458,24.766527708,0.564282208
tyndp/p2x_80_24_hierarchical_conical_bounded_0.01_economic,643543,80,24,hierarchical,conical_bounded,economic,0.01,4.237423230143422e6,1.0938029644262247e7,49105.95183026169,222.7434605497587,1.1568572542286104,80,0.9845354720899556,1.0000000000000002,0.0,0.5178082191780822,0.0789041095890411,623081,3850,0,0,OPTIMAL,2.791037278954009e7,0.0,2.7635776298871864e7,0.0,-1.5721782685151256e-8,1261112,2599151,OPTIMAL,2.6570955088294353e7,0.0,2.655925375895882e7,0.0,11701.329338598356,5492686,11336278,3.701808902943422e7,1170.132933859835,0.008679083,0.462864875,2.267048625,6.27534675,27.938128708,0.564282208
tyndp/p2x_80_24_chronological_dirac_0.01_economic,643543,80,24,chronological,dirac,economic,0.01,7.838478073680419e6,1.090821274013239e7,50608.14751582344,215.54262061700172,1.1666597177920142,80,1.0,1.0,0.0,0.0,0.0125,0,0,0,0,OPTIMAL,2.4677896591387402e7,0.0,2.4565497071386e7,0.0,3686.3999999999965,1261112,2599151,OPTIMAL,2.808848993113005e7,0.0,2.7125166388987992e7,0.0,963323.5421452326,5492686,11336278,3.6017215660913266e7,96332.35421452316,0.008831375,0.425751834,8.75e-7,5.883487416,9.811688708,0.564282208
tyndp/p2x_80_24_chronological_convex_0.01_economic,643543,80,24,chronological,convex,economic,0.01,4.413080520120079e6,1.090821274013239e7,50608.14751582344,215.54262061700172,1.1666597177920142,80,1.0,1.0000000000000002,0.0,0.0,0.08291095890410959,646012,3274,0,0,OPTIMAL,2.643050169809907e7,0.0,2.625034120147459e7,0.0,0.0,1261112,2599151,OPTIMAL,2.6879077846535135e7,0.0,2.686981128653811e7,0.0,9266.560000042464,5492686,11336278,6.74384680771899e7,926.6560000042463,0.009024417,0.520041583,3.208236958,4.747131125,46.488702791,0.564282208
tyndp/p2x_80_24_chronological_conical_0.01_economic,643543,80,24,chronological,conical,economic,0.01,4.263230877883224e6,1.090821274013239e7,50608.14751582344,215.54262061700172,1.1666597177920142,80,1.0191746747128887,1.186304097720303,0.5315068493150685,0.2493150684931507,0.08691780821917808,683569,4040,0,0,OPTIMAL,2.751864135341782e7,0.0,2.7362035823926363e7,0.0,0.0,1261112,2599151,OPTIMAL,2.7144531417401157e7,0.0,2.6876978698500473e7,0.0,267552.71890364203,5492686,11336278,6.272909492091065e7,26755.271890364216,0.008726417,0.4801345,1.406032291,6.046686083,45.075532042,0.564282208
tyndp/p2x_80_24_chronological_conical_bounded_0.01_economic,643543,80,24,chronological,conical_bounded,economic,0.01,4.38816973552863e6,1.090821274013239e7,50608.14751582344,215.54262061700172,1.1666597177920142,80,0.9835067776843522,1.0000000000000002,0.0,0.4849315068493151,0.08256849315068493,650151,3963,0,0,OPTIMAL,2.5357615900148388e7,0.0,2.5220924753225215e7,0.0,0.0,1261112,2599151,OPTIMAL,2.6959755753148865e7,0.0,2.6952912233152453e7,0.0,6843.519999506143,5492686,11336278,7.099236795120633e7,684.3519999506142,0.008663,0.449124291,2.274242208,5.809453834,42.506239833,0.564282208
tyndp/p2x_80_24_convex_hull_dirac_0.01_economic,643543,80,24,convex_hull,dirac,economic,0.01,6.693450307853962e6,1.120968049130499e7,49689.04996248099,225.5965952210628,1.1822527292763478,80,1.0,1.0,0.0,0.0,0.0125,0,0,19067,6608,OPTIMAL,2.7490422371730227e7,0.0,2.7086220451729976e7,0.0,0.0,1261112,2599151,OPTIMAL,2.7925434310127422e7,0.0,2.7342546994200494e7,0.0,582887.3159301223,5492686,11336278,5.449778365725837e7,58288.73159301219,0.008603792,11.210047125,1.208e-6,4.51851625,19.405261916,0.564282208
tyndp/p2x_80_24_convex_hull_convex_0.01_economic,643543,80,24,convex_hull,convex,economic,0.01,3.884313735986615e6,1.120968049130499e7,49689.04996248099,225.5965952210628,1.1822527292763478,80,1.0,1.0000000000000002,0.0,0.0,0.08962328767123287,597687,3175,19067,6608,OPTIMAL,3.162647713601627e7,0.0,3.1333246895171948e7,0.0,0.0,1261112,2599151,OPTIMAL,2.678415444152486e7,0.0,2.6776554787869226e7,0.0,7599.653658426436,5492686,11336278,5.9970938816787705e7,759.9653658426436,0.0086305,11.542629666,1.973672208,4.742530375,40.142744292,0.564282208
tyndp/p2x_80_24_convex_hull_conical_0.01_economic,643543,80,24,convex_hull,conical,economic,0.01,3.784302652378667e6,1.120968049130499e7,49689.04996248099,225.5965952210628,1.1822527292763478,80,1.004334678861947,1.189635242032065,0.41643835616438357,0.3643835616438356,0.09202054794520548,624829,3391,19067,6608,OPTIMAL,3.2558659662646733e7,0.0,3.226565788512595e7,0.0,0.0,1261112,2599151,OPTIMAL,2.6872510377860762e7,0.0,2.682418096678634e7,0.0,48329.411077349025,5492686,11336278,6.060230167445429e7,4832.941107734901,0.008577,11.827309333,1.21634,4.728490333,38.042525875,0.564282208
tyndp/p2x_80_24_convex_hull_conical_bounded_0.01_economic,643543,80,24,convex_hull,conical_bounded,economic,0.01,3.8562963720821445e6,1.120968049130499e7,49689.04996248099,225.5965952210628,1.1822527292763478,80,0.9795200071160862,1.0000000000000002,0.0,0.5780821917808219,0.08876712328767124,599269,3340,19067,6608,OPTIMAL,3.0306775700698126e7,0.0,3.002783860834739e7,0.0,0.0,1261112,2599151,OPTIMAL,2.6873234219051693e7,0.0,2.686703896326831e7,0.0,6195.255786457119,5492686,11336278,6.32542015291926e7,619.5255786457119,0.008571833,12.138847875,1.796647667,4.745598291,36.093523709,0.564282208
tyndp/p2x_80_24_convex_hull_with_null_dirac_0.01_economic,643543,80,24,convex_hull_with_null,dirac,economic,0.01,6.724195545911489e6,1.1224156824075198e7,49790.18320552744,225.42911275789706,1.184449438644495,80,1.0,1.0,0.0,0.0,0.0125,0,0,19357,6683,OPTIMAL,3.0973072884686194e7,0.0,3.0593915444686104e7,0.0,0.0,1261112,2599151,OPTIMAL,2.7829123458121285e7,0.0,2.729980926610359e7,0.0,529314.1920209167,5492686,11336278,5.4888371655636854e7,52931.41920209159,0.008622,11.598836125,1.0e-6,4.804800625,17.872939625,0.564282208
tyndp/p2x_80_24_convex_hull_with_null_convex_0.01_economic,643543,80,24,convex_hull_with_null,convex,economic,0.01,3.906696095040785e6,1.1224156824075198e7,49790.18320552744,225.42911275789706,1.184449438644495,80,1.0,1.0000000000000002,0.0,0.0,0.09041095890410959,607328,3415,19357,6683,OPTIMAL,3.460076031241691e7,0.0,3.431666581403942e7,0.0,0.0,1261112,2599151,OPTIMAL,2.6775123997312184e7,0.0,2.6768230336115666e7,0.0,6893.661199454384,5492686,11336278,6.077955873092963e7,689.3661199454384,0.008653834,12.089025042,1.696662667,4.723361208,38.4028595,0.564282208
tyndp/p2x_80_24_convex_hull_with_null_conical_0.01_economic,643543,80,24,convex_hull_with_null,conical,economic,0.01,3.776477284632487e6,1.1224156824075198e7,49790.18320552744,225.42911275789706,1.184449438644495,80,0.9945320629309474,1.1956053568316176,0.3643835616438356,0.41643835616438357,0.09226027397260274,639008,3282,19357,6683,OPTIMAL,3.4034351780511975e7,0.0,3.376040965518972e7,0.0,0.0,1261112,2599151,OPTIMAL,2.6850397064564716e7,0.0,2.6827931137938112e7,0.0,22465.926629720645,5492686,11336278,6.140736800112145e7,2246.5926629720643,0.00856775,11.75301425,1.196620667,4.739423292,34.75600225,0.564282208
tyndp/p2x_80_24_convex_hull_with_null_conical_bounded_0.01_economic,643543,80,24,convex_hull_with_null,conical_bounded,economic,0.01,3.844098641903115e6,1.1224156824075198e7,49790.18320552744,225.42911275789706,1.184449438644495,80,0.9728233663665244,1.0000000000000002,0.0,0.5835616438356165,0.08965753424657534,612254,3343,19357,6683,OPTIMAL,3.1712806393788103e7,0.0,3.1442468601701144e7,0.0,0.0,1261112,2599151,OPTIMAL,2.6903432835451405e7,0.0,2.6896718701402865e7,0.0,6714.134051619118,5492686,11336278,6.59895165892794e7,671.4134051619117,0.008846,11.601601209,1.888291792,4.919124542,37.690782709,0.564282208
tyndp/p2x_80_24_conical_hull_dirac_0.01_economic,643543,80,24,conical_hull,dirac,economic,0.01,6.903575359206994e6,9.960900884157468e6,46732.570883325,213.14686300966358,1.2056822901702018,80,1.0,1.0,0.0,0.0,0.0125,0,0,18816,6859,OPTIMAL,2.6558920677402765e7,0.0,2.60752939574027e7,0.0,0.0,1261112,2599151,OPTIMAL,2.7545099350684203e7,0.0,2.746726089972534e7,0.0,77838.45096185483,5492686,11336278,6.0444088188620985e7,7783.845096185478,0.008646208,3.757904666,9.17e-7,4.740801,17.272079,0.564282208
tyndp/p2x_80_24_conical_hull_convex_0.01_economic,643543,80,24,conical_hull,convex,economic,0.01,4.350208126977359e6,9.960900884157468e6,46732.570883325,213.14686300966358,1.2056822901702018,80,1.0,1.0000000000000004,0.0,0.0,0.08589041095890411,525297,3435,18816,6859,OPTIMAL,3.128480730499786e7,0.0,3.101405545571568e7,0.0,0.0,1261112,2599151,OPTIMAL,2.685071850227477e7,0.0,2.6835285702277556e7,0.0,15432.800000057547,5492686,11336278,5.8649980230689414e7,1543.2800000057546,0.00867175,2.319133208,1.865169625,6.083819333,35.346942292,0.564282208
tyndp/p2x_80_24_conical_hull_conical_0.01_economic,643543,80,24,conical_hull,conical,economic,0.01,3.9580774713944388e6,9.960900884157468e6,46732.570883325,213.14686300966358,1.2056822901702018,80,1.064968283410494,1.2727840794393264,0.663013698630137,0.1178082191780822,0.09565068493150684,581545,3357,18816,6859,OPTIMAL,3.77146217482146e7,0.0,3.746716005392784e7,0.0,1.1335613268930327e-8,1261112,2599151,OPTIMAL,2.716957445335946e7,0.0,2.663123017020378e7,0.0,538344.2831586667,5492686,11336278,3.887062960676747e7,53834.428315866535,0.008908542,3.806304542,1.02656475,4.74568125,29.908724375,0.564282208
tyndp/p2x_80_24_conical_hull_conical_bounded_0.01_economic,643543,80,24,conical_hull,conical_bounded,economic,0.01,4.367605205595791e6,9.960900884157468e6,46732.570883325,213.14686300966358,1.2056822901702018,80,0.9930764414998433,1.0000000000000002,0.0,0.4876712328767123,0.08595890410958903,523933,3661,18816,6859,OPTIMAL,3.0864490982421648e7,0.0,3.0604434971306358e7,0.0,0.0,1261112,2599151,OPTIMAL,2.6887019385143947e7,0.0,2.6876003385146867e7,0.0,11016.000000055223,5492686,11336278,6.138768302435955e7,1101.6000000055224,0.008602916,2.363533125,1.90234375,6.036247584,33.321602375,0.564282208
tyndp/p2x_10_24_k_means_dirac_0.01,643543,10,24,k_means,dirac,unscaled,0.01,180.16999613807369,80.87123803501439,1.8795520055197454,43.02686906109383,1.0612355623552372,10,1.0,1.0,0.0,0.0,0.1,0,0,0,0,OPTIMAL,1.3367697765502203e7,0.0,1.3016118233721029e7,0.0,0.0,202712,415081,OPTIMAL,2.78095065636928e7,0.0,2.762046224853162e7,0.0,189044.3151641495,5492686,11336278,5.296766909804193e7,18904.431516414952,0.00867075,0.471385375,1.791e-6,1.231546417,1.937080584,0.564282208
tyndp/p2x_10_24_k_means_convex_0.01,643543,10,24,k_means,convex,unscaled,0.01,172.85474504106108,80.87123803501439,1.8795520055197454,43.02686906109383,1.0612355623552372,10,1.0,1.0000000000000002,0.0,0.0,0.28054794520547943,46816,292,0,0,OPTIMAL,1.3703865529667865e7,0.0,1.3303387136147741e7,0.0,1.0283535767358257e-9,202712,415081,OPTIMAL,2.742868537047552e7,0.0,2.7409112250479165e7,0.0,19573.11999923084,5492686,11336278,6.266838261172678e7,1957.311999923083,0.008690166,0.436107875,0.053294833,1.295160125,2.178293333,0.564282208
tyndp/p2x_10_24_k_means_conical_0.01,643543,10,24,k_means,conical,unscaled,0.01,169.88334604172996,80.87123803501439,1.8795520055197454,43.02686906109383,1.0612355623552372,10,1.0134306366351968,1.2040365099600767,0.6164383561643836,0.3835616438356164,0.28356164383561644,50082,286,0,0,OPTIMAL,1.4193993011787355e7,0.0,1.379690522365438e7,0.0,0.0,202712,415081,OPTIMAL,2.760120030135914e7,0.0,2.7465124378842935e7,0.0,136075.9225191229,5492686,11336278,6.746736082863198e7,13607.592251912287,0.008666083,0.43517025,0.021114292,1.253603833,2.603152791,0.564282208
tyndp/p2x_10_24_k_means_conical_bounded_0.01,643543,10,24,k_means,conical_bounded,unscaled,0.01,171.84063036963818,80.87123803501439,1.8795520055197454,43.02686906109383,1.0612355623552372,10,0.9771843917821595,1.0,0.0,0.4191780821917808,0.2789041095890411,47963,292,0,0,OPTIMAL,1.294371961614313e7,0.0,1.2592501364529224e7,0.0,0.0,202712,415081,OPTIMAL,2.7489081803756528e7,0.0,2.747216884375962e7,0.0,16912.95999986533,5492686,11336278,6.1317620555236146e7,1691.2959999865332,0.0086955,0.420335709,0.073614458,1.264856917,2.118355667,0.564282208
tyndp/p2x_10_24_k_medoids_dirac_0.01,643543,10,24,k_medoids,dirac,unscaled,0.01,228.00744317226275,82.6932543551317,5.507288972535635,15.015237945115224,1.1620505478472807,10,1.0,1.0,0.0,0.0,0.1,0,0,0,0,OPTIMAL,2.452346431936553e7,0.0,2.419374527936557e7,0.0,-2.948180228084713e-10,202712,415081,OPTIMAL,2.801371928871052e7,0.0,2.7773683258234583e7,0.0,240036.03047894285,5492686,11336278,3.846060266355413e7,24003.60304789429,0.008682334,0.435030792,1.541e-6,1.223717208,1.791469167,0.564282208
tyndp/p2x_10_24_k_medoids_convex_0.01,643543,10,24,k_medoids,convex,unscaled,0.01,183.1051320797959,82.6932543551317,5.507288972535635,15.015237945115224,1.1620505478472807,10,1.0,1.0000000000000002,0.0,0.0,0.5213698630136986,44130,210,0,0,OPTIMAL,2.2873945406086065e7,0.0,2.264746649756086e7,0.0,-1.4650178506417545e-8,202712,415081,OPTIMAL,2.7295677988691587e7,0.0,2.727512342869401e7,0.0,20554.560000483565,5492686,11336278,4.786188375531518e7,2055.4560000483625,0.008737917,0.428122958,0.195222375,2.027502041,2.546358333,0.564282208
tyndp/p2x_10_24_k_medoids_conical_0.01,643543,10,24,k_medoids,conical,unscaled,0.01,180.30405880057083,82.6932543551317,5.507288972535635,15.015237945115224,1.1620505478472807,10,0.9902878194733828,1.2193727234783642,0.4712328767123288,0.5013698630136987,0.5287671232876713,45548,196,0,0,OPTIMAL,2.2250747374851648e7,0.0,2.2043674611438e7,0.0,-9.590592059472683e-9,202712,415081,OPTIMAL,2.737837059163459e7,0.0,2.735447430511505e7,0.0,23896.286522475173,5492686,11336278,4.774128718623771e7,2389.628652247526,0.008721375,0.421452833,0.035482458,1.288461875,2.402740666,0.564282208
tyndp/p2x_10_24_k_medoids_conical_bounded_0.01,643543,10,24,k_medoids,conical_bounded,unscaled,0.01,181.48248971459444,82.6932543551317,5.507288972535635,15.015237945115224,1.1620505478472807,10,0.9660879317052237,1.0000000000000002,0.0,0.589041095890411,0.5178082191780822,44730,188,0,0,OPTIMAL,2.139913588973154e7,0.0,2.1215928638095886e7,0.0,2.5337680134549584e-8,202712,415081,OPTIMAL,2.7411436566610448e7,0.0,2.7389061145943925e7,0.0,22375.420669371182,5492686,11336278,4.880333136069099e7,2237.542066937135,0.008699,0.43112125,0.026561083,1.424215833,2.999820417,0.564282208
tyndp/p2x_10_24_hierarchical_dirac_0.01,643543,10,24,hierarchical,dirac,unscaled,0.01,232.34923357299428,81.16485709116606,6.276715074593594,12.931104268170296,1.152199618612045,10,1.0,1.0,0.0,0.0,0.1,0,0,0,0,OPTIMAL,2.895156139968806e7,0.0,2.781084331968814e7,0.0,-2.96329910104925e-10,202712,415081,OPTIMAL,2.7898201005592752e7,0.0,2.7888695085596677e7,0.0,9505.919999105961,5492686,11336278,4.318594659125414e7,950.5919999105961,0.008641791,0.419007125,1.792e-6,1.370376166,2.370799,0.564282208
tyndp/p2x_10_24_hierarchical_convex_0.01,643543,10,24,hierarchical,convex,unscaled,0.01,185.98069201641653,81.16485709116606,6.276715074593594,12.931104268170296,1.152199618612045,10,1.0,1.0000000000000002,0.0,0.0,0.530958904109589,46359,187,0,0,OPTIMAL,2.6489217939083215e7,0.0,2.587902789347517e7,0.0,-2.498057887827628e-8,202712,415081,OPTIMAL,2.758373249135081e7,0.0,2.7572525671883587e7,0.0,11206.819470160332,5492686,11336278,5.464288223367775e7,1120.6819470160349,0.008678042,0.4210515,0.199661709,2.219112125,2.5830655,0.564282208
tyndp/p2x_10_24_hierarchical_conical_0.01,643543,10,24,hierarchical,conical,unscaled,0.01,183.82755762867183,81.16485709116606,6.276715074593594,12.931104268170296,1.152199618612045,10,0.995413604492859,1.1817130638801723,0.4520547945205479,0.5205479452054794,0.5350684931506849,47205,213,0,0,OPTIMAL,2.5562120868803192e7,0.0,2.4989513598796777e7,0.0,9.243756414938398e-10,202712,415081,OPTIMAL,2.7691970092688803e7,0.0,2.7663909468798384e7,0.0,28060.623893398835,5492686,11336278,5.8525484048362575e7,2806.0623893399006,0.008630125,0.416352916,0.189750542,2.059149542,2.935465542,0.564282208
tyndp/p2x_10_24_hierarchical_conical_bounded_0.01,643543,10,24,hierarchical,conical_bounded,unscaled,0.01,184.91087392624354,81.16485709116606,6.276715074593594,12.931104268170296,1.152199618612045,10,0.9709160621332547,1.0000000000000002,0.0,0.6027397260273972,0.5254794520547945,46692,212,0,0,OPTIMAL,2.414650381686893e7,0.0,2.36513880848438e7,0.0,3.762893157239527e-8,202712,415081,OPTIMAL,2.7616744268035445e7,0.0,2.7607630621158827e7,0.0,9113.646879624173,5492686,11336278,5.91959753171163e7,911.3646879624137,0.008687875,0.415378542,0.02801775,1.297852833,2.386971875,0.564282208
tyndp/p2x_10_24_chronological_dirac_0.01,643543,10,24,chronological,dirac,unscaled,0.01,244.2474176341264,82.09067572668776,5.552666760620292,14.78400906549583,1.129549980551663,10,1.0,1.0,0.0,0.0,0.1,0,0,0,0,OPTIMAL,2.1763481303622503e7,0.0,2.0836076503622666e7,0.0,0.0,202712,415081,OPTIMAL,2.8401360456880108e7,0.0,2.838215748545391e7,0.0,19202.971429436388,5492686,11336278,4.978820853382946e7,1920.2971429436384,0.009007125,0.429204042,1.125e-6,2.24288375,1.12053175,0.564282208
tyndp/p2x_10_24_chronological_convex_0.01,643543,10,24,chronological,convex,unscaled,0.01,194.11233909088898,82.09067572668776,5.552666760620292,14.78400906549583,1.129549980551663,10,1.0,1.0000000000000002,0.0,0.0,0.5389041095890411,50271,212,0,0,OPTIMAL,2.1023962829478793e7,0.0,2.0477310344800465e7,0.0,4.01751112457077e-8,202712,415081,OPTIMAL,2.7778731388457403e7,0.0,2.7764553872344904e7,0.0,14177.516115769151,5492686,11336278,4.379100516733175e7,1417.7516115769097,0.008670167,0.42364175,0.205651083,2.0560045,2.554418875,0.564282208
tyndp/p2x_10_24_chronological_conical_0.01,643543,10,24,chronological,conical,unscaled,0.01,191.40788170584466,82.09067572668776,5.552666760620292,14.78400906549583,1.129549980551663,10,0.9827331697131926,1.1658657305870366,0.40821917808219177,0.5643835616438356,0.5389041095890411,51494,213,0,0,OPTIMAL,1.984778366276448e7,0.0,1.9459506088316888e7,0.0,-3.38158430896311e-8,202712,415081,OPTIMAL,2.8120375931784503e7,0.0,2.810698313178794e7,0.0,13392.800000029572,5492686,11336278,6.954445346441212e7,1339.280000002949,0.008641542,0.40890075,0.037393375,1.306258458,2.261755416,0.564282208
tyndp/p2x_10_24_chronological_conical_bounded_0.01,643543,10,24,chronological,conical_bounded,unscaled,0.01,192.25392466489538,82.09067572668776,5.552666760620292,14.78400906549583,1.129549980551663,10,0.960318317651331,1.0,0.0,0.6493150684931507,0.5287671232876713,51136,219,0,0,OPTIMAL,1.889759685488369e7,0.0,1.8552848204895884e7,0.0,-2.3232789231164168e-8,202712,415081,OPTIMAL,2.7874279296720788e7,0.0,2.7860295776723236e7,0.0,13983.520001025414,5492686,11336278,3.790521707433138e7,1398.3520001025408,0.008645542,0.43553775,0.02811575,2.025966791,2.523602375,0.564282208
tyndp/p2x_10_24_convex_hull_dirac_0.01,643543,10,24,convex_hull,dirac,unscaled,0.01,246.84362773420847,84.6055468356954,7.552087092183788,11.20293579813982,1.2181178042683267,10,1.0,1.0,0.0,0.0,0.1,0,0,729,2511,OPTIMAL,4.324906790160361e7,0.0,4.161224102160354e7,0.0,2.943835724359271e-10,202712,415081,OPTIMAL,2.9158228710567236e7,0.0,2.7961660457326695e7,0.0,1.196568253243996e6,5492686,11336278,5.121483435005428e7,119656.8253243996,0.008657458,1.915143375,1.333e-6,1.249137,1.814206291,0.564282208
tyndp/p2x_10_24_convex_hull_convex_0.01,643543,10,24,convex_hull,convex,unscaled,0.01,178.32189621886133,84.6055468356954,7.552087092183788,11.20293579813982,1.2181178042683267,10,1.0,1.0000000000000002,0.0,0.0,0.5756164383561644,39082,180,729,2511,OPTIMAL,5.486457911551992e7,0.0,5.383571581421505e7,0.0,-5.509528784820558e-8,202712,415081,OPTIMAL,2.7343872409566738e7,0.0,2.7321392253231514e7,0.0,22480.1563382819,5492686,11336278,6.0239650403394096e7,2248.015633828195,0.008633291,0.63709525,0.024004625,1.353462916,2.384398542,0.564282208
tyndp/p2x_10_24_convex_hull_conical_0.01,643543,10,24,convex_hull,conical,unscaled,0.01,175.63663920613223,84.6055468356954,7.552087092183788,11.20293579813982,1.2181178042683267,10,0.9773603909877067,1.130036888817422,0.37534246575342467,0.5972602739726027,0.5780821917808219,39456,165,729,2511,OPTIMAL,5.18196031087158e7,0.0,5.082116445741473e7,0.0,-3.384273268668298e-8,202712,415081,OPTIMAL,2.746230739595121e7,0.0,2.7437107294241983e7,0.0,25200.101712534575,5492686,11336278,6.270882662051469e7,2520.010171253457,0.008670166,0.672343875,0.019010834,1.373471583,2.384456167,0.564282208
tyndp/p2x_10_24_convex_hull_conical_bounded_0.01,643543,10,24,convex_hull,conical_bounded,unscaled,0.01,176.35416239810044,84.6055468356954,7.552087092183788,11.20293579813982,1.2181178042683267,10,0.9588674792413466,1.0,0.0,0.673972602739726,0.5663013698630137,39331,180,729,2511,OPTIMAL,4.926946744445881e7,0.0,4.8315719824603334e7,0.0,-7.735564581368889e-9,202712,415081,OPTIMAL,2.7392854564442683e7,0.0,2.7384328729507733e7,0.0,8525.83493807634,5492686,11336278,1.0847874415953237e8,852.5834938076288,0.00868675,0.661409958,0.025484375,1.30441075,2.620180167,0.564282208
tyndp/p2x_10_24_convex_hull_with_null_dirac_0.01,643543,10,24,convex_hull_with_null,dirac,unscaled,0.01,270.00111587539874,90.00293226212214,7.409413931286609,12.147105438674496,1.196796878854528,10,1.0,1.0,0.0,0.0,0.1,0,0,765,2840,OPTIMAL,5.409894607661405e7,0.0,5.270448735661389e7,0.0,0.0,202712,415081,OPTIMAL,4.158614003045696e7,0.0,2.863143110464515e7,0.0,1.2954708925815433e7,5492686,11336278,6.579419031377773e7,1.2954708925815413e6,0.008965542,1.71512725,9.59e-7,1.423778417,1.678279792,0.564282208
tyndp/p2x_10_24_convex_hull_with_null_convex_0.01,643543,10,24,convex_hull_with_null,convex,unscaled,0.01,195.80679958906566,90.00293226212214,7.409413931286609,12.147105438674496,1.196796878854528,10,1.0,1.0000000000000002,0.0,0.0,0.575068493150685,41829,175,765,2840,OPTIMAL,6.514320795144086e7,0.0,6.379492698422352e7,0.0,2.0338718464044927e-9,202712,415081,OPTIMAL,2.7489142924139466e7,0.0,2.7464747724142067e7,0.0,24395.200000364457,5492686,11336278,5.968099590813381e7,2439.5200000364375,0.009026333,1.741592042,0.211352292,1.302755417,2.347226416,0.564282208
tyndp/p2x_10_24_convex_hull_with_null_conical_0.01,643543,10,24,convex_hull_with_null,conical,unscaled,0.01,184.4559284107476,90.00293226212214,7.409413931286609,12.147105438674496,1.196796878854528,10,0.9122151871781479,1.1182589396184421,0.21643835616438356,0.7561643835616438,0.5665753424657535,42181,167,765,2840,OPTIMAL,5.0583508791265294e7,0.0,4.98087031316962e7,0.0,4.813372076423536e-8,202712,415081,OPTIMAL,2.764644295169195e7,0.0,2.7635783751695316e7,0.0,10659.200000038285,5492686,11336278,6.445709806582847e7,1065.9200000038413,0.008629417,0.654713667,0.031798292,1.294404083,2.524083834,0.564282208
tyndp/p2x_10_24_convex_hull_with_null_conical_bounded_0.01,643543,10,24,convex_hull_with_null,conical_bounded,unscaled,0.01,184.85243805948198,90.00293226212214,7.409413931286609,12.147105438674496,1.196796878854528,10,0.9028400142383413,1.0,0.0,0.7917808219178082,0.5616438356164384,41911,179,765,2840,OPTIMAL,4.919847734900436e7,0.0,4.8442904377759814e7,0.0,6.396844132505541e-8,202712,415081,OPTIMAL,2.7596582137307197e7,0.0,2.758592293730864e7,0.0,10659.200001832622,5492686,11336278,6.415606609027734e7,1065.9200001832617,0.008684375,1.731059417,0.02465625,1.466400084,2.41452225,0.564282208
tyndp/p2x_10_24_conical_hull_dirac_0.01,643543,10,24,conical_hull,dirac,unscaled,0.01,250.70407935449373,74.71645331922672,7.791956176113053,9.588921142585063,1.2358250366797774,10,1.0,1.0,0.0,0.0,0.1,0,0,670,2570,OPTIMAL,4.296830951364195e7,0.0,4.258742119364201e7,0.0,0.0,202712,415081,OPTIMAL,2.781235249471073e7,0.0,2.7795962574717373e7,0.0,16389.91999676248,5492686,11336278,2.9745319846806243e7,1638.9919996762478,0.008660167,1.700567792,1.084e-6,1.406436416,1.506351416,0.564282208
tyndp/p2x_10_24_conical_hull_convex_0.01,643543,10,24,conical_hull,convex,unscaled,0.01,190.083806692222,74.71645331922672,7.791956176113053,9.588921142585063,1.2358250366797774,10,1.0,1.0000000000000002,0.0,0.0,0.5473972602739726,34211,153,670,2570,OPTIMAL,4.5395959197858155e7,0.0,4.5318343857638e7,0.0,0.0,202712,415081,OPTIMAL,2.7356174480853345e7,0.0,2.7346945672102712e7,0.0,9228.808753708267,5492686,11336278,3.593428946410736e7,922.8808753708267,0.008715083,0.599023,0.040221625,1.2980995,2.474830042,0.564282208
tyndp/p2x_10_24_conical_hull_conical_0.01,643543,10,24,conical_hull,conical,unscaled,0.01,184.7244621734215,74.71645331922672,7.791956176113053,9.588921142585063,1.2358250366797774,10,1.064506917158891,1.3205949876906902,0.7616438356164383,0.21095890410958903,0.5778082191780822,36016,141,670,2570,OPTIMAL,5.136157029500527e7,0.0,5.124735589639047e7,0.0,-4.524687783245467e-9,202712,415081,OPTIMAL,2.739706257692857e7,0.0,2.736404230864866e7,0.0,33020.26828291198,5492686,11336278,3.733596283394908e7,3302.0268282911934,0.008677125,0.647503959,0.01880475,1.383883917,2.403458375,0.564282208
tyndp/p2x_10_24_conical_hull_conical_bounded_0.01,643543,10,24,conical_hull,conical_bounded,unscaled,0.01,189.82583149761552,74.71645331922672,7.791956176113053,9.588921142585063,1.2358250366797774,10,0.9892458940700105,1.0000000000000002,0.0,0.3424657534246575,0.5430136986301369,34124,153,670,2570,OPTIMAL,4.460634189053594e7,0.0,4.453137539452785e7,0.0,0.0,202712,415081,OPTIMAL,2.7409895370936956e7,0.0,2.7402704322145086e7,0.0,7191.048794841963,5492686,11336278,4.317835253861449e7,719.1048794841963,0.00869175,1.8510155,0.022329875,1.281369667,2.443057375,0.564282208
tyndp/p2x_20_24_k_means_dirac_0.01,643543,20,24,k_means,dirac,unscaled,0.01,169.1364517640271,115.2338289377689,1.5727913536165221,73.26707936993479,1.0792582967648696,20,1.0,1.0,0.0,0.0,0.05,0,0,0,0,OPTIMAL,1.5990170409053788e7,0.0,1.5759902922374507e7,0.0,0.0,353912,727091,OPTIMAL,2.735462322039452e7,0.0,2.7224766213625427e7,0.0,129857.0067719528,5492686,11336278,3.7988796518292405e7,12985.700677195284,0.008689291,0.473512167,1.625e-6,2.560374875,4.232759542,0.564282208
tyndp/p2x_20_24_k_means_convex_0.01,643543,20,24,k_means,convex,unscaled,0.01,160.54821084967708,115.2338289377689,1.5727913536165221,73.26707936993479,1.0792582967648696,20,1.0,1.0000000000000002,0.0,0.0,0.17205479452054795,78588,518,0,0,OPTIMAL,1.6562144123852588e7,0.0,1.6292321332599469e7,0.0,1.754210871267675e-8,353912,727091,OPTIMAL,2.7168837039280094e7,0.0,2.7142643439281862e7,0.0,26193.60000127119,5492686,11336278,5.066499363319252e7,2619.360000127122,0.008649459,0.444733125,0.081921333,1.749328416,5.381115667,0.564282208
tyndp/p2x_20_24_k_means_conical_0.01,643543,20,24,k_means,conical,unscaled,0.01,157.7073358562377,115.2338289377689,1.5727913536165221,73.26707936993479,1.0792582967648696,20,1.0151385097091776,1.2151277925064765,0.6164383561643836,0.3835616438356164,0.17589041095890412,81786,448,0,0,OPTIMAL,1.679313586783615e7,0.0,1.6545109649561685e7,0.0,6.644934308795248e-10,353912,727091,OPTIMAL,2.8210223833276108e7,0.0,2.7148948410778757e7,0.0,1.061275422500319e6,5492686,11336278,4.180565354023718e7,106127.54225003204,0.008723625,0.446403833,0.223569167,2.773052791,4.793426042,0.564282208
tyndp/p2x_20_24_k_means_conical_bounded_0.01,643543,20,24,k_means,conical_bounded,unscaled,0.01,159.75143665204232,115.2338289377689,1.5727913536165221,73.26707936993479,1.0792582967648696,20,0.980303175932107,1.0000000000000002,0.0,0.4602739726027397,0.17013698630136986,79083,494,0,0,OPTIMAL,1.5586778201113533e7,0.0,1.5378619651494505e7,0.0,2.884733402326154e-9,353912,727091,OPTIMAL,2.7164072079404544e7,0.0,2.7141917679407947e7,0.0,22154.39999965459,5492686,11336278,4.716816814889783e7,2215.439999965459,0.012023041,0.444853542,0.111632,1.789609542,5.525654542,0.564282208
tyndp/p2x_20_24_k_medoids_dirac_0.01,643543,20,24,k_medoids,dirac,unscaled,0.01,215.32892724376603,116.1109431669816,4.6464093767833745,24.989391539013102,1.172228604553527,20,1.0,1.0,0.0,0.0,0.05,0,0,0,0,OPTIMAL,2.7066489952955436e7,0.0,2.648298531295535e7,0.0,0.0,353912,727091,OPTIMAL,2.799654784305483e7,0.0,2.7727862618903827e7,0.0,268685.2241541561,5492686,11336278,4.342848626060092e7,26868.52241541561,0.008706625,0.453575833,1.958e-6,2.755020458,3.598447333,0.564282208
tyndp/p2x_20_24_k_medoids_convex_0.01,643543,20,24,k_medoids,convex,unscaled,0.01,167.45624400315074,116.1109431669816,4.6464093767833745,24.989391539013102,1.172228604553527,20,1.0,1.0000000000000004,0.0,0.0,0.3317808219178082,72196,334,0,0,OPTIMAL,2.7908900191359546e7,0.0,2.760110415388957e7,0.0,-1.1489993435881568e-8,353912,727091,OPTIMAL,2.7333668648662478e7,0.0,2.731542288866573e7,0.0,18245.759999753885,5492686,11336278,4.4341370730902985e7,1824.5759999754039,0.008699875,0.471563667,0.073013916,2.757653041,4.742190791,0.564282208
tyndp/p2x_20_24_k_medoids_conical_0.01,643543,20,24,k_medoids,conical,unscaled,0.01,164.7925446350239,116.1109431669816,4.6464093767833745,24.989391539013102,1.172228604553527,20,0.9972226640907945,1.1707870988324662,0.4876712328767123,0.4575342465753425,0.3356164383561644,72478,316,0,0,OPTIMAL,2.7344449947647944e7,0.0,2.709127937141114e7,0.0,-2.9089779813428687e-9,353912,727091,OPTIMAL,2.735734448568517e7,0.0,2.732665433677135e7,0.0,30690.148916922044,5492686,11336278,3.874923505141331e7,3069.0148916921958,0.0086985,0.434981917,0.08269,1.740613375,4.937051375,0.564282208
tyndp/p2x_20_24_k_medoids_conical_bounded_0.01,643543,20,24,k_medoids,conical_bounded,unscaled,0.01,166.1777893625103,116.1109431669816,4.6464093767833745,24.989391539013102,1.172228604553527,20,0.969998988836316,1.0000000000000002,0.0,0.6109589041095891,0.32602739726027397,71292,360,0,0,OPTIMAL,2.5651990000906266e7,0.0,2.5455646274819177e7,0.0,3.882161639729682e-9,353912,727091,OPTIMAL,2.7354994259549983e7,0.0,2.733981665955321e7,0.0,15177.59999981822,5492686,11336278,4.442562197956908e7,1517.7599999818183,0.008684916,0.44065775,0.2303575,2.815579958,4.466041708,0.564282208
tyndp/p2x_20_24_hierarchical_dirac_0.01,643543,20,24,hierarchical,dirac,unscaled,0.01,217.79308045703442,116.30998045730809,4.73825987183036,24.546982141859235,1.1731531989512196,20,1.0,1.0,0.0,0.0,0.05,0,0,0,0,OPTIMAL,3.391487981990349e7,0.0,3.3701097099903055e7,0.0,0.0,353912,727091,OPTIMAL,2.837791098898048e7,0.0,2.7951270179087624e7,0.0,426640.809895826,5492686,11336278,6.149236784594335e7,42664.08098958268,0.008641,0.4449045,1.208e-6,2.595879792,3.859792208,0.564282208
tyndp/p2x_20_24_hierarchical_convex_0.01,643543,20,24,hierarchical,convex,unscaled,0.01,164.58221245419202,116.30998045730809,4.73825987183036,24.546982141859235,1.1731531989512196,20,1.0,1.0000000000000002,0.0,0.0,0.3265753424657534,73490,305,0,0,OPTIMAL,3.369576241015133e7,0.0,3.359491965834058e7,0.0,0.0,353912,727091,OPTIMAL,2.7234088829889387e7,0.0,2.7219785150840156e7,0.0,14303.679052184469,5492686,11336278,6.369037015306493e7,1430.3679052184466,0.008645416,0.457046667,0.053918333,1.803991667,5.836317791,0.564282208
tyndp/p2x_20_24_hierarchical_conical_0.01,643543,20,24,hierarchical,conical,unscaled,0.01,162.3860675953647,116.30998045730809,4.73825987183036,24.546982141859235,1.1731531989512196,20,1.0031503950483065,1.2248669582419554,0.5232876712328767,0.42191780821917807,0.3310958904109589,74177,339,0,0,OPTIMAL,3.384903177729155e7,0.0,3.375738379456491e7,0.0,-4.129822113642357e-9,353912,727091,OPTIMAL,2.707989527095747e7,0.0,2.7060844882054333e7,0.0,19050.38890616525,5492686,11336278,9.788709479344611e7,1905.0388906165326,0.008675458,0.43610725,0.218291167,2.855554167,4.4340795,0.564282208
tyndp/p2x_20_24_hierarchical_conical_bounded_0.01,643543,20,24,hierarchical,conical_bounded,unscaled,0.01,163.6964256643763,116.30998045730809,4.73825987183036,24.546982141859235,1.1731531989512196,20,0.9743892740047047,1.0000000000000002,0.0,0.6438356164383562,0.32109589041095893,73261,313,0,0,OPTIMAL,3.181161033954765e7,0.0,3.1727035518618356e7,0.0,12306.91780017504,353912,727091,OPTIMAL,2.7098080831918675e7,0.0,2.7086042111921433e7,0.0,12038.720000037634,5492686,11336278,4.348709549521655e7,1203.8720000037633,0.008846292,0.443135584,0.0718405,1.8215825,4.216246583,0.564282208
tyndp/p2x_20_24_chronological_dirac_0.01,643543,20,24,chronological,dirac,unscaled,0.01,230.88937115845934,115.68808488377859,4.7107410301761705,24.558362292195913,1.15143616196879,20,1.0,1.0,0.0,0.0,0.05,0,0,0,0,OPTIMAL,1.9996107587137207e7,0.0,1.9459439427137412e7,0.0,0.0,353912,727091,OPTIMAL,3.072046306889035e7,0.0,2.854362792352575e7,0.0,2.1768351453679968e6,5492686,11336278,6.736351434672908e7,217683.5145367991,0.008703875,0.421253375,1.0e-6,1.7358645,2.500068084,0.564282208
tyndp/p2x_20_24_chronological_convex_0.01,643543,20,24,chronological,convex,unscaled,0.01,172.4697893862703,115.68808488377859,4.7107410301761705,24.558362292195913,1.15143616196879,20,1.0,1.0000000000000002,0.0,0.0,0.32972602739726026,75529,320,0,0,OPTIMAL,2.0983861749825194e7,0.0,2.0722999411290612e7,0.0,-1.7112334661711483e-9,353912,727091,OPTIMAL,2.7447032641579702e7,0.0,2.7429823201583795e7,0.0,17209.439999174992,5492686,11336278,4.954433622653196e7,1720.9439999174995,0.008617708,0.428077959,0.07806725,1.809833708,4.309895875,0.564282208
tyndp/p2x_20_24_chronological_conical_0.01,643543,20,24,chronological,conical,unscaled,0.01,170.02756197678775,115.68808488377859,4.7107410301761705,24.558362292195913,1.15143616196879,20,1.001787687691523,1.245694774069031,0.4849315068493151,0.4602739726027397,0.33452054794520547,76025,337,0,0,OPTIMAL,2.1026419347899467e7,0.0,2.0778368669781167e7,0.0,-5.5422471124025255e-9,353912,727091,OPTIMAL,2.742192401041528e7,0.0,2.740549221428532e7,0.0,16431.79613316647,5492686,11336278,4.9353647683468014e7,1643.179613316639,0.008690417,0.425263167,0.035047459,2.839328917,4.581729917,0.564282208
tyndp/p2x_20_24_chronological_conical_bounded_0.01,643543,20,24,chronological,conical_bounded,unscaled,0.01,171.42292726534902,115.68808488377859,4.7107410301761705,24.558362292195913,1.15143616196879,20,0.9718645434957074,1.0000000000000002,0.0,0.6273972602739726,0.3234246575342466,75108,341,0,0,OPTIMAL,2.0334118500877123e7,0.0,2.0140634943645824e7,0.0,-3.1369684761783313e-9,353912,727091,OPTIMAL,2.753226541535344e7,0.0,2.751427654090991e7,0.0,17988.874446785427,5492686,11336278,4.900298178345243e7,1798.8874446785333,0.008746,0.415483667,0.101558709,3.04647925,4.374517,0.564282208
tyndp/p2x_20_24_convex_hull_dirac_0.01,643543,20,24,convex_hull,dirac,unscaled,0.01,234.794646357176,122.24183682195269,5.794860306577624,21.0948720684774,1.2081416550674675,20,1.0,1.0,0.0,0.0,0.05,0,0,2842,3903,OPTIMAL,3.685191806683798e7,0.0,3.592576414683805e7,0.0,0.0,353912,727091,OPTIMAL,2.8498529021837357e7,0.0,2.8181898865293764e7,0.0,316630.15654703986,5492686,11336278,8.099854240069932e7,31663.01565470404,0.008662416,0.86731625,1.625e-6,1.821555958,4.799919583,0.564282208
tyndp/p2x_20_24_convex_hull_convex_0.01,643543,20,24,convex_hull,convex,unscaled,0.01,165.0247890976292,122.24183682195269,5.794860306577624,21.0948720684774,1.2081416550674675,20,1.0,1.0000000000000002,0.0,0.0,0.35191780821917806,65904,306,2842,3903,OPTIMAL,5.262976227136305e7,0.0,5.207502773913011e7,0.0,3.190870465530844e-8,353912,727091,OPTIMAL,2.714848413042986e7,0.0,2.7127393250433348e7,0.0,21090.879999565994,5492686,11336278,5.726319391927686e7,2109.0879999565977,0.008579208,0.856417875,0.067047833,1.755165666,5.562782458,0.564282208
tyndp/p2x_20_24_convex_hull_conical_0.01,643543,20,24,convex_hull,conical,unscaled,0.01,162.34285930298051,122.24183682195269,5.794860306577624,21.0948720684774,1.2081416550674675,20,0.9785957273978437,1.1550704680602062,0.3643835616438356,0.5808219178082191,0.3612328767123288,67170,288,2842,3903,OPTIMAL,5.0187148278486945e7,0.0,4.965162967543023e7,0.0,-1.8263526097887804e-8,353912,727091,OPTIMAL,2.7126986676069085e7,0.0,2.7105895796071403e7,0.0,21090.88000085595,5492686,11336278,4.7020396444348976e7,2109.088000085593,0.008715208,0.860019166,0.047206708,2.017190916,5.746020417,0.564282208
tyndp/p2x_20_24_convex_hull_conical_bounded_0.01,643543,20,24,convex_hull,conical_bounded,unscaled,0.01,163.1507435693042,122.24183682195269,5.794860306577624,21.0948720684774,1.2081416550674675,20,0.9604363918631337,1.0000000000000002,0.0,0.7178082191780822,0.35232876712328765,66823,274,2842,3903,OPTIMAL,4.813665865152229e7,0.0,4.7625062152329944e7,0.0,3.8542407656200435e-9,353912,727091,OPTIMAL,2.72454283357904e7,0.0,2.7224337455793533e7,0.0,21090.88000014765,5492686,11336278,6.307051285625801e7,2109.0880000147663,0.008728625,2.135401375,0.064360792,1.771366708,4.976751209,0.564282208
tyndp/p2x_20_24_convex_hull_with_null_dirac_0.01,643543,20,24,convex_hull_with_null,dirac,unscaled,0.01,235.4895348289904,122.2740717366647,6.249486490580302,19.565459005466355,1.2060994757889825,20,1.0,1.0,0.0,0.0,0.05,0,0,2548,4562,OPTIMAL,2.4192308923612695e7,0.0,2.363746156361263e7,0.0,0.0,353912,727091,OPTIMAL,3.047530581937418e7,0.0,2.7631660598764423e7,0.0,2.843645220613056e6,5492686,11336278,4.1761414873857416e7,284364.5220613049,0.008650166,2.194081709,1.209e-6,1.683916958,3.921301708,0.564282208
tyndp/p2x_20_24_convex_hull_with_null_convex_0.01,643543,20,24,convex_hull_with_null,convex,unscaled,0.01,167.01879368811618,122.2740717366647,6.249486490580302,19.565459005466355,1.2060994757889825,20,1.0,1.0000000000000002,0.0,0.0,0.353972602739726,65192,276,2548,4562,OPTIMAL,3.45912011791235e7,0.0,3.400564314832972e7,0.0,-5.510716373612576e-9,353912,727091,OPTIMAL,2.7084500921263825e7,0.0,2.7067647801267534e7,0.0,16853.11999941417,5492686,11336278,4.891540230450732e7,1685.3119999414166,0.008688709,0.935156,0.07245675,1.77366525,5.550547459,0.564282208
tyndp/p2x_20_24_convex_hull_with_null_conical_0.01,643543,20,24,convex_hull_with_null,conical,unscaled,0.01,161.50745773531398,122.2740717366647,6.249486490580302,19.565459005466355,1.2060994757889825,20,0.9612263560774529,1.1458348783050645,0.3315068493150685,0.6136986301369863,0.35383561643835615,65022,266,2548,4562,OPTIMAL,3.2527128417509712e7,0.0,3.2172508781087995e7,0.0,7.011750625376988e-8,353912,727091,OPTIMAL,2.728211274942605e7,0.0,2.7263872429428864e7,0.0,18240.320000540632,5492686,11336278,5.385338272015669e7,1824.0320000540682,0.00868075,0.919087917,0.0416185,2.076697875,5.362861834,0.564282208
tyndp/p2x_20_24_convex_hull_with_null_conical_bounded_0.01,643543,20,24,convex_hull_with_null,conical_bounded,unscaled,0.01,162.43113544769255,122.2740717366647,6.249486490580302,19.565459005466355,1.2060994757889825,20,0.9437215856971429,1.0000000000000002,0.0,0.7534246575342466,0.34506849315068494,65260,285,2548,4562,OPTIMAL,3.099697986568017e7,0.0,3.0665341610582594e7,0.0,-3.594716249190174e-8,353912,727091,OPTIMAL,2.7285145654390123e7,0.0,2.7266905334393047e7,0.0,18240.32000036488,5492686,11336278,5.762992627459903e7,1824.0320000364854,0.009027417,2.163331,0.080273833,1.812604834,4.864032792,0.564282208
tyndp/p2x_20_24_conical_hull_dirac_0.01,643543,20,24,conical_hull,dirac,unscaled,0.01,232.87849358832202,105.15492075598438,5.6092313366626625,18.7467612663215,1.2444777884470208,20,1.0,1.0,0.0,0.0,0.05,0,0,2555,4190,OPTIMAL,3.528970066370902e7,0.0,3.496687570370887e7,0.0,0.0,353912,727091,OPTIMAL,2.7720876408207826e7,0.0,2.7698387928208552e7,0.0,22488.480002901495,5492686,11336278,3.91627392204153e7,2248.8480002901497,0.008688291,2.030891209,1.292e-6,1.654976833,4.116407791,0.564282208
tyndp/p2x_20_24_conical_hull_convex_0.01,643543,20,24,conical_hull,convex,unscaled,0.01,171.35077163920687,105.15492075598438,5.6092313366626625,18.7467612663215,1.2444777884470208,20,1.0,1.0000000000000002,0.0,0.0,0.3441095890410959,57631,277,2555,4190,OPTIMAL,4.223700498047169e7,0.0,4.2087836776650496e7,0.0,-9.113166303325584e-10,353912,727091,OPTIMAL,2.7122542932876654e7,0.0,2.7106256813622564e7,0.0,16286.119257108332,5492686,11336278,4.275680763511795e7,1628.61192571083,0.008697167,0.772860292,0.056705667,1.838644667,5.311929709,0.564282208
tyndp/p2x_20_24_conical_hull_conical_0.01,643543,20,24,conical_hull,conical,unscaled,0.01,163.44984444053466,105.15492075598438,5.6092313366626625,18.7467612663215,1.2444777884470208,20,1.0795599204320854,1.3061260100764416,0.7917808219178082,0.15342465753424658,0.3747945205479452,60066,285,2555,4190,OPTIMAL,4.494029734869551e7,0.0,4.471781118783127e7,0.0,0.0,353912,727091,OPTIMAL,2.711900685773116e7,0.0,2.7105338774084687e7,0.0,13668.083649644817,5492686,11336278,3.296812654044748e7,1366.8083649644818,0.00865575,0.771388208,0.041315666,1.910977583,7.298754459,0.564282208
tyndp/p2x_20_24_conical_hull_conical_bounded_0.01,643543,20,24,conical_hull,conical_bounded,unscaled,0.01,171.36052074434926,105.15492075598438,5.6092313366626625,18.7467612663215,1.2444777884470208,20,0.9912563215358642,1.0000000000000002,0.0,0.4438356164383562,0.34342465753424656,57877,277,2555,4190,OPTIMAL,4.188100035657366e7,0.0,4.17457746082674e7,0.0,0.0,353912,727091,OPTIMAL,2.7241896093869153e7,0.0,2.7228001334615547e7,0.0,13894.759256672674,5492686,11336278,5.001587798036597e7,1389.4759256672676,0.008702708,0.784875708,0.059661833,1.889612958,5.923768416,0.564282208
tyndp/p2x_40_24_k_means_dirac_0.01,643543,40,24,k_means,dirac,unscaled,0.01,157.5839211528593,163.5713950378063,1.23726979635521,132.20349799183677,1.09718342993775,40,1.0,1.0,0.0,0.0,0.025,0,0,0,0,OPTIMAL,1.705751036368757e7,0.0,1.691220405060027e7,0.0,0.0,656312,1351111,OPTIMAL,2.7518198686130524e7,0.0,2.744636398738521e7,0.0,71834.69874816829,5492686,11336278,6.4092052186169624e7,7183.469874816828,0.009054291,0.4623905,2.709e-6,2.6877775,9.803751792,0.564282208
tyndp/p2x_40_24_k_means_convex_0.01,643543,40,24,k_means,convex,unscaled,0.01,147.74006088766194,163.5713950378063,1.23726979635521,132.20349799183677,1.09718342993775,40,1.0,1.0000000000000002,0.0,0.0,0.10452054794520547,120468,716,0,0,OPTIMAL,1.7438878752115417e7,0.0,1.730447272559705e7,0.0,0.0,656312,1351111,OPTIMAL,2.6880200451555446e7,0.0,2.686129910616109e7,0.0,18901.345397331308,5492686,11336278,4.165180318200582e7,1890.1345397331277,0.008694125,0.453334208,0.382441042,3.819339875,13.02365925,0.564282208
tyndp/p2x_40_24_k_means_conical_0.01,643543,40,24,k_means,conical,unscaled,0.01,145.502919345077,163.5713950378063,1.23726979635521,132.20349799183677,1.09718342993775,40,1.0144829311985322,1.1905430970966175,0.6328767123287671,0.36712328767123287,0.10719178082191781,125781,745,0,0,OPTIMAL,1.771104406555053e7,0.0,1.757577729586165e7,0.0,0.0,656312,1351111,OPTIMAL,2.7972803440897815e7,0.0,2.7175048923652444e7,0.0,797754.5172482622,5492686,11336278,6.596524198162936e7,79775.45172482624,0.008653459,0.461874833,0.12576275,3.846148667,17.253890625,0.564282208
tyndp/p2x_40_24_k_means_conical_bounded_0.01,643543,40,24,k_means,conical_bounded,unscaled,0.01,147.2291662676192,163.5713950378063,1.23726979635521,132.20349799183677,1.09718342993775,40,0.9834120397361447,1.0000000000000002,0.0,0.5178082191780822,0.10308219178082192,120160,693,0,0,OPTIMAL,1.6639671985805355e7,0.0,1.653025103242381e7,0.0,0.0,656312,1351111,OPTIMAL,2.723803915414255e7,0.0,2.7221773816891864e7,0.0,16265.337253648691,5492686,11336278,6.933397570624861e7,1626.533725364869,0.008940875,0.448326959,0.202870125,3.785629666,18.380358542,0.564282208
tyndp/p2x_40_24_k_medoids_dirac_0.01,643543,40,24,k_medoids,dirac,unscaled,0.01,203.80935336719259,165.23093155495724,2.9306433927684234,56.38042894016946,1.1784511788092442,40,1.0,1.0,0.0,0.0,0.025,0,0,0,0,OPTIMAL,2.6292529738573417e7,0.0,2.587236845857304e7,0.0,0.0,656312,1351111,OPTIMAL,2.754677102650925e7,0.0,2.7469570382600594e7,0.0,77200.64391214734,5492686,11336278,4.2034432165139414e7,7720.0643912147325,0.008835916,0.442695042,1.625e-6,3.9006985,8.972185625,0.564282208
tyndp/p2x_40_24_k_medoids_convex_0.01,643543,40,24,k_medoids,convex,unscaled,0.01,151.82612578788752,165.23093155495724,2.9306433927684234,56.38042894016946,1.1784511788092442,40,1.0,1.0000000000000002,0.0,0.0,0.19376712328767123,110453,543,0,0,OPTIMAL,2.5751446657449324e7,0.0,2.5633080329006642e7,0.0,1.6809220169250728e-8,656312,1351111,OPTIMAL,2.7166441022813164e7,0.0,2.7150893982815705e7,0.0,15547.040000459225,5492686,11336278,4.5846789881458186e7,1554.7040000459237,0.008662834,0.429035,0.20092275,3.77969525,10.205301042,0.564282208
tyndp/p2x_40_24_k_medoids_conical_0.01,643543,40,24,k_medoids,conical,unscaled,0.01,149.84342721449786,165.23093155495724,2.9306433927684234,56.38042894016946,1.1784511788092442,40,0.9964922330431265,1.165223520364013,0.46301369863013697,0.4273972602739726,0.1967808219178082,110947,518,0,0,OPTIMAL,2.5443305032450274e7,0.0,2.5350228397331182e7,0.0,0.0,656312,1351111,OPTIMAL,2.7232978141808126e7,0.0,2.7168776700666033e7,0.0,64201.44114511525,5492686,11336278,3.822483786122191e7,6420.144114511517,0.008676416,0.432587375,0.296373792,3.689063708,13.05778575,0.564282208
tyndp/p2x_40_24_k_medoids_conical_bounded_0.01,643543,40,24,k_medoids,conical_bounded,unscaled,0.01,150.90893211491382,165.23093155495724,2.9306433927684234,56.38042894016946,1.1784511788092442,40,0.9728896731614021,1.0000000000000002,0.0,0.6794520547945205,0.19205479452054794,110612,527,0,0,OPTIMAL,2.426797365788371e7,0.0,2.4179062094188254e7,0.0,0.0,656312,1351111,OPTIMAL,2.7475155950212453e7,0.0,2.746367755021565e7,0.0,11478.400000083462,5492686,11336278,7.035479217053832e7,1147.8400000083464,0.008666542,0.4157775,0.206236334,4.06887575,15.058976041,0.564282208
tyndp/p2x_40_24_hierarchical_dirac_0.01,643543,40,24,hierarchical,dirac,unscaled,0.01,202.10751323232063,164.20719924449077,3.8208108954696494,42.97705480247449,1.1835617950954118,40,1.0,1.0,0.0,0.0,0.025,0,0,0,0,OPTIMAL,3.110778692608565e7,0.0,3.0735916206084926e7,0.0,0.0,656312,1351111,OPTIMAL,2.8024165576644745e7,0.0,2.7601273886750773e7,0.0,422891.6898968852,5492686,11336278,5.7796097208533116e7,42289.16898968854,0.008680666,0.473871959,1.708e-6,3.904957458,6.688554209,0.564282208
tyndp/p2x_40_24_hierarchical_convex_0.01,643543,40,24,hierarchical,convex,unscaled,0.01,149.10479141001875,164.20719924449077,3.8208108954696494,42.97705480247449,1.1835617950954118,40,1.0,1.0000000000000002,0.0,0.0,0.19027397260273973,108637,498,0,0,OPTIMAL,3.049625000279147e7,0.0,3.0282759815935988e7,0.0,9124.748482245084,656312,1351111,OPTIMAL,2.6865498935054965e7,0.0,2.6845925815055933e7,0.0,19573.12000183147,5492686,11336278,4.178473564865924e7,1957.3120001831471,0.008661125,0.501846625,0.186681417,4.053591666,10.053562625,0.564282208
tyndp/p2x_40_24_hierarchical_conical_0.01,643543,40,24,hierarchical,conical,unscaled,0.01,146.67078877913823,164.20719924449077,3.8208108954696494,42.97705480247449,1.1835617950954118,40,1.0047582815181784,1.23253171424046,0.4904109589041096,0.4,0.1917808219178082,108548,595,0,0,OPTIMAL,3.069669363245468e7,0.0,3.0508030680744838e7,0.0,-6.643694251905677e-10,656312,1351111,OPTIMAL,2.6887012394677427e7,0.0,2.686833576319509e7,0.0,18676.63148529575,5492686,11336278,4.4548475921464145e7,1867.6631485295748,0.0086785,0.460948792,0.128672917,4.043465667,10.118834209,0.564282208
tyndp/p2x_40_24_hierarchical_conical_bounded_0.01,643543,40,24,hierarchical,conical_bounded,unscaled,0.01,148.3610815968746,164.20719924449077,3.8208108954696494,42.97705480247449,1.1835617950954118,40,0.9766430907474027,1.0000000000000002,0.0,0.6410958904109589,0.18698630136986302,107686,490,0,0,OPTIMAL,2.9133474021990683e7,0.0,2.895031368200699e7,0.0,5.784855107013325e-10,656312,1351111,OPTIMAL,2.69049845193301e7,0.0,2.6885411399332162e7,0.0,19573.12000081903,5492686,11336278,4.4553777574047476e7,1957.3120000819004,0.008750584,0.433650291,0.179336333,2.7954255,12.055181834,0.564282208
tyndp/p2x_40_24_chronological_dirac_0.01,643543,40,24,chronological,dirac,unscaled,0.01,220.37444701224527,163.74562284698044,3.4689594902096093,47.20309456167395,1.1725512616531446,40,1.0,1.0,0.0,0.0,0.025,0,0,0,0,OPTIMAL,2.18937924297441e7,0.0,2.1701243309742592e7,0.0,0.0,656312,1351111,OPTIMAL,3.071985841190008e7,0.0,2.8489653615211703e7,0.0,2.230204796691717e6,5492686,11336278,6.991804479875703e7,223020.47966917141,0.008695791,0.464291166,1.5e-6,2.857394208,5.677097833,0.564282208
tyndp/p2x_40_24_chronological_convex_0.01,643543,40,24,chronological,convex,unscaled,0.01,152.30044142375044,163.74562284698044,3.4689594902096093,47.20309456167395,1.1725512616531446,40,1.0,1.0000000000000002,0.0,0.0,0.19075342465753425,111102,604,0,0,OPTIMAL,2.3759246852246054e7,0.0,2.3554913802453604e7,0.0,-1.9528592479963386e-9,656312,1351111,OPTIMAL,2.702517911172324e7,0.0,2.70106271117272e7,0.0,14551.999999004296,5492686,11336278,4.519468931325595e7,1455.1999999004297,0.008684833,0.429264083,0.202499083,4.109863125,10.03038725,0.564282208
tyndp/p2x_40_24_chronological_conical_0.01,643543,40,24,chronological,conical,unscaled,0.01,150.09972295076483,163.74562284698044,3.4689594902096093,47.20309456167395,1.1725512616531446,40,1.00304093916103,1.1955206279211443,0.4767123287671233,0.4136986301369863,0.19342465753424656,111274,529,0,0,OPTIMAL,2.359059403035315e7,0.0,2.3407593241991166e7,0.0,0.0,656312,1351111,OPTIMAL,2.7396199132233035e7,0.0,2.7386185776583273e7,0.0,10013.355652816572,5492686,11336278,7.038441446444716e7,1001.3355652816572,0.008979375,0.438053459,0.268697708,2.94878875,16.329964167,0.564282208
tyndp/p2x_40_24_chronological_conical_bounded_0.01,643543,40,24,chronological,conical_bounded,unscaled,0.01,151.59563491154822,163.74562284698044,3.4689594902096093,47.20309456167395,1.1725512616531446,40,0.9757154989045433,1.0000000000000002,0.0,0.6301369863013698,0.18691780821917808,110608,604,0,0,OPTIMAL,2.2384705560722053e7,0.0,2.223317572806288e7,0.0,-1.9086117067248123e-9,656312,1351111,OPTIMAL,2.707758151395549e7,0.0,2.7063383113958493e7,0.0,14198.399999983,5492686,11336278,3.837850996540401e7,1419.8399999983014,0.008636333,0.465740875,0.181708792,2.744337875,12.929104958,0.564282208
tyndp/p2x_40_24_convex_hull_dirac_0.01,643543,40,24,convex_hull,dirac,unscaled,0.01,215.5410092487626,170.47018348793063,4.251899577417142,40.09271159491598,1.2072921546909097,40,1.0,1.0,0.0,0.0,0.025,0,0,7586,5869,OPTIMAL,2.9883612923913125e7,0.0,2.928197196391335e7,0.0,0.0,656312,1351111,OPTIMAL,2.778083823404302e7,0.0,2.7770679034048963e7,0.0,10159.199997504122,5492686,11336278,7.055430415556209e7,1015.9199997504122,0.008624209,1.605601292,1.958e-6,2.656385792,9.394082792,0.564282208
tyndp/p2x_40_24_convex_hull_convex_0.01,643543,40,24,convex_hull,convex,unscaled,0.01,148.58595398502177,170.47018348793063,4.251899577417142,40.09271159491598,1.2072921546909097,40,1.0,1.0000000000000002,0.0,0.0,0.20232876712328768,98283,430,7586,5869,OPTIMAL,3.871835200044903e7,0.0,3.850195911369147e7,0.0,-5.956573387337779e-9,656312,1351111,OPTIMAL,2.68988941613394e7,0.0,2.68793210413429e7,0.0,19573.119999789822,5492686,11336278,4.6616350869932346e7,1957.311999978982,0.008680042,2.893997791,0.16443925,2.903629333,12.043499833,0.564282208
tyndp/p2x_40_24_convex_hull_conical_0.01,643543,40,24,convex_hull,conical,unscaled,0.01,146.00959611439438,170.47018348793063,4.251899577417142,40.09271159491598,1.2072921546909097,40,0.9855530704261866,1.1696322777978123,0.38904109589041097,0.5013698630136987,0.20712328767123286,100918,470,7586,5869,OPTIMAL,3.719755764012167e7,0.0,3.6993850803654276e7,0.0,0.0,656312,1351111,OPTIMAL,2.724266470054664e7,0.0,2.723063414055059e7,0.0,12030.55999946743,5492686,11336278,7.011188841772702e7,1203.055999946743,0.008762875,1.657519166,0.108281125,4.059107041,14.022393417,0.564282208
tyndp/p2x_40_24_convex_hull_conical_bounded_0.01,643543,40,24,convex_hull,conical_bounded,unscaled,0.01,147.07937096375525,170.47018348793063,4.251899577417142,40.09271159491598,1.2072921546909097,40,0.9648715009129503,1.0000000000000002,0.0,0.7095890410958904,0.20089041095890411,99144,469,7586,5869,OPTIMAL,3.580426458176351e7,0.0,3.5618812589428484e7,0.0,-5.549709746189252e-10,656312,1351111,OPTIMAL,2.6993226421720747e7,0.0,2.6970519861724056e7,0.0,22706.560000096186,5492686,11336278,3.8097117464346245e7,2270.656000009614,0.008717458,2.857734917,0.173777875,2.852174917,11.19921175,0.564282208
tyndp/p2x_40_24_convex_hull_with_null_dirac_0.01,643543,40,24,convex_hull_with_null,dirac,unscaled,0.01,216.67096233223137,172.9256942812605,3.9507327798098917,43.77053673814447,1.20319684598097,40,1.0,1.0,0.0,0.0,0.025,0,0,7545,6275,OPTIMAL,3.44859721723336e7,0.0,3.4146953932333626e7,0.0,0.0,656312,1351111,OPTIMAL,2.782671652131728e7,0.0,2.7777557855043527e7,0.0,49158.66627716861,5492686,11336278,6.984680212976913e7,4915.866627716861,0.008624166,2.955347917,2.042e-6,2.767059167,9.111450417,0.564282208
tyndp/p2x_40_24_convex_hull_with_null_convex_0.01,643543,40,24,convex_hull_with_null,convex,unscaled,0.01,149.11310512009155,172.9256942812605,3.9507327798098917,43.77053673814447,1.20319684598097,40,1.0,1.0000000000000004,0.0,0.0,0.20089041095890411,99181,426,7545,6275,OPTIMAL,3.986989298220713e7,0.0,3.966758329467148e7,0.0,0.0,656312,1351111,OPTIMAL,2.7193052686315924e7,0.0,2.7183879086319722e7,0.0,9173.59999936273,5492686,11336278,6.879090343419543e7,917.3599999362732,0.008913041,2.953835667,0.161587042,2.887059166,13.004086666,0.564282208
tyndp/p2x_40_24_convex_hull_with_null_conical_0.01,643543,40,24,convex_hull_with_null,conical,unscaled,0.01,145.03809721664845,172.9256942812605,3.9507327798098917,43.77053673814447,1.20319684598097,40,0.9661355975071712,1.127831655535526,0.3287671232876712,0.5616438356164384,0.2013013698630137,101868,448,7545,6275,OPTIMAL,3.4963745779824615e7,0.0,3.481917423004472e7,0.0,1.1912315020657902e-9,656312,1351111,OPTIMAL,2.708331569730845e7,0.0,2.706096273731164e7,0.0,22352.9600001641,5492686,11336278,4.094484097261719e7,2235.296000016418,0.008652875,2.919393875,0.105889542,2.868880958,9.24748875,0.564282208
tyndp/p2x_40_24_convex_hull_with_null_conical_bounded_0.01,643543,40,24,convex_hull_with_null,conical_bounded,unscaled,0.01,145.82958558964822,172.9256942812605,3.9507327798098917,43.77053673814447,1.20319684598097,40,0.9506729895860686,1.0000000000000002,0.0,0.7232876712328767,0.19767123287671232,100851,471,7545,6275,OPTIMAL,3.3852235079897255e7,0.0,3.371903031924586e7,0.0,0.0,656312,1351111,OPTIMAL,2.7433951219264757e7,0.0,2.7424219611418203e7,0.0,9731.607850017139,5492686,11336278,7.481320688110097e7,973.160785001714,0.008633834,3.016484833,0.178418167,2.988813083,13.81493,0.564282208
tyndp/p2x_40_24_conical_hull_dirac_0.01,643543,40,24,conical_hull,dirac,unscaled,0.01,218.461447942101,150.49860105853716,3.9157517913973034,38.43415238656712,1.2372680389890751,40,1.0,1.0,0.0,0.0,0.025,0,0,7362,6093,OPTIMAL,3.35890299901236e7,0.0,3.326837207012338e7,0.0,0.0,656312,1351111,OPTIMAL,2.7672395830023408e7,0.0,2.76539386809466e7,0.0,18457.149080107272,5492686,11336278,4.784052197160979e7,1845.7149080107279,0.008701875,2.421325,2.0e-6,2.770132041,8.04691025,0.564282208
tyndp/p2x_40_24_conical_hull_convex_0.01,643543,40,24,conical_hull,convex,unscaled,0.01,156.53899943667795,150.49860105853716,3.9157517913973034,38.43415238656712,1.2372680389890751,40,1.0,1.0000000000000002,0.0,0.0,0.1976027397260274,90154,427,7362,6093,OPTIMAL,3.43411481878479e7,0.0,3.411221820598785e7,0.0,1.8060929347727925e-8,656312,1351111,OPTIMAL,2.691818907846767e7,0.0,2.6899456438471995e7,0.0,18732.639998699127,5492686,11336278,3.969830237185467e7,1873.2639998699285,0.008702208,2.472130958,0.144429542,2.888698709,10.098837708,0.564282208
tyndp/p2x_40_24_conical_hull_conical_0.01,643543,40,24,conical_hull,conical,unscaled,0.01,148.7512829441505,150.49860105853716,3.9157517913973034,38.43415238656712,1.2372680389890751,40,1.07230326377388,1.3082643150561948,0.7397260273972602,0.1506849315068493,0.21575342465753425,94974,430,7362,6093,OPTIMAL,3.6887184928354725e7,0.0,3.658682386922539e7,0.0,4.857278071801319e-10,656312,1351111,OPTIMAL,2.695693309957664e7,0.0,2.692650934150067e7,0.0,30423.7580791862,5492686,11336278,3.4255796149037585e7,3042.3758079186105,0.008718084,1.176879083,0.099386416,3.747254917,11.806239125,0.564282208
tyndp/p2x_40_24_conical_hull_conical_bounded_0.01,643543,40,24,conical_hull,conical_bounded,unscaled,0.01,156.66677966387476,150.49860105853716,3.9157517913973034,38.43415238656712,1.2372680389890751,40,0.9912534775334693,1.0000000000000002,0.0,0.5260273972602739,0.19746575342465753,89826,446,7362,6093,OPTIMAL,3.3946163495447e7,0.0,3.372722937963437e7,0.0,1.657184145219167e-8,656312,1351111,OPTIMAL,2.69540179756089e7,0.0,2.69352853356136e7,0.0,18732.639998218634,5492686,11336278,4.3500482804272205e7,1873.2639998218642,0.008689666,1.239599583,0.155649667,2.967761417,10.295655,0.564282208
tyndp/p2x_80_24_k_means_dirac_0.01,643543,80,24,k_means,dirac,unscaled,0.01,140.44799417879122,230.16933055439983,1.19040203040592,193.35428256612892,1.1242991042790884,80,1.0,1.0,0.0,0.0,0.0125,0,0,0,0,OPTIMAL,1.8084140228578657e7,0.0,1.7989870064182665e7,0.0,-7.835646661428305e-11,1261112,2599151,OPTIMAL,2.679080264810919e7,0.0,2.677822312810343e7,0.0,12579.520008793748,5492686,11336278,3.7298366449393086e7,1257.9520008793747,0.008719041,0.466895584,1.584e-6,5.664552,18.154731125,0.564282208
tyndp/p2x_80_24_k_means_convex_0.01,643543,80,24,k_means,convex,unscaled,0.01,129.77241886345467,230.16933055439983,1.19040203040592,193.35428256612892,1.1242991042790884,80,1.0,1.0000000000000002,0.0,0.0,0.05941780821917808,165563,969,0,0,OPTIMAL,1.9179162459085084e7,0.0,1.9098895786695406e7,0.0,1.6822414598382197e-9,1261112,2599151,OPTIMAL,2.663571744402295e7,0.0,2.6616013830433104e7,0.0,19703.613592835965,5492686,11336278,3.903150510846248e7,1970.3613592835984,0.008660417,0.460897208,0.617645541,6.085789875,41.543526875,0.564282208
tyndp/p2x_80_24_k_means_conical_0.01,643543,80,24,k_means,conical,unscaled,0.01,127.8214488316983,230.16933055439983,1.19040203040592,193.35428256612892,1.1242991042790884,80,1.0178921504570992,1.130511210550323,0.6767123287671233,0.31232876712328766,0.06311643835616439,175364,1002,0,0,OPTIMAL,1.975704525262493e7,0.0,1.9674127630348217e7,0.0,0.0,1261112,2599151,OPTIMAL,2.7320009863757588e7,0.0,2.6839334393990498e7,0.0,480675.4697700163,5492686,11336278,6.1744026768054225e7,48067.54697700163,0.008670792,0.52682875,1.467533917,5.359858167,47.582960834,0.564282208
tyndp/p2x_80_24_k_means_conical_bounded_0.01,643543,80,24,k_means,conical_bounded,unscaled,0.01,129.53071195695964,230.16933055439983,1.19040203040592,193.35428256612892,1.1242991042790884,80,0.9861071481054395,1.0000000000000002,0.0,0.6027397260273972,0.05876712328767123,166206,929,0,0,OPTIMAL,1.855867657572776e7,0.0,1.849153673519901e7,0.0,0.0,1261112,2599151,OPTIMAL,2.6650397335907042e7,0.0,2.6633897815910064e7,0.0,16499.51999981774,5492686,11336278,4.231150579647494e7,1649.9519999817705,0.009019667,0.442373,1.9178395,4.88368075,42.145951667,0.564282208
tyndp/p2x_80_24_k_medoids_dirac_0.01,643543,80,24,k_medoids,dirac,unscaled,0.01,181.44198091387835,229.5855996022246,2.434756498407795,94.29509675910576,1.1947363216233222,80,1.0,1.0,0.0,0.0,0.0125,0,0,0,0,OPTIMAL,2.9259732757201947e7,0.0,2.9097385237201635e7,0.0,0.0,1261112,2599151,OPTIMAL,2.756393111107371e7,0.0,2.738082851186544e7,0.0,183102.59921131193,5492686,11336278,5.530586364588325e7,18310.259921131208,0.008628209,0.485805167,2.166e-6,6.062648834,18.187578167,0.564282208
tyndp/p2x_80_24_k_medoids_convex_0.01,643543,80,24,k_medoids,convex,unscaled,0.01,130.8244290100985,229.5855996022246,2.434756498407795,94.29509675910576,1.1947363216233222,80,1.0,1.0000000000000002,0.0,0.0,0.10198630136986302,143730,808,0,0,OPTIMAL,2.879581708006852e7,0.0,2.8736098768242434e7,0.0,0.0,1261112,2599151,OPTIMAL,2.6875829225584194e7,0.0,2.686567002558702e7,0.0,10159.200000173405,5492686,11336278,6.1175827106156826e7,1015.9200000173405,0.00869325,0.423989916,0.530204167,5.590720875,37.743940542,0.564282208
tyndp/p2x_80_24_k_medoids_conical_0.01,643543,80,24,k_medoids,conical,unscaled,0.01,128.5814041723335,229.5855996022246,2.434756498407795,94.29509675910576,1.1947363216233222,80,1.014277120497306,1.1673764230206818,0.4986301369863014,0.2821917808219178,0.10547945205479452,148578,797,0,0,OPTIMAL,2.9578147454911094e7,0.0,2.9529095865265638e7,0.0,1.4193229266116985e-9,1261112,2599151,OPTIMAL,2.675168161537567e7,0.0,2.671719145334658e7,0.0,34490.16203207242,5492686,11336278,4.071517034118451e7,3449.0162032072453,0.0086615,0.418279334,0.326887333,6.092104959,28.933672666,0.564282208
tyndp/p2x_80_24_k_medoids_conical_bounded_0.01,643543,80,24,k_medoids,conical_bounded,unscaled,0.01,130.5603543948897,229.5855996022246,2.434756498407795,94.29509675910576,1.1947363216233222,80,0.9827024012107295,1.0000000000000002,0.0,0.6246575342465753,0.10147260273972603,142881,728,0,0,OPTIMAL,2.7713776960167814e7,0.0,2.766863096823271e7,0.0,0.0,1261112,2599151,OPTIMAL,2.694862102946779e7,0.0,2.693777958947056e7,0.0,10841.44000024256,5492686,11336278,6.502874102026127e7,1084.144000024256,0.008987791,0.45237375,1.92255675,5.166946917,35.724526833,0.564282208
tyndp/p2x_80_24_hierarchical_dirac_0.01,643543,80,24,hierarchical,dirac,unscaled,0.01,178.5874325504276,236.4439905808771,2.476953407404749,95.45758506156703,1.1828597337826086,80,1.0,1.0,0.0,0.0,0.0125,0,0,0,0,OPTIMAL,3.2930268310847957e7,0.0,3.264704095084735e7,0.0,0.0,1261112,2599151,OPTIMAL,2.7742605633171372e7,0.0,2.7284319698342312e7,0.0,458285.93483191094,5492686,11336278,5.918293099117001e7,45828.593483191136,0.008944625,0.443983625,1.625e-6,5.766381292,14.579128292,0.564282208
tyndp/p2x_80_24_hierarchical_convex_0.01,643543,80,24,hierarchical,convex,unscaled,0.01,128.70088257666254,236.4439905808771,2.476953407404749,95.45758506156703,1.1828597337826086,80,1.0,1.0000000000000002,0.0,0.0,0.09928082191780822,146833,805,0,0,OPTIMAL,3.3161991566779412e7,0.0,3.3060036191849217e7,0.0,5269.790730141161,1261112,2599151,OPTIMAL,2.6622625973293863e7,0.0,2.6607453813296508e7,0.0,15172.160000374533,5492686,11336278,4.000336145458199e7,1517.2160000374538,0.008698083,0.453208708,0.539971584,5.888942208,34.261756083,0.564282208
tyndp/p2x_80_24_hierarchical_conical_0.01,643543,80,24,hierarchical,conical,unscaled,0.01,127.09512425616985,236.4439905808771,2.476953407404749,95.45758506156703,1.1828597337826086,80,0.9982310542563969,1.1368078548749585,0.3780821917808219,0.40273972602739727,0.10051369863013698,148008,786,0,0,OPTIMAL,3.246636776498104e7,0.0,3.2379105129214272e7,0.0,0.0,1261112,2599151,OPTIMAL,2.6821147303279713e7,0.0,2.6814147900795795e7,0.0,6999.402486904195,5492686,11336278,6.420222566675026e7,699.9402486904195,0.008652125,0.508431667,0.329765083,6.16821225,34.51907275,0.564282208
tyndp/p2x_80_24_hierarchical_conical_bounded_0.01,643543,80,24,hierarchical,conical_bounded,unscaled,0.01,128.11684475399485,236.4439905808771,2.476953407404749,95.45758506156703,1.1828597337826086,80,0.9786940218329877,1.0000000000000002,0.0,0.6410958904109589,0.09842465753424658,145744,777,0,0,OPTIMAL,3.1066483504387237e7,0.0,3.0978398530772723e7,0.0,5137.968713188546,1261112,2599151,OPTIMAL,2.6859171812202662e7,0.0,2.6852172419915844e7,0.0,6999.392289821445,5492686,11336278,6.662243167616273e7,699.9392289821445,0.008734167,1.385684459,0.775930042,4.935549167,36.22078525,0.564282208
tyndp/p2x_80_24_chronological_dirac_0.01,643543,80,24,chronological,dirac,unscaled,0.01,197.46342184554908,230.10948886883358,2.304121467847314,99.86864498242768,1.1846486857306884,80,1.0,1.0,0.0,0.0,0.0125,0,0,0,0,OPTIMAL,2.8155023381548777e7,0.0,2.8091713301548067e7,0.0,3686.3999999999987,1261112,2599151,OPTIMAL,2.7511577811743155e7,0.0,2.715183229828341e7,0.0,359745.5134629713,5492686,11336278,4.1425437639519274e7,35974.55134629712,0.008665334,0.454696625,1.875e-6,5.955932417,9.866181792,0.564282208
tyndp/p2x_80_24_chronological_convex_0.01,643543,80,24,chronological,convex,unscaled,0.01,132.29164471115863,230.10948886883358,2.304121467847314,99.86864498242768,1.1846486857306884,80,1.0,1.0000000000000002,0.0,0.0,0.10054794520547945,146345,907,0,0,OPTIMAL,2.9597780765618984e7,0.0,2.9529858603470515e7,0.0,0.0,1261112,2599151,OPTIMAL,2.687016693017923e7,0.0,2.685606938548131e7,0.0,14097.544700671413,5492686,11336278,6.619800342641375e7,1409.7544700671413,0.008650916,0.482474209,0.525495291,6.024660041,39.438033083,0.564282208
tyndp/p2x_80_24_chronological_conical_0.01,643543,80,24,chronological,conical,unscaled,0.01,130.3532825010969,230.10948886883358,2.304121467847314,99.86864498242768,1.1846486857306884,80,1.015887562133285,1.2334418981222541,0.5123287671232877,0.2684931506849315,0.10469178082191781,152073,853,0,0,OPTIMAL,3.0926950605080806e7,0.0,3.0852375331700876e7,0.0,7573.469847410694,1261112,2599151,OPTIMAL,2.6825666271724656e7,0.0,2.6808787442580592e7,0.0,16878.8291470596,5492686,11336278,6.158520170170776e7,1687.88291470596,0.008695833,0.43153325,0.352514875,6.068787584,41.802164833,0.564282208
tyndp/p2x_80_24_chronological_conical_bounded_0.01,643543,80,24,chronological,conical_bounded,unscaled,0.01,132.07306805520852,230.10948886883358,2.304121467847314,99.86864498242768,1.1846486857306884,80,0.9853002389606946,1.0000000000000002,0.0,0.6082191780821918,0.10030821917808219,147050,907,0,0,OPTIMAL,2.8551132996558882e7,0.0,2.8497996023165382e7,0.0,0.0,1261112,2599151,OPTIMAL,2.6904766955397855e7,0.0,2.6889206050700124e7,0.0,15560.904700557361,5492686,11336278,6.750519225556473e7,1556.090470055736,0.008694625,0.498607166,0.572146875,6.057208791,42.611950292,0.564282208
tyndp/p2x_80_24_convex_hull_dirac_0.01,643543,80,24,convex_hull,dirac,unscaled,0.01,189.60192332874226,239.552502873301,2.8126493180830248,85.1697015099519,1.1995628173939417,80,1.0,1.0,0.0,0.0,0.0125,0,0,17750,7925,OPTIMAL,2.7522244535171505e7,0.0,2.725738021517094e7,0.0,0.0,1261112,2599151,OPTIMAL,2.747375421008539e7,0.0,2.745725469009178e7,0.0,16499.51999714844,5492686,11336278,6.532305828337904e7,1649.9519997148448,0.008698208,5.54583625,9.16e-7,4.564747833,16.44770225,0.564282208
tyndp/p2x_80_24_convex_hull_convex_0.01,643543,80,24,convex_hull,convex,unscaled,0.01,127.56213932412864,239.552502873301,2.8126493180830248,85.1697015099519,1.1995628173939417,80,1.0,1.0000000000000004,0.0,0.0,0.10493150684931507,139614,703,17750,7925,OPTIMAL,3.2055601094397992e7,0.0,3.1946160694257542e7,0.0,0.0,1261112,2599151,OPTIMAL,2.6889611030961376e7,0.0,2.6877580470965844e7,0.0,12030.559998863322,5492686,11336278,6.537174152228576e7,1203.0559998863323,0.008704667,4.074338333,0.521586792,6.055248875,36.934911542,0.564282208
tyndp/p2x_80_24_convex_hull_conical_0.01,643543,80,24,convex_hull,conical,unscaled,0.01,125.78165514441315,239.552502873301,2.8126493180830248,85.1697015099519,1.1995628173939417,80,0.9955851675558549,1.135274316597385,0.3780821917808219,0.40273972602739727,0.10753424657534247,141372,746,17750,7925,OPTIMAL,3.162694820970972e7,0.0,3.151861591219276e7,0.0,0.0,1261112,2599151,OPTIMAL,2.6994985539867267e7,0.0,2.6984406086909685e7,0.0,10579.452960953338,5492686,11336278,6.7339164068e7,1057.945296095334,0.008662541,5.421389417,0.2902365,4.711992292,36.323517083,0.564282208
tyndp/p2x_80_24_convex_hull_conical_bounded_0.01,643543,80,24,convex_hull,conical_bounded,unscaled,0.01,126.92342940213747,239.552502873301,2.8126493180830248,85.1697015099519,1.1995628173939417,80,0.9754667405445561,1.0000000000000002,0.0,0.6931506849315069,0.10352739726027398,138580,703,17750,7925,OPTIMAL,3.0394049201491944e7,0.0,3.0293600124626085e7,0.0,0.0,1261112,2599151,OPTIMAL,2.70112726489643e7,0.0,2.7001166775903057e7,0.0,10105.873064595424,5492686,11336278,7.107659499226843e7,1010.5873064595424,0.008702667,5.423363208,0.486045,4.970797834,34.959544916,0.564282208
tyndp/p2x_80_24_convex_hull_with_null_dirac_0.01,643543,80,24,convex_hull_with_null,dirac,unscaled,0.01,189.90892943186793,240.12801273104694,2.776532919069665,86.48484269061244,1.1983714536238557,80,1.0,1.0,0.0,0.0,0.0125,0,0,17847,8193,OPTIMAL,3.219180210259556e7,0.0,3.207525138259567e7,0.0,0.0,1261112,2599151,OPTIMAL,2.7478305751281265e7,0.0,2.7464504951282624e7,0.0,13800.800001705396,5492686,11336278,5.799243704170842e7,1380.0800001705397,0.008711042,4.186967583,9.59e-7,5.616686167,16.327517,0.564282208
tyndp/p2x_80_24_convex_hull_with_null_convex_0.01,643543,80,24,convex_hull_with_null,convex,unscaled,0.01,128.2211988102702,240.12801273104694,2.776532919069665,86.48484269061244,1.1983714536238557,80,1.0,1.0000000000000002,0.0,0.0,0.1025,137570,749,17847,8193,OPTIMAL,3.2623093094595946e7,0.0,3.2576017131066147e7,0.0,-8.267557838454614e-9,1261112,2599151,OPTIMAL,2.6650068101163864e7,0.0,2.66381429474256e7,0.0,11925.153741188347,5492686,11336278,4.639334965099658e7,1192.5153741188349,0.008680291,5.504029416,0.44944475,4.851934333,32.989297458,0.564282208
tyndp/p2x_80_24_convex_hull_with_null_conical_0.01,643543,80,24,convex_hull_with_null,conical,unscaled,0.01,125.92362968944249,240.12801273104694,2.776532919069665,86.48484269061244,1.1983714536238557,80,0.9856605739400454,1.1249393063153992,0.3150684931506849,0.4657534246575342,0.10345890410958904,139884,777,17847,8193,OPTIMAL,3.098344492054854e7,0.0,3.093912352784301e7,0.0,-2.7723382398324392e-9,1261112,2599151,OPTIMAL,2.6754010957263038e7,0.0,2.6738499605074745e7,0.0,15511.352191333992,5492686,11336278,4.8304517395520784e7,1551.1352191333979,0.008751334,5.501869208,0.300796041,5.044066167,28.676874292,0.564282208
tyndp/p2x_80_24_convex_hull_with_null_conical_bounded_0.01,643543,80,24,convex_hull_with_null,conical_bounded,unscaled,0.01,126.91288788973158,240.12801273104694,2.776532919069665,86.48484269061244,1.1983714536238557,80,0.9686830449305203,1.0000000000000002,0.0,0.6821917808219178,0.10106164383561644,137477,749,17847,8193,OPTIMAL,3.002361309317418e7,0.0,2.998230943504773e7,0.0,0.0,1261112,2599151,OPTIMAL,2.68922682364775e7,0.0,2.6883264479976114e7,0.0,9003.75650445803,5492686,11336278,6.251219719238847e7,900.375650445803,0.008645208,5.546923833,0.526342166,4.735616125,33.120190792,0.564282208
tyndp/p2x_80_24_conical_hull_dirac_0.01,643543,80,24,conical_hull,dirac,unscaled,0.01,193.56652786303997,214.22040210205293,2.6293835035099393,81.47172210371447,1.2274671734967744,80,1.0,1.0,0.0,0.0,0.0125,0,0,17410,8265,OPTIMAL,2.9467576367809013e7,0.0,2.9246192687808126e7,0.0,0.0,1261112,2599151,OPTIMAL,2.742538502054348e7,0.0,2.7289460819662705e7,0.0,135924.20088397362,5492686,11336278,4.76038773728217e7,13592.42008839735,0.008680417,3.769940208,8.75e-7,4.510905166,16.398233458,0.564282208
tyndp/p2x_80_24_conical_hull_convex_0.01,643543,80,24,conical_hull,convex,unscaled,0.01,135.99781868566006,214.22040210205293,2.6293835035099393,81.47172210371447,1.2274671734967744,80,1.0,1.0000000000000004,0.0,0.0,0.10051369863013698,124533,697,17410,8265,OPTIMAL,3.0686356908256106e7,0.0,3.0545273889071476e7,0.0,0.0,1261112,2599151,OPTIMAL,2.6740770863333803e7,0.0,2.6730262793444257e7,0.0,10508.069892461896,5492686,11336278,5.6983666862040594e7,1050.8069892461895,0.008649291,2.38804975,1.664840542,4.914482875,37.182382709,0.564282208
tyndp/p2x_80_24_conical_hull_conical_0.01,643543,80,24,conical_hull,conical,unscaled,0.01,128.82618783356926,214.22040210205293,2.6293835035099393,81.47172210371447,1.2274671734967744,80,1.0650181879777447,1.274943626545034,0.6821917808219178,0.09863013698630137,0.11160958904109589,132100,708,17410,8265,OPTIMAL,3.3997038574409895e7,0.0,3.3806300402796015e7,0.0,1.176135189878541e-9,1261112,2599151,OPTIMAL,2.6619795891476735e7,0.0,2.659366780609788e7,0.0,26128.085381825076,5492686,11336278,3.734377980487277e7,2612.808538182507,0.009057416,3.820876375,0.291235333,5.146105083,25.625043416,0.564282208
tyndp/p2x_80_24_conical_hull_conical_bounded_0.01,643543,80,24,conical_hull,conical_bounded,unscaled,0.01,136.35758739082218,214.22040210205293,2.6293835035099393,81.47172210371447,1.2274671734967744,80,0.9924394541135124,1.0000000000000002,0.0,0.5726027397260274,0.10017123287671233,123921,697,17410,8265,OPTIMAL,3.039454732020221e7,0.0,3.0263046607926764e7,0.0,-3.5019065127757885e-9,1261112,2599151,OPTIMAL,2.6672837800013665e7,0.0,2.6658537132662807e7,0.0,14300.66735383721,5492686,11336278,4.005743603695658e7,1430.066735383721,0.008637958,2.450715375,0.478567208,6.027856875,30.222806125,0.564282208
