timestep,Load_demand,Solar_avail,Hydro1_inflow,Hydro2_inflow,Hydro3_inflow
1,0.80784,0.00000,0.01970,0.00440,0.00248
2,0.74074,0.00000,0.01970,0.00440,0.00248
3,0.67364,0.00000,0.01970,0.00440,0.00248
4,0.61111,0.00000,0.01970,0.00440,0.00248
5,0.55742,0.00000,0.01970,0.00440,0.00248
6,0.51622,0.00000,0.01970,0.00440,0.00248
7,0.49032,0.00000,0.01970,0.00440,0.00248
8,0.48148,0.06470,0.01970,0.00440,0.00248
9,0.49032,0.12500,0.01970,0.00440,0.00248
10,0.51622,0.17678,0.01970,0.00440,0.00248
11,0.55742,0.21651,0.01970,0.00440,0.00248
12,0.61111,0.24148,0.01970,0.00440,0.00248
13,0.67364,0.25000,0.01970,0.00440,0.00248
14,0.74074,0.24148,0.01970,0.00440,0.00248
15,0.80784,0.21651,0.01970,0.00440,0.00248
16,0.87037,0.17678,0.01970,0.00440,0.00248
17,0.92406,0.12500,0.01970,0.00440,0.00248
18,0.96527,0.06470,0.01970,0.00440,0.00248
19,0.99117,0.00000,0.01970,0.00440,0.00248
20,1.00000,0.00000,0.01970,0.00440,0.00248
21,0.99117,0.00000,0.01970,0.00440,0.00248
22,0.96527,0.00000,0.01970,0.00440,0.00248
23,0.92406,0.00000,0.01970,0.00440,0.00248
24,0.87037,0.00000,0.01970,0.00440,0.00248
25,0.78497,0.00000,0.02290,0.00484,0.00249
26,0.71977,0.00000,0.02290,0.00484,0.00249
27,0.65457,0.00000,0.02290,0.00484,0.00249
28,0.59381,0.00000,0.02290,0.00484,0.00249
29,0.54164,0.00000,0.02290,0.00484,0.00249
30,0.50160,0.00000,0.02290,0.00484,0.00249
31,0.47643,0.00000,0.02290,0.00484,0.00249
32,0.46785,0.06484,0.02290,0.00484,0.00249
33,0.47643,0.12526,0.02290,0.00484,0.00249
34,0.50160,0.17714,0.02290,0.00484,0.00249
35,0.54164,0.21695,0.02290,0.00484,0.00249
36,0.59381,0.24198,0.02290,0.00484,0.00249
37,0.65457,0.25051,0.02290,0.00484,0.00249
38,0.71977,0.24198,0.02290,0.00484,0.00249
39,0.78497,0.21695,0.02290,0.00484,0.00249
40,0.84573,0.17714,0.02290,0.00484,0.00249
41,0.89791,0.12526,0.02290,0.00484,0.00249
42,0.93794,0.06484,0.02290,0.00484,0.00249
43,0.96311,0.00000,0.02290,0.00484,0.00249
44,0.97169,0.00000,0.02290,0.00484,0.00249
45,0.96311,0.00000,0.02290,0.00484,0.00249
46,0.93794,0.00000,0.02290,0.00484,0.00249
47,0.89791,0.00000,0.02290,0.00484,0.00249
48,0.84573,0.00000,0.02290,0.00484,0.00249
49,0.73342,0.00000,0.02668,0.00536,0.00252
50,0.67250,0.00000,0.02668,0.00536,0.00252
51,0.61158,0.00000,0.02668,0.00536,0.00252
52,0.55481,0.00000,0.02668,0.00536,0.00252
53,0.50606,0.00000,0.02668,0.00536,0.00252
54,0.46866,0.00000,0.02668,0.00536,0.00252
55,0.44514,0.00000,0.02668,0.00536,0.00252
56,0.43712,0.06524,0.02668,0.00536,0.00252
57,0.44514,0.12603,0.02668,0.00536,0.00252
58,0.46866,0.17823,0.02668,0.00536,0.00252
59,0.50606,0.21829,0.02668,0.00536,0.00252
60,0.55481,0.24347,0.02668,0.00536,0.00252
61,0.61158,0.25205,0.02668,0.00536,0.00252
62,0.67250,0.24347,0.02668,0.00536,0.00252
63,0.73342,0.21829,0.02668,0.00536,0.00252
64,0.79019,0.17823,0.02668,0.00536,0.00252
65,0.83893,0.12603,0.02668,0.00536,0.00252
66,0.87634,0.06524,0.02668,0.00536,0.00252
67,0.89985,0.00000,0.02668,0.00536,0.00252
68,0.90787,0.00000,0.02668,0.00536,0.00252
69,0.89985,0.00000,0.02668,0.00536,0.00252
70,0.87634,0.00000,0.02668,0.00536,0.00252
71,0.83893,0.00000,0.02668,0.00536,0.00252
72,0.79019,0.00000,0.02668,0.00536,0.00252
73,0.69140,0.00000,0.03114,0.00597,0.00257
74,0.63397,0.00000,0.03114,0.00597,0.00257
75,0.57654,0.00000,0.03114,0.00597,0.00257
76,0.52302,0.00000,0.03114,0.00597,0.00257
77,0.47707,0.00000,0.03114,0.00597,0.00257
78,0.44181,0.00000,0.03114,0.00597,0.00257
79,0.41964,0.00000,0.03114,0.00597,0.00257
80,0.41208,0.06590,0.03114,0.00597,0.00257
81,0.41964,0.12731,0.03114,0.00597,0.00257
82,0.44181,0.18004,0.03114,0.00597,0.00257
83,0.47707,0.22050,0.03114,0.00597,0.00257
84,0.52302,0.24594,0.03114,0.00597,0.00257
85,0.57654,0.25462,0.03114,0.00597,0.00257
86,0.63397,0.24594,0.03114,0.00597,0.00257
87,0.69140,0.22050,0.03114,0.00597,0.00257
88,0.74491,0.18004,0.03114,0.00597,0.00257
89,0.79087,0.12731,0.03114,0.00597,0.00257
90,0.82613,0.06590,0.03114,0.00597,0.00257
91,0.84829,0.00000,0.03114,0.00597,0.00257
92,0.85585,0.00000,0.03114,0.00597,0.00257
93,0.84829,0.00000,0.03114,0.00597,0.00257
94,0.82613,0.00000,0.03114,0.00597,0.00257
95,0.79087,0.00000,0.03114,0.00597,0.00257
96,0.74491,0.00000,0.03114,0.00597,0.00257
97,0.68931,0.00000,0.03639,0.00669,0.00265
98,0.63205,0.00000,0.03639,0.00669,0.00265
99,0.57480,0.00000,0.03639,0.00669,0.00265
100,0.52144,0.00000,0.03639,0.00669,0.00265
101,0.47563,0.00000,0.03639,0.00669,0.00265
102,0.44047,0.00000,0.03639,0.00669,0.00265
103,0.41837,0.00000,0.03639,0.00669,0.00265
104,0.41083,0.06683,0.03639,0.00669,0.00265
105,0.41837,0.12910,0.03639,0.00669,0.00265
106,0.44047,0.18257,0.03639,0.00669,0.00265
107,0.47563,0.22360,0.03639,0.00669,0.00265
108,0.52144,0.24940,0.03639,0.00669,0.00265
109,0.57480,0.25819,0.03639,0.00669,0.00265
110,0.63205,0.24940,0.03639,0.00669,0.00265
111,0.68931,0.22360,0.03639,0.00669,0.00265
112,0.74266,0.18257,0.03639,0.00669,0.00265
113,0.78848,0.12910,0.03639,0.00669,0.00265
114,0.82363,0.06683,0.03639,0.00669,0.00265
115,0.84573,0.00000,0.03639,0.00669,0.00265
116,0.85327,0.00000,0.03639,0.00669,0.00265
117,0.84573,0.00000,0.03639,0.00669,0.00265
118,0.82363,0.00000,0.03639,0.00669,0.00265
119,0.78848,0.00000,0.03639,0.00669,0.00265
120,0.74266,0.00000,0.03639,0.00669,0.00265
121,0.72680,0.00000,0.04255,0.00754,0.00275
122,0.66643,0.00000,0.04255,0.00754,0.00275
123,0.60606,0.00000,0.04255,0.00754,0.00275
124,0.54980,0.00000,0.04255,0.00754,0.00275
125,0.50150,0.00000,0.04255,0.00754,0.00275
126,0.46443,0.00000,0.04255,0.00754,0.00275
127,0.44113,0.00000,0.04255,0.00754,0.00275
128,0.43318,0.06801,0.04255,0.00754,0.00275
129,0.44113,0.13139,0.04255,0.00754,0.00275
130,0.46443,0.18581,0.04255,0.00754,0.00275
131,0.50150,0.22757,0.04255,0.00754,0.00275
132,0.54980,0.25382,0.04255,0.00754,0.00275
133,0.60606,0.26278,0.04255,0.00754,0.00275
134,0.66643,0.25382,0.04255,0.00754,0.00275
135,0.72680,0.22757,0.04255,0.00754,0.00275
136,0.78305,0.18581,0.04255,0.00754,0.00275
137,0.83136,0.13139,0.04255,0.00754,0.00275
138,0.86843,0.06801,0.04255,0.00754,0.00275
139,0.89173,0.00000,0.04255,0.00754,0.00275
140,0.89968,0.00000,0.04255,0.00754,0.00275
141,0.89173,0.00000,0.04255,0.00754,0.00275
142,0.86843,0.00000,0.04255,0.00754,0.00275
143,0.83136,0.00000,0.04255,0.00754,0.00275
144,0.78305,0.00000,0.04255,0.00754,0.00275
145,0.77320,0.00000,0.04979,0.00854,0.00287
146,0.70898,0.00000,0.04979,0.00854,0.00287
147,0.64475,0.00000,0.04979,0.00854,0.00287
148,0.58491,0.00000,0.04979,0.00854,0.00287
149,0.53351,0.00000,0.04979,0.00854,0.00287
150,0.49408,0.00000,0.04979,0.00854,0.00287
151,0.46929,0.00000,0.04979,0.00854,0.00287
152,0.46084,0.06946,0.04979,0.00854,0.00287
153,0.46929,0.13418,0.04979,0.00854,0.00287
154,0.49408,0.18975,0.04979,0.00854,0.00287
155,0.53351,0.23240,0.04979,0.00854,0.00287
156,0.58491,0.25921,0.04979,0.00854,0.00287
157,0.64475,0.26835,0.04979,0.00854,0.00287
158,0.70898,0.25921,0.04979,0.00854,0.00287
159,0.77320,0.23240,0.04979,0.00854,0.00287
160,0.83305,0.18975,0.04979,0.00854,0.00287
161,0.88444,0.13418,0.04979,0.00854,0.00287
162,0.92388,0.06946,0.04979,0.00854,0.00287
163,0.94866,0.00000,0.04979,0.00854,0.00287
164,0.95712,0.00000,0.04979,0.00854,0.00287
165,0.94866,0.00000,0.04979,0.00854,0.00287
166,0.92388,0.00000,0.04979,0.00854,0.00287
167,0.88444,0.00000,0.04979,0.00854,0.00287
168,0.83305,0.00000,0.04979,0.00854,0.00287
169,0.79094,0.00000,0.05825,0.00972,0.00303
170,0.72524,0.00000,0.05825,0.00972,0.00303
171,0.65954,0.00000,0.05825,0.00972,0.00303
172,0.59832,0.00000,0.05825,0.00972,0.00303
173,0.54575,0.00000,0.05825,0.00972,0.00303
174,0.50541,0.00000,0.05825,0.00972,0.00303
175,0.48005,0.00000,0.05825,0.00972,0.00303
176,0.47141,0.07115,0.05825,0.00972,0.00303
177,0.48005,0.13745,0.05825,0.00972,0.00303
178,0.50541,0.19439,0.05825,0.00972,0.00303
179,0.54575,0.23808,0.05825,0.00972,0.00303
180,0.59832,0.26554,0.05825,0.00972,0.00303
181,0.65954,0.27491,0.05825,0.00972,0.00303
182,0.72524,0.26554,0.05825,0.00972,0.00303
183,0.79094,0.23808,0.05825,0.00972,0.00303
184,0.85216,0.19439,0.05825,0.00972,0.00303
185,0.90473,0.13745,0.05825,0.00972,0.00303
186,0.94507,0.07115,0.05825,0.00972,0.00303
187,0.97042,0.00000,0.05825,0.00972,0.00303
188,0.97907,0.00000,0.05825,0.00972,0.00303
189,0.97042,0.00000,0.05825,0.00972,0.00303
190,0.94507,0.00000,0.05825,0.00972,0.00303
191,0.90473,0.00000,0.05825,0.00972,0.00303
192,0.85216,0.00000,0.05825,0.00972,0.00303
193,0.76392,0.00000,0.06812,0.01111,0.00321
194,0.70047,0.00000,0.06812,0.01111,0.00321
195,0.63701,0.00000,0.06812,0.01111,0.00321
196,0.57789,0.00000,0.06812,0.01111,0.00321
197,0.52711,0.00000,0.06812,0.01111,0.00321
198,0.48815,0.00000,0.06812,0.01111,0.00321
199,0.46366,0.00000,0.06812,0.01111,0.00321
200,0.45530,0.07310,0.06812,0.01111,0.00321
201,0.46366,0.14121,0.06812,0.01111,0.00321
202,0.48815,0.19970,0.06812,0.01111,0.00321
203,0.52711,0.24458,0.06812,0.01111,0.00321
204,0.57789,0.27280,0.06812,0.01111,0.00321
205,0.63701,0.28242,0.06812,0.01111,0.00321
206,0.70047,0.27280,0.06812,0.01111,0.00321
207,0.76392,0.24458,0.06812,0.01111,0.00321
208,0.82305,0.19970,0.06812,0.01111,0.00321
209,0.87382,0.14121,0.06812,0.01111,0.00321
210,0.91279,0.07310,0.06812,0.01111,0.00321
211,0.93728,0.00000,0.06812,0.01111,0.00321
212,0.94563,0.00000,0.06812,0.01111,0.00321
213,0.93728,0.00000,0.06812,0.01111,0.00321
214,0.91279,0.00000,0.06812,0.01111,0.00321
215,0.87382,0.00000,0.06812,0.01111,0.00321
216,0.82305,0.00000,0.06812,0.01111,0.00321
217,0.70946,0.00000,0.07960,0.01275,0.00344
218,0.65053,0.00000,0.07960,0.01275,0.00344
219,0.59160,0.00000,0.07960,0.01275,0.00344
220,0.53669,0.00000,0.07960,0.01275,0.00344
221,0.48953,0.00000,0.07960,0.01275,0.00344
222,0.45335,0.00000,0.07960,0.01275,0.00344
223,0.43060,0.00000,0.07960,0.01275,0.00344
224,0.42284,0.07528,0.07960,0.01275,0.00344
225,0.43060,0.14544,0.07960,0.01275,0.00344
226,0.45335,0.20568,0.07960,0.01275,0.00344
227,0.48953,0.25190,0.07960,0.01275,0.00344
228,0.53669,0.28096,0.07960,0.01275,0.00344
229,0.59160,0.29087,0.07960,0.01275,0.00344
230,0.65053,0.28096,0.07960,0.01275,0.00344
231,0.70946,0.25190,0.07960,0.01275,0.00344
232,0.76437,0.20568,0.07960,0.01275,0.00344
233,0.81152,0.14544,0.07960,0.01275,0.00344
234,0.84771,0.07528,0.07960,0.01275,0.00344
235,0.87045,0.00000,0.07960,0.01275,0.00344
236,0.87821,0.00000,0.07960,0.01275,0.00344
237,0.87045,0.00000,0.07960,0.01275,0.00344
238,0.84771,0.00000,0.07960,0.01275,0.00344
239,0.81152,0.00000,0.07960,0.01275,0.00344
240,0.76437,0.00000,0.07960,0.01275,0.00344
241,0.66479,0.00000,0.09290,0.01470,0.00370
242,0.60957,0.00000,0.09290,0.01470,0.00370
243,0.55435,0.00000,0.09290,0.01470,0.00370
244,0.50290,0.00000,0.09290,0.01470,0.00370
245,0.45871,0.00000,0.09290,0.01470,0.00370
246,0.42480,0.00000,0.09290,0.01470,0.00370
247,0.40349,0.00000,0.09290,0.01470,0.00370
248,0.39622,0.07771,0.09290,0.01470,0.00370
249,0.40349,0.15012,0.09290,0.01470,0.00370
250,0.42480,0.21230,0.09290,0.01470,0.00370
251,0.45871,0.26002,0.09290,0.01470,0.00370
252,0.50290,0.29001,0.09290,0.01470,0.00370
253,0.55435,0.30024,0.09290,0.01470,0.00370
254,0.60957,0.29001,0.09290,0.01470,0.00370
255,0.66479,0.26002,0.09290,0.01470,0.00370
256,0.71625,0.21230,0.09290,0.01470,0.00370
257,0.76043,0.15012,0.09290,0.01470,0.00370
258,0.79434,0.07771,0.09290,0.01470,0.00370
259,0.81565,0.00000,0.09290,0.01470,0.00370
260,0.82292,0.00000,0.09290,0.01470,0.00370
261,0.81565,0.00000,0.09290,0.01470,0.00370
262,0.79434,0.00000,0.09290,0.01470,0.00370
263,0.76043,0.00000,0.09290,0.01470,0.00370
264,0.71625,0.00000,0.09290,0.01470,0.00370
265,0.65881,0.00000,0.10823,0.01699,0.00402
266,0.60409,0.00000,0.10823,0.01699,0.00402
267,0.54936,0.00000,0.10823,0.01699,0.00402
268,0.49837,0.00000,0.10823,0.01699,0.00402
269,0.45458,0.00000,0.10823,0.01699,0.00402
270,0.42098,0.00000,0.10823,0.01699,0.00402
271,0.39986,0.00000,0.10823,0.01699,0.00402
272,0.39266,0.08036,0.10823,0.01699,0.00402
273,0.39986,0.15525,0.10823,0.01699,0.00402
274,0.42098,0.21956,0.10823,0.01699,0.00402
275,0.45458,0.26890,0.10823,0.01699,0.00402
276,0.49837,0.29992,0.10823,0.01699,0.00402
277,0.54936,0.31050,0.10823,0.01699,0.00402
278,0.60409,0.29992,0.10823,0.01699,0.00402
279,0.65881,0.26890,0.10823,0.01699,0.00402
280,0.70980,0.21956,0.10823,0.01699,0.00402
281,0.75359,0.15525,0.10823,0.01699,0.00402
282,0.78719,0.08036,0.10823,0.01699,0.00402
283,0.80831,0.00000,0.10823,0.01699,0.00402
284,0.81552,0.00000,0.10823,0.01699,0.00402
285,0.80831,0.00000,0.10823,0.01699,0.00402
286,0.78719,0.00000,0.10823,0.01699,0.00402
287,0.75359,0.00000,0.10823,0.01699,0.00402
288,0.70980,0.00000,0.10823,0.01699,0.00402
289,0.69048,0.00000,0.12581,0.01970,0.00440
290,0.63313,0.00000,0.12581,0.01970,0.00440
291,0.57577,0.00000,0.12581,0.01970,0.00440
292,0.52233,0.00000,0.12581,0.01970,0.00440
293,0.47643,0.00000,0.12581,0.01970,0.00440
294,0.44122,0.00000,0.12581,0.01970,0.00440
295,0.41908,0.00000,0.12581,0.01970,0.00440
296,0.41153,0.08324,0.12581,0.01970,0.00440
297,0.41908,0.16081,0.12581,0.01970,0.00440
298,0.44122,0.22742,0.12581,0.01970,0.00440
299,0.47643,0.27853,0.12581,0.01970,0.00440
300,0.52233,0.31066,0.12581,0.01970,0.00440
301,0.57577,0.32162,0.12581,0.01970,0.00440
302,0.63313,0.31066,0.12581,0.01970,0.00440
303,0.69048,0.27853,0.12581,0.01970,0.00440
304,0.74392,0.22742,0.12581,0.01970,0.00440
305,0.78982,0.16081,0.12581,0.01970,0.00440
306,0.82503,0.08324,0.12581,0.01970,0.00440
307,0.84717,0.00000,0.12581,0.01970,0.00440
308,0.85472,0.00000,0.12581,0.01970,0.00440
309,0.84717,0.00000,0.12581,0.01970,0.00440
310,0.82503,0.00000,0.12581,0.01970,0.00440
311,0.78982,0.00000,0.12581,0.01970,0.00440
312,0.74392,0.00000,0.12581,0.01970,0.00440
313,0.73017,0.00000,0.14589,0.02290,0.00484
314,0.66952,0.00000,0.14589,0.02290,0.00484
315,0.60887,0.00000,0.14589,0.02290,0.00484
316,0.55236,0.00000,0.14589,0.02290,0.00484
317,0.50382,0.00000,0.14589,0.02290,0.00484
318,0.46658,0.00000,0.14589,0.02290,0.00484
319,0.44317,0.00000,0.14589,0.02290,0.00484
320,0.43519,0.08633,0.14589,0.02290,0.00484
321,0.44317,0.16679,0.14589,0.02290,0.00484
322,0.46658,0.23587,0.14589,0.02290,0.00484
323,0.50382,0.28888,0.14589,0.02290,0.00484
324,0.55236,0.32220,0.14589,0.02290,0.00484
325,0.60887,0.33357,0.14589,0.02290,0.00484
326,0.66952,0.32220,0.14589,0.02290,0.00484
327,0.73017,0.28888,0.14589,0.02290,0.00484
328,0.78669,0.23587,0.14589,0.02290,0.00484
329,0.83522,0.16679,0.14589,0.02290,0.00484
330,0.87246,0.08633,0.14589,0.02290,0.00484
331,0.89587,0.00000,0.14589,0.02290,0.00484
332,0.90385,0.00000,0.14589,0.02290,0.00484
333,0.89587,0.00000,0.14589,0.02290,0.00484
334,0.87246,0.00000,0.14589,0.02290,0.00484
335,0.83522,0.00000,0.14589,0.02290,0.00484
336,0.78669,0.00000,0.14589,0.02290,0.00484
337,0.74247,0.00000,0.16867,0.02668,0.00536
338,0.68079,0.00000,0.16867,0.02668,0.00536
339,0.61912,0.00000,0.16867,0.02668,0.00536
340,0.56166,0.00000,0.16867,0.02668,0.00536
341,0.51231,0.00000,0.16867,0.02668,0.00536
342,0.47444,0.00000,0.16867,0.02668,0.00536
343,0.45064,0.00000,0.16867,0.02668,0.00536
344,0.44252,0.08963,0.16867,0.02668,0.00536
345,0.45064,0.17316,0.16867,0.02668,0.00536
346,0.47444,0.24489,0.16867,0.02668,0.00536
347,0.51231,0.29992,0.16867,0.02668,0.00536
348,0.56166,0.33452,0.16867,0.02668,0.00536
349,0.61912,0.34632,0.16867,0.02668,0.00536
350,0.68079,0.33452,0.16867,0.02668,0.00536
351,0.74247,0.29992,0.16867,0.02668,0.00536
352,0.79993,0.24489,0.16867,0.02668,0.00536
353,0.84928,0.17316,0.16867,0.02668,0.00536
354,0.88715,0.08963,0.16867,0.02668,0.00536
355,0.91095,0.00000,0.16867,0.02668,0.00536
356,0.91907,0.00000,0.16867,0.02668,0.00536
357,0.91095,0.00000,0.16867,0.02668,0.00536
358,0.88715,0.00000,0.16867,0.02668,0.00536
359,0.84928,0.00000,0.16867,0.02668,0.00536
360,0.79993,0.00000,0.16867,0.02668,0.00536
361,0.71284,0.00000,0.19436,0.03114,0.00597
362,0.65363,0.00000,0.19436,0.03114,0.00597
363,0.59442,0.00000,0.19436,0.03114,0.00597
364,0.53925,0.00000,0.19436,0.03114,0.00597
365,0.49187,0.00000,0.19436,0.03114,0.00597
366,0.45551,0.00000,0.19436,0.03114,0.00597
367,0.43266,0.00000,0.19436,0.03114,0.00597
368,0.42486,0.09313,0.19436,0.03114,0.00597
369,0.43266,0.17992,0.19436,0.03114,0.00597
370,0.45551,0.25444,0.19436,0.03114,0.00597
371,0.49187,0.31163,0.19436,0.03114,0.00597
372,0.53925,0.34757,0.19436,0.03114,0.00597
373,0.59442,0.35983,0.19436,0.03114,0.00597
374,0.65363,0.34757,0.19436,0.03114,0.00597
375,0.71284,0.31163,0.19436,0.03114,0.00597
376,0.76802,0.25444,0.19436,0.03114,0.00597
377,0.81540,0.17992,0.19436,0.03114,0.00597
378,0.85175,0.09313,0.19436,0.03114,0.00597
379,0.87461,0.00000,0.19436,0.03114,0.00597
380,0.88240,0.00000,0.19436,0.03114,0.00597
381,0.87461,0.00000,0.19436,0.03114,0.00597
382,0.85175,0.00000,0.19436,0.03114,0.00597
383,0.81540,0.00000,0.19436,0.03114,0.00597
384,0.76802,0.00000,0.19436,0.03114,0.00597
385,0.65810,0.00000,0.22313,0.03639,0.00669
386,0.60343,0.00000,0.22313,0.03639,0.00669
387,0.54877,0.00000,0.22313,0.03639,0.00669
388,0.49783,0.00000,0.22313,0.03639,0.00669
389,0.45409,0.00000,0.22313,0.03639,0.00669
390,0.42053,0.00000,0.22313,0.03639,0.00669
391,0.39943,0.00000,0.22313,0.03639,0.00669
392,0.39223,0.09682,0.22313,0.03639,0.00669
393,0.39943,0.18704,0.22313,0.03639,0.00669
394,0.42053,0.26451,0.22313,0.03639,0.00669
395,0.45409,0.32396,0.22313,0.03639,0.00669
396,0.49783,0.36133,0.22313,0.03639,0.00669
397,0.54877,0.37408,0.22313,0.03639,0.00669
398,0.60343,0.36133,0.22313,0.03639,0.00669
399,0.65810,0.32396,0.22313,0.03639,0.00669
400,0.70904,0.26451,0.22313,0.03639,0.00669
401,0.75278,0.18704,0.22313,0.03639,0.00669
402,0.78634,0.09682,0.22313,0.03639,0.00669
403,0.80744,0.00000,0.22313,0.03639,0.00669
404,0.81464,0.00000,0.22313,0.03639,0.00669
405,0.80744,0.00000,0.22313,0.03639,0.00669
406,0.78634,0.00000,0.22313,0.03639,0.00669
407,0.75278,0.00000,0.22313,0.03639,0.00669
408,0.70904,0.00000,0.22313,0.03639,0.00669
409,0.61303,0.00000,0.25510,0.04255,0.00754
410,0.56211,0.00000,0.25510,0.04255,0.00754
411,0.51119,0.00000,0.25510,0.04255,0.00754
412,0.46374,0.00000,0.25510,0.04255,0.00754
413,0.42299,0.00000,0.25510,0.04255,0.00754
414,0.39173,0.00000,0.25510,0.04255,0.00754
415,0.37207,0.00000,0.25510,0.04255,0.00754
416,0.36537,0.10068,0.25510,0.04255,0.00754
417,0.37207,0.19450,0.25510,0.04255,0.00754
418,0.39173,0.27507,0.25510,0.04255,0.00754
419,0.42299,0.33689,0.25510,0.04255,0.00754
420,0.46374,0.37575,0.25510,0.04255,0.00754
421,0.51119,0.38900,0.25510,0.04255,0.00754
422,0.56211,0.37575,0.25510,0.04255,0.00754
423,0.61303,0.33689,0.25510,0.04255,0.00754
424,0.66047,0.27507,0.25510,0.04255,0.00754
425,0.70122,0.19450,0.25510,0.04255,0.00754
426,0.73249,0.10068,0.25510,0.04255,0.00754
427,0.75214,0.00000,0.25510,0.04255,0.00754
428,0.75884,0.00000,0.25510,0.04255,0.00754
429,0.75214,0.00000,0.25510,0.04255,0.00754
430,0.73249,0.00000,0.25510,0.04255,0.00754
431,0.70122,0.00000,0.25510,0.04255,0.00754
432,0.66047,0.00000,0.25510,0.04255,0.00754
433,0.60394,0.00000,0.29036,0.04979,0.00854
434,0.55378,0.00000,0.29036,0.04979,0.00854
435,0.50361,0.00000,0.29036,0.04979,0.00854
436,0.45687,0.00000,0.29036,0.04979,0.00854
437,0.41672,0.00000,0.29036,0.04979,0.00854
438,0.38592,0.00000,0.29036,0.04979,0.00854
439,0.36656,0.00000,0.29036,0.04979,0.00854
440,0.35996,0.10471,0.29036,0.04979,0.00854
441,0.36656,0.20229,0.29036,0.04979,0.00854
442,0.38592,0.28608,0.29036,0.04979,0.00854
443,0.41672,0.35038,0.29036,0.04979,0.00854
444,0.45687,0.39079,0.29036,0.04979,0.00854
445,0.50361,0.40458,0.29036,0.04979,0.00854
446,0.55378,0.39079,0.29036,0.04979,0.00854
447,0.60394,0.35038,0.29036,0.04979,0.00854
448,0.65069,0.28608,0.29036,0.04979,0.00854
449,0.69083,0.20229,0.29036,0.04979,0.00854
450,0.72163,0.10471,0.29036,0.04979,0.00854
451,0.74100,0.00000,0.29036,0.04979,0.00854
452,0.74760,0.00000,0.29036,0.04979,0.00854
453,0.74100,0.00000,0.29036,0.04979,0.00854
454,0.72163,0.00000,0.29036,0.04979,0.00854
455,0.69083,0.00000,0.29036,0.04979,0.00854
456,0.65069,0.00000,0.29036,0.04979,0.00854
457,0.62928,0.00000,0.32889,0.05825,0.00972
458,0.57701,0.00000,0.32889,0.05825,0.00972
459,0.52474,0.00000,0.32889,0.05825,0.00972
460,0.47603,0.00000,0.32889,0.05825,0.00972
461,0.43421,0.00000,0.32889,0.05825,0.00972
462,0.40211,0.00000,0.32889,0.05825,0.00972
463,0.38194,0.00000,0.32889,0.05825,0.00972
464,0.37506,0.10890,0.32889,0.05825,0.00972
465,0.38194,0.21038,0.32889,0.05825,0.00972
466,0.40211,0.29752,0.32889,0.05825,0.00972
467,0.43421,0.36439,0.32889,0.05825,0.00972
468,0.47603,0.40642,0.32889,0.05825,0.00972
469,0.52474,0.42076,0.32889,0.05825,0.00972
470,0.57701,0.40642,0.32889,0.05825,0.00972
471,0.62928,0.36439,0.32889,0.05825,0.00972
472,0.67799,0.29752,0.32889,0.05825,0.00972
473,0.71981,0.21038,0.32889,0.05825,0.00972
474,0.75191,0.10890,0.32889,0.05825,0.00972
475,0.77208,0.00000,0.32889,0.05825,0.00972
476,0.77897,0.00000,0.32889,0.05825,0.00972
477,0.77208,0.00000,0.32889,0.05825,0.00972
478,0.75191,0.00000,0.32889,0.05825,0.00972
479,0.71981,0.00000,0.32889,0.05825,0.00972
480,0.67799,0.00000,0.32889,0.05825,0.00972
481,0.66160,0.00000,0.37061,0.06812,0.01111
482,0.60664,0.00000,0.37061,0.06812,0.01111
483,0.55169,0.00000,0.37061,0.06812,0.01111
484,0.50048,0.00000,0.37061,0.06812,0.01111
485,0.45651,0.00000,0.37061,0.06812,0.01111
486,0.42276,0.00000,0.37061,0.06812,0.01111
487,0.40155,0.00000,0.37061,0.06812,0.01111
488,0.39432,0.11323,0.37061,0.06812,0.01111
489,0.40155,0.21875,0.37061,0.06812,0.01111
490,0.42276,0.30936,0.37061,0.06812,0.01111
491,0.45651,0.37889,0.37061,0.06812,0.01111
492,0.50048,0.42259,0.37061,0.06812,0.01111
493,0.55169,0.43750,0.37061,0.06812,0.01111
494,0.60664,0.42259,0.37061,0.06812,0.01111
495,0.66160,0.37889,0.37061,0.06812,0.01111
496,0.71281,0.30936,0.37061,0.06812,0.01111
497,0.75678,0.21875,0.37061,0.06812,0.01111
498,0.79052,0.11323,0.37061,0.06812,0.01111
499,0.81173,0.00000,0.37061,0.06812,0.01111
500,0.81897,0.00000,0.37061,0.06812,0.01111
501,0.81173,0.00000,0.37061,0.06812,0.01111
502,0.79052,0.00000,0.37061,0.06812,0.01111
503,0.75678,0.00000,0.37061,0.06812,0.01111
504,0.71281,0.00000,0.37061,0.06812,0.01111
505,0.66887,0.00000,0.41533,0.07960,0.01275
506,0.61331,0.00000,0.41533,0.07960,0.01275
507,0.55775,0.00000,0.41533,0.07960,0.01275
508,0.50598,0.00000,0.41533,0.07960,0.01275
509,0.46152,0.00000,0.41533,0.07960,0.01275
510,0.42741,0.00000,0.41533,0.07960,0.01275
511,0.40597,0.00000,0.41533,0.07960,0.01275
512,0.39865,0.11770,0.41533,0.07960,0.01275
513,0.40597,0.22738,0.41533,0.07960,0.01275
514,0.42741,0.32156,0.41533,0.07960,0.01275
515,0.46152,0.39383,0.41533,0.07960,0.01275
516,0.50598,0.43926,0.41533,0.07960,0.01275
517,0.55775,0.45475,0.41533,0.07960,0.01275
518,0.61331,0.43926,0.41533,0.07960,0.01275
519,0.66887,0.39383,0.41533,0.07960,0.01275
520,0.72064,0.32156,0.41533,0.07960,0.01275
521,0.76510,0.22738,0.41533,0.07960,0.01275
522,0.79921,0.11770,0.41533,0.07960,0.01275
523,0.82066,0.00000,0.41533,0.07960,0.01275
524,0.82797,0.00000,0.41533,0.07960,0.01275
525,0.82066,0.00000,0.41533,0.07960,0.01275
526,0.79921,0.00000,0.41533,0.07960,0.01275
527,0.76510,0.00000,0.41533,0.07960,0.01275
528,0.72064,0.00000,0.41533,0.07960,0.01275
529,0.63852,0.00000,0.46275,0.09290,0.01470
530,0.58549,0.00000,0.46275,0.09290,0.01470
531,0.53245,0.00000,0.46275,0.09290,0.01470
532,0.48303,0.00000,0.46275,0.09290,0.01470
533,0.44058,0.00000,0.46275,0.09290,0.01470
534,0.40802,0.00000,0.46275,0.09290,0.01470
535,0.38755,0.00000,0.46275,0.09290,0.01470
536,0.38057,0.12229,0.46275,0.09290,0.01470
537,0.38755,0.23624,0.46275,0.09290,0.01470
538,0.40802,0.33409,0.46275,0.09290,0.01470
539,0.44058,0.40917,0.46275,0.09290,0.01470
540,0.48303,0.45637,0.46275,0.09290,0.01470
541,0.53245,0.47247,0.46275,0.09290,0.01470
542,0.58549,0.45637,0.46275,0.09290,0.01470
543,0.63852,0.40917,0.46275,0.09290,0.01470
544,0.68794,0.33409,0.46275,0.09290,0.01470
545,0.73039,0.23624,0.46275,0.09290,0.01470
546,0.76295,0.12229,0.46275,0.09290,0.01470
547,0.78342,0.00000,0.46275,0.09290,0.01470
548,0.79040,0.00000,0.46275,0.09290,0.01470
549,0.78342,0.00000,0.46275,0.09290,0.01470
550,0.76295,0.00000,0.46275,0.09290,0.01470
551,0.73039,0.00000,0.46275,0.09290,0.01470
552,0.68794,0.00000,0.46275,0.09290,0.01470
553,0.58616,0.00000,0.51244,0.10823,0.01699
554,0.53748,0.00000,0.51244,0.10823,0.01699
555,0.48879,0.00000,0.51244,0.10823,0.01699
556,0.44342,0.00000,0.51244,0.10823,0.01699
557,0.40446,0.00000,0.51244,0.10823,0.01699
558,0.37456,0.00000,0.51244,0.10823,0.01699
559,0.35577,0.00000,0.51244,0.10823,0.01699
560,0.34936,0.12698,0.51244,0.10823,0.01699
561,0.35577,0.24531,0.51244,0.10823,0.01699
562,0.37456,0.34692,0.51244,0.10823,0.01699
563,0.40446,0.42488,0.51244,0.10823,0.01699
564,0.44342,0.47389,0.51244,0.10823,0.01699
565,0.48879,0.49061,0.51244,0.10823,0.01699
566,0.53748,0.47389,0.51244,0.10823,0.01699
567,0.58616,0.42488,0.51244,0.10823,0.01699
568,0.63153,0.34692,0.51244,0.10823,0.01699
569,0.67049,0.24531,0.51244,0.10823,0.01699
570,0.70039,0.12698,0.51244,0.10823,0.01699
571,0.71918,0.00000,0.51244,0.10823,0.01699
572,0.72559,0.00000,0.51244,0.10823,0.01699
573,0.71918,0.00000,0.51244,0.10823,0.01699
574,0.70039,0.00000,0.51244,0.10823,0.01699
575,0.67049,0.00000,0.51244,0.10823,0.01699
576,0.63153,0.00000,0.51244,0.10823,0.01699
577,0.54298,0.00000,0.56386,0.12581,0.01970
578,0.49788,0.00000,0.56386,0.12581,0.01970
579,0.45278,0.00000,0.56386,0.12581,0.01970
580,0.41075,0.00000,0.56386,0.12581,0.01970
581,0.37466,0.00000,0.56386,0.12581,0.01970
582,0.34697,0.00000,0.56386,0.12581,0.01970
583,0.32956,0.00000,0.56386,0.12581,0.01970
584,0.32362,0.13177,0.56386,0.12581,0.01970
585,0.32956,0.25456,0.56386,0.12581,0.01970
586,0.34697,0.36000,0.56386,0.12581,0.01970
587,0.37466,0.44091,0.56386,0.12581,0.01970
588,0.41075,0.49177,0.56386,0.12581,0.01970
589,0.45278,0.50912,0.56386,0.12581,0.01970
590,0.49788,0.49177,0.56386,0.12581,0.01970
591,0.54298,0.44091,0.56386,0.12581,0.01970
592,0.58501,0.36000,0.56386,0.12581,0.01970
593,0.62110,0.25456,0.56386,0.12581,0.01970
594,0.64879,0.13177,0.56386,0.12581,0.01970
595,0.66620,0.00000,0.56386,0.12581,0.01970
596,0.67214,0.00000,0.56386,0.12581,0.01970
597,0.66620,0.00000,0.56386,0.12581,0.01970
598,0.64879,0.00000,0.56386,0.12581,0.01970
599,0.62110,0.00000,0.56386,0.12581,0.01970
600,0.58501,0.00000,0.56386,0.12581,0.01970
601,0.53200,0.00000,0.61632,0.14589,0.02290
602,0.48781,0.00000,0.61632,0.14589,0.02290
603,0.44362,0.00000,0.61632,0.14589,0.02290
604,0.40245,0.00000,0.61632,0.14589,0.02290
605,0.36709,0.00000,0.61632,0.14589,0.02290
606,0.33995,0.00000,0.61632,0.14589,0.02290
607,0.32290,0.00000,0.61632,0.14589,0.02290
608,0.31708,0.13664,0.61632,0.14589,0.02290
609,0.32290,0.26397,0.61632,0.14589,0.02290
610,0.33995,0.37331,0.61632,0.14589,0.02290
611,0.36709,0.45721,0.61632,0.14589,0.02290
612,0.40245,0.50995,0.61632,0.14589,0.02290
613,0.44362,0.52794,0.61632,0.14589,0.02290
614,0.48781,0.50995,0.61632,0.14589,0.02290
615,0.53200,0.45721,0.61632,0.14589,0.02290
616,0.57318,0.37331,0.61632,0.14589,0.02290
617,0.60854,0.26397,0.61632,0.14589,0.02290
618,0.63567,0.13664,0.61632,0.14589,0.02290
619,0.65273,0.00000,0.61632,0.14589,0.02290
620,0.65855,0.00000,0.61632,0.14589,0.02290
621,0.65273,0.00000,0.61632,0.14589,0.02290
622,0.63567,0.00000,0.61632,0.14589,0.02290
623,0.60854,0.00000,0.61632,0.14589,0.02290
624,0.57318,0.00000,0.61632,0.14589,0.02290
625,0.55134,0.00000,0.66903,0.16867,0.02668
626,0.50554,0.00000,0.66903,0.16867,0.02668
627,0.45975,0.00000,0.66903,0.16867,0.02668
628,0.41707,0.00000,0.66903,0.16867,0.02668
629,0.38043,0.00000,0.66903,0.16867,0.02668
630,0.35231,0.00000,0.66903,0.16867,0.02668
631,0.33463,0.00000,0.66903,0.16867,0.02668
632,0.32860,0.14158,0.66903,0.16867,0.02668
633,0.33463,0.27352,0.66903,0.16867,0.02668
634,0.35231,0.38681,0.66903,0.16867,0.02668
635,0.38043,0.47374,0.66903,0.16867,0.02668
636,0.41707,0.52839,0.66903,0.16867,0.02668
637,0.45975,0.54703,0.66903,0.16867,0.02668
638,0.50554,0.52839,0.66903,0.16867,0.02668
639,0.55134,0.47374,0.66903,0.16867,0.02668
640,0.59401,0.38681,0.66903,0.16867,0.02668
641,0.63066,0.27352,0.66903,0.16867,0.02668
642,0.65878,0.14158,0.66903,0.16867,0.02668
643,0.67645,0.00000,0.66903,0.16867,0.02668
644,0.68248,0.00000,0.66903,0.16867,0.02668
645,0.67645,0.00000,0.66903,0.16867,0.02668
646,0.65878,0.00000,0.66903,0.16867,0.02668
647,0.63066,0.00000,0.66903,0.16867,0.02668
648,0.59401,0.00000,0.66903,0.16867,0.02668
649,0.57659,0.00000,0.72110,0.19436,0.03114
650,0.52870,0.00000,0.72110,0.19436,0.03114
651,0.48080,0.00000,0.72110,0.19436,0.03114
652,0.43618,0.00000,0.72110,0.19436,0.03114
653,0.39785,0.00000,0.72110,0.19436,0.03114
654,0.36844,0.00000,0.72110,0.19436,0.03114
655,0.34996,0.00000,0.72110,0.19436,0.03114
656,0.34365,0.14658,0.72110,0.19436,0.03114
657,0.34996,0.28317,0.72110,0.19436,0.03114
658,0.36844,0.40046,0.72110,0.19436,0.03114
659,0.39785,0.49046,0.72110,0.19436,0.03114
660,0.43618,0.54704,0.72110,0.19436,0.03114
661,0.48080,0.56634,0.72110,0.19436,0.03114
662,0.52870,0.54704,0.72110,0.19436,0.03114
663,0.57659,0.49046,0.72110,0.19436,0.03114
664,0.62122,0.40046,0.72110,0.19436,0.03114
665,0.65954,0.28317,0.72110,0.19436,0.03114
666,0.68895,0.14658,0.72110,0.19436,0.03114
667,0.70744,0.00000,0.72110,0.19436,0.03114
668,0.71374,0.00000,0.72110,0.19436,0.03114
669,0.70744,0.00000,0.72110,0.19436,0.03114
670,0.68895,0.00000,0.72110,0.19436,0.03114
671,0.65954,0.00000,0.72110,0.19436,0.03114
672,0.62122,0.00000,0.72110,0.19436,0.03114
673,0.57992,0.00000,0.77154,0.22313,0.03639
674,0.53175,0.00000,0.77154,0.22313,0.03639
675,0.48358,0.00000,0.77154,0.22313,0.03639
676,0.43870,0.00000,0.77154,0.22313,0.03639
677,0.40015,0.00000,0.77154,0.22313,0.03639
678,0.37057,0.00000,0.77154,0.22313,0.03639
679,0.35198,0.00000,0.77154,0.22313,0.03639
680,0.34564,0.15162,0.77154,0.22313,0.03639
681,0.35198,0.29290,0.77154,0.22313,0.03639
682,0.37057,0.41422,0.77154,0.22313,0.03639
683,0.40015,0.50732,0.77154,0.22313,0.03639
684,0.43870,0.56584,0.77154,0.22313,0.03639
685,0.48358,0.58580,0.77154,0.22313,0.03639
686,0.53175,0.56584,0.77154,0.22313,0.03639
687,0.57992,0.50732,0.77154,0.22313,0.03639
688,0.62481,0.41422,0.77154,0.22313,0.03639
689,0.66335,0.29290,0.77154,0.22313,0.03639
690,0.69293,0.15162,0.77154,0.22313,0.03639
691,0.71152,0.00000,0.77154,0.22313,0.03639
692,0.71787,0.00000,0.77154,0.22313,0.03639
693,0.71152,0.00000,0.77154,0.22313,0.03639
694,0.69293,0.00000,0.77154,0.22313,0.03639
695,0.66335,0.00000,0.77154,0.22313,0.03639
696,0.62481,0.00000,0.77154,0.22313,0.03639
697,0.55083,0.00000,0.81934,0.25510,0.04255
698,0.50508,0.00000,0.81934,0.25510,0.04255
699,0.45933,0.00000,0.81934,0.25510,0.04255
700,0.41669,0.00000,0.81934,0.25510,0.04255
701,0.38008,0.00000,0.81934,0.25510,0.04255
702,0.35199,0.00000,0.81934,0.25510,0.04255
703,0.33433,0.00000,0.81934,0.25510,0.04255
704,0.32830,0.15668,0.81934,0.25510,0.04255
705,0.33433,0.30269,0.81934,0.25510,0.04255
706,0.35199,0.42806,0.81934,0.25510,0.04255
707,0.38008,0.52427,0.81934,0.25510,0.04255
708,0.41669,0.58475,0.81934,0.25510,0.04255
709,0.45933,0.60537,0.81934,0.25510,0.04255
710,0.50508,0.58475,0.81934,0.25510,0.04255
711,0.55083,0.52427,0.81934,0.25510,0.04255
712,0.59347,0.42806,0.81934,0.25510,0.04255
713,0.63008,0.30269,0.81934,0.25510,0.04255
714,0.65817,0.15668,0.81934,0.25510,0.04255
715,0.67583,0.00000,0.81934,0.25510,0.04255
716,0.68186,0.00000,0.81934,0.25510,0.04255
717,0.67583,0.00000,0.81934,0.25510,0.04255
718,0.65817,0.00000,0.81934,0.25510,0.04255
719,0.63008,0.00000,0.81934,0.25510,0.04255
720,0.59347,0.00000,0.81934,0.25510,0.04255
721,0.50321,0.00000,0.86344,0.29036,0.04979
722,0.46141,0.00000,0.86344,0.29036,0.04979
723,0.41961,0.00000,0.86344,0.29036,0.04979
724,0.38066,0.00000,0.86344,0.29036,0.04979
725,0.34722,0.00000,0.86344,0.29036,0.04979
726,0.32155,0.00000,0.86344,0.29036,0.04979
727,0.30542,0.00000,0.86344,0.29036,0.04979
728,0.29992,0.16176,0.86344,0.29036,0.04979
729,0.30542,0.31250,0.86344,0.29036,0.04979
730,0.32155,0.44194,0.86344,0.29036,0.04979
731,0.34722,0.54127,0.86344,0.29036,0.04979
732,0.38066,0.60370,0.86344,0.29036,0.04979
733,0.41961,0.62500,0.86344,0.29036,0.04979
734,0.46141,0.60370,0.86344,0.29036,0.04979
735,0.50321,0.54127,0.86344,0.29036,0.04979
736,0.54216,0.44194,0.86344,0.29036,0.04979
737,0.57561,0.31250,0.86344,0.29036,0.04979
738,0.60127,0.16176,0.86344,0.29036,0.04979
739,0.61740,0.00000,0.86344,0.29036,0.04979
740,0.62291,0.00000,0.86344,0.29036,0.04979
741,0.61740,0.00000,0.86344,0.29036,0.04979
742,0.60127,0.00000,0.86344,0.29036,0.04979
743,0.57561,0.00000,0.86344,0.29036,0.04979
744,0.54216,0.00000,0.86344,0.29036,0.04979
745,0.46396,0.00000,0.90283,0.32889,0.05825
746,0.42542,0.00000,0.90283,0.32889,0.05825
747,0.38688,0.00000,0.90283,0.32889,0.05825
748,0.35097,0.00000,0.90283,0.32889,0.05825
749,0.32013,0.00000,0.90283,0.32889,0.05825
750,0.29647,0.00000,0.90283,0.32889,0.05825
751,0.28160,0.00000,0.90283,0.32889,0.05825
752,0.27652,0.16684,0.90283,0.32889,0.05825
753,0.28160,0.32231,0.90283,0.32889,0.05825
754,0.29647,0.45582,0.90283,0.32889,0.05825
755,0.32013,0.55826,0.90283,0.32889,0.05825
756,0.35097,0.62266,0.90283,0.32889,0.05825
757,0.38688,0.64463,0.90283,0.32889,0.05825
758,0.42542,0.62266,0.90283,0.32889,0.05825
759,0.46396,0.55826,0.90283,0.32889,0.05825
760,0.49987,0.45582,0.90283,0.32889,0.05825
761,0.53071,0.32231,0.90283,0.32889,0.05825
762,0.55437,0.16684,0.90283,0.32889,0.05825
763,0.56924,0.00000,0.90283,0.32889,0.05825
764,0.57432,0.00000,0.90283,0.32889,0.05825
765,0.56924,0.00000,0.90283,0.32889,0.05825
766,0.55437,0.00000,0.90283,0.32889,0.05825
767,0.53071,0.00000,0.90283,0.32889,0.05825
768,0.49987,0.00000,0.90283,0.32889,0.05825
769,0.45254,0.00000,0.93655,0.37061,0.06812
770,0.41495,0.00000,0.93655,0.37061,0.06812
771,0.37737,0.00000,0.93655,0.37061,0.06812
772,0.34234,0.00000,0.93655,0.37061,0.06812
773,0.31226,0.00000,0.93655,0.37061,0.06812
774,0.28918,0.00000,0.93655,0.37061,0.06812
775,0.27467,0.00000,0.93655,0.37061,0.06812
776,0.26972,0.17191,0.93655,0.37061,0.06812
777,0.27467,0.33210,0.93655,0.37061,0.06812
778,0.28918,0.46966,0.93655,0.37061,0.06812
779,0.31226,0.57521,0.93655,0.37061,0.06812
780,0.34234,0.64157,0.93655,0.37061,0.06812
781,0.37737,0.66420,0.93655,0.37061,0.06812
782,0.41495,0.64157,0.93655,0.37061,0.06812
783,0.45254,0.57521,0.93655,0.37061,0.06812
784,0.48757,0.46966,0.93655,0.37061,0.06812
785,0.51765,0.33210,0.93655,0.37061,0.06812
786,0.54073,0.17191,0.93655,0.37061,0.06812
787,0.55524,0.00000,0.93655,0.37061,0.06812
788,0.56019,0.00000,0.93655,0.37061,0.06812
789,0.55524,0.00000,0.93655,0.37061,0.06812
790,0.54073,0.00000,0.93655,0.37061,0.06812
791,0.51765,0.00000,0.93655,0.37061,0.06812
792,0.48757,0.00000,0.93655,0.37061,0.06812
793,0.46700,0.00000,0.96374,0.41533,0.07960
794,0.42821,0.00000,0.96374,0.41533,0.07960
795,0.38942,0.00000,0.96374,0.41533,0.07960
796,0.35327,0.00000,0.96374,0.41533,0.07960
797,0.32223,0.00000,0.96374,0.41533,0.07960
798,0.29841,0.00000,0.96374,0.41533,0.07960
799,0.28344,0.00000,0.96374,0.41533,0.07960
800,0.27834,0.17694,0.96374,0.41533,0.07960
801,0.28344,0.34183,0.96374,0.41533,0.07960
802,0.29841,0.48342,0.96374,0.41533,0.07960
803,0.32223,0.59207,0.96374,0.41533,0.07960
804,0.35327,0.66037,0.96374,0.41533,0.07960
805,0.38942,0.68366,0.96374,0.41533,0.07960
806,0.42821,0.66037,0.96374,0.41533,0.07960
807,0.46700,0.59207,0.96374,0.41533,0.07960
808,0.50315,0.48342,0.96374,0.41533,0.07960
809,0.53419,0.34183,0.96374,0.41533,0.07960
810,0.55800,0.17694,0.96374,0.41533,0.07960
811,0.57298,0.00000,0.96374,0.41533,0.07960
812,0.57808,0.00000,0.96374,0.41533,0.07960
813,0.57298,0.00000,0.96374,0.41533,0.07960
814,0.55800,0.00000,0.96374,0.41533,0.07960
815,0.53419,0.00000,0.96374,0.41533,0.07960
816,0.50315,0.00000,0.96374,0.41533,0.07960
817,0.48644,0.00000,0.98370,0.46275,0.09290
818,0.44604,0.00000,0.98370,0.46275,0.09290
819,0.40563,0.00000,0.98370,0.46275,0.09290
820,0.36798,0.00000,0.98370,0.46275,0.09290
821,0.33565,0.00000,0.98370,0.46275,0.09290
822,0.31084,0.00000,0.98370,0.46275,0.09290
823,0.29524,0.00000,0.98370,0.46275,0.09290
824,0.28992,0.18194,0.98370,0.46275,0.09290
825,0.29524,0.35148,0.98370,0.46275,0.09290
826,0.31084,0.49707,0.98370,0.46275,0.09290
827,0.33565,0.60879,0.98370,0.46275,0.09290
828,0.36798,0.67901,0.98370,0.46275,0.09290
829,0.40563,0.70297,0.98370,0.46275,0.09290
830,0.44604,0.67901,0.98370,0.46275,0.09290
831,0.48644,0.60879,0.98370,0.46275,0.09290
832,0.52409,0.49707,0.98370,0.46275,0.09290
833,0.55643,0.35148,0.98370,0.46275,0.09290
834,0.58123,0.18194,0.98370,0.46275,0.09290
835,0.59683,0.00000,0.98370,0.46275,0.09290
836,0.60215,0.00000,0.98370,0.46275,0.09290
837,0.59683,0.00000,0.98370,0.46275,0.09290
838,0.58123,0.00000,0.98370,0.46275,0.09290
839,0.55643,0.00000,0.98370,0.46275,0.09290
840,0.52409,0.00000,0.98370,0.46275,0.09290
841,0.48744,0.00000,0.99590,0.51244,0.10823
842,0.44695,0.00000,0.99590,0.51244,0.10823
843,0.40646,0.00000,0.99590,0.51244,0.10823
844,0.36874,0.00000,0.99590,0.51244,0.10823
845,0.33634,0.00000,0.99590,0.51244,0.10823
846,0.31148,0.00000,0.99590,0.51244,0.10823
847,0.29585,0.00000,0.99590,0.51244,0.10823
848,0.29052,0.18688,0.99590,0.51244,0.10823
849,0.29585,0.36103,0.99590,0.51244,0.10823
850,0.31148,0.51057,0.99590,0.51244,0.10823
851,0.33634,0.62532,0.99590,0.51244,0.10823
852,0.36874,0.69745,0.99590,0.51244,0.10823
853,0.40646,0.72206,0.99590,0.51244,0.10823
854,0.44695,0.69745,0.99590,0.51244,0.10823
855,0.48744,0.62532,0.99590,0.51244,0.10823
856,0.52517,0.51057,0.99590,0.51244,0.10823
857,0.55757,0.36103,0.99590,0.51244,0.10823
858,0.58243,0.18688,0.99590,0.51244,0.10823
859,0.59806,0.00000,0.99590,0.51244,0.10823
860,0.60339,0.00000,0.99590,0.51244,0.10823
861,0.59806,0.00000,0.99590,0.51244,0.10823
862,0.58243,0.00000,0.99590,0.51244,0.10823
863,0.55757,0.00000,0.99590,0.51244,0.10823
864,0.52517,0.00000,0.99590,0.51244,0.10823
865,0.46143,0.00000,1.00000,0.56386,0.12581
866,0.42310,0.00000,1.00000,0.56386,0.12581
867,0.38477,0.00000,1.00000,0.56386,0.12581
868,0.34906,0.00000,1.00000,0.56386,0.12581
869,0.31839,0.00000,1.00000,0.56386,0.12581
870,0.29485,0.00000,1.00000,0.56386,0.12581
871,0.28006,0.00000,1.00000,0.56386,0.12581
872,0.27501,0.19175,1.00000,0.56386,0.12581
873,0.28006,0.37044,1.00000,0.56386,0.12581
874,0.29485,0.52388,1.00000,0.56386,0.12581
875,0.31839,0.64162,1.00000,0.56386,0.12581
876,0.34906,0.71564,1.00000,0.56386,0.12581
877,0.38477,0.74088,1.00000,0.56386,0.12581
878,0.42310,0.71564,1.00000,0.56386,0.12581
879,0.46143,0.64162,1.00000,0.56386,0.12581
880,0.49714,0.52388,1.00000,0.56386,0.12581
881,0.52781,0.37044,1.00000,0.56386,0.12581
882,0.55134,0.19175,1.00000,0.56386,0.12581
883,0.56614,0.00000,1.00000,0.56386,0.12581
884,0.57118,0.00000,1.00000,0.56386,0.12581
885,0.56614,0.00000,1.00000,0.56386,0.12581
886,0.55134,0.00000,1.00000,0.56386,0.12581
887,0.52781,0.00000,1.00000,0.56386,0.12581
888,0.49714,0.00000,1.00000,0.56386,0.12581
889,0.42026,0.00000,0.99590,0.61632,0.14589
890,0.38535,0.00000,0.99590,0.61632,0.14589
891,0.35044,0.00000,0.99590,0.61632,0.14589
892,0.31791,0.00000,0.99590,0.61632,0.14589
893,0.28998,0.00000,0.99590,0.61632,0.14589
894,0.26855,0.00000,0.99590,0.61632,0.14589
895,0.25507,0.00000,0.99590,0.61632,0.14589
896,0.25048,0.19654,0.99590,0.61632,0.14589
897,0.25507,0.37969,0.99590,0.61632,0.14589
898,0.26855,0.53697,0.99590,0.61632,0.14589
899,0.28998,0.65765,0.99590,0.61632,0.14589
900,0.31791,0.73351,0.99590,0.61632,0.14589
901,0.35044,0.75939,0.99590,0.61632,0.14589
902,0.38535,0.73351,0.99590,0.61632,0.14589
903,0.42026,0.65765,0.99590,0.61632,0.14589
904,0.45278,0.53697,0.99590,0.61632,0.14589
905,0.48072,0.37969,0.99590,0.61632,0.14589
906,0.50215,0.19654,0.99590,0.61632,0.14589
907,0.51562,0.00000,0.99590,0.61632,0.14589
908,0.52022,0.00000,0.99590,0.61632,0.14589
909,0.51562,0.00000,0.99590,0.61632,0.14589
910,0.50215,0.00000,0.99590,0.61632,0.14589
911,0.48072,0.00000,0.99590,0.61632,0.14589
912,0.45278,0.00000,0.99590,0.61632,0.14589
913,0.38646,0.00000,0.98370,0.66903,0.16867
914,0.35436,0.00000,0.98370,0.66903,0.16867
915,0.32226,0.00000,0.98370,0.66903,0.16867
916,0.29234,0.00000,0.98370,0.66903,0.16867
917,0.26666,0.00000,0.98370,0.66903,0.16867
918,0.24695,0.00000,0.98370,0.66903,0.16867
919,0.23456,0.00000,0.98370,0.66903,0.16867
920,0.23033,0.20124,0.98370,0.66903,0.16867
921,0.23456,0.38876,0.98370,0.66903,0.16867
922,0.24695,0.54979,0.98370,0.66903,0.16867
923,0.26666,0.67336,0.98370,0.66903,0.16867
924,0.29234,0.75103,0.98370,0.66903,0.16867
925,0.32226,0.77753,0.98370,0.66903,0.16867
926,0.35436,0.75103,0.98370,0.66903,0.16867
927,0.38646,0.67336,0.98370,0.66903,0.16867
928,0.41637,0.54979,0.98370,0.66903,0.16867
929,0.44205,0.38876,0.98370,0.66903,0.16867
930,0.46176,0.20124,0.98370,0.66903,0.16867
931,0.47415,0.00000,0.98370,0.66903,0.16867
932,0.47838,0.00000,0.98370,0.66903,0.16867
933,0.47415,0.00000,0.98370,0.66903,0.16867
934,0.46176,0.00000,0.98370,0.66903,0.16867
935,0.44205,0.00000,0.98370,0.66903,0.16867
936,0.41637,0.00000,0.98370,0.66903,0.16867
937,0.37612,0.00000,0.96374,0.72110,0.19436
938,0.34488,0.00000,0.96374,0.72110,0.19436
939,0.31364,0.00000,0.96374,0.72110,0.19436
940,0.28453,0.00000,0.96374,0.72110,0.19436
941,0.25953,0.00000,0.96374,0.72110,0.19436
942,0.24034,0.00000,0.96374,0.72110,0.19436
943,0.22829,0.00000,0.96374,0.72110,0.19436
944,0.22417,0.20582,0.96374,0.72110,0.19436
945,0.22829,0.39762,0.96374,0.72110,0.19436
946,0.24034,0.56232,0.96374,0.72110,0.19436
947,0.25953,0.68870,0.96374,0.72110,0.19436
948,0.28453,0.76815,0.96374,0.72110,0.19436
949,0.31364,0.79525,0.96374,0.72110,0.19436
950,0.34488,0.76815,0.96374,0.72110,0.19436
951,0.37612,0.68870,0.96374,0.72110,0.19436
952,0.40523,0.56232,0.96374,0.72110,0.19436
953,0.43023,0.39762,0.96374,0.72110,0.19436
954,0.44942,0.20582,0.96374,0.72110,0.19436
955,0.46148,0.00000,0.96374,0.72110,0.19436
956,0.46559,0.00000,0.96374,0.72110,0.19436
957,0.46148,0.00000,0.96374,0.72110,0.19436
958,0.44942,0.00000,0.96374,0.72110,0.19436
959,0.43023,0.00000,0.96374,0.72110,0.19436
960,0.40523,0.00000,0.96374,0.72110,0.19436
961,0.38747,0.00000,0.93655,0.77154,0.22313
962,0.35529,0.00000,0.93655,0.77154,0.22313
963,0.32310,0.00000,0.93655,0.77154,0.22313
964,0.29311,0.00000,0.93655,0.77154,0.22313
965,0.26736,0.00000,0.93655,0.77154,0.22313
966,0.24760,0.00000,0.93655,0.77154,0.22313
967,0.23517,0.00000,0.93655,0.77154,0.22313
968,0.23094,0.21029,0.93655,0.77154,0.22313
969,0.23517,0.40625,0.93655,0.77154,0.22313
970,0.24760,0.57452,0.93655,0.77154,0.22313
971,0.26736,0.70365,0.93655,0.77154,0.22313
972,0.29311,0.78481,0.93655,0.77154,0.22313
973,0.32310,0.81250,0.93655,0.77154,0.22313
974,0.35529,0.78481,0.93655,0.77154,0.22313
975,0.38747,0.70365,0.93655,0.77154,0.22313
976,0.41746,0.57452,0.93655,0.77154,0.22313
977,0.44322,0.40625,0.93655,0.77154,0.22313
978,0.46298,0.21029,0.93655,0.77154,0.22313
979,0.47540,0.00000,0.93655,0.77154,0.22313
980,0.47964,0.00000,0.93655,0.77154,0.22313
981,0.47540,0.00000,0.93655,0.77154,0.22313
982,0.46298,0.00000,0.93655,0.77154,0.22313
983,0.44322,0.00000,0.93655,0.77154,0.22313
984,0.41746,0.00000,0.93655,0.77154,0.22313
985,0.40313,0.00000,0.90283,0.81934,0.25510
986,0.36964,0.00000,0.90283,0.81934,0.25510
987,0.33616,0.00000,0.90283,0.81934,0.25510
988,0.30495,0.00000,0.90283,0.81934,0.25510
989,0.27816,0.00000,0.90283,0.81934,0.25510
990,0.25760,0.00000,0.90283,0.81934,0.25510
991,0.24468,0.00000,0.90283,0.81934,0.25510
992,0.24027,0.21462,0.90283,0.81934,0.25510
993,0.24468,0.41462,0.90283,0.81934,0.25510
994,0.25760,0.58636,0.90283,0.81934,0.25510
995,0.27816,0.71814,0.90283,0.81934,0.25510
996,0.30495,0.80098,0.90283,0.81934,0.25510
997,0.33616,0.82924,0.90283,0.81934,0.25510
998,0.36964,0.80098,0.90283,0.81934,0.25510
999,0.40313,0.71814,0.90283,0.81934,0.25510
1000,0.43433,0.58636,0.90283,0.81934,0.25510
1001,0.46112,0.41462,0.90283,0.81934,0.25510
1002,0.48168,0.21462,0.90283,0.81934,0.25510
1003,0.49461,0.00000,0.90283,0.81934,0.25510
1004,0.49902,0.00000,0.90283,0.81934,0.25510
1005,0.49461,0.00000,0.90283,0.81934,0.25510
1006,0.48168,0.00000,0.90283,0.81934,0.25510
1007,0.46112,0.00000,0.90283,0.81934,0.25510
1008,0.43433,0.00000,0.90283,0.81934,0.25510
1009,0.40371,0.00000,0.86344,0.86344,0.29036
1010,0.37018,0.00000,0.86344,0.86344,0.29036
1011,0.33664,0.00000,0.86344,0.86344,0.29036
1012,0.30540,0.00000,0.86344,0.86344,0.29036
1013,0.27856,0.00000,0.86344,0.86344,0.29036
1014,0.25797,0.00000,0.86344,0.86344,0.29036
1015,0.24503,0.00000,0.86344,0.86344,0.29036
1016,0.24062,0.21881,0.86344,0.86344,0.29036
1017,0.24503,0.42271,0.86344,0.86344,0.29036
1018,0.25797,0.59780,0.86344,0.86344,0.29036
1019,0.27856,0.73215,0.86344,0.86344,0.29036
1020,0.30540,0.81661,0.86344,0.86344,0.29036
1021,0.33664,0.84542,0.86344,0.86344,0.29036
1022,0.37018,0.81661,0.86344,0.86344,0.29036
1023,0.40371,0.73215,0.86344,0.86344,0.29036
1024,0.43496,0.59780,0.86344,0.86344,0.29036
1025,0.46179,0.42271,0.86344,0.86344,0.29036
1026,0.48238,0.21881,0.86344,0.86344,0.29036
1027,0.49532,0.00000,0.86344,0.86344,0.29036
1028,0.49974,0.00000,0.86344,0.86344,0.29036
1029,0.49532,0.00000,0.86344,0.86344,0.29036
1030,0.48238,0.00000,0.86344,0.86344,0.29036
1031,0.46179,0.00000,0.86344,0.86344,0.29036
1032,0.43496,0.00000,0.86344,0.86344,0.29036
1033,0.38217,0.00000,0.81934,0.90283,0.32889
1034,0.35043,0.00000,0.81934,0.90283,0.32889
1035,0.31869,0.00000,0.81934,0.90283,0.32889
1036,0.28910,0.00000,0.81934,0.90283,0.32889
1037,0.26370,0.00000,0.81934,0.90283,0.32889
1038,0.24421,0.00000,0.81934,0.90283,0.32889
1039,0.23196,0.00000,0.81934,0.90283,0.32889
1040,0.22778,0.22284,0.81934,0.90283,0.32889
1041,0.23196,0.43050,0.81934,0.90283,0.32889
1042,0.24421,0.60882,0.81934,0.90283,0.32889
1043,0.26370,0.74564,0.81934,0.90283,0.32889
1044,0.28910,0.83166,0.81934,0.90283,0.32889
1045,0.31869,0.86100,0.81934,0.90283,0.32889
1046,0.35043,0.83166,0.81934,0.90283,0.32889
1047,0.38217,0.74564,0.81934,0.90283,0.32889
1048,0.41175,0.60882,0.81934,0.90283,0.32889
1049,0.43716,0.43050,0.81934,0.90283,0.32889
1050,0.45665,0.22284,0.81934,0.90283,0.32889
1051,0.46890,0.00000,0.81934,0.90283,0.32889
1052,0.47308,0.00000,0.81934,0.90283,0.32889
1053,0.46890,0.00000,0.81934,0.90283,0.32889
1054,0.45665,0.00000,0.81934,0.90283,0.32889
1055,0.43716,0.00000,0.81934,0.90283,0.32889
1056,0.41175,0.00000,0.81934,0.90283,0.32889
1057,0.34832,0.00000,0.77154,0.93655,0.37061
1058,0.31939,0.00000,0.77154,0.93655,0.37061
1059,0.29046,0.00000,0.77154,0.93655,0.37061
1060,0.26350,0.00000,0.77154,0.93655,0.37061
1061,0.24034,0.00000,0.77154,0.93655,0.37061
1062,0.22258,0.00000,0.77154,0.93655,0.37061
1063,0.21141,0.00000,0.77154,0.93655,0.37061
1064,0.20760,0.22671,0.77154,0.93655,0.37061
1065,0.21141,0.43796,0.77154,0.93655,0.37061
1066,0.22258,0.61937,0.77154,0.93655,0.37061
1067,0.24034,0.75857,0.77154,0.93655,0.37061
1068,0.26350,0.84608,0.77154,0.93655,0.37061
1069,0.29046,0.87592,0.77154,0.93655,0.37061
1070,0.31939,0.84608,0.77154,0.93655,0.37061
1071,0.34832,0.75857,0.77154,0.93655,0.37061
1072,0.37528,0.61937,0.77154,0.93655,0.37061
1073,0.39843,0.43796,0.77154,0.93655,0.37061
1074,0.41620,0.22671,0.77154,0.93655,0.37061
1075,0.42737,0.00000,0.77154,0.93655,0.37061
1076,0.43118,0.00000,0.77154,0.93655,0.37061
1077,0.42737,0.00000,0.77154,0.93655,0.37061
1078,0.41620,0.00000,0.77154,0.93655,0.37061
1079,0.39843,0.00000,0.77154,0.93655,0.37061
1080,0.37528,0.00000,0.77154,0.93655,0.37061
1081,0.32077,0.00000,0.72110,0.96374,0.41533
1082,0.29412,0.00000,0.72110,0.96374,0.41533
1083,0.26748,0.00000,0.72110,0.96374,0.41533
1084,0.24265,0.00000,0.72110,0.96374,0.41533
1085,0.22133,0.00000,0.72110,0.96374,0.41533
1086,0.20497,0.00000,0.72110,0.96374,0.41533
1087,0.19469,0.00000,0.72110,0.96374,0.41533
1088,0.19118,0.23039,0.72110,0.96374,0.41533
1089,0.19469,0.44508,0.72110,0.96374,0.41533
1090,0.20497,0.62944,0.72110,0.96374,0.41533
1091,0.22133,0.77091,0.72110,0.96374,0.41533
1092,0.24265,0.85983,0.72110,0.96374,0.41533
1093,0.26748,0.89017,0.72110,0.96374,0.41533
1094,0.29412,0.85983,0.72110,0.96374,0.41533
1095,0.32077,0.77091,0.72110,0.96374,0.41533
1096,0.34560,0.62944,0.72110,0.96374,0.41533
1097,0.36692,0.44508,0.72110,0.96374,0.41533
1098,0.38328,0.23039,0.72110,0.96374,0.41533
1099,0.39356,0.00000,0.72110,0.96374,0.41533
1100,0.39707,0.00000,0.72110,0.96374,0.41533
1101,0.39356,0.00000,0.72110,0.96374,0.41533
1102,0.38328,0.00000,0.72110,0.96374,0.41533
1103,0.36692,0.00000,0.72110,0.96374,0.41533
1104,0.34560,0.00000,0.72110,0.96374,0.41533
1105,0.31289,0.00000,0.66903,0.98370,0.46275
1106,0.28690,0.00000,0.66903,0.98370,0.46275
1107,0.26091,0.00000,0.66903,0.98370,0.46275
1108,0.23669,0.00000,0.66903,0.98370,0.46275
1109,0.21589,0.00000,0.66903,0.98370,0.46275
1110,0.19994,0.00000,0.66903,0.98370,0.46275
1111,0.18991,0.00000,0.66903,0.98370,0.46275
1112,0.18648,0.23389,0.66903,0.98370,0.46275
1113,0.18991,0.45184,0.66903,0.98370,0.46275
1114,0.19994,0.63900,0.66903,0.98370,0.46275
1115,0.21589,0.78261,0.66903,0.98370,0.46275
1116,0.23669,0.87289,0.66903,0.98370,0.46275
1117,0.26091,0.90368,0.66903,0.98370,0.46275
1118,0.28690,0.87289,0.66903,0.98370,0.46275
1119,0.31289,0.78261,0.66903,0.98370,0.46275
1120,0.33711,0.63900,0.66903,0.98370,0.46275
1121,0.35790,0.45184,0.66903,0.98370,0.46275
1122,0.37386,0.23389,0.66903,0.98370,0.46275
1123,0.38389,0.00000,0.66903,0.98370,0.46275
1124,0.38731,0.00000,0.66903,0.98370,0.46275
1125,0.38389,0.00000,0.66903,0.98370,0.46275
1126,0.37386,0.00000,0.66903,0.98370,0.46275
1127,0.35790,0.00000,0.66903,0.98370,0.46275
1128,0.33711,0.00000,0.66903,0.98370,0.46275
1129,0.32332,0.00000,0.61632,0.99590,0.51244
1130,0.29646,0.00000,0.61632,0.99590,0.51244
1131,0.26961,0.00000,0.61632,0.99590,0.51244
1132,0.24458,0.00000,0.61632,0.99590,0.51244
1133,0.22309,0.00000,0.61632,0.99590,0.51244
1134,0.20660,0.00000,0.61632,0.99590,0.51244
1135,0.19624,0.00000,0.61632,0.99590,0.51244
1136,0.19270,0.23719,0.61632,0.99590,0.51244
1137,0.19624,0.45821,0.61632,0.99590,0.51244
1138,0.20660,0.64801,0.61632,0.99590,0.51244
1139,0.22309,0.79365,0.61632,0.99590,0.51244
1140,0.24458,0.88520,0.61632,0.99590,0.51244
1141,0.26961,0.91643,0.61632,0.99590,0.51244
1142,0.29646,0.88520,0.61632,0.99590,0.51244
1143,0.32332,0.79365,0.61632,0.99590,0.51244
1144,0.34834,0.64801,0.61632,0.99590,0.51244
1145,0.36983,0.45821,0.61632,0.99590,0.51244
1146,0.38632,0.23719,0.61632,0.99590,0.51244
1147,0.39669,0.00000,0.61632,0.99590,0.51244
1148,0.40023,0.00000,0.61632,0.99590,0.51244
1149,0.39669,0.00000,0.61632,0.99590,0.51244
1150,0.38632,0.00000,0.61632,0.99590,0.51244
1151,0.36983,0.00000,0.61632,0.99590,0.51244
1152,0.34834,0.00000,0.61632,0.99590,0.51244
1153,0.33771,0.00000,0.56386,1.00000,0.56386
1154,0.30966,0.00000,0.56386,1.00000,0.56386
1155,0.28161,0.00000,0.56386,1.00000,0.56386
1156,0.25547,0.00000,0.56386,1.00000,0.56386
1157,0.23302,0.00000,0.56386,1.00000,0.56386
1158,0.21580,0.00000,0.56386,1.00000,0.56386
1159,0.20497,0.00000,0.56386,1.00000,0.56386
1160,0.20128,0.24028,0.56386,1.00000,0.56386
1161,0.20497,0.46419,0.56386,1.00000,0.56386
1162,0.21580,0.65646,0.56386,1.00000,0.56386
1163,0.23302,0.80400,0.56386,1.00000,0.56386
1164,0.25547,0.89675,0.56386,1.00000,0.56386
1165,0.28161,0.92838,0.56386,1.00000,0.56386
1166,0.30966,0.89675,0.56386,1.00000,0.56386
1167,0.33771,0.80400,0.56386,1.00000,0.56386
1168,0.36385,0.65646,0.56386,1.00000,0.56386
1169,0.38630,0.46419,0.56386,1.00000,0.56386
1170,0.40352,0.24028,0.56386,1.00000,0.56386
1171,0.41435,0.00000,0.56386,1.00000,0.56386
1172,0.41804,0.00000,0.56386,1.00000,0.56386
1173,0.41435,0.00000,0.56386,1.00000,0.56386
1174,0.40352,0.00000,0.56386,1.00000,0.56386
1175,0.38630,0.00000,0.56386,1.00000,0.56386
1176,0.36385,0.00000,0.56386,1.00000,0.56386
1177,0.33985,0.00000,0.51244,0.99590,0.61632
1178,0.31162,0.00000,0.51244,0.99590,0.61632
1179,0.28340,0.00000,0.51244,0.99590,0.61632
1180,0.25709,0.00000,0.51244,0.99590,0.61632
1181,0.23450,0.00000,0.51244,0.99590,0.61632
1182,0.21717,0.00000,0.51244,0.99590,0.61632
1183,0.20627,0.00000,0.51244,0.99590,0.61632
1184,0.20256,0.24316,0.51244,0.99590,0.61632
1185,0.20627,0.46975,0.51244,0.99590,0.61632
1186,0.21717,0.66433,0.51244,0.99590,0.61632
1187,0.23450,0.81363,0.51244,0.99590,0.61632
1188,0.25709,0.90749,0.51244,0.99590,0.61632
1189,0.28340,0.93950,0.51244,0.99590,0.61632
1190,0.31162,0.90749,0.51244,0.99590,0.61632
1191,0.33985,0.81363,0.51244,0.99590,0.61632
1192,0.36616,0.66433,0.51244,0.99590,0.61632
1193,0.38875,0.46975,0.51244,0.99590,0.61632
1194,0.40608,0.24316,0.51244,0.99590,0.61632
1195,0.41698,0.00000,0.51244,0.99590,0.61632
1196,0.42069,0.00000,0.51244,0.99590,0.61632
1197,0.41698,0.00000,0.51244,0.99590,0.61632
1198,0.40608,0.00000,0.51244,0.99590,0.61632
1199,0.38875,0.00000,0.51244,0.99590,0.61632
1200,0.36616,0.00000,0.51244,0.99590,0.61632
1201,0.32361,0.00000,0.46275,0.98370,0.66903
1202,0.29673,0.00000,0.46275,0.98370,0.66903
1203,0.26985,0.00000,0.46275,0.98370,0.66903
1204,0.24480,0.00000,0.46275,0.98370,0.66903
1205,0.22329,0.00000,0.46275,0.98370,0.66903
1206,0.20679,0.00000,0.46275,0.98370,0.66903
1207,0.19641,0.00000,0.46275,0.98370,0.66903
1208,0.19287,0.24582,0.46275,0.98370,0.66903
1209,0.19641,0.47488,0.46275,0.98370,0.66903
1210,0.20679,0.67158,0.46275,0.98370,0.66903
1211,0.22329,0.82252,0.46275,0.98370,0.66903
1212,0.24480,0.91740,0.46275,0.98370,0.66903
1213,0.26985,0.94976,0.46275,0.98370,0.66903
1214,0.29673,0.91740,0.46275,0.98370,0.66903
1215,0.32361,0.82252,0.46275,0.98370,0.66903
1216,0.34865,0.67158,0.46275,0.98370,0.66903
1217,0.37016,0.47488,0.46275,0.98370,0.66903
1218,0.38667,0.24582,0.46275,0.98370,0.66903
1219,0.39704,0.00000,0.46275,0.98370,0.66903
1220,0.40058,0.00000,0.46275,0.98370,0.66903
1221,0.39704,0.00000,0.46275,0.98370,0.66903
1222,0.38667,0.00000,0.46275,0.98370,0.66903
1223,0.37016,0.00000,0.46275,0.98370,0.66903
1224,0.34865,0.00000,0.46275,0.98370,0.66903
1225,0.29696,0.00000,0.41533,0.96374,0.72110
1226,0.27230,0.00000,0.41533,0.96374,0.72110
1227,0.24763,0.00000,0.41533,0.96374,0.72110
1228,0.22464,0.00000,0.41533,0.96374,0.72110
1229,0.20491,0.00000,0.41533,0.96374,0.72110
1230,0.18976,0.00000,0.41533,0.96374,0.72110
1231,0.18024,0.00000,0.41533,0.96374,0.72110
1232,0.17699,0.24824,0.41533,0.96374,0.72110
1233,0.18024,0.47956,0.41533,0.96374,0.72110
1234,0.18976,0.67821,0.41533,0.96374,0.72110
1235,0.20491,0.83063,0.41533,0.96374,0.72110
1236,0.22464,0.92645,0.41533,0.96374,0.72110
1237,0.24763,0.95913,0.41533,0.96374,0.72110
1238,0.27230,0.92645,0.41533,0.96374,0.72110
1239,0.29696,0.83063,0.41533,0.96374,0.72110
1240,0.31995,0.67821,0.41533,0.96374,0.72110
1241,0.33969,0.47956,0.41533,0.96374,0.72110
1242,0.35483,0.24824,0.41533,0.96374,0.72110
1243,0.36435,0.00000,0.41533,0.96374,0.72110
1244,0.36760,0.00000,0.41533,0.96374,0.72110
1245,0.36435,0.00000,0.41533,0.96374,0.72110
1246,0.35483,0.00000,0.41533,0.96374,0.72110
1247,0.33969,0.00000,0.41533,0.96374,0.72110
1248,0.31995,0.00000,0.41533,0.96374,0.72110
1249,0.27562,0.00000,0.37061,0.93655,0.77154
1250,0.25273,0.00000,0.37061,0.93655,0.77154
1251,0.22984,0.00000,0.37061,0.93655,0.77154
1252,0.20850,0.00000,0.37061,0.93655,0.77154
1253,0.19018,0.00000,0.37061,0.93655,0.77154
1254,0.17613,0.00000,0.37061,0.93655,0.77154
1255,0.16729,0.00000,0.37061,0.93655,0.77154
1256,0.16427,0.25043,0.37061,0.93655,0.77154
1257,0.16729,0.48379,0.37061,0.93655,0.77154
1258,0.17613,0.68418,0.37061,0.93655,0.77154
1259,0.19018,0.83795,0.37061,0.93655,0.77154
1260,0.20850,0.93461,0.37061,0.93655,0.77154
1261,0.22984,0.96758,0.37061,0.93655,0.77154
1262,0.25273,0.93461,0.37061,0.93655,0.77154
1263,0.27562,0.83795,0.37061,0.93655,0.77154
1264,0.29696,0.68418,0.37061,0.93655,0.77154
1265,0.31528,0.48379,0.37061,0.93655,0.77154
1266,0.32933,0.25043,0.37061,0.93655,0.77154
1267,0.33817,0.00000,0.37061,0.93655,0.77154
1268,0.34119,0.00000,0.37061,0.93655,0.77154
1269,0.33817,0.00000,0.37061,0.93655,0.77154
1270,0.32933,0.00000,0.37061,0.93655,0.77154
1271,0.31528,0.00000,0.37061,0.93655,0.77154
1272,0.29696,0.00000,0.37061,0.93655,0.77154
1273,0.27124,0.00000,0.32889,0.90283,0.81934
1274,0.24871,0.00000,0.32889,0.90283,0.81934
1275,0.22618,0.00000,0.32889,0.90283,0.81934
1276,0.20519,0.00000,0.32889,0.90283,0.81934
1277,0.18716,0.00000,0.32889,0.90283,0.81934
1278,0.17333,0.00000,0.32889,0.90283,0.81934
1279,0.16463,0.00000,0.32889,0.90283,0.81934
1280,0.16166,0.25237,0.32889,0.90283,0.81934
1281,0.16463,0.48755,0.32889,0.90283,0.81934
1282,0.17333,0.68949,0.32889,0.90283,0.81934
1283,0.18716,0.84446,0.32889,0.90283,0.81934
1284,0.20519,0.94187,0.32889,0.90283,0.81934
1285,0.22618,0.97509,0.32889,0.90283,0.81934
1286,0.24871,0.94187,0.32889,0.90283,0.81934
1287,0.27124,0.84446,0.32889,0.90283,0.81934
1288,0.29224,0.68949,0.32889,0.90283,0.81934
1289,0.31027,0.48755,0.32889,0.90283,0.81934
1290,0.32410,0.25237,0.32889,0.90283,0.81934
1291,0.33280,0.00000,0.32889,0.90283,0.81934
1292,0.33576,0.00000,0.32889,0.90283,0.81934
1293,0.33280,0.00000,0.32889,0.90283,0.81934
1294,0.32410,0.00000,0.32889,0.90283,0.81934
1295,0.31027,0.00000,0.32889,0.90283,0.81934
1296,0.29224,0.00000,0.32889,0.90283,0.81934
1297,0.28306,0.00000,0.29036,0.86344,0.86344
1298,0.25955,0.00000,0.29036,0.86344,0.86344
1299,0.23604,0.00000,0.29036,0.86344,0.86344
1300,0.21413,0.00000,0.29036,0.86344,0.86344
1301,0.19532,0.00000,0.29036,0.86344,0.86344
1302,0.18088,0.00000,0.29036,0.86344,0.86344
1303,0.17180,0.00000,0.29036,0.86344,0.86344
1304,0.16871,0.25407,0.29036,0.86344,0.86344
1305,0.17180,0.49082,0.29036,0.86344,0.86344
1306,0.18088,0.69413,0.29036,0.86344,0.86344
1307,0.19532,0.85013,0.29036,0.86344,0.86344
1308,0.21413,0.94820,0.29036,0.86344,0.86344
1309,0.23604,0.98165,0.29036,0.86344,0.86344
1310,0.25955,0.94820,0.29036,0.86344,0.86344
1311,0.28306,0.85013,0.29036,0.86344,0.86344
1312,0.30497,0.69413,0.29036,0.86344,0.86344
1313,0.32379,0.49082,0.29036,0.86344,0.86344
1314,0.33822,0.25407,0.29036,0.86344,0.86344
1315,0.34730,0.00000,0.29036,0.86344,0.86344
1316,0.35039,0.00000,0.29036,0.86344,0.86344
1317,0.34730,0.00000,0.29036,0.86344,0.86344
1318,0.33822,0.00000,0.29036,0.86344,0.86344
1319,0.32379,0.00000,0.29036,0.86344,0.86344
1320,0.30497,0.00000,0.29036,0.86344,0.86344
1321,0.29889,0.00000,0.25510,0.81934,0.90283
1322,0.27406,0.00000,0.25510,0.81934,0.90283
1323,0.24924,0.00000,0.25510,0.81934,0.90283
1324,0.22610,0.00000,0.25510,0.81934,0.90283
1325,0.20624,0.00000,0.25510,0.81934,0.90283
1326,0.19099,0.00000,0.25510,0.81934,0.90283
1327,0.18141,0.00000,0.25510,0.81934,0.90283
1328,0.17814,0.25551,0.25510,0.81934,0.90283
1329,0.18141,0.49361,0.25510,0.81934,0.90283
1330,0.19099,0.69807,0.25510,0.81934,0.90283
1331,0.20624,0.85496,0.25510,0.81934,0.90283
1332,0.22610,0.95358,0.25510,0.81934,0.90283
1333,0.24924,0.98722,0.25510,0.81934,0.90283
1334,0.27406,0.95358,0.25510,0.81934,0.90283
1335,0.29889,0.85496,0.25510,0.81934,0.90283
1336,0.32202,0.69807,0.25510,0.81934,0.90283
1337,0.34189,0.49361,0.25510,0.81934,0.90283
1338,0.35713,0.25551,0.25510,0.81934,0.90283
1339,0.36672,0.00000,0.25510,0.81934,0.90283
1340,0.36998,0.00000,0.25510,0.81934,0.90283
1341,0.36672,0.00000,0.25510,0.81934,0.90283
1342,0.35713,0.00000,0.25510,0.81934,0.90283
1343,0.34189,0.00000,0.25510,0.81934,0.90283
1344,0.32202,0.00000,0.25510,0.81934,0.90283
1345,0.30435,0.00000,0.22313,0.77154,0.93655
1346,0.27907,0.00000,0.22313,0.77154,0.93655
1347,0.25379,0.00000,0.22313,0.77154,0.93655
1348,0.23023,0.00000,0.22313,0.77154,0.93655
1349,0.21001,0.00000,0.22313,0.77154,0.93655
1350,0.19448,0.00000,0.22313,0.77154,0.93655
1351,0.18473,0.00000,0.22313,0.77154,0.93655
1352,0.18140,0.25670,0.22313,0.77154,0.93655
1353,0.18473,0.49590,0.22313,0.77154,0.93655
1354,0.19448,0.70131,0.22313,0.77154,0.93655
1355,0.21001,0.85893,0.22313,0.77154,0.93655
1356,0.23023,0.95801,0.22313,0.77154,0.93655
1357,0.25379,0.99181,0.22313,0.77154,0.93655
1358,0.27907,0.95801,0.22313,0.77154,0.93655
1359,0.30435,0.85893,0.22313,0.77154,0.93655
1360,0.32791,0.70131,0.22313,0.77154,0.93655
1361,0.34814,0.49590,0.22313,0.77154,0.93655
1362,0.36366,0.25670,0.22313,0.77154,0.93655
1363,0.37342,0.00000,0.22313,0.77154,0.93655
1364,0.37675,0.00000,0.22313,0.77154,0.93655
1365,0.37342,0.00000,0.22313,0.77154,0.93655
1366,0.36366,0.00000,0.22313,0.77154,0.93655
1367,0.34814,0.00000,0.22313,0.77154,0.93655
1368,0.32791,0.00000,0.22313,0.77154,0.93655
1369,0.29350,0.00000,0.19436,0.72110,0.96374
1370,0.26912,0.00000,0.19436,0.72110,0.96374
1371,0.24475,0.00000,0.19436,0.72110,0.96374
1372,0.22203,0.00000,0.19436,0.72110,0.96374
1373,0.20252,0.00000,0.19436,0.72110,0.96374
1374,0.18755,0.00000,0.19436,0.72110,0.96374
1375,0.17814,0.00000,0.19436,0.72110,0.96374
1376,0.17493,0.25762,0.19436,0.72110,0.96374
1377,0.17814,0.49769,0.19436,0.72110,0.96374
1378,0.18755,0.70384,0.19436,0.72110,0.96374
1379,0.20252,0.86203,0.19436,0.72110,0.96374
1380,0.22203,0.96147,0.19436,0.72110,0.96374
1381,0.24475,0.99538,0.19436,0.72110,0.96374
1382,0.26912,0.96147,0.19436,0.72110,0.96374
1383,0.29350,0.86203,0.19436,0.72110,0.96374
1384,0.31622,0.70384,0.19436,0.72110,0.96374
1385,0.33573,0.49769,0.19436,0.72110,0.96374
1386,0.35070,0.25762,0.19436,0.72110,0.96374
1387,0.36011,0.00000,0.19436,0.72110,0.96374
1388,0.36332,0.00000,0.19436,0.72110,0.96374
1389,0.36011,0.00000,0.19436,0.72110,0.96374
1390,0.35070,0.00000,0.19436,0.72110,0.96374
1391,0.33573,0.00000,0.19436,0.72110,0.96374
1392,0.31622,0.00000,0.19436,0.72110,0.96374
1393,0.27300,0.00000,0.16867,0.66903,0.98370
1394,0.25033,0.00000,0.16867,0.66903,0.98370
1395,0.22765,0.00000,0.16867,0.66903,0.98370
1396,0.20652,0.00000,0.16867,0.66903,0.98370
1397,0.18837,0.00000,0.16867,0.66903,0.98370
1398,0.17445,0.00000,0.16867,0.66903,0.98370
1399,0.16570,0.00000,0.16867,0.66903,0.98370
1400,0.16271,0.25829,0.16867,0.66903,0.98370
1401,0.16570,0.49897,0.16867,0.66903,0.98370
1402,0.17445,0.70565,0.16867,0.66903,0.98370
1403,0.18837,0.86425,0.16867,0.66903,0.98370
1404,0.20652,0.96394,0.16867,0.66903,0.98370
1405,0.22765,0.99795,0.16867,0.66903,0.98370
1406,0.25033,0.96394,0.16867,0.66903,0.98370
1407,0.27300,0.86425,0.16867,0.66903,0.98370
1408,0.29413,0.70565,0.16867,0.66903,0.98370
1409,0.31228,0.49897,0.16867,0.66903,0.98370
1410,0.32620,0.25829,0.16867,0.66903,0.98370
1411,0.33495,0.00000,0.16867,0.66903,0.98370
1412,0.33794,0.00000,0.16867,0.66903,0.98370
1413,0.33495,0.00000,0.16867,0.66903,0.98370
1414,0.32620,0.00000,0.16867,0.66903,0.98370
1415,0.31228,0.00000,0.16867,0.66903,0.98370
1416,0.29413,0.00000,0.16867,0.66903,0.98370
1417,0.25702,0.00000,0.14589,0.61632,0.99590
1418,0.23567,0.00000,0.14589,0.61632,0.99590
1419,0.21432,0.00000,0.14589,0.61632,0.99590
1420,0.19443,0.00000,0.14589,0.61632,0.99590
1421,0.17734,0.00000,0.14589,0.61632,0.99590
1422,0.16424,0.00000,0.14589,0.61632,0.99590
1423,0.15600,0.00000,0.14589,0.61632,0.99590
1424,0.15318,0.25869,0.14589,0.61632,0.99590
1425,0.15600,0.49974,0.14589,0.61632,0.99590
1426,0.16424,0.70674,0.14589,0.61632,0.99590
1427,0.17734,0.86558,0.14589,0.61632,0.99590
1428,0.19443,0.96543,0.14589,0.61632,0.99590
1429,0.21432,0.99949,0.14589,0.61632,0.99590
1430,0.23567,0.96543,0.14589,0.61632,0.99590
1431,0.25702,0.86558,0.14589,0.61632,0.99590
1432,0.27691,0.70674,0.14589,0.61632,0.99590
1433,0.29399,0.49974,0.14589,0.61632,0.99590
1434,0.30710,0.25869,0.14589,0.61632,0.99590
1435,0.31534,0.00000,0.14589,0.61632,0.99590
1436,0.31815,0.00000,0.14589,0.61632,0.99590
1437,0.31534,0.00000,0.14589,0.61632,0.99590
1438,0.30710,0.00000,0.14589,0.61632,0.99590
1439,0.29399,0.00000,0.14589,0.61632,0.99590
1440,0.27691,0.00000,0.14589,0.61632,0.99590
1441,0.25672,0.00000,0.12581,0.56386,1.00000
1442,0.23539,0.00000,0.12581,0.56386,1.00000
1443,0.21407,0.00000,0.12581,0.56386,1.00000
1444,0.19420,0.00000,0.12581,0.56386,1.00000
1445,0.17714,0.00000,0.12581,0.56386,1.00000
1446,0.16404,0.00000,0.12581,0.56386,1.00000
1447,0.15581,0.00000,0.12581,0.56386,1.00000
1448,0.15301,0.25882,0.12581,0.56386,1.00000
1449,0.15581,0.50000,0.12581,0.56386,1.00000
1450,0.16404,0.70711,0.12581,0.56386,1.00000
1451,0.17714,0.86603,0.12581,0.56386,1.00000
1452,0.19420,0.96593,0.12581,0.56386,1.00000
1453,0.21407,1.00000,0.12581,0.56386,1.00000
1454,0.23539,0.96593,0.12581,0.56386,1.00000
1455,0.25672,0.86603,0.12581,0.56386,1.00000
1456,0.27659,0.70711,0.12581,0.56386,1.00000
1457,0.29365,0.50000,0.12581,0.56386,1.00000
1458,0.30674,0.25882,0.12581,0.56386,1.00000
1459,0.31497,0.00000,0.12581,0.56386,1.00000
1460,0.31778,0.00000,0.12581,0.56386,1.00000
1461,0.31497,0.00000,0.12581,0.56386,1.00000
1462,0.30674,0.00000,0.12581,0.56386,1.00000
1463,0.29365,0.00000,0.12581,0.56386,1.00000
1464,0.27659,0.00000,0.12581,0.56386,1.00000
1465,0.27205,0.00000,0.10823,0.51244,0.99590
1466,0.24945,0.00000,0.10823,0.51244,0.99590
1467,0.22686,0.00000,0.10823,0.51244,0.99590
1468,0.20580,0.00000,0.10823,0.51244,0.99590
1469,0.18772,0.00000,0.10823,0.51244,0.99590
1470,0.17384,0.00000,0.10823,0.51244,0.99590
1471,0.16512,0.00000,0.10823,0.51244,0.99590
1472,0.16214,0.25869,0.10823,0.51244,0.99590
1473,0.16512,0.49974,0.10823,0.51244,0.99590
1474,0.17384,0.70674,0.10823,0.51244,0.99590
1475,0.18772,0.86558,0.10823,0.51244,0.99590
1476,0.20580,0.96543,0.10823,0.51244,0.99590
1477,0.22686,0.99949,0.10823,0.51244,0.99590
1478,0.24945,0.96543,0.10823,0.51244,0.99590
1479,0.27205,0.86558,0.10823,0.51244,0.99590
1480,0.29311,0.70674,0.10823,0.51244,0.99590
1481,0.31119,0.49974,0.10823,0.51244,0.99590
1482,0.32506,0.25869,0.10823,0.51244,0.99590
1483,0.33379,0.00000,0.10823,0.51244,0.99590
1484,0.33676,0.00000,0.10823,0.51244,0.99590
1485,0.33379,0.00000,0.10823,0.51244,0.99590
1486,0.32506,0.00000,0.10823,0.51244,0.99590
1487,0.31119,0.00000,0.10823,0.51244,0.99590
1488,0.29311,0.00000,0.10823,0.51244,0.99590
1489,0.29181,0.00000,0.09290,0.46275,0.98370
1490,0.26757,0.00000,0.09290,0.46275,0.98370
1491,0.24334,0.00000,0.09290,0.46275,0.98370
1492,0.22075,0.00000,0.09290,0.46275,0.98370
1493,0.20135,0.00000,0.09290,0.46275,0.98370
1494,0.18647,0.00000,0.09290,0.46275,0.98370
1495,0.17711,0.00000,0.09290,0.46275,0.98370
1496,0.17392,0.25829,0.09290,0.46275,0.98370
1497,0.17711,0.49897,0.09290,0.46275,0.98370
1498,0.18647,0.70565,0.09290,0.46275,0.98370
1499,0.20135,0.86425,0.09290,0.46275,0.98370
1500,0.22075,0.96394,0.09290,0.46275,0.98370
1501,0.24334,0.99795,0.09290,0.46275,0.98370
1502,0.26757,0.96394,0.09290,0.46275,0.98370
1503,0.29181,0.86425,0.09290,0.46275,0.98370
1504,0.31440,0.70565,0.09290,0.46275,0.98370
1505,0.33380,0.49897,0.09290,0.46275,0.98370
1506,0.34868,0.25829,0.09290,0.46275,0.98370
1507,0.35803,0.00000,0.09290,0.46275,0.98370
1508,0.36123,0.00000,0.09290,0.46275,0.98370
1509,0.35803,0.00000,0.09290,0.46275,0.98370
1510,0.34868,0.00000,0.09290,0.46275,0.98370
1511,0.33380,0.00000,0.09290,0.46275,0.98370
1512,0.31440,0.00000,0.09290,0.46275,0.98370
1513,0.30192,0.00000,0.07960,0.41533,0.96374
1514,0.27685,0.00000,0.07960,0.41533,0.96374
1515,0.25177,0.00000,0.07960,0.41533,0.96374
1516,0.22840,0.00000,0.07960,0.41533,0.96374
1517,0.20833,0.00000,0.07960,0.41533,0.96374
1518,0.19293,0.00000,0.07960,0.41533,0.96374
1519,0.18325,0.00000,0.07960,0.41533,0.96374
1520,0.17995,0.25762,0.07960,0.41533,0.96374
1521,0.18325,0.49769,0.07960,0.41533,0.96374
1522,0.19293,0.70384,0.07960,0.41533,0.96374
1523,0.20833,0.86203,0.07960,0.41533,0.96374
1524,0.22840,0.96147,0.07960,0.41533,0.96374
1525,0.25177,0.99538,0.07960,0.41533,0.96374
1526,0.27685,0.96147,0.07960,0.41533,0.96374
1527,0.30192,0.86203,0.07960,0.41533,0.96374
1528,0.32529,0.70384,0.07960,0.41533,0.96374
1529,0.34536,0.49769,0.07960,0.41533,0.96374
1530,0.36076,0.25762,0.07960,0.41533,0.96374
1531,0.37044,0.00000,0.07960,0.41533,0.96374
1532,0.37374,0.00000,0.07960,0.41533,0.96374
1533,0.37044,0.00000,0.07960,0.41533,0.96374
1534,0.36076,0.00000,0.07960,0.41533,0.96374
1535,0.34536,0.00000,0.07960,0.41533,0.96374
1536,0.32529,0.00000,0.07960,0.41533,0.96374
1537,0.29586,0.00000,0.06812,0.37061,0.93655
1538,0.27129,0.00000,0.06812,0.37061,0.93655
1539,0.24671,0.00000,0.06812,0.37061,0.93655
1540,0.22381,0.00000,0.06812,0.37061,0.93655
1541,0.20415,0.00000,0.06812,0.37061,0.93655
1542,0.18906,0.00000,0.06812,0.37061,0.93655
1543,0.17957,0.00000,0.06812,0.37061,0.93655
1544,0.17634,0.25670,0.06812,0.37061,0.93655
1545,0.17957,0.49590,0.06812,0.37061,0.93655
1546,0.18906,0.70131,0.06812,0.37061,0.93655
1547,0.20415,0.85893,0.06812,0.37061,0.93655
1548,0.22381,0.95801,0.06812,0.37061,0.93655
1549,0.24671,0.99181,0.06812,0.37061,0.93655
1550,0.27129,0.95801,0.06812,0.37061,0.93655
1551,0.29586,0.85893,0.06812,0.37061,0.93655
1552,0.31877,0.70131,0.06812,0.37061,0.93655
1553,0.33843,0.49590,0.06812,0.37061,0.93655
1554,0.35352,0.25670,0.06812,0.37061,0.93655
1555,0.36301,0.00000,0.06812,0.37061,0.93655
1556,0.36624,0.00000,0.06812,0.37061,0.93655
1557,0.36301,0.00000,0.06812,0.37061,0.93655
1558,0.35352,0.00000,0.06812,0.37061,0.93655
1559,0.33843,0.00000,0.06812,0.37061,0.93655
1560,0.31877,0.00000,0.06812,0.37061,0.93655
1561,0.27962,0.00000,0.05825,0.32889,0.90283
1562,0.25639,0.00000,0.05825,0.32889,0.90283
1563,0.23317,0.00000,0.05825,0.32889,0.90283
1564,0.21153,0.00000,0.05825,0.32889,0.90283
1565,0.19294,0.00000,0.05825,0.32889,0.90283
1566,0.17868,0.00000,0.05825,0.32889,0.90283
1567,0.16971,0.00000,0.05825,0.32889,0.90283
1568,0.16666,0.25551,0.05825,0.32889,0.90283
1569,0.16971,0.49361,0.05825,0.32889,0.90283
1570,0.17868,0.69807,0.05825,0.32889,0.90283
1571,0.19294,0.85496,0.05825,0.32889,0.90283
1572,0.21153,0.95358,0.05825,0.32889,0.90283
1573,0.23317,0.98722,0.05825,0.32889,0.90283
1574,0.25639,0.95358,0.05825,0.32889,0.90283
1575,0.27962,0.85496,0.05825,0.32889,0.90283
1576,0.30126,0.69807,0.05825,0.32889,0.90283
1577,0.31985,0.49361,0.05825,0.32889,0.90283
1578,0.33411,0.25551,0.05825,0.32889,0.90283
1579,0.34308,0.00000,0.05825,0.32889,0.90283
1580,0.34613,0.00000,0.05825,0.32889,0.90283
1581,0.34308,0.00000,0.05825,0.32889,0.90283
1582,0.33411,0.00000,0.05825,0.32889,0.90283
1583,0.31985,0.00000,0.05825,0.32889,0.90283
1584,0.30126,0.00000,0.05825,0.32889,0.90283
1585,0.26742,0.00000,0.04979,0.29036,0.86344
1586,0.24521,0.00000,0.04979,0.29036,0.86344
1587,0.22300,0.00000,0.04979,0.29036,0.86344
1588,0.20230,0.00000,0.04979,0.29036,0.86344
1589,0.18452,0.00000,0.04979,0.29036,0.86344
1590,0.17088,0.00000,0.04979,0.29036,0.86344
1591,0.16231,0.00000,0.04979,0.29036,0.86344
1592,0.15939,0.25407,0.04979,0.29036,0.86344
1593,0.16231,0.49082,0.04979,0.29036,0.86344
1594,0.17088,0.69413,0.04979,0.29036,0.86344
1595,0.18452,0.85013,0.04979,0.29036,0.86344
1596,0.20230,0.94820,0.04979,0.29036,0.86344
1597,0.22300,0.98165,0.04979,0.29036,0.86344
1598,0.24521,0.94820,0.04979,0.29036,0.86344
1599,0.26742,0.85013,0.04979,0.29036,0.86344
1600,0.28812,0.69413,0.04979,0.29036,0.86344
1601,0.30589,0.49082,0.04979,0.29036,0.86344
1602,0.31953,0.25407,0.04979,0.29036,0.86344
1603,0.32811,0.00000,0.04979,0.29036,0.86344
1604,0.33103,0.00000,0.04979,0.29036,0.86344
1605,0.32811,0.00000,0.04979,0.29036,0.86344
1606,0.31953,0.00000,0.04979,0.29036,0.86344
1607,0.30589,0.00000,0.04979,0.29036,0.86344
1608,0.28812,0.00000,0.04979,0.29036,0.86344
1609,0.27124,0.00000,0.04255,0.25510,0.81934
1610,0.24871,0.00000,0.04255,0.25510,0.81934
1611,0.22618,0.00000,0.04255,0.25510,0.81934
1612,0.20519,0.00000,0.04255,0.25510,0.81934
1613,0.18716,0.00000,0.04255,0.25510,0.81934
1614,0.17333,0.00000,0.04255,0.25510,0.81934
1615,0.16463,0.00000,0.04255,0.25510,0.81934
1616,0.16166,0.25237,0.04255,0.25510,0.81934
1617,0.16463,0.48755,0.04255,0.25510,0.81934
1618,0.17333,0.68949,0.04255,0.25510,0.81934
1619,0.18716,0.84446,0.04255,0.25510,0.81934
1620,0.20519,0.94187,0.04255,0.25510,0.81934
1621,0.22618,0.97509,0.04255,0.25510,0.81934
1622,0.24871,0.94187,0.04255,0.25510,0.81934
1623,0.27124,0.84446,0.04255,0.25510,0.81934
1624,0.29224,0.68949,0.04255,0.25510,0.81934
1625,0.31027,0.48755,0.04255,0.25510,0.81934
1626,0.32410,0.25237,0.04255,0.25510,0.81934
1627,0.33280,0.00000,0.04255,0.25510,0.81934
1628,0.33576,0.00000,0.04255,0.25510,0.81934
1629,0.33280,0.00000,0.04255,0.25510,0.81934
1630,0.32410,0.00000,0.04255,0.25510,0.81934
1631,0.31027,0.00000,0.04255,0.25510,0.81934
1632,0.29224,0.00000,0.04255,0.25510,0.81934
1633,0.29175,0.00000,0.03639,0.22313,0.77154
1634,0.26751,0.00000,0.03639,0.22313,0.77154
1635,0.24328,0.00000,0.03639,0.22313,0.77154
1636,0.22070,0.00000,0.03639,0.22313,0.77154
1637,0.20131,0.00000,0.03639,0.22313,0.77154
1638,0.18643,0.00000,0.03639,0.22313,0.77154
1639,0.17707,0.00000,0.03639,0.22313,0.77154
1640,0.17388,0.25043,0.03639,0.22313,0.77154
1641,0.17707,0.48379,0.03639,0.22313,0.77154
1642,0.18643,0.68418,0.03639,0.22313,0.77154
1643,0.20131,0.83795,0.03639,0.22313,0.77154
1644,0.22070,0.93461,0.03639,0.22313,0.77154
1645,0.24328,0.96758,0.03639,0.22313,0.77154
1646,0.26751,0.93461,0.03639,0.22313,0.77154
1647,0.29175,0.83795,0.03639,0.22313,0.77154
1648,0.31433,0.68418,0.03639,0.22313,0.77154
1649,0.33372,0.48379,0.03639,0.22313,0.77154
1650,0.34860,0.25043,0.03639,0.22313,0.77154
1651,0.35795,0.00000,0.03639,0.22313,0.77154
1652,0.36114,0.00000,0.03639,0.22313,0.77154
1653,0.35795,0.00000,0.03639,0.22313,0.77154
1654,0.34860,0.00000,0.03639,0.22313,0.77154
1655,0.33372,0.00000,0.03639,0.22313,0.77154
1656,0.31433,0.00000,0.03639,0.22313,0.77154
1657,0.31743,0.00000,0.03114,0.19436,0.72110
1658,0.29106,0.00000,0.03114,0.19436,0.72110
1659,0.26469,0.00000,0.03114,0.19436,0.72110
1660,0.24012,0.00000,0.03114,0.19436,0.72110
1661,0.21903,0.00000,0.03114,0.19436,0.72110
1662,0.20284,0.00000,0.03114,0.19436,0.72110
1663,0.19266,0.00000,0.03114,0.19436,0.72110
1664,0.18919,0.24824,0.03114,0.19436,0.72110
1665,0.19266,0.47956,0.03114,0.19436,0.72110
1666,0.20284,0.67821,0.03114,0.19436,0.72110
1667,0.21903,0.83063,0.03114,0.19436,0.72110
1668,0.24012,0.92645,0.03114,0.19436,0.72110
1669,0.26469,0.95913,0.03114,0.19436,0.72110
1670,0.29106,0.92645,0.03114,0.19436,0.72110
1671,0.31743,0.83063,0.03114,0.19436,0.72110
1672,0.34199,0.67821,0.03114,0.19436,0.72110
1673,0.36309,0.47956,0.03114,0.19436,0.72110
1674,0.37928,0.24824,0.03114,0.19436,0.72110
1675,0.38946,0.00000,0.03114,0.19436,0.72110
1676,0.39293,0.00000,0.03114,0.19436,0.72110
1677,0.38946,0.00000,0.03114,0.19436,0.72110
1678,0.37928,0.00000,0.03114,0.19436,0.72110
1679,0.36309,0.00000,0.03114,0.19436,0.72110
1680,0.34199,0.00000,0.03114,0.19436,0.72110
1681,0.33289,0.00000,0.02668,0.16867,0.66903
1682,0.30524,0.00000,0.02668,0.16867,0.66903
1683,0.27759,0.00000,0.02668,0.16867,0.66903
1684,0.25182,0.00000,0.02668,0.16867,0.66903
1685,0.22970,0.00000,0.02668,0.16867,0.66903
1686,0.21272,0.00000,0.02668,0.16867,0.66903
1687,0.20205,0.00000,0.02668,0.16867,0.66903
1688,0.19841,0.24582,0.02668,0.16867,0.66903
1689,0.20205,0.47488,0.02668,0.16867,0.66903
1690,0.21272,0.67158,0.02668,0.16867,0.66903
1691,0.22970,0.82252,0.02668,0.16867,0.66903
1692,0.25182,0.91740,0.02668,0.16867,0.66903
1693,0.27759,0.94976,0.02668,0.16867,0.66903
1694,0.30524,0.91740,0.02668,0.16867,0.66903
1695,0.33289,0.82252,0.02668,0.16867,0.66903
1696,0.35866,0.67158,0.02668,0.16867,0.66903
1697,0.38078,0.47488,0.02668,0.16867,0.66903
1698,0.39776,0.24582,0.02668,0.16867,0.66903
1699,0.40843,0.00000,0.02668,0.16867,0.66903
1700,0.41207,0.00000,0.02668,0.16867,0.66903
1701,0.40843,0.00000,0.02668,0.16867,0.66903
1702,0.39776,0.00000,0.02668,0.16867,0.66903
1703,0.38078,0.00000,0.02668,0.16867,0.66903
1704,0.35866,0.00000,0.02668,0.16867,0.66903
1705,0.33037,0.00000,0.02290,0.14589,0.61632
1706,0.30293,0.00000,0.02290,0.14589,0.61632
1707,0.27549,0.00000,0.02290,0.14589,0.61632
1708,0.24992,0.00000,0.02290,0.14589,0.61632
1709,0.22796,0.00000,0.02290,0.14589,0.61632
1710,0.21111,0.00000,0.02290,0.14589,0.61632
1711,0.20052,0.00000,0.02290,0.14589,0.61632
1712,0.19691,0.24316,0.02290,0.14589,0.61632
1713,0.20052,0.46975,0.02290,0.14589,0.61632
1714,0.21111,0.66433,0.02290,0.14589,0.61632
1715,0.22796,0.81363,0.02290,0.14589,0.61632
1716,0.24992,0.90749,0.02290,0.14589,0.61632
1717,0.27549,0.93950,0.02290,0.14589,0.61632
1718,0.30293,0.90749,0.02290,0.14589,0.61632
1719,0.33037,0.81363,0.02290,0.14589,0.61632
1720,0.35595,0.66433,0.02290,0.14589,0.61632
1721,0.37791,0.46975,0.02290,0.14589,0.61632
1722,0.39475,0.24316,0.02290,0.14589,0.61632
1723,0.40535,0.00000,0.02290,0.14589,0.61632
1724,0.40896,0.00000,0.02290,0.14589,0.61632
1725,0.40535,0.00000,0.02290,0.14589,0.61632
1726,0.39475,0.00000,0.02290,0.14589,0.61632
1727,0.37791,0.00000,0.02290,0.14589,0.61632
1728,0.35595,0.00000,0.02290,0.14589,0.61632
1729,0.31594,0.00000,0.01970,0.12581,0.56386
1730,0.28970,0.00000,0.01970,0.12581,0.56386
1731,0.26346,0.00000,0.01970,0.12581,0.56386
1732,0.23900,0.00000,0.01970,0.12581,0.56386
1733,0.21800,0.00000,0.01970,0.12581,0.56386
1734,0.20189,0.00000,0.01970,0.12581,0.56386
1735,0.19176,0.00000,0.01970,0.12581,0.56386
1736,0.18830,0.24028,0.01970,0.12581,0.56386
1737,0.19176,0.46419,0.01970,0.12581,0.56386
1738,0.20189,0.65646,0.01970,0.12581,0.56386
1739,0.21800,0.80400,0.01970,0.12581,0.56386
1740,0.23900,0.89675,0.01970,0.12581,0.56386
1741,0.26346,0.92838,0.01970,0.12581,0.56386
1742,0.28970,0.89675,0.01970,0.12581,0.56386
1743,0.31594,0.80400,0.01970,0.12581,0.56386
1744,0.34040,0.65646,0.01970,0.12581,0.56386
1745,0.36140,0.46419,0.01970,0.12581,0.56386
1746,0.37751,0.24028,0.01970,0.12581,0.56386
1747,0.38764,0.00000,0.01970,0.12581,0.56386
1748,0.39109,0.00000,0.01970,0.12581,0.56386
1749,0.38764,0.00000,0.01970,0.12581,0.56386
1750,0.37751,0.00000,0.01970,0.12581,0.56386
1751,0.36140,0.00000,0.01970,0.12581,0.56386
1752,0.34040,0.00000,0.01970,0.12581,0.56386
1753,0.30545,0.00000,0.01699,0.10823,0.51244
1754,0.28008,0.00000,0.01699,0.10823,0.51244
1755,0.25471,0.00000,0.01699,0.10823,0.51244
1756,0.23107,0.00000,0.01699,0.10823,0.51244
1757,0.21076,0.00000,0.01699,0.10823,0.51244
1758,0.19519,0.00000,0.01699,0.10823,0.51244
1759,0.18539,0.00000,0.01699,0.10823,0.51244
1760,0.18205,0.23719,0.01699,0.10823,0.51244
1761,0.18539,0.45821,0.01699,0.10823,0.51244
1762,0.19519,0.64801,0.01699,0.10823,0.51244
1763,0.21076,0.79365,0.01699,0.10823,0.51244
1764,0.23107,0.88520,0.01699,0.10823,0.51244
1765,0.25471,0.91643,0.01699,0.10823,0.51244
1766,0.28008,0.88520,0.01699,0.10823,0.51244
1767,0.30545,0.79365,0.01699,0.10823,0.51244
1768,0.32909,0.64801,0.01699,0.10823,0.51244
1769,0.34940,0.45821,0.01699,0.10823,0.51244
1770,0.36498,0.23719,0.01699,0.10823,0.51244
1771,0.37477,0.00000,0.01699,0.10823,0.51244
1772,0.37811,0.00000,0.01699,0.10823,0.51244
1773,0.37477,0.00000,0.01699,0.10823,0.51244
1774,0.36498,0.00000,0.01699,0.10823,0.51244
1775,0.34940,0.00000,0.01699,0.10823,0.51244
1776,0.32909,0.00000,0.01699,0.10823,0.51244
1777,0.31289,0.00000,0.01470,0.09290,0.46275
1778,0.28690,0.00000,0.01470,0.09290,0.46275
1779,0.26091,0.00000,0.01470,0.09290,0.46275
1780,0.23669,0.00000,0.01470,0.09290,0.46275
1781,0.21589,0.00000,0.01470,0.09290,0.46275
1782,0.19994,0.00000,0.01470,0.09290,0.46275
1783,0.18991,0.00000,0.01470,0.09290,0.46275
1784,0.18648,0.23389,0.01470,0.09290,0.46275
1785,0.18991,0.45184,0.01470,0.09290,0.46275
1786,0.19994,0.63900,0.01470,0.09290,0.46275
1787,0.21589,0.78261,0.01470,0.09290,0.46275
1788,0.23669,0.87289,0.01470,0.09290,0.46275
1789,0.26091,0.90368,0.01470,0.09290,0.46275
1790,0.28690,0.87289,0.01470,0.09290,0.46275
1791,0.31289,0.78261,0.01470,0.09290,0.46275
1792,0.33711,0.63900,0.01470,0.09290,0.46275
1793,0.35790,0.45184,0.01470,0.09290,0.46275
1794,0.37386,0.23389,0.01470,0.09290,0.46275
1795,0.38389,0.00000,0.01470,0.09290,0.46275
1796,0.38731,0.00000,0.01470,0.09290,0.46275
1797,0.38389,0.00000,0.01470,0.09290,0.46275
1798,0.37386,0.00000,0.01470,0.09290,0.46275
1799,0.35790,0.00000,0.01470,0.09290,0.46275
1800,0.33711,0.00000,0.01470,0.09290,0.46275
1801,0.33953,0.00000,0.01275,0.07960,0.41533
1802,0.31133,0.00000,0.01275,0.07960,0.41533
1803,0.28313,0.00000,0.01275,0.07960,0.41533
1804,0.25685,0.00000,0.01275,0.07960,0.41533
1805,0.23428,0.00000,0.01275,0.07960,0.41533
1806,0.21696,0.00000,0.01275,0.07960,0.41533
1807,0.20608,0.00000,0.01275,0.07960,0.41533
1808,0.20236,0.23039,0.01275,0.07960,0.41533
1809,0.20608,0.44508,0.01275,0.07960,0.41533
1810,0.21696,0.62944,0.01275,0.07960,0.41533
1811,0.23428,0.77091,0.01275,0.07960,0.41533
1812,0.25685,0.85983,0.01275,0.07960,0.41533
1813,0.28313,0.89017,0.01275,0.07960,0.41533
1814,0.31133,0.85983,0.01275,0.07960,0.41533
1815,0.33953,0.77091,0.01275,0.07960,0.41533
1816,0.36581,0.62944,0.01275,0.07960,0.41533
1817,0.38838,0.44508,0.01275,0.07960,0.41533
1818,0.40570,0.23039,0.01275,0.07960,0.41533
1819,0.41658,0.00000,0.01275,0.07960,0.41533
1820,0.42029,0.00000,0.01275,0.07960,0.41533
1821,0.41658,0.00000,0.01275,0.07960,0.41533
1822,0.40570,0.00000,0.01275,0.07960,0.41533
1823,0.38838,0.00000,0.01275,0.07960,0.41533
1824,0.36581,0.00000,0.01275,0.07960,0.41533
1825,0.37232,0.00000,0.01111,0.06812,0.37061
1826,0.34140,0.00000,0.01111,0.06812,0.37061
1827,0.31047,0.00000,0.01111,0.06812,0.37061
1828,0.28165,0.00000,0.01111,0.06812,0.37061
1829,0.25691,0.00000,0.01111,0.06812,0.37061
1830,0.23792,0.00000,0.01111,0.06812,0.37061
1831,0.22598,0.00000,0.01111,0.06812,0.37061
1832,0.22191,0.22671,0.01111,0.06812,0.37061
1833,0.22598,0.43796,0.01111,0.06812,0.37061
1834,0.23792,0.61937,0.01111,0.06812,0.37061
1835,0.25691,0.75857,0.01111,0.06812,0.37061
1836,0.28165,0.84608,0.01111,0.06812,0.37061
1837,0.31047,0.87592,0.01111,0.06812,0.37061
1838,0.34140,0.84608,0.01111,0.06812,0.37061
1839,0.37232,0.75857,0.01111,0.06812,0.37061
1840,0.40114,0.61937,0.01111,0.06812,0.37061
1841,0.42589,0.43796,0.01111,0.06812,0.37061
1842,0.44488,0.22671,0.01111,0.06812,0.37061
1843,0.45682,0.00000,0.01111,0.06812,0.37061
1844,0.46089,0.00000,0.01111,0.06812,0.37061
1845,0.45682,0.00000,0.01111,0.06812,0.37061
1846,0.44488,0.00000,0.01111,0.06812,0.37061
1847,0.42589,0.00000,0.01111,0.06812,0.37061
1848,0.40114,0.00000,0.01111,0.06812,0.37061
1849,0.39314,0.00000,0.00972,0.05825,0.32889
1850,0.36048,0.00000,0.00972,0.05825,0.32889
1851,0.32783,0.00000,0.00972,0.05825,0.32889
1852,0.29740,0.00000,0.00972,0.05825,0.32889
1853,0.27127,0.00000,0.00972,0.05825,0.32889
1854,0.25122,0.00000,0.00972,0.05825,0.32889
1855,0.23861,0.00000,0.00972,0.05825,0.32889
1856,0.23431,0.22284,0.00972,0.05825,0.32889
1857,0.23861,0.43050,0.00972,0.05825,0.32889
1858,0.25122,0.60882,0.00972,0.05825,0.32889
1859,0.27127,0.74564,0.00972,0.05825,0.32889
1860,0.29740,0.83166,0.00972,0.05825,0.32889
1861,0.32783,0.86100,0.00972,0.05825,0.32889
1862,0.36048,0.83166,0.00972,0.05825,0.32889
1863,0.39314,0.74564,0.00972,0.05825,0.32889
1864,0.42357,0.60882,0.00972,0.05825,0.32889
1865,0.44970,0.43050,0.00972,0.05825,0.32889
1866,0.46975,0.22284,0.00972,0.05825,0.32889
1867,0.48235,0.00000,0.00972,0.05825,0.32889
1868,0.48665,0.00000,0.00972,0.05825,0.32889
1869,0.48235,0.00000,0.00972,0.05825,0.32889
1870,0.46975,0.00000,0.00972,0.05825,0.32889
1871,0.44970,0.00000,0.00972,0.05825,0.32889
1872,0.42357,0.00000,0.00972,0.05825,0.32889
1873,0.39245,0.00000,0.00854,0.04979,0.29036
1874,0.35985,0.00000,0.00854,0.04979,0.29036
1875,0.32725,0.00000,0.00854,0.04979,0.29036
1876,0.29688,0.00000,0.00854,0.04979,0.29036
1877,0.27079,0.00000,0.00854,0.04979,0.29036
1878,0.25078,0.00000,0.00854,0.04979,0.29036
1879,0.23820,0.00000,0.00854,0.04979,0.29036
1880,0.23390,0.21881,0.00854,0.04979,0.29036
1881,0.23820,0.42271,0.00854,0.04979,0.29036
1882,0.25078,0.59780,0.00854,0.04979,0.29036
1883,0.27079,0.73215,0.00854,0.04979,0.29036
1884,0.29688,0.81661,0.00854,0.04979,0.29036
1885,0.32725,0.84542,0.00854,0.04979,0.29036
1886,0.35985,0.81661,0.00854,0.04979,0.29036
1887,0.39245,0.73215,0.00854,0.04979,0.29036
1888,0.42283,0.59780,0.00854,0.04979,0.29036
1889,0.44891,0.42271,0.00854,0.04979,0.29036
1890,0.46893,0.21881,0.00854,0.04979,0.29036
1891,0.48151,0.00000,0.00854,0.04979,0.29036
1892,0.48580,0.00000,0.00854,0.04979,0.29036
1893,0.48151,0.00000,0.00854,0.04979,0.29036
1894,0.46893,0.00000,0.00854,0.04979,0.29036
1895,0.44891,0.00000,0.00854,0.04979,0.29036
1896,0.42283,0.00000,0.00854,0.04979,0.29036
1897,0.37714,0.00000,0.00754,0.04255,0.25510
1898,0.34581,0.00000,0.00754,0.04255,0.25510
1899,0.31449,0.00000,0.00754,0.04255,0.25510
1900,0.28530,0.00000,0.00754,0.04255,0.25510
1901,0.26023,0.00000,0.00754,0.04255,0.25510
1902,0.24099,0.00000,0.00754,0.04255,0.25510
1903,0.22890,0.00000,0.00754,0.04255,0.25510
1904,0.22478,0.21462,0.00754,0.04255,0.25510
1905,0.22890,0.41462,0.00754,0.04255,0.25510
1906,0.24099,0.58636,0.00754,0.04255,0.25510
1907,0.26023,0.71814,0.00754,0.04255,0.25510
1908,0.28530,0.80098,0.00754,0.04255,0.25510
1909,0.31449,0.82924,0.00754,0.04255,0.25510
1910,0.34581,0.80098,0.00754,0.04255,0.25510
1911,0.37714,0.71814,0.00754,0.04255,0.25510
1912,0.40633,0.58636,0.00754,0.04255,0.25510
1913,0.43140,0.41462,0.00754,0.04255,0.25510
1914,0.45063,0.21462,0.00754,0.04255,0.25510
1915,0.46272,0.00000,0.00754,0.04255,0.25510
1916,0.46685,0.00000,0.00754,0.04255,0.25510
1917,0.46272,0.00000,0.00754,0.04255,0.25510
1918,0.45063,0.00000,0.00754,0.04255,0.25510
1919,0.43140,0.00000,0.00754,0.04255,0.25510
1920,0.40633,0.00000,0.00754,0.04255,0.25510
1921,0.36606,0.00000,0.00669,0.03639,0.22313
1922,0.33565,0.00000,0.00669,0.03639,0.22313
1923,0.30525,0.00000,0.00669,0.03639,0.22313
1924,0.27691,0.00000,0.00669,0.03639,0.22313
1925,0.25258,0.00000,0.00669,0.03639,0.22313
1926,0.23391,0.00000,0.00669,0.03639,0.22313
1927,0.22218,0.00000,0.00669,0.03639,0.22313
1928,0.21818,0.21029,0.00669,0.03639,0.22313
1929,0.22218,0.40625,0.00669,0.03639,0.22313
1930,0.23391,0.57452,0.00669,0.03639,0.22313
1931,0.25258,0.70365,0.00669,0.03639,0.22313
1932,0.27691,0.78481,0.00669,0.03639,0.22313
1933,0.30525,0.81250,0.00669,0.03639,0.22313
1934,0.33565,0.78481,0.00669,0.03639,0.22313
1935,0.36606,0.70365,0.00669,0.03639,0.22313
1936,0.39439,0.57452,0.00669,0.03639,0.22313
1937,0.41872,0.40625,0.00669,0.03639,0.22313
1938,0.43739,0.21029,0.00669,0.03639,0.22313
1939,0.44913,0.00000,0.00669,0.03639,0.22313
1940,0.45313,0.00000,0.00669,0.03639,0.22313
1941,0.44913,0.00000,0.00669,0.03639,0.22313
1942,0.43739,0.00000,0.00669,0.03639,0.22313
1943,0.41872,0.00000,0.00669,0.03639,0.22313
1944,0.39439,0.00000,0.00669,0.03639,0.22313
1945,0.37612,0.00000,0.00597,0.03114,0.19436
1946,0.34488,0.00000,0.00597,0.03114,0.19436
1947,0.31364,0.00000,0.00597,0.03114,0.19436
1948,0.28453,0.00000,0.00597,0.03114,0.19436
1949,0.25953,0.00000,0.00597,0.03114,0.19436
1950,0.24034,0.00000,0.00597,0.03114,0.19436
1951,0.22829,0.00000,0.00597,0.03114,0.19436
1952,0.22417,0.20582,0.00597,0.03114,0.19436
1953,0.22829,0.39762,0.00597,0.03114,0.19436
1954,0.24034,0.56232,0.00597,0.03114,0.19436
1955,0.25953,0.68870,0.00597,0.03114,0.19436
1956,0.28453,0.76815,0.00597,0.03114,0.19436
1957,0.31364,0.79525,0.00597,0.03114,0.19436
1958,0.34488,0.76815,0.00597,0.03114,0.19436
1959,0.37612,0.68870,0.00597,0.03114,0.19436
1960,0.40523,0.56232,0.00597,0.03114,0.19436
1961,0.43023,0.39762,0.00597,0.03114,0.19436
1962,0.44942,0.20582,0.00597,0.03114,0.19436
1963,0.46148,0.00000,0.00597,0.03114,0.19436
1964,0.46559,0.00000,0.00597,0.03114,0.19436
1965,0.46148,0.00000,0.00597,0.03114,0.19436
1966,0.44942,0.00000,0.00597,0.03114,0.19436
1967,0.43023,0.00000,0.00597,0.03114,0.19436
1968,0.40523,0.00000,0.00597,0.03114,0.19436
1969,0.40906,0.00000,0.00536,0.02668,0.16867
1970,0.37508,0.00000,0.00536,0.02668,0.16867
1971,0.34110,0.00000,0.00536,0.02668,0.16867
1972,0.30944,0.00000,0.00536,0.02668,0.16867
1973,0.28225,0.00000,0.00536,0.02668,0.16867
1974,0.26139,0.00000,0.00536,0.02668,0.16867
1975,0.24828,0.00000,0.00536,0.02668,0.16867
1976,0.24380,0.20124,0.00536,0.02668,0.16867
1977,0.24828,0.38876,0.00536,0.02668,0.16867
1978,0.26139,0.54979,0.00536,0.02668,0.16867
1979,0.28225,0.67336,0.00536,0.02668,0.16867
1980,0.30944,0.75103,0.00536,0.02668,0.16867
1981,0.34110,0.77753,0.00536,0.02668,0.16867
1982,0.37508,0.75103,0.00536,0.02668,0.16867
1983,0.40906,0.67336,0.00536,0.02668,0.16867
1984,0.44072,0.54979,0.00536,0.02668,0.16867
1985,0.46791,0.38876,0.00536,0.02668,0.16867
1986,0.48877,0.20124,0.00536,0.02668,0.16867
1987,0.50189,0.00000,0.00536,0.02668,0.16867
1988,0.50636,0.00000,0.00536,0.02668,0.16867
1989,0.50189,0.00000,0.00536,0.02668,0.16867
1990,0.48877,0.00000,0.00536,0.02668,0.16867
1991,0.46791,0.00000,0.00536,0.02668,0.16867
1992,0.44072,0.00000,0.00536,0.02668,0.16867
1993,0.44921,0.00000,0.00484,0.02290,0.14589
1994,0.41190,0.00000,0.00484,0.02290,0.14589
1995,0.37459,0.00000,0.00484,0.02290,0.14589
1996,0.33982,0.00000,0.00484,0.02290,0.14589
1997,0.30996,0.00000,0.00484,0.02290,0.14589
1998,0.28705,0.00000,0.00484,0.02290,0.14589
1999,0.27265,0.00000,0.00484,0.02290,0.14589
2000,0.26774,0.19654,0.00484,0.02290,0.14589
2001,0.27265,0.37969,0.00484,0.02290,0.14589
2002,0.28705,0.53697,0.00484,0.02290,0.14589
2003,0.30996,0.65765,0.00484,0.02290,0.14589
2004,0.33982,0.73351,0.00484,0.02290,0.14589
2005,0.37459,0.75939,0.00484,0.02290,0.14589
2006,0.41190,0.73351,0.00484,0.02290,0.14589
2007,0.44921,0.65765,0.00484,0.02290,0.14589
2008,0.48398,0.53697,0.00484,0.02290,0.14589
2009,0.51384,0.37969,0.00484,0.02290,0.14589
2010,0.53675,0.19654,0.00484,0.02290,0.14589
2011,0.55116,0.00000,0.00484,0.02290,0.14589
2012,0.55607,0.00000,0.00484,0.02290,0.14589
2013,0.55116,0.00000,0.00484,0.02290,0.14589
2014,0.53675,0.00000,0.00484,0.02290,0.14589
2015,0.51384,0.00000,0.00484,0.02290,0.14589
2016,0.48398,0.00000,0.00484,0.02290,0.14589
2017,0.47466,0.00000,0.00440,0.01970,0.12581
2018,0.43524,0.00000,0.00440,0.01970,0.12581
2019,0.39581,0.00000,0.00440,0.01970,0.12581
2020,0.35907,0.00000,0.00440,0.01970,0.12581
2021,0.32752,0.00000,0.00440,0.01970,0.12581
2022,0.30331,0.00000,0.00440,0.01970,0.12581
2023,0.28809,0.00000,0.00440,0.01970,0.12581
2024,0.28290,0.19175,0.00440,0.01970,0.12581
2025,0.28809,0.37044,0.00440,0.01970,0.12581
2026,0.30331,0.52388,0.00440,0.01970,0.12581
2027,0.32752,0.64162,0.00440,0.01970,0.12581
2028,0.35907,0.71564,0.00440,0.01970,0.12581
2029,0.39581,0.74088,0.00440,0.01970,0.12581
2030,0.43524,0.71564,0.00440,0.01970,0.12581
2031,0.47466,0.64162,0.00440,0.01970,0.12581
2032,0.51140,0.52388,0.00440,0.01970,0.12581
2033,0.54295,0.37044,0.00440,0.01970,0.12581
2034,0.56716,0.19175,0.00440,0.01970,0.12581
2035,0.58238,0.00000,0.00440,0.01970,0.12581
2036,0.58757,0.00000,0.00440,0.01970,0.12581
2037,0.58238,0.00000,0.00440,0.01970,0.12581
2038,0.56716,0.00000,0.00440,0.01970,0.12581
2039,0.54295,0.00000,0.00440,0.01970,0.12581
2040,0.51140,0.00000,0.00440,0.01970,0.12581
2041,0.47385,0.00000,0.00402,0.01699,0.10823
2042,0.43449,0.00000,0.00402,0.01699,0.10823
2043,0.39513,0.00000,0.00402,0.01699,0.10823
2044,0.35845,0.00000,0.00402,0.01699,0.10823
2045,0.32696,0.00000,0.00402,0.01699,0.10823
2046,0.30279,0.00000,0.00402,0.01699,0.10823
2047,0.28760,0.00000,0.00402,0.01699,0.10823
2048,0.28242,0.18688,0.00402,0.01699,0.10823
2049,0.28760,0.36103,0.00402,0.01699,0.10823
2050,0.30279,0.51057,0.00402,0.01699,0.10823
2051,0.32696,0.62532,0.00402,0.01699,0.10823
2052,0.35845,0.69745,0.00402,0.01699,0.10823
2053,0.39513,0.72206,0.00402,0.01699,0.10823
2054,0.43449,0.69745,0.00402,0.01699,0.10823
2055,0.47385,0.62532,0.00402,0.01699,0.10823
2056,0.51052,0.51057,0.00402,0.01699,0.10823
2057,0.54202,0.36103,0.00402,0.01699,0.10823
2058,0.56618,0.18688,0.00402,0.01699,0.10823
2059,0.58138,0.00000,0.00402,0.01699,0.10823
2060,0.58656,0.00000,0.00402,0.01699,0.10823
2061,0.58138,0.00000,0.00402,0.01699,0.10823
2062,0.56618,0.00000,0.00402,0.01699,0.10823
2063,0.54202,0.00000,0.00402,0.01699,0.10823
2064,0.51052,0.00000,0.00402,0.01699,0.10823
2065,0.45508,0.00000,0.00370,0.01470,0.09290
2066,0.41728,0.00000,0.00370,0.01470,0.09290
2067,0.37948,0.00000,0.00370,0.01470,0.09290
2068,0.34426,0.00000,0.00370,0.01470,0.09290
2069,0.31401,0.00000,0.00370,0.01470,0.09290
2070,0.29080,0.00000,0.00370,0.01470,0.09290
2071,0.27621,0.00000,0.00370,0.01470,0.09290
2072,0.27123,0.18194,0.00370,0.01470,0.09290
2073,0.27621,0.35148,0.00370,0.01470,0.09290
2074,0.29080,0.49707,0.00370,0.01470,0.09290
2075,0.31401,0.60879,0.00370,0.01470,0.09290
2076,0.34426,0.67901,0.00370,0.01470,0.09290
2077,0.37948,0.70297,0.00370,0.01470,0.09290
2078,0.41728,0.67901,0.00370,0.01470,0.09290
2079,0.45508,0.60879,0.00370,0.01470,0.09290
2080,0.49031,0.49707,0.00370,0.01470,0.09290
2081,0.52055,0.35148,0.00370,0.01470,0.09290
2082,0.54376,0.18194,0.00370,0.01470,0.09290
2083,0.55836,0.00000,0.00370,0.01470,0.09290
2084,0.56333,0.00000,0.00370,0.01470,0.09290
2085,0.55836,0.00000,0.00370,0.01470,0.09290
2086,0.54376,0.00000,0.00370,0.01470,0.09290
2087,0.52055,0.00000,0.00370,0.01470,0.09290
2088,0.49031,0.00000,0.00370,0.01470,0.09290
2089,0.44119,0.00000,0.00344,0.01275,0.07960
2090,0.40455,0.00000,0.00344,0.01275,0.07960
2091,0.36790,0.00000,0.00344,0.01275,0.07960
2092,0.33375,0.00000,0.00344,0.01275,0.07960
2093,0.30443,0.00000,0.00344,0.01275,0.07960
2094,0.28192,0.00000,0.00344,0.01275,0.07960
2095,0.26778,0.00000,0.00344,0.01275,0.07960
2096,0.26296,0.17694,0.00344,0.01275,0.07960
2097,0.26778,0.34183,0.00344,0.01275,0.07960
2098,0.28192,0.48342,0.00344,0.01275,0.07960
2099,0.30443,0.59207,0.00344,0.01275,0.07960
2100,0.33375,0.66037,0.00344,0.01275,0.07960
2101,0.36790,0.68366,0.00344,0.01275,0.07960
2102,0.40455,0.66037,0.00344,0.01275,0.07960
2103,0.44119,0.59207,0.00344,0.01275,0.07960
2104,0.47534,0.48342,0.00344,0.01275,0.07960
2105,0.50467,0.34183,0.00344,0.01275,0.07960
2106,0.52717,0.17694,0.00344,0.01275,0.07960
2107,0.54131,0.00000,0.00344,0.01275,0.07960
2108,0.54614,0.00000,0.00344,0.01275,0.07960
2109,0.54131,0.00000,0.00344,0.01275,0.07960
2110,0.52717,0.00000,0.00344,0.01275,0.07960
2111,0.50467,0.00000,0.00344,0.01275,0.07960
2112,0.47534,0.00000,0.00344,0.01275,0.07960
2113,0.45254,0.00000,0.00321,0.01111,0.06812
2114,0.41495,0.00000,0.00321,0.01111,0.06812
2115,0.37737,0.00000,0.00321,0.01111,0.06812
2116,0.34234,0.00000,0.00321,0.01111,0.06812
2117,0.31226,0.00000,0.00321,0.01111,0.06812
2118,0.28918,0.00000,0.00321,0.01111,0.06812
2119,0.27467,0.00000,0.00321,0.01111,0.06812
2120,0.26972,0.17191,0.00321,0.01111,0.06812
2121,0.27467,0.33210,0.00321,0.01111,0.06812
2122,0.28918,0.46966,0.00321,0.01111,0.06812
2123,0.31226,0.57521,0.00321,0.01111,0.06812
2124,0.34234,0.64157,0.00321,0.01111,0.06812
2125,0.37737,0.66420,0.00321,0.01111,0.06812
2126,0.41495,0.64157,0.00321,0.01111,0.06812
2127,0.45254,0.57521,0.00321,0.01111,0.06812
2128,0.48757,0.46966,0.00321,0.01111,0.06812
2129,0.51765,0.33210,0.00321,0.01111,0.06812
2130,0.54073,0.17191,0.00321,0.01111,0.06812
2131,0.55524,0.00000,0.00321,0.01111,0.06812
2132,0.56019,0.00000,0.00321,0.01111,0.06812
2133,0.55524,0.00000,0.00321,0.01111,0.06812
2134,0.54073,0.00000,0.00321,0.01111,0.06812
2135,0.51765,0.00000,0.00321,0.01111,0.06812
2136,0.48757,0.00000,0.00321,0.01111,0.06812
2137,0.49110,0.00000,0.00303,0.00972,0.05825
2138,0.45030,0.00000,0.00303,0.00972,0.05825
2139,0.40951,0.00000,0.00303,0.00972,0.05825
2140,0.37150,0.00000,0.00303,0.00972,0.05825
2141,0.33886,0.00000,0.00303,0.00972,0.05825
2142,0.31381,0.00000,0.00303,0.00972,0.05825
2143,0.29807,0.00000,0.00303,0.00972,0.05825
2144,0.29270,0.16684,0.00303,0.00972,0.05825
2145,0.29807,0.32231,0.00303,0.00972,0.05825
2146,0.31381,0.45582,0.00303,0.00972,0.05825
2147,0.33886,0.55826,0.00303,0.00972,0.05825
2148,0.37150,0.62266,0.00303,0.00972,0.05825
2149,0.40951,0.64463,0.00303,0.00972,0.05825
2150,0.45030,0.62266,0.00303,0.00972,0.05825
2151,0.49110,0.55826,0.00303,0.00972,0.05825
2152,0.52911,0.45582,0.00303,0.00972,0.05825
2153,0.56175,0.32231,0.00303,0.00972,0.05825
2154,0.58679,0.16684,0.00303,0.00972,0.05825
2155,0.60254,0.00000,0.00303,0.00972,0.05825
2156,0.60791,0.00000,0.00303,0.00972,0.05825
2157,0.60254,0.00000,0.00303,0.00972,0.05825
2158,0.58679,0.00000,0.00303,0.00972,0.05825
2159,0.56175,0.00000,0.00303,0.00972,0.05825
2160,0.52911,0.00000,0.00303,0.00972,0.05825
2161,0.53788,0.00000,0.00287,0.00854,0.04979
2162,0.49321,0.00000,0.00287,0.00854,0.04979
2163,0.44853,0.00000,0.00287,0.00854,0.04979
2164,0.40690,0.00000,0.00287,0.00854,0.04979
2165,0.37114,0.00000,0.00287,0.00854,0.04979
2166,0.34371,0.00000,0.00287,0.00854,0.04979
2167,0.32647,0.00000,0.00287,0.00854,0.04979
2168,0.32058,0.16176,0.00287,0.00854,0.04979
2169,0.32647,0.31250,0.00287,0.00854,0.04979
2170,0.34371,0.44194,0.00287,0.00854,0.04979
2171,0.37114,0.54127,0.00287,0.00854,0.04979
2172,0.40690,0.60370,0.00287,0.00854,0.04979
2173,0.44853,0.62500,0.00287,0.00854,0.04979
2174,0.49321,0.60370,0.00287,0.00854,0.04979
2175,0.53788,0.54127,0.00287,0.00854,0.04979
2176,0.57952,0.44194,0.00287,0.00854,0.04979
2177,0.61527,0.31250,0.00287,0.00854,0.04979
2178,0.64270,0.16176,0.00287,0.00854,0.04979
2179,0.65995,0.00000,0.00287,0.00854,0.04979
2180,0.66583,0.00000,0.00287,0.00854,0.04979
2181,0.65995,0.00000,0.00287,0.00854,0.04979
2182,0.64270,0.00000,0.00287,0.00854,0.04979
2183,0.61527,0.00000,0.00287,0.00854,0.04979
2184,0.57952,0.00000,0.00287,0.00854,0.04979
2185,0.56664,0.00000,0.00275,0.00754,0.04255
2186,0.51957,0.00000,0.00275,0.00754,0.04255
2187,0.47250,0.00000,0.00275,0.00754,0.04255
2188,0.42865,0.00000,0.00275,0.00754,0.04255
2189,0.39098,0.00000,0.00275,0.00754,0.04255
2190,0.36208,0.00000,0.00275,0.00754,0.04255
2191,0.34392,0.00000,0.00275,0.00754,0.04255
2192,0.33772,0.15668,0.00275,0.00754,0.04255
2193,0.34392,0.30269,0.00275,0.00754,0.04255
2194,0.36208,0.42806,0.00275,0.00754,0.04255
2195,0.39098,0.52427,0.00275,0.00754,0.04255
2196,0.42865,0.58475,0.00275,0.00754,0.04255
2197,0.47250,0.60537,0.00275,0.00754,0.04255
2198,0.51957,0.58475,0.00275,0.00754,0.04255
2199,0.56664,0.52427,0.00275,0.00754,0.04255
2200,0.61050,0.42806,0.00275,0.00754,0.04255
2201,0.64816,0.30269,0.00275,0.00754,0.04255
2202,0.67706,0.15668,0.00275,0.00754,0.04255
2203,0.69522,0.00000,0.00275,0.00754,0.04255
2204,0.70142,0.00000,0.00275,0.00754,0.04255
2205,0.69522,0.00000,0.00275,0.00754,0.04255
2206,0.67706,0.00000,0.00275,0.00754,0.04255
2207,0.64816,0.00000,0.00275,0.00754,0.04255
2208,0.61050,0.00000,0.00275,0.00754,0.04255
2209,0.56375,0.00000,0.00265,0.00669,0.03639
2210,0.51692,0.00000,0.00265,0.00669,0.03639
2211,0.47010,0.00000,0.00265,0.00669,0.03639
2212,0.42646,0.00000,0.00265,0.00669,0.03639
2213,0.38899,0.00000,0.00265,0.00669,0.03639
2214,0.36024,0.00000,0.00265,0.00669,0.03639
2215,0.34216,0.00000,0.00265,0.00669,0.03639
2216,0.33600,0.15162,0.00265,0.00669,0.03639
2217,0.34216,0.29290,0.00265,0.00669,0.03639
2218,0.36024,0.41422,0.00265,0.00669,0.03639
2219,0.38899,0.50732,0.00265,0.00669,0.03639
2220,0.42646,0.56584,0.00265,0.00669,0.03639
2221,0.47010,0.58580,0.00265,0.00669,0.03639
2222,0.51692,0.56584,0.00265,0.00669,0.03639
2223,0.56375,0.50732,0.00265,0.00669,0.03639
2224,0.60738,0.41422,0.00265,0.00669,0.03639
2225,0.64485,0.29290,0.00265,0.00669,0.03639
2226,0.67361,0.15162,0.00265,0.00669,0.03639
2227,0.69168,0.00000,0.00265,0.00669,0.03639
2228,0.69784,0.00000,0.00265,0.00669,0.03639
2229,0.69168,0.00000,0.00265,0.00669,0.03639
2230,0.67361,0.00000,0.00265,0.00669,0.03639
2231,0.64485,0.00000,0.00265,0.00669,0.03639
2232,0.60738,0.00000,0.00265,0.00669,0.03639
2233,0.53942,0.00000,0.00257,0.00597,0.03114
2234,0.49462,0.00000,0.00257,0.00597,0.03114
2235,0.44981,0.00000,0.00257,0.00597,0.03114
2236,0.40806,0.00000,0.00257,0.00597,0.03114
2237,0.37220,0.00000,0.00257,0.00597,0.03114
2238,0.34469,0.00000,0.00257,0.00597,0.03114
2239,0.32740,0.00000,0.00257,0.00597,0.03114
2240,0.32150,0.14658,0.00257,0.00597,0.03114
2241,0.32740,0.28317,0.00257,0.00597,0.03114
2242,0.34469,0.40046,0.00257,0.00597,0.03114
2243,0.37220,0.49046,0.00257,0.00597,0.03114
2244,0.40806,0.54704,0.00257,0.00597,0.03114
2245,0.44981,0.56634,0.00257,0.00597,0.03114
2246,0.49462,0.54704,0.00257,0.00597,0.03114
2247,0.53942,0.49046,0.00257,0.00597,0.03114
2248,0.58117,0.40046,0.00257,0.00597,0.03114
2249,0.61703,0.28317,0.00257,0.00597,0.03114
2250,0.64454,0.14658,0.00257,0.00597,0.03114
2251,0.66183,0.00000,0.00257,0.00597,0.03114
2252,0.66773,0.00000,0.00257,0.00597,0.03114
2253,0.66183,0.00000,0.00257,0.00597,0.03114
2254,0.64454,0.00000,0.00257,0.00597,0.03114
2255,0.61703,0.00000,0.00257,0.00597,0.03114
2256,0.58117,0.00000,0.00257,0.00597,0.03114
2257,0.52087,0.00000,0.00252,0.00536,0.02668
2258,0.47761,0.00000,0.00252,0.00536,0.02668
2259,0.43434,0.00000,0.00252,0.00536,0.02668
2260,0.39402,0.00000,0.00252,0.00536,0.02668
2261,0.35940,0.00000,0.00252,0.00536,0.02668
2262,0.33284,0.00000,0.00252,0.00536,0.02668
2263,0.31614,0.00000,0.00252,0.00536,0.02668
2264,0.31044,0.14158,0.00252,0.00536,0.02668
2265,0.31614,0.27352,0.00252,0.00536,0.02668
2266,0.33284,0.38681,0.00252,0.00536,0.02668
2267,0.35940,0.47374,0.00252,0.00536,0.02668
2268,0.39402,0.52839,0.00252,0.00536,0.02668
2269,0.43434,0.54703,0.00252,0.00536,0.02668
2270,0.47761,0.52839,0.00252,0.00536,0.02668
2271,0.52087,0.47374,0.00252,0.00536,0.02668
2272,0.56119,0.38681,0.00252,0.00536,0.02668
2273,0.59581,0.27352,0.00252,0.00536,0.02668
2274,0.62237,0.14158,0.00252,0.00536,0.02668
2275,0.63907,0.00000,0.00252,0.00536,0.02668
2276,0.64477,0.00000,0.00252,0.00536,0.02668
2277,0.63907,0.00000,0.00252,0.00536,0.02668
2278,0.62237,0.00000,0.00252,0.00536,0.02668
2279,0.59581,0.00000,0.00252,0.00536,0.02668
2280,0.56119,0.00000,0.00252,0.00536,0.02668
2281,0.53200,0.00000,0.00249,0.00484,0.02290
2282,0.48781,0.00000,0.00249,0.00484,0.02290
2283,0.44362,0.00000,0.00249,0.00484,0.02290
2284,0.40245,0.00000,0.00249,0.00484,0.02290
2285,0.36709,0.00000,0.00249,0.00484,0.02290
2286,0.33995,0.00000,0.00249,0.00484,0.02290
2287,0.32290,0.00000,0.00249,0.00484,0.02290
2288,0.31708,0.13664,0.00249,0.00484,0.02290
2289,0.32290,0.26397,0.00249,0.00484,0.02290
2290,0.33995,0.37331,0.00249,0.00484,0.02290
2291,0.36709,0.45721,0.00249,0.00484,0.02290
2292,0.40245,0.50995,0.00249,0.00484,0.02290
2293,0.44362,0.52794,0.00249,0.00484,0.02290
2294,0.48781,0.50995,0.00249,0.00484,0.02290
2295,0.53200,0.45721,0.00249,0.00484,0.02290
2296,0.57318,0.37331,0.00249,0.00484,0.02290
2297,0.60854,0.26397,0.00249,0.00484,0.02290
2298,0.63567,0.13664,0.00249,0.00484,0.02290
2299,0.65273,0.00000,0.00249,0.00484,0.02290
2300,0.65855,0.00000,0.00249,0.00484,0.02290
2301,0.65273,0.00000,0.00249,0.00484,0.02290
2302,0.63567,0.00000,0.00249,0.00484,0.02290
2303,0.60854,0.00000,0.00249,0.00484,0.02290
2304,0.57318,0.00000,0.00249,0.00484,0.02290
2305,0.57474,0.00000,0.00248,0.00440,0.01970
2306,0.52700,0.00000,0.00248,0.00440,0.01970
2307,0.47926,0.00000,0.00248,0.00440,0.01970
2308,0.43478,0.00000,0.00248,0.00440,0.01970
2309,0.39657,0.00000,0.00248,0.00440,0.01970
2310,0.36726,0.00000,0.00248,0.00440,0.01970
2311,0.34884,0.00000,0.00248,0.00440,0.01970
2312,0.34255,0.13177,0.00248,0.00440,0.01970
2313,0.34884,0.25456,0.00248,0.00440,0.01970
2314,0.36726,0.36000,0.00248,0.00440,0.01970
2315,0.39657,0.44091,0.00248,0.00440,0.01970
2316,0.43478,0.49177,0.00248,0.00440,0.01970
2317,0.47926,0.50912,0.00248,0.00440,0.01970
2318,0.52700,0.49177,0.00248,0.00440,0.01970
2319,0.57474,0.44091,0.00248,0.00440,0.01970
2320,0.61923,0.36000,0.00248,0.00440,0.01970
2321,0.65743,0.25456,0.00248,0.00440,0.01970
2322,0.68674,0.13177,0.00248,0.00440,0.01970
2323,0.70517,0.00000,0.00248,0.00440,0.01970
2324,0.71145,0.00000,0.00248,0.00440,0.01970
2325,0.70517,0.00000,0.00248,0.00440,0.01970
2326,0.68674,0.00000,0.00248,0.00440,0.01970
2327,0.65743,0.00000,0.00248,0.00440,0.01970
2328,0.61923,0.00000,0.00248,0.00440,0.01970
2329,0.62655,0.00000,0.00249,0.00402,0.01699
2330,0.57451,0.00000,0.00249,0.00402,0.01699
2331,0.52247,0.00000,0.00249,0.00402,0.01699
2332,0.47397,0.00000,0.00249,0.00402,0.01699
2333,0.43233,0.00000,0.00249,0.00402,0.01699
2334,0.40037,0.00000,0.00249,0.00402,0.01699
2335,0.38028,0.00000,0.00249,0.00402,0.01699
2336,0.37343,0.12698,0.00249,0.00402,0.01699
2337,0.38028,0.24531,0.00249,0.00402,0.01699
2338,0.40037,0.34692,0.00249,0.00402,0.01699
2339,0.43233,0.42488,0.00249,0.00402,0.01699
2340,0.47397,0.47389,0.00249,0.00402,0.01699
2341,0.52247,0.49061,0.00249,0.00402,0.01699
2342,0.57451,0.47389,0.00249,0.00402,0.01699
2343,0.62655,0.42488,0.00249,0.00402,0.01699
2344,0.67505,0.34692,0.00249,0.00402,0.01699
2345,0.71670,0.24531,0.00249,0.00402,0.01699
2346,0.74865,0.12698,0.00249,0.00402,0.01699
2347,0.76874,0.00000,0.00249,0.00402,0.01699
2348,0.77559,0.00000,0.00249,0.00402,0.01699
2349,0.76874,0.00000,0.00249,0.00402,0.01699
2350,0.74865,0.00000,0.00249,0.00402,0.01699
2351,0.71670,0.00000,0.00249,0.00402,0.01699
2352,0.67505,0.00000,0.00249,0.00402,0.01699
2353,0.65684,0.00000,0.00252,0.00370,0.01470
2354,0.60228,0.00000,0.00252,0.00370,0.01470
2355,0.54772,0.00000,0.00252,0.00370,0.01470
2356,0.49688,0.00000,0.00252,0.00370,0.01470
2357,0.45323,0.00000,0.00252,0.00370,0.01470
2358,0.41973,0.00000,0.00252,0.00370,0.01470
2359,0.39867,0.00000,0.00252,0.00370,0.01470
2360,0.39148,0.12229,0.00252,0.00370,0.01470
2361,0.39867,0.23624,0.00252,0.00370,0.01470
2362,0.41973,0.33409,0.00252,0.00370,0.01470
2363,0.45323,0.40917,0.00252,0.00370,0.01470
2364,0.49688,0.45637,0.00252,0.00370,0.01470
2365,0.54772,0.47247,0.00252,0.00370,0.01470
2366,0.60228,0.45637,0.00252,0.00370,0.01470
2367,0.65684,0.40917,0.00252,0.00370,0.01470
2368,0.70768,0.33409,0.00252,0.00370,0.01470
2369,0.75134,0.23624,0.00252,0.00370,0.01470
2370,0.78484,0.12229,0.00252,0.00370,0.01470
2371,0.80590,0.00000,0.00252,0.00370,0.01470
2372,0.81308,0.00000,0.00252,0.00370,0.01470
2373,0.80590,0.00000,0.00252,0.00370,0.01470
2374,0.78484,0.00000,0.00252,0.00370,0.01470
2375,0.75134,0.00000,0.00252,0.00370,0.01470
2376,0.70768,0.00000,0.00252,0.00370,0.01470
2377,0.65021,0.00000,0.00257,0.00344,0.01275
2378,0.59621,0.00000,0.00257,0.00344,0.01275
2379,0.54220,0.00000,0.00257,0.00344,0.01275
2380,0.49187,0.00000,0.00257,0.00344,0.01275
2381,0.44865,0.00000,0.00257,0.00344,0.01275
2382,0.41549,0.00000,0.00257,0.00344,0.01275
2383,0.39464,0.00000,0.00257,0.00344,0.01275
2384,0.38753,0.11770,0.00257,0.00344,0.01275
2385,0.39464,0.22738,0.00257,0.00344,0.01275
2386,0.41549,0.32156,0.00257,0.00344,0.01275
2387,0.44865,0.39383,0.00257,0.00344,0.01275
2388,0.49187,0.43926,0.00257,0.00344,0.01275
2389,0.54220,0.45475,0.00257,0.00344,0.01275
2390,0.59621,0.43926,0.00257,0.00344,0.01275
2391,0.65021,0.39383,0.00257,0.00344,0.01275
2392,0.70054,0.32156,0.00257,0.00344,0.01275
2393,0.74376,0.22738,0.00257,0.00344,0.01275
2394,0.77692,0.11770,0.00257,0.00344,0.01275
2395,0.79777,0.00000,0.00257,0.00344,0.01275
2396,0.80488,0.00000,0.00257,0.00344,0.01275
2397,0.79777,0.00000,0.00257,0.00344,0.01275
2398,0.77692,0.00000,0.00257,0.00344,0.01275
2399,0.74376,0.00000,0.00257,0.00344,0.01275
2400,0.70054,0.00000,0.00257,0.00344,0.01275
2401,0.61895,0.00000,0.00265,0.00321,0.01111
2402,0.56754,0.00000,0.00265,0.00321,0.01111
2403,0.51613,0.00000,0.00265,0.00321,0.01111
2404,0.46822,0.00000,0.00265,0.00321,0.01111
2405,0.42708,0.00000,0.00265,0.00321,0.01111
2406,0.39551,0.00000,0.00265,0.00321,0.01111
2407,0.37567,0.00000,0.00265,0.00321,0.01111
2408,0.36890,0.11323,0.00265,0.00321,0.01111
2409,0.37567,0.21875,0.00265,0.00321,0.01111
2410,0.39551,0.30936,0.00265,0.00321,0.01111
2411,0.42708,0.37889,0.00265,0.00321,0.01111
2412,0.46822,0.42259,0.00265,0.00321,0.01111
2413,0.51613,0.43750,0.00265,0.00321,0.01111
2414,0.56754,0.42259,0.00265,0.00321,0.01111
2415,0.61895,0.37889,0.00265,0.00321,0.01111
2416,0.66686,0.30936,0.00265,0.00321,0.01111
2417,0.70799,0.21875,0.00265,0.00321,0.01111
2418,0.73956,0.11323,0.00265,0.00321,0.01111
2419,0.75941,0.00000,0.00265,0.00321,0.01111
2420,0.76617,0.00000,0.00265,0.00321,0.01111
2421,0.75941,0.00000,0.00265,0.00321,0.01111
2422,0.73956,0.00000,0.00265,0.00321,0.01111
2423,0.70799,0.00000,0.00265,0.00321,0.01111
2424,0.66686,0.00000,0.00265,0.00321,0.01111
2425,0.59451,0.00000,0.00275,0.00303,0.00972
2426,0.54513,0.00000,0.00275,0.00303,0.00972
2427,0.49574,0.00000,0.00275,0.00303,0.00972
2428,0.44973,0.00000,0.00275,0.00303,0.00972
2429,0.41021,0.00000,0.00275,0.00303,0.00972
2430,0.37989,0.00000,0.00275,0.00303,0.00972
2431,0.36083,0.00000,0.00275,0.00303,0.00972
2432,0.35433,0.10890,0.00275,0.00303,0.00972
2433,0.36083,0.21038,0.00275,0.00303,0.00972
2434,0.37989,0.29752,0.00275,0.00303,0.00972
2435,0.41021,0.36439,0.00275,0.00303,0.00972
2436,0.44973,0.40642,0.00275,0.00303,0.00972
2437,0.49574,0.42076,0.00275,0.00303,0.00972
2438,0.54513,0.40642,0.00275,0.00303,0.00972
2439,0.59451,0.36439,0.00275,0.00303,0.00972
2440,0.64052,0.29752,0.00275,0.00303,0.00972
2441,0.68004,0.21038,0.00275,0.00303,0.00972
2442,0.71036,0.10890,0.00275,0.00303,0.00972
2443,0.72942,0.00000,0.00275,0.00303,0.00972
2444,0.73592,0.00000,0.00275,0.00303,0.00972
2445,0.72942,0.00000,0.00275,0.00303,0.00972
2446,0.71036,0.00000,0.00275,0.00303,0.00972
2447,0.68004,0.00000,0.00275,0.00303,0.00972
2448,0.64052,0.00000,0.00275,0.00303,0.00972
2449,0.60394,0.00000,0.00287,0.00287,0.00854
2450,0.55378,0.00000,0.00287,0.00287,0.00854
2451,0.50361,0.00000,0.00287,0.00287,0.00854
2452,0.45687,0.00000,0.00287,0.00287,0.00854
2453,0.41672,0.00000,0.00287,0.00287,0.00854
2454,0.38592,0.00000,0.00287,0.00287,0.00854
2455,0.36656,0.00000,0.00287,0.00287,0.00854
2456,0.35996,0.10471,0.00287,0.00287,0.00854
2457,0.36656,0.20229,0.00287,0.00287,0.00854
2458,0.38592,0.28608,0.00287,0.00287,0.00854
2459,0.41672,0.35038,0.00287,0.00287,0.00854
2460,0.45687,0.39079,0.00287,0.00287,0.00854
2461,0.50361,0.40458,0.00287,0.00287,0.00854
2462,0.55378,0.39079,0.00287,0.00287,0.00854
2463,0.60394,0.35038,0.00287,0.00287,0.00854
2464,0.65069,0.28608,0.00287,0.00287,0.00854
2465,0.69083,0.20229,0.00287,0.00287,0.00854
2466,0.72163,0.10471,0.00287,0.00287,0.00854
2467,0.74100,0.00000,0.00287,0.00287,0.00854
2468,0.74760,0.00000,0.00287,0.00287,0.00854
2469,0.74100,0.00000,0.00287,0.00287,0.00854
2470,0.72163,0.00000,0.00287,0.00287,0.00854
2471,0.69083,0.00000,0.00287,0.00287,0.00854
2472,0.65069,0.00000,0.00287,0.00287,0.00854
2473,0.64888,0.00000,0.00303,0.00275,0.00754
2474,0.59498,0.00000,0.00303,0.00275,0.00754
2475,0.54109,0.00000,0.00303,0.00275,0.00754
2476,0.49086,0.00000,0.00303,0.00275,0.00754
2477,0.44773,0.00000,0.00303,0.00275,0.00754
2478,0.41464,0.00000,0.00303,0.00275,0.00754
2479,0.39384,0.00000,0.00303,0.00275,0.00754
2480,0.38674,0.10068,0.00303,0.00275,0.00754
2481,0.39384,0.19450,0.00303,0.00275,0.00754
2482,0.41464,0.27507,0.00303,0.00275,0.00754
2483,0.44773,0.33689,0.00303,0.00275,0.00754
2484,0.49086,0.37575,0.00303,0.00275,0.00754
2485,0.54109,0.38900,0.00303,0.00275,0.00754
2486,0.59498,0.37575,0.00303,0.00275,0.00754
2487,0.64888,0.33689,0.00303,0.00275,0.00754
2488,0.69911,0.27507,0.00303,0.00275,0.00754
2489,0.74224,0.19450,0.00303,0.00275,0.00754
2490,0.77533,0.10068,0.00303,0.00275,0.00754
2491,0.79613,0.00000,0.00303,0.00275,0.00754
2492,0.80323,0.00000,0.00303,0.00275,0.00754
2493,0.79613,0.00000,0.00303,0.00275,0.00754
2494,0.77533,0.00000,0.00303,0.00275,0.00754
2495,0.74224,0.00000,0.00303,0.00275,0.00754
2496,0.69911,0.00000,0.00303,0.00275,0.00754
2497,0.70345,0.00000,0.00321,0.00265,0.00669
2498,0.64502,0.00000,0.00321,0.00265,0.00669
2499,0.58659,0.00000,0.00321,0.00265,0.00669
2500,0.53214,0.00000,0.00321,0.00265,0.00669
2501,0.48538,0.00000,0.00321,0.00265,0.00669
2502,0.44951,0.00000,0.00321,0.00265,0.00669
2503,0.42695,0.00000,0.00321,0.00265,0.00669
2504,0.41926,0.09682,0.00321,0.00265,0.00669
2505,0.42695,0.18704,0.00321,0.00265,0.00669
2506,0.44951,0.26451,0.00321,0.00265,0.00669
2507,0.48538,0.32396,0.00321,0.00265,0.00669
2508,0.53214,0.36133,0.00321,0.00265,0.00669
2509,0.58659,0.37408,0.00321,0.00265,0.00669
2510,0.64502,0.36133,0.00321,0.00265,0.00669
2511,0.70345,0.32396,0.00321,0.00265,0.00669
2512,0.75789,0.26451,0.00321,0.00265,0.00669
2513,0.80465,0.18704,0.00321,0.00265,0.00669
2514,0.84053,0.09682,0.00321,0.00265,0.00669
2515,0.86308,0.00000,0.00321,0.00265,0.00669
2516,0.87077,0.00000,0.00321,0.00265,0.00669
2517,0.86308,0.00000,0.00321,0.00265,0.00669
2518,0.84053,0.00000,0.00321,0.00265,0.00669
2519,0.80465,0.00000,0.00321,0.00265,0.00669
2520,0.75789,0.00000,0.00321,0.00265,0.00669
2521,0.73329,0.00000,0.00344,0.00257,0.00597
2522,0.67238,0.00000,0.00344,0.00257,0.00597
2523,0.61148,0.00000,0.00344,0.00257,0.00597
2524,0.55472,0.00000,0.00344,0.00257,0.00597
2525,0.50598,0.00000,0.00344,0.00257,0.00597
2526,0.46858,0.00000,0.00344,0.00257,0.00597
2527,0.44507,0.00000,0.00344,0.00257,0.00597
2528,0.43705,0.09313,0.00344,0.00257,0.00597
2529,0.44507,0.17992,0.00344,0.00257,0.00597
2530,0.46858,0.25444,0.00344,0.00257,0.00597
2531,0.50598,0.31163,0.00344,0.00257,0.00597
2532,0.55472,0.34757,0.00344,0.00257,0.00597
2533,0.61148,0.35983,0.00344,0.00257,0.00597
2534,0.67238,0.34757,0.00344,0.00257,0.00597
2535,0.73329,0.31163,0.00344,0.00257,0.00597
2536,0.79005,0.25444,0.00344,0.00257,0.00597
2537,0.83879,0.17992,0.00344,0.00257,0.00597
2538,0.87619,0.09313,0.00344,0.00257,0.00597
2539,0.89970,0.00000,0.00344,0.00257,0.00597
2540,0.90772,0.00000,0.00344,0.00257,0.00597
2541,0.89970,0.00000,0.00344,0.00257,0.00597
2542,0.87619,0.00000,0.00344,0.00257,0.00597
2543,0.83879,0.00000,0.00344,0.00257,0.00597
2544,0.79005,0.00000,0.00344,0.00257,0.00597
2545,0.72176,0.00000,0.00370,0.00252,0.00536
2546,0.66181,0.00000,0.00370,0.00252,0.00536
2547,0.60186,0.00000,0.00370,0.00252,0.00536
2548,0.54599,0.00000,0.00370,0.00252,0.00536
2549,0.49802,0.00000,0.00370,0.00252,0.00536
2550,0.46121,0.00000,0.00370,0.00252,0.00536
2551,0.43807,0.00000,0.00370,0.00252,0.00536
2552,0.43018,0.08963,0.00370,0.00252,0.00536
2553,0.43807,0.17316,0.00370,0.00252,0.00536
2554,0.46121,0.24489,0.00370,0.00252,0.00536
2555,0.49802,0.29992,0.00370,0.00252,0.00536
2556,0.54599,0.33452,0.00370,0.00252,0.00536
2557,0.60186,0.34632,0.00370,0.00252,0.00536
2558,0.66181,0.33452,0.00370,0.00252,0.00536
2559,0.72176,0.29992,0.00370,0.00252,0.00536
2560,0.77762,0.24489,0.00370,0.00252,0.00536
2561,0.82560,0.17316,0.00370,0.00252,0.00536
2562,0.86241,0.08963,0.00370,0.00252,0.00536
2563,0.88555,0.00000,0.00370,0.00252,0.00536
2564,0.89344,0.00000,0.00370,0.00252,0.00536
2565,0.88555,0.00000,0.00370,0.00252,0.00536
2566,0.86241,0.00000,0.00370,0.00252,0.00536
2567,0.82560,0.00000,0.00370,0.00252,0.00536
2568,0.77762,0.00000,0.00370,0.00252,0.00536
2569,0.68310,0.00000,0.00402,0.00249,0.00484
2570,0.62636,0.00000,0.00402,0.00249,0.00484
2571,0.56962,0.00000,0.00402,0.00249,0.00484
2572,0.51675,0.00000,0.00402,0.00249,0.00484
2573,0.47134,0.00000,0.00402,0.00249,0.00484
2574,0.43651,0.00000,0.00402,0.00249,0.00484
2575,0.41460,0.00000,0.00402,0.00249,0.00484
2576,0.40713,0.08633,0.00402,0.00249,0.00484
2577,0.41460,0.16679,0.00402,0.00249,0.00484
2578,0.43651,0.23587,0.00402,0.00249,0.00484
2579,0.47134,0.28888,0.00402,0.00249,0.00484
2580,0.51675,0.32220,0.00402,0.00249,0.00484
2581,0.56962,0.33357,0.00402,0.00249,0.00484
2582,0.62636,0.32220,0.00402,0.00249,0.00484
2583,0.68310,0.28888,0.00402,0.00249,0.00484
2584,0.73597,0.23587,0.00402,0.00249,0.00484
2585,0.78138,0.16679,0.00402,0.00249,0.00484
2586,0.81622,0.08633,0.00402,0.00249,0.00484
2587,0.83812,0.00000,0.00402,0.00249,0.00484
2588,0.84559,0.00000,0.00402,0.00249,0.00484
2589,0.83812,0.00000,0.00402,0.00249,0.00484
2590,0.81622,0.00000,0.00402,0.00249,0.00484
2591,0.78138,0.00000,0.00402,0.00249,0.00484
2592,0.73597,0.00000,0.00402,0.00249,0.00484
2593,0.65232,0.00000,0.00440,0.00248,0.00440
2594,0.59814,0.00000,0.00440,0.00248,0.00440
2595,0.54396,0.00000,0.00440,0.00248,0.00440
2596,0.49346,0.00000,0.00440,0.00248,0.00440
2597,0.45011,0.00000,0.00440,0.00248,0.00440
2598,0.41684,0.00000,0.00440,0.00248,0.00440
2599,0.39592,0.00000,0.00440,0.00248,0.00440
2600,0.38879,0.08324,0.00440,0.00248,0.00440
2601,0.39592,0.16081,0.00440,0.00248,0.00440
2602,0.41684,0.22742,0.00440,0.00248,0.00440
2603,0.45011,0.27853,0.00440,0.00248,0.00440
2604,0.49346,0.31066,0.00440,0.00248,0.00440
2605,0.54396,0.32162,0.00440,0.00248,0.00440
2606,0.59814,0.31066,0.00440,0.00248,0.00440
2607,0.65232,0.27853,0.00440,0.00248,0.00440
2608,0.70281,0.22742,0.00440,0.00248,0.00440
2609,0.74617,0.16081,0.00440,0.00248,0.00440
2610,0.77944,0.08324,0.00440,0.00248,0.00440
2611,0.80035,0.00000,0.00440,0.00248,0.00440
2612,0.80749,0.00000,0.00440,0.00248,0.00440
2613,0.80035,0.00000,0.00440,0.00248,0.00440
2614,0.77944,0.00000,0.00440,0.00248,0.00440
2615,0.74617,0.00000,0.00440,0.00248,0.00440
2616,0.70281,0.00000,0.00440,0.00248,0.00440
2617,0.65881,0.00000,0.00484,0.00249,0.00402
2618,0.60409,0.00000,0.00484,0.00249,0.00402
2619,0.54936,0.00000,0.00484,0.00249,0.00402
2620,0.49837,0.00000,0.00484,0.00249,0.00402
2621,0.45458,0.00000,0.00484,0.00249,0.00402
2622,0.42098,0.00000,0.00484,0.00249,0.00402
2623,0.39986,0.00000,0.00484,0.00249,0.00402
2624,0.39266,0.08036,0.00484,0.00249,0.00402
2625,0.39986,0.15525,0.00484,0.00249,0.00402
2626,0.42098,0.21956,0.00484,0.00249,0.00402
2627,0.45458,0.26890,0.00484,0.00249,0.00402
2628,0.49837,0.29992,0.00484,0.00249,0.00402
2629,0.54936,0.31050,0.00484,0.00249,0.00402
2630,0.60409,0.29992,0.00484,0.00249,0.00402
2631,0.65881,0.26890,0.00484,0.00249,0.00402
2632,0.70980,0.21956,0.00484,0.00249,0.00402
2633,0.75359,0.15525,0.00484,0.00249,0.00402
2634,0.78719,0.08036,0.00484,0.00249,0.00402
2635,0.80831,0.00000,0.00484,0.00249,0.00402
2636,0.81552,0.00000,0.00484,0.00249,0.00402
2637,0.80831,0.00000,0.00484,0.00249,0.00402
2638,0.78719,0.00000,0.00484,0.00249,0.00402
2639,0.75359,0.00000,0.00484,0.00249,0.00402
2640,0.70980,0.00000,0.00484,0.00249,0.00402
2641,0.70367,0.00000,0.00536,0.00252,0.00370
2642,0.64523,0.00000,0.00536,0.00252,0.00370
2643,0.58678,0.00000,0.00536,0.00252,0.00370
2644,0.53231,0.00000,0.00536,0.00252,0.00370
2645,0.48554,0.00000,0.00536,0.00252,0.00370
2646,0.44965,0.00000,0.00536,0.00252,0.00370
2647,0.42709,0.00000,0.00536,0.00252,0.00370
2648,0.41940,0.07771,0.00536,0.00252,0.00370
2649,0.42709,0.15012,0.00536,0.00252,0.00370
2650,0.44965,0.21230,0.00536,0.00252,0.00370
2651,0.48554,0.26002,0.00536,0.00252,0.00370
2652,0.53231,0.29001,0.00536,0.00252,0.00370
2653,0.58678,0.30024,0.00536,0.00252,0.00370
2654,0.64523,0.29001,0.00536,0.00252,0.00370
2655,0.70367,0.26002,0.00536,0.00252,0.00370
2656,0.75814,0.21230,0.00536,0.00252,0.00370
2657,0.80491,0.15012,0.00536,0.00252,0.00370
2658,0.84080,0.07771,0.00536,0.00252,0.00370
2659,0.86336,0.00000,0.00536,0.00252,0.00370
2660,0.87105,0.00000,0.00536,0.00252,0.00370
2661,0.86336,0.00000,0.00536,0.00252,0.00370
2662,0.84080,0.00000,0.00536,0.00252,0.00370
2663,0.80491,0.00000,0.00536,0.00252,0.00370
2664,0.75814,0.00000,0.00536,0.00252,0.00370
2665,0.75834,0.00000,0.00597,0.00257,0.00344
2666,0.69535,0.00000,0.00597,0.00257,0.00344
2667,0.63236,0.00000,0.00597,0.00257,0.00344
2668,0.57367,0.00000,0.00597,0.00257,0.00344
2669,0.52326,0.00000,0.00597,0.00257,0.00344
2670,0.48459,0.00000,0.00597,0.00257,0.00344
2671,0.46027,0.00000,0.00597,0.00257,0.00344
2672,0.45198,0.07528,0.00597,0.00257,0.00344
2673,0.46027,0.14544,0.00597,0.00257,0.00344
2674,0.48459,0.20568,0.00597,0.00257,0.00344
2675,0.52326,0.25190,0.00597,0.00257,0.00344
2676,0.57367,0.28096,0.00597,0.00257,0.00344
2677,0.63236,0.29087,0.00597,0.00257,0.00344
2678,0.69535,0.28096,0.00597,0.00257,0.00344
2679,0.75834,0.25190,0.00597,0.00257,0.00344
2680,0.81704,0.20568,0.00597,0.00257,0.00344
2681,0.86745,0.14544,0.00597,0.00257,0.00344
2682,0.90612,0.07528,0.00597,0.00257,0.00344
2683,0.93043,0.00000,0.00597,0.00257,0.00344
2684,0.93873,0.00000,0.00597,0.00257,0.00344
2685,0.93043,0.00000,0.00597,0.00257,0.00344
2686,0.90612,0.00000,0.00597,0.00257,0.00344
2687,0.86745,0.00000,0.00597,0.00257,0.00344
2688,0.81704,0.00000,0.00597,0.00257,0.00344
2689,0.78584,0.00000,0.00669,0.00265,0.00321
2690,0.72056,0.00000,0.00669,0.00265,0.00321
2691,0.65529,0.00000,0.00669,0.00265,0.00321
2692,0.59446,0.00000,0.00669,0.00265,0.00321
2693,0.54223,0.00000,0.00669,0.00265,0.00321
2694,0.50215,0.00000,0.00669,0.00265,0.00321
2695,0.47696,0.00000,0.00669,0.00265,0.00321
2696,0.46837,0.07310,0.00669,0.00265,0.00321
2697,0.47696,0.14121,0.00669,0.00265,0.00321
2698,0.50215,0.19970,0.00669,0.00265,0.00321
2699,0.54223,0.24458,0.00669,0.00265,0.00321
2700,0.59446,0.27280,0.00669,0.00265,0.00321
2701,0.65529,0.28242,0.00669,0.00265,0.00321
2702,0.72056,0.27280,0.00669,0.00265,0.00321
2703,0.78584,0.24458,0.00669,0.00265,0.00321
2704,0.84666,0.19970,0.00669,0.00265,0.00321
2705,0.89889,0.14121,0.00669,0.00265,0.00321
2706,0.93897,0.07310,0.00669,0.00265,0.00321
2707,0.96417,0.00000,0.00669,0.00265,0.00321
2708,0.97276,0.00000,0.00669,0.00265,0.00321
2709,0.96417,0.00000,0.00669,0.00265,0.00321
2710,0.93897,0.00000,0.00669,0.00265,0.00321
2711,0.89889,0.00000,0.00669,0.00265,0.00321
2712,0.84666,0.00000,0.00669,0.00265,0.00321
2713,0.76888,0.00000,0.00754,0.00275,0.00303
2714,0.70501,0.00000,0.00754,0.00275,0.00303
2715,0.64115,0.00000,0.00754,0.00275,0.00303
2716,0.58164,0.00000,0.00754,0.00275,0.00303
2717,0.53053,0.00000,0.00754,0.00275,0.00303
2718,0.49132,0.00000,0.00754,0.00275,0.00303
2719,0.46667,0.00000,0.00754,0.00275,0.00303
2720,0.45826,0.07115,0.00754,0.00275,0.00303
2721,0.46667,0.13745,0.00754,0.00275,0.00303
2722,0.49132,0.19439,0.00754,0.00275,0.00303
2723,0.53053,0.23808,0.00754,0.00275,0.00303
2724,0.58164,0.26554,0.00754,0.00275,0.00303
2725,0.64115,0.27491,0.00754,0.00275,0.00303
2726,0.70501,0.26554,0.00754,0.00275,0.00303
2727,0.76888,0.23808,0.00754,0.00275,0.00303
2728,0.82839,0.19439,0.00754,0.00275,0.00303
2729,0.87949,0.13745,0.00754,0.00275,0.00303
2730,0.91871,0.07115,0.00754,0.00275,0.00303
2731,0.94336,0.00000,0.00754,0.00275,0.00303
2732,0.95177,0.00000,0.00754,0.00275,0.00303
2733,0.94336,0.00000,0.00754,0.00275,0.00303
2734,0.91871,0.00000,0.00754,0.00275,0.00303
2735,0.87949,0.00000,0.00754,0.00275,0.00303
2736,0.82839,0.00000,0.00754,0.00275,0.00303
2737,0.72336,0.00000,0.00854,0.00287,0.00287
2738,0.66327,0.00000,0.00854,0.00287,0.00287
2739,0.60319,0.00000,0.00854,0.00287,0.00287
2740,0.54720,0.00000,0.00854,0.00287,0.00287
2741,0.49912,0.00000,0.00854,0.00287,0.00287
2742,0.46223,0.00000,0.00854,0.00287,0.00287
2743,0.43904,0.00000,0.00854,0.00287,0.00287
2744,0.43113,0.06946,0.00854,0.00287,0.00287
2745,0.43904,0.13418,0.00854,0.00287,0.00287
2746,0.46223,0.18975,0.00854,0.00287,0.00287
2747,0.49912,0.23240,0.00854,0.00287,0.00287
2748,0.54720,0.25921,0.00854,0.00287,0.00287
2749,0.60319,0.26835,0.00854,0.00287,0.00287
2750,0.66327,0.25921,0.00854,0.00287,0.00287
2751,0.72336,0.23240,0.00854,0.00287,0.00287
2752,0.77935,0.18975,0.00854,0.00287,0.00287
2753,0.82742,0.13418,0.00854,0.00287,0.00287
2754,0.86432,0.06946,0.00854,0.00287,0.00287
2755,0.88751,0.00000,0.00854,0.00287,0.00287
2756,0.89542,0.00000,0.00854,0.00287,0.00287
2757,0.88751,0.00000,0.00854,0.00287,0.00287
2758,0.86432,0.00000,0.00854,0.00287,0.00287
2759,0.82742,0.00000,0.00854,0.00287,0.00287
2760,0.77935,0.00000,0.00854,0.00287,0.00287
2761,0.68664,0.00000,0.00972,0.00303,0.00275
2762,0.62960,0.00000,0.00972,0.00303,0.00275
2763,0.57257,0.00000,0.00972,0.00303,0.00275
2764,0.51942,0.00000,0.00972,0.00303,0.00275
2765,0.47378,0.00000,0.00972,0.00303,0.00275
2766,0.43876,0.00000,0.00972,0.00303,0.00275
2767,0.41675,0.00000,0.00972,0.00303,0.00275
2768,0.40924,0.06801,0.00972,0.00303,0.00275
2769,0.41675,0.13139,0.00972,0.00303,0.00275
2770,0.43876,0.18581,0.00972,0.00303,0.00275
2771,0.47378,0.22757,0.00972,0.00303,0.00275
2772,0.51942,0.25382,0.00972,0.00303,0.00275
2773,0.57257,0.26278,0.00972,0.00303,0.00275
2774,0.62960,0.25382,0.00972,0.00303,0.00275
2775,0.68664,0.22757,0.00972,0.00303,0.00275
2776,0.73978,0.18581,0.00972,0.00303,0.00275
2777,0.78542,0.13139,0.00972,0.00303,0.00275
2778,0.82044,0.06801,0.00972,0.00303,0.00275
2779,0.84245,0.00000,0.00972,0.00303,0.00275
2780,0.84996,0.00000,0.00972,0.00303,0.00275
2781,0.84245,0.00000,0.00972,0.00303,0.00275
2782,0.82044,0.00000,0.00972,0.00303,0.00275
2783,0.78542,0.00000,0.00972,0.00303,0.00275
2784,0.73978,0.00000,0.00972,0.00303,0.00275
2785,0.68931,0.00000,0.01111,0.00321,0.00265
2786,0.63205,0.00000,0.01111,0.00321,0.00265
2787,0.57480,0.00000,0.01111,0.00321,0.00265
2788,0.52144,0.00000,0.01111,0.00321,0.00265
2789,0.47563,0.00000,0.01111,0.00321,0.00265
2790,0.44047,0.00000,0.01111,0.00321,0.00265
2791,0.41837,0.00000,0.01111,0.00321,0.00265
2792,0.41083,0.06683,0.01111,0.00321,0.00265
2793,0.41837,0.12910,0.01111,0.00321,0.00265
2794,0.44047,0.18257,0.01111,0.00321,0.00265
2795,0.47563,0.22360,0.01111,0.00321,0.00265
2796,0.52144,0.24940,0.01111,0.00321,0.00265
2797,0.57480,0.25819,0.01111,0.00321,0.00265
2798,0.63205,0.24940,0.01111,0.00321,0.00265
2799,0.68931,0.22360,0.01111,0.00321,0.00265
2800,0.74266,0.18257,0.01111,0.00321,0.00265
2801,0.78848,0.12910,0.01111,0.00321,0.00265
2802,0.82363,0.06683,0.01111,0.00321,0.00265
2803,0.84573,0.00000,0.01111,0.00321,0.00265
2804,0.85327,0.00000,0.01111,0.00321,0.00265
2805,0.84573,0.00000,0.01111,0.00321,0.00265
2806,0.82363,0.00000,0.01111,0.00321,0.00265
2807,0.78848,0.00000,0.01111,0.00321,0.00265
2808,0.74266,0.00000,0.01111,0.00321,0.00265
2809,0.73184,0.00000,0.01275,0.00344,0.00257
2810,0.67105,0.00000,0.01275,0.00344,0.00257
2811,0.61026,0.00000,0.01275,0.00344,0.00257
2812,0.55361,0.00000,0.01275,0.00344,0.00257
2813,0.50497,0.00000,0.01275,0.00344,0.00257
2814,0.46765,0.00000,0.01275,0.00344,0.00257
2815,0.44418,0.00000,0.01275,0.00344,0.00257
2816,0.43618,0.06590,0.01275,0.00344,0.00257
2817,0.44418,0.12731,0.01275,0.00344,0.00257
2818,0.46765,0.18004,0.01275,0.00344,0.00257
2819,0.50497,0.22050,0.01275,0.00344,0.00257
2820,0.55361,0.24594,0.01275,0.00344,0.00257
2821,0.61026,0.25462,0.01275,0.00344,0.00257
2822,0.67105,0.24594,0.01275,0.00344,0.00257
2823,0.73184,0.22050,0.01275,0.00344,0.00257
2824,0.78848,0.18004,0.01275,0.00344,0.00257
2825,0.83712,0.12731,0.01275,0.00344,0.00257
2826,0.87445,0.06590,0.01275,0.00344,0.00257
2827,0.89791,0.00000,0.01275,0.00344,0.00257
2828,0.90592,0.00000,0.01275,0.00344,0.00257
2829,0.89791,0.00000,0.01275,0.00344,0.00257
2830,0.87445,0.00000,0.01275,0.00344,0.00257
2831,0.83712,0.00000,0.01275,0.00344,0.00257
2832,0.78848,0.00000,0.01275,0.00344,0.00257
2833,0.78396,0.00000,0.01470,0.00370,0.00252
2834,0.71884,0.00000,0.01470,0.00370,0.00252
2835,0.65372,0.00000,0.01470,0.00370,0.00252
2836,0.59304,0.00000,0.01470,0.00370,0.00252
2837,0.54094,0.00000,0.01470,0.00370,0.00252
2838,0.50095,0.00000,0.01470,0.00370,0.00252
2839,0.47582,0.00000,0.01470,0.00370,0.00252
2840,0.46725,0.06524,0.01470,0.00370,0.00252
2841,0.47582,0.12603,0.01470,0.00370,0.00252
2842,0.50095,0.17823,0.01470,0.00370,0.00252
2843,0.54094,0.21829,0.01470,0.00370,0.00252
2844,0.59304,0.24347,0.01470,0.00370,0.00252
2845,0.65372,0.25205,0.01470,0.00370,0.00252
2846,0.71884,0.24347,0.01470,0.00370,0.00252
2847,0.78396,0.21829,0.01470,0.00370,0.00252
2848,0.84464,0.17823,0.01470,0.00370,0.00252
2849,0.89674,0.12603,0.01470,0.00370,0.00252
2850,0.93673,0.06524,0.01470,0.00370,0.00252
2851,0.96186,0.00000,0.01470,0.00370,0.00252
2852,0.97043,0.00000,0.01470,0.00370,0.00252
2853,0.96186,0.00000,0.01470,0.00370,0.00252
2854,0.93673,0.00000,0.01470,0.00370,0.00252
2855,0.89674,0.00000,0.01470,0.00370,0.00252
2856,0.84464,0.00000,0.01470,0.00370,0.00252
2857,0.80749,0.00000,0.01699,0.00402,0.00249
2858,0.74042,0.00000,0.01699,0.00402,0.00249
2859,0.67335,0.00000,0.01699,0.00402,0.00249
2860,0.61085,0.00000,0.01699,0.00402,0.00249
2861,0.55718,0.00000,0.01699,0.00402,0.00249
2862,0.51599,0.00000,0.01699,0.00402,0.00249
2863,0.49010,0.00000,0.01699,0.00402,0.00249
2864,0.48127,0.06484,0.01699,0.00402,0.00249
2865,0.49010,0.12526,0.01699,0.00402,0.00249
2866,0.51599,0.17714,0.01699,0.00402,0.00249
2867,0.55718,0.21695,0.01699,0.00402,0.00249
2868,0.61085,0.24198,0.01699,0.00402,0.00249
2869,0.67335,0.25051,0.01699,0.00402,0.00249
2870,0.74042,0.24198,0.01699,0.00402,0.00249
2871,0.80749,0.21695,0.01699,0.00402,0.00249
2872,0.86999,0.17714,0.01699,0.00402,0.00249
2873,0.92367,0.12526,0.01699,0.00402,0.00249
2874,0.96485,0.06484,0.01699,0.00402,0.00249
2875,0.99074,0.00000,0.01699,0.00402,0.00249
2876,0.99957,0.00000,0.01699,0.00402,0.00249
2877,0.99074,0.00000,0.01699,0.00402,0.00249
2878,0.96485,0.00000,0.01699,0.00402,0.00249
2879,0.92367,0.00000,0.01699,0.00402,0.00249
2880,0.86999,0.00000,0.01699,0.00402,0.00249
