name,seed,n_rep_periods,period_length,clustering_type,weight_type,normalization,tol,projection_error,sigma_max,sigma_min,kappa,stable_rank,numerical_rank,mean_weight_sum,max_weight_sum,frac_weight_sum_gt1,frac_weight_sum_lt1,weight_density,pgd_total_iters,pgd_max_iters_per_fit,cache_hits,cache_misses,termination_status,objective_value,cost_of_investment,cost_of_operations,cost_of_spillage,cost_of_borrow,n_variables,n_constraints,evaluation_termination_status,evaluated_objective_value,eval_cost_of_investment,eval_cost_of_operations,eval_cost_of_spillage,eval_cost_of_borrow,eval_n_variables,eval_n_constraints,total_spillage,total_borrow,time_to_preprocess,time_to_cluster,time_to_fit_weights,time_to_formulate_model,time_to_solve,time_to_read
nrel/118bus_1_8760_k_means_dirac_0.01_economic,653657,1,8760,k_means,dirac,economic,0.01,0.0,1.0,1.0,1.0,1.0,1,1.0,1.0,0.0,0.0,1.0,0,0,0,0,OPTIMAL,2.4380117565973625e6,0.0,2.4380117566052517e6,0.0,0.0,6053205,13008705,N/A,,,,,,0,0,0.0,0.0,0.008400208,0.625362334,9.16e-7,28.826448541,73.484405875,0.765933542
nrel/118bus_10_24_k_means_dirac_0.01_economic,653657,10,24,k_means,dirac,economic,0.01,55485.9327638858,37905.53736429292,381.76667976179596,99.28980022023963,1.0860268684021317,10,1.0,1.0,0.0,0.0,0.1,0,0,0,0,OPTIMAL,2.4137056928650583e6,0.0,2.413705692864944e6,0.0,0.0,182430,389445,OPTIMAL,2.4593462830225867e6,0.0,2.4593462830296177e6,0.0,0.0,6053205,13003230,0.0,0.0,0.008951083,1.822891084,1.834E-03,1.297567417,0.930500542,0.765933542
nrel/118bus_10_24_k_means_convex_0.01_economic,653657,10,24,k_means,convex,economic,0.01,50489.17638110106,37905.53736429292,381.76667976179596,99.28980022023963,1.0860268684021317,10,1.0,1.0000000000000002,0.0,0.0,0.2586301369863014,104132,1323,0,0,OPTIMAL,2.4178088512778417e6,0.0,2.417808851277842e6,0.0,0.0,182430,389445,OPTIMAL,2.4572340791183235e6,0.0,2.4572340791254244e6,0.0,0.0,6053205,13003230,0.0,0.0,0.009377166,0.552635875,0.050972166,1.422856583,1.291086875,0.765933542
nrel/118bus_10_24_k_means_conical_0.01_economic,653657,10,24,k_means,conical,economic,0.01,49326.897015474955,37905.53736429292,381.76667976179596,99.28980022023963,1.0860268684021317,10,1.0271610998942229,1.187402374450069,0.7534246575342466,0.2465753424657534,0.27013698630136984,125544,1149,0,0,OPTIMAL,2.5237650507900803e6,0.0,2.523765050790152e6,0.0,0.0,182430,389445,OPTIMAL,2.457013270667691e6,0.0,2.4570132706747986e6,0.0,0.0,6053205,13003230,0.0,0.0,0.009094875,0.550135959,0.038549291,1.294917667,1.785611625,0.765933542
nrel/118bus_10_24_k_means_conical_bounded_0.01_economic,653657,10,24,k_means,conical_bounded,economic,0.01,50307.813728337394,37905.53736429292,381.76667976179596,99.28980022023963,1.0860268684021317,10,0.9899311416102959,1.0,0.0,0.27671232876712326,0.25424657534246575,106710,1196,0,0,OPTIMAL,2.3740641761350203e6,0.0,2.374064176134987e6,0.0,0.0,182430,389445,OPTIMAL,2.457081373993856e6,0.0,2.4570813740009507e6,0.0,0.0,6053205,13003230,0.0,0.0,0.00921825,0.603332542,0.063163875,2.37096925,1.248495875,0.765933542
nrel/118bus_10_24_k_medoids_dirac_0.01_economic,653657,10,24,k_medoids,dirac,economic,0.01,64372.762990921976,38036.94798259427,1137.6364106453734,33.43506556810727,1.130223853021691,10,1.0,1.0,0.0,0.0,0.1,0,0,0,0,OPTIMAL,2.5900951678322945e6,0.0,2.590095167832173e6,0.0,0.0,182430,389445,OPTIMAL,2.4743545828013513e6,0.0,2.4743545828080736e6,0.0,0.0,6053205,13003230,0.0,0.0,0.009287292,0.551565042,1.583E-03,1.262124584,0.906458667,0.765933542
nrel/118bus_10_24_k_medoids_convex_0.01_economic,653657,10,24,k_medoids,convex,economic,0.01,52562.55767280997,38036.94798259427,1137.6364106453734,33.43506556810727,1.130223853021691,10,1.0,1.0000000000000002,0.0,0.0,0.3750684931506849,124530,796,0,0,OPTIMAL,2.6108346103999508e6,0.0,2.6108346104000583e6,0.0,0.0,182430,389445,OPTIMAL,2.463958875536597e6,0.0,2.463958875543499e6,0.0,0.0,6053205,13003230,0.0,0.0,0.009101708,0.541028125,0.085182375,1.327478083,1.317262375,0.765933542
nrel/118bus_10_24_k_medoids_conical_0.01_economic,653657,10,24,k_medoids,conical,economic,0.01,51622.64825742197,38036.94798259427,1137.6364106453734,33.43506556810727,1.130223853021691,10,1.0126528097662229,1.1891000765039612,0.6136986301369863,0.3589041095890411,0.4010958904109589,137546,718,0,0,OPTIMAL,2.6675135656153113e6,0.0,2.667513565615425e6,0.0,0.0,182430,389445,OPTIMAL,2.4628722183730598e6,0.0,2.462872218379933e6,0.0,0.0,6053205,13003230,0.0,0.0,0.009232833,0.565316083,0.040584291,1.344202625,1.144790541,0.765933542
nrel/118bus_10_24_k_medoids_conical_bounded_0.01_economic,653657,10,24,k_medoids,conical_bounded,economic,0.01,52196.035823273196,38036.94798259427,1137.6364106453734,33.43506556810727,1.130223853021691,10,0.9844115536100065,1.0000000000000002,0.0,0.4602739726027397,0.37123287671232874,125570,809,0,0,OPTIMAL,2.53932814076118e6,0.0,2.5393281407612595e6,0.0,0.0,182430,389445,OPTIMAL,2.4630590525847897e6,0.0,2.463059052591702e6,0.0,0.0,6053205,13003230,0.0,0.0,0.0094225,0.553976708,0.2639535,2.144300541,1.273889667,0.765933542
nrel/118bus_10_24_hierarchical_dirac_0.01_economic,653657,10,24,hierarchical,dirac,economic,0.01,66428.94427808699,39944.85347673366,1018.7217030384419,39.210761248723806,1.0987203607932814,10,1.0,1.0,0.0,0.0,0.1,0,0,0,0,OPTIMAL,2.6785640552467383e6,0.0,2.67856405524677e6,0.0,0.0,182430,389445,OPTIMAL,2.4724597218371793e6,0.0,2.472459721843722e6,0.0,0.0,6053205,13003230,0.0,0.0,0.009091667,0.585841917,1.709E-03,1.332354709,1.005412375,0.765933542
nrel/118bus_10_24_hierarchical_convex_0.01_economic,653657,10,24,hierarchical,convex,economic,0.01,53392.783011816005,39944.85347673366,1018.7217030384419,39.210761248723806,1.0987203607932814,10,1.0,1.0000000000000002,0.0,0.0,0.3736986301369863,148016,916,0,0,OPTIMAL,2.6804715540637407e6,0.0,2.680471554063666e6,0.0,0.0,182430,389445,OPTIMAL,2.464440495963748e6,0.0,2.4644404959705034e6,0.0,0.0,6053205,13003230,0.0,0.0,0.009104375,0.625842292,0.087110958,1.308884208,1.422010542,0.765933542
nrel/118bus_10_24_hierarchical_conical_0.01_economic,653657,10,24,hierarchical,conical,economic,0.01,52230.38457325993,39944.85347673366,1018.7217030384419,39.210761248723806,1.0987203607932814,10,1.0007633230973627,1.11748895102077,0.6082191780821918,0.3643835616438356,0.38493150684931504,157467,898,0,0,OPTIMAL,2.673473189719581e6,0.0,2.6734731897195796e6,0.0,0.0,182430,389445,OPTIMAL,2.4636546221610378e6,0.0,2.46365462216769e6,0.0,0.0,6053205,13003230,0.0,0.0,0.009140291,0.569836792,0.062540083,1.311704625,1.452918083,0.765933542
nrel/118bus_10_24_hierarchical_conical_bounded_0.01_economic,653657,10,24,hierarchical,conical_bounded,economic,0.01,52640.35372769867,39944.85347673366,1018.7217030384419,39.210761248723806,1.0987203607932814,10,0.9782437773902645,1.0,0.0,0.46301369863013697,0.36767123287671233,150580,928,0,0,OPTIMAL,2.577531809090142e6,0.0,2.5775318090902786e6,0.0,0.0,182430,389445,OPTIMAL,2.4637885304239825e6,0.0,2.4637885304306424e6,0.0,0.0,6053205,13003230,0.0,0.0,0.00918375,0.525312708,0.263206375,2.283946166,1.503498584,0.765933542
nrel/118bus_10_24_chronological_dirac_0.01_economic,653657,10,24,chronological,dirac,economic,0.01,87836.82344047172,40984.44539058888,1085.244613149199,37.76516823396971,1.0561333948283491,10,1.0,1.0,0.0,0.0,0.1,0,0,0,0,OPTIMAL,2.369845859410735e6,0.0,2.3698458594107046e6,0.0,0.0,182430,389445,OPTIMAL,2.741033547724698e6,0.0,2.741033547728916e6,0.0,0.0,6053205,13003230,0.0,0.0,0.009249792,0.556262375,2.0e-6,2.123294208,0.791036209,0.765933542
nrel/118bus_10_24_chronological_convex_0.01_economic,653657,10,24,chronological,convex,economic,0.01,66544.73988574256,40984.44539058888,1085.244613149199,37.76516823396971,1.0561333948283491,10,1.0,1.0000000000000002,0.0,0.0,0.3665753424657534,185400,897,0,0,OPTIMAL,2.3672635758152767e6,0.0,2.367263575815256e6,0.0,0.0,182430,389445,OPTIMAL,2.457732837535272e6,0.0,2.457732837541946e6,0.0,0.0,6053205,13003230,0.0,0.0,0.009842042,0.619035334,0.078675083,1.362691416,1.288247875,0.765933542
nrel/118bus_10_24_chronological_conical_0.01_economic,653657,10,24,chronological,conical,economic,0.01,62712.359084430034,40984.44539058888,1085.244613149199,37.76516823396971,1.0561333948283491,10,0.9800195338528455,1.2059271019780702,0.5232876712328767,0.44931506849315067,0.38,199099,1261,0,0,OPTIMAL,2.2970500122420997e6,0.0,2.2970500122421277e6,0.0,0.0,182430,389445,OPTIMAL,2.4638831551853847e6,0.0,2.4638831551918094e6,0.0,0.0,6053205,13003230,0.0,0.0,0.009537541,0.514528667,0.263881292,2.142805375,1.616781542,0.765933542
nrel/118bus_10_24_chronological_conical_bounded_0.01_economic,653657,10,24,chronological,conical_bounded,economic,0.01,63458.7844488384,40984.44539058888,1085.244613149199,37.76516823396971,1.0561333948283491,10,0.9509622218360337,1.0000000000000002,0.0,0.5342465753424658,0.36191780821917807,185959,918,0,0,OPTIMAL,2.190759467866173e6,0.0,2.1907594678661725e6,0.0,0.0,182430,389445,OPTIMAL,2.4623297204896235e6,0.0,2.4623297204961833e6,0.0,0.0,6053205,13003230,0.0,0.0,0.009149041,0.589726125,0.122183083,1.322732458,1.266057291,0.765933542
nrel/118bus_10_24_convex_hull_dirac_0.01_economic,653657,10,24,convex_hull,dirac,economic,0.01,85191.08964188154,36184.61840390294,2139.8275661928355,16.910062743178102,1.217087474177731,10,1.0,1.0,0.0,0.0,0.1,0,0,1351,1889,OPTIMAL,2.1023978644570964e6,0.0,2.10239786445712e6,0.0,0.0,182430,389445,OPTIMAL,2.4788386256674607e6,0.0,2.478838625673033e6,0.0,0.0,6053205,13003230,0.0,0.0,0.00943525,0.821501958,1.125E-03,1.238673459,1.168399833,0.765933542
nrel/118bus_10_24_convex_hull_convex_0.01_economic,653657,10,24,convex_hull,convex,economic,0.01,54973.539600167904,36184.61840390294,2139.8275661928355,16.910062743178102,1.217087474177731,10,1.0,1.0000000000000004,0.0,0.0,0.42876712328767125,80429,358,1351,1889,OPTIMAL,2.24295094422103e6,0.0,2.242950944221113e6,0.0,0.0,182430,389445,OPTIMAL,2.46532226329243e6,0.0,2.4653222632988635e6,0.0,0.0,6053205,13003230,0.0,0.0,0.009253542,0.816502,0.042022791,1.299788709,1.445212958,0.765933542
nrel/118bus_10_24_convex_hull_conical_0.01_economic,653657,10,24,convex_hull,conical,economic,0.01,54386.97261426267,36184.61840390294,2139.8275661928355,16.910062743178102,1.217087474177731,10,1.0185717965135674,1.165977197625514,0.6520547945205479,0.32054794520547947,0.44602739726027396,88525,423,1351,1889,OPTIMAL,2.306123755882548e6,0.0,2.3061237558825607e6,0.0,0.0,182430,389445,OPTIMAL,2.4638989453164e6,0.0,2.4638989453228656e6,0.0,0.0,6053205,13003230,0.0,0.0,0.009366959,0.805919708,0.030149041,1.374141208,1.268527667,0.765933542
nrel/118bus_10_24_convex_hull_conical_bounded_0.01_economic,653657,10,24,convex_hull,conical_bounded,economic,0.01,54881.6713242185,36184.61840390294,2139.8275661928355,16.910062743178102,1.217087474177731,10,0.9882756090827501,1.0,0.0,0.4438356164383562,0.4241095890410959,81711,426,1351,1889,OPTIMAL,2.195987257225723e6,0.0,2.1959872572257644e6,0.0,0.0,182430,389445,OPTIMAL,2.4646246560928803e6,0.0,2.4646246560993576e6,0.0,0.0,6053205,13003230,0.0,0.0,0.009554334,2.206498417,0.04881,1.319482458,1.326379917,0.765933542
nrel/118bus_10_24_convex_hull_with_null_dirac_0.01_economic,653657,10,24,convex_hull_with_null,dirac,economic,0.01,85126.36783006327,37401.24807848284,1933.1682301301041,19.347125353888988,1.2068941644250237,10,1.0,1.0,0.0,0.0,0.1,0,0,1362,2243,OPTIMAL,2.1895246388893323e6,0.0,2.189524638889352e6,0.0,0.0,182430,389445,OPTIMAL,2.482415177467333e6,0.0,2.482415177473027e6,0.0,0.0,6053205,13003230,0.0,0.0,0.009129459,0.894741333,1.291E-03,1.19762775,1.17137675,0.765933542
nrel/118bus_10_24_convex_hull_with_null_convex_0.01_economic,653657,10,24,convex_hull_with_null,convex,economic,0.01,54734.46881260575,37401.24807848284,1933.1682301301041,19.347125353888988,1.2068941644250237,10,1.0,1.0000000000000002,0.0,0.0,0.42027397260273974,78074,398,1362,2243,OPTIMAL,2.4319343204325982e6,0.0,2.4319343204324944e6,0.0,0.0,182430,389445,OPTIMAL,2.4581887840299387e6,0.0,2.458188784036904e6,0.0,0.0,6053205,13003230,0.0,0.0,0.009116375,2.189825292,0.047599959,1.327169833,1.333881875,0.765933542
nrel/118bus_10_24_convex_hull_with_null_conical_0.01_economic,653657,10,24,convex_hull_with_null,conical,economic,0.01,53840.49781749453,37401.24807848284,1933.1682301301041,19.347125353888988,1.2068941644250237,10,1.0047975470193107,1.1814417012718534,0.5589041095890411,0.4136986301369863,0.4326027397260274,84963,379,1362,2243,OPTIMAL,2.4301058411573097e6,0.0,2.430105841157333e6,0.0,0.0,182430,389445,OPTIMAL,2.4575054383789883e6,0.0,2.4575054383859434e6,0.0,0.0,6053205,13003230,0.0,0.0,0.009163584,2.1581735,0.033636333,1.320487083,1.288927042,0.765933542
nrel/118bus_10_24_convex_hull_with_null_conical_bounded_0.01_economic,653657,10,24,convex_hull_with_null,conical_bounded,economic,0.01,54303.00781393502,37401.24807848284,1933.1682301301041,19.347125353888988,1.2068941644250237,10,0.9796029228975214,1.0,0.0,0.5068493150684932,0.4136986301369863,79716,418,1362,2243,OPTIMAL,2.331270447077593e6,0.0,2.3312704470775975e6,0.0,0.0,182430,389445,OPTIMAL,2.45815616695214e6,0.0,2.458156166959059e6,0.0,0.0,6053205,13003230,0.0,0.0,0.009311292,2.244835084,0.0402505,1.32933475,1.404094417,0.765933542
nrel/118bus_10_24_conical_hull_dirac_0.01_economic,653657,10,24,conical_hull,dirac,economic,0.01,103868.56446266788,30928.076268304805,2249.3597552391007,13.749724203195427,1.2734231175813213,10,1.0,1.0,0.0,0.0,0.1,0,0,1476,1764,OPTIMAL,2.361438024961685e6,0.0,2.361438024961733e6,0.0,0.0,182430,389445,OPTIMAL,2.5293135536533347e6,0.0,2.5293135536594605e6,0.0,0.0,6053205,13003230,0.0,0.0,0.009201292,1.905198916,1.208E-03,1.205030917,1.036539375,0.765933542
nrel/118bus_10_24_conical_hull_convex_0.01_economic,653657,10,24,conical_hull,convex,economic,0.01,74727.97775666867,30928.076268304805,2249.3597552391007,13.749724203195427,1.2734231175813213,10,1.0,1.0000000000000002,0.0,0.0,0.3734246575342466,54817,384,1476,1764,OPTIMAL,2.4430988710121377e6,0.0,2.4430988710120656e6,0.0,0.0,182430,389445,OPTIMAL,2.4554908282131883e6,0.0,2.455490828220512e6,0.0,0.0,6053205,13003230,0.0,0.0,0.009149084,1.920405,0.218611,1.284555375,1.1961205,0.765933542
nrel/118bus_10_24_conical_hull_conical_0.01_economic,653657,10,24,conical_hull,conical,economic,0.01,71276.04026052867,30928.076268304805,2249.3597552391007,13.749724203195427,1.2734231175813213,10,1.118597804421794,1.2699618339029557,0.9342465753424658,0.038356164383561646,0.4084931506849315,65324,365,1476,1764,OPTIMAL,3.0496694768683584e6,0.0,3.0496694768683515e6,0.0,0.0,182430,389445,OPTIMAL,2.4551247575147916e6,0.0,2.4551247575220396e6,0.0,0.0,6053205,13003230,0.0,0.0,0.00918525,2.120116292,0.033120458,1.34542975,1.407889459,0.765933542
nrel/118bus_10_24_conical_hull_conical_bounded_0.01_economic,653657,10,24,conical_hull,conical_bounded,economic,0.01,74741.45827794395,30928.076268304805,2249.3597552391007,13.749724203195427,1.2734231175813213,10,0.9981613320868317,1.0000000000000002,0.0,0.12876712328767123,0.3726027397260274,54763,384,1476,1764,OPTIMAL,2.4359282063454567e6,0.0,2.435928206345427e6,0.0,0.0,182430,389445,OPTIMAL,2.4554201263830513e6,0.0,2.455420126390376e6,0.0,0.0,6053205,13003230,0.0,0.0,0.00930325,0.706839791,0.046224083,1.297495458,1.155649167,0.765933542
nrel/118bus_20_24_k_means_dirac_0.01_economic,653657,20,24,k_means,dirac,economic,0.01,50036.80837410002,54663.25503852792,244.79976960277995,223.29782061162186,1.0874892788344315,20,1.0,1.0,0.0,0.0,0.05,0,0,0,0,OPTIMAL,2.4168592755422094e6,0.0,2.4168592755422015e6,0.0,0.0,348420,745995,OPTIMAL,2.4575228907147315e6,0.0,2.4575228907216047e6,0.0,0.0,6053205,13003230,0.0,0.0,0.009236666,0.671283584,1.667E-03,1.924428,2.110239417,0.765933542
nrel/118bus_20_24_k_means_convex_0.01_economic,653657,20,24,k_means,convex,economic,0.01,44956.74275359082,54663.25503852792,244.79976960277995,223.29782061162186,1.0874892788344315,20,1.0,1.0000000000000002,0.0,0.0,0.15876712328767123,221984,2250,0,0,OPTIMAL,2.4089048929443974e6,0.0,2.4089048929444742e6,0.0,0.0,348420,745995,OPTIMAL,2.4547797567255725e6,0.0,2.454779756732729e6,0.0,0.0,6053205,13003230,0.0,0.0,0.009822666,0.610210416,0.225088584,1.860122958,2.621795,0.765933542
nrel/118bus_20_24_k_means_conical_0.01_economic,653657,20,24,k_means,conical,economic,0.01,43816.399669786966,54663.25503852792,244.79976960277995,223.29782061162186,1.0874892788344315,20,1.0276000921645156,1.1742275946046907,0.7671232876712328,0.2328767123287671,0.17164383561643837,253184,2449,0,0,OPTIMAL,2.5162467241269145e6,0.0,2.516246724126923e6,0.0,0.0,348420,745995,OPTIMAL,2.453692299414589e6,0.0,2.453692299421695e6,0.0,0.0,6053205,13003230,0.0,0.0,0.009102958,1.646677333,0.106565792,1.999987167,2.612966792,0.765933542
nrel/118bus_20_24_k_means_conical_bounded_0.01_economic,653657,20,24,k_means,conical_bounded,economic,0.01,44829.10336671716,54663.25503852792,244.79976960277995,223.29782061162186,1.0874892788344315,20,0.9913986362205066,1.0000000000000002,0.0,0.336986301369863,0.15712328767123288,224527,2843,0,0,OPTIMAL,2.3709685886755935e6,0.0,2.3709685886755562e6,0.0,0.0,348420,745995,OPTIMAL,2.4547157818650464e6,0.0,2.454715781872196e6,0.0,0.0,6053205,13003230,0.0,0.0,0.00990525,0.664783958,0.233185,1.958779167,2.542287334,0.765933542
nrel/118bus_20_24_k_medoids_dirac_0.01_economic,653657,20,24,k_medoids,dirac,economic,0.01,59772.94178879493,53763.94072636117,761.8656442175899,70.56879534392827,1.146646994077871,20,1.0,1.0,0.0,0.0,0.05,0,0,0,0,OPTIMAL,2.6382028949858304e6,0.0,2.638202894985884e6,0.0,0.0,348420,745995,OPTIMAL,2.4656001224516532e6,0.0,2.4656001224582475e6,0.0,0.0,6053205,13003230,0.0,0.0,0.00914325,0.583658083,1.0e-6,2.837887333,2.205311667,0.765933542
nrel/118bus_20_24_k_medoids_convex_0.01_economic,653657,20,24,k_medoids,convex,economic,0.01,45999.854201363996,53763.94072636117,761.8656442175899,70.56879534392827,1.146646994077871,20,1.0,1.0000000000000002,0.0,0.0,0.23684931506849316,211650,1501,0,0,OPTIMAL,2.5949023661842053e6,0.0,2.594902366184174e6,0.0,0.0,348420,745995,OPTIMAL,2.4553052100396776e6,0.0,2.455305210046606e6,0.0,0.0,6053205,13003230,0.0,0.0,0.009028041,0.703217875,1.380188042,2.074818875,2.691935791,0.765933542
nrel/118bus_20_24_k_medoids_conical_0.01_economic,653657,20,24,k_medoids,conical,economic,0.01,44703.98639016882,53763.94072636117,761.8656442175899,70.56879534392827,1.146646994077871,20,1.0205922824503983,1.2240368111743272,0.6602739726027397,0.28493150684931506,0.25424657534246575,230429,1320,0,0,OPTIMAL,2.6641146247082716e6,0.0,2.6641146247082213e6,0.0,0.0,348420,745995,OPTIMAL,2.454749688256806e6,0.0,2.4547496882636733e6,0.0,0.0,6053205,13003230,0.0,0.0,0.009072084,0.585029125,0.1213295,1.931623,2.757341958,0.765933542
nrel/118bus_20_24_k_medoids_conical_bounded_0.01_economic,653657,20,24,k_medoids,conical_bounded,economic,0.01,45695.66613338111,53763.94072636117,761.8656442175899,70.56879534392827,1.146646994077871,20,0.9864374039838748,1.0000000000000002,0.0,0.43561643835616437,0.23273972602739726,212997,1386,0,0,OPTIMAL,2.535518707720354e6,0.0,2.535518707720302e6,0.0,0.0,348420,745995,OPTIMAL,2.45524526938929e6,0.0,2.455245269396247e6,0.0,0.0,6053205,13003230,0.0,0.0,0.009465209,0.5881435,1.288125084,2.052831292,2.763985958,0.765933542
nrel/118bus_20_24_hierarchical_dirac_0.01_economic,653657,20,24,hierarchical,dirac,economic,0.01,60350.46432764425,55351.34862601493,655.7303550546778,84.41175278731679,1.121816516165133,20,1.0,1.0,0.0,0.0,0.05,0,0,0,0,OPTIMAL,2.6033635128789786e6,0.0,2.603363512878877e6,0.0,0.0,348420,745995,OPTIMAL,2.466177217590635e6,0.0,2.466177217597433e6,0.0,0.0,6053205,13003230,0.0,0.0,0.009153958,0.536356459,1.125E-03,2.810623458,2.4668515,0.765933542
nrel/118bus_20_24_hierarchical_convex_0.01_economic,653657,20,24,hierarchical,convex,economic,0.01,46157.860787548976,55351.34862601493,655.7303550546778,84.41175278731679,1.121816516165133,20,1.0,1.0000000000000002,0.0,0.0,0.23835616438356164,244555,1396,0,0,OPTIMAL,2.6242740008394006e6,0.0,2.624274000839405e6,0.0,0.0,348420,745995,OPTIMAL,2.45520834611156e6,0.0,2.4552083461184716e6,0.0,0.0,6053205,13003230,0.0,0.0,0.009299417,0.538193375,0.243754625,1.894774834,2.910185667,0.765933542
nrel/118bus_20_24_hierarchical_conical_0.01_economic,653657,20,24,hierarchical,conical,economic,0.01,45262.49517978889,55351.34862601493,655.7303550546778,84.41175278731679,1.121816516165133,20,1.00596946881846,1.1454268279353388,0.5726027397260274,0.3726027397260274,0.2504109589041096,256481,1745,0,0,OPTIMAL,2.640991076984164e6,0.0,2.640991076984261e6,0.0,0.0,348420,745995,OPTIMAL,2.454490579465476e6,0.0,2.454490579472465e6,0.0,0.0,6053205,13003230,0.0,0.0,0.009490041,0.584674375,0.121035542,1.885265125,3.082782417,0.765933542
nrel/118bus_20_24_hierarchical_conical_bounded_0.01_economic,653657,20,24,hierarchical,conical_bounded,economic,0.01,45747.50093495981,55351.34862601493,655.7303550546778,84.41175278731679,1.121816516165133,20,0.9836850023729271,1.0,0.0,0.5013698630136987,0.23493150684931507,244946,1458,0,0,OPTIMAL,2.5480056447026213e6,0.0,2.5480056447026213e6,0.0,0.0,348420,745995,OPTIMAL,2.454689521272157e6,0.0,2.4546895212791627e6,0.0,0.0,6053205,13003230,0.0,0.0,0.009968167,0.549822167,1.358460958,2.3783055,2.884209625,0.765933542
nrel/118bus_20_24_chronological_dirac_0.01_economic,653657,20,24,chronological,dirac,economic,0.01,86474.65384938502,58674.33596870743,703.5759278605351,83.39446198383585,1.0557055564130282,20,1.0,1.0,0.0,0.0,0.05,0,0,0,0,OPTIMAL,2.4065118158631553e6,0.0,2.406511815862819e6,0.0,0.0,348420,745995,OPTIMAL,2.5242284677565196e6,0.0,2.5242284677626295e6,0.0,0.0,6053205,13003230,0.0,0.0,0.009209041,1.430523625,1.541E-03,2.319577041,1.599967541,0.765933542
nrel/118bus_20_24_chronological_convex_0.01_economic,653657,20,24,chronological,convex,economic,0.01,60185.87429190513,58674.33596870743,703.5759278605351,83.39446198383585,1.0557055564130282,20,1.0,1.0000000000000002,0.0,0.0,0.22027397260273973,288770,1663,0,0,OPTIMAL,2.4863797924462124e6,0.0,2.486379792446083e6,0.0,0.0,348420,745995,OPTIMAL,2.4543908542269515e6,0.0,2.4543908542340016e6,0.0,0.0,6053205,13003230,0.0,0.0,0.009178166,0.6029965,0.271260584,1.89427225,2.507969791,0.765933542
nrel/118bus_20_24_chronological_conical_0.01_economic,653657,20,24,chronological,conical,economic,0.01,57471.352653737646,58674.33596870743,703.5759278605351,83.39446198383585,1.0557055564130282,20,0.9804618225917004,1.145887729112382,0.5068493150684932,0.4383561643835616,0.22287671232876713,304953,1680,0,0,OPTIMAL,2.3861868000104567e6,0.0,2.386186800010336e6,0.0,0.0,348420,745995,OPTIMAL,2.4572493714519367e6,0.0,2.4572493714586883e6,0.0,0.0,6053205,13003230,0.0,0.0,0.009240209,0.774097708,1.081108833,2.078830416,2.457305625,0.765933542
nrel/118bus_20_24_chronological_conical_bounded_0.01_economic,653657,20,24,chronological,conical_bounded,economic,0.01,57978.472257014786,58674.33596870743,703.5759278605351,83.39446198383585,1.0557055564130282,20,0.9573007488335171,1.0000000000000002,0.0,0.5315068493150685,0.21232876712328766,290534,1586,0,0,OPTIMAL,2.3137410548106865e6,0.0,2.3137410548106735e6,0.0,0.0,348420,745995,OPTIMAL,2.4570451847985676e6,0.0,2.4570451848053024e6,0.0,0.0,6053205,13003230,0.0,0.0,0.009264375,0.553641458,1.266290709,2.343984875,2.70522325,0.765933542
nrel/118bus_20_24_convex_hull_dirac_0.01_economic,653657,20,24,convex_hull,dirac,economic,0.01,77995.4064309558,52395.45163734364,1168.087367740754,44.85576428986117,1.2020167528743566,20,1.0,1.0,0.0,0.0,0.05,0,0,3621,3124,OPTIMAL,2.336997467408633e6,0.0,2.336997467408609e6,0.0,0.0,348420,745995,OPTIMAL,2.4759669407838653e6,0.0,2.475966940789897e6,0.0,0.0,6053205,13003230,0.0,0.0,0.009175792,2.554257333,1.25e-6,1.817799792,2.150167334,0.765933542
nrel/118bus_20_24_convex_hull_convex_0.01_economic,653657,20,24,convex_hull,convex,economic,0.01,47932.84109267957,52395.45163734364,1168.087367740754,44.85576428986117,1.2020167528743566,20,1.0,1.0000000000000002,0.0,0.0,0.2787671232876712,158145,782,3621,3124,OPTIMAL,2.3589629611245627e6,0.0,2.3589629611245417e6,0.0,0.0,348420,745995,OPTIMAL,2.4567673621015204e6,0.0,2.456767362108272e6,0.0,0.0,6053205,13003230,0.0,0.0,0.00919825,2.593830667,0.125465125,1.928035292,3.095643333,0.765933542
nrel/118bus_20_24_convex_hull_conical_0.01_economic,653657,20,24,convex_hull,conical,economic,0.01,46802.37148286195,52395.45163734364,1168.087367740754,44.85576428986117,1.2020167528743566,20,1.042725334658629,1.1683204727138852,0.7753424657534247,0.16986301369863013,0.3036986301369863,171142,793,3621,3124,OPTIMAL,2.5424292449025246e6,0.0,2.542429244902653e6,0.0,0.0,348420,745995,OPTIMAL,2.4553354588756277e6,0.0,2.4553354588824217e6,0.0,0.0,6053205,13003230,0.0,0.0,0.009077417,2.568044875,0.07689775,1.978128084,3.041475292,0.765933542
nrel/118bus_20_24_convex_hull_conical_bounded_0.01_economic,653657,20,24,convex_hull,conical_bounded,economic,0.01,47921.448769190574,52395.45163734364,1168.087367740754,44.85576428986117,1.2020167528743566,20,0.9938390008388979,1.0000000000000002,0.0,0.3780821917808219,0.2775342465753425,158109,782,3621,3124,OPTIMAL,2.334381139813062e6,0.0,2.3343811398131205e6,0.0,0.0,348420,745995,OPTIMAL,2.4563445682658404e6,0.0,2.4563445682726363e6,0.0,0.0,6053205,13003230,0.0,0.0,0.009161666,2.65336,0.153182916,1.956425958,3.082293917,0.765933542
nrel/118bus_20_24_convex_hull_with_null_dirac_0.01_economic,653657,20,24,convex_hull_with_null,dirac,economic,0.01,78073.78420758089,52389.012381554865,1158.7926137541356,45.20999854480467,1.2050464687881333,20,1.0,1.0,0.0,0.0,0.05,0,0,3772,3338,OPTIMAL,2.3710681857599244e6,0.0,2.3710681857598983e6,0.0,0.0,348420,745995,OPTIMAL,2.4781173712471086e6,0.0,2.478117371253118e6,0.0,0.0,6053205,13003230,0.0,0.0,0.009440667,2.602449625,1.791E-03,1.909231417,2.087297,0.765933542
nrel/118bus_20_24_convex_hull_with_null_convex_0.01_economic,653657,20,24,convex_hull_with_null,convex,economic,0.01,47414.13535520784,52389.012381554865,1158.7926137541356,45.20999854480467,1.2050464687881333,20,1.0,1.0000000000000002,0.0,0.0,0.2745205479452055,156536,891,3772,3338,OPTIMAL,2.447102736675945e6,0.0,2.447102736675928e6,0.0,0.0,348420,745995,OPTIMAL,2.453636623209361e6,0.0,2.4536366232164204e6,0.0,0.0,6053205,13003230,0.0,0.0,0.009144334,2.732026708,0.148027958,2.147688875,2.602869958,0.765933542
nrel/118bus_20_24_convex_hull_with_null_conical_0.01_economic,653657,20,24,convex_hull_with_null,conical,economic,0.01,46285.05087088792,52389.012381554865,1158.7926137541356,45.20999854480467,1.2050464687881333,20,1.0369139049672675,1.1908398945897407,0.7452054794520548,0.2,0.296027397260274,170489,793,3772,3338,OPTIMAL,2.614919529168446e6,0.0,2.614919529168337e6,0.0,0.0,348420,745995,OPTIMAL,2.451242529394362e6,0.0,2.4512425294015273e6,0.0,0.0,6053205,13003230,0.0,0.0,0.009053584,2.616937625,0.082922375,1.97396175,2.992502208,0.765933542
nrel/118bus_20_24_convex_hull_with_null_conical_bounded_0.01_economic,653657,20,24,convex_hull_with_null,conical_bounded,economic,0.01,47379.01242953601,52389.012381554865,1158.7926137541356,45.20999854480467,1.2050464687881333,20,0.9922232442363785,1.0000000000000002,0.0,0.3972602739726027,0.2738356164383562,157183,891,3772,3338,OPTIMAL,2.4130430615502684e6,0.0,2.4130430615502642e6,0.0,0.0,348420,745995,OPTIMAL,2.4532745493417443e6,0.0,2.4532745493487967e6,0.0,0.0,6053205,13003230,0.0,0.0,0.009148792,2.690043584,0.14253225,1.965691167,3.317223875,0.765933542
nrel/118bus_20_24_conical_hull_dirac_0.01_economic,653657,20,24,conical_hull,dirac,economic,0.01,88442.0147090395,44171.84102793175,1356.818449186819,32.55545430886883,1.2609411605323466,20,1.0,1.0,0.0,0.0,0.05,0,0,3685,3060,OPTIMAL,1.9621903682681408e6,0.0,1.9621903682681422e6,0.0,0.0,348420,745995,OPTIMAL,2.4863446803293196e6,0.0,2.4863446803347166e6,0.0,0.0,6053205,13003230,0.0,0.0,0.00915325,2.34719975,1.125E-03,1.879859792,2.585507875,0.765933542
nrel/118bus_20_24_conical_hull_convex_0.01_economic,653657,20,24,conical_hull,convex,economic,0.01,58848.544569773025,44171.84102793175,1356.818449186819,32.55545430886883,1.2609411605323466,20,1.0,1.0000000000000002,0.0,0.0,0.2263013698630137,107977,734,3685,3060,OPTIMAL,2.157659633618392e6,0.0,2.1576596336184093e6,0.0,0.0,348420,745995,OPTIMAL,2.458854384083809e6,0.0,2.4588543840908753e6,0.0,0.0,6053205,13003230,0.0,0.0,0.009286792,2.248115792,0.091421833,2.079121459,2.524733209,0.765933542
nrel/118bus_20_24_conical_hull_conical_0.01_economic,653657,20,24,conical_hull,conical,economic,0.01,54524.934497896575,44171.84102793175,1356.818449186819,32.55545430886883,1.2609411605323466,20,1.1062297416493228,1.2485417483061263,0.9123287671232877,0.03287671232876712,0.26972602739726026,131008,627,3685,3060,OPTIMAL,2.6336637636948987e6,0.0,2.633663763694858e6,0.0,0.0,348420,745995,OPTIMAL,2.4567877946233707e6,0.0,2.4567877946305103e6,0.0,0.0,6053205,13003230,0.0,0.0,0.009125875,0.951467291,0.0693495,1.902132625,3.084908458,0.765933542
nrel/118bus_20_24_conical_hull_conical_bounded_0.01_economic,653657,20,24,conical_hull,conical_bounded,economic,0.01,58906.67244225443,44171.84102793175,1356.818449186819,32.55545430886883,1.2609411605323466,20,0.9981732046266406,1.0000000000000002,0.0,0.22465753424657534,0.22602739726027396,107488,613,3685,3060,OPTIMAL,2.151491154706232e6,0.0,2.1514911547062513e6,0.0,0.0,348420,745995,OPTIMAL,2.458714445769673e6,0.0,2.4587144457767443e6,0.0,0.0,6053205,13003230,0.0,0.0,0.009140041,2.333286417,0.107802791,1.967553625,2.831469666,0.765933542
nrel/118bus_40_24_k_means_dirac_0.01_economic,653657,40,24,k_means,dirac,economic,0.01,44417.451412521936,77635.01439467096,211.5300972177378,367.0163982138089,1.1012500576735167,40,1.0,1.0,0.0,0.0,25,0,0,0,0,OPTIMAL,2.420900117397606e6,0.0,2.4209001173976525e6,0.0,0.0,680400,1459095,OPTIMAL,2.4538698482047706e6,0.0,2.4538698482117685e6,0.0,0.0,6053205,13003230,0.0,0.0,0.009061833,0.606194375,1.834E-03,2.964791291,5.882017584,0.765933542
nrel/118bus_40_24_k_means_convex_0.01_economic,653657,40,24,k_means,convex,economic,0.01,39026.34860492027,77635.01439467096,211.5300972177378,367.0163982138089,1.1012500576735167,40,1.0,1.0000000000000004,0.0,0.0,0.09917808219178083,391780,3427,0,0,OPTIMAL,2.422223152508096e6,0.0,2.4222231525080935e6,0.0,0.0,680400,1459095,OPTIMAL,2.4514856638618843e6,0.0,2.451485663869066e6,0.0,0.0,6053205,13003230,0.0,0.0,0.009110375,0.590109334,1.984358292,3.104852625,7.036741292,0.765933542
nrel/118bus_40_24_k_means_conical_0.01_economic,653657,40,24,k_means,conical,economic,0.01,37833.63151394297,77635.01439467096,211.5300972177378,367.0163982138089,1.1012500576735167,40,1.0287386461684047,1.1833708376142216,0.7917808219178082,0.20273972602739726,0.11034246575342466,429635,4767,0,0,OPTIMAL,2.5336750834928122e6,0.0,2.5336750834929035e6,0.0,0.0,680400,1459095,OPTIMAL,2.450155106507698e6,0.0,2.4501551065148585e6,0.0,0.0,6053205,13003230,0.0,0.0,0.009108917,0.537531125,0.406677625,4.441132542,6.288598375,0.765933542
nrel/118bus_40_24_k_means_conical_bounded_0.01_economic,653657,40,24,k_means,conical_bounded,economic,0.01,38969.00771721876,77635.01439467096,211.5300972177378,367.0163982138089,1.1012500576735167,40,0.9923949550633557,1.0000000000000002,0.0,0.410958904109589,0.0976027397260274,389876,3351,0,0,OPTIMAL,2.3894452462373623e6,0.0,2.3894452462374023e6,0.0,0.0,680400,1459095,OPTIMAL,2.4512825491612223e6,0.0,2.45128254916836e6,0.0,0.0,6053205,13003230,0.0,0.0,0.009060708,0.770862875,1.764466958,3.306989708,7.516934125,0.765933542
nrel/118bus_40_24_k_medoids_dirac_0.01_economic,653657,40,24,k_medoids,dirac,economic,0.01,53972.926180273804,77208.97628326206,546.283804939454,141.33491709830082,1.1299704721559058,40,1.0,1.0,0.0,0.0,25,0,0,0,0,OPTIMAL,2.6001121436656527e6,0.0,2.600112143665758e6,0.0,0.0,680400,1459095,OPTIMAL,2.462487728571513e6,0.0,2.462487728578472e6,0.0,0.0,6053205,13003230,0.0,0.0,0.009209917,0.520407375,2.042E-03,4.110870542,5.841445209,0.765933542
nrel/118bus_40_24_k_medoids_convex_0.01_economic,653657,40,24,k_medoids,convex,economic,0.01,39738.800381750676,77208.97628326206,546.283804939454,141.33491709830082,1.1299704721559058,40,1.0,1.0000000000000004,0.0,0.0,0.14486301369863014,394147,2307,0,0,OPTIMAL,2.529128514125858e6,0.0,2.529128514125712e6,0.0,0.0,680400,1459095,OPTIMAL,2.450764478468734e6,0.0,2.4507644784759497e6,0.0,0.0,6053205,13003230,0.0,0.0,0.009165417,0.53685575,0.688063709,4.176946458,6.978432417,0.765933542
nrel/118bus_40_24_k_medoids_conical_0.01_economic,653657,40,24,k_medoids,conical,economic,0.01,38566.027859254194,77208.97628326206,546.283804939454,141.33491709830082,1.1299704721559058,40,1.0269033493273418,1.2250841746170136,0.673972602739726,0.21643835616438356,0.15664383561643835,412572,2278,0,0,OPTIMAL,2.6169597386225075e6,0.0,2.6169597386225704e6,0.0,0.0,680400,1459095,OPTIMAL,2.4493856508480906e6,0.0,2.4493856508553526e6,0.0,0.0,6053205,13003230,0.0,0.0,0.009381208,0.558758417,1.866518958,3.294513166,7.027287375,0.765933542
nrel/118bus_40_24_k_medoids_conical_bounded_0.01_economic,653657,40,24,k_medoids,conical_bounded,economic,0.01,39730.6728803057,77208.97628326206,546.283804939454,141.33491709830082,1.1299704721559058,40,0.9915266377468989,1.0000000000000002,0.0,0.4876712328767123,0.14404109589041095,394784,2307,0,0,OPTIMAL,2.4977901358246678e6,0.0,2.4977901358246114e6,0.0,0.0,680400,1459095,OPTIMAL,2.4507042699513403e6,0.0,2.450704269958565e6,0.0,0.0,6053205,13003230,0.0,0.0,0.009105125,0.55581275,1.992311333,3.178887208,6.250283334,0.765933542
nrel/118bus_40_24_hierarchical_dirac_0.01_economic,653657,40,24,hierarchical,dirac,economic,0.01,54259.26604595306,78028.28262662177,520.024722187804,150.04725601957497,1.123675951376084,40,1.0,1.0,0.0,0.0,25,0,0,0,0,OPTIMAL,2.530622953075284e6,0.0,2.5306229530751756e6,0.0,0.0,680400,1459095,OPTIMAL,2.520054205977153e6,0.0,2.52005420598398e6,0.0,0.0,6053205,13003230,0.0,0.0,0.009239459,0.533681459,2.084E-03,4.101663583,5.0339865,0.765933542
nrel/118bus_40_24_hierarchical_convex_0.01_economic,653657,40,24,hierarchical,convex,economic,0.01,40214.84145644581,78028.28262662177,520.024722187804,150.04725601957497,1.123675951376084,40,1.0,1.0000000000000002,0.0,0.0,0.136986301369863,394667,2205,0,0,OPTIMAL,2.4813933980516563e6,0.0,2.481393398051799e6,0.0,0.0,680400,1459095,OPTIMAL,2.4498855437986064e6,0.0,2.4498855438058386e6,0.0,0.0,6053205,13003230,0.0,0.0,0.009323,0.464045125,0.694415584,3.064218083,7.076812541,0.765933542
nrel/118bus_40_24_hierarchical_conical_0.01_economic,653657,40,24,hierarchical,conical,economic,0.01,39246.48486847631,78028.28262662177,520.024722187804,150.04725601957497,1.123675951376084,40,1.0124046762986783,1.1538668249256605,0.6027397260273972,0.2876712328767123,0.1491095890410959,415314,2253,0,0,OPTIMAL,2.516786293649383e6,0.0,2.5167862936494797e6,0.0,0.0,680400,1459095,OPTIMAL,2.4491376575302393e6,0.0,2.4491376575374915e6,0.0,0.0,6053205,13003230,0.0,0.0,0.009118209,0.568107542,0.398412417,3.286592667,7.857922875,0.765933542
nrel/118bus_40_24_hierarchical_conical_bounded_0.01_economic,653657,40,24,hierarchical,conical_bounded,economic,0.01,39997.15892725327,78028.28262662177,520.024722187804,150.04725601957497,1.123675951376084,40,0.9859437886005081,1.0000000000000002,0.0,0.5726027397260274,0.1354109589041096,392984,2205,0,0,OPTIMAL,2.4203752290980765e6,0.0,2.4203752290980015e6,0.0,0.0,680400,1459095,OPTIMAL,2.449968357868921e6,0.0,2.449968357876072e6,0.0,0.0,6053205,13003230,0.0,0.0,0.0091115,0.549700417,1.996130541,3.214899459,6.37290375,0.765933542
nrel/118bus_40_24_chronological_dirac_0.01_economic,653657,40,24,chronological,dirac,economic,0.01,85810.10630501148,82554.5692479322,534.643631471149,154.41046032994242,1.067899554986702,40,1.0,1.0,0.0,0.0,25,0,0,0,0,OPTIMAL,2.4736493771422957e6,0.0,2.473649377142343e6,0.0,0.0,680400,1459095,OPTIMAL,2.5339207181862565e6,0.0,2.533920718192274e6,0.0,0.0,6053205,13003230,0.0,0.0,0.009114959,0.515002833,1.75e-6,4.140264,4.105438541,0.765933542
nrel/118bus_40_24_chronological_convex_0.01_economic,653657,40,24,chronological,convex,economic,0.01,49346.602672981986,82554.5692479322,534.643631471149,154.41046032994242,1.067899554986702,40,1.0,1.0000000000000002,0.0,0.0,0.12787671232876713,428708,2625,0,0,OPTIMAL,2.411816616915844e6,0.0,2.411816616915683e6,0.0,0.0,680400,1459095,OPTIMAL,2.4508227945867893e6,0.0,2.4508227945939205e6,0.0,0.0,6053205,13003230,0.0,0.0,0.009430084,0.568576708,2.076831459,3.274266459,7.162637042,0.765933542
nrel/118bus_40_24_chronological_conical_0.01_economic,653657,40,24,chronological,conical,economic,0.01,47757.24768330185,82554.5692479322,534.643631471149,154.41046032994242,1.067899554986702,40,0.9911995038157946,1.1308947241866234,0.4876712328767123,0.40273972602739727,0.13219178082191782,447592,2790,0,0,OPTIMAL,2.3590611710492214e6,0.0,2.3590611710493113e6,0.0,0.0,680400,1459095,OPTIMAL,2.4517340070464015e6,0.0,2.4517340070533226e6,0.0,0.0,6053205,13003230,0.0,0.0,0.009218125,0.5538145,1.839446,3.130327708,7.074990583,0.765933542
nrel/118bus_40_24_chronological_conical_bounded_0.01_economic,653657,40,24,chronological,conical_bounded,economic,0.01,48179.21846014036,82554.5692479322,534.643631471149,154.41046032994242,1.067899554986702,40,0.9722346360839693,1.0000000000000002,0.0,0.5534246575342465,0.1258219178082192,434035,2625,0,0,OPTIMAL,2.2861829821590786e6,0.0,2.286182982159112e6,0.0,0.0,680400,1459095,OPTIMAL,2.4521309923662823e6,0.0,2.4521309923731154e6,0.0,0.0,6053205,13003230,0.0,0.0,0.009019667,0.505509042,2.077725666,3.168561125,6.114522959,0.765933542
nrel/118bus_40_24_convex_hull_dirac_0.01_economic,653657,40,24,convex_hull,dirac,economic,0.01,66884.38279773497,73729.6318190305,662.043545613291,111.36674061330856,1.1883298645522324,40,1.0,1.0,0.0,0.0,25,0,0,9119,4336,OPTIMAL,2.2855137111252793e6,0.0,2.2855137111256546e6,0.0,0.0,680400,1459095,OPTIMAL,2.4652244303381504e6,0.0,2.4652244303446906e6,0.0,0.0,6053205,13003230,0.0,0.0,0.009211583,3.672129334,2.0e-6,3.095550792,6.0254375,0.765933542
nrel/118bus_40_24_convex_hull_convex_0.01_economic,653657,40,24,convex_hull,convex,economic,0.01,40503.08016440101,73729.6318190305,662.043545613291,111.36674061330856,1.1883298645522324,40,1.0,1.0000000000000002,0.0,0.0,155,263822,1456,9119,4336,OPTIMAL,2.316099721689797e6,0.0,2.3160997216899022e6,0.0,0.0,680400,1459095,OPTIMAL,2.455017466137161e6,0.0,2.455017466144002e6,0.0,0.0,6053205,13003230,0.0,0.0,0.009090084,2.605877042,0.450727416,3.03482075,7.04463975,0.765933542
nrel/118bus_40_24_convex_hull_conical_0.01_economic,653657,40,24,convex_hull,conical,economic,0.01,39282.04357868725,73729.6318190305,662.043545613291,111.36674061330856,1.1883298645522324,40,1.0394075086355246,1.1940728438408006,0.7506849315068493,0.13972602739726028,0.1739041095890411,291332,1598,9119,4336,OPTIMAL,2.4699914578801095e6,0.0,2.4699914578800574e6,0.0,0.0,680400,1459095,OPTIMAL,2.4540777044925815e6,0.0,2.454077704499434e6,0.0,0.0,6053205,13003230,0.0,0.0,0.0091965,3.6621,0.26039575,3.255742458,7.498253333,0.765933542
nrel/118bus_40_24_convex_hull_conical_bounded_0.01_economic,653657,40,24,convex_hull,conical_bounded,economic,0.01,40555.568730128674,73729.6318190305,662.043545613291,111.36674061330856,1.1883298645522324,40,0.9931061404680765,1.0000000000000002,0.0,0.5041095890410959,0.15383561643835617,263087,1456,9119,4336,OPTIMAL,2.2909416462273723e6,0.0,2.2909416462273444e6,0.0,0.0,680400,1459095,OPTIMAL,2.454791832047743e6,0.0,2.4547918320546173e6,0.0,0.0,6053205,13003230,0.0,0.0,0.009018666,3.837052083,0.433002792,3.18917025,7.076652458,0.765933542
nrel/118bus_40_24_convex_hull_with_null_dirac_0.01_economic,653657,40,24,convex_hull_with_null,dirac,economic,0.01,67899.77874381216,74757.30666767874,656.5795594808591,113.85871763474857,1.1859409805470686,40,1.0,1.0,0.0,0.0,25,0,0,9193,4627,OPTIMAL,2.320209320184717e6,0.0,2.3202093201849824e6,0.0,0.0,680400,1459095,OPTIMAL,2.466722319261487e6,0.0,2.4667223192680418e6,0.0,0.0,6053205,13003230,0.0,0.0,0.009022917,3.7210345,1.167E-03,3.0475515,6.265378084,0.765933542
nrel/118bus_40_24_convex_hull_with_null_convex_0.01_economic,653657,40,24,convex_hull_with_null,convex,economic,0.01,40468.73036432199,74757.30666767874,656.5795594808591,113.85871763474857,1.1859409805470686,40,1.0,1.0000000000000002,0.0,0.0,0.1556849315068493,270710,1452,9193,4627,OPTIMAL,2.3883659802444056e6,0.0,2.388365980244321e6,0.0,0.0,680400,1459095,OPTIMAL,2.4533452113015037e6,0.0,2.4533452113086274e6,0.0,0.0,6053205,13003230,0.0,0.0,0.009091917,4.042601375,0.418158583,3.141629084,7.452704,0.765933542
nrel/118bus_40_24_convex_hull_with_null_conical_0.01_economic,653657,40,24,convex_hull_with_null,conical,economic,0.01,39308.94046349851,74757.30666767874,656.5795594808591,113.85871763474857,1.1859409805470686,40,1.037500209883823,1.1749751644286184,0.7315068493150685,0.1589041095890411,0.17794520547945206,302207,1618,9193,4627,OPTIMAL,2.5432757609052057e6,0.0,2.5432757609053147e6,0.0,0.0,680400,1459095,OPTIMAL,2.4509755771729643e6,0.0,2.45097557718014e6,0.0,0.0,6053205,13003230,0.0,0.0,0.009023791,3.75440725,0.259752083,3.200706292,6.812060042,0.765933542
nrel/118bus_40_24_convex_hull_with_null_conical_bounded_0.01_economic,653657,40,24,convex_hull_with_null,conical_bounded,economic,0.01,40524.207128893424,74757.30666767874,656.5795594808591,113.85871763474857,1.1859409805470686,40,0.9924221798631144,1.0000000000000002,0.0,0.5123287671232877,0.15513698630136985,274266,1452,9193,4627,OPTIMAL,2.3586920720920144e6,0.0,2.3586920720920875e6,0.0,0.0,680400,1459095,OPTIMAL,2.452853477862638e6,0.0,2.4528534778697626e6,0.0,0.0,6053205,13003230,0.0,0.0,0.009091625,3.786279583,0.40475125,3.12825375,6.969511125,0.765933542
nrel/118bus_40_24_conical_hull_dirac_0.01_economic,653657,40,24,conical_hull,dirac,economic,0.01,75276.5376513367,64721.66612917619,835.764059890282,77.44011645783472,1.233118065978711,40,1.0,1.0,0.0,0.0,25,0,0,8574,4881,OPTIMAL,2.151010478987483e6,0.0,2.151010478987884e6,0.0,0.0,680400,1459095,OPTIMAL,2.4790115704572527e6,0.0,2.479011570463845e6,0.0,0.0,6053205,13003230,0.0,0.0,0.00913525,2.914712916,2.083E-03,3.089735875,5.984916833,0.765933542
nrel/118bus_40_24_conical_hull_convex_0.01_economic,653657,40,24,conical_hull,convex,economic,0.01,50402.52108536819,64721.66612917619,835.764059890282,77.44011645783472,1.233118065978711,40,1.0,1.0000000000000002,0.0,0.0,0.1352054794520548,197029,1126,8574,4881,OPTIMAL,2.192350452892289e6,0.0,2.1923504528923417e6,0.0,0.0,680400,1459095,OPTIMAL,2.4541318302562945e6,0.0,2.4541318302637096e6,0.0,0.0,6053205,13003230,0.0,0.0,0.009338625,2.95624425,0.290013875,3.379693833,6.89677475,0.765933542
nrel/118bus_40_24_conical_hull_conical_0.01_economic,653657,40,24,conical_hull,conical,economic,0.01,44757.31007945998,64721.66612917619,835.764059890282,77.44011645783472,1.233118065978711,40,1.1050431324785397,1.2687427824742543,0.8410958904109589,0.049315068493150684,0.16815068493150684,233564,1265,8574,4881,OPTIMAL,2.669661530077922e6,0.0,2.6696615300780237e6,0.0,0.0,680400,1459095,OPTIMAL,2.449132490828252e6,0.0,2.449132490835856e6,0.0,0.0,6053205,13003230,0.0,0.0,0.009114333,3.008523459,0.216674583,3.163372958,7.978975,0.765933542
nrel/118bus_40_24_conical_hull_conical_bounded_0.01_economic,653657,40,24,conical_hull,conical_bounded,economic,0.01,50530.328942063155,64721.66612917619,835.764059890282,77.44011645783472,1.233118065978711,40,0.9968911653629235,1.0000000000000002,0.0,0.3232876712328767,0.1345205479452055,196629,1126,8574,4881,OPTIMAL,2.181147520850327e6,0.0,2.1811475208503217e6,0.0,0.0,680400,1459095,OPTIMAL,2.4537861143164528e6,0.0,2.4537861143238796e6,0.0,0.0,6053205,13003230,0.0,0.0,0.009061542,2.972664959,0.309755625,3.109700667,6.76903375,0.765933542
nrel/118bus_80_24_k_means_dirac_0.01_economic,653657,80,24,k_means,dirac,economic,0.01,38079.94345497649,110242.1386264803,158.42357371873376,695.8695353142639,1.1147972813659992,80,1.0,1.0,0.0,0.0,0.0125,0,0,0,0,OPTIMAL,2.4257487185980747e6,0.0,2.4257487185987956e6,0.0,0.0,1344360,2885295,OPTIMAL,2.449787707575988e6,0.0,2.4497877075833115e6,0.0,0.0,6053205,13003230,0.0,0.0,0.009184167,0.584692916,1.042E-03,6.911518375,13.584412334,0.765933542
nrel/118bus_80_24_k_means_convex_0.01_economic,653657,80,24,k_means,convex,economic,0.01,32529.253395599462,110242.1386264803,158.42357371873376,695.8695353142639,1.1147972813659992,80,1.0,1.0000000000000002,0.0,0.0,0.058664383561643836,651436,6488,0,0,OPTIMAL,2.403670917616244e6,0.0,2.403670917616333e6,0.0,0.0,1344360,2885295,OPTIMAL,2.4471139448852185e6,0.0,2.4471139448925704e6,0.0,0.0,6053205,13003230,0.0,0.0,0.009518833,0.590652042,3.242454708,5.810346916,20.674061042,0.765933542
nrel/118bus_80_24_k_means_conical_0.01_economic,653657,80,24,k_means,conical,economic,0.01,31563.965810821348,110242.1386264803,158.42357371873376,695.8695353142639,1.1147972813659992,80,1.024843830622574,1.147104481454247,0.7698630136986301,0.17534246575342466,0.0664041095890411,702858,6023,0,0,OPTIMAL,2.5062583524995134e6,0.0,2.506258352499372e6,0.0,0.0,1344360,2885295,OPTIMAL,2.445711871459092e6,0.0,2.445711871466523e6,0.0,0.0,6053205,13003230,0.0,0.0,0.009242291,0.543265709,2.793158667,5.928490541,17.479078667,0.765933542
nrel/118bus_80_24_k_means_conical_bounded_0.01_economic,653657,80,24,k_means,conical_bounded,economic,0.01,32577.58194010324,110242.1386264803,158.42357371873376,695.8695353142639,1.1147972813659992,80,0.9931325722165084,1.0000000000000002,0.0,0.5178082191780822,0.05787671232876712,645731,5376,0,0,OPTIMAL,2.3777852390450058e6,0.0,2.377785239045048e6,0.0,0.0,1344360,2885295,OPTIMAL,2.4468593297687527e6,0.0,2.44685932977613e6,0.0,0.0,6053205,13003230,0.0,0.0,0.009555625,0.542286542,2.322360334,7.052566458,18.159315,0.765933542
nrel/118bus_80_24_k_medoids_dirac_0.01_economic,653657,80,24,k_medoids,dirac,economic,0.01,47608.6280196161,112643.70680303217,375.5478544575086,299.94501490562305,1.124281233912205,80,1.0,1.0,0.0,0.0,0.0125,0,0,0,0,OPTIMAL,2.5699686994342487e6,0.0,2.5699686994349346e6,0.0,0.0,1344360,2885295,OPTIMAL,2.4567534237252595e6,0.0,2.456753423732678e6,0.0,0.0,6053205,13003230,0.0,0.0,0.00906725,0.53884025,9.16e-7,7.333146333,13.765902792,0.765933542
nrel/118bus_80_24_k_medoids_convex_0.01_economic,653657,80,24,k_medoids,convex,economic,0.01,33347.85548660071,112643.70680303217,375.5478544575086,299.94501490562305,1.124281233912205,80,1.0,1.0000000000000004,0.0,0.0,0.07732876712328766,600603,3966,0,0,OPTIMAL,2.5184245666656797e6,0.0,2.5184245666655647e6,0.0,0.0,1344360,2885295,OPTIMAL,2.448147323960552e6,0.0,2.4481473239678647e6,0.0,0.0,6053205,13003230,0.0,0.0,0.009126292,0.556051334,2.135374042,7.016736375,19.885964542,0.765933542
nrel/118bus_80_24_k_medoids_conical_0.01_economic,653657,80,24,k_medoids,conical,economic,0.01,32523.678963896888,112643.70680303217,375.5478544575086,299.94501490562305,1.124281233912205,80,1.0173420192834406,1.1678936409566931,0.589041095890411,0.1917808219178082,0.08613013698630137,637719,3902,0,0,OPTIMAL,2.5773017831292334e6,0.0,2.5773017831291426e6,0.0,0.0,1344360,2885295,OPTIMAL,2.447058025301731e6,0.0,2.447058025309131e6,0.0,0.0,6053205,13003230,0.0,0.0,0.009217375,0.515451208,1.289957791,7.03766375,20.51116,0.765933542
nrel/118bus_80_24_k_medoids_conical_bounded_0.01_economic,653657,80,24,k_medoids,conical_bounded,economic,0.01,33342.00213674961,112643.70680303217,375.5478544575086,299.94501490562305,1.124281233912205,80,0.9909839560205194,1.0000000000000002,0.0,0.5041095890410959,0.07674657534246575,601080,3966,0,0,OPTIMAL,2.4861773885037955e6,0.0,2.4861773885038667e6,0.0,0.0,1344360,2885295,OPTIMAL,2.4481616036491315e6,0.0,2.448161603656432e6,0.0,0.0,6053205,13003230,0.0,0.0,0.009190084,0.614421042,2.1638975,7.119553833,18.639746083,0.765933542
nrel/118bus_80_24_hierarchical_dirac_0.01_economic,653657,80,24,hierarchical,dirac,economic,0.01,46455.01322094191,109007.37547597772,341.6742862391715,319.0388620572773,1.1367066464230657,80,1.0,1.0,0.0,0.0,0.0125,0,0,0,0,OPTIMAL,2.4551586582101635e6,0.0,2.4551586582106547e6,0.0,0.0,1344360,2885295,OPTIMAL,2.4590350424415655e6,0.0,2.459035042448859e6,0.0,0.0,6053205,13003230,0.0,0.0,0.009740167,0.565221166,1.916E-03,6.9314185,10.64903575,0.765933542
nrel/118bus_80_24_hierarchical_convex_0.01_economic,653657,80,24,hierarchical,convex,economic,0.01,32452.365860405658,109007.37547597772,341.6742862391715,319.0388620572773,1.1367066464230657,80,1.0,1.0000000000000002,0.0,0.0,0.0776027397260274,564106,3450,0,0,OPTIMAL,2.45223090638063e6,0.0,2.452230906380426e6,0.0,0.0,1344360,2885295,OPTIMAL,2.44846563621584e6,0.0,2.4484656362232035e6,0.0,0.0,6053205,13003230,0.0,0.0,0.009461042,0.5436415,2.001158208,7.054886916,19.561660209,0.765933542
nrel/118bus_80_24_hierarchical_conical_0.01_economic,653657,80,24,hierarchical,conical,economic,0.01,31510.25313981178,109007.37547597772,341.6742862391715,319.0388620572773,1.1367066464230657,80,1.0195378277046845,1.1542076813650335,0.5753424657534246,0.2054794520547945,0.08571917808219177,586360,3434,0,0,OPTIMAL,2.5265679008500543e6,0.0,2.5265679008501614e6,0.0,0.0,1344360,2885295,OPTIMAL,2.446807233864626e6,0.0,2.4468072338721105e6,0.0,0.0,6053205,13003230,0.0,0.0,0.009373625,0.603969042,1.169658916,7.088016125,23.186781291,0.765933542
nrel/118bus_80_24_hierarchical_conical_bounded_0.01_economic,653657,80,24,hierarchical,conical_bounded,economic,0.01,32489.887730534785,109007.37547597772,341.6742862391715,319.0388620572773,1.1367066464230657,80,0.990870747519137,1.0000000000000002,0.0,0.5589041095890411,0.07684931506849316,565985,3414,0,0,OPTIMAL,2.4184930218661744e6,0.0,2.418493021866242e6,0.0,0.0,1344360,2885295,OPTIMAL,2.4482546359097986e6,0.0,2.448254635917141e6,0.0,0.0,6053205,13003230,0.0,0.0,0.009462375,0.531554042,2.064313625,7.212375958,18.704917958,0.765933542
nrel/118bus_80_24_chronological_dirac_0.01_economic,653657,80,24,chronological,dirac,economic,0.01,78399.18412704954,116536.00408138063,359.1186599684791,324.50556618697937,1.0827108542378878,80,1.0,1.0,0.0,0.0,0.0125,0,0,0,0,OPTIMAL,2.393930946558188e6,0.0,2.3939309465561984e6,0.0,0.0,1344360,2885295,OPTIMAL,2.464681292951063e6,0.0,2.4646812929577176e6,0.0,0.0,6053205,13003230,0.0,0.0,0.00973225,0.548317542,1.042E-03,6.930128834,8.813529542,0.765933542
nrel/118bus_80_24_chronological_convex_0.01_economic,653657,80,24,chronological,convex,economic,0.01,41106.249848892505,116536.00408138063,359.1186599684791,324.50556618697937,1.0827108542378878,80,1.0,1.0000000000000004,0.0,0.0,0.07417808219178082,632243,4212,0,0,OPTIMAL,2.421203226872414e6,0.0,2.421203226872393e6,0.0,0.0,1344360,2885295,OPTIMAL,2.4480991436058227e6,0.0,2.448099143612948e6,0.0,0.0,6053205,13003230,0.0,0.0,0.009134209,0.565130459,2.12663875,7.314820958,20.120942542,0.765933542
nrel/118bus_80_24_chronological_conical_0.01_economic,653657,80,24,chronological,conical,economic,0.01,39458.02228309733,116536.00408138063,359.1186599684791,324.50556618697937,1.0827108542378878,80,0.9999067583611883,1.1326587778368946,0.4602739726027397,0.32054794520547947,0.07842465753424657,656854,4479,0,0,OPTIMAL,2.414473310834317e6,0.0,2.414473310834351e6,0.0,0.0,1344360,2885295,OPTIMAL,2.449437557414626e6,0.0,2.4494375574215176e6,0.0,0.0,6053205,13003230,0.0,0.0,0.009151042,0.513171208,1.308359833,7.366545833,21.860204833,0.765933542
nrel/118bus_80_24_chronological_conical_bounded_0.01_economic,653657,80,24,chronological,conical_bounded,economic,0.01,40050.92166518618,116536.00408138063,359.1186599684791,324.50556618697937,1.0827108542378878,80,0.9786806859646158,1.0000000000000002,0.0,0.5287671232876713,0.07332191780821917,639239,4294,0,0,OPTIMAL,2.3389315998793384e6,0.0,2.3389315998790367e6,0.0,0.0,1344360,2885295,OPTIMAL,2.449751801199532e6,0.0,2.449751801206358e6,0.0,0.0,6053205,13003230,0.0,0.0,0.00915325,0.563715667,2.228464542,7.351293042,22.858143,0.765933542
nrel/118bus_80_24_convex_hull_dirac_0.01_economic,653657,80,24,convex_hull,dirac,economic,0.01,53614.1551076346,105207.85143561393,500.47290875682086,210.21687606817954,1.1731879421271165,80,1.0,1.0,0.0,0.0,0.0125,0,0,19583,6092,OPTIMAL,2.4631464733745563e6,0.0,2.4631464733756734e6,0.0,0.0,1344360,2885295,OPTIMAL,2.4625847654239917e6,0.0,2.462584765431142e6,0.0,0.0,6053205,13003230,0.0,0.0,0.009584667,10.118604292,1.125E-03,6.00067,15.465946958,0.765933542
nrel/118bus_80_24_convex_hull_convex_0.01_economic,653657,80,24,convex_hull,convex,economic,0.01,32097.6748852626,105207.85143561393,500.47290875682086,210.21687606817954,1.1731879421271165,80,1.0,1.0000000000000004,0.0,0.0,0.08092465753424657,421000,2284,19583,6092,OPTIMAL,2.4273538692341126e6,0.0,2.427353869234307e6,0.0,0.0,1344360,2885295,OPTIMAL,2.4497948526944653e6,0.0,2.449794852701791e6,0.0,0.0,6053205,13003230,0.0,0.0,0.009132208,10.311557,1.329497667,5.800089667,21.212288875,0.765933542
nrel/118bus_80_24_convex_hull_conical_0.01_economic,653657,80,24,convex_hull,conical,economic,0.01,30842.467333388267,105207.85143561393,500.47290875682086,210.21687606817954,1.1731879421271165,80,1.035140535559281,1.146391634626845,0.673972602739726,0.10684931506849316,0.09404109589041096,467798,2436,19583,6092,OPTIMAL,2.5669257154446617e6,0.0,2.5669257154449862e6,0.0,0.0,1344360,2885295,OPTIMAL,2.447053583446645e6,0.0,2.4470535834541596e6,0.0,0.0,6053205,13003230,0.0,0.0,0.009391542,9.981103459,0.942161834,5.789724125,21.8294115,0.765933542
nrel/118bus_80_24_convex_hull_conical_bounded_0.01_economic,653657,80,24,convex_hull,conical_bounded,economic,0.01,32242.18670505042,105207.85143561393,500.47290875682086,210.21687606817954,1.1731879421271165,80,0.9945597941538139,1.0000000000000002,0.0,0.4602739726027397,0.08065068493150684,421324,2211,19583,6092,OPTIMAL,2.408037343745085e6,0.0,2.408037343744861e6,0.0,0.0,1344360,2885295,OPTIMAL,2.4496050838863547e6,0.0,2.449605083893657e6,0.0,0.0,6053205,13003230,0.0,0.0,0.009304042,9.929983625,1.356199208,5.852550334,21.050514208,0.765933542
nrel/118bus_80_24_convex_hull_with_null_dirac_0.01_economic,653657,80,24,convex_hull_with_null,dirac,economic,0.01,53405.41437762038,105399.80433638021,510.2170369677559,206.5783709669443,1.1720229656521177,80,1.0,1.0,0.0,0.0,0.0125,0,0,19741,6299,OPTIMAL,2.4807020526160626e6,0.0,2.480702052617206e6,0.0,0.0,1344360,2885295,OPTIMAL,2.4614048621748313e6,0.0,2.461404862181886e6,0.0,0.0,6053205,13003230,0.0,0.0,0.009358791,9.850920417,1.083E-03,5.601063708,14.267126583,0.765933542
nrel/118bus_80_24_convex_hull_with_null_convex_0.01_economic,653657,80,24,convex_hull_with_null,convex,economic,0.01,31945.897722321057,105399.80433638021,510.2170369677559,206.5783709669443,1.1720229656521177,80,1.0,1.0000000000000002,0.0,0.0,0.08123287671232876,425099,2209,19741,6299,OPTIMAL,2.4396069762092847e6,0.0,2.4396069762092936e6,0.0,0.0,1344360,2885295,OPTIMAL,2.449302308509025e6,0.0,2.4493023085164186e6,0.0,0.0,6053205,13003230,0.0,0.0,0.009285834,10.139606417,1.364613875,6.062784167,20.953135375,0.765933542
nrel/118bus_80_24_convex_hull_with_null_conical_0.01_economic,653657,80,24,convex_hull_with_null,conical,economic,0.01,30626.162785865108,105399.80433638021,510.2170369677559,206.5783709669443,1.1720229656521177,80,1.0342573731690208,1.1463916345420981,0.6684931506849315,0.11232876712328767,0.09493150684931506,470337,2445,19741,6299,OPTIMAL,2.5768365687858253e6,0.0,2.576836568785865e6,0.0,0.0,1344360,2885295,OPTIMAL,2.446979436848973e6,0.0,2.4469794368564514e6,0.0,0.0,6053205,13003230,0.0,0.0,0.011769625,10.257329167,0.983785541,5.819722417,20.826365,0.765933542
nrel/118bus_80_24_convex_hull_with_null_conical_bounded_0.01_economic,653657,80,24,convex_hull_with_null,conical_bounded,economic,0.01,32110.4027566523,105399.80433638021,510.2170369677559,206.5783709669443,1.1720229656521177,80,0.9940690428136834,1.0000000000000002,0.0,0.4794520547945205,0.08082191780821918,425628,2209,19741,6299,OPTIMAL,2.4192703686253494e6,0.0,2.419270368625391e6,0.0,0.0,1344360,2885295,OPTIMAL,2.449152297982658e6,0.0,2.449152297990038e6,0.0,0.0,6053205,13003230,0.0,0.0,0.009283917,10.489932875,1.393983542,5.948727042,23.149510625,0.765933542
nrel/118bus_80_24_conical_hull_dirac_0.01_economic,653657,80,24,conical_hull,dirac,economic,0.01,59624.11828538425,96990.24097345192,507.29214746956467,191.19208025838978,1.2061762885149347,80,1.0,1.0,0.0,0.0,0.0125,0,0,18003,7672,OPTIMAL,2.3847011557816695e6,0.0,2.384701155782557e6,0.0,0.0,1344360,2885295,OPTIMAL,2.4579708005184643e6,0.0,2.457970800525722e6,0.0,0.0,6053205,13003230,0.0,0.0,0.010289292,5.329818875,1.125E-03,6.169681458,14.584530584,0.765933542
nrel/118bus_80_24_conical_hull_convex_0.01_economic,653657,80,24,conical_hull,convex,economic,0.01,38377.4031401199,96990.24097345192,507.29214746956467,191.19208025838978,1.2061762885149347,80,1.0,1.0000000000000002,0.0,0.0,0.07599315068493151,353948,2034,18003,7672,OPTIMAL,2.3673631384031577e6,0.0,2.367363138403431e6,0.0,0.0,1344360,2885295,OPTIMAL,2.449036332382232e6,0.0,2.449036332389628e6,0.0,0.0,6053205,13003230,0.0,0.0,0.00933575,5.692426375,1.2094695,5.732670458,24.297504625,0.765933542
nrel/118bus_80_24_conical_hull_conical_0.01_economic,653657,80,24,conical_hull,conical,economic,0.01,33375.068619304766,96990.24097345192,507.29214746956467,191.19208025838978,1.2061762885149347,80,1.0814534578694879,1.2276212966960038,0.7506849315068493,0.030136986301369864,0.09910958904109589,420127,2283,18003,7672,OPTIMAL,2.6920070130758695e6,0.0,2.692007013076024e6,0.0,0.0,1344360,2885295,OPTIMAL,2.446106317979415e6,0.0,2.4461063179871086e6,0.0,0.0,6053205,13003230,0.0,0.0,0.009207417,5.662695792,0.893774042,6.339299167,22.351641375,0.765933542
nrel/118bus_80_24_conical_hull_conical_bounded_0.01_economic,653657,80,24,conical_hull,conical_bounded,economic,0.01,38622.83017377841,96990.24097345192,507.29214746956467,191.19208025838978,1.2061762885149347,80,0.9967735727635062,1.0000000000000004,0.0,0.4191780821917808,0.07595890410958904,353463,2034,18003,7672,OPTIMAL,2.3579413228608407e6,0.0,2.3579413228611723e6,0.0,0.0,1344360,2885295,OPTIMAL,2.44895738017505e6,0.0,2.448957380182443e6,0.0,0.0,6053205,13003230,0.0,0.0,0.009263042,5.594067292,1.227675,5.581976417,24.905483792,0.765933542
nrel/118bus_10_24_k_means_dirac_0.01,653657,10,24,k_means,dirac,unscaled,0.01,121.45192416139425,113.38093840154347,1.4891577654975412,76.13762693817863,1.0322983598970081,10,1.0,1.0,0.0,0.0,0.1,0,0,0,0,OPTIMAL,2.4083949189411104e6,0.0,2.408394918941121e6,0.0,0.0,182430,389445,OPTIMAL,2.4601158530424344e6,0.0,2.4601158530492224e6,0.0,0.0,6053205,13003230,0.0,0.0,0.009139458,0.595146083,1.666E-03,1.304979791,0.944442542,0.765933542
nrel/118bus_10_24_k_means_convex_0.01,653657,10,24,k_means,convex,unscaled,0.01,114.89014712515441,113.38093840154347,1.4891577654975412,76.13762693817863,1.0322983598970081,10,1.0,1.0000000000000002,0.0,0.0,0.27479452054794523,72487,513,0,0,OPTIMAL,2.370573386039334e6,0.0,2.3705733860393004e6,0.0,0.0,182430,389445,OPTIMAL,2.456093768058637e6,0.0,2.4560937680655057e6,0.0,0.0,6053205,13003230,0.0,0.0,0.009198,0.601843,0.044892708,1.360731292,1.430877167,0.765933542
nrel/118bus_10_24_k_means_conical_0.01,653657,10,24,k_means,conical,unscaled,0.01,110.94106337869933,113.38093840154347,1.4891577654975412,76.13762693817863,1.0322983598970081,10,1.007939162305317,1.1229304132367561,0.6246575342465753,0.37534246575342467,0.2772602739726027,81452,520,0,0,OPTIMAL,2.398961096839909e6,0.0,2.398961096840012e6,0.0,0.0,182430,389445,OPTIMAL,2.4540534509018473e6,0.0,2.454053450908776e6,0.0,0.0,6053205,13003230,0.0,0.0,0.009416334,0.583603916,0.030809208,1.315976792,1.47517625,0.765933542
nrel/118bus_10_24_k_means_conical_bounded_0.01,653657,10,24,k_means,conical_bounded,unscaled,0.01,113.44074961231881,113.38093840154347,1.4891577654975412,76.13762693817863,1.0322983598970081,10,0.9846326442182376,1.0,0.0,0.4602739726027397,0.26684931506849313,73181,491,0,0,OPTIMAL,2.326297302125823e6,0.0,2.3262973021258e6,0.0,0.0,182430,389445,OPTIMAL,2.455252287778306e6,0.0,2.455252287785205e6,0.0,0.0,6053205,13003230,0.0,0.0,0.009604208,0.692431917,0.153913292,1.246330208,1.353831875,0.765933542
nrel/118bus_10_24_k_medoids_dirac_0.01,653657,10,24,k_medoids,dirac,unscaled,0.01,144.6799300491135,114.12284717584677,3.7708650068710408,30.264368246516135,1.057318754195373,10,1.0,1.0,0.0,0.0,0.1,0,0,0,0,OPTIMAL,2.367595366872986e6,0.0,2.367595366872911e6,0.0,0.0,182430,389445,OPTIMAL,2.477057348006503e6,0.0,2.477057348012633e6,0.0,0.0,6053205,13003230,0.0,0.0,0.0092925,0.453149666,1.208E-03,1.203682458,1.125170208,0.765933542
nrel/118bus_10_24_k_medoids_convex_0.01,653657,10,24,k_medoids,convex,unscaled,0.01,122.15970424386809,114.12284717584677,3.7708650068710408,30.264368246516135,1.057318754195373,10,1.0,1.0000000000000002,0.0,0.0,0.43095890410958904,79811,339,0,0,OPTIMAL,2.3551572972650556e6,0.0,2.3551572972651995e6,0.0,0.0,182430,389445,OPTIMAL,2.4532456932194214e6,0.0,2.453245693226173e6,0.0,0.0,6053205,13003230,0.0,0.0,0.009568167,0.6072125,0.0414515,1.528204792,2.455405167,0.765933542
nrel/118bus_10_24_k_medoids_conical_0.01,653657,10,24,k_medoids,conical,unscaled,0.01,118.62881939305571,114.12284717584677,3.7708650068710408,30.264368246516135,1.057318754195373,10,0.9955037074946812,1.1331772133325924,0.4821917808219178,0.4904109589041096,0.43753424657534246,81091,348,0,0,OPTIMAL,2.3560509174119937e6,0.0,2.3560509174119965e6,0.0,0.0,182430,389445,OPTIMAL,2.4518537954158434e6,0.0,2.4518537954226574e6,0.0,0.0,6053205,13003230,0.0,0.0,0.009278458,0.5429495,0.028864584,1.333060958,1.352943417,0.765933542
nrel/118bus_10_24_k_medoids_conical_bounded_0.01,653657,10,24,k_medoids,conical_bounded,unscaled,0.01,120.25639099630779,114.12284717584677,3.7708650068710408,30.264368246516135,1.057318754195373,10,0.9783014239267626,1.0,0.0,0.6027397260273972,0.4178082191780822,78254,347,0,0,OPTIMAL,2.3118005028963285e6,0.0,2.311800502896312e6,0.0,0.0,182430,389445,OPTIMAL,2.452896474012674e6,0.0,2.4528964740194655e6,0.0,0.0,6053205,13003230,0.0,0.0,0.0092315,0.558133833,0.041832959,1.327607,1.352298542,0.765933542
nrel/118bus_10_24_hierarchical_dirac_0.01,653657,10,24,hierarchical,dirac,unscaled,0.01,147.77321079280802,119.07224931804099,3.1060894569864956,38.335099798949116,1.0373270878197993,10,1.0,1.0,0.0,0.0,0.1,0,0,0,0,OPTIMAL,2.497694813977736e6,0.0,2.4976948139777617e6,0.0,0.0,182430,389445,OPTIMAL,2.814133290771754e6,0.0,2.802044900578837e6,0.0,12088.390196655528,6053205,13003230,0.0,1208.8390196655528,0.010651917,0.501072167,1.416E-03,1.335719041,0.881039458,0.765933542
nrel/118bus_10_24_hierarchical_convex_0.01,653657,10,24,hierarchical,convex,unscaled,0.01,126.8481261984759,119.07224931804099,3.1060894569864956,38.335099798949116,1.0373270878197993,10,1.0,1.0000000000000002,0.0,0.0,0.39863013698630134,90380,416,0,0,OPTIMAL,2.4615416375152753e6,0.0,2.46154163751533e6,0.0,0.0,182430,389445,OPTIMAL,2.455205527755854e6,0.0,2.45520552776244e6,0.0,0.0,6053205,13003230,0.0,0.0,0.017785291,0.6606895,0.048090083,1.479864083,1.23359275,0.765933542
nrel/118bus_10_24_hierarchical_conical_0.01,653657,10,24,hierarchical,conical,unscaled,0.01,122.83866218596057,119.07224931804099,3.1060894569864956,38.335099798949116,1.0373270878197993,10,0.9841651172153121,1.1183725362332626,0.3726027397260274,0.6,0.4071232876712329,95314,468,0,0,OPTIMAL,2.435806003427072e6,0.0,2.435806003427097e6,0.0,0.0,182430,389445,OPTIMAL,2.455412869475596e6,0.0,2.45541286948222e6,0.0,0.0,6053205,13003230,0.0,0.0,0.009128,0.515730916,0.033158042,1.338030083,1.254213958,0.765933542
nrel/118bus_10_24_hierarchical_conical_bounded_0.01,653657,10,24,hierarchical,conical_bounded,unscaled,0.01,123.90608214982092,119.07224931804099,3.1060894569864956,38.335099798949116,1.0373270878197993,10,0.9716507025673443,1.0,0.0,0.6465753424657534,0.40164383561643835,93592,469,0,0,OPTIMAL,2.40533621522527e6,0.0,2.4053362152252477e6,0.0,0.0,182430,389445,OPTIMAL,2.455347579763567e6,0.0,2.455347579770193e6,0.0,0.0,6053205,13003230,0.0,0.0,0.009476542,0.557241625,0.054709209,1.427032209,1.204126459,0.765933542
nrel/118bus_10_24_chronological_dirac_0.01,653657,10,24,chronological,dirac,unscaled,0.01,152.63626535008515,117.94416833329127,2.680003028615046,44.00896830114467,1.0380051876932654,10,1.0,1.0,0.0,0.0,0.1,0,0,0,0,OPTIMAL,2.57890035070637e6,0.0,2.578900350706238e6,0.0,0.0,182430,389445,OPTIMAL,2.5033706971865506e6,0.0,2.503370697192773e6,0.0,0.0,6053205,13003230,0.0,0.0,0.010615792,0.515438417,1.417E-03,1.396018833,0.783494917,0.765933542
nrel/118bus_10_24_chronological_convex_0.01,653657,10,24,chronological,convex,unscaled,0.01,131.70464531310245,117.94416833329127,2.680003028615046,44.00896830114467,1.0380051876932654,10,1.0,1.0000000000000002,0.0,0.0,0.40794520547945207,102791,583,0,0,OPTIMAL,2.5297680417158967e6,0.0,2.5297680417159633e6,0.0,0.0,182430,389445,OPTIMAL,2.454857964250923e6,0.0,2.454857964258151e6,0.0,0.0,6053205,13003230,0.0,0.0,0.009212625,0.542024,0.082486917,1.483079208,1.26037625,0.765933542
nrel/118bus_10_24_chronological_conical_0.01,653657,10,24,chronological,conical,unscaled,0.01,126.7118140015233,117.94416833329127,2.680003028615046,44.00896830114467,1.0380051876932654,10,0.9840818448943615,1.1436260865654722,0.4054794520547945,0.5671232876712329,0.4232876712328767,105754,588,0,0,OPTIMAL,2.4690541364242225e6,0.0,2.469054136424159e6,0.0,0.0,182430,389445,OPTIMAL,2.450697703182706e6,0.0,2.4506977031900496e6,0.0,0.0,6053205,13003230,0.0,0.0,0.009173125,0.653841333,0.034437541,1.494375,2.235456375,0.765933542
nrel/118bus_10_24_chronological_conical_bounded_0.01,653657,10,24,chronological,conical_bounded,unscaled,0.01,128.0730518674303,117.94416833329127,2.680003028615046,44.00896830114467,1.0380051876932654,10,0.9700613603445091,1.0000000000000002,0.0,0.6328767123287671,0.40876712328767123,102447,590,0,0,OPTIMAL,2.412165335683695e6,0.0,2.41216533568369e6,0.0,0.0,182430,389445,OPTIMAL,2.4527829803758333e6,0.0,2.4527829803831275e6,0.0,0.0,6053205,13003230,0.0,0.0,0.009283208,0.49315425,0.050466917,2.360838042,1.448000916,0.765933542
nrel/118bus_10_24_convex_hull_dirac_0.01,653657,10,24,convex_hull,dirac,unscaled,0.01,185.00049665347092,114.47393719567482,6.304771159302685,18.156715652838344,1.079848590956713,10,1.0,1.0,0.0,0.0,0.1,0,0,860,2380,OPTIMAL,2.812917343586522e6,0.0,2.812917343586514e6,0.0,0.0,182430,389445,OPTIMAL,2.480433313333918e6,0.0,2.4804333133396613e6,0.0,0.0,6053205,13003230,0.0,0.0,0.009151458,2.245323291,1.042E-03,1.2776155,1.162553416,0.765933542
nrel/118bus_10_24_convex_hull_convex_0.01,653657,10,24,convex_hull,convex,unscaled,0.01,129.270405290503,114.47393719567482,6.304771159302685,18.156715652838344,1.079848590956713,10,1.0,1.0000000000000002,0.0,0.0,0.5167123287671233,60623,267,860,2380,OPTIMAL,2.4362486056373017e6,0.0,2.436248605637335e6,0.0,0.0,182430,389445,OPTIMAL,2.472460918212412e6,0.0,2.4724609182187608e6,0.0,0.0,6053205,13003230,0.0,0.0,0.009196583,2.163262,0.041888791,1.344184583,1.157222125,0.765933542
nrel/118bus_10_24_convex_hull_conical_0.01,653657,10,24,convex_hull,conical,unscaled,0.01,127.49229934338254,114.47393719567482,6.304771159302685,18.156715652838344,1.079848590956713,10,0.9990266259515366,1.142660355238748,0.4904109589041096,0.4821917808219178,0.52,63907,272,860,2380,OPTIMAL,2.432858901870898e6,0.0,2.4328589018709525e6,0.0,0.0,182430,389445,OPTIMAL,2.4755789767848495e6,0.0,2.4755789767911993e6,0.0,0.0,6053205,13003230,0.0,0.0,0.009568792,2.031052375,0.026051417,1.514298958,1.1504705,0.765933542
nrel/118bus_10_24_convex_hull_conical_bounded_0.01,653657,10,24,convex_hull,conical_bounded,unscaled,0.01,128.43518868863302,114.47393719567482,6.304771159302685,18.156715652838344,1.079848590956713,10,0.9813900859511588,1.0000000000000002,0.0,0.5753424657534246,0.5120547945205479,61639,298,860,2380,OPTIMAL,2.390289970359354e6,0.0,2.3902899703593045e6,0.0,0.0,182430,389445,OPTIMAL,2.4714828298562905e6,0.0,2.4714828298626626e6,0.0,0.0,6053205,13003230,0.0,0.0,0.009089042,2.260886292,0.042230458,1.341863583,1.17449225,0.765933542
nrel/118bus_10_24_convex_hull_with_null_dirac_0.01,653657,10,24,convex_hull_with_null,dirac,unscaled,0.01,197.8103690026702,117.29102038570628,5.374511336710094,21.823569258206046,1.081865849132499,10,1.0,1.0,0.0,0.0,0.1,0,0,981,2624,OPTIMAL,3.1784221657307036e6,0.0,3.178422165730842e6,0.0,0.0,182430,389445,OPTIMAL,2.6969515739772734e6,0.0,2.6546860662438753e6,0.0,42265.50773765521,6053205,13003230,0.0,4226.550773765521,0.009445291,0.856612208,8.75e-7,1.271514375,0.997184416,0.765933542
nrel/118bus_10_24_convex_hull_with_null_convex_0.01,653657,10,24,convex_hull_with_null,convex,unscaled,0.01,132.9386485654909,117.29102038570628,5.374511336710094,21.823569258206046,1.081865849132499,10,1.0,1.0000000000000002,0.0,0.0,0.5202739726027398,64326,284,981,2624,OPTIMAL,2.850996202256577e6,0.0,2.85099620225655e6,0.0,0.0,182430,389445,OPTIMAL,2.450145828782576e6,0.0,2.450145828789878e6,0.0,0.0,6053205,13003230,0.0,0.0,0.009284166,2.304879417,0.039581,1.347326042,1.258271417,0.765933542
nrel/118bus_10_24_convex_hull_with_null_conical_0.01,653657,10,24,convex_hull_with_null,conical,unscaled,0.01,128.80819653705728,117.29102038570628,5.374511336710094,21.823569258206046,1.081865849132499,10,0.9670615402077424,1.0664430166040018,0.2493150684931507,0.7232876712328767,0.5087671232876713,66670,295,981,2624,OPTIMAL,2.7330981860547448e6,0.0,2.7330981860547243e6,0.0,0.0,182430,389445,OPTIMAL,2.4493713710804046e6,0.0,2.449371371087736e6,0.0,0.0,6053205,13003230,0.0,0.0,0.009121167,2.060923958,0.21544775,1.305362208,1.254444917,0.765933542
nrel/118bus_10_24_convex_hull_with_null_conical_bounded_0.01,653657,10,24,convex_hull_with_null,conical_bounded,unscaled,0.01,129.2050702781056,117.29102038570628,5.374511336710094,21.823569258206046,1.081865849132499,10,0.9602981197635351,1.0000000000000002,0.0,0.7616438356164383,0.5079452054794521,66880,294,981,2624,OPTIMAL,2.7191094656716203e6,0.0,2.7191094656715887e6,0.0,0.0,182430,389445,OPTIMAL,2.449880536787382e6,0.0,2.4498805367946955e6,0.0,0.0,6053205,13003230,0.0,0.0,0.009173,1.904841792,0.199896209,1.468510625,1.225491667,0.765933542
nrel/118bus_10_24_conical_hull_dirac_0.01,653657,10,24,conical_hull,dirac,unscaled,0.01,200.47012098065304,107.11246693196937,6.786363577851319,15.783484881587059,1.0944797798569772,10,1.0,1.0,0.0,0.0,0.1,0,0,667,2573,OPTIMAL,2.2848149594988506e6,0.0,2.284814959498885e6,0.0,0.0,182430,389445,OPTIMAL,2.4868003143142667e6,0.0,2.486800314319816e6,0.0,0.0,6053205,13003230,0.0,0.0,0.009462666,2.142213667,1.041E-03,1.248251708,1.025986792,0.765933542
nrel/118bus_10_24_conical_hull_convex_0.01,653657,10,24,conical_hull,convex,unscaled,0.01,145.84921071932237,107.11246693196937,6.786363577851319,15.783484881587059,1.0944797798569772,10,1.0,1.0000000000000002,0.0,0.0,0.5298630136986301,55191,261,667,2573,OPTIMAL,2.3893080577980634e6,0.0,2.389308057798009e6,0.0,0.0,182430,389445,OPTIMAL,2.4618860062937145e6,0.0,2.4618860063004796e6,0.0,0.0,6053205,13003230,0.0,0.0,0.009208292,0.802833458,0.03069675,1.4039435,1.121231792,0.765933542
nrel/118bus_10_24_conical_hull_conical_0.01,653657,10,24,conical_hull,conical,unscaled,0.01,138.98882844294124,107.11246693196937,6.786363577851319,15.783484881587059,1.0944797798569772,10,1.0541855298979002,1.2090114886140122,0.8054794520547945,0.16712328767123288,0.5893150684931507,59452,226,667,2573,OPTIMAL,2.5357913781270995e6,0.0,2.5357913781271297e6,0.0,0.0,182430,389445,OPTIMAL,2.4599370578045216e6,0.0,2.4599370578113473e6,0.0,0.0,6053205,13003230,0.0,0.0,0.009140541,0.809201583,0.025807375,1.321836708,1.208870791,0.765933542
nrel/118bus_10_24_conical_hull_conical_bounded_0.01,653657,10,24,conical_hull,conical_bounded,unscaled,0.01,145.8112651989449,107.11246693196937,6.786363577851319,15.783484881587059,1.0944797798569772,10,0.9939929383067272,1.0000000000000002,0.0,0.3589041095890411,0.5284931506849315,55258,261,667,2573,OPTIMAL,2.375220831864803e6,0.0,2.3752208318649074e6,0.0,0.0,182430,389445,OPTIMAL,2.4619237510894043e6,0.0,2.461923751096153e6,0.0,0.0,6053205,13003230,0.0,0.0,0.009331625,2.145533375,0.0515195,1.318945125,1.218546708,0.765933542
nrel/118bus_20_24_k_means_dirac_0.01,653657,20,24,k_means,dirac,unscaled,0.01,111.05067063964496,161.50017266576617,1.1512615790269896,140.28104091014754,1.0415681186480379,20,1.0,1.0,0.0,0.0,0.05,0,0,0,0,OPTIMAL,2.4099534506404228e6,0.0,2.4099534506403073e6,0.0,0.0,348420,745995,OPTIMAL,2.4569921411960013e6,0.0,2.4569921412028098e6,0.0,0.0,6053205,13003230,0.0,0.0,0.009260917,0.474037542,1.542E-03,1.807439209,1.919347583,0.765933542
nrel/118bus_20_24_k_means_convex_0.01,653657,20,24,k_means,convex,unscaled,0.01,104.16991088911426,161.50017266576617,1.1512615790269896,140.28104091014754,1.0415681186480379,20,1.0,1.0000000000000002,0.0,0.0,0.16835616438356166,127757,922,0,0,OPTIMAL,2.3656489671274964e6,0.0,2.3656489671275034e6,0.0,0.0,348420,745995,OPTIMAL,2.4523245134590208e6,0.0,2.4523245134660783e6,0.0,0.0,6053205,13003230,0.0,0.0,0.009427416,0.554456417,0.127786083,2.77298025,2.967148625,0.765933542
nrel/118bus_20_24_k_means_conical_0.01,653657,20,24,k_means,conical,unscaled,0.01,100.8370496126837,161.50017266576617,1.1512615790269896,140.28104091014754,1.0415681186480379,20,1.0056980326797489,1.0973975531811602,0.6054794520547945,0.39452054794520547,0.16726027397260274,130741,943,0,0,OPTIMAL,2.378857174760051e6,0.0,2.3788571747601777e6,0.0,0.0,348420,745995,OPTIMAL,2.4515544660346736e6,0.0,2.451554466041734e6,0.0,0.0,6053205,13003230,0.0,0.0,0.009235458,0.744230959,0.060062041,2.025814459,2.579240458,0.765933542
nrel/118bus_20_24_k_means_conical_bounded_0.01,653657,20,24,k_means,conical_bounded,unscaled,0.01,102.85139424975972,161.50017266576617,1.1512615790269896,140.28104091014754,1.0415681186480379,20,0.9852479477073032,1.0000000000000002,0.0,0.4931506849315068,0.16246575342465752,124203,1034,0,0,OPTIMAL,2.327831511340873e6,0.0,2.3278315113408533e6,0.0,0.0,348420,745995,OPTIMAL,2.4521295827504206e6,0.0,2.4521295827575116e6,0.0,0.0,6053205,13003230,0.0,0.0,0.009252042,0.529317917,0.122865708,2.964923,2.719806459,0.765933542
nrel/118bus_20_24_k_medoids_dirac_0.01,653657,20,24,k_medoids,dirac,unscaled,0.01,134.72869875410717,162.00643704311244,1.9804793386879769,81.80162947341732,1.0600250117293941,20,1.0,1.0,0.0,0.0,0.05,0,0,0,0,OPTIMAL,2.453264158035839e6,0.0,2.4532641580359596e6,0.0,0.0,348420,745995,OPTIMAL,2.4642153374406616e6,0.0,2.464215337447513e6,0.0,0.0,6053205,13003230,0.0,0.0,0.009236,0.519500125,1.917E-03,1.936797167,2.867430708,0.765933542
nrel/118bus_20_24_k_medoids_convex_0.01,653657,20,24,k_medoids,convex,unscaled,0.01,110.66780454742282,162.00643704311244,1.9804793386879769,81.80162947341732,1.0600250117293941,20,1.0,1.0000000000000004,0.0,0.0,0.27657534246575344,137802,780,0,0,OPTIMAL,2.3607144450072176e6,0.0,2.360714445007172e6,0.0,0.0,348420,745995,OPTIMAL,2.4511393940361934e6,0.0,2.4511393940432603e6,0.0,0.0,6053205,13003230,0.0,0.0,0.009115291,0.532277167,0.10014625,1.952034334,3.051629416,0.765933542
nrel/118bus_20_24_k_medoids_conical_0.01,653657,20,24,k_medoids,conical,unscaled,0.01,107.06314369304201,162.00643704311244,1.9804793386879769,81.80162947341732,1.0600250117293941,20,1.003418017184844,1.1283157914170088,0.5287671232876713,0.41643835616438357,0.2856164383561644,140780,868,0,0,OPTIMAL,2.383098462740499e6,0.0,2.3830984627406048e6,0.0,0.0,348420,745995,OPTIMAL,2.449345717957642e6,0.0,2.449345717964752e6,0.0,0.0,6053205,13003230,0.0,0.0,0.009264125,0.540260125,0.272797,3.053575875,2.85753625,0.765933542
nrel/118bus_20_24_k_medoids_conical_bounded_0.01,653657,20,24,k_medoids,conical_bounded,unscaled,0.01,109.38728872299426,162.00643704311244,1.9804793386879769,81.80162947341732,1.0600250117293941,20,0.9826197757026948,1.0000000000000002,0.0,0.5808219178082191,0.2721917808219178,138510,806,0,0,OPTIMAL,2.317727903483045e6,0.0,2.317727903482978e6,0.0,0.0,348420,745995,OPTIMAL,2.4509851349900714e6,0.0,2.450985134997113e6,0.0,0.0,6053205,13003230,0.0,0.0,0.009305375,0.583514375,0.136347791,2.787406083,2.995061,0.765933542
nrel/118bus_20_24_hierarchical_dirac_0.01,653657,20,24,hierarchical,dirac,unscaled,0.01,135.66097434039807,166.0009339813398,2.1698551529761807,76.5032328326858,1.047857964015007,20,1.0,1.0,0.0,0.0,0.05,0,0,0,0,OPTIMAL,2.448663804004733e6,0.0,2.448663804004753e6,0.0,0.0,348420,745995,OPTIMAL,2.5346584716755003e6,0.0,2.534658471681468e6,0.0,0.0,6053205,13003230,0.0,0.0,0.009109125,0.526261666,1.959E-03,2.793160209,1.738567917,0.765933542
nrel/118bus_20_24_hierarchical_convex_0.01,653657,20,24,hierarchical,convex,unscaled,0.01,111.25687323875034,166.0009339813398,2.1698551529761807,76.5032328326858,1.047857964015007,20,1.0,1.0000000000000004,0.0,0.0,0.2710958904109589,153113,763,0,0,OPTIMAL,2.3610769884457723e6,0.0,2.361076988445874e6,0.0,0.0,348420,745995,OPTIMAL,2.4524935095049883e6,0.0,2.4524935095118913e6,0.0,0.0,6053205,13003230,0.0,0.0,0.00923225,0.601272917,0.137257833,2.012866792,2.73623575,0.765933542
nrel/118bus_20_24_hierarchical_conical_0.01,653657,20,24,hierarchical,conical,unscaled,0.01,108.28373338120122,166.0009339813398,2.1698551529761807,76.5032328326858,1.047857964015007,20,0.9946933353211383,1.0897179778236954,0.4520547945205479,0.4931506849315068,0.27150684931506847,155984,798,0,0,OPTIMAL,2.3509733891223078e6,0.0,2.350973389122125e6,0.0,0.0,348420,745995,OPTIMAL,2.452206370278876e6,0.0,2.452206370285799e6,0.0,0.0,6053205,13003230,0.0,0.0,0.009118625,0.511493375,0.067123875,3.022993041,2.700064583,0.765933542
nrel/118bus_20_24_hierarchical_conical_bounded_0.01,653657,20,24,hierarchical,conical_bounded,unscaled,0.01,109.57119189668786,166.0009339813398,2.1698551529761807,76.5032328326858,1.047857964015007,20,0.9792068839241381,1.0000000000000002,0.0,0.6109589041095891,0.2654794520547945,153154,801,0,0,OPTIMAL,2.3184623425553967e6,0.0,2.3184623425553185e6,0.0,0.0,348420,745995,OPTIMAL,2.4525624950612304e6,0.0,2.452562495068102e6,0.0,0.0,6053205,13003230,0.0,0.0,0.009196916,0.545180958,1.238379667,2.057189375,2.891205708,0.765933542
nrel/118bus_20_24_chronological_dirac_0.01,653657,20,24,chronological,dirac,unscaled,0.01,147.45338541388804,167.46389202952903,2.0282484015087494,82.5657704968277,1.0400913099703892,20,1.0,1.0,0.0,0.0,0.05,0,0,0,0,OPTIMAL,2.572222668923686e6,0.0,2.5722226689235102e6,0.0,0.0,348420,745995,OPTIMAL,2.4748323804511293e6,0.0,2.474832380457893e6,0.0,0.0,6053205,13003230,0.0,0.0,0.009382209,0.516499958,1.791E-03,1.966484416,2.553653417,0.765933542
nrel/118bus_20_24_chronological_convex_0.01,653657,20,24,chronological,convex,unscaled,0.01,122.77274035704068,167.46389202952903,2.0282484015087494,82.5657704968277,1.0400913099703892,20,1.0,1.0000000000000002,0.0,0.0,0.2595890410958904,172703,826,0,0,OPTIMAL,2.50431736507389e6,0.0,2.504317365073885e6,0.0,0.0,348420,745995,OPTIMAL,2.4536331847011168e6,0.0,2.4536331847082614e6,0.0,0.0,6053205,13003230,0.0,0.0,0.00916125,1.686671959,0.453659625,1.801950916,2.593440084,0.765933542
nrel/118bus_20_24_chronological_conical_0.01,653657,20,24,chronological,conical,unscaled,0.01,117.59379284672275,167.46389202952903,2.0282484015087494,82.5657704968277,1.0400913099703892,20,0.9784477247159863,1.1100261395244135,0.33424657534246577,0.6109589041095891,0.26246575342465756,174124,827,0,0,OPTIMAL,2.4231035220549535e6,0.0,2.423103522054973e6,0.0,0.0,348420,745995,OPTIMAL,2.450165350453417e6,0.0,2.45016535046067e6,0.0,0.0,6053205,13003230,0.0,0.0,0.009193,0.496530208,0.088620167,2.839301667,3.0260445,0.765933542
nrel/118bus_20_24_chronological_conical_bounded_0.01,653657,20,24,chronological,conical_bounded,unscaled,0.01,118.66185349198277,167.46389202952903,2.0282484015087494,82.5657704968277,1.0400913099703892,20,0.9675345836574433,1.0000000000000002,0.0,0.7041095890410959,0.2589041095890411,171735,784,0,0,OPTIMAL,2.382996026043582e6,0.0,2.382996026043616e6,0.0,0.0,348420,745995,OPTIMAL,2.4518342743019336e6,0.0,2.4518342743090848e6,0.0,0.0,6053205,13003230,0.0,0.0,0.009328416,0.497789375,1.256832459,2.166524875,2.683505208,0.765933542
nrel/118bus_20_24_convex_hull_dirac_0.01,653657,20,24,convex_hull,dirac,unscaled,0.01,170.73011287711475,160.72808976023936,4.204580690522818,38.22690098979969,1.0854699808366344,20,1.0,1.0,0.0,0.0,0.05,0,0,3025,3720,OPTIMAL,2.8858975266988995e6,0.0,2.885897526698889e6,0.0,0.0,348420,745995,OPTIMAL,2.4789378250393267e6,0.0,2.4789378250454487e6,0.0,0.0,6053205,13003230,0.0,0.0,0.009026542,2.560884125,1.0e-6,1.881337417,3.329032041,0.765933542
nrel/118bus_20_24_convex_hull_convex_0.01,653657,20,24,convex_hull,convex,unscaled,0.01,113.58311358232076,160.72808976023936,4.204580690522818,38.22690098979969,1.0854699808366344,20,1.0,1.0000000000000004,0.0,0.0,0.33465753424657535,108573,464,3025,3720,OPTIMAL,2.5753542387541607e6,0.0,2.5753542387540773e6,0.0,0.0,348420,745995,OPTIMAL,2.45286108378674e6,0.0,2.4528610837937864e6,0.0,0.0,6053205,13003230,0.0,0.0,0.009164125,2.600711416,0.1112425,1.894837875,2.872607083,0.765933542
nrel/118bus_20_24_convex_hull_conical_0.01,653657,20,24,convex_hull,conical,unscaled,0.01,111.67456206839421,160.72808976023936,4.204580690522818,38.22690098979969,1.0854699808366344,20,0.9955132722569352,1.1174248216257652,0.4520547945205479,0.4931506849315068,0.33013698630136984,110249,457,3025,3720,OPTIMAL,2.5624037894294574e6,0.0,2.562403789429485e6,0.0,0.0,348420,745995,OPTIMAL,2.4536496719090417e6,0.0,2.453649671915889e6,0.0,0.0,6053205,13003230,0.0,0.0,0.009175,1.218646958,0.066524417,1.923285,2.876718875,0.765933542
nrel/118bus_20_24_convex_hull_conical_bounded_0.01,653657,20,24,convex_hull,conical_bounded,unscaled,0.01,112.66683003026029,160.72808976023936,4.204580690522818,38.22690098979969,1.0854699808366344,20,0.9799259435948392,1.0000000000000002,0.0,0.6602739726027397,0.32602739726027397,109160,486,3025,3720,OPTIMAL,2.5359498861097735e6,0.0,2.5359498861096255e6,0.0,0.0,348420,745995,OPTIMAL,2.453161938545339e6,0.0,2.4531619385522916e6,0.0,0.0,6053205,13003230,0.0,0.0,0.009161541,2.597983709,0.096679458,1.927443291,2.8429315,0.765933542
nrel/118bus_20_24_convex_hull_with_null_dirac_0.01,653657,20,24,convex_hull_with_null,dirac,unscaled,0.01,176.40400857140196,161.10806088605378,4.159118762486404,38.73610495068916,1.085552325087417,20,1.0,1.0,0.0,0.0,0.05,0,0,3157,3953,OPTIMAL,2.796973246755836e6,0.0,2.7969732467558836e6,0.0,0.0,348420,745995,OPTIMAL,2.4989848418077435e6,0.0,2.498984841813138e6,0.0,0.0,6053205,13003230,0.0,0.0,0.009130208,1.250147084,2.792E-03,1.74371675,2.874610458,0.765933542
nrel/118bus_20_24_convex_hull_with_null_convex_0.01,653657,20,24,convex_hull_with_null,convex,unscaled,0.01,115.3982000743008,161.10806088605378,4.159118762486404,38.73610495068916,1.085552325087417,20,1.0,1.0000000000000002,0.0,0.0,0.3515068493150685,110252,658,3157,3953,OPTIMAL,2.6290885660573184e6,0.0,2.6290885660573966e6,0.0,0.0,348420,745995,OPTIMAL,2.4506427116135545e6,0.0,2.450642711620713e6,0.0,0.0,6053205,13003230,0.0,0.0,0.009087375,2.648145666,0.116246458,2.134100541,2.866818834,0.765933542
nrel/118bus_20_24_convex_hull_with_null_conical_0.01,653657,20,24,convex_hull_with_null,conical,unscaled,0.01,113.30824635689503,161.10806088605378,4.159118762486404,38.73610495068916,1.085552325087417,20,0.9875172626646748,1.0846383239906026,0.3835616438356164,0.5616438356164384,0.346027397260274,113334,545,3157,3953,OPTIMAL,2.6078299231202938e6,0.0,2.60782992312038e6,0.0,0.0,348420,745995,OPTIMAL,2.450661308195991e6,0.0,2.450661308203206e6,0.0,0.0,6053205,13003230,0.0,0.0,0.009147209,2.444528791,0.067359083,2.17766375,2.661080375,0.765933542
nrel/118bus_20_24_convex_hull_with_null_conical_bounded_0.01,653657,20,24,convex_hull_with_null,conical_bounded,unscaled,0.01,114.05011815308609,161.10806088605378,4.159118762486404,38.73610495068916,1.085552325087417,20,0.9756781659151946,1.0000000000000002,0.0,0.6575342465753424,0.3419178082191781,111412,516,3157,3953,OPTIMAL,2.5943844104042943e6,0.0,2.5943844104043744e6,0.0,0.0,348420,745995,OPTIMAL,2.4502674887249735e6,0.0,2.450267488732199e6,0.0,0.0,6053205,13003230,0.0,0.0,0.009144291,2.561177333,0.095565792,2.231738791,2.744830833,0.765933542
nrel/118bus_20_24_conical_hull_dirac_0.01,653657,20,24,conical_hull,dirac,unscaled,0.01,181.57351472623466,149.56097995343544,4.6010292129300465,32.505983559750405,1.0917436998144456,20,1.0,1.0,0.0,0.0,0.05,0,0,2627,4118,OPTIMAL,2.1854448734568367e6,0.0,2.1854448734568157e6,0.0,0.0,348420,745995,OPTIMAL,2.4850232931121597e6,0.0,2.485023293117739e6,0.0,0.0,6053205,13003230,0.0,0.0,0.009133958,2.536100125,1.333E-03,1.910939375,2.593304458,0.765933542
nrel/118bus_20_24_conical_hull_convex_0.01,653657,20,24,conical_hull,convex,unscaled,0.01,126.49479940373581,149.56097995343544,4.6010292129300465,32.505983559750405,1.0917436998144456,20,1.0,1.0000000000000002,0.0,0.0,0.3152054794520548,91665,408,2627,4118,OPTIMAL,2.2686641821339354e6,0.0,2.2686641821338516e6,0.0,0.0,348420,745995,OPTIMAL,2.461992716012823e6,0.0,2.4619927160195466e6,0.0,0.0,6053205,13003230,0.0,0.0,0.009217958,2.402622583,0.078707958,1.867561375,2.849524625,0.765933542
nrel/118bus_20_24_conical_hull_conical_0.01,653657,20,24,conical_hull,conical,unscaled,0.01,117.92791681495994,149.56097995343544,4.6010292129300465,32.505983559750405,1.0917436998144456,20,1.0558114995691095,1.2233222030420772,0.8136986301369863,0.13150684931506848,0.3589041095890411,99966,491,2627,4118,OPTIMAL,2.393815165320374e6,0.0,2.39381516532032e6,0.0,0.0,348420,745995,OPTIMAL,2.4603921296971687e6,0.0,2.4603921297039725e6,0.0,0.0,6053205,13003230,0.0,0.0,0.009302333,2.429417166,0.05760725,1.909803958,3.036100958,0.765933542
nrel/118bus_20_24_conical_hull_conical_bounded_0.01,653657,20,24,conical_hull,conical_bounded,unscaled,0.01,126.58630467310726,149.56097995343544,4.6010292129300465,32.505983559750405,1.0917436998144456,20,0.9944088149664128,1.0000000000000002,0.0,0.4,0.31465753424657533,92008,436,2627,4118,OPTIMAL,2.25650759094091e6,0.0,2.256507590940889e6,0.0,0.0,348420,745995,OPTIMAL,2.462204945316404e6,0.0,2.46220494532312e6,0.0,0.0,6053205,13003230,0.0,0.0,0.009148583,1.072955917,0.108604625,1.896121625,2.893868958,0.765933542
nrel/118bus_40_24_k_means_dirac_0.01,653657,40,24,k_means,dirac,unscaled,0.01,101.41208633557656,231.10423749189576,0.7855057087344663,294.21076756301284,1.0480191416100044,40,1.0,1.0,0.0,0.0,25,0,0,0,0,OPTIMAL,2.412738750028119e6,0.0,2.412738750027948e6,0.0,0.0,680400,1459095,OPTIMAL,2.454198111561339e6,0.0,2.4541981115683224e6,0.0,0.0,6053205,13003230,0.0,0.0,0.009094334,0.589846875,2.167E-03,4.301222,4.965603958,0.765933542
nrel/118bus_40_24_k_means_convex_0.01,653657,40,24,k_means,convex,unscaled,0.01,94.41921749048119,231.10423749189576,0.7855057087344663,294.21076756301284,1.0480191416100044,40,1.0,1.0000000000000002,0.0,0.0,0.10773972602739726,233093,1770,0,0,OPTIMAL,2.40147155249806e6,0.0,2.4014715524979536e6,0.0,0.0,680400,1459095,OPTIMAL,2.4494314632625384e6,0.0,2.4494314632695084e6,0.0,0.0,6053205,13003230,0.0,0.0,0.009287125,0.516201125,0.390276958,4.224176375,6.64996,0.765933542
nrel/118bus_40_24_k_means_conical_0.01,653657,40,24,k_means,conical,unscaled,0.01,91.56597336254266,231.10423749189576,0.7855057087344663,294.21076756301284,1.0480191416100044,40,1.0047126518751934,1.1184516866681176,0.5917808219178082,0.39452054794520547,0.10979452054794521,236617,1562,0,0,OPTIMAL,2.4212129244298204e6,0.0,2.421212924429842e6,0.0,0.0,680400,1459095,OPTIMAL,2.4481386416720976e6,0.0,2.4481386416791407e6,0.0,0.0,6053205,13003230,0.0,0.0,0.009418166,0.51585725,1.558335166,3.436450583,6.39926825,0.765933542
nrel/118bus_40_24_k_means_conical_bounded_0.01,653657,40,24,k_means,conical_bounded,unscaled,0.01,93.52787582370969,231.10423749189576,0.7855057087344663,294.21076756301284,1.0480191416100044,40,0.9852924123535545,1.0000000000000002,0.0,0.6191780821917808,0.1052054794520548,233687,1770,0,0,OPTIMAL,2.36648554748919e6,0.0,2.3664855474891155e6,0.0,0.0,680400,1459095,OPTIMAL,2.44938190047078e6,0.0,2.449381900477797e6,0.0,0.0,6053205,13003230,0.0,0.0,0.009229917,0.529422625,1.728719,3.451293375,6.844327417,0.765933542
nrel/118bus_40_24_k_medoids_dirac_0.01,653657,40,24,k_medoids,dirac,unscaled,0.01,124.01435194751404,230.7778098595942,1.5124919098026466,152.5811862952091,1.060785766262962,40,1.0,1.0,0.0,0.0,25,0,0,0,0,OPTIMAL,2.46404836348403e6,0.0,2.4640483634839538e6,0.0,0.0,680400,1459095,OPTIMAL,2.4598002239460154e6,0.0,2.4598002239530147e6,0.0,0.0,6053205,13003230,0.0,0.0,0.00950575,0.602235583,1.917E-03,4.39182825,4.49201825,0.765933542
nrel/118bus_40_24_k_medoids_convex_0.01,653657,40,24,k_medoids,convex,unscaled,0.01,98.62925032591096,230.7778098595942,1.5124919098026466,152.5811862952091,1.060785766262962,40,1.0,1.0000000000000004,0.0,0.0,0.16315068493150686,212694,1042,0,0,OPTIMAL,2.4135755567248943e6,0.0,2.4135755567250038e6,0.0,0.0,680400,1459095,OPTIMAL,2.447511281786872e6,0.0,2.447511281793961e6,0.0,0.0,6053205,13003230,0.0,0.0,0.009298375,0.505985833,0.374410791,3.212959,8.481156833,0.765933542
nrel/118bus_40_24_k_medoids_conical_0.01,653657,40,24,k_medoids,conical,unscaled,0.01,95.3758685476234,230.7778098595942,1.5124919098026466,152.5811862952091,1.060785766262962,40,1.0064956345620972,1.1336611755876376,0.5315068493150685,0.3589041095890411,0.1728767123287671,218544,1122,0,0,OPTIMAL,2.434001505025246e6,0.0,2.4340015050252317e6,0.0,0.0,680400,1459095,OPTIMAL,2.4467742747905697e6,0.0,2.446774274797769e6,0.0,0.0,6053205,13003230,0.0,0.0,0.009173959,0.523059875,1.315513667,3.532113084,7.6880435,0.765933542
nrel/118bus_40_24_k_medoids_conical_bounded_0.01,653657,40,24,k_medoids,conical_bounded,unscaled,0.01,97.81617635476601,230.7778098595942,1.5124919098026466,152.5811862952091,1.060785766262962,40,0.9846619048279311,1.0000000000000002,0.0,0.6191780821917808,0.1619178082191781,214677,1119,0,0,OPTIMAL,2.379941265765806e6,0.0,2.3799412657658993e6,0.0,0.0,680400,1459095,OPTIMAL,2.447619786802174e6,0.0,2.447619786809271e6,0.0,0.0,6053205,13003230,0.0,0.0,0.009182791,0.566624667,1.544666541,3.522915541,7.349450333,0.765933542
nrel/118bus_40_24_hierarchical_dirac_0.01,653657,40,24,hierarchical,dirac,unscaled,0.01,124.97018852894111,227.60611906419746,1.7640881758824827,129.02196283376696,1.0605386397500922,40,1.0,1.0,0.0,0.0,25,0,0,0,0,OPTIMAL,2.4367230483008283e6,0.0,2.436723048300915e6,0.0,0.0,680400,1459095,OPTIMAL,2.4607326039296463e6,0.0,2.4607326039366317e6,0.0,0.0,6053205,13003230,0.0,0.0,0.009118792,0.504419833,1.916E-03,4.15496,4.434584041,0.765933542
nrel/118bus_40_24_hierarchical_convex_0.01,653657,40,24,hierarchical,convex,unscaled,0.01,96.92565642064548,227.60611906419746,1.7640881758824827,129.02196283376696,1.0605386397500922,40,1.0,1.0000000000000002,0.0,0.0,0.1645890410958904,211952,1119,0,0,OPTIMAL,2.41848802704775e6,0.0,2.418488027047612e6,0.0,0.0,680400,1459095,OPTIMAL,2.4479802597586247e6,0.0,2.4479802597657004e6,0.0,0.0,6053205,13003230,0.0,0.0,0.009284625,0.5876695,0.361870958,2.992315791,8.219012625,0.765933542
nrel/118bus_40_24_hierarchical_conical_0.01,653657,40,24,hierarchical,conical,unscaled,0.01,94.32622729557245,227.60611906419746,1.7640881758824827,129.02196283376696,1.0605386397500922,40,1.0047025608857358,1.117343217726413,0.4958904109589041,0.39452054794520547,0.17164383561643837,219513,1171,0,0,OPTIMAL,2.429842149953567e6,0.0,2.4298421499537257e6,0.0,0.0,680400,1459095,OPTIMAL,2.4471497135539996e6,0.0,2.447149713561093e6,0.0,0.0,6053205,13003230,0.0,0.0,0.009077417,0.525887375,0.229371625,4.089291542,7.35265025,0.765933542
nrel/118bus_40_24_hierarchical_conical_bounded_0.01,653657,40,24,hierarchical,conical_bounded,unscaled,0.01,96.3562706271365,227.60611906419746,1.7640881758824827,129.02196283376696,1.0605386397500922,40,0.9849932428473428,1.0000000000000002,0.0,0.6712328767123288,0.16157534246575342,214625,1110,0,0,OPTIMAL,2.3838226226309193e6,0.0,2.383822622630973e6,0.0,0.0,680400,1459095,OPTIMAL,2.448130129251051e6,0.0,2.4481301292581353e6,0.0,0.0,6053205,13003230,0.0,0.0,0.00940725,0.491401542,1.509637708,3.137447708,7.2032885,0.765933542
nrel/118bus_40_24_chronological_dirac_0.01,653657,40,24,chronological,dirac,unscaled,0.01,142.7162795268989,236.18193038719664,1.381433279789046,170.96875675621712,1.0426094081028499,40,1.0,1.0,0.0,0.0,25,0,0,0,0,OPTIMAL,2.556776104856396e6,0.0,2.5567761048562815e6,0.0,0.0,680400,1459095,OPTIMAL,2.4700497963133836e6,0.0,2.470049796320133e6,0.0,0.0,6053205,13003230,0.0,0.0,0.009141458,0.504263709,1.791E-03,4.134339208,4.133544584,0.765933542
nrel/118bus_40_24_chronological_convex_0.01,653657,40,24,chronological,convex,unscaled,0.01,110.64351402673343,236.18193038719664,1.381433279789046,170.96875675621712,1.0426094081028499,40,1.0,1.0000000000000002,0.0,0.0,0.15020547945205479,245790,1522,0,0,OPTIMAL,2.4928398124704915e6,0.0,2.4928398124705125e6,0.0,0.0,680400,1459095,OPTIMAL,2.4492632476546965e6,0.0,2.449263247661799e6,0.0,0.0,6053205,13003230,0.0,0.0,0.009258875,0.552078292,0.382209833,4.103644833,8.071827,0.765933542
nrel/118bus_40_24_chronological_conical_0.01,653657,40,24,chronological,conical,unscaled,0.01,107.2811253519378,236.18193038719664,1.381433279789046,170.96875675621712,1.0426094081028499,40,0.9822592997710583,1.0881299856044264,0.32602739726027397,0.5643835616438356,0.15109589041095892,252210,1309,0,0,OPTIMAL,2.443803962704811e6,0.0,2.4438039627046296e6,0.0,0.0,680400,1459095,OPTIMAL,2.4482113183654216e6,0.0,2.448211318372549e6,0.0,0.0,6053205,13003230,0.0,0.0,0.0096615,0.621253667,0.361066583,4.195326584,7.603234458,0.765933542
nrel/118bus_40_24_chronological_conical_bounded_0.01,653657,40,24,chronological,conical_bounded,unscaled,0.01,108.04924273445845,236.18193038719664,1.381433279789046,170.96875675621712,1.0426094081028499,40,0.9728615802724987,1.0000000000000002,0.0,0.6876712328767123,0.14773972602739727,249727,1522,0,0,OPTIMAL,2.4172182765170005e6,0.0,2.4172182765170825e6,0.0,0.0,680400,1459095,OPTIMAL,2.4489779495179383e6,0.0,2.448977949525029e6,0.0,0.0,6053205,13003230,0.0,0.0,0.009143459,0.497437125,0.41994725,4.258145791,6.634717333,0.765933542
nrel/118bus_40_24_convex_hull_dirac_0.01,653657,40,24,convex_hull,dirac,unscaled,0.01,154.51689868754465,223.4633900790177,2.655819711056185,84.14102401181034,1.081525184110448,40,1.0,1.0,0.0,0.0,25,0,0,7734,5721,OPTIMAL,2.8193399642064697e6,0.0,2.8193399642067193e6,0.0,0.0,680400,1459095,OPTIMAL,2.4710851835109773e6,0.0,2.4710851835172637e6,0.0,0.0,6053205,13003230,0.0,0.0,0.009079958,3.976282041,4.58e-7,2.974543417,5.849805375,0.765933542
nrel/118bus_40_24_convex_hull_convex_0.01,653657,40,24,convex_hull,convex,unscaled,0.01,98.6786711181127,223.4633900790177,2.655819711056185,84.14102401181034,1.081525184110448,40,1.0,1.0000000000000004,0.0,0.0,0.1934931506849315,167520,796,7734,5721,OPTIMAL,2.6236263598839347e6,0.0,2.623626359884052e6,0.0,0.0,680400,1459095,OPTIMAL,2.450877595115317e6,0.0,2.4508775951221604e6,0.0,0.0,6053205,13003230,0.0,0.0,0.009256458,3.962229916,0.273170666,3.315439417,7.116314084,0.765933542
nrel/118bus_40_24_convex_hull_conical_0.01,653657,40,24,convex_hull,conical,unscaled,0.01,96.89686094546485,223.4633900790177,2.655819711056185,84.14102401181034,1.081525184110448,40,0.9973396396185954,1.1136002413186705,0.41643835616438357,0.473972602739726,0.1932876712328767,173883,855,7734,5721,OPTIMAL,2.607829227569515e6,0.0,2.607829227569705e6,0.0,0.0,680400,1459095,OPTIMAL,2.4512873297517784e6,0.0,2.4512873297585556e6,0.0,0.0,6053205,13003230,0.0,0.0,0.009078041,3.718237917,0.169358334,3.558817542,8.557297083,0.765933542
nrel/118bus_40_24_convex_hull_conical_bounded_0.01,653657,40,24,convex_hull,conical_bounded,unscaled,0.01,98.02366839543251,223.4633900790177,2.655819711056185,84.14102401181034,1.081525184110448,40,0.9816473490584627,1.0000000000000002,0.0,0.6684931506849315,0.18746575342465754,167821,788,7734,5721,OPTIMAL,2.5872640961440024e6,0.0,2.5872640961440536e6,0.0,0.0,680400,1459095,OPTIMAL,2.4515530031478615e6,0.0,2.4515530031546666e6,0.0,0.0,6053205,13003230,0.0,0.0,0.009137709,3.975641875,0.291236542,3.2042515,6.7291185,0.765933542
nrel/118bus_40_24_convex_hull_with_null_dirac_0.01,653657,40,24,convex_hull_with_null,dirac,unscaled,0.01,158.0676633883084,222.09680464176,2.833833765935174,78.37326497818313,1.0815587530755182,40,1.0,1.0,0.0,0.0,25,0,0,8214,5606,OPTIMAL,2.6757005578314634e6,0.0,2.675700557831738e6,0.0,0.0,680400,1459095,OPTIMAL,2.492952515729297e6,0.0,2.49295251573459e6,0.0,0.0,6053205,13003230,0.0,0.0,0.009196959,3.712720958,8.25e-6,3.202496834,5.663736,0.765933542
nrel/118bus_40_24_convex_hull_with_null_convex_0.01,653657,40,24,convex_hull_with_null,convex,unscaled,0.01,101.00896363677082,222.09680464176,2.833833765935174,78.37326497818313,1.0815587530755182,40,1.0,1.0000000000000002,0.0,0.0,0.198013698630137,160833,758,8214,5606,OPTIMAL,2.5999350039378637e6,0.0,2.5999350039376854e6,0.0,0.0,680400,1459095,OPTIMAL,2.454708117369532e6,0.0,2.4547081173765613e6,0.0,0.0,6053205,13003230,0.0,0.0,0.009486875,3.595623292,0.236061417,3.37764575,8.644410125,0.765933542
nrel/118bus_40_24_convex_hull_with_null_conical_0.01,653657,40,24,convex_hull_with_null,conical,unscaled,0.01,99.08961678110825,222.09680464176,2.833833765935174,78.37326497818313,1.0815587530755182,40,0.9938357539588792,1.091774598532438,0.4054794520547945,0.4849315068493151,0.19547945205479453,165233,822,8214,5606,OPTIMAL,2.5853210393270794e6,0.0,2.5853210393271786e6,0.0,0.0,680400,1459095,OPTIMAL,2.4550400729633463e6,0.0,2.455040072970299e6,0.0,0.0,6053205,13003230,0.0,0.0,0.009147,3.691202583,0.169375417,3.393431208,6.96923825,0.765933542
nrel/118bus_40_24_convex_hull_with_null_conical_bounded_0.01,653657,40,24,convex_hull_with_null,conical_bounded,unscaled,0.01,100.11704518217658,222.09680464176,2.833833765935174,78.37326497818313,1.0815587530755182,40,0.9801692287450386,1.0000000000000002,0.0,0.6958904109589041,0.1915068493150685,160744,819,8214,5606,OPTIMAL,2.5697922856917917e6,0.0,2.5697922856918033e6,0.0,0.0,680400,1459095,OPTIMAL,2.4547922159263548e6,0.0,2.454792215933292e6,0.0,0.0,6053205,13003230,0.0,0.0,0.00921475,3.815999167,0.271247458,3.312880083,6.734402209,0.765933542
nrel/118bus_40_24_conical_hull_dirac_0.01,653657,40,24,conical_hull,dirac,unscaled,0.01,167.28946114755132,211.28486434043862,3.014391875330563,70.09203616476334,1.083157177209324,40,1.0,1.0,0.0,0.0,25,0,0,7432,6023,OPTIMAL,2.2926138302900717e6,0.0,2.2926138302903636e6,0.0,0.0,680400,1459095,OPTIMAL,2.468492258355079e6,0.0,2.4684922583612003e6,0.0,0.0,6053205,13003230,0.0,0.0,0.009201209,3.039979042,1.917E-03,3.051006625,5.752081042,0.765933542
nrel/118bus_40_24_conical_hull_convex_0.01,653657,40,24,conical_hull,convex,unscaled,0.01,115.91828669719784,211.28486434043862,3.014391875330563,70.09203616476334,1.083157177209324,40,1.0,1.0000000000000002,0.0,0.0,0.18253424657534248,149306,870,7432,6023,OPTIMAL,2.3017553305150373e6,0.0,2.301755330514963e6,0.0,0.0,680400,1459095,OPTIMAL,2.458389599079435e6,0.0,2.45838959908625e6,0.0,0.0,6053205,13003230,0.0,0.0,0.00954875,1.65996775,0.261864875,2.980348708,8.124745667,0.765933542
nrel/118bus_40_24_conical_hull_conical_0.01,653657,40,24,conical_hull,conical,unscaled,0.01,105.93143195372782,211.28486434043862,3.014391875330563,70.09203616476334,1.083157177209324,40,1.0591405116981485,1.2296435530008367,0.7835616438356164,0.10684931506849316,0.2086986301369863,159009,815,7432,6023,OPTIMAL,2.4569863469864777e6,0.0,2.4569863469863785e6,0.0,0.0,680400,1459095,OPTIMAL,2.4545928722701245e6,0.0,2.4545928722771564e6,0.0,0.0,6053205,13003230,0.0,0.0,0.009202542,2.967969417,0.378327333,3.179355208,8.408184292,0.765933542
nrel/118bus_40_24_conical_hull_conical_bounded_0.01,653657,40,24,conical_hull,conical_bounded,unscaled,0.01,116.56245231938175,211.28486434043862,3.014391875330563,70.09203616476334,1.083157177209324,40,0.9939892668952961,1.0000000000000002,0.0,0.5232876712328767,0.1815068493150685,148435,870,7432,6023,OPTIMAL,2.286432149489644e6,0.0,2.2864321494896337e6,0.0,0.0,680400,1459095,OPTIMAL,2.45850345024791e6,0.0,2.4585034502547015e6,0.0,0.0,6053205,13003230,0.0,0.0,0.009072542,2.960024583,0.232169167,3.403487125,8.741644625,0.765933542
nrel/118bus_80_24_k_means_dirac_0.01,653657,80,24,k_means,dirac,unscaled,0.01,87.40501436325025,325.2625694037513,0.6083736850860034,534.6427325464779,1.0532602519579601,80,1.0,1.0,0.0,0.0,0.0125,0,0,0,0,OPTIMAL,2.4189354206192247e6,0.0,2.418935420619687e6,0.0,0.0,1344360,2885295,OPTIMAL,2.4504868792393124e6,0.0,2.450486879246351e6,0.0,0.0,6053205,13003230,0.0,0.0,0.009172416,0.481642792,1.917E-03,6.842262417,10.785824667,0.765933542
nrel/118bus_80_24_k_means_convex_0.01,653657,80,24,k_means,convex,unscaled,0.01,80.15885222930108,325.2625694037513,0.6083736850860034,534.6427325464779,1.0532602519579601,80,1.0,1.0000000000000002,0.0,0.0,0.0625,325174,2060,0,0,OPTIMAL,2.4142827619015155e6,0.0,2.414282761901472e6,0.0,0.0,1344360,2885295,OPTIMAL,2.44629746851486e6,0.0,2.4462974685218767e6,0.0,0.0,6053205,13003230,0.0,0.0,0.009265417,0.599276,2.61991525,6.031373791,25.538997792,0.765933542
nrel/118bus_80_24_k_means_conical_0.01,653657,80,24,k_means,conical,unscaled,0.01,78.13353663702321,325.2625694037513,0.6083736850860034,534.6427325464779,1.0532602519579601,80,1.003610716719128,1.0937667034478602,0.5561643835616439,0.3972602739726027,0.06400684931506849,331769,2045,0,0,OPTIMAL,2.4177668331830273e6,0.0,2.417766833182797e6,0.0,0.0,1344360,2885295,OPTIMAL,2.4462098395037437e6,0.0,2.446209839510827e6,0.0,0.0,6053205,13003230,0.0,0.0,0.009061958,0.5484305,0.688885,7.396467917,17.769460667,0.765933542
nrel/118bus_80_24_k_means_conical_bounded_0.01,653657,80,24,k_means,conical_bounded,unscaled,0.01,79.75083864637145,325.2625694037513,0.6083736850860034,534.6427325464779,1.0532602519579601,80,0.9873862634131,1.0000000000000002,0.0,0.6767123287671233,0.060616438356164384,327035,2063,0,0,OPTIMAL,2.382593414596138e6,0.0,2.3825934145962168e6,0.0,0.0,1344360,2885295,OPTIMAL,2.446305171643843e6,0.0,2.4463051716509005e6,0.0,0.0,6053205,13003230,0.0,0.0,0.009286667,0.589317917,2.589353166,5.744435333,18.843765208,0.765933542
nrel/118bus_80_24_k_medoids_dirac_0.01,653657,80,24,k_medoids,dirac,unscaled,0.01,111.10096584637698,327.3074614208135,1.1178510184429586,292.8006111912088,1.0598245897762755,80,1.0,1.0,0.0,0.0,0.0125,0,0,0,0,OPTIMAL,2.4574082089084657e6,0.0,2.457408208909017e6,0.0,0.0,1344360,2885295,OPTIMAL,2.452867089893208e6,0.0,2.452867089900505e6,0.0,0.0,6053205,13003230,0.0,0.0,0.009170875,0.527966292,1.708E-03,7.026367458,10.713925083,0.765933542
nrel/118bus_80_24_k_medoids_convex_0.01,653657,80,24,k_medoids,convex,unscaled,0.01,84.85358587869281,327.3074614208135,1.1178510184429586,292.8006111912088,1.0598245897762755,80,1.0,1.0000000000000004,0.0,0.0,0.08962328767123287,297211,2114,0,0,OPTIMAL,2.417176052155072e6,0.0,2.4171760521552395e6,0.0,0.0,1344360,2885295,OPTIMAL,2.444849980051887e6,0.0,2.4448499800591324e6,0.0,0.0,6053205,13003230,0.0,0.0,0.009135167,0.564032583,1.086064334,7.743212625,21.099292167,0.765933542
nrel/118bus_80_24_k_medoids_conical_0.01,653657,80,24,k_medoids,conical,unscaled,0.01,82.76496642622423,327.3074614208135,1.1178510184429586,292.8006111912088,1.0598245897762755,80,1.0025915178409521,1.1367657837327423,0.41643835616438357,0.3643835616438356,0.09041095890410959,305657,1796,0,0,OPTIMAL,2.4250973301293557e6,0.0,2.425097330129267e6,0.0,0.0,1344360,2885295,OPTIMAL,2.445044735187054e6,0.0,2.445044735194329e6,0.0,0.0,6053205,13003230,0.0,0.0,0.009049167,0.539049167,2.121421875,6.088261041,21.896695583,0.765933542
nrel/118bus_80_24_k_medoids_conical_bounded_0.01,653657,80,24,k_medoids,conical_bounded,unscaled,0.01,84.54989659474106,327.3074614208135,1.1178510184429586,292.8006111912088,1.0598245897762755,80,0.986193934450448,1.0000000000000004,0.0,0.6109589041095891,0.08691780821917808,300201,2114,0,0,OPTIMAL,2.389706878841381e6,0.0,2.3897068788414677e6,0.0,0.0,1344360,2885295,OPTIMAL,2.445116640787405e6,0.0,2.445116640794644e6,0.0,0.0,6053205,13003230,0.0,0.0,0.009501125,0.493872083,1.129506917,7.5969295,22.865522666,0.765933542
nrel/118bus_80_24_hierarchical_dirac_0.01,653657,80,24,hierarchical,dirac,unscaled,0.01,108.06255844185605,319.8417976399709,1.1806713014094425,270.8982569985019,1.0642944574082613,80,1.0,1.0,0.0,0.0,0.0125,0,0,0,0,OPTIMAL,2.4897435255343625e6,0.0,2.4897435255350894e6,0.0,0.0,1344360,2885295,OPTIMAL,2.4507064780105646e6,0.0,2.450706478017959e6,0.0,0.0,6053205,13003230,0.0,0.0,0.009125584,0.503753458,1.708E-03,7.586087458,10.56235575,0.765933542
nrel/118bus_80_24_hierarchical_convex_0.01,653657,80,24,hierarchical,convex,unscaled,0.01,81.83596617031839,319.8417976399709,1.1806713014094425,270.8982569985019,1.0642944574082613,80,1.0,1.0000000000000004,0.0,0.0,0.08777397260273972,289896,1622,0,0,OPTIMAL,2.455514425895962e6,0.0,2.4555144258958506e6,0.0,0.0,1344360,2885295,OPTIMAL,2.4450243895184025e6,0.0,2.4450243895258037e6,0.0,0.0,6053205,13003230,0.0,0.0,0.009655917,0.544045542,1.058656875,7.258187792,19.327104167,0.765933542
nrel/118bus_80_24_hierarchical_conical_0.01,653657,80,24,hierarchical,conical,unscaled,0.01,79.76749114968827,319.8417976399709,1.1806713014094425,270.8982569985019,1.0642944574082613,80,1.004646752152505,1.1036657833082402,0.4438356164383562,0.336986301369863,0.09044520547945205,297744,2051,0,0,OPTIMAL,2.4648403049698146e6,0.0,2.4648403049697177e6,0.0,0.0,1344360,2885295,OPTIMAL,2.4450491601966405e6,0.0,2.4450491602040604e6,0.0,0.0,6053205,13003230,0.0,0.0,0.009452166,0.522220875,0.622241167,7.228077083,19.376576458,0.765933542
nrel/118bus_80_24_hierarchical_conical_bounded_0.01,653657,80,24,hierarchical,conical_bounded,unscaled,0.01,81.59059828489497,319.8417976399709,1.1806713014094425,270.8982569985019,1.0642944574082613,80,0.98842335592245,1.0000000000000002,0.0,0.5671232876712329,0.08633561643835616,290595,1767,0,0,OPTIMAL,2.4311161715790294e6,0.0,2.431116171578963e6,0.0,0.0,1344360,2885295,OPTIMAL,2.4452447442142465e6,0.0,2.445244744221656e6,0.0,0.0,6053205,13003230,0.0,0.0,0.009126334,0.5099325,2.586103583,6.035499125,18.529749417,0.765933542
nrel/118bus_80_24_chronological_dirac_0.01,653657,80,24,chronological,dirac,unscaled,0.01,131.8517226128461,333.32163157314545,0.8970184465064848,371.5883802292975,1.0467640276237251,80,1.0,1.0,0.0,0.0,0.0125,0,0,0,0,OPTIMAL,2.458319513290848e6,0.0,2.4583195132892802e6,0.0,0.0,1344360,2885295,OPTIMAL,2.4596817609100747e6,0.0,2.4596817609169725e6,0.0,0.0,6053205,13003230,0.0,0.0,0.009582042,0.497012708,1.75e-6,7.061668,8.113584417,0.765933542
nrel/118bus_80_24_chronological_convex_0.01,653657,80,24,chronological,convex,unscaled,0.01,93.06211054691975,333.32163157314545,0.8970184465064848,371.5883802292975,1.0467640276237251,80,1.0,1.0000000000000002,0.0,0.0,0.0827054794520548,322923,1909,0,0,OPTIMAL,2.4633949632260203e6,0.0,2.46339496322579e6,0.0,0.0,1344360,2885295,OPTIMAL,2.447782582011181e6,0.0,2.4477825820184974e6,0.0,0.0,6053205,13003230,0.0,0.0,0.009520041,0.514125459,1.119070125,7.667595958,20.25536075,0.765933542
nrel/118bus_80_24_chronological_conical_0.01,653657,80,24,chronological,conical,unscaled,0.01,90.11806341758617,333.32163157314545,0.8970184465064848,371.5883802292975,1.0467640276237251,80,0.9870841773401245,1.087791643229716,0.3095890410958904,0.4712328767123288,0.08157534246575343,333951,1890,0,0,OPTIMAL,2.4321935421982235e6,0.0,2.4321935421981676e6,0.0,0.0,1344360,2885295,OPTIMAL,2.447465118227334e6,0.0,2.4474651182346353e6,0.0,0.0,6053205,13003230,0.0,0.0,0.009091583,0.568853875,0.681666042,7.250897833,20.280829041,0.765933542
nrel/118bus_80_24_chronological_conical_bounded_0.01,653657,80,24,chronological,conical_bounded,unscaled,0.01,91.07490401493455,333.32163157314545,0.8970184465064848,371.5883802292975,1.0467640276237251,80,0.977531073364064,1.0000000000000002,0.0,0.6219178082191781,0.07986301369863014,325710,2285,0,0,OPTIMAL,2.410393659708519e6,0.0,2.4103936597085977e6,0.0,0.0,1344360,2885295,OPTIMAL,2.447856656353429e6,0.0,2.447856656360734e6,0.0,0.0,6053205,13003230,0.0,0.0,0.009101166,0.493788208,1.208425625,7.152379125,20.591966542,0.765933542
nrel/118bus_80_24_convex_hull_dirac_0.01,653657,80,24,convex_hull,dirac,unscaled,0.01,133.88233489149846,312.93763291281914,1.818486985876737,172.08681466694372,1.0783731217482502,80,1.0,1.0,0.0,0.0,0.0125,0,0,18056,7619,OPTIMAL,2.6437748214990958e6,0.0,2.6437748215004127e6,0.0,0.0,1344360,2885295,OPTIMAL,2.4614307326164185e6,0.0,2.4614307326230765e6,0.0,0.0,6053205,13003230,0.0,0.0,0.009250375,7.874625208,1.0e-6,5.690369084,14.390483709,0.765933542
nrel/118bus_80_24_convex_hull_convex_0.01,653657,80,24,convex_hull,convex,unscaled,0.01,82.74295703102545,312.93763291281914,1.818486985876737,172.08681466694372,1.0783731217482502,80,1.0,1.0000000000000004,0.0,0.0,0.09808219178082192,231186,1242,18056,7619,OPTIMAL,2.5058429359876807e6,0.0,2.505842935987819e6,0.0,0.0,1344360,2885295,OPTIMAL,2.4462093375023515e6,0.0,2.4462093375098463e6,0.0,0.0,6053205,13003230,0.0,0.0,0.009189917,8.255893083,0.740954458,5.806808458,26.858485208,0.765933542
nrel/118bus_80_24_convex_hull_conical_0.01,653657,80,24,convex_hull,conical,unscaled,0.01,81.50922971800361,312.93763291281914,1.818486985876737,172.08681466694372,1.0783731217482502,80,1.000107997728869,1.1056727219221523,0.40821917808219177,0.3726027397260274,0.09883561643835616,239981,1438,18056,7619,OPTIMAL,2.5005245610890645e6,0.0,2.50052456108909e6,0.0,0.0,1344360,2885295,OPTIMAL,2.4468401986066834e6,0.0,2.4468401986141633e6,0.0,0.0,6053205,13003230,0.0,0.0,0.009176125,8.202464167,0.495214042,6.229509666,19.832616,0.765933542
nrel/118bus_80_24_convex_hull_conical_bounded_0.01,653657,80,24,convex_hull,conical_bounded,unscaled,0.01,82.65066221768927,312.93763291281914,1.818486985876737,172.08681466694372,1.0783731217482502,80,0.9859301840396084,1.0000000000000002,0.0,0.6383561643835617,0.09530821917808219,232468,1242,18056,7619,OPTIMAL,2.4813399115554425e6,0.0,2.4813399115554043e6,0.0,0.0,1344360,2885295,OPTIMAL,2.446744843203302e6,0.0,2.446744843210775e6,0.0,0.0,6053205,13003230,0.0,0.0,0.009694333,8.13567675,0.78012375,6.143179917,20.398839959,0.765933542
nrel/118bus_80_24_convex_hull_with_null_dirac_0.01,653657,80,24,convex_hull_with_null,dirac,unscaled,0.01,134.92088997258702,314.20572507729713,1.8405114737624466,170.71652611596346,1.0783575648447965,80,1.0,1.0,0.0,0.0,0.0125,0,0,18358,7682,OPTIMAL,2.5769821413813974e6,0.0,2.576982141382735e6,0.0,0.0,1344360,2885295,OPTIMAL,2.4598001327375183e6,0.0,2.4598001327449996e6,0.0,0.0,6053205,13003230,0.0,0.0,0.009297625,8.250936542,1.083E-03,5.623820208,12.642952875,0.765933542
nrel/118bus_80_24_convex_hull_with_null_convex_0.01,653657,80,24,convex_hull_with_null,convex,unscaled,0.01,82.32066897628242,314.20572507729713,1.8405114737624466,170.71652611596346,1.0783575648447965,80,1.0,1.0000000000000002,0.0,0.0,0.10061643835616438,235267,1409,18358,7682,OPTIMAL,2.5084744895798485e6,0.0,2.508474489579767e6,0.0,0.0,1344360,2885295,OPTIMAL,2.444622464360566e6,0.0,2.444622464368302e6,0.0,0.0,6053205,13003230,0.0,0.0,0.009321708,8.533081584,0.771847917,5.812820667,21.258404334,0.765933542
nrel/118bus_80_24_convex_hull_with_null_conical_0.01,653657,80,24,convex_hull_with_null,conical,unscaled,0.01,80.79531721643787,314.20572507729713,1.8405114737624466,170.71652611596346,1.0783575648447965,80,0.9999224624198207,1.0996450157211937,0.4054794520547945,0.37534246575342467,0.10136986301369863,243561,1423,18358,7682,OPTIMAL,2.5009204006301495e6,0.0,2.500920400630299e6,0.0,0.0,1344360,2885295,OPTIMAL,2.445213024946363e6,0.0,2.4452130249540037e6,0.0,0.0,6053205,13003230,0.0,0.0,0.009144291,8.434602,0.509174042,5.848398416,21.84750725,0.765933542
nrel/118bus_80_24_convex_hull_with_null_conical_bounded_0.01,653657,80,24,convex_hull_with_null,conical_bounded,unscaled,0.01,82.12805122994183,314.20572507729713,1.8405114737624466,170.71652611596346,1.0783575648447965,80,0.9851835316529086,1.0000000000000002,0.0,0.6383561643835617,0.09767123287671232,237512,1457,18358,7682,OPTIMAL,2.4863069757020394e6,0.0,2.4863069757020464e6,0.0,0.0,1344360,2885295,OPTIMAL,2.4449417465496203e6,0.0,2.444941746557327e6,0.0,0.0,6053205,13003230,0.0,0.0,0.009120042,8.120984416,0.774771458,5.770605667,29.006527208,0.765933542
nrel/118bus_80_24_conical_hull_dirac_0.01,653657,80,24,conical_hull,dirac,unscaled,0.01,136.23005815162466,305.2028437978631,1.8558920881229988,164.4507489153302,1.0767143611662735,80,1.0,1.0,0.0,0.0,0.0125,0,0,17038,8637,OPTIMAL,2.393988932990297e6,0.0,2.393988932991028e6,0.0,0.0,1344360,2885295,OPTIMAL,2.457816791973316e6,0.0,2.4578167919802917e6,0.0,0.0,6053205,13003230,0.0,0.0,0.009393042,5.219502792,1.0e-6,5.678752834,14.105762708,0.765933542
nrel/118bus_80_24_conical_hull_convex_0.01,653657,80,24,conical_hull,convex,unscaled,0.01,91.43707182872522,305.2028437978631,1.8558920881229988,164.4507489153302,1.0767143611662735,80,1.0,1.0000000000000004,0.0,0.0,0.09363013698630138,220260,1298,17038,8637,OPTIMAL,2.435237291685458e6,0.0,2.4352372916854783e6,0.0,0.0,1344360,2885295,OPTIMAL,2.4461257849260243e6,0.0,2.446125784933623e6,0.0,0.0,6053205,13003230,0.0,0.0,0.009697375,4.974456833,0.854673166,6.168765208,29.821588625,0.765933542
nrel/118bus_80_24_conical_hull_conical_0.01,653657,80,24,conical_hull,conical,unscaled,0.01,84.86498780548554,305.2028437978631,1.8558920881229988,164.4507489153302,1.0767143611662735,80,1.0400341434973666,1.1726449308061857,0.6821917808219178,0.09863013698630137,0.1048972602739726,230204,1341,17038,8637,OPTIMAL,2.478737357445332e6,0.0,2.478737357445279e6,0.0,0.0,1344360,2885295,OPTIMAL,2.4463039955189317e6,0.0,2.446303995526458e6,0.0,0.0,6053205,13003230,0.0,0.0,0.009150041,5.256574042,0.467170333,6.112091208,21.347112375,0.765933542
nrel/118bus_80_24_conical_hull_conical_bounded_0.01,653657,80,24,conical_hull,conical_bounded,unscaled,0.01,92.1037765113417,305.2028437978631,1.8558920881229988,164.4507489153302,1.0767143611662735,80,0.994238088236514,1.0000000000000002,0.0,0.5095890410958904,0.09335616438356165,220005,1298,17038,8637,OPTIMAL,2.4214815189386345e6,0.0,2.421481518938604e6,0.0,0.0,1344360,2885295,OPTIMAL,2.446199662192546e6,0.0,2.446199662200151e6,0.0,0.0,6053205,13003230,0.0,0.0,0.00917675,5.215216083,0.745699709,5.765324208,22.187491958,0.765933542
nrel/118bus_1_8760_k_means_dirac_0.01_economic,505263,1,8760,k_means,dirac,economic,0.01,0.0,1.0,1.0,1.0,1.0,1,1.0,1.0,0.0,0.0,1.0,0,0,0,0,OPTIMAL,2.4380117565973625e6,0.0,2.4380117566052517e6,0.0,0.0,6053205,13008705,N/A,,,,,,0,0,0.0,0.0,0.008677,0.681185083,1.2291e-5,27.929574167,75.83582025,0.774356584
nrel/118bus_10_24_k_means_dirac_0.01_economic,505263,10,24,k_means,dirac,economic,0.01,54577.09098255205,39617.45244706085,394.48785503337353,100.42755928115767,1.065165366829225,10,1.0,1.0,0.0,0.0,0.1,0,0,0,0,OPTIMAL,2.4139100373040596e6,0.0,2.4139100373040163e6,0.0,0.0,182430,389445,OPTIMAL,2.459422770658786e6,0.0,2.4594227706656163e6,0.0,0.0,6053205,13003230,0.0,0.0,0.008845417,0.538160125,1.625E-03,2.155742709,0.97253925,0.774356584
nrel/118bus_10_24_k_means_convex_0.01_economic,505263,10,24,k_means,convex,economic,0.01,50088.27113724574,39617.45244706085,394.48785503337353,100.42755928115767,1.065165366829225,10,1.0,1.0000000000000002,0.0,0.0,0.26054794520547947,124329,1234,0,0,OPTIMAL,2.3980593000771077e6,0.0,2.398059300077219e6,0.0,0.0,182430,389445,OPTIMAL,2.456341361277427e6,0.0,2.456341361284478e6,0.0,0.0,6053205,13003230,0.0,0.0,0.009201458,0.5760785,0.093727208,1.362249583,1.332317667,0.774356584
nrel/118bus_10_24_k_means_conical_0.01_economic,505263,10,24,k_means,conical,economic,0.01,49014.99359590568,39617.45244706085,394.48785503337353,100.42755928115767,1.065165366829225,10,1.0171116254974928,1.1483120229405526,0.6904109589041096,0.3095890410958904,0.2687671232876712,139358,1193,0,0,OPTIMAL,2.456934545505181e6,0.0,2.4569345455052704e6,0.0,0.0,182430,389445,OPTIMAL,2.456013859945974e6,0.0,2.4560138599529476e6,0.0,0.0,6053205,13003230,0.0,0.0,0.009440791,0.595707541,0.061272375,1.369643167,1.249587333,0.774356584
nrel/118bus_10_24_k_means_conical_bounded_0.01_economic,505263,10,24,k_means,conical_bounded,economic,0.01,49799.14269793182,39617.45244706085,394.48785503337353,100.42755928115767,1.065165366829225,10,0.9862645701505423,1.0,0.0,0.3780821917808219,0.25452054794520546,126844,1234,0,0,OPTIMAL,2.3378242778963987e6,0.0,2.337824277896278e6,0.0,0.0,182430,389445,OPTIMAL,2.4565092503133565e6,0.0,2.4565092503203647e6,0.0,0.0,6053205,13003230,0.0,0.0,0.009283833,0.599901,0.258826875,2.270142,1.413762291,0.774356584
nrel/118bus_10_24_k_medoids_dirac_0.01_economic,505263,10,24,k_medoids,dirac,economic,0.01,67710.92824454383,42629.884218721345,900.8944036653642,47.319512747862674,1.0828215419609422,10,1.0,1.0,0.0,0.0,0.1,0,0,0,0,OPTIMAL,2.4753111165324156e6,0.0,2.475311116532416e6,0.0,0.0,182430,389445,OPTIMAL,2.49303542050686e6,0.0,2.493035420512965e6,0.0,0.0,6053205,13003230,0.0,0.0,0.009380958,0.560007917,2.0e-6,1.280318709,0.90401875,0.774356584
nrel/118bus_10_24_k_medoids_convex_0.01_economic,505263,10,24,k_medoids,convex,economic,0.01,58358.922920671794,42629.884218721345,900.8944036653642,47.319512747862674,1.0828215419609422,10,1.0,1.0000000000000002,0.0,0.0,0.36547945205479454,167797,1315,0,0,OPTIMAL,2.4996758107724246e6,0.0,2.4996758107723803e6,0.0,0.0,182430,389445,OPTIMAL,2.4634636559909554e6,0.0,2.463463655997408e6,0.0,0.0,6053205,13003230,0.0,0.0,0.009099542,0.512086792,0.095052625,2.521172417,1.240301,0.774356584
nrel/118bus_10_24_k_medoids_conical_0.01_economic,505263,10,24,k_medoids,conical,economic,0.01,54369.47822148252,42629.884218721345,900.8944036653642,47.319512747862674,1.0828215419609422,10,0.9563420116209278,1.1318210214760824,0.3561643835616438,0.6164383561643836,0.37397260273972605,179267,1080,0,0,OPTIMAL,2.340269397995088e6,0.0,2.3402693979951045e6,0.0,0.0,182430,389445,OPTIMAL,2.4661223867512303e6,0.0,2.4661223867575335e6,0.0,0.0,6053205,13003230,0.0,0.0,0.009483875,0.5284615,0.067517375,1.509323458,2.298835834,0.774356584
nrel/118bus_10_24_k_medoids_conical_bounded_0.01_economic,505263,10,24,k_medoids,conical_bounded,economic,0.01,54569.96433389396,42629.884218721345,900.8944036653642,47.319512747862674,1.0828215419609422,10,0.9446019542630134,1.0,0.0,0.6657534246575343,0.36219178082191783,170946,1283,0,0,OPTIMAL,2.2995591755107613e6,0.0,2.299559175510645e6,0.0,0.0,182430,389445,OPTIMAL,2.4660177521303617e6,0.0,2.4660177521366705e6,0.0,0.0,6053205,13003230,0.0,0.0,0.009315959,0.5502855,0.103642542,1.4741445,2.38197725,0.774356584
nrel/118bus_10_24_hierarchical_dirac_0.01_economic,505263,10,24,hierarchical,dirac,economic,0.01,66428.94427808699,39944.85347673366,1018.7217030384419,39.210761248723806,1.0987203607932814,10,1.0,1.0,0.0,0.0,0.1,0,0,0,0,OPTIMAL,2.6785640552467383e6,0.0,2.67856405524677e6,0.0,0.0,182430,389445,OPTIMAL,2.4724597218371793e6,0.0,2.472459721843722e6,0.0,0.0,6053205,13003230,0.0,0.0,0.022560375,0.566282916,1.1125e-5,1.264667167,1.253147166,0.774356584
nrel/118bus_10_24_hierarchical_convex_0.01_economic,505263,10,24,hierarchical,convex,economic,0.01,53392.783011816005,39944.85347673366,1018.7217030384419,39.210761248723806,1.0987203607932814,10,1.0,1.0000000000000002,0.0,0.0,0.3736986301369863,148016,916,0,0,OPTIMAL,2.6804715540637407e6,0.0,2.680471554063666e6,0.0,0.0,182430,389445,OPTIMAL,2.464440495963748e6,0.0,2.4644404959705034e6,0.0,0.0,6053205,13003230,0.0,0.0,0.009227917,0.527064791,0.099530625,1.312010209,1.284015125,0.774356584
nrel/118bus_10_24_hierarchical_conical_0.01_economic,505263,10,24,hierarchical,conical,economic,0.01,52230.38457325993,39944.85347673366,1018.7217030384419,39.210761248723806,1.0987203607932814,10,1.0007633230973627,1.11748895102077,0.6082191780821918,0.3643835616438356,0.38493150684931504,157467,898,0,0,OPTIMAL,2.673473189719581e6,0.0,2.6734731897195796e6,0.0,0.0,182430,389445,OPTIMAL,2.4636546221610378e6,0.0,2.46365462216769e6,0.0,0.0,6053205,13003230,0.0,0.0,0.00886575,0.870503125,0.062544084,1.3258745,1.3925145,0.774356584
nrel/118bus_10_24_hierarchical_conical_bounded_0.01_economic,505263,10,24,hierarchical,conical_bounded,economic,0.01,52640.35372769867,39944.85347673366,1018.7217030384419,39.210761248723806,1.0987203607932814,10,0.9782437773902645,1.0,0.0,0.46301369863013697,0.36767123287671233,150580,928,0,0,OPTIMAL,2.577531809090142e6,0.0,2.5775318090902786e6,0.0,0.0,182430,389445,OPTIMAL,2.4637885304239825e6,0.0,2.4637885304306424e6,0.0,0.0,6053205,13003230,0.0,0.0,0.009185209,0.57717825,0.070608417,1.331036541,1.264121459,0.774356584
nrel/118bus_10_24_chronological_dirac_0.01_economic,505263,10,24,chronological,dirac,economic,0.01,87836.82344047172,40984.44539058888,1085.244613149199,37.76516823396971,1.0561333948283491,10,1.0,1.0,0.0,0.0,0.1,0,0,0,0,OPTIMAL,2.369845859410735e6,0.0,2.3698458594107046e6,0.0,0.0,182430,389445,OPTIMAL,2.741033547724698e6,0.0,2.741033547728916e6,0.0,0.0,6053205,13003230,0.0,0.0,0.009176083,0.510183042,9.16e-7,1.205084041,0.910875041,0.774356584
nrel/118bus_10_24_chronological_convex_0.01_economic,505263,10,24,chronological,convex,economic,0.01,66544.73988574256,40984.44539058888,1085.244613149199,37.76516823396971,1.0561333948283491,10,1.0,1.0000000000000002,0.0,0.0,0.3665753424657534,185400,897,0,0,OPTIMAL,2.3672635758152767e6,0.0,2.367263575815256e6,0.0,0.0,182430,389445,OPTIMAL,2.457732837535272e6,0.0,2.457732837541946e6,0.0,0.0,6053205,13003230,0.0,0.0,0.009156292,0.618249208,0.292985708,2.373042541,1.311766833,0.774356584
nrel/118bus_10_24_chronological_conical_0.01_economic,505263,10,24,chronological,conical,economic,0.01,62712.359084430034,40984.44539058888,1085.244613149199,37.76516823396971,1.0561333948283491,10,0.9800195338528455,1.2059271019780702,0.5232876712328767,0.44931506849315067,0.38,199099,1261,0,0,OPTIMAL,2.2970500122420997e6,0.0,2.2970500122421277e6,0.0,0.0,182430,389445,OPTIMAL,2.4638831551853847e6,0.0,2.4638831551918094e6,0.0,0.0,6053205,13003230,0.0,0.0,0.009616125,0.613483667,0.0873655,1.5390655,2.477408459,0.774356584
nrel/118bus_10_24_chronological_conical_bounded_0.01_economic,505263,10,24,chronological,conical_bounded,economic,0.01,63458.7844488384,40984.44539058888,1085.244613149199,37.76516823396971,1.0561333948283491,10,0.9509622218360337,1.0000000000000002,0.0,0.5342465753424658,0.36191780821917807,185959,918,0,0,OPTIMAL,2.190759467866173e6,0.0,2.1907594678661725e6,0.0,0.0,182430,389445,OPTIMAL,2.4623297204896235e6,0.0,2.4623297204961833e6,0.0,0.0,6053205,13003230,0.0,0.0,0.009629709,0.506333875,0.081581125,2.221136125,1.265871667,0.774356584
nrel/118bus_10_24_convex_hull_dirac_0.01_economic,505263,10,24,convex_hull,dirac,economic,0.01,85191.08964188154,36184.61840390294,2139.8275661928355,16.910062743178102,1.217087474177731,10,1.0,1.0,0.0,0.0,0.1,0,0,1351,1889,OPTIMAL,2.1023978644570964e6,0.0,2.10239786445712e6,0.0,0.0,182430,389445,OPTIMAL,2.4788386256674607e6,0.0,2.478838625673033e6,0.0,0.0,6053205,13003230,0.0,0.0,0.009170375,2.211470041,1.084E-03,1.256242833,1.095285666,0.774356584
nrel/118bus_10_24_convex_hull_convex_0.01_economic,505263,10,24,convex_hull,convex,economic,0.01,54973.539600167904,36184.61840390294,2139.8275661928355,16.910062743178102,1.217087474177731,10,1.0,1.0000000000000004,0.0,0.0,0.42876712328767125,80429,358,1351,1889,OPTIMAL,2.24295094422103e6,0.0,2.242950944221113e6,0.0,0.0,182430,389445,OPTIMAL,2.46532226329243e6,0.0,2.4653222632988635e6,0.0,0.0,6053205,13003230,0.0,0.0,0.009270958,0.808384667,0.041089333,1.312891667,1.407584458,0.774356584
nrel/118bus_10_24_convex_hull_conical_0.01_economic,505263,10,24,convex_hull,conical,economic,0.01,54386.97261426267,36184.61840390294,2139.8275661928355,16.910062743178102,1.217087474177731,10,1.0185717965135674,1.165977197625514,0.6520547945205479,0.32054794520547947,0.44602739726027396,88525,423,1351,1889,OPTIMAL,2.306123755882548e6,0.0,2.3061237558825607e6,0.0,0.0,182430,389445,OPTIMAL,2.4638989453164e6,0.0,2.4638989453228656e6,0.0,0.0,6053205,13003230,0.0,0.0,0.010671542,0.929542875,0.047179667,1.40293975,1.312599125,0.774356584
nrel/118bus_10_24_convex_hull_conical_bounded_0.01_economic,505263,10,24,convex_hull,conical_bounded,economic,0.01,54881.6713242185,36184.61840390294,2139.8275661928355,16.910062743178102,1.217087474177731,10,0.9882756090827501,1.0,0.0,0.4438356164383562,0.4241095890410959,81711,426,1351,1889,OPTIMAL,2.195987257225723e6,0.0,2.1959872572257644e6,0.0,0.0,182430,389445,OPTIMAL,2.4646246560928803e6,0.0,2.4646246560993576e6,0.0,0.0,6053205,13003230,0.0,0.0,0.012756625,0.966464291,0.051428667,1.3744175,1.426934459,0.774356584
nrel/118bus_10_24_convex_hull_with_null_dirac_0.01_economic,505263,10,24,convex_hull_with_null,dirac,economic,0.01,85126.36783006327,37401.24807848284,1933.1682301301041,19.347125353888988,1.2068941644250237,10,1.0,1.0,0.0,0.0,0.1,0,0,1362,2243,OPTIMAL,2.1895246388893323e6,0.0,2.189524638889352e6,0.0,0.0,182430,389445,OPTIMAL,2.482415177467333e6,0.0,2.482415177473027e6,0.0,0.0,6053205,13003230,0.0,0.0,0.00937575,0.942450333,1.167E-03,1.310868666,1.023893833,0.774356584
nrel/118bus_10_24_convex_hull_with_null_convex_0.01_economic,505263,10,24,convex_hull_with_null,convex,economic,0.01,54734.46881260575,37401.24807848284,1933.1682301301041,19.347125353888988,1.2068941644250237,10,1.0,1.0000000000000002,0.0,0.0,0.42027397260273974,78074,398,1362,2243,OPTIMAL,2.4319343204325982e6,0.0,2.4319343204324944e6,0.0,0.0,182430,389445,OPTIMAL,2.4581887840299387e6,0.0,2.458188784036904e6,0.0,0.0,6053205,13003230,0.0,0.0,0.013225708,2.176696,0.235626791,1.310029625,1.264113,0.774356584
nrel/118bus_10_24_convex_hull_with_null_conical_0.01_economic,505263,10,24,convex_hull_with_null,conical,economic,0.01,53840.49781749453,37401.24807848284,1933.1682301301041,19.347125353888988,1.2068941644250237,10,1.0047975470193107,1.1814417012718534,0.5589041095890411,0.4136986301369863,0.4326027397260274,84963,379,1362,2243,OPTIMAL,2.4301058411573097e6,0.0,2.430105841157333e6,0.0,0.0,182430,389445,OPTIMAL,2.4575054383789883e6,0.0,2.4575054383859434e6,0.0,0.0,6053205,13003230,0.0,0.0,0.009132208,2.259623417,0.029771166,1.27219025,1.307657209,0.774356584
nrel/118bus_10_24_convex_hull_with_null_conical_bounded_0.01_economic,505263,10,24,convex_hull_with_null,conical_bounded,economic,0.01,54303.00781393502,37401.24807848284,1933.1682301301041,19.347125353888988,1.2068941644250237,10,0.9796029228975214,1.0,0.0,0.5068493150684932,0.4136986301369863,79716,418,1362,2243,OPTIMAL,2.331270447077593e6,0.0,2.3312704470775975e6,0.0,0.0,182430,389445,OPTIMAL,2.45815616695214e6,0.0,2.458156166959059e6,0.0,0.0,6053205,13003230,0.0,0.0,0.009407167,0.8649045,0.058400958,1.318800209,1.317419708,0.774356584
nrel/118bus_10_24_conical_hull_dirac_0.01_economic,505263,10,24,conical_hull,dirac,economic,0.01,103868.56446266788,30928.076268304805,2249.3597552391007,13.749724203195427,1.2734231175813213,10,1.0,1.0,0.0,0.0,0.1,0,0,1476,1764,OPTIMAL,2.361438024961685e6,0.0,2.361438024961733e6,0.0,0.0,182430,389445,OPTIMAL,2.5293135536533347e6,0.0,2.5293135536594605e6,0.0,0.0,6053205,13003230,0.0,0.0,0.009271041,1.992967625,1.0e-6,1.220408417,1.030676334,0.774356584
nrel/118bus_10_24_conical_hull_convex_0.01_economic,505263,10,24,conical_hull,convex,economic,0.01,74727.97775666867,30928.076268304805,2249.3597552391007,13.749724203195427,1.2734231175813213,10,1.0,1.0000000000000002,0.0,0.0,0.3734246575342466,54817,384,1476,1764,OPTIMAL,2.4430988710121377e6,0.0,2.4430988710120656e6,0.0,0.0,182430,389445,OPTIMAL,2.4554908282131883e6,0.0,2.455490828220512e6,0.0,0.0,6053205,13003230,0.0,0.0,0.009576667,0.775441709,0.031473709,1.391926083,1.132158166,0.774356584
nrel/118bus_10_24_conical_hull_conical_0.01_economic,505263,10,24,conical_hull,conical,economic,0.01,71276.04026052867,30928.076268304805,2249.3597552391007,13.749724203195427,1.2734231175813213,10,1.118597804421794,1.2699618339029557,0.9342465753424658,0.038356164383561646,0.4084931506849315,65324,365,1476,1764,OPTIMAL,3.0496694768683584e6,0.0,3.0496694768683515e6,0.0,0.0,182430,389445,OPTIMAL,2.4551247575147916e6,0.0,2.4551247575220396e6,0.0,0.0,6053205,13003230,0.0,0.0,0.009199459,2.227311208,0.026014125,1.305327208,1.5178275,0.774356584
nrel/118bus_10_24_conical_hull_conical_bounded_0.01_economic,505263,10,24,conical_hull,conical_bounded,economic,0.01,74741.45827794395,30928.076268304805,2249.3597552391007,13.749724203195427,1.2734231175813213,10,0.9981613320868317,1.0000000000000002,0.0,0.12876712328767123,0.3726027397260274,54763,384,1476,1764,OPTIMAL,2.4359282063454567e6,0.0,2.435928206345427e6,0.0,0.0,182430,389445,OPTIMAL,2.4554201263830513e6,0.0,2.455420126390376e6,0.0,0.0,6053205,13003230,0.0,0.0,0.009478958,0.757248667,0.051985709,1.306339333,1.166412958,0.774356584
nrel/118bus_20_24_k_means_dirac_0.01_economic,505263,20,24,k_means,dirac,economic,0.01,49965.29021263693,52975.56688106355,262.05698891956575,202.15284888785607,1.0983220892192012,20,1.0,1.0,0.0,0.0,0.05,0,0,0,0,OPTIMAL,2.4158514909024797e6,0.0,2.415851490902466e6,0.0,0.0,348420,745995,OPTIMAL,2.457633951240115e6,0.0,2.4576339512470844e6,0.0,0.0,6053205,13003230,0.0,0.0,0.009080875,0.785678583,1.5e-6,3.047107167,2.177765708,0.774356584
nrel/118bus_20_24_k_means_convex_0.01_economic,505263,20,24,k_means,convex,economic,0.01,44513.44404959197,52975.56688106355,262.05698891956575,202.15284888785607,1.0983220892192012,20,1.0,1.0000000000000002,0.0,0.0,0.16095890410958905,209447,1792,0,0,OPTIMAL,2.425779002991096e6,0.0,2.4257790029910877e6,0.0,0.0,348420,745995,OPTIMAL,2.454387490853396e6,0.0,2.454387490860522e6,0.0,0.0,6053205,13003230,0.0,0.0,0.009139875,0.769339792,1.085654292,2.362363125,2.545046292,0.774356584
nrel/118bus_20_24_k_means_conical_0.01_economic,505263,20,24,k_means,conical,economic,0.01,43308.32772050551,52975.56688106355,262.05698891956575,202.15284888785607,1.0983220892192012,20,1.03251438085516,1.17446453986438,0.8082191780821918,0.1917808219178082,0.1728767123287671,241994,1909,0,0,OPTIMAL,2.55260441694425e6,0.0,2.552604416944153e6,0.0,0.0,348420,745995,OPTIMAL,2.453910226289173e6,0.0,2.4539102262962996e6,0.0,0.0,6053205,13003230,0.0,0.0,0.009484916,0.56185175,0.310649084,3.042212125,2.593570666,0.774356584
nrel/118bus_20_24_k_means_conical_bounded_0.01_economic,505263,20,24,k_means,conical_bounded,economic,0.01,44438.46534934586,52975.56688106355,262.05698891956575,202.15284888785607,1.0983220892192012,20,0.9930438635558477,1.0000000000000002,0.0,0.2876712328767123,0.15808219178082192,207299,1634,0,0,OPTIMAL,2.3969143905698755e6,0.0,2.396914390569928e6,0.0,0.0,348420,745995,OPTIMAL,2.4542229254841343e6,0.0,2.454222925491207e6,0.0,0.0,6053205,13003230,0.0,0.0,0.00919775,0.6898445,0.193725833,1.874732458,2.599658791,0.774356584
nrel/118bus_20_24_k_medoids_dirac_0.01_economic,505263,20,24,k_medoids,dirac,economic,0.01,60159.98121970507,57876.30841100855,646.6797683869851,89.49763273926068,1.101453023495782,20,1.0,1.0,0.0,0.0,0.05,0,0,0,0,OPTIMAL,2.47595223384359e6,0.0,2.47595223384361e6,0.0,0.0,348420,745995,OPTIMAL,2.4680727723208806e6,0.0,2.4680727723276084e6,0.0,0.0,6053205,13003230,0.0,0.0,0.009326375,0.553122667,1.709E-03,1.936098833,3.130928,0.774356584
nrel/118bus_20_24_k_medoids_convex_0.01_economic,505263,20,24,k_medoids,convex,economic,0.01,46406.751654927575,57876.30841100855,646.6797683869851,89.49763273926068,1.101453023495782,20,1.0,1.0000000000000002,0.0,0.0,0.2458904109589041,280327,1930,0,0,OPTIMAL,2.4998158613984454e6,0.0,2.49981586139838e6,0.0,0.0,348420,745995,OPTIMAL,2.4541098112625666e6,0.0,2.4541098112696563e6,0.0,0.0,6053205,13003230,0.0,0.0,0.009175708,0.545019333,1.234869208,2.080380125,2.64993625,0.774356584
nrel/118bus_20_24_k_medoids_conical_0.01_economic,505263,20,24,k_medoids,conical,economic,0.01,45507.733627402704,57876.30841100855,646.6797683869851,89.49763273926068,1.101453023495782,20,0.9935294197390093,1.1595540288815327,0.4794520547945205,0.4657534246575342,0.2502739726027397,290392,1823,0,0,OPTIMAL,2.4642830203451146e6,0.0,2.464283020345183e6,0.0,0.0,348420,745995,OPTIMAL,2.4530610944503783e6,0.0,2.4530610944574485e6,0.0,0.0,6053205,13003230,0.0,0.0,0.009224125,0.54812775,1.218313791,2.196182583,2.745326834,0.774356584
nrel/118bus_20_24_k_medoids_conical_bounded_0.01_economic,505263,20,24,k_medoids,conical_bounded,economic,0.01,45832.1653455731,57876.30841100855,646.6797683869851,89.49763273926068,1.101453023495782,20,0.977657878501928,1.0000000000000002,0.0,0.5698630136986301,0.24164383561643835,283474,1940,0,0,OPTIMAL,2.394713368836146e6,0.0,2.394713368836178e6,0.0,0.0,348420,745995,OPTIMAL,2.4536989396082275e6,0.0,2.4536989396152524e6,0.0,0.0,6053205,13003230,0.0,0.0,0.009310166,0.581201375,1.453539,1.939091541,2.488625833,0.780078625
nrel/118bus_20_24_hierarchical_dirac_0.01_economic,505263,20,24,hierarchical,dirac,economic,0.01,60350.46432764425,55351.34862601493,655.7303550546778,84.41175278731679,1.121816516165133,20,1.0,1.0,0.0,0.0,0.05,0,0,0,0,OPTIMAL,2.6033635128789786e6,0.0,2.603363512878877e6,0.0,0.0,348420,745995,OPTIMAL,2.466177217590635e6,0.0,2.466177217597433e6,0.0,0.0,6053205,13003230,0.0,0.0,0.009201542,0.508465458,1.541E-03,1.748877417,2.291788,0.780078625
nrel/118bus_20_24_hierarchical_convex_0.01_economic,505263,20,24,hierarchical,convex,economic,0.01,46157.860787548976,55351.34862601493,655.7303550546778,84.41175278731679,1.121816516165133,20,1.0,1.0000000000000002,0.0,0.0,0.23835616438356164,244555,1396,0,0,OPTIMAL,2.6242740008394006e6,0.0,2.624274000839405e6,0.0,0.0,348420,745995,OPTIMAL,2.45520834611156e6,0.0,2.4552083461184716e6,0.0,0.0,6053205,13003230,0.0,0.0,0.009194792,0.576167542,1.353322417,2.048835208,2.831580542,0.780078625
nrel/118bus_20_24_hierarchical_conical_0.01_economic,505263,20,24,hierarchical,conical,economic,0.01,45262.49517978889,55351.34862601493,655.7303550546778,84.41175278731679,1.121816516165133,20,1.00596946881846,1.1454268279353388,0.5726027397260274,0.3726027397260274,0.2504109589041096,256481,1745,0,0,OPTIMAL,2.640991076984164e6,0.0,2.640991076984261e6,0.0,0.0,348420,745995,OPTIMAL,2.454490579465476e6,0.0,2.454490579472465e6,0.0,0.0,6053205,13003230,0.0,0.0,0.009382667,0.515980917,0.333922334,2.841460208,3.251061708,0.780078625
nrel/118bus_20_24_hierarchical_conical_bounded_0.01_economic,505263,20,24,hierarchical,conical_bounded,economic,0.01,45747.50093495981,55351.34862601493,655.7303550546778,84.41175278731679,1.121816516165133,20,0.9836850023729271,1.0,0.0,0.5013698630136987,0.23493150684931507,244946,1458,0,0,OPTIMAL,2.5480056447026213e6,0.0,2.5480056447026213e6,0.0,0.0,348420,745995,OPTIMAL,2.454689521272157e6,0.0,2.4546895212791627e6,0.0,0.0,6053205,13003230,0.0,0.0,0.009186958,0.507363208,0.408692667,2.943929791,2.967681083,0.780078625
nrel/118bus_20_24_chronological_dirac_0.01_economic,505263,20,24,chronological,dirac,economic,0.01,86474.65384938502,58674.33596870743,703.5759278605351,83.39446198383585,1.0557055564130282,20,1.0,1.0,0.0,0.0,0.05,0,0,0,0,OPTIMAL,2.4065118158631553e6,0.0,2.406511815862819e6,0.0,0.0,348420,745995,OPTIMAL,2.5242284677565196e6,0.0,2.5242284677626295e6,0.0,0.0,6053205,13003230,0.0,0.0,0.009229292,0.578435125,1.375E-03,1.98379375,1.708825833,0.780078625
nrel/118bus_20_24_chronological_convex_0.01_economic,505263,20,24,chronological,convex,economic,0.01,60185.87429190513,58674.33596870743,703.5759278605351,83.39446198383585,1.0557055564130282,20,1.0,1.0000000000000002,0.0,0.0,0.22027397260273973,288770,1663,0,0,OPTIMAL,2.4863797924462124e6,0.0,2.486379792446083e6,0.0,0.0,348420,745995,OPTIMAL,2.4543908542269515e6,0.0,2.4543908542340016e6,0.0,0.0,6053205,13003230,0.0,0.0,0.009079208,0.527388333,0.243281583,1.988166791,3.427549208,0.780078625
nrel/118bus_20_24_chronological_conical_0.01_economic,505263,20,24,chronological,conical,economic,0.01,57471.352653737646,58674.33596870743,703.5759278605351,83.39446198383585,1.0557055564130282,20,0.9804618225917004,1.145887729112382,0.5068493150684932,0.4383561643835616,0.22287671232876713,304953,1680,0,0,OPTIMAL,2.3861868000104567e6,0.0,2.386186800010336e6,0.0,0.0,348420,745995,OPTIMAL,2.4572493714519367e6,0.0,2.4572493714586883e6,0.0,0.0,6053205,13003230,0.0,0.0,0.009252959,0.512917583,0.348261875,2.820550583,2.684359917,0.780078625
nrel/118bus_20_24_chronological_conical_bounded_0.01_economic,505263,20,24,chronological,conical_bounded,economic,0.01,57978.472257014786,58674.33596870743,703.5759278605351,83.39446198383585,1.0557055564130282,20,0.9573007488335171,1.0000000000000002,0.0,0.5315068493150685,0.21232876712328766,290534,1586,0,0,OPTIMAL,2.3137410548106865e6,0.0,2.3137410548106735e6,0.0,0.0,348420,745995,OPTIMAL,2.4570451847985676e6,0.0,2.4570451848053024e6,0.0,0.0,6053205,13003230,0.0,0.0,0.009348708,0.542431834,0.300584625,1.829384917,2.804098584,0.780078625
nrel/118bus_20_24_convex_hull_dirac_0.01_economic,505263,20,24,convex_hull,dirac,economic,0.01,77995.4064309558,52395.45163734364,1168.087367740754,44.85576428986117,1.2020167528743566,20,1.0,1.0,0.0,0.0,0.05,0,0,3621,3124,OPTIMAL,2.336997467408633e6,0.0,2.336997467408609e6,0.0,0.0,348420,745995,OPTIMAL,2.4759669407838653e6,0.0,2.475966940789897e6,0.0,0.0,6053205,13003230,0.0,0.0,0.009226583,2.629222292,1.167E-03,1.789777,2.258556959,0.780078625
nrel/118bus_20_24_convex_hull_convex_0.01_economic,505263,20,24,convex_hull,convex,economic,0.01,47932.84109267957,52395.45163734364,1168.087367740754,44.85576428986117,1.2020167528743566,20,1.0,1.0000000000000002,0.0,0.0,0.2787671232876712,158145,782,3621,3124,OPTIMAL,2.3589629611245627e6,0.0,2.3589629611245417e6,0.0,0.0,348420,745995,OPTIMAL,2.4567673621015204e6,0.0,2.456767362108272e6,0.0,0.0,6053205,13003230,0.0,0.0,0.009221875,2.588013,0.157779083,1.856106166,2.879025041,0.780078625
nrel/118bus_20_24_convex_hull_conical_0.01_economic,505263,20,24,convex_hull,conical,economic,0.01,46802.37148286195,52395.45163734364,1168.087367740754,44.85576428986117,1.2020167528743566,20,1.042725334658629,1.1683204727138852,0.7753424657534247,0.16986301369863013,0.3036986301369863,171142,793,3621,3124,OPTIMAL,2.5424292449025246e6,0.0,2.542429244902653e6,0.0,0.0,348420,745995,OPTIMAL,2.4553354588756277e6,0.0,2.4553354588824217e6,0.0,0.0,6053205,13003230,0.0,0.0,0.009167833,2.595976,0.085381,1.815648292,2.88468525,0.780078625
nrel/118bus_20_24_convex_hull_conical_bounded_0.01_economic,505263,20,24,convex_hull,conical_bounded,economic,0.01,47921.448769190574,52395.45163734364,1168.087367740754,44.85576428986117,1.2020167528743566,20,0.9938390008388979,1.0000000000000002,0.0,0.3780821917808219,0.2775342465753425,158109,782,3621,3124,OPTIMAL,2.334381139813062e6,0.0,2.3343811398131205e6,0.0,0.0,348420,745995,OPTIMAL,2.4563445682658404e6,0.0,2.4563445682726363e6,0.0,0.0,6053205,13003230,0.0,0.0,0.009667959,2.590263167,0.14266825,1.887827875,2.922172875,0.780078625
nrel/118bus_20_24_convex_hull_with_null_dirac_0.01_economic,505263,20,24,convex_hull_with_null,dirac,economic,0.01,78073.78420758089,52389.012381554865,1158.7926137541356,45.20999854480467,1.2050464687881333,20,1.0,1.0,0.0,0.0,0.05,0,0,3772,3338,OPTIMAL,2.3710681857599244e6,0.0,2.3710681857598983e6,0.0,0.0,348420,745995,OPTIMAL,2.4781173712471086e6,0.0,2.478117371253118e6,0.0,0.0,6053205,13003230,0.0,0.0,0.009183875,1.333692625,1.708E-03,1.786136792,2.256273417,0.780078625
nrel/118bus_20_24_convex_hull_with_null_convex_0.01_economic,505263,20,24,convex_hull_with_null,convex,economic,0.01,47414.13535520784,52389.012381554865,1158.7926137541356,45.20999854480467,1.2050464687881333,20,1.0,1.0000000000000002,0.0,0.0,0.2745205479452055,156536,891,3772,3338,OPTIMAL,2.447102736675945e6,0.0,2.447102736675928e6,0.0,0.0,348420,745995,OPTIMAL,2.453636623209361e6,0.0,2.4536366232164204e6,0.0,0.0,6053205,13003230,0.0,0.0,0.009109667,2.608420084,0.160823125,1.942764666,2.762917541,0.780078625
nrel/118bus_20_24_convex_hull_with_null_conical_0.01_economic,505263,20,24,convex_hull_with_null,conical,economic,0.01,46285.05087088792,52389.012381554865,1158.7926137541356,45.20999854480467,1.2050464687881333,20,1.0369139049672675,1.1908398945897407,0.7452054794520548,0.2,0.296027397260274,170489,793,3772,3338,OPTIMAL,2.614919529168446e6,0.0,2.614919529168337e6,0.0,0.0,348420,745995,OPTIMAL,2.451242529394362e6,0.0,2.4512425294015273e6,0.0,0.0,6053205,13003230,0.0,0.0,0.009233041,2.583446375,0.106930042,1.900039583,2.733860167,0.780078625
nrel/118bus_20_24_convex_hull_with_null_conical_bounded_0.01_economic,505263,20,24,convex_hull_with_null,conical_bounded,economic,0.01,47379.01242953601,52389.012381554865,1158.7926137541356,45.20999854480467,1.2050464687881333,20,0.9922232442363785,1.0000000000000002,0.0,0.3972602739726027,0.2738356164383562,157183,891,3772,3338,OPTIMAL,2.4130430615502684e6,0.0,2.4130430615502642e6,0.0,0.0,348420,745995,OPTIMAL,2.4532745493417443e6,0.0,2.4532745493487967e6,0.0,0.0,6053205,13003230,0.0,0.0,0.009049333,2.578993334,0.166795375,1.970633833,3.052259667,0.780078625
nrel/118bus_20_24_conical_hull_dirac_0.01_economic,505263,20,24,conical_hull,dirac,economic,0.01,88442.0147090395,44171.84102793175,1356.818449186819,32.55545430886883,1.2609411605323466,20,1.0,1.0,0.0,0.0,0.05,0,0,3685,3060,OPTIMAL,1.9621903682681408e6,0.0,1.9621903682681422e6,0.0,0.0,348420,745995,OPTIMAL,2.4863446803293196e6,0.0,2.4863446803347166e6,0.0,0.0,6053205,13003230,0.0,0.0,0.009215833,2.357613833,1.166E-03,1.733778167,2.331456125,0.780078625
nrel/118bus_20_24_conical_hull_convex_0.01_economic,505263,20,24,conical_hull,convex,economic,0.01,58848.544569773025,44171.84102793175,1356.818449186819,32.55545430886883,1.2609411605323466,20,1.0,1.0000000000000002,0.0,0.0,0.2263013698630137,107977,734,3685,3060,OPTIMAL,2.157659633618392e6,0.0,2.1576596336184093e6,0.0,0.0,348420,745995,OPTIMAL,2.458854384083809e6,0.0,2.4588543840908753e6,0.0,0.0,6053205,13003230,0.0,0.0,0.009167125,2.389566167,0.099738083,1.84759075,2.559785459,0.780078625
nrel/118bus_20_24_conical_hull_conical_0.01_economic,505263,20,24,conical_hull,conical,economic,0.01,54524.934497896575,44171.84102793175,1356.818449186819,32.55545430886883,1.2609411605323466,20,1.1062297416493228,1.2485417483061263,0.9123287671232877,0.03287671232876712,0.26972602739726026,131008,627,3685,3060,OPTIMAL,2.6336637636948987e6,0.0,2.633663763694858e6,0.0,0.0,348420,745995,OPTIMAL,2.4567877946233707e6,0.0,2.4567877946305103e6,0.0,0.0,6053205,13003230,0.0,0.0,0.00903775,2.28395275,0.07733025,1.878440916,3.061933333,0.780078625
nrel/118bus_20_24_conical_hull_conical_bounded_0.01_economic,505263,20,24,conical_hull,conical_bounded,economic,0.01,58906.67244225443,44171.84102793175,1356.818449186819,32.55545430886883,1.2609411605323466,20,0.9981732046266406,1.0000000000000002,0.0,0.22465753424657534,0.22602739726027396,107488,613,3685,3060,OPTIMAL,2.151491154706232e6,0.0,2.1514911547062513e6,0.0,0.0,348420,745995,OPTIMAL,2.458714445769673e6,0.0,2.4587144457767443e6,0.0,0.0,6053205,13003230,0.0,0.0,0.009181667,2.425955,0.112564334,1.886772125,2.639533,0.780078625
nrel/118bus_40_24_k_means_dirac_0.01_economic,505263,40,24,k_means,dirac,economic,0.01,44681.57426081387,77570.38326255204,205.84097625439503,376.84616869813254,1.1030118937995885,40,1.0,1.0,0.0,0.0,25,0,0,0,0,OPTIMAL,2.420436800092051e6,0.0,2.4204368000921016e6,0.0,0.0,680400,1459095,OPTIMAL,2.4547388225395745e6,0.0,2.454738822546673e6,0.0,0.0,6053205,13003230,0.0,0.0,0.009106083,0.582152833,8.75e-7,4.19171975,5.603425292,0.780078625
nrel/118bus_40_24_k_means_convex_0.01_economic,505263,40,24,k_means,convex,economic,0.01,39281.04211987064,77570.38326255204,205.84097625439503,376.84616869813254,1.1030118937995885,40,1.0,1.0000000000000002,0.0,0.0,0.09945205479452054,413800,3004,0,0,OPTIMAL,2.4230917423295653e6,0.0,2.4230917423294834e6,0.0,0.0,680400,1459095,OPTIMAL,2.451505064530437e6,0.0,2.4515050645377054e6,0.0,0.0,6053205,13003230,0.0,0.0,0.009083333,0.546758125,0.67675175,4.1214985,6.931204209,0.780078625
nrel/118bus_40_24_k_means_conical_0.01_economic,505263,40,24,k_means,conical,economic,0.01,38271.18191467941,77570.38326255204,205.84097625439503,376.84616869813254,1.1030118937995885,40,1.0269667285056117,1.14999915707614,0.7753424657534247,0.21643835616438356,0.10678082191780822,462973,3657,0,0,OPTIMAL,2.5234692323807175e6,0.0,2.5234692323803734e6,0.0,0.0,680400,1459095,OPTIMAL,2.4502688129848638e6,0.0,2.450268812992141e6,0.0,0.0,6053205,13003230,0.0,0.0,0.009173667,0.628135833,1.606504583,3.31618925,6.181069084,0.780078625
nrel/118bus_40_24_k_means_conical_bounded_0.01_economic,505263,40,24,k_means,conical_bounded,economic,0.01,39243.35824434963,77570.38326255204,205.84097625439503,376.84616869813254,1.1030118937995885,40,0.992545637280192,1.0000000000000002,0.0,0.3972602739726027,0.09808219178082192,416047,2926,0,0,OPTIMAL,2.393273083311178e6,0.0,2.3932730833112327e6,0.0,0.0,680400,1459095,OPTIMAL,2.451380172102677e6,0.0,2.4513801721099475e6,0.0,0.0,6053205,13003230,0.0,0.0,0.0091755,0.573702375,0.691913125,3.975055416,7.021721834,0.780078625
nrel/118bus_40_24_k_medoids_dirac_0.01_economic,505263,40,24,k_medoids,dirac,economic,0.01,55742.212025958004,81063.16126088066,519.4776960459474,156.04743356240397,1.1084005382020128,40,1.0,1.0,0.0,0.0,25,0,0,0,0,OPTIMAL,2.4106754784920486e6,0.0,2.4106754784919415e6,0.0,0.0,680400,1459095,OPTIMAL,2.4629578887884384e6,0.0,2.4629578887952836e6,0.0,0.0,6053205,13003230,0.0,0.0,0.009067959,0.515436959,1.417E-03,4.100132041,5.731326292,0.780078625
nrel/118bus_40_24_k_medoids_convex_0.01_economic,505263,40,24,k_medoids,convex,economic,0.01,41187.43990682356,81063.16126088066,519.4776960459474,156.04743356240397,1.1084005382020128,40,1.0,1.0000000000000002,0.0,0.0,0.148013698630137,460224,2632,0,0,OPTIMAL,2.384500671671851e6,0.0,2.3845006716717025e6,0.0,0.0,680400,1459095,OPTIMAL,2.451634163523982e6,0.0,2.4516341635309416e6,0.0,0.0,6053205,13003230,0.0,0.0,0.009090667,0.511355875,0.739777417,4.157622,6.921678083,0.780078625
nrel/118bus_40_24_k_medoids_conical_0.01_economic,505263,40,24,k_medoids,conical,economic,0.01,40554.10226303438,81063.16126088066,519.4776960459474,156.04743356240397,1.1084005382020128,40,1.0126931941862805,1.154222408375642,0.5917808219178082,0.29863013698630136,0.15356164383561643,474404,2822,0,0,OPTIMAL,2.4362700621077614e6,0.0,2.436270062107842e6,0.0,0.0,680400,1459095,OPTIMAL,2.450362763514014e6,0.0,2.4503627635211307e6,0.0,0.0,6053205,13003230,0.0,0.0,0.009357084,0.554660791,1.801054708,3.163045375,6.954499292,0.780078625
nrel/118bus_40_24_k_medoids_conical_bounded_0.01_economic,505263,40,24,k_medoids,conical_bounded,economic,0.01,41120.33969048243,81063.16126088066,519.4776960459474,156.04743356240397,1.1084005382020128,40,0.9888115714146319,1.0000000000000002,0.0,0.5342465753424658,0.1454794520547945,457508,2757,0,0,OPTIMAL,2.340919113789987e6,0.0,2.3409191137898797e6,0.0,0.0,680400,1459095,OPTIMAL,2.451365161684964e6,0.0,2.4513651616919176e6,0.0,0.0,6053205,13003230,0.0,0.0,0.009217916,0.517685833,2.040635042,3.118728416,6.589969,0.780078625
nrel/118bus_40_24_hierarchical_dirac_0.01_economic,505263,40,24,hierarchical,dirac,economic,0.01,54259.26604595306,78028.28262662177,520.024722187804,150.04725601957497,1.123675951376084,40,1.0,1.0,0.0,0.0,25,0,0,0,0,OPTIMAL,2.530622953075284e6,0.0,2.5306229530751756e6,0.0,0.0,680400,1459095,OPTIMAL,2.520054205977153e6,0.0,2.52005420598398e6,0.0,0.0,6053205,13003230,0.0,0.0,0.009248625,0.515831125,1.625E-03,4.113535625,4.621230667,0.780078625
nrel/118bus_40_24_hierarchical_convex_0.01_economic,505263,40,24,hierarchical,convex,economic,0.01,40214.84145644581,78028.28262662177,520.024722187804,150.04725601957497,1.123675951376084,40,1.0,1.0000000000000002,0.0,0.0,0.136986301369863,394667,2205,0,0,OPTIMAL,2.4813933980516563e6,0.0,2.481393398051799e6,0.0,0.0,680400,1459095,OPTIMAL,2.4498855437986064e6,0.0,2.4498855438058386e6,0.0,0.0,6053205,13003230,0.0,0.0,0.009602333,0.523936875,0.635562792,3.086149209,7.198794541,0.780078625
nrel/118bus_40_24_hierarchical_conical_0.01_economic,505263,40,24,hierarchical,conical,economic,0.01,39246.48486847631,78028.28262662177,520.024722187804,150.04725601957497,1.123675951376084,40,1.0124046762986783,1.1538668249256605,0.6027397260273972,0.2876712328767123,0.1491095890410959,415314,2253,0,0,OPTIMAL,2.516786293649383e6,0.0,2.5167862936494797e6,0.0,0.0,680400,1459095,OPTIMAL,2.4491376575302393e6,0.0,2.4491376575374915e6,0.0,0.0,6053205,13003230,0.0,0.0,0.009079833,0.600781792,1.601250708,3.36497425,6.69662625,0.780078625
nrel/118bus_40_24_hierarchical_conical_bounded_0.01_economic,505263,40,24,hierarchical,conical_bounded,economic,0.01,39997.15892725327,78028.28262662177,520.024722187804,150.04725601957497,1.123675951376084,40,0.9859437886005081,1.0000000000000002,0.0,0.5726027397260274,0.1354109589041096,392984,2205,0,0,OPTIMAL,2.4203752290980765e6,0.0,2.4203752290980015e6,0.0,0.0,680400,1459095,OPTIMAL,2.449968357868921e6,0.0,2.449968357876072e6,0.0,0.0,6053205,13003230,0.0,0.0,0.008994334,0.544397125,0.624956834,4.232943542,6.11374875,0.780078625
nrel/118bus_40_24_chronological_dirac_0.01_economic,505263,40,24,chronological,dirac,economic,0.01,85810.10630501148,82554.5692479322,534.643631471149,154.41046032994242,1.067899554986702,40,1.0,1.0,0.0,0.0,25,0,0,0,0,OPTIMAL,2.4736493771422957e6,0.0,2.473649377142343e6,0.0,0.0,680400,1459095,OPTIMAL,2.5339207181862565e6,0.0,2.533920718192274e6,0.0,0.0,6053205,13003230,0.0,0.0,0.009098958,0.512172667,6.67e-7,3.142197166,4.6146285,0.780078625
nrel/118bus_40_24_chronological_convex_0.01_economic,505263,40,24,chronological,convex,economic,0.01,49346.602672981986,82554.5692479322,534.643631471149,154.41046032994242,1.067899554986702,40,1.0,1.0000000000000002,0.0,0.0,0.12787671232876713,428708,2625,0,0,OPTIMAL,2.411816616915844e6,0.0,2.411816616915683e6,0.0,0.0,680400,1459095,OPTIMAL,2.4508227945867893e6,0.0,2.4508227945939205e6,0.0,0.0,6053205,13003230,0.0,0.0,0.009474208,0.5431605,1.989119833,3.038223834,6.874244375,0.780078625
nrel/118bus_40_24_chronological_conical_0.01_economic,505263,40,24,chronological,conical,economic,0.01,47757.24768330185,82554.5692479322,534.643631471149,154.41046032994242,1.067899554986702,40,0.9911995038157946,1.1308947241866234,0.4876712328767123,0.40273972602739727,0.13219178082191782,447592,2790,0,0,OPTIMAL,2.3590611710492214e6,0.0,2.3590611710493113e6,0.0,0.0,680400,1459095,OPTIMAL,2.4517340070464015e6,0.0,2.4517340070533226e6,0.0,0.0,6053205,13003230,0.0,0.0,0.009193083,0.574929875,1.763138875,2.786292125,7.045453667,0.780078625
nrel/118bus_40_24_chronological_conical_bounded_0.01_economic,505263,40,24,chronological,conical_bounded,economic,0.01,48179.21846014036,82554.5692479322,534.643631471149,154.41046032994242,1.067899554986702,40,0.9722346360839693,1.0000000000000002,0.0,0.5534246575342465,0.1258219178082192,434035,2625,0,0,OPTIMAL,2.2861829821590786e6,0.0,2.286182982159112e6,0.0,0.0,680400,1459095,OPTIMAL,2.4521309923662823e6,0.0,2.4521309923731154e6,0.0,0.0,6053205,13003230,0.0,0.0,0.009102125,0.584774541,1.9916225,3.103437333,6.125347334,0.780078625
nrel/118bus_40_24_convex_hull_dirac_0.01_economic,505263,40,24,convex_hull,dirac,economic,0.01,66884.38279773497,73729.6318190305,662.043545613291,111.36674061330856,1.1883298645522324,40,1.0,1.0,0.0,0.0,25,0,0,9119,4336,OPTIMAL,2.2855137111252793e6,0.0,2.2855137111256546e6,0.0,0.0,680400,1459095,OPTIMAL,2.4652244303381504e6,0.0,2.4652244303446906e6,0.0,0.0,6053205,13003230,0.0,0.0,0.009288458,3.849999125,1.5e-6,3.1614535,5.983462291,0.780078625
nrel/118bus_40_24_convex_hull_convex_0.01_economic,505263,40,24,convex_hull,convex,economic,0.01,40503.08016440101,73729.6318190305,662.043545613291,111.36674061330856,1.1883298645522324,40,1.0,1.0000000000000002,0.0,0.0,155,263822,1456,9119,4336,OPTIMAL,2.316099721689797e6,0.0,2.3160997216899022e6,0.0,0.0,680400,1459095,OPTIMAL,2.455017466137161e6,0.0,2.455017466144002e6,0.0,0.0,6053205,13003230,0.0,0.0,0.009248375,3.676736042,0.405405125,3.16577725,6.887039167,0.780078625
nrel/118bus_40_24_convex_hull_conical_0.01_economic,505263,40,24,convex_hull,conical,economic,0.01,39282.04357868725,73729.6318190305,662.043545613291,111.36674061330856,1.1883298645522324,40,1.0394075086355246,1.1940728438408006,0.7506849315068493,0.13972602739726028,0.1739041095890411,291332,1598,9119,4336,OPTIMAL,2.4699914578801095e6,0.0,2.4699914578800574e6,0.0,0.0,680400,1459095,OPTIMAL,2.4540777044925815e6,0.0,2.454077704499434e6,0.0,0.0,6053205,13003230,0.0,0.0,0.009140125,3.811318041,0.294895208,3.233915791,7.429551709,0.780078625
nrel/118bus_40_24_convex_hull_conical_bounded_0.01_economic,505263,40,24,convex_hull,conical_bounded,economic,0.01,40555.568730128674,73729.6318190305,662.043545613291,111.36674061330856,1.1883298645522324,40,0.9931061404680765,1.0000000000000002,0.0,0.5041095890410959,0.15383561643835617,263087,1456,9119,4336,OPTIMAL,2.2909416462273723e6,0.0,2.2909416462273444e6,0.0,0.0,680400,1459095,OPTIMAL,2.454791832047743e6,0.0,2.4547918320546173e6,0.0,0.0,6053205,13003230,0.0,0.0,0.009212542,3.723714417,0.408925042,3.16488125,6.926453041,0.780078625
nrel/118bus_40_24_convex_hull_with_null_dirac_0.01_economic,505263,40,24,convex_hull_with_null,dirac,economic,0.01,67899.77874381216,74757.30666767874,656.5795594808591,113.85871763474857,1.1859409805470686,40,1.0,1.0,0.0,0.0,25,0,0,9193,4627,OPTIMAL,2.320209320184717e6,0.0,2.3202093201849824e6,0.0,0.0,680400,1459095,OPTIMAL,2.466722319261487e6,0.0,2.4667223192680418e6,0.0,0.0,6053205,13003230,0.0,0.0,0.009305292,3.83956225,7.08e-7,3.104619083,6.129528459,0.780078625
nrel/118bus_40_24_convex_hull_with_null_convex_0.01_economic,505263,40,24,convex_hull_with_null,convex,economic,0.01,40468.73036432199,74757.30666767874,656.5795594808591,113.85871763474857,1.1859409805470686,40,1.0,1.0000000000000002,0.0,0.0,0.1556849315068493,270710,1452,9193,4627,OPTIMAL,2.3883659802444056e6,0.0,2.388365980244321e6,0.0,0.0,680400,1459095,OPTIMAL,2.4533452113015037e6,0.0,2.4533452113086274e6,0.0,0.0,6053205,13003230,0.0,0.0,0.009081958,3.79457775,0.390912959,3.085495458,7.359596125,0.780078625
nrel/118bus_40_24_convex_hull_with_null_conical_0.01_economic,505263,40,24,convex_hull_with_null,conical,economic,0.01,39308.94046349851,74757.30666767874,656.5795594808591,113.85871763474857,1.1859409805470686,40,1.037500209883823,1.1749751644286184,0.7315068493150685,0.1589041095890411,0.17794520547945206,302207,1618,9193,4627,OPTIMAL,2.5432757609052057e6,0.0,2.5432757609053147e6,0.0,0.0,680400,1459095,OPTIMAL,2.4509755771729643e6,0.0,2.45097557718014e6,0.0,0.0,6053205,13003230,0.0,0.0,0.009454583,3.841719458,0.277988417,3.19912375,6.622502875,0.780078625
nrel/118bus_40_24_convex_hull_with_null_conical_bounded_0.01_economic,505263,40,24,convex_hull_with_null,conical_bounded,economic,0.01,40524.207128893424,74757.30666767874,656.5795594808591,113.85871763474857,1.1859409805470686,40,0.9924221798631144,1.0000000000000002,0.0,0.5123287671232877,0.15513698630136985,274266,1452,9193,4627,OPTIMAL,2.3586920720920144e6,0.0,2.3586920720920875e6,0.0,0.0,680400,1459095,OPTIMAL,2.452853477862638e6,0.0,2.4528534778697626e6,0.0,0.0,6053205,13003230,0.0,0.0,0.009172667,3.822827791,0.420918208,3.229798625,6.67270625,0.780078625
nrel/118bus_40_24_conical_hull_dirac_0.01_economic,505263,40,24,conical_hull,dirac,economic,0.01,75276.5376513367,64721.66612917619,835.764059890282,77.44011645783472,1.233118065978711,40,1.0,1.0,0.0,0.0,25,0,0,8574,4881,OPTIMAL,2.151010478987483e6,0.0,2.151010478987884e6,0.0,0.0,680400,1459095,OPTIMAL,2.4790115704572527e6,0.0,2.479011570463845e6,0.0,0.0,6053205,13003230,0.0,0.0,0.009145667,2.882460917,7.08e-7,3.106109209,6.650860209,0.780078625
nrel/118bus_40_24_conical_hull_convex_0.01_economic,505263,40,24,conical_hull,convex,economic,0.01,50402.52108536819,64721.66612917619,835.764059890282,77.44011645783472,1.233118065978711,40,1.0,1.0000000000000002,0.0,0.0,0.1352054794520548,197029,1126,8574,4881,OPTIMAL,2.192350452892289e6,0.0,2.1923504528923417e6,0.0,0.0,680400,1459095,OPTIMAL,2.4541318302562945e6,0.0,2.4541318302637096e6,0.0,0.0,6053205,13003230,0.0,0.0,0.0091755,2.911473584,0.32979025,3.134276542,6.435705458,0.780078625
nrel/118bus_40_24_conical_hull_conical_0.01_economic,505263,40,24,conical_hull,conical,economic,0.01,44757.31007945998,64721.66612917619,835.764059890282,77.44011645783472,1.233118065978711,40,1.1050431324785397,1.2687427824742543,0.8410958904109589,0.049315068493150684,0.16815068493150684,233564,1265,8574,4881,OPTIMAL,2.669661530077922e6,0.0,2.6696615300780237e6,0.0,0.0,680400,1459095,OPTIMAL,2.449132490828252e6,0.0,2.449132490835856e6,0.0,0.0,6053205,13003230,0.0,0.0,0.009311209,2.9165675,0.241656584,3.153818583,7.360076291,0.780078625
nrel/118bus_40_24_conical_hull_conical_bounded_0.01_economic,505263,40,24,conical_hull,conical_bounded,economic,0.01,50530.328942063155,64721.66612917619,835.764059890282,77.44011645783472,1.233118065978711,40,0.9968911653629235,1.0000000000000002,0.0,0.3232876712328767,0.1345205479452055,196629,1126,8574,4881,OPTIMAL,2.181147520850327e6,0.0,2.1811475208503217e6,0.0,0.0,680400,1459095,OPTIMAL,2.4537861143164528e6,0.0,2.4537861143238796e6,0.0,0.0,6053205,13003230,0.0,0.0,0.009143084,2.920131333,0.308614417,3.140023625,6.62211225,0.780078625
nrel/118bus_80_24_k_means_dirac_0.01_economic,505263,80,24,k_means,dirac,economic,0.01,38468.00597197493,111404.49634246387,181.8755629907365,612.5314171433688,1.1103187874154687,80,1.0,1.0,0.0,0.0,0.0125,0,0,0,0,OPTIMAL,2.425449545321441e6,0.0,2.4254495453218967e6,0.0,0.0,1344360,2885295,OPTIMAL,2.4498445435845265e6,0.0,2.4498445435918774e6,0.0,0.0,6053205,13003230,0.0,0.0,0.011919417,0.619370167,1.375E-03,7.0921465,12.405018208,0.780078625
nrel/118bus_80_24_k_means_convex_0.01_economic,505263,80,24,k_means,convex,economic,0.01,33272.23235389722,111404.49634246387,181.8755629907365,612.5314171433688,1.1103187874154687,80,1.0,1.0000000000000002,0.0,0.0,0.06013698630136986,657204,4985,0,0,OPTIMAL,2.433744483401536e6,0.0,2.433744483401375e6,0.0,0.0,1344360,2885295,OPTIMAL,2.447041430661512e6,0.0,2.4470414306688993e6,0.0,0.0,6053205,13003230,0.0,0.0,0.015402125,0.82670475,3.186157375,5.488328875,18.161961083,0.780078625
nrel/118bus_80_24_k_means_conical_0.01_economic,505263,80,24,k_means,conical,economic,0.01,32316.708927597643,111404.49634246387,181.8755629907365,612.5314171433688,1.1103187874154687,80,1.0248495045339385,1.1361674346588457,0.7534246575342466,0.1917808219178082,0.06739726027397261,714249,5773,0,0,OPTIMAL,2.5302205295197424e6,0.0,2.5302205295197577e6,0.0,0.0,1344360,2885295,OPTIMAL,2.44627414265074e6,0.0,2.446274142658148e6,0.0,0.0,6053205,13003230,0.0,0.0,0.009316375,0.550416917,3.137709833,5.471058,18.790059166,0.780078625
nrel/118bus_80_24_k_means_conical_bounded_0.01_economic,505263,80,24,k_means,conical_bounded,economic,0.01,33302.364629664,111404.49634246387,181.8755629907365,612.5314171433688,1.1103187874154687,80,0.9940817293707458,1.0000000000000002,0.0,0.4520547945205479,0.05965753424657534,661967,4985,0,0,OPTIMAL,2.411798113451838e6,0.0,2.411798113451898e6,0.0,0.0,1344360,2885295,OPTIMAL,2.4468817498295098e6,0.0,2.4468817498368644e6,0.0,0.0,6053205,13003230,0.0,0.0,0.00959425,0.551294458,2.447974417,6.986272958,20.775968209,0.780078625
nrel/118bus_80_24_k_medoids_dirac_0.01_economic,505263,80,24,k_medoids,dirac,economic,0.01,48657.13955684146,114028.90299319824,354.2891883767426,321.8526185223091,1.1062231160414275,80,1.0,1.0,0.0,0.0,0.0125,0,0,0,0,OPTIMAL,2.473197443685021e6,0.0,2.473197443685645e6,0.0,0.0,1344360,2885295,OPTIMAL,2.45716053468362e6,0.0,2.457160534690742e6,0.0,0.0,6053205,13003230,0.0,0.0,0.00913675,0.539429791,1.417E-03,7.1008365,11.092073916,0.780078625
nrel/118bus_80_24_k_medoids_convex_0.01_economic,505263,80,24,k_medoids,convex,economic,0.01,35204.62773514117,114028.90299319824,354.2891883767426,321.8526185223091,1.1062231160414275,80,1.0,1.0000000000000004,0.0,0.0,0.07681506849315069,610942,3762,0,0,OPTIMAL,2.437321442365149e6,0.0,2.4373214423652682e6,0.0,0.0,1344360,2885295,OPTIMAL,2.4473988046226096e6,0.0,2.447398804629838e6,0.0,0.0,6053205,13003230,0.0,0.0,0.009919959,0.514345625,2.229309958,7.274545917,20.492700958,0.780078625
nrel/118bus_80_24_k_medoids_conical_0.01_economic,505263,80,24,k_medoids,conical,economic,0.01,34373.174192984625,114028.90299319824,354.2891883767426,321.8526185223091,1.1062231160414275,80,1.0187067802854797,1.1444931347673941,0.5726027397260274,0.20821917808219179,0.08410958904109589,632532,3830,0,0,OPTIMAL,2.5073344489927855e6,0.0,2.5073344489926193e6,0.0,0.0,1344360,2885295,OPTIMAL,2.4476514384476407e6,0.0,2.447651438454935e6,0.0,0.0,6053205,13003230,0.0,0.0,0.009274416,0.593277583,1.319539875,7.369038958,20.329199042,0.780078625
nrel/118bus_80_24_k_medoids_conical_bounded_0.01_economic,505263,80,24,k_medoids,conical_bounded,economic,0.01,35215.359831742004,114028.90299319824,354.2891883767426,321.8526185223091,1.1062231160414275,80,0.9918710439893754,1.0000000000000004,0.0,0.4904109589041096,0.0763013698630137,612841,3764,0,0,OPTIMAL,2.4088128452801923e6,0.0,2.4088128452803274e6,0.0,0.0,1344360,2885295,OPTIMAL,2.4475527453169436e6,0.0,2.4475527453241586e6,0.0,0.0,6053205,13003230,0.0,0.0,0.009619417,0.513287292,2.277267917,7.358854875,21.18351075,0.780078625
nrel/118bus_80_24_hierarchical_dirac_0.01_economic,505263,80,24,hierarchical,dirac,economic,0.01,46455.01322094191,109007.37547597772,341.6742862391715,319.0388620572773,1.1367066464230657,80,1.0,1.0,0.0,0.0,0.0125,0,0,0,0,OPTIMAL,2.4551586582101635e6,0.0,2.4551586582106547e6,0.0,0.0,1344360,2885295,OPTIMAL,2.4590350424415655e6,0.0,2.459035042448859e6,0.0,0.0,6053205,13003230,0.0,0.0,0.009434208,0.5868705,1.584E-03,6.862150041,10.877108708,0.780078625
nrel/118bus_80_24_hierarchical_convex_0.01_economic,505263,80,24,hierarchical,convex,economic,0.01,32452.365860405658,109007.37547597772,341.6742862391715,319.0388620572773,1.1367066464230657,80,1.0,1.0000000000000002,0.0,0.0,0.0776027397260274,564106,3450,0,0,OPTIMAL,2.45223090638063e6,0.0,2.452230906380426e6,0.0,0.0,1344360,2885295,OPTIMAL,2.44846563621584e6,0.0,2.4484656362232035e6,0.0,0.0,6053205,13003230,0.0,0.0,0.009142916,0.553255875,3.065204042,5.535486458,19.379747875,0.780078625
nrel/118bus_80_24_hierarchical_conical_0.01_economic,505263,80,24,hierarchical,conical,economic,0.01,31510.25313981178,109007.37547597772,341.6742862391715,319.0388620572773,1.1367066464230657,80,1.0195378277046845,1.1542076813650335,0.5753424657534246,0.2054794520547945,0.08571917808219177,586360,3434,0,0,OPTIMAL,2.5265679008500543e6,0.0,2.5265679008501614e6,0.0,0.0,1344360,2885295,OPTIMAL,2.446807233864626e6,0.0,2.4468072338721105e6,0.0,0.0,6053205,13003230,0.0,0.0,0.009588375,0.520986208,1.237297208,7.354045083,23.254978583,0.780078625
nrel/118bus_80_24_hierarchical_conical_bounded_0.01_economic,505263,80,24,hierarchical,conical_bounded,economic,0.01,32489.887730534785,109007.37547597772,341.6742862391715,319.0388620572773,1.1367066464230657,80,0.990870747519137,1.0000000000000002,0.0,0.5589041095890411,0.07684931506849316,565985,3414,0,0,OPTIMAL,2.4184930218661744e6,0.0,2.418493021866242e6,0.0,0.0,1344360,2885295,OPTIMAL,2.4482546359097986e6,0.0,2.448254635917141e6,0.0,0.0,6053205,13003230,0.0,0.0,0.00942675,0.529178542,2.143890584,6.967739375,18.9893135,0.780078625
nrel/118bus_80_24_chronological_dirac_0.01_economic,505263,80,24,chronological,dirac,economic,0.01,78399.18412704954,116536.00408138063,359.1186599684791,324.50556618697937,1.0827108542378878,80,1.0,1.0,0.0,0.0,0.0125,0,0,0,0,OPTIMAL,2.393930946558188e6,0.0,2.3939309465561984e6,0.0,0.0,1344360,2885295,OPTIMAL,2.464681292951063e6,0.0,2.4646812929577176e6,0.0,0.0,6053205,13003230,0.0,0.0,0.009191708,0.554377666,1.458E-03,6.77290025,8.373872667,0.780078625
nrel/118bus_80_24_chronological_convex_0.01_economic,505263,80,24,chronological,convex,economic,0.01,41106.249848892505,116536.00408138063,359.1186599684791,324.50556618697937,1.0827108542378878,80,1.0,1.0000000000000004,0.0,0.0,0.07417808219178082,632243,4212,0,0,OPTIMAL,2.421203226872414e6,0.0,2.421203226872393e6,0.0,0.0,1344360,2885295,OPTIMAL,2.4480991436058227e6,0.0,2.448099143612948e6,0.0,0.0,6053205,13003230,0.0,0.0,0.00917625,0.509705625,2.210723541,7.275393958,20.393298708,0.780078625
nrel/118bus_80_24_chronological_conical_0.01_economic,505263,80,24,chronological,conical,economic,0.01,39458.02228309733,116536.00408138063,359.1186599684791,324.50556618697937,1.0827108542378878,80,0.9999067583611883,1.1326587778368946,0.4602739726027397,0.32054794520547947,0.07842465753424657,656854,4479,0,0,OPTIMAL,2.414473310834317e6,0.0,2.414473310834351e6,0.0,0.0,1344360,2885295,OPTIMAL,2.449437557414626e6,0.0,2.4494375574215176e6,0.0,0.0,6053205,13003230,0.0,0.0,0.009161792,0.54578425,2.667047167,5.643042041,23.99184075,0.780078625
nrel/118bus_80_24_chronological_conical_bounded_0.01_economic,505263,80,24,chronological,conical_bounded,economic,0.01,40050.92166518618,116536.00408138063,359.1186599684791,324.50556618697937,1.0827108542378878,80,0.9786806859646158,1.0000000000000002,0.0,0.5287671232876713,0.07332191780821917,639239,4294,0,0,OPTIMAL,2.3389315998793384e6,0.0,2.3389315998790367e6,0.0,0.0,1344360,2885295,OPTIMAL,2.449751801199532e6,0.0,2.449751801206358e6,0.0,0.0,6053205,13003230,0.0,0.0,0.00943575,0.548596375,3.274047,5.457618459,22.835385542,0.780078625
nrel/118bus_80_24_convex_hull_dirac_0.01_economic,505263,80,24,convex_hull,dirac,economic,0.01,53614.1551076346,105207.85143561393,500.47290875682086,210.21687606817954,1.1731879421271165,80,1.0,1.0,0.0,0.0,0.0125,0,0,19583,6092,OPTIMAL,2.4631464733745563e6,0.0,2.4631464733756734e6,0.0,0.0,1344360,2885295,OPTIMAL,2.4625847654239917e6,0.0,2.462584765431142e6,0.0,0.0,6053205,13003230,0.0,0.0,0.009098208,10.623193542,8.75e-7,5.477236458,15.241536667,0.780078625
nrel/118bus_80_24_convex_hull_convex_0.01_economic,505263,80,24,convex_hull,convex,economic,0.01,32097.6748852626,105207.85143561393,500.47290875682086,210.21687606817954,1.1731879421271165,80,1.0,1.0000000000000004,0.0,0.0,0.08092465753424657,421000,2284,19583,6092,OPTIMAL,2.4273538692341126e6,0.0,2.427353869234307e6,0.0,0.0,1344360,2885295,OPTIMAL,2.4497948526944653e6,0.0,2.449794852701791e6,0.0,0.0,6053205,13003230,0.0,0.0,0.009600625,9.638782333,1.3544425,5.444938459,21.718482625,0.780078625
nrel/118bus_80_24_convex_hull_conical_0.01_economic,505263,80,24,convex_hull,conical,economic,0.01,30842.467333388267,105207.85143561393,500.47290875682086,210.21687606817954,1.1731879421271165,80,1.035140535559281,1.146391634626845,0.673972602739726,0.10684931506849316,0.09404109589041096,467798,2436,19583,6092,OPTIMAL,2.5669257154446617e6,0.0,2.5669257154449862e6,0.0,0.0,1344360,2885295,OPTIMAL,2.447053583446645e6,0.0,2.4470535834541596e6,0.0,0.0,6053205,13003230,0.0,0.0,0.009237292,10.633894125,0.974125958,5.377054958,22.000020125,0.780078625
nrel/118bus_80_24_convex_hull_conical_bounded_0.01_economic,505263,80,24,convex_hull,conical_bounded,economic,0.01,32242.18670505042,105207.85143561393,500.47290875682086,210.21687606817954,1.1731879421271165,80,0.9945597941538139,1.0000000000000002,0.0,0.4602739726027397,0.08065068493150684,421324,2211,19583,6092,OPTIMAL,2.408037343745085e6,0.0,2.408037343744861e6,0.0,0.0,1344360,2885295,OPTIMAL,2.4496050838863547e6,0.0,2.449605083893657e6,0.0,0.0,6053205,13003230,0.0,0.0,0.009056375,9.426502583,1.388009958,5.436858458,21.090523459,0.780078625
nrel/118bus_80_24_convex_hull_with_null_dirac_0.01_economic,505263,80,24,convex_hull_with_null,dirac,economic,0.01,53405.41437762038,105399.80433638021,510.2170369677559,206.5783709669443,1.1720229656521177,80,1.0,1.0,0.0,0.0,0.0125,0,0,19741,6299,OPTIMAL,2.4807020526160626e6,0.0,2.480702052617206e6,0.0,0.0,1344360,2885295,OPTIMAL,2.4614048621748313e6,0.0,2.461404862181886e6,0.0,0.0,6053205,13003230,0.0,0.0,0.00908925,10.01210425,1.125E-03,5.993354834,12.743307291,0.780078625
nrel/118bus_80_24_convex_hull_with_null_convex_0.01_economic,505263,80,24,convex_hull_with_null,convex,economic,0.01,31945.897722321057,105399.80433638021,510.2170369677559,206.5783709669443,1.1720229656521177,80,1.0,1.0000000000000002,0.0,0.0,0.08123287671232876,425099,2209,19741,6299,OPTIMAL,2.4396069762092847e6,0.0,2.4396069762092936e6,0.0,0.0,1344360,2885295,OPTIMAL,2.449302308509025e6,0.0,2.4493023085164186e6,0.0,0.0,6053205,13003230,0.0,0.0,0.009040667,9.984669041,1.455269791,5.346706042,20.978805375,0.780078625
nrel/118bus_80_24_convex_hull_with_null_conical_0.01_economic,505263,80,24,convex_hull_with_null,conical,economic,0.01,30626.162785865108,105399.80433638021,510.2170369677559,206.5783709669443,1.1720229656521177,80,1.0342573731690208,1.1463916345420981,0.6684931506849315,0.11232876712328767,0.09493150684931506,470337,2445,19741,6299,OPTIMAL,2.5768365687858253e6,0.0,2.576836568785865e6,0.0,0.0,1344360,2885295,OPTIMAL,2.446979436848973e6,0.0,2.4469794368564514e6,0.0,0.0,6053205,13003230,0.0,0.0,0.009206958,10.102801083,0.979812208,5.480156333,21.540095625,0.780078625
nrel/118bus_80_24_convex_hull_with_null_conical_bounded_0.01_economic,505263,80,24,convex_hull_with_null,conical_bounded,economic,0.01,32110.4027566523,105399.80433638021,510.2170369677559,206.5783709669443,1.1720229656521177,80,0.9940690428136834,1.0000000000000002,0.0,0.4794520547945205,0.08082191780821918,425628,2209,19741,6299,OPTIMAL,2.4192703686253494e6,0.0,2.419270368625391e6,0.0,0.0,1344360,2885295,OPTIMAL,2.449152297982658e6,0.0,2.449152297990038e6,0.0,0.0,6053205,13003230,0.0,0.0,0.009095042,10.345866542,1.503232125,5.31654,22.016506916,0.780078625
nrel/118bus_80_24_conical_hull_dirac_0.01_economic,505263,80,24,conical_hull,dirac,economic,0.01,59624.11828538425,96990.24097345192,507.29214746956467,191.19208025838978,1.2061762885149347,80,1.0,1.0,0.0,0.0,0.0125,0,0,18003,7672,OPTIMAL,2.3847011557816695e6,0.0,2.384701155782557e6,0.0,0.0,1344360,2885295,OPTIMAL,2.4579708005184643e6,0.0,2.457970800525722e6,0.0,0.0,6053205,13003230,0.0,0.0,0.009099791,5.320653875,7.09e-7,5.158831208,14.724381875,0.780078625
nrel/118bus_80_24_conical_hull_convex_0.01_economic,505263,80,24,conical_hull,convex,economic,0.01,38377.4031401199,96990.24097345192,507.29214746956467,191.19208025838978,1.2061762885149347,80,1.0,1.0000000000000002,0.0,0.0,0.07599315068493151,353948,2034,18003,7672,OPTIMAL,2.3673631384031577e6,0.0,2.367363138403431e6,0.0,0.0,1344360,2885295,OPTIMAL,2.449036332382232e6,0.0,2.449036332389628e6,0.0,0.0,6053205,13003230,0.0,0.0,0.009091334,5.307641625,1.226506916,5.331390458,24.749391,0.780078625
nrel/118bus_80_24_conical_hull_conical_0.01_economic,505263,80,24,conical_hull,conical,economic,0.01,33375.068619304766,96990.24097345192,507.29214746956467,191.19208025838978,1.2061762885149347,80,1.0814534578694879,1.2276212966960038,0.7506849315068493,0.030136986301369864,0.09910958904109589,420127,2283,18003,7672,OPTIMAL,2.6920070130758695e6,0.0,2.692007013076024e6,0.0,0.0,1344360,2885295,OPTIMAL,2.446106317979415e6,0.0,2.4461063179871086e6,0.0,0.0,6053205,13003230,0.0,0.0,0.009099166,5.351948333,0.873227292,5.482895083,22.633646916,0.780078625
nrel/118bus_80_24_conical_hull_conical_bounded_0.01_economic,505263,80,24,conical_hull,conical_bounded,economic,0.01,38622.83017377841,96990.24097345192,507.29214746956467,191.19208025838978,1.2061762885149347,80,0.9967735727635062,1.0000000000000004,0.0,0.4191780821917808,0.07595890410958904,353463,2034,18003,7672,OPTIMAL,2.3579413228608407e6,0.0,2.3579413228611723e6,0.0,0.0,1344360,2885295,OPTIMAL,2.44895738017505e6,0.0,2.448957380182443e6,0.0,0.0,6053205,13003230,0.0,0.0,0.009084458,5.31739625,1.235513416,5.240804333,25.288296375,0.780078625
nrel/118bus_10_24_k_means_dirac_0.01,505263,10,24,k_means,dirac,unscaled,0.01,120.51940617260824,117.85195201960198,1.0618027828460213,110.99231789891856,1.0290815412375156,10,1.0,1.0,0.0,0.0,0.1,0,0,0,0,OPTIMAL,2.4052984195797388e6,0.0,2.4052984195796787e6,0.0,0.0,182430,389445,OPTIMAL,2.4613901937545124e6,0.0,2.4613901937611895e6,0.0,0.0,6053205,13003230,0.0,0.0,0.009165042,0.498951333,1.875E-03,1.297820625,1.228186417,0.780078625
nrel/118bus_10_24_k_means_convex_0.01,505263,10,24,k_means,convex,unscaled,0.01,115.1965361719379,117.85195201960198,1.0618027828460213,110.99231789891856,1.0290815412375156,10,1.0,1.0000000000000002,0.0,0.0,0.2775342465753425,80902,511,0,0,OPTIMAL,2.357720844488055e6,0.0,2.35772084448803e6,0.0,0.0,182430,389445,OPTIMAL,2.4567154854311477e6,0.0,2.4567154854378914e6,0.0,0.0,6053205,13003230,0.0,0.0,0.009275625,0.519012083,0.072113,1.34214625,1.303480084,0.780078625
nrel/118bus_10_24_k_means_conical_0.01,505263,10,24,k_means,conical,unscaled,0.01,111.76696727811849,117.85195201960198,1.0618027828460213,110.99231789891856,1.0290815412375156,10,1.0025503304762697,1.1338837499030314,0.5753424657534246,0.4246575342465753,0.27287671232876715,81311,593,0,0,OPTIMAL,2.3622234211426196e6,0.0,2.362223421142704e6,0.0,0.0,182430,389445,OPTIMAL,2.455154044953904e6,0.0,2.4551540449606692e6,0.0,0.0,6053205,13003230,0.0,0.0,0.009123458,0.527475833,0.028663167,1.370588417,1.168766833,0.780078625
nrel/118bus_10_24_k_means_conical_bounded_0.01,505263,10,24,k_means,conical_bounded,unscaled,0.01,113.47524339890425,117.85195201960198,1.0618027828460213,110.99231789891856,1.0290815412375156,10,0.9833412802709047,1.0,0.0,0.4876712328767123,0.269041095890411,78355,577,0,0,OPTIMAL,2.30921309470635e6,0.0,2.309213094706269e6,0.0,0.0,182430,389445,OPTIMAL,2.455979291307378e6,0.0,2.455979291314206e6,0.0,0.0,6053205,13003230,0.0,0.0,0.009145125,0.609540208,0.045721042,1.334723583,1.3720645,0.780078625
nrel/118bus_10_24_k_medoids_dirac_0.01,505263,10,24,k_medoids,dirac,unscaled,0.01,142.43371025849663,118.54825253195432,3.08041825085026,38.48446635427917,1.040712078876214,10,1.0,1.0,0.0,0.0,0.1,0,0,0,0,OPTIMAL,2.490335231566646e6,0.0,2.4903352315667407e6,0.0,0.0,182430,389445,OPTIMAL,2.4678562778716995e6,0.0,2.467856277878491e6,0.0,0.0,6053205,13003230,0.0,0.0,0.009109083,0.562701125,9.16e-7,1.32768975,0.933055666,0.780078625
nrel/118bus_10_24_k_medoids_convex_0.01,505263,10,24,k_medoids,convex,unscaled,0.01,125.11311457680644,118.54825253195432,3.08041825085026,38.48446635427917,1.040712078876214,10,1.0,1.0000000000000002,0.0,0.0,0.38493150684931504,83032,404,0,0,OPTIMAL,2.4338105743692312e6,0.0,2.433810574369296e6,0.0,0.0,182430,389445,OPTIMAL,2.456787079240307e6,0.0,2.4567870792469573e6,0.0,0.0,6053205,13003230,0.0,0.0,0.009209833,0.519380625,0.076741417,1.493298541,1.270152541,0.780078625
nrel/118bus_10_24_k_medoids_conical_0.01,505263,10,24,k_medoids,conical,unscaled,0.01,119.71871805834277,118.54825253195432,3.08041825085026,38.48446635427917,1.040712078876214,10,0.9864926000541029,1.1317785377821699,0.37534246575342467,0.5972602739726027,0.40465753424657536,88145,443,0,0,OPTIMAL,2.397926682750585e6,0.0,2.397926682750573e6,0.0,0.0,182430,389445,OPTIMAL,2.4549682357506743e6,0.0,2.4549682357573602e6,0.0,0.0,6053205,13003230,0.0,0.0,0.009342416,0.536445167,0.029313083,1.402344209,1.311226708,0.780078625
nrel/118bus_10_24_k_medoids_conical_bounded_0.01,505263,10,24,k_medoids,conical_bounded,unscaled,0.01,121.54091847515362,118.54825253195432,3.08041825085026,38.48446635427917,1.040712078876214,10,0.9711946866744471,1.0000000000000002,0.0,0.6767123287671233,0.38794520547945205,85058,443,0,0,OPTIMAL,2.3479066666909372e6,0.0,2.3479066666909475e6,0.0,0.0,182430,389445,OPTIMAL,2.456019168314263e6,0.0,2.456019168320896e6,0.0,0.0,6053205,13003230,0.0,0.0,0.009205792,0.557048333,0.076432708,1.343410042,1.542182208,0.780078625
nrel/118bus_10_24_hierarchical_dirac_0.01,505263,10,24,hierarchical,dirac,unscaled,0.01,147.77321079280802,119.07224931804099,3.1060894569864956,38.335099798949116,1.0373270878197993,10,1.0,1.0,0.0,0.0,0.1,0,0,0,0,OPTIMAL,2.497694813977736e6,0.0,2.4976948139777617e6,0.0,0.0,182430,389445,OPTIMAL,2.814133290771754e6,0.0,2.802044900578837e6,0.0,12088.390196655528,6053205,13003230,0.0,1208.8390196655528,0.00909025,0.562611291,1.75e-6,1.209754167,1.037028166,0.780078625
nrel/118bus_10_24_hierarchical_convex_0.01,505263,10,24,hierarchical,convex,unscaled,0.01,126.8481261984759,119.07224931804099,3.1060894569864956,38.335099798949116,1.0373270878197993,10,1.0,1.0000000000000002,0.0,0.0,0.39863013698630134,90380,416,0,0,OPTIMAL,2.4615416375152753e6,0.0,2.46154163751533e6,0.0,0.0,182430,389445,OPTIMAL,2.455205527755854e6,0.0,2.45520552776244e6,0.0,0.0,6053205,13003230,0.0,0.0,0.009163791,0.494969583,0.042941583,1.346898458,1.379527125,0.780078625
nrel/118bus_10_24_hierarchical_conical_0.01,505263,10,24,hierarchical,conical,unscaled,0.01,122.83866218596057,119.07224931804099,3.1060894569864956,38.335099798949116,1.0373270878197993,10,0.9841651172153121,1.1183725362332626,0.3726027397260274,0.6,0.4071232876712329,95314,468,0,0,OPTIMAL,2.435806003427072e6,0.0,2.435806003427097e6,0.0,0.0,182430,389445,OPTIMAL,2.455412869475596e6,0.0,2.45541286948222e6,0.0,0.0,6053205,13003230,0.0,0.0,0.009145292,0.578687625,0.060020083,1.370489792,1.268708125,0.780078625
nrel/118bus_10_24_hierarchical_conical_bounded_0.01,505263,10,24,hierarchical,conical_bounded,unscaled,0.01,123.90608214982092,119.07224931804099,3.1060894569864956,38.335099798949116,1.0373270878197993,10,0.9716507025673443,1.0,0.0,0.6465753424657534,0.40164383561643835,93592,469,0,0,OPTIMAL,2.40533621522527e6,0.0,2.4053362152252477e6,0.0,0.0,182430,389445,OPTIMAL,2.455347579763567e6,0.0,2.455347579770193e6,0.0,0.0,6053205,13003230,0.0,0.0,0.009228542,0.515816666,0.075833375,1.481307084,1.197082167,0.780078625
nrel/118bus_10_24_chronological_dirac_0.01,505263,10,24,chronological,dirac,unscaled,0.01,152.63626535008515,117.94416833329127,2.680003028615046,44.00896830114467,1.0380051876932654,10,1.0,1.0,0.0,0.0,0.1,0,0,0,0,OPTIMAL,2.57890035070637e6,0.0,2.578900350706238e6,0.0,0.0,182430,389445,OPTIMAL,2.5033706971865506e6,0.0,2.503370697192773e6,0.0,0.0,6053205,13003230,0.0,0.0,0.009135292,0.595998709,1.792E-03,1.302895916,0.78609475,0.780078625
nrel/118bus_10_24_chronological_convex_0.01,505263,10,24,chronological,convex,unscaled,0.01,131.70464531310245,117.94416833329127,2.680003028615046,44.00896830114467,1.0380051876932654,10,1.0,1.0000000000000002,0.0,0.0,0.40794520547945207,102791,583,0,0,OPTIMAL,2.5297680417158967e6,0.0,2.5297680417159633e6,0.0,0.0,182430,389445,OPTIMAL,2.454857964250923e6,0.0,2.454857964258151e6,0.0,0.0,6053205,13003230,0.0,0.0,0.009166417,0.509561167,0.068274208,1.309135791,1.360461167,0.780078625
nrel/118bus_10_24_chronological_conical_0.01,505263,10,24,chronological,conical,unscaled,0.01,126.7118140015233,117.94416833329127,2.680003028615046,44.00896830114467,1.0380051876932654,10,0.9840818448943615,1.1436260865654722,0.4054794520547945,0.5671232876712329,0.4232876712328767,105754,588,0,0,OPTIMAL,2.4690541364242225e6,0.0,2.469054136424159e6,0.0,0.0,182430,389445,OPTIMAL,2.450697703182706e6,0.0,2.4506977031900496e6,0.0,0.0,6053205,13003230,0.0,0.0,0.009074708,0.52183,0.055183458,1.48830625,1.196011084,0.780078625
nrel/118bus_10_24_chronological_conical_bounded_0.01,505263,10,24,chronological,conical_bounded,unscaled,0.01,128.0730518674303,117.94416833329127,2.680003028615046,44.00896830114467,1.0380051876932654,10,0.9700613603445091,1.0000000000000002,0.0,0.6328767123287671,0.40876712328767123,102447,590,0,0,OPTIMAL,2.412165335683695e6,0.0,2.41216533568369e6,0.0,0.0,182430,389445,OPTIMAL,2.4527829803758333e6,0.0,2.4527829803831275e6,0.0,0.0,6053205,13003230,0.0,0.0,0.009090625,0.497512375,0.249017958,2.178169708,1.440723583,0.780078625
nrel/118bus_10_24_convex_hull_dirac_0.01,505263,10,24,convex_hull,dirac,unscaled,0.01,185.00049665347092,114.47393719567482,6.304771159302685,18.156715652838344,1.079848590956713,10,1.0,1.0,0.0,0.0,0.1,0,0,860,2380,OPTIMAL,2.812917343586522e6,0.0,2.812917343586514e6,0.0,0.0,182430,389445,OPTIMAL,2.480433313333918e6,0.0,2.4804333133396613e6,0.0,0.0,6053205,13003230,0.0,0.0,0.009312208,0.808895834,8.75e-7,1.322814875,1.154924375,0.780078625
nrel/118bus_10_24_convex_hull_convex_0.01,505263,10,24,convex_hull,convex,unscaled,0.01,129.270405290503,114.47393719567482,6.304771159302685,18.156715652838344,1.079848590956713,10,1.0,1.0000000000000002,0.0,0.0,0.5167123287671233,60623,267,860,2380,OPTIMAL,2.4362486056373017e6,0.0,2.436248605637335e6,0.0,0.0,182430,389445,OPTIMAL,2.472460918212412e6,0.0,2.4724609182187608e6,0.0,0.0,6053205,13003230,0.0,0.0,0.009278792,2.187867917,0.042300083,1.311534375,1.106070459,0.780078625
nrel/118bus_10_24_convex_hull_conical_0.01,505263,10,24,convex_hull,conical,unscaled,0.01,127.49229934338254,114.47393719567482,6.304771159302685,18.156715652838344,1.079848590956713,10,0.9990266259515366,1.142660355238748,0.4904109589041096,0.4821917808219178,0.52,63907,272,860,2380,OPTIMAL,2.432858901870898e6,0.0,2.4328589018709525e6,0.0,0.0,182430,389445,OPTIMAL,2.4755789767848495e6,0.0,2.4755789767911993e6,0.0,0.0,6053205,13003230,0.0,0.0,0.009108459,0.817256417,0.025560708,1.314955458,1.210917208,0.780078625
nrel/118bus_10_24_convex_hull_conical_bounded_0.01,505263,10,24,convex_hull,conical_bounded,unscaled,0.01,128.43518868863302,114.47393719567482,6.304771159302685,18.156715652838344,1.079848590956713,10,0.9813900859511588,1.0000000000000002,0.0,0.5753424657534246,0.5120547945205479,61639,298,860,2380,OPTIMAL,2.390289970359354e6,0.0,2.3902899703593045e6,0.0,0.0,182430,389445,OPTIMAL,2.4714828298562905e6,0.0,2.4714828298626626e6,0.0,0.0,6053205,13003230,0.0,0.0,0.009515333,1.916665292,0.035240375,1.659648166,1.183407334,0.780078625
nrel/118bus_10_24_convex_hull_with_null_dirac_0.01,505263,10,24,convex_hull_with_null,dirac,unscaled,0.01,197.8103690026702,117.29102038570628,5.374511336710094,21.823569258206046,1.081865849132499,10,1.0,1.0,0.0,0.0,0.1,0,0,981,2624,OPTIMAL,3.1784221657307036e6,0.0,3.178422165730842e6,0.0,0.0,182430,389445,OPTIMAL,2.6969515739772734e6,0.0,2.6546860662438753e6,0.0,42265.50773765521,6053205,13003230,0.0,4226.550773765521,0.00927875,1.890774209,1.125E-03,1.452817041,0.97927925,0.780078625
nrel/118bus_10_24_convex_hull_with_null_convex_0.01,505263,10,24,convex_hull_with_null,convex,unscaled,0.01,132.9386485654909,117.29102038570628,5.374511336710094,21.823569258206046,1.081865849132499,10,1.0,1.0000000000000002,0.0,0.0,0.5202739726027398,64326,284,981,2624,OPTIMAL,2.850996202256577e6,0.0,2.85099620225655e6,0.0,0.0,182430,389445,OPTIMAL,2.450145828782576e6,0.0,2.450145828789878e6,0.0,0.0,6053205,13003230,0.0,0.0,0.009388708,2.245842959,0.051411625,1.285541167,1.265945417,0.780078625
nrel/118bus_10_24_convex_hull_with_null_conical_0.01,505263,10,24,convex_hull_with_null,conical,unscaled,0.01,128.80819653705728,117.29102038570628,5.374511336710094,21.823569258206046,1.081865849132499,10,0.9670615402077424,1.0664430166040018,0.2493150684931507,0.7232876712328767,0.5087671232876713,66670,295,981,2624,OPTIMAL,2.7330981860547448e6,0.0,2.7330981860547243e6,0.0,0.0,182430,389445,OPTIMAL,2.4493713710804046e6,0.0,2.449371371087736e6,0.0,0.0,6053205,13003230,0.0,0.0,0.009083667,2.031556584,0.216442666,1.268795292,1.261171667,0.780078625
nrel/118bus_10_24_convex_hull_with_null_conical_bounded_0.01,505263,10,24,convex_hull_with_null,conical_bounded,unscaled,0.01,129.2050702781056,117.29102038570628,5.374511336710094,21.823569258206046,1.081865849132499,10,0.9602981197635351,1.0000000000000002,0.0,0.7616438356164383,0.5079452054794521,66880,294,981,2624,OPTIMAL,2.7191094656716203e6,0.0,2.7191094656715887e6,0.0,0.0,182430,389445,OPTIMAL,2.449880536787382e6,0.0,2.4498805367946955e6,0.0,0.0,6053205,13003230,0.0,0.0,0.009129,2.160151708,0.05116475,1.307160958,1.266722417,0.780078625
nrel/118bus_10_24_conical_hull_dirac_0.01,505263,10,24,conical_hull,dirac,unscaled,0.01,200.47012098065304,107.11246693196937,6.786363577851319,15.783484881587059,1.0944797798569772,10,1.0,1.0,0.0,0.0,0.1,0,0,667,2573,OPTIMAL,2.2848149594988506e6,0.0,2.284814959498885e6,0.0,0.0,182430,389445,OPTIMAL,2.4868003143142667e6,0.0,2.486800314319816e6,0.0,0.0,6053205,13003230,0.0,0.0,0.009086541,1.966828666,8.75e-7,1.433826584,0.971377333,0.780078625
nrel/118bus_10_24_conical_hull_convex_0.01,505263,10,24,conical_hull,convex,unscaled,0.01,145.84921071932237,107.11246693196937,6.786363577851319,15.783484881587059,1.0944797798569772,10,1.0,1.0000000000000002,0.0,0.0,0.5298630136986301,55191,261,667,2573,OPTIMAL,2.3893080577980634e6,0.0,2.389308057798009e6,0.0,0.0,182430,389445,OPTIMAL,2.4618860062937145e6,0.0,2.4618860063004796e6,0.0,0.0,6053205,13003230,0.0,0.0,0.009165625,1.944541875,0.050975125,1.349079084,1.212979875,0.780078625
nrel/118bus_10_24_conical_hull_conical_0.01,505263,10,24,conical_hull,conical,unscaled,0.01,138.98882844294124,107.11246693196937,6.786363577851319,15.783484881587059,1.0944797798569772,10,1.0541855298979002,1.2090114886140122,0.8054794520547945,0.16712328767123288,0.5893150684931507,59452,226,667,2573,OPTIMAL,2.5357913781270995e6,0.0,2.5357913781271297e6,0.0,0.0,182430,389445,OPTIMAL,2.4599370578045216e6,0.0,2.4599370578113473e6,0.0,0.0,6053205,13003230,0.0,0.0,0.009173209,2.201227917,0.024789292,1.401888875,1.099439125,0.780078625
nrel/118bus_10_24_conical_hull_conical_bounded_0.01,505263,10,24,conical_hull,conical_bounded,unscaled,0.01,145.8112651989449,107.11246693196937,6.786363577851319,15.783484881587059,1.0944797798569772,10,0.9939929383067272,1.0000000000000002,0.0,0.3589041095890411,0.5284931506849315,55258,261,667,2573,OPTIMAL,2.375220831864803e6,0.0,2.3752208318649074e6,0.0,0.0,182430,389445,OPTIMAL,2.4619237510894043e6,0.0,2.461923751096153e6,0.0,0.0,6053205,13003230,0.0,0.0,0.009086333,2.1774885,0.032889958,1.323005166,1.1982185,0.780078625
nrel/118bus_20_24_k_means_dirac_0.01,505263,20,24,k_means,dirac,unscaled,0.01,111.55865661513923,164.29128616816067,0.9672454251229939,169.85480820162013,1.0361465882234233,20,1.0,1.0,0.0,0.0,0.05,0,0,0,0,OPTIMAL,2.409541263427014e6,0.0,2.4095412634270084e6,0.0,0.0,348420,745995,OPTIMAL,2.457342894460146e6,0.0,2.4573428944672053e6,0.0,0.0,6053205,13003230,0.0,0.0,0.009086083,0.548076667,1.333E-03,2.027215708,2.883557417,0.780078625
nrel/118bus_20_24_k_means_convex_0.01,505263,20,24,k_means,convex,unscaled,0.01,105.09107084992579,164.29128616816067,0.9672454251229939,169.85480820162013,1.0361465882234233,20,1.0,1.0000000000000002,0.0,0.0,0.1763013698630137,149501,1057,0,0,OPTIMAL,2.4128155163493683e6,0.0,2.412815516349346e6,0.0,0.0,348420,745995,OPTIMAL,2.449544021467433e6,0.0,2.449544021474772e6,0.0,0.0,6053205,13003230,0.0,0.0,0.009199292,0.5610565,0.336872917,2.996700916,2.551824375,0.780078625
nrel/118bus_20_24_k_means_conical_0.01,505263,20,24,k_means,conical,unscaled,0.01,102.36610881489119,164.29128616816067,0.9672454251229939,169.85480820162013,1.0361465882234233,20,1.003876760306488,1.127004287651712,0.5780821917808219,0.42191780821917807,0.17452054794520547,155808,1130,0,0,OPTIMAL,2.4273649106720756e6,0.0,2.4273649106720593e6,0.0,0.0,348420,745995,OPTIMAL,2.4485276276023937e6,0.0,2.4485276276097163e6,0.0,0.0,6053205,13003230,0.0,0.0,0.009473541,0.712901708,0.23045975,1.894947875,2.720221833,0.780078625
nrel/118bus_20_24_k_means_conical_bounded_0.01,505263,20,24,k_means,conical_bounded,unscaled,0.01,103.9311630411743,164.29128616816067,0.9672454251229939,169.85480820162013,1.0361465882234233,20,0.9853479859992854,1.0000000000000002,0.0,0.5260273972602739,0.17383561643835616,152123,1411,0,0,OPTIMAL,2.3793290478140363e6,0.0,2.379329047814089e6,0.0,0.0,348420,745995,OPTIMAL,2.4496443779186574e6,0.0,2.4496443779259836e6,0.0,0.0,6053205,13003230,0.0,0.0,0.009041541,0.614719375,0.152617542,1.830124292,2.833919417,0.780078625
nrel/118bus_20_24_k_medoids_dirac_0.01,505263,20,24,k_medoids,dirac,unscaled,0.01,133.25017326808893,165.66198815600077,2.2495176671695107,73.64333722457377,1.048092537225983,20,1.0,1.0,0.0,0.0,0.05,0,0,0,0,OPTIMAL,2.4136108921111743e6,0.0,2.413610892111158e6,0.0,0.0,348420,745995,OPTIMAL,2.464956446602956e6,0.0,2.4649564466097043e6,0.0,0.0,6053205,13003230,0.0,0.0,0.00929125,0.518792167,1.416E-03,2.086761125,2.844836917,0.780078625
nrel/118bus_20_24_k_medoids_convex_0.01,505263,20,24,k_medoids,convex,unscaled,0.01,110.95376076606317,165.66198815600077,2.2495176671695107,73.64333722457377,1.048092537225983,20,1.0,1.0000000000000002,0.0,0.0,0.26945205479452056,149095,764,0,0,OPTIMAL,2.348190061506102e6,0.0,2.3481900615060763e6,0.0,0.0,348420,745995,OPTIMAL,2.451351930783362e6,0.0,2.4513519307903186e6,0.0,0.0,6053205,13003230,0.0,0.0,0.009102542,0.750717792,1.063856583,2.05998825,3.012072125,0.780078625
nrel/118bus_20_24_k_medoids_conical_0.01,505263,20,24,k_medoids,conical,unscaled,0.01,108.02923146621029,165.66198815600077,2.2495176671695107,73.64333722457377,1.048092537225983,20,0.9952409257431551,1.104472667181441,0.4684931506849315,0.4767123287671233,0.27465753424657535,154288,772,0,0,OPTIMAL,2.334749835458044e6,0.0,2.3347498354581636e6,0.0,0.0,348420,745995,OPTIMAL,2.4504891295448234e6,0.0,2.4504891295519094e6,0.0,0.0,6053205,13003230,0.0,0.0,0.009063292,0.522177292,0.069248875,1.848513792,2.873543041,0.780078625
nrel/118bus_20_24_k_medoids_conical_bounded_0.01,505263,20,24,k_medoids,conical_bounded,unscaled,0.01,109.35114665819843,165.66198815600077,2.2495176671695107,73.64333722457377,1.048092537225983,20,0.9797823840330707,1.0000000000000002,0.0,0.6164383561643836,0.2663013698630137,150796,773,0,0,OPTIMAL,2.3026222186460737e6,0.0,2.302622218646158e6,0.0,0.0,348420,745995,OPTIMAL,2.4512825526478235e6,0.0,2.451282552654804e6,0.0,0.0,6053205,13003230,0.0,0.0,0.009092125,0.49853975,0.172116458,2.054506625,3.762313333,0.780078625
nrel/118bus_20_24_hierarchical_dirac_0.01,505263,20,24,hierarchical,dirac,unscaled,0.01,135.66097434039807,166.0009339813398,2.1698551529761807,76.5032328326858,1.047857964015007,20,1.0,1.0,0.0,0.0,0.05,0,0,0,0,OPTIMAL,2.448663804004733e6,0.0,2.448663804004753e6,0.0,0.0,348420,745995,OPTIMAL,2.5346584716755003e6,0.0,2.534658471681468e6,0.0,0.0,6053205,13003230,0.0,0.0,0.009183417,1.658484291,1.416E-03,2.105426834,1.79664775,0.780078625
nrel/118bus_20_24_hierarchical_convex_0.01,505263,20,24,hierarchical,convex,unscaled,0.01,111.25687323875034,166.0009339813398,2.1698551529761807,76.5032328326858,1.047857964015007,20,1.0,1.0000000000000004,0.0,0.0,0.2710958904109589,153113,763,0,0,OPTIMAL,2.3610769884457723e6,0.0,2.361076988445874e6,0.0,0.0,348420,745995,OPTIMAL,2.4524935095049883e6,0.0,2.4524935095118913e6,0.0,0.0,6053205,13003230,0.0,0.0,0.009309916,0.580291084,0.135486292,1.884110417,2.921590875,0.780078625
nrel/118bus_20_24_hierarchical_conical_0.01,505263,20,24,hierarchical,conical,unscaled,0.01,108.28373338120122,166.0009339813398,2.1698551529761807,76.5032328326858,1.047857964015007,20,0.9946933353211383,1.0897179778236954,0.4520547945205479,0.4931506849315068,0.27150684931506847,155984,798,0,0,OPTIMAL,2.3509733891223078e6,0.0,2.350973389122125e6,0.0,0.0,348420,745995,OPTIMAL,2.452206370278876e6,0.0,2.452206370285799e6,0.0,0.0,6053205,13003230,0.0,0.0,0.009160666,0.537762667,0.299205833,2.856155834,2.886989333,0.780078625
nrel/118bus_20_24_hierarchical_conical_bounded_0.01,505263,20,24,hierarchical,conical_bounded,unscaled,0.01,109.57119189668786,166.0009339813398,2.1698551529761807,76.5032328326858,1.047857964015007,20,0.9792068839241381,1.0000000000000002,0.0,0.6109589041095891,0.2654794520547945,153154,801,0,0,OPTIMAL,2.3184623425553967e6,0.0,2.3184623425553185e6,0.0,0.0,348420,745995,OPTIMAL,2.4525624950612304e6,0.0,2.452562495068102e6,0.0,0.0,6053205,13003230,0.0,0.0,0.009585416,0.524205958,0.143361833,2.872019875,2.960845084,0.780078625
nrel/118bus_20_24_chronological_dirac_0.01,505263,20,24,chronological,dirac,unscaled,0.01,147.45338541388804,167.46389202952903,2.0282484015087494,82.5657704968277,1.0400913099703892,20,1.0,1.0,0.0,0.0,0.05,0,0,0,0,OPTIMAL,2.572222668923686e6,0.0,2.5722226689235102e6,0.0,0.0,348420,745995,OPTIMAL,2.4748323804511293e6,0.0,2.474832380457893e6,0.0,0.0,6053205,13003230,0.0,0.0,0.009232792,0.543812875,8.33e-7,2.761187542,1.904124375,0.780078625
nrel/118bus_20_24_chronological_convex_0.01,505263,20,24,chronological,convex,unscaled,0.01,122.77274035704068,167.46389202952903,2.0282484015087494,82.5657704968277,1.0400913099703892,20,1.0,1.0000000000000002,0.0,0.0,0.2595890410958904,172703,826,0,0,OPTIMAL,2.50431736507389e6,0.0,2.504317365073885e6,0.0,0.0,348420,745995,OPTIMAL,2.4536331847011168e6,0.0,2.4536331847082614e6,0.0,0.0,6053205,13003230,0.0,0.0,0.009196708,0.502098041,1.2243765,2.178733459,2.423833208,0.780078625
nrel/118bus_20_24_chronological_conical_0.01,505263,20,24,chronological,conical,unscaled,0.01,117.59379284672275,167.46389202952903,2.0282484015087494,82.5657704968277,1.0400913099703892,20,0.9784477247159863,1.1100261395244135,0.33424657534246577,0.6109589041095891,0.26246575342465756,174124,827,0,0,OPTIMAL,2.4231035220549535e6,0.0,2.423103522054973e6,0.0,0.0,348420,745995,OPTIMAL,2.450165350453417e6,0.0,2.45016535046067e6,0.0,0.0,6053205,13003230,0.0,0.0,0.009093,0.518737,0.101115375,2.934279792,2.772953667,0.780078625
nrel/118bus_20_24_chronological_conical_bounded_0.01,505263,20,24,chronological,conical_bounded,unscaled,0.01,118.66185349198277,167.46389202952903,2.0282484015087494,82.5657704968277,1.0400913099703892,20,0.9675345836574433,1.0000000000000002,0.0,0.7041095890410959,0.2589041095890411,171735,784,0,0,OPTIMAL,2.382996026043582e6,0.0,2.382996026043616e6,0.0,0.0,348420,745995,OPTIMAL,2.4518342743019336e6,0.0,2.4518342743090848e6,0.0,0.0,6053205,13003230,0.0,0.0,0.009235,0.511921417,0.331140709,2.973636208,2.840662667,0.780078625
nrel/118bus_20_24_convex_hull_dirac_0.01,505263,20,24,convex_hull,dirac,unscaled,0.01,170.73011287711475,160.72808976023936,4.204580690522818,38.22690098979969,1.0854699808366344,20,1.0,1.0,0.0,0.0,0.05,0,0,3025,3720,OPTIMAL,2.8858975266988995e6,0.0,2.885897526698889e6,0.0,0.0,348420,745995,OPTIMAL,2.4789378250393267e6,0.0,2.4789378250454487e6,0.0,0.0,6053205,13003230,0.0,0.0,0.009088833,2.538185041,1.667E-03,1.77724225,3.383121042,0.780078625
nrel/118bus_20_24_convex_hull_convex_0.01,505263,20,24,convex_hull,convex,unscaled,0.01,113.58311358232076,160.72808976023936,4.204580690522818,38.22690098979969,1.0854699808366344,20,1.0,1.0000000000000004,0.0,0.0,0.33465753424657535,108573,464,3025,3720,OPTIMAL,2.5753542387541607e6,0.0,2.5753542387540773e6,0.0,0.0,348420,745995,OPTIMAL,2.45286108378674e6,0.0,2.4528610837937864e6,0.0,0.0,6053205,13003230,0.0,0.0,0.00916425,1.18683225,0.104142834,1.863910792,2.937480708,0.780078625
nrel/118bus_20_24_convex_hull_conical_0.01,505263,20,24,convex_hull,conical,unscaled,0.01,111.67456206839421,160.72808976023936,4.204580690522818,38.22690098979969,1.0854699808366344,20,0.9955132722569352,1.1174248216257652,0.4520547945205479,0.4931506849315068,0.33013698630136984,110249,457,3025,3720,OPTIMAL,2.5624037894294574e6,0.0,2.562403789429485e6,0.0,0.0,348420,745995,OPTIMAL,2.4536496719090417e6,0.0,2.453649671915889e6,0.0,0.0,6053205,13003230,0.0,0.0,0.009557417,2.724173042,0.070463375,1.9505645,2.925283542,0.780078625
nrel/118bus_20_24_convex_hull_conical_bounded_0.01,505263,20,24,convex_hull,conical_bounded,unscaled,0.01,112.66683003026029,160.72808976023936,4.204580690522818,38.22690098979969,1.0854699808366344,20,0.9799259435948392,1.0000000000000002,0.0,0.6602739726027397,0.32602739726027397,109160,486,3025,3720,OPTIMAL,2.5359498861097735e6,0.0,2.5359498861096255e6,0.0,0.0,348420,745995,OPTIMAL,2.453161938545339e6,0.0,2.4531619385522916e6,0.0,0.0,6053205,13003230,0.0,0.0,0.00905375,2.538827666,0.123620625,1.88289375,2.800369667,0.780078625
nrel/118bus_20_24_convex_hull_with_null_dirac_0.01,505263,20,24,convex_hull_with_null,dirac,unscaled,0.01,176.40400857140196,161.10806088605378,4.159118762486404,38.73610495068916,1.085552325087417,20,1.0,1.0,0.0,0.0,0.05,0,0,3157,3953,OPTIMAL,2.796973246755836e6,0.0,2.7969732467558836e6,0.0,0.0,348420,745995,OPTIMAL,2.4989848418077435e6,0.0,2.498984841813138e6,0.0,0.0,6053205,13003230,0.0,0.0,0.009231625,2.58696125,8.75e-7,1.802156417,2.932878833,0.780078625
nrel/118bus_20_24_convex_hull_with_null_convex_0.01,505263,20,24,convex_hull_with_null,convex,unscaled,0.01,115.3982000743008,161.10806088605378,4.159118762486404,38.73610495068916,1.085552325087417,20,1.0,1.0000000000000002,0.0,0.0,0.3515068493150685,110252,658,3157,3953,OPTIMAL,2.6290885660573184e6,0.0,2.6290885660573966e6,0.0,0.0,348420,745995,OPTIMAL,2.4506427116135545e6,0.0,2.450642711620713e6,0.0,0.0,6053205,13003230,0.0,0.0,0.009204958,1.223814542,0.107522417,2.10992125,3.900951625,0.780078625
nrel/118bus_20_24_convex_hull_with_null_conical_0.01,505263,20,24,convex_hull_with_null,conical,unscaled,0.01,113.30824635689503,161.10806088605378,4.159118762486404,38.73610495068916,1.085552325087417,20,0.9875172626646748,1.0846383239906026,0.3835616438356164,0.5616438356164384,0.346027397260274,113334,545,3157,3953,OPTIMAL,2.6078299231202938e6,0.0,2.60782992312038e6,0.0,0.0,348420,745995,OPTIMAL,2.450661308195991e6,0.0,2.450661308203206e6,0.0,0.0,6053205,13003230,0.0,0.0,0.009057416,2.657332792,0.071005292,2.014191584,2.748976125,0.780078625
nrel/118bus_20_24_convex_hull_with_null_conical_bounded_0.01,505263,20,24,convex_hull_with_null,conical_bounded,unscaled,0.01,114.05011815308609,161.10806088605378,4.159118762486404,38.73610495068916,1.085552325087417,20,0.9756781659151946,1.0000000000000002,0.0,0.6575342465753424,0.3419178082191781,111412,516,3157,3953,OPTIMAL,2.5943844104042943e6,0.0,2.5943844104043744e6,0.0,0.0,348420,745995,OPTIMAL,2.4502674887249735e6,0.0,2.450267488732199e6,0.0,0.0,6053205,13003230,0.0,0.0,0.009188375,2.577111541,0.104547291,1.910006584,2.777705833,0.780078625
nrel/118bus_20_24_conical_hull_dirac_0.01,505263,20,24,conical_hull,dirac,unscaled,0.01,181.57351472623466,149.56097995343544,4.6010292129300465,32.505983559750405,1.0917436998144456,20,1.0,1.0,0.0,0.0,0.05,0,0,2627,4118,OPTIMAL,2.1854448734568367e6,0.0,2.1854448734568157e6,0.0,0.0,348420,745995,OPTIMAL,2.4850232931121597e6,0.0,2.485023293117739e6,0.0,0.0,6053205,13003230,0.0,0.0,0.009095583,2.255224166,1.083E-03,1.881525166,2.34794075,0.780078625
nrel/118bus_20_24_conical_hull_convex_0.01,505263,20,24,conical_hull,convex,unscaled,0.01,126.49479940373581,149.56097995343544,4.6010292129300465,32.505983559750405,1.0917436998144456,20,1.0,1.0000000000000002,0.0,0.0,0.3152054794520548,91665,408,2627,4118,OPTIMAL,2.2686641821339354e6,0.0,2.2686641821338516e6,0.0,0.0,348420,745995,OPTIMAL,2.461992716012823e6,0.0,2.4619927160195466e6,0.0,0.0,6053205,13003230,0.0,0.0,0.009198042,1.155944583,0.105158708,1.945516583,2.721517917,0.780078625
nrel/118bus_20_24_conical_hull_conical_0.01,505263,20,24,conical_hull,conical,unscaled,0.01,117.92791681495994,149.56097995343544,4.6010292129300465,32.505983559750405,1.0917436998144456,20,1.0558114995691095,1.2233222030420772,0.8136986301369863,0.13150684931506848,0.3589041095890411,99966,491,2627,4118,OPTIMAL,2.393815165320374e6,0.0,2.39381516532032e6,0.0,0.0,348420,745995,OPTIMAL,2.4603921296971687e6,0.0,2.4603921297039725e6,0.0,0.0,6053205,13003230,0.0,0.0,0.009048167,2.441100208,0.066113125,2.017452917,3.222853041,0.780078625
nrel/118bus_20_24_conical_hull_conical_bounded_0.01,505263,20,24,conical_hull,conical_bounded,unscaled,0.01,126.58630467310726,149.56097995343544,4.6010292129300465,32.505983559750405,1.0917436998144456,20,0.9944088149664128,1.0000000000000002,0.0,0.4,0.31465753424657533,92008,436,2627,4118,OPTIMAL,2.25650759094091e6,0.0,2.256507590940889e6,0.0,0.0,348420,745995,OPTIMAL,2.462204945316404e6,0.0,2.46220494532312e6,0.0,0.0,6053205,13003230,0.0,0.0,0.00906375,2.439849833,0.074372583,1.953663291,2.945007708,0.780078625
nrel/118bus_40_24_k_means_dirac_0.01,505263,40,24,k_means,dirac,unscaled,0.01,101.17576067034679,231.69992769139571,0.7406675383508062,312.8258168399092,1.0439659818970002,40,1.0,1.0,0.0,0.0,25,0,0,0,0,OPTIMAL,2.4132564297934407e6,0.0,2.41325642979359e6,0.0,0.0,680400,1459095,OPTIMAL,2.4525829338470115e6,0.0,2.4525829338541524e6,0.0,0.0,6053205,13003230,0.0,0.0,0.009132042,0.527859834,1.792E-03,3.975555417,4.447699125,0.780078625
nrel/118bus_40_24_k_means_convex_0.01,505263,40,24,k_means,convex,unscaled,0.01,94.36157459357402,231.69992769139571,0.7406675383508062,312.8258168399092,1.0439659818970002,40,1.0,1.0000000000000002,0.0,0.0,0.10664383561643835,232862,1561,0,0,OPTIMAL,2.408805879043137e6,0.0,2.408805879043074e6,0.0,0.0,680400,1459095,OPTIMAL,2.4475067679100386e6,0.0,2.4475067679172126e6,0.0,0.0,6053205,13003230,0.0,0.0,0.009145333,0.580484,1.45767675,3.529720958,8.690944375,0.780078625
nrel/118bus_40_24_k_means_conical_0.01,505263,40,24,k_means,conical,unscaled,0.01,91.93103752731459,231.69992769139571,0.7406675383508062,312.8258168399092,1.0439659818970002,40,1.0045059334241426,1.0977669298155308,0.5671232876712329,0.4246575342465753,0.10726027397260274,235276,1652,0,0,OPTIMAL,2.4221459226752734e6,0.0,2.4221459226753265e6,0.0,0.0,680400,1459095,OPTIMAL,2.4468034489653306e6,0.0,2.446803448972608e6,0.0,0.0,6053205,13003230,0.0,0.0,0.00903,0.553912042,0.251865083,4.145412,6.311011833,0.780078625
nrel/118bus_40_24_k_means_conical_bounded_0.01,505263,40,24,k_means,conical_bounded,unscaled,0.01,93.6557101452367,231.69992769139571,0.7406675383508062,312.8258168399092,1.0439659818970002,40,0.986366305355652,1.0000000000000002,0.0,0.6246575342465753,0.1036986301369863,228481,1561,0,0,OPTIMAL,2.37797091919223e6,0.0,2.3779709191920846e6,0.0,0.0,680400,1459095,OPTIMAL,2.447718811190196e6,0.0,2.4477188111974103e6,0.0,0.0,6053205,13003230,0.0,0.0,0.009066208,0.522939,1.670717459,3.306009917,6.172111208,0.780078625
nrel/118bus_40_24_k_medoids_dirac_0.01,505263,40,24,k_medoids,dirac,unscaled,0.01,125.05525045739408,233.75675299048058,1.3720201800575027,170.3741361739181,1.0572319045974703,40,1.0,1.0,0.0,0.0,25,0,0,0,0,OPTIMAL,2.459462125155155e6,0.0,2.459462125155113e6,0.0,0.0,680400,1459095,OPTIMAL,2.4605734579158127e6,0.0,2.4605734579228894e6,0.0,0.0,6053205,13003230,0.0,0.0,0.009294667,0.49773075,1.417E-03,4.096487792,4.946148083,0.780078625
nrel/118bus_40_24_k_medoids_convex_0.01,505263,40,24,k_medoids,convex,unscaled,0.01,98.09278497630382,233.75675299048058,1.3720201800575027,170.3741361739181,1.0572319045974703,40,1.0,1.0000000000000002,0.0,0.0,0.16356164383561644,226634,1398,0,0,OPTIMAL,2.400355115772671e6,0.0,2.4003551157725197e6,0.0,0.0,680400,1459095,OPTIMAL,2.450402240072249e6,0.0,2.450402240079262e6,0.0,0.0,6053205,13003230,0.0,0.0,0.009029417,0.545011959,1.561563958,3.002993166,7.171347792,0.780078625
nrel/118bus_40_24_k_medoids_conical_0.01,505263,40,24,k_medoids,conical,unscaled,0.01,95.5125676204819,233.75675299048058,1.3720201800575027,170.3741361739181,1.0572319045974703,40,1.0048474851145535,1.1076482191157853,0.5232876712328767,0.36712328767123287,0.16712328767123288,235372,1415,0,0,OPTIMAL,2.414949729480536e6,0.0,2.4149497294804757e6,0.0,0.0,680400,1459095,OPTIMAL,2.4485432546897726e6,0.0,2.448543254696918e6,0.0,0.0,6053205,13003230,0.0,0.0,0.009286625,0.571042083,1.294525708,3.509439292,6.599572959,0.780078625
nrel/118bus_40_24_k_medoids_conical_bounded_0.01,505263,40,24,k_medoids,conical_bounded,unscaled,0.01,97.39851255024527,233.75675299048058,1.3720201800575027,170.3741361739181,1.0572319045974703,40,0.9859635527334802,1.0000000000000002,0.0,0.5808219178082191,0.16164383561643836,231452,1260,0,0,OPTIMAL,2.358292661868152e6,0.0,2.3582926618682235e6,0.0,0.0,680400,1459095,OPTIMAL,2.449936923065884e6,0.0,2.4499369230729053e6,0.0,0.0,6053205,13003230,0.0,0.0,0.009235041,0.503983166,0.406198292,4.284500041,6.718195542,0.780078625
nrel/118bus_40_24_hierarchical_dirac_0.01,505263,40,24,hierarchical,dirac,unscaled,0.01,124.97018852894111,227.60611906419746,1.7640881758824827,129.02196283376696,1.0605386397500922,40,1.0,1.0,0.0,0.0,25,0,0,0,0,OPTIMAL,2.4367230483008283e6,0.0,2.436723048300915e6,0.0,0.0,680400,1459095,OPTIMAL,2.4607326039296463e6,0.0,2.4607326039366317e6,0.0,0.0,6053205,13003230,0.0,0.0,0.009061791,0.540782042,1.459E-03,4.061470458,4.592196667,0.780078625
nrel/118bus_40_24_hierarchical_convex_0.01,505263,40,24,hierarchical,convex,unscaled,0.01,96.92565642064548,227.60611906419746,1.7640881758824827,129.02196283376696,1.0605386397500922,40,1.0,1.0000000000000002,0.0,0.0,0.1645890410958904,211952,1119,0,0,OPTIMAL,2.41848802704775e6,0.0,2.418488027047612e6,0.0,0.0,680400,1459095,OPTIMAL,2.4479802597586247e6,0.0,2.4479802597657004e6,0.0,0.0,6053205,13003230,0.0,0.0,0.009171542,0.598726583,1.478308167,3.602041625,8.128171875,0.780078625
nrel/118bus_40_24_hierarchical_conical_0.01,505263,40,24,hierarchical,conical,unscaled,0.01,94.32622729557245,227.60611906419746,1.7640881758824827,129.02196283376696,1.0605386397500922,40,1.0047025608857358,1.117343217726413,0.4958904109589041,0.39452054794520547,0.17164383561643837,219513,1171,0,0,OPTIMAL,2.429842149953567e6,0.0,2.4298421499537257e6,0.0,0.0,680400,1459095,OPTIMAL,2.4471497135539996e6,0.0,2.447149713561093e6,0.0,0.0,6053205,13003230,0.0,0.0,0.008951583,0.540514333,0.215753625,4.3000965,7.392102041,0.780078625
nrel/118bus_40_24_hierarchical_conical_bounded_0.01,505263,40,24,hierarchical,conical_bounded,unscaled,0.01,96.3562706271365,227.60611906419746,1.7640881758824827,129.02196283376696,1.0605386397500922,40,0.9849932428473428,1.0000000000000002,0.0,0.6712328767123288,0.16157534246575342,214625,1110,0,0,OPTIMAL,2.3838226226309193e6,0.0,2.383822622630973e6,0.0,0.0,680400,1459095,OPTIMAL,2.448130129251051e6,0.0,2.4481301292581353e6,0.0,0.0,6053205,13003230,0.0,0.0,0.00909175,0.506867667,0.390368584,4.245637625,7.1196835,0.780078625
nrel/118bus_40_24_chronological_dirac_0.01,505263,40,24,chronological,dirac,unscaled,0.01,142.7162795268989,236.18193038719664,1.381433279789046,170.96875675621712,1.0426094081028499,40,1.0,1.0,0.0,0.0,25,0,0,0,0,OPTIMAL,2.556776104856396e6,0.0,2.5567761048562815e6,0.0,0.0,680400,1459095,OPTIMAL,2.4700497963133836e6,0.0,2.470049796320133e6,0.0,0.0,6053205,13003230,0.0,0.0,0.009088042,0.501526625,1.375E-03,4.196905541,3.622360875,0.780078625
nrel/118bus_40_24_chronological_convex_0.01,505263,40,24,chronological,convex,unscaled,0.01,110.64351402673343,236.18193038719664,1.381433279789046,170.96875675621712,1.0426094081028499,40,1.0,1.0000000000000002,0.0,0.0,0.15020547945205479,245790,1522,0,0,OPTIMAL,2.4928398124704915e6,0.0,2.4928398124705125e6,0.0,0.0,680400,1459095,OPTIMAL,2.4492632476546965e6,0.0,2.449263247661799e6,0.0,0.0,6053205,13003230,0.0,0.0,0.00925525,0.502984666,1.584453834,3.314570583,7.621079292,0.780078625
nrel/118bus_40_24_chronological_conical_0.01,505263,40,24,chronological,conical,unscaled,0.01,107.2811253519378,236.18193038719664,1.381433279789046,170.96875675621712,1.0426094081028499,40,0.9822592997710583,1.0881299856044264,0.32602739726027397,0.5643835616438356,0.15109589041095892,252210,1309,0,0,OPTIMAL,2.443803962704811e6,0.0,2.4438039627046296e6,0.0,0.0,680400,1459095,OPTIMAL,2.4482113183654216e6,0.0,2.448211318372549e6,0.0,0.0,6053205,13003230,0.0,0.0,0.009086667,0.519778,0.439255417,3.978036375,7.199349208,0.780078625
nrel/118bus_40_24_chronological_conical_bounded_0.01,505263,40,24,chronological,conical_bounded,unscaled,0.01,108.04924273445845,236.18193038719664,1.381433279789046,170.96875675621712,1.0426094081028499,40,0.9728615802724987,1.0000000000000002,0.0,0.6876712328767123,0.14773972602739727,249727,1522,0,0,OPTIMAL,2.4172182765170005e6,0.0,2.4172182765170825e6,0.0,0.0,680400,1459095,OPTIMAL,2.4489779495179383e6,0.0,2.448977949525029e6,0.0,0.0,6053205,13003230,0.0,0.0,0.009175125,0.524148042,0.441323041,4.118470666,7.081792417,0.780078625
nrel/118bus_40_24_convex_hull_dirac_0.01,505263,40,24,convex_hull,dirac,unscaled,0.01,154.51689868754465,223.4633900790177,2.655819711056185,84.14102401181034,1.081525184110448,40,1.0,1.0,0.0,0.0,25,0,0,7734,5721,OPTIMAL,2.8193399642064697e6,0.0,2.8193399642067193e6,0.0,0.0,680400,1459095,OPTIMAL,2.4710851835109773e6,0.0,2.4710851835172637e6,0.0,0.0,6053205,13003230,0.0,0.0,0.009392208,4.012391708,7.5e-7,3.105530291,5.776901875,0.780078625
nrel/118bus_40_24_convex_hull_convex_0.01,505263,40,24,convex_hull,convex,unscaled,0.01,98.6786711181127,223.4633900790177,2.655819711056185,84.14102401181034,1.081525184110448,40,1.0,1.0000000000000004,0.0,0.0,0.1934931506849315,167520,796,7734,5721,OPTIMAL,2.6236263598839347e6,0.0,2.623626359884052e6,0.0,0.0,680400,1459095,OPTIMAL,2.450877595115317e6,0.0,2.4508775951221604e6,0.0,0.0,6053205,13003230,0.0,0.0,0.0094025,3.854495167,0.288087125,3.262481125,7.028816583,0.780078625
nrel/118bus_40_24_convex_hull_conical_0.01,505263,40,24,convex_hull,conical,unscaled,0.01,96.89686094546485,223.4633900790177,2.655819711056185,84.14102401181034,1.081525184110448,40,0.9973396396185954,1.1136002413186705,0.41643835616438357,0.473972602739726,0.1932876712328767,173883,855,7734,5721,OPTIMAL,2.607829227569515e6,0.0,2.607829227569705e6,0.0,0.0,680400,1459095,OPTIMAL,2.4512873297517784e6,0.0,2.4512873297585556e6,0.0,0.0,6053205,13003230,0.0,0.0,0.00907175,3.794095375,0.192427542,3.266383916,8.812458709,0.780078625
nrel/118bus_40_24_convex_hull_conical_bounded_0.01,505263,40,24,convex_hull,conical_bounded,unscaled,0.01,98.02366839543251,223.4633900790177,2.655819711056185,84.14102401181034,1.081525184110448,40,0.9816473490584627,1.0000000000000002,0.0,0.6684931506849315,0.18746575342465754,167821,788,7734,5721,OPTIMAL,2.5872640961440024e6,0.0,2.5872640961440536e6,0.0,0.0,680400,1459095,OPTIMAL,2.4515530031478615e6,0.0,2.4515530031546666e6,0.0,0.0,6053205,13003230,0.0,0.0,0.009139,3.733025834,0.275644916,3.253742042,6.59493975,0.780078625
nrel/118bus_40_24_convex_hull_with_null_dirac_0.01,505263,40,24,convex_hull_with_null,dirac,unscaled,0.01,158.0676633883084,222.09680464176,2.833833765935174,78.37326497818313,1.0815587530755182,40,1.0,1.0,0.0,0.0,25,0,0,8214,5606,OPTIMAL,2.6757005578314634e6,0.0,2.675700557831738e6,0.0,0.0,680400,1459095,OPTIMAL,2.492952515729297e6,0.0,2.49295251573459e6,0.0,0.0,6053205,13003230,0.0,0.0,0.009377875,3.685712209,1.541E-03,3.127458292,5.553996834,0.780078625
nrel/118bus_40_24_convex_hull_with_null_convex_0.01,505263,40,24,convex_hull_with_null,convex,unscaled,0.01,101.00896363677082,222.09680464176,2.833833765935174,78.37326497818313,1.0815587530755182,40,1.0,1.0000000000000002,0.0,0.0,0.198013698630137,160833,758,8214,5606,OPTIMAL,2.5999350039378637e6,0.0,2.5999350039376854e6,0.0,0.0,680400,1459095,OPTIMAL,2.454708117369532e6,0.0,2.4547081173765613e6,0.0,0.0,6053205,13003230,0.0,0.0,0.009136583,3.637268875,0.255796542,3.228169625,8.448592042,0.780078625
nrel/118bus_40_24_convex_hull_with_null_conical_0.01,505263,40,24,convex_hull_with_null,conical,unscaled,0.01,99.08961678110825,222.09680464176,2.833833765935174,78.37326497818313,1.0815587530755182,40,0.9938357539588792,1.091774598532438,0.4054794520547945,0.4849315068493151,0.19547945205479453,165233,822,8214,5606,OPTIMAL,2.5853210393270794e6,0.0,2.5853210393271786e6,0.0,0.0,680400,1459095,OPTIMAL,2.4550400729633463e6,0.0,2.455040072970299e6,0.0,0.0,6053205,13003230,0.0,0.0,0.009426,3.609863875,0.17077425,3.23164975,6.584512958,0.780078625
nrel/118bus_40_24_convex_hull_with_null_conical_bounded_0.01,505263,40,24,convex_hull_with_null,conical_bounded,unscaled,0.01,100.11704518217658,222.09680464176,2.833833765935174,78.37326497818313,1.0815587530755182,40,0.9801692287450386,1.0000000000000002,0.0,0.6958904109589041,0.1915068493150685,160744,819,8214,5606,OPTIMAL,2.5697922856917917e6,0.0,2.5697922856918033e6,0.0,0.0,680400,1459095,OPTIMAL,2.4547922159263548e6,0.0,2.454792215933292e6,0.0,0.0,6053205,13003230,0.0,0.0,0.00916,3.649150875,0.260702458,3.225795,6.752099375,0.780078625
nrel/118bus_40_24_conical_hull_dirac_0.01,505263,40,24,conical_hull,dirac,unscaled,0.01,167.28946114755132,211.28486434043862,3.014391875330563,70.09203616476334,1.083157177209324,40,1.0,1.0,0.0,0.0,25,0,0,7432,6023,OPTIMAL,2.2926138302900717e6,0.0,2.2926138302903636e6,0.0,0.0,680400,1459095,OPTIMAL,2.468492258355079e6,0.0,2.4684922583612003e6,0.0,0.0,6053205,13003230,0.0,0.0,0.009045333,2.981952667,1.542E-03,3.075013375,5.69858025,0.780078625
nrel/118bus_40_24_conical_hull_convex_0.01,505263,40,24,conical_hull,convex,unscaled,0.01,115.91828669719784,211.28486434043862,3.014391875330563,70.09203616476334,1.083157177209324,40,1.0,1.0000000000000002,0.0,0.0,0.18253424657534248,149306,870,7432,6023,OPTIMAL,2.3017553305150373e6,0.0,2.301755330514963e6,0.0,0.0,680400,1459095,OPTIMAL,2.458389599079435e6,0.0,2.45838959908625e6,0.0,0.0,6053205,13003230,0.0,0.0,0.009094166,2.946154,0.236443375,3.18247,8.052729958,0.780078625
nrel/118bus_40_24_conical_hull_conical_0.01,505263,40,24,conical_hull,conical,unscaled,0.01,105.93143195372782,211.28486434043862,3.014391875330563,70.09203616476334,1.083157177209324,40,1.0591405116981485,1.2296435530008367,0.7835616438356164,0.10684931506849316,0.2086986301369863,159009,815,7432,6023,OPTIMAL,2.4569863469864777e6,0.0,2.4569863469863785e6,0.0,0.0,680400,1459095,OPTIMAL,2.4545928722701245e6,0.0,2.4545928722771564e6,0.0,0.0,6053205,13003230,0.0,0.0,0.009503083,3.058581083,0.177679458,3.370865292,8.403182041,0.780078625
nrel/118bus_40_24_conical_hull_conical_bounded_0.01,505263,40,24,conical_hull,conical_bounded,unscaled,0.01,116.56245231938175,211.28486434043862,3.014391875330563,70.09203616476334,1.083157177209324,40,0.9939892668952961,1.0000000000000002,0.0,0.5232876712328767,0.1815068493150685,148435,870,7432,6023,OPTIMAL,2.286432149489644e6,0.0,2.2864321494896337e6,0.0,0.0,680400,1459095,OPTIMAL,2.45850345024791e6,0.0,2.4585034502547015e6,0.0,0.0,6053205,13003230,0.0,0.0,0.009014583,2.953092084,0.267179709,3.160392125,8.40157,0.780078625
nrel/118bus_80_24_k_means_dirac_0.01,505263,80,24,k_means,dirac,unscaled,0.01,88.79917214253143,327.0846496192819,0.5495210627896526,595.2176754769532,1.0488910782855494,80,1.0,1.0,0.0,0.0,0.0125,0,0,0,0,OPTIMAL,2.4207863984213807e6,0.0,2.420786398421959e6,0.0,0.0,1344360,2885295,OPTIMAL,2.4474939335235464e6,0.0,2.447493933530872e6,0.0,0.0,6053205,13003230,0.0,0.0,0.009215542,0.592239917,1.542E-03,6.702473833,11.447236292,0.780078625
nrel/118bus_80_24_k_means_convex_0.01,505263,80,24,k_means,convex,unscaled,0.01,81.28644989028648,327.0846496192819,0.5495210627896526,595.2176754769532,1.0488910782855494,80,1.0,1.0000000000000002,0.0,0.0,0.06407534246575343,338302,2094,0,0,OPTIMAL,2.4028737855186067e6,0.0,2.4028737855185294e6,0.0,0.0,1344360,2885295,OPTIMAL,2.443431727671377e6,0.0,2.4434317276785905e6,0.0,0.0,6053205,13003230,0.0,0.0,0.009105542,0.5420395,1.269766875,7.171593833,19.700166042,0.780078625
nrel/118bus_80_24_k_means_conical_0.01,505263,80,24,k_means,conical,unscaled,0.01,79.55264623912748,327.0846496192819,0.5495210627896526,595.2176754769532,1.0488910782855494,80,1.004749182273062,1.1002054185943733,0.5452054794520548,0.40821917808219177,0.06513698630136987,348977,2235,0,0,OPTIMAL,2.4092224392404975e6,0.0,2.409222439240334e6,0.0,0.0,1344360,2885295,OPTIMAL,2.4435764298944455e6,0.0,2.4435764299016986e6,0.0,0.0,6053205,13003230,0.0,0.0,0.009074792,0.573512084,2.198682292,5.813245875,18.515618,0.780078625
nrel/118bus_80_24_k_means_conical_bounded_0.01,505263,80,24,k_means,conical_bounded,unscaled,0.01,81.11586676151876,327.0846496192819,0.5495210627896526,595.2176754769532,1.0488910782855494,80,0.9882240119565068,1.0000000000000002,0.0,0.7013698630136986,0.06243150684931507,340873,2085,0,0,OPTIMAL,2.379755380877804e6,0.0,2.3797553808779176e6,0.0,0.0,1344360,2885295,OPTIMAL,2.443501546126146e6,0.0,2.44350154613342e6,0.0,0.0,6053205,13003230,0.0,0.0,0.009156917,0.603228958,1.317581417,7.25745575,21.229374167,0.780078625
nrel/118bus_80_24_k_medoids_dirac_0.01,505263,80,24,k_medoids,dirac,unscaled,0.01,112.02605428646254,330.60328848482254,0.9832832518559116,336.22385803970604,1.0570030817126261,80,1.0,1.0,0.0,0.0,0.0125,0,0,0,0,OPTIMAL,2.4198687722709607e6,0.0,2.4198687722714725e6,0.0,0.0,1344360,2885295,OPTIMAL,2.4542493444712115e6,0.0,2.4542493444782794e6,0.0,0.0,6053205,13003230,0.0,0.0,0.00911,0.532922667,1.375E-03,6.853392959,11.235966333,0.780078625
nrel/118bus_80_24_k_medoids_convex_0.01,505263,80,24,k_medoids,convex,unscaled,0.01,84.71986689801747,330.60328848482254,0.9832832518559116,336.22385803970604,1.0570030817126261,80,1.0,1.0000000000000002,0.0,0.0,0.09078767123287672,309633,1811,0,0,OPTIMAL,2.393670703681105e6,0.0,2.3936707036812874e6,0.0,0.0,1344360,2885295,OPTIMAL,2.445293026095536e6,0.0,2.4452930261027715e6,0.0,0.0,6053205,13003230,0.0,0.0,0.009235166,0.503907041,1.174845583,7.303094416,21.440588708,0.780078625
nrel/118bus_80_24_k_medoids_conical_0.01,505263,80,24,k_medoids,conical,unscaled,0.01,82.43831147931407,330.60328848482254,0.9832832518559116,336.22385803970604,1.0570030817126261,80,1.0049594806431597,1.114544159751333,0.4410958904109589,0.33972602739726027,0.09219178082191781,314286,1714,0,0,OPTIMAL,2.4106588344301013e6,0.0,2.4106588344301446e6,0.0,0.0,1344360,2885295,OPTIMAL,2.4448139032770116e6,0.0,2.4448139032843267e6,0.0,0.0,6053205,13003230,0.0,0.0,0.00928475,0.534301041,2.110604625,5.730010792,22.824812417,0.780078625
nrel/118bus_80_24_k_medoids_conical_bounded_0.01,505263,80,24,k_medoids,conical_bounded,unscaled,0.01,84.53328249864578,330.60328848482254,0.9832832518559116,336.22385803970604,1.0570030817126261,80,0.9868171683533764,1.0000000000000002,0.0,0.6273972602739726,0.0889041095890411,308226,1900,0,0,OPTIMAL,2.362476317363819e6,0.0,2.362476317363881e6,0.0,0.0,1344360,2885295,OPTIMAL,2.445476648610234e6,0.0,2.4454766486174706e6,0.0,0.0,6053205,13003230,0.0,0.0,0.0090545,0.503375208,1.188712667,7.203845291,21.864655833,0.780078625
nrel/118bus_80_24_hierarchical_dirac_0.01,505263,80,24,hierarchical,dirac,unscaled,0.01,108.06255844185605,319.8417976399709,1.1806713014094425,270.8982569985019,1.0642944574082613,80,1.0,1.0,0.0,0.0,0.0125,0,0,0,0,OPTIMAL,2.4897435255343625e6,0.0,2.4897435255350894e6,0.0,0.0,1344360,2885295,OPTIMAL,2.4507064780105646e6,0.0,2.450706478017959e6,0.0,0.0,6053205,13003230,0.0,0.0,0.008859666,0.873689167,1.458E-03,5.789189375,10.269077666,0.780078625
nrel/118bus_80_24_hierarchical_convex_0.01,505263,80,24,hierarchical,convex,unscaled,0.01,81.83596617031839,319.8417976399709,1.1806713014094425,270.8982569985019,1.0642944574082613,80,1.0,1.0000000000000004,0.0,0.0,0.08777397260273972,289896,1622,0,0,OPTIMAL,2.455514425895962e6,0.0,2.4555144258958506e6,0.0,0.0,1344360,2885295,OPTIMAL,2.4450243895184025e6,0.0,2.4450243895258037e6,0.0,0.0,6053205,13003230,0.0,0.0,0.009201459,0.509439875,2.543679417,5.678953708,19.484276208,0.780078625
nrel/118bus_80_24_hierarchical_conical_0.01,505263,80,24,hierarchical,conical,unscaled,0.01,79.76749114968827,319.8417976399709,1.1806713014094425,270.8982569985019,1.0642944574082613,80,1.004646752152505,1.1036657833082402,0.4438356164383562,0.336986301369863,0.09044520547945205,297744,2051,0,0,OPTIMAL,2.4648403049698146e6,0.0,2.4648403049697177e6,0.0,0.0,1344360,2885295,OPTIMAL,2.4450491601966405e6,0.0,2.4450491602040604e6,0.0,0.0,6053205,13003230,0.0,0.0,0.009325792,0.497198792,2.08794975,5.801189417,19.296855375,0.780078625
nrel/118bus_80_24_hierarchical_conical_bounded_0.01,505263,80,24,hierarchical,conical_bounded,unscaled,0.01,81.59059828489497,319.8417976399709,1.1806713014094425,270.8982569985019,1.0642944574082613,80,0.98842335592245,1.0000000000000002,0.0,0.5671232876712329,0.08633561643835616,290595,1767,0,0,OPTIMAL,2.4311161715790294e6,0.0,2.431116171578963e6,0.0,0.0,1344360,2885295,OPTIMAL,2.4452447442142465e6,0.0,2.445244744221656e6,0.0,0.0,6053205,13003230,0.0,0.0,0.009304916,0.495267083,1.134678708,7.117023834,18.714019,0.780078625
nrel/118bus_80_24_chronological_dirac_0.01,505263,80,24,chronological,dirac,unscaled,0.01,131.8517226128461,333.32163157314545,0.8970184465064848,371.5883802292975,1.0467640276237251,80,1.0,1.0,0.0,0.0,0.0125,0,0,0,0,OPTIMAL,2.458319513290848e6,0.0,2.4583195132892802e6,0.0,0.0,1344360,2885295,OPTIMAL,2.4596817609100747e6,0.0,2.4596817609169725e6,0.0,0.0,6053205,13003230,0.0,0.0,0.009366791,0.548232167,1.291E-03,7.093515792,8.354707292,0.780078625
nrel/118bus_80_24_chronological_convex_0.01,505263,80,24,chronological,convex,unscaled,0.01,93.06211054691975,333.32163157314545,0.8970184465064848,371.5883802292975,1.0467640276237251,80,1.0,1.0000000000000002,0.0,0.0,0.0827054794520548,322923,1909,0,0,OPTIMAL,2.4633949632260203e6,0.0,2.46339496322579e6,0.0,0.0,1344360,2885295,OPTIMAL,2.447782582011181e6,0.0,2.4477825820184974e6,0.0,0.0,6053205,13003230,0.0,0.0,0.009148792,0.5549005,1.208391,7.253599458,20.459595791,0.780078625
nrel/118bus_80_24_chronological_conical_0.01,505263,80,24,chronological,conical,unscaled,0.01,90.11806341758617,333.32163157314545,0.8970184465064848,371.5883802292975,1.0467640276237251,80,0.9870841773401245,1.087791643229716,0.3095890410958904,0.4712328767123288,0.08157534246575343,333951,1890,0,0,OPTIMAL,2.4321935421982235e6,0.0,2.4321935421981676e6,0.0,0.0,1344360,2885295,OPTIMAL,2.447465118227334e6,0.0,2.4474651182346353e6,0.0,0.0,6053205,13003230,0.0,0.0,0.009015916,0.508130083,0.709657334,7.441861584,20.666106875,0.780078625
nrel/118bus_80_24_chronological_conical_bounded_0.01,505263,80,24,chronological,conical_bounded,unscaled,0.01,91.07490401493455,333.32163157314545,0.8970184465064848,371.5883802292975,1.0467640276237251,80,0.977531073364064,1.0000000000000002,0.0,0.6219178082191781,0.07986301369863014,325710,2285,0,0,OPTIMAL,2.410393659708519e6,0.0,2.4103936597085977e6,0.0,0.0,1344360,2885295,OPTIMAL,2.447856656353429e6,0.0,2.447856656360734e6,0.0,0.0,6053205,13003230,0.0,0.0,0.009214625,0.504240375,1.20808375,7.121108083,20.887297125,0.780078625
nrel/118bus_80_24_convex_hull_dirac_0.01,505263,80,24,convex_hull,dirac,unscaled,0.01,133.88233489149846,312.93763291281914,1.818486985876737,172.08681466694372,1.0783731217482502,80,1.0,1.0,0.0,0.0,0.0125,0,0,18056,7619,OPTIMAL,2.6437748214990958e6,0.0,2.6437748215004127e6,0.0,0.0,1344360,2885295,OPTIMAL,2.4614307326164185e6,0.0,2.4614307326230765e6,0.0,0.0,6053205,13003230,0.0,0.0,0.009118042,8.200701208,8.75e-7,5.323756708,14.577588542,0.780078625
nrel/118bus_80_24_convex_hull_convex_0.01,505263,80,24,convex_hull,convex,unscaled,0.01,82.74295703102545,312.93763291281914,1.818486985876737,172.08681466694372,1.0783731217482502,80,1.0,1.0000000000000004,0.0,0.0,0.09808219178082192,231186,1242,18056,7619,OPTIMAL,2.5058429359876807e6,0.0,2.505842935987819e6,0.0,0.0,1344360,2885295,OPTIMAL,2.4462093375023515e6,0.0,2.4462093375098463e6,0.0,0.0,6053205,13003230,0.0,0.0,0.009081958,8.306064542,0.773030833,5.423616292,26.587872167,0.780078625
nrel/118bus_80_24_convex_hull_conical_0.01,505263,80,24,convex_hull,conical,unscaled,0.01,81.50922971800361,312.93763291281914,1.818486985876737,172.08681466694372,1.0783731217482502,80,1.000107997728869,1.1056727219221523,0.40821917808219177,0.3726027397260274,0.09883561643835616,239981,1438,18056,7619,OPTIMAL,2.5005245610890645e6,0.0,2.50052456108909e6,0.0,0.0,1344360,2885295,OPTIMAL,2.4468401986066834e6,0.0,2.4468401986141633e6,0.0,0.0,6053205,13003230,0.0,0.0,0.0093205,8.069800791,0.50065425,5.467299208,20.027596583,0.780078625
nrel/118bus_80_24_convex_hull_conical_bounded_0.01,505263,80,24,convex_hull,conical_bounded,unscaled,0.01,82.65066221768927,312.93763291281914,1.818486985876737,172.08681466694372,1.0783731217482502,80,0.9859301840396084,1.0000000000000002,0.0,0.6383561643835617,0.09530821917808219,232468,1242,18056,7619,OPTIMAL,2.4813399115554425e6,0.0,2.4813399115554043e6,0.0,0.0,1344360,2885295,OPTIMAL,2.446744843203302e6,0.0,2.446744843210775e6,0.0,0.0,6053205,13003230,0.0,0.0,0.008997625,8.077065917,0.797943959,5.474487834,20.300214208,0.780078625
nrel/118bus_80_24_convex_hull_with_null_dirac_0.01,505263,80,24,convex_hull_with_null,dirac,unscaled,0.01,134.92088997258702,314.20572507729713,1.8405114737624466,170.71652611596346,1.0783575648447965,80,1.0,1.0,0.0,0.0,0.0125,0,0,18358,7682,OPTIMAL,2.5769821413813974e6,0.0,2.576982141382735e6,0.0,0.0,1344360,2885295,OPTIMAL,2.4598001327375183e6,0.0,2.4598001327449996e6,0.0,0.0,6053205,13003230,0.0,0.0,0.009127042,8.71598575,9.59e-7,5.390104083,12.843542167,0.780078625
nrel/118bus_80_24_convex_hull_with_null_convex_0.01,505263,80,24,convex_hull_with_null,convex,unscaled,0.01,82.32066897628242,314.20572507729713,1.8405114737624466,170.71652611596346,1.0783575648447965,80,1.0,1.0000000000000002,0.0,0.0,0.10061643835616438,235267,1409,18358,7682,OPTIMAL,2.5084744895798485e6,0.0,2.508474489579767e6,0.0,0.0,1344360,2885295,OPTIMAL,2.444622464360566e6,0.0,2.444622464368302e6,0.0,0.0,6053205,13003230,0.0,0.0,0.009311208,8.063994541,0.800588166,5.447953834,21.164889333,0.780078625
nrel/118bus_80_24_convex_hull_with_null_conical_0.01,505263,80,24,convex_hull_with_null,conical,unscaled,0.01,80.79531721643787,314.20572507729713,1.8405114737624466,170.71652611596346,1.0783575648447965,80,0.9999224624198207,1.0996450157211937,0.4054794520547945,0.37534246575342467,0.10136986301369863,243561,1423,18358,7682,OPTIMAL,2.5009204006301495e6,0.0,2.500920400630299e6,0.0,0.0,1344360,2885295,OPTIMAL,2.445213024946363e6,0.0,2.4452130249540037e6,0.0,0.0,6053205,13003230,0.0,0.0,0.009166875,8.413369625,0.516034708,5.621971416,21.456930041,0.780078625
nrel/118bus_80_24_convex_hull_with_null_conical_bounded_0.01,505263,80,24,convex_hull_with_null,conical_bounded,unscaled,0.01,82.12805122994183,314.20572507729713,1.8405114737624466,170.71652611596346,1.0783575648447965,80,0.9851835316529086,1.0000000000000002,0.0,0.6383561643835617,0.09767123287671232,237512,1457,18358,7682,OPTIMAL,2.4863069757020394e6,0.0,2.4863069757020464e6,0.0,0.0,1344360,2885295,OPTIMAL,2.4449417465496203e6,0.0,2.444941746557327e6,0.0,0.0,6053205,13003230,0.0,0.0,0.009306958,8.565060042,0.819496334,5.532605041,29.063038667,0.780078625
nrel/118bus_80_24_conical_hull_dirac_0.01,505263,80,24,conical_hull,dirac,unscaled,0.01,136.23005815162466,305.2028437978631,1.8558920881229988,164.4507489153302,1.0767143611662735,80,1.0,1.0,0.0,0.0,0.0125,0,0,17038,8637,OPTIMAL,2.393988932990297e6,0.0,2.393988932991028e6,0.0,0.0,1344360,2885295,OPTIMAL,2.457816791973316e6,0.0,2.4578167919802917e6,0.0,0.0,6053205,13003230,0.0,0.0,0.009218167,5.113680292,1.125E-03,5.195059083,14.417116542,0.780078625
nrel/118bus_80_24_conical_hull_convex_0.01,505263,80,24,conical_hull,convex,unscaled,0.01,91.43707182872522,305.2028437978631,1.8558920881229988,164.4507489153302,1.0767143611662735,80,1.0,1.0000000000000004,0.0,0.0,0.09363013698630138,220260,1298,17038,8637,OPTIMAL,2.435237291685458e6,0.0,2.4352372916854783e6,0.0,0.0,1344360,2885295,OPTIMAL,2.4461257849260243e6,0.0,2.446125784933623e6,0.0,0.0,6053205,13003230,0.0,0.0,0.009128541,5.324044625,0.752730375,5.517144625,29.379117833,0.780078625
nrel/118bus_80_24_conical_hull_conical_0.01,505263,80,24,conical_hull,conical,unscaled,0.01,84.86498780548554,305.2028437978631,1.8558920881229988,164.4507489153302,1.0767143611662735,80,1.0400341434973666,1.1726449308061857,0.6821917808219178,0.09863013698630137,0.1048972602739726,230204,1341,17038,8637,OPTIMAL,2.478737357445332e6,0.0,2.478737357445279e6,0.0,0.0,1344360,2885295,OPTIMAL,2.4463039955189317e6,0.0,2.446303995526458e6,0.0,0.0,6053205,13003230,0.0,0.0,0.009132916,5.047934375,0.5001195,5.735523375,21.46392125,0.780078625
nrel/118bus_80_24_conical_hull_conical_bounded_0.01,505263,80,24,conical_hull,conical_bounded,unscaled,0.01,92.1037765113417,305.2028437978631,1.8558920881229988,164.4507489153302,1.0767143611662735,80,0.994238088236514,1.0000000000000002,0.0,0.5095890410958904,0.09335616438356165,220005,1298,17038,8637,OPTIMAL,2.4214815189386345e6,0.0,2.421481518938604e6,0.0,0.0,1344360,2885295,OPTIMAL,2.446199662192546e6,0.0,2.446199662200151e6,0.0,0.0,6053205,13003230,0.0,0.0,0.009186333,5.115593292,0.763287083,5.615854333,21.49120725,0.780078625
nrel/118bus_1_8760_k_means_dirac_0.01_economic,570629,1,8760,k_means,dirac,economic,0.01,0.0,1.0,1.0,1.0,1.0,1,1.0,1.0,0.0,0.0,1.0,0,0,0,0,OPTIMAL,2.4380117565973625e6,0.0,2.4380117566052517e6,0.0,0.0,6053205,13008705,N/A,,,,,,0,0,0.0,0.0,0.008381708,0.619680875,7.09e-7,26.80888275,74.218327459,0.765990625
nrel/118bus_10_24_k_means_dirac_0.01_economic,570629,10,24,k_means,dirac,economic,0.01,55525.57181535987,37514.698082789415,443.4872640794228,84.59024896839206,1.0920582058957706,10,1.0,1.0,0.0,0.0,0.1,0,0,0,0,OPTIMAL,2.411995424547354e6,0.0,2.41199542454737e6,0.0,0.0,182430,389445,OPTIMAL,2.4611378318942217e6,0.0,2.4611378319010735e6,0.0,0.0,6053205,13003230,0.0,0.0,0.00890925,0.537768167,1.166E-03,1.438341333,0.97989025,0.765990625
nrel/118bus_10_24_k_means_convex_0.01_economic,570629,10,24,k_means,convex,economic,0.01,50387.10308055734,37514.698082789415,443.4872640794228,84.59024896839206,1.0920582058957706,10,1.0,1.0000000000000002,0.0,0.0,0.256986301369863,100762,776,0,0,OPTIMAL,2.405294396284074e6,0.0,2.4052943962840615e6,0.0,0.0,182430,389445,OPTIMAL,2.457958090229874e6,0.0,2.4579580902369404e6,0.0,0.0,6053205,13003230,0.0,0.0,0.00963775,0.53932475,0.27414725,2.138495417,1.166742625,0.765990625
nrel/118bus_10_24_k_means_conical_0.01_economic,570629,10,24,k_means,conical,economic,0.01,49113.35568822357,37514.698082789415,443.4872640794228,84.59024896839206,1.0920582058957706,10,1.022565155424588,1.1677191241761682,0.7123287671232876,0.2876712328767123,0.2654794520547945,121592,1319,0,0,OPTIMAL,2.482532972796627e6,0.0,2.482532972796664e6,0.0,0.0,182430,389445,OPTIMAL,2.4584706375955916e6,0.0,2.458470637602558e6,0.0,0.0,6053205,13003230,0.0,0.0,0.009631208,0.571500542,0.058234625,1.333761333,1.357602916,0.765990625
nrel/118bus_10_24_k_means_conical_bounded_0.01_economic,570629,10,24,k_means,conical_bounded,economic,0.01,50130.28728380938,37514.698082789415,443.4872640794228,84.59024896839206,1.0920582058957706,10,0.9872716188055239,1.0,0.0,0.3287671232876712,0.25123287671232875,102126,776,0,0,OPTIMAL,2.3501850288173924e6,0.0,2.350185028817431e6,0.0,0.0,182430,389445,OPTIMAL,2.4583188674421613e6,0.0,2.4583188674491434e6,0.0,0.0,6053205,13003230,0.0,0.0,0.009011208,0.561580875,0.051200166,1.311618917,1.445393959,0.765990625
nrel/118bus_10_24_k_medoids_dirac_0.01_economic,570629,10,24,k_medoids,dirac,economic,0.01,66114.52658744444,38285.26604326111,1058.3874392598427,36.17320522060898,1.1215739672355742,10,1.0,1.0,0.0,0.0,0.1,0,0,0,0,OPTIMAL,2.6069272234748923e6,0.0,2.6069272234747554e6,0.0,0.0,182430,389445,OPTIMAL,2.4653133562131887e6,0.0,2.4653133562198733e6,0.0,0.0,6053205,13003230,0.0,0.0,0.009055625,0.538701,1.458E-03,1.291449834,1.219611709,0.765990625
nrel/118bus_10_24_k_medoids_convex_0.01_economic,570629,10,24,k_medoids,convex,economic,0.01,52549.62248872605,38285.26604326111,1058.3874392598427,36.17320522060898,1.1215739672355742,10,1.0,1.0000000000000002,0.0,0.0,0.38082191780821917,136597,897,0,0,OPTIMAL,2.599863458081648e6,0.0,2.599863458081765e6,0.0,0.0,182430,389445,OPTIMAL,2.4581427596322587e6,0.0,2.4581427596391896e6,0.0,0.0,6053205,13003230,0.0,0.0,0.009017792,0.512499709,0.250308584,2.145034042,1.461540166,0.765990625
nrel/118bus_10_24_k_medoids_conical_0.01_economic,570629,10,24,k_medoids,conical,economic,0.01,51457.5351126852,38285.26604326111,1058.3874392598427,36.17320522060898,1.1215739672355742,10,1.001041674244128,1.1386748308298134,0.5671232876712329,0.4054794520547945,0.38958904109589043,147163,856,0,0,OPTIMAL,2.6039596143971733e6,0.0,2.603959614397144e6,0.0,0.0,182430,389445,OPTIMAL,2.458722849957007e6,0.0,2.458722849963834e6,0.0,0.0,6053205,13003230,0.0,0.0,0.009050417,0.540393542,0.258028167,2.171963291,1.292429042,0.765990625
nrel/118bus_10_24_k_medoids_conical_bounded_0.01_economic,570629,10,24,k_medoids,conical_bounded,economic,0.01,51959.10527675193,38285.26604326111,1058.3874392598427,36.17320522060898,1.1215739672355742,10,0.9781311725251729,1.0,0.0,0.4876712328767123,0.37123287671232874,137905,878,0,0,OPTIMAL,2.505636986063211e6,0.0,2.5056369860631954e6,0.0,0.0,182430,389445,OPTIMAL,2.4586452939298656e6,0.0,2.4586452939367364e6,0.0,0.0,6053205,13003230,0.0,0.0,0.00914975,0.542678417,0.09311675,1.330631417,1.278892875,0.765990625
nrel/118bus_10_24_hierarchical_dirac_0.01_economic,570629,10,24,hierarchical,dirac,economic,0.01,66428.94427808699,39944.85347673366,1018.7217030384419,39.210761248723806,1.0987203607932814,10,1.0,1.0,0.0,0.0,0.1,0,0,0,0,OPTIMAL,2.6785640552467383e6,0.0,2.67856405524677e6,0.0,0.0,182430,389445,OPTIMAL,2.4724597218371793e6,0.0,2.472459721843722e6,0.0,0.0,6053205,13003230,0.0,0.0,0.00913425,0.519068667,1.75e-6,1.362839291,1.059891375,0.765990625
nrel/118bus_10_24_hierarchical_convex_0.01_economic,570629,10,24,hierarchical,convex,economic,0.01,53392.783011816005,39944.85347673366,1018.7217030384419,39.210761248723806,1.0987203607932814,10,1.0,1.0000000000000002,0.0,0.0,0.3736986301369863,148016,916,0,0,OPTIMAL,2.6804715540637407e6,0.0,2.680471554063666e6,0.0,0.0,182430,389445,OPTIMAL,2.464440495963748e6,0.0,2.4644404959705034e6,0.0,0.0,6053205,13003230,0.0,0.0,0.009340834,0.581604459,0.06429925,1.342047459,1.304161709,0.765990625
nrel/118bus_10_24_hierarchical_conical_0.01_economic,570629,10,24,hierarchical,conical,economic,0.01,52230.38457325993,39944.85347673366,1018.7217030384419,39.210761248723806,1.0987203607932814,10,1.0007633230973627,1.11748895102077,0.6082191780821918,0.3643835616438356,0.38493150684931504,157467,898,0,0,OPTIMAL,2.673473189719581e6,0.0,2.6734731897195796e6,0.0,0.0,182430,389445,OPTIMAL,2.4636546221610378e6,0.0,2.46365462216769e6,0.0,0.0,6053205,13003230,0.0,0.0,0.009068625,0.556335084,0.044366958,1.332760916,1.577474,0.765990625
nrel/118bus_10_24_hierarchical_conical_bounded_0.01_economic,570629,10,24,hierarchical,conical_bounded,economic,0.01,52640.35372769867,39944.85347673366,1018.7217030384419,39.210761248723806,1.0987203607932814,10,0.9782437773902645,1.0,0.0,0.46301369863013697,0.36767123287671233,150580,928,0,0,OPTIMAL,2.577531809090142e6,0.0,2.5775318090902786e6,0.0,0.0,182430,389445,OPTIMAL,2.4637885304239825e6,0.0,2.4637885304306424e6,0.0,0.0,6053205,13003230,0.0,0.0,0.009144875,0.545712958,0.27427575,2.180687459,1.28766625,0.765990625
nrel/118bus_10_24_chronological_dirac_0.01_economic,570629,10,24,chronological,dirac,economic,0.01,87836.82344047172,40984.44539058888,1085.244613149199,37.76516823396971,1.0561333948283491,10,1.0,1.0,0.0,0.0,0.1,0,0,0,0,OPTIMAL,2.369845859410735e6,0.0,2.3698458594107046e6,0.0,0.0,182430,389445,OPTIMAL,2.741033547724698e6,0.0,2.741033547728916e6,0.0,0.0,6053205,13003230,0.0,0.0,0.009341208,0.543642459,6.67e-7,1.284251541,0.772352125,0.765990625
nrel/118bus_10_24_chronological_convex_0.01_economic,570629,10,24,chronological,convex,economic,0.01,66544.73988574256,40984.44539058888,1085.244613149199,37.76516823396971,1.0561333948283491,10,1.0,1.0000000000000002,0.0,0.0,0.3665753424657534,185400,897,0,0,OPTIMAL,2.3672635758152767e6,0.0,2.367263575815256e6,0.0,0.0,182430,389445,OPTIMAL,2.457732837535272e6,0.0,2.457732837541946e6,0.0,0.0,6053205,13003230,0.0,0.0,0.009016709,0.533008375,0.0760275,1.34208625,1.302883208,0.765990625
nrel/118bus_10_24_chronological_conical_0.01_economic,570629,10,24,chronological,conical,economic,0.01,62712.359084430034,40984.44539058888,1085.244613149199,37.76516823396971,1.0561333948283491,10,0.9800195338528455,1.2059271019780702,0.5232876712328767,0.44931506849315067,0.38,199099,1261,0,0,OPTIMAL,2.2970500122420997e6,0.0,2.2970500122421277e6,0.0,0.0,182430,389445,OPTIMAL,2.4638831551853847e6,0.0,2.4638831551918094e6,0.0,0.0,6053205,13003230,0.0,0.0,0.009040666,0.528047833,0.05229225,1.538349583,1.434819125,0.765990625
nrel/118bus_10_24_chronological_conical_bounded_0.01_economic,570629,10,24,chronological,conical_bounded,economic,0.01,63458.7844488384,40984.44539058888,1085.244613149199,37.76516823396971,1.0561333948283491,10,0.9509622218360337,1.0000000000000002,0.0,0.5342465753424658,0.36191780821917807,185959,918,0,0,OPTIMAL,2.190759467866173e6,0.0,2.1907594678661725e6,0.0,0.0,182430,389445,OPTIMAL,2.4623297204896235e6,0.0,2.4623297204961833e6,0.0,0.0,6053205,13003230,0.0,0.0,0.009160584,0.540285083,0.109331333,1.340043209,1.288496667,0.765990625
nrel/118bus_10_24_convex_hull_dirac_0.01_economic,570629,10,24,convex_hull,dirac,economic,0.01,85191.08964188154,36184.61840390294,2139.8275661928355,16.910062743178102,1.217087474177731,10,1.0,1.0,0.0,0.0,0.1,0,0,1351,1889,OPTIMAL,2.1023978644570964e6,0.0,2.10239786445712e6,0.0,0.0,182430,389445,OPTIMAL,2.4788386256674607e6,0.0,2.478838625673033e6,0.0,0.0,6053205,13003230,0.0,0.0,0.00902125,1.987253333,1.0e-6,1.422376708,1.03342325,0.765990625
nrel/118bus_10_24_convex_hull_convex_0.01_economic,570629,10,24,convex_hull,convex,economic,0.01,54973.539600167904,36184.61840390294,2139.8275661928355,16.910062743178102,1.217087474177731,10,1.0,1.0000000000000004,0.0,0.0,0.42876712328767125,80429,358,1351,1889,OPTIMAL,2.24295094422103e6,0.0,2.242950944221113e6,0.0,0.0,182430,389445,OPTIMAL,2.46532226329243e6,0.0,2.4653222632988635e6,0.0,0.0,6053205,13003230,0.0,0.0,0.009102292,0.829930042,0.040573375,1.291325667,1.421794416,0.765990625
nrel/118bus_10_24_convex_hull_conical_0.01_economic,570629,10,24,convex_hull,conical,economic,0.01,54386.97261426267,36184.61840390294,2139.8275661928355,16.910062743178102,1.217087474177731,10,1.0185717965135674,1.165977197625514,0.6520547945205479,0.32054794520547947,0.44602739726027396,88525,423,1351,1889,OPTIMAL,2.306123755882548e6,0.0,2.3061237558825607e6,0.0,0.0,182430,389445,OPTIMAL,2.4638989453164e6,0.0,2.4638989453228656e6,0.0,0.0,6053205,13003230,0.0,0.0,0.0091085,2.235178584,0.036474458,1.2993765,1.262236334,0.765990625
nrel/118bus_10_24_convex_hull_conical_bounded_0.01_economic,570629,10,24,convex_hull,conical_bounded,economic,0.01,54881.6713242185,36184.61840390294,2139.8275661928355,16.910062743178102,1.217087474177731,10,0.9882756090827501,1.0,0.0,0.4438356164383562,0.4241095890410959,81711,426,1351,1889,OPTIMAL,2.195987257225723e6,0.0,2.1959872572257644e6,0.0,0.0,182430,389445,OPTIMAL,2.4646246560928803e6,0.0,2.4646246560993576e6,0.0,0.0,6053205,13003230,0.0,0.0,0.00900925,1.91052825,0.04455475,1.461794542,1.267264334,0.765990625
nrel/118bus_10_24_convex_hull_with_null_dirac_0.01_economic,570629,10,24,convex_hull_with_null,dirac,economic,0.01,85126.36783006327,37401.24807848284,1933.1682301301041,19.347125353888988,1.2068941644250237,10,1.0,1.0,0.0,0.0,0.1,0,0,1362,2243,OPTIMAL,2.1895246388893323e6,0.0,2.189524638889352e6,0.0,0.0,182430,389445,OPTIMAL,2.482415177467333e6,0.0,2.482415177473027e6,0.0,0.0,6053205,13003230,0.0,0.0,0.009116791,0.832971083,7.92e-7,1.265258458,1.330231542,0.765990625
nrel/118bus_10_24_convex_hull_with_null_convex_0.01_economic,570629,10,24,convex_hull_with_null,convex,economic,0.01,54734.46881260575,37401.24807848284,1933.1682301301041,19.347125353888988,1.2068941644250237,10,1.0,1.0000000000000002,0.0,0.0,0.42027397260273974,78074,398,1362,2243,OPTIMAL,2.4319343204325982e6,0.0,2.4319343204324944e6,0.0,0.0,182430,389445,OPTIMAL,2.4581887840299387e6,0.0,2.458188784036904e6,0.0,0.0,6053205,13003230,0.0,0.0,0.009086458,2.307838459,0.046810084,1.303804833,1.221190041,0.765990625
nrel/118bus_10_24_convex_hull_with_null_conical_0.01_economic,570629,10,24,convex_hull_with_null,conical,economic,0.01,53840.49781749453,37401.24807848284,1933.1682301301041,19.347125353888988,1.2068941644250237,10,1.0047975470193107,1.1814417012718534,0.5589041095890411,0.4136986301369863,0.4326027397260274,84963,379,1362,2243,OPTIMAL,2.4301058411573097e6,0.0,2.430105841157333e6,0.0,0.0,182430,389445,OPTIMAL,2.4575054383789883e6,0.0,2.4575054383859434e6,0.0,0.0,6053205,13003230,0.0,0.0,0.009160708,2.037838292,0.230877667,1.265013875,1.325499792,0.765990625
nrel/118bus_10_24_convex_hull_with_null_conical_bounded_0.01_economic,570629,10,24,convex_hull_with_null,conical_bounded,economic,0.01,54303.00781393502,37401.24807848284,1933.1682301301041,19.347125353888988,1.2068941644250237,10,0.9796029228975214,1.0,0.0,0.5068493150684932,0.4136986301369863,79716,418,1362,2243,OPTIMAL,2.331270447077593e6,0.0,2.3312704470775975e6,0.0,0.0,182430,389445,OPTIMAL,2.45815616695214e6,0.0,2.458156166959059e6,0.0,0.0,6053205,13003230,0.0,0.0,0.0094175,2.172292833,0.052961583,1.31529525,1.42558125,0.765990625
nrel/118bus_10_24_conical_hull_dirac_0.01_economic,570629,10,24,conical_hull,dirac,economic,0.01,103868.56446266788,30928.076268304805,2249.3597552391007,13.749724203195427,1.2734231175813213,10,1.0,1.0,0.0,0.0,0.1,0,0,1476,1764,OPTIMAL,2.361438024961685e6,0.0,2.361438024961733e6,0.0,0.0,182430,389445,OPTIMAL,2.5293135536533347e6,0.0,2.5293135536594605e6,0.0,0.0,6053205,13003230,0.0,0.0,0.00912225,1.957234917,1.042E-03,1.384439333,0.977588708,0.765990625
nrel/118bus_10_24_conical_hull_convex_0.01_economic,570629,10,24,conical_hull,convex,economic,0.01,74727.97775666867,30928.076268304805,2249.3597552391007,13.749724203195427,1.2734231175813213,10,1.0,1.0000000000000002,0.0,0.0,0.3734246575342466,54817,384,1476,1764,OPTIMAL,2.4430988710121377e6,0.0,2.4430988710120656e6,0.0,0.0,182430,389445,OPTIMAL,2.4554908282131883e6,0.0,2.455490828220512e6,0.0,0.0,6053205,13003230,0.0,0.0,0.0091075,0.79378475,0.031192625,1.286491667,1.288015042,0.765990625
nrel/118bus_10_24_conical_hull_conical_0.01_economic,570629,10,24,conical_hull,conical,economic,0.01,71276.04026052867,30928.076268304805,2249.3597552391007,13.749724203195427,1.2734231175813213,10,1.118597804421794,1.2699618339029557,0.9342465753424658,0.038356164383561646,0.4084931506849315,65324,365,1476,1764,OPTIMAL,3.0496694768683584e6,0.0,3.0496694768683515e6,0.0,0.0,182430,389445,OPTIMAL,2.4551247575147916e6,0.0,2.4551247575220396e6,0.0,0.0,6053205,13003230,0.0,0.0,0.009185541,1.97178925,0.025639291,1.446729125,1.490774792,0.765990625
nrel/118bus_10_24_conical_hull_conical_bounded_0.01_economic,570629,10,24,conical_hull,conical_bounded,economic,0.01,74741.45827794395,30928.076268304805,2249.3597552391007,13.749724203195427,1.2734231175813213,10,0.9981613320868317,1.0000000000000002,0.0,0.12876712328767123,0.3726027397260274,54763,384,1476,1764,OPTIMAL,2.4359282063454567e6,0.0,2.435928206345427e6,0.0,0.0,182430,389445,OPTIMAL,2.4554201263830513e6,0.0,2.455420126390376e6,0.0,0.0,6053205,13003230,0.0,0.0,0.009051542,2.129080125,0.031873709,1.294314083,1.159238333,0.765990625
nrel/118bus_20_24_k_means_dirac_0.01_economic,570629,20,24,k_means,dirac,economic,0.01,50263.68347084349,53743.40074150201,287.86201588482476,186.69847974317338,1.0996022669847125,20,1.0,1.0,0.0,0.0,0.05,0,0,0,0,OPTIMAL,2.4166379104617694e6,0.0,2.416637910461779e6,0.0,0.0,348420,745995,OPTIMAL,2.4570136572541906e6,0.0,2.4570136572610675e6,0.0,0.0,6053205,13003230,0.0,0.0,0.009200125,0.559790459,1.541E-03,1.772206834,2.244947541,0.765990625
nrel/118bus_20_24_k_means_convex_0.01_economic,570629,20,24,k_means,convex,economic,0.01,44750.64974013247,53743.40074150201,287.86201588482476,186.69847974317338,1.0996022669847125,20,1.0,1.0000000000000002,0.0,0.0,0.16027397260273973,204586,1753,0,0,OPTIMAL,2.408581656546608e6,0.0,2.4085816565466486e6,0.0,0.0,348420,745995,OPTIMAL,2.4543160775985545e6,0.0,2.45431607760552e6,0.0,0.0,6053205,13003230,0.0,0.0,0.009290167,0.56560975,0.207886167,2.090242042,2.606601708,0.765990625
nrel/118bus_20_24_k_means_conical_0.01_economic,570629,20,24,k_means,conical,economic,0.01,43468.70620493889,53743.40074150201,287.86201588482476,186.69847974317338,1.0996022669847125,20,1.0296468489068769,1.17681446122433,0.7780821917808219,0.2219178082191781,0.1726027397260274,246074,2207,0,0,OPTIMAL,2.518160811435538e6,0.0,2.518160811435441e6,0.0,0.0,348420,745995,OPTIMAL,2.453307407773875e6,0.0,2.4533074077808545e6,0.0,0.0,6053205,13003230,0.0,0.0,0.009147208,0.577243375,0.132667125,1.772071333,2.810836416,0.765990625
nrel/118bus_20_24_k_means_conical_bounded_0.01_economic,570629,20,24,k_means,conical_bounded,economic,0.01,44601.784900013656,53743.40074150201,287.86201588482476,186.69847974317338,1.0996022669847125,20,0.990783253964016,1.0000000000000002,0.0,0.3232876712328767,0.15767123287671234,206261,1755,0,0,OPTIMAL,2.368352399758571e6,0.0,2.368352399758537e6,0.0,0.0,348420,745995,OPTIMAL,2.454099440052685e6,0.0,2.45409944005963e6,0.0,0.0,6053205,13003230,0.0,0.0,0.009109666,0.520392791,1.035221416,1.944023,2.710173875,0.765990625
nrel/118bus_20_24_k_medoids_dirac_0.01_economic,570629,20,24,k_medoids,dirac,economic,0.01,61458.83349998176,54069.613177379964,701.082743446145,77.12301248723209,1.124606464150733,20,1.0,1.0,0.0,0.0,0.05,0,0,0,0,OPTIMAL,2.580011809704739e6,0.0,2.580011809704752e6,0.0,0.0,348420,745995,OPTIMAL,2.4658087372994027e6,0.0,2.465808737306186e6,0.0,0.0,6053205,13003230,0.0,0.0,0.009409541,0.614093791,1.5e-6,1.902023291,2.221275792,0.765990625
nrel/118bus_20_24_k_medoids_convex_0.01_economic,570629,20,24,k_medoids,convex,economic,0.01,47230.947833397215,54069.613177379964,701.082743446145,77.12301248723209,1.124606464150733,20,1.0,1.0000000000000002,0.0,0.0,0.23178082191780822,234663,1226,0,0,OPTIMAL,2.5135082269438733e6,0.0,2.513508226943907e6,0.0,0.0,348420,745995,OPTIMAL,2.4551536787808123e6,0.0,2.455153678787794e6,0.0,0.0,6053205,13003230,0.0,0.0,0.009133917,0.623937167,0.233968875,2.100602208,3.641629,0.765990625
nrel/118bus_20_24_k_medoids_conical_0.01_economic,570629,20,24,k_medoids,conical,economic,0.01,46664.614164820785,54069.613177379964,701.082743446145,77.12301248723209,1.124606464150733,20,1.004591957191087,1.1352171022552573,0.5616438356164384,0.3835616438356164,0.23849315068493152,242437,1310,0,0,OPTIMAL,2.5248294062733217e6,0.0,2.5248294062734568e6,0.0,0.0,348420,745995,OPTIMAL,2.4537090126622026e6,0.0,2.453709012669217e6,0.0,0.0,6053205,13003230,0.0,0.0,0.009246459,0.518429084,0.301707375,2.057903542,2.604406125,0.765990625
nrel/118bus_20_24_k_medoids_conical_bounded_0.01_economic,570629,20,24,k_medoids,conical_bounded,economic,0.01,47029.65972534509,54069.613177379964,701.082743446145,77.12301248723209,1.124606464150733,20,0.9847584747448604,1.0000000000000002,0.0,0.5315068493150685,0.2258904109589041,234512,1339,0,0,OPTIMAL,2.4487102962331213e6,0.0,2.4487102962331385e6,0.0,0.0,348420,745995,OPTIMAL,2.454783642180677e6,0.0,2.454783642187678e6,0.0,0.0,6053205,13003230,0.0,0.0,0.009183125,1.448537292,0.492223583,1.806298125,2.632557375,0.765990625
nrel/118bus_20_24_hierarchical_dirac_0.01_economic,570629,20,24,hierarchical,dirac,economic,0.01,60350.46432764425,55351.34862601493,655.7303550546778,84.41175278731679,1.121816516165133,20,1.0,1.0,0.0,0.0,0.05,0,0,0,0,OPTIMAL,2.6033635128789786e6,0.0,2.603363512878877e6,0.0,0.0,348420,745995,OPTIMAL,2.466177217590635e6,0.0,2.466177217597433e6,0.0,0.0,6053205,13003230,0.0,0.0,0.009198042,0.55290675,1.458E-03,2.835040083,2.449850833,0.765990625
nrel/118bus_20_24_hierarchical_convex_0.01_economic,570629,20,24,hierarchical,convex,economic,0.01,46157.860787548976,55351.34862601493,655.7303550546778,84.41175278731679,1.121816516165133,20,1.0,1.0000000000000002,0.0,0.0,0.23835616438356164,244555,1396,0,0,OPTIMAL,2.6242740008394006e6,0.0,2.624274000839405e6,0.0,0.0,348420,745995,OPTIMAL,2.45520834611156e6,0.0,2.4552083461184716e6,0.0,0.0,6053205,13003230,0.0,0.0,0.009020083,0.510704333,1.051040084,1.961115917,2.731088709,0.765990625
nrel/118bus_20_24_hierarchical_conical_0.01_economic,570629,20,24,hierarchical,conical,economic,0.01,45262.49517978889,55351.34862601493,655.7303550546778,84.41175278731679,1.121816516165133,20,1.00596946881846,1.1454268279353388,0.5726027397260274,0.3726027397260274,0.2504109589041096,256481,1745,0,0,OPTIMAL,2.640991076984164e6,0.0,2.640991076984261e6,0.0,0.0,348420,745995,OPTIMAL,2.454490579465476e6,0.0,2.454490579472465e6,0.0,0.0,6053205,13003230,0.0,0.0,0.00920425,0.563161208,0.122004334,1.801123583,3.230198417,0.765990625
nrel/118bus_20_24_hierarchical_conical_bounded_0.01_economic,570629,20,24,hierarchical,conical_bounded,economic,0.01,45747.50093495981,55351.34862601493,655.7303550546778,84.41175278731679,1.121816516165133,20,0.9836850023729271,1.0,0.0,0.5013698630136987,0.23493150684931507,244946,1458,0,0,OPTIMAL,2.5480056447026213e6,0.0,2.5480056447026213e6,0.0,0.0,348420,745995,OPTIMAL,2.454689521272157e6,0.0,2.4546895212791627e6,0.0,0.0,6053205,13003230,0.0,0.0,0.009083708,0.651793167,0.254969708,1.979230541,3.066846083,0.765990625
nrel/118bus_20_24_chronological_dirac_0.01_economic,570629,20,24,chronological,dirac,economic,0.01,86474.65384938502,58674.33596870743,703.5759278605351,83.39446198383585,1.0557055564130282,20,1.0,1.0,0.0,0.0,0.05,0,0,0,0,OPTIMAL,2.4065118158631553e6,0.0,2.406511815862819e6,0.0,0.0,348420,745995,OPTIMAL,2.5242284677565196e6,0.0,2.5242284677626295e6,0.0,0.0,6053205,13003230,0.0,0.0,0.009128375,0.52553275,7.92e-7,1.8829985,2.582155417,0.765990625
nrel/118bus_20_24_chronological_convex_0.01_economic,570629,20,24,chronological,convex,economic,0.01,60185.87429190513,58674.33596870743,703.5759278605351,83.39446198383585,1.0557055564130282,20,1.0,1.0000000000000002,0.0,0.0,0.22027397260273973,288770,1663,0,0,OPTIMAL,2.4863797924462124e6,0.0,2.486379792446083e6,0.0,0.0,348420,745995,OPTIMAL,2.4543908542269515e6,0.0,2.4543908542340016e6,0.0,0.0,6053205,13003230,0.0,0.0,0.009202917,0.554528125,1.296280208,2.101074959,2.579974917,0.765990625
nrel/118bus_20_24_chronological_conical_0.01_economic,570629,20,24,chronological,conical,economic,0.01,57471.352653737646,58674.33596870743,703.5759278605351,83.39446198383585,1.0557055564130282,20,0.9804618225917004,1.145887729112382,0.5068493150684932,0.4383561643835616,0.22287671232876713,304953,1680,0,0,OPTIMAL,2.3861868000104567e6,0.0,2.386186800010336e6,0.0,0.0,348420,745995,OPTIMAL,2.4572493714519367e6,0.0,2.4572493714586883e6,0.0,0.0,6053205,13003230,0.0,0.0,0.008992166,0.5067575,1.21682375,2.153686667,2.433750459,0.765990625
nrel/118bus_20_24_chronological_conical_bounded_0.01_economic,570629,20,24,chronological,conical_bounded,economic,0.01,57978.472257014786,58674.33596870743,703.5759278605351,83.39446198383585,1.0557055564130282,20,0.9573007488335171,1.0000000000000002,0.0,0.5315068493150685,0.21232876712328766,290534,1586,0,0,OPTIMAL,2.3137410548106865e6,0.0,2.3137410548106735e6,0.0,0.0,348420,745995,OPTIMAL,2.4570451847985676e6,0.0,2.4570451848053024e6,0.0,0.0,6053205,13003230,0.0,0.0,0.009174542,0.532200833,0.25900875,1.846880042,2.934831292,0.765990625
nrel/118bus_20_24_convex_hull_dirac_0.01_economic,570629,20,24,convex_hull,dirac,economic,0.01,77995.4064309558,52395.45163734364,1168.087367740754,44.85576428986117,1.2020167528743566,20,1.0,1.0,0.0,0.0,0.05,0,0,3621,3124,OPTIMAL,2.336997467408633e6,0.0,2.336997467408609e6,0.0,0.0,348420,745995,OPTIMAL,2.4759669407838653e6,0.0,2.475966940789897e6,0.0,0.0,6053205,13003230,0.0,0.0,0.009203708,2.592039083,1.375E-03,1.794255958,2.257403792,0.765990625
nrel/118bus_20_24_convex_hull_convex_0.01_economic,570629,20,24,convex_hull,convex,economic,0.01,47932.84109267957,52395.45163734364,1168.087367740754,44.85576428986117,1.2020167528743566,20,1.0,1.0000000000000002,0.0,0.0,0.2787671232876712,158145,782,3621,3124,OPTIMAL,2.3589629611245627e6,0.0,2.3589629611245417e6,0.0,0.0,348420,745995,OPTIMAL,2.4567673621015204e6,0.0,2.456767362108272e6,0.0,0.0,6053205,13003230,0.0,0.0,0.009194459,2.626244792,0.152093583,1.872355375,2.929566084,0.765990625
nrel/118bus_20_24_convex_hull_conical_0.01_economic,570629,20,24,convex_hull,conical,economic,0.01,46802.37148286195,52395.45163734364,1168.087367740754,44.85576428986117,1.2020167528743566,20,1.042725334658629,1.1683204727138852,0.7753424657534247,0.16986301369863013,0.3036986301369863,171142,793,3621,3124,OPTIMAL,2.5424292449025246e6,0.0,2.542429244902653e6,0.0,0.0,348420,745995,OPTIMAL,2.4553354588756277e6,0.0,2.4553354588824217e6,0.0,0.0,6053205,13003230,0.0,0.0,0.008981792,2.698205959,0.100800625,1.942391792,2.893542625,0.765990625
nrel/118bus_20_24_convex_hull_conical_bounded_0.01_economic,570629,20,24,convex_hull,conical_bounded,economic,0.01,47921.448769190574,52395.45163734364,1168.087367740754,44.85576428986117,1.2020167528743566,20,0.9938390008388979,1.0000000000000002,0.0,0.3780821917808219,0.2775342465753425,158109,782,3621,3124,OPTIMAL,2.334381139813062e6,0.0,2.3343811398131205e6,0.0,0.0,348420,745995,OPTIMAL,2.4563445682658404e6,0.0,2.4563445682726363e6,0.0,0.0,6053205,13003230,0.0,0.0,0.00905725,2.636567334,0.140147542,1.864634583,2.931587542,0.765990625
nrel/118bus_20_24_convex_hull_with_null_dirac_0.01_economic,570629,20,24,convex_hull_with_null,dirac,economic,0.01,78073.78420758089,52389.012381554865,1158.7926137541356,45.20999854480467,1.2050464687881333,20,1.0,1.0,0.0,0.0,0.05,0,0,3772,3338,OPTIMAL,2.3710681857599244e6,0.0,2.3710681857598983e6,0.0,0.0,348420,745995,OPTIMAL,2.4781173712471086e6,0.0,2.478117371253118e6,0.0,0.0,6053205,13003230,0.0,0.0,0.009073333,2.577767917,1.708E-03,1.793760333,2.327355125,0.765990625
nrel/118bus_20_24_convex_hull_with_null_convex_0.01_economic,570629,20,24,convex_hull_with_null,convex,economic,0.01,47414.13535520784,52389.012381554865,1158.7926137541356,45.20999854480467,1.2050464687881333,20,1.0,1.0000000000000002,0.0,0.0,0.2745205479452055,156536,891,3772,3338,OPTIMAL,2.447102736675945e6,0.0,2.447102736675928e6,0.0,0.0,348420,745995,OPTIMAL,2.453636623209361e6,0.0,2.4536366232164204e6,0.0,0.0,6053205,13003230,0.0,0.0,0.009108875,2.601557,0.164420666,1.856992167,2.74899875,0.765990625
nrel/118bus_20_24_convex_hull_with_null_conical_0.01_economic,570629,20,24,convex_hull_with_null,conical,economic,0.01,46285.05087088792,52389.012381554865,1158.7926137541356,45.20999854480467,1.2050464687881333,20,1.0369139049672675,1.1908398945897407,0.7452054794520548,0.2,0.296027397260274,170489,793,3772,3338,OPTIMAL,2.614919529168446e6,0.0,2.614919529168337e6,0.0,0.0,348420,745995,OPTIMAL,2.451242529394362e6,0.0,2.4512425294015273e6,0.0,0.0,6053205,13003230,0.0,0.0,0.009079792,2.559155833,0.08370125,1.873543458,2.82843875,0.765990625
nrel/118bus_20_24_convex_hull_with_null_conical_bounded_0.01_economic,570629,20,24,convex_hull_with_null,conical_bounded,economic,0.01,47379.01242953601,52389.012381554865,1158.7926137541356,45.20999854480467,1.2050464687881333,20,0.9922232442363785,1.0000000000000002,0.0,0.3972602739726027,0.2738356164383562,157183,891,3772,3338,OPTIMAL,2.4130430615502684e6,0.0,2.4130430615502642e6,0.0,0.0,348420,745995,OPTIMAL,2.4532745493417443e6,0.0,2.4532745493487967e6,0.0,0.0,6053205,13003230,0.0,0.0,0.009078333,2.642823292,0.132193166,1.934530291,3.071432334,0.765990625
nrel/118bus_20_24_conical_hull_dirac_0.01_economic,570629,20,24,conical_hull,dirac,economic,0.01,88442.0147090395,44171.84102793175,1356.818449186819,32.55545430886883,1.2609411605323466,20,1.0,1.0,0.0,0.0,0.05,0,0,3685,3060,OPTIMAL,1.9621903682681408e6,0.0,1.9621903682681422e6,0.0,0.0,348420,745995,OPTIMAL,2.4863446803293196e6,0.0,2.4863446803347166e6,0.0,0.0,6053205,13003230,0.0,0.0,0.009022875,2.359880625,1.083E-03,1.820673375,2.334172875,0.765990625
nrel/118bus_20_24_conical_hull_convex_0.01_economic,570629,20,24,conical_hull,convex,economic,0.01,58848.544569773025,44171.84102793175,1356.818449186819,32.55545430886883,1.2609411605323466,20,1.0,1.0000000000000002,0.0,0.0,0.2263013698630137,107977,734,3685,3060,OPTIMAL,2.157659633618392e6,0.0,2.1576596336184093e6,0.0,0.0,348420,745995,OPTIMAL,2.458854384083809e6,0.0,2.4588543840908753e6,0.0,0.0,6053205,13003230,0.0,0.0,0.009102041,2.330331458,0.108311333,1.86712775,2.602044375,0.765990625
nrel/118bus_20_24_conical_hull_conical_0.01_economic,570629,20,24,conical_hull,conical,economic,0.01,54524.934497896575,44171.84102793175,1356.818449186819,32.55545430886883,1.2609411605323466,20,1.1062297416493228,1.2485417483061263,0.9123287671232877,0.03287671232876712,0.26972602739726026,131008,627,3685,3060,OPTIMAL,2.6336637636948987e6,0.0,2.633663763694858e6,0.0,0.0,348420,745995,OPTIMAL,2.4567877946233707e6,0.0,2.4567877946305103e6,0.0,0.0,6053205,13003230,0.0,0.0,0.009204792,0.93492175,0.057121042,1.820785625,3.058279375,0.765990625
nrel/118bus_20_24_conical_hull_conical_bounded_0.01_economic,570629,20,24,conical_hull,conical_bounded,economic,0.01,58906.67244225443,44171.84102793175,1356.818449186819,32.55545430886883,1.2609411605323466,20,0.9981732046266406,1.0000000000000002,0.0,0.22465753424657534,0.22602739726027396,107488,613,3685,3060,OPTIMAL,2.151491154706232e6,0.0,2.1514911547062513e6,0.0,0.0,348420,745995,OPTIMAL,2.458714445769673e6,0.0,2.4587144457767443e6,0.0,0.0,6053205,13003230,0.0,0.0,0.009086667,2.33854525,0.113721875,1.928251375,2.716213667,0.765990625
nrel/118bus_40_24_k_means_dirac_0.01_economic,570629,40,24,k_means,dirac,economic,0.01,45137.60003477601,77316.85829935377,227.595899829098,339.7111211467829,1.1079843947779577,40,1.0,1.0,0.0,0.0,25,0,0,0,0,OPTIMAL,2.4196214573884057e6,0.0,2.4196214573883875e6,0.0,0.0,680400,1459095,OPTIMAL,2.455249857241592e6,0.0,2.455249857248521e6,0.0,0.0,6053205,13003230,0.0,0.0,0.009389167,0.53776775,1.375E-03,4.114133708,5.747441458,0.765990625
nrel/118bus_40_24_k_means_convex_0.01_economic,570629,40,24,k_means,convex,economic,0.01,39377.24236189936,77316.85829935377,227.595899829098,339.7111211467829,1.1079843947779577,40,1.0,1.0000000000000002,0.0,0.0,0.09897260273972602,390050,3739,0,0,OPTIMAL,2.4119766660657288e6,0.0,2.4119766660660002e6,0.0,0.0,680400,1459095,OPTIMAL,2.4522192498786952e6,0.0,2.4522192498858003e6,0.0,0.0,6053205,13003230,0.0,0.0,0.009039167,0.552555541,2.040519333,3.116017292,6.349623167,0.765990625
nrel/118bus_40_24_k_means_conical_0.01_economic,570629,40,24,k_means,conical,economic,0.01,38216.508787214916,77316.85829935377,227.595899829098,339.7111211467829,1.1079843947779577,40,1.0278521424442328,1.1898424643712215,0.7561643835616438,0.23013698630136986,0.11041095890410958,446320,3802,0,0,OPTIMAL,2.520514111674256e6,0.0,2.520514111674419e6,0.0,0.0,680400,1459095,OPTIMAL,2.450958032915074e6,0.0,2.450958032922219e6,0.0,0.0,6053205,13003230,0.0,0.0,0.009006667,0.540931167,1.782213042,3.134248333,6.859446584,0.765990625
nrel/118bus_40_24_k_means_conical_bounded_0.01_economic,570629,40,24,k_means,conical_bounded,economic,0.01,39311.56491411483,77316.85829935377,227.595899829098,339.7111211467829,1.1079843947779577,40,0.9911473668890142,1.0000000000000002,0.0,0.4438356164383562,0.09801369863013698,394435,3739,0,0,OPTIMAL,2.374513747280005e6,0.0,2.3745137472801413e6,0.0,0.0,680400,1459095,OPTIMAL,2.4517978595927125e6,0.0,2.4517978595998595e6,0.0,0.0,6053205,13003230,0.0,0.0,0.009281792,0.603229125,1.989401583,3.122067375,6.586872583,0.765990625
nrel/118bus_40_24_k_medoids_dirac_0.01_economic,570629,40,24,k_medoids,dirac,economic,0.01,54289.77603671205,78205.53673022783,516.2292376010848,151.49381521598553,1.1220141294561161,40,1.0,1.0,0.0,0.0,25,0,0,0,0,OPTIMAL,2.508253810149855e6,0.0,2.508253810149886e6,0.0,0.0,680400,1459095,OPTIMAL,2.4604751590533163e6,0.0,2.460475159060423e6,0.0,0.0,6053205,13003230,0.0,0.0,0.009130125,0.540146541,1.625E-03,4.142564,4.7012725,0.765990625
nrel/118bus_40_24_k_medoids_convex_0.01_economic,570629,40,24,k_medoids,convex,economic,0.01,40261.54733044257,78205.53673022783,516.2292376010848,151.49381521598553,1.1220141294561161,40,1.0,1.0000000000000002,0.0,0.0,0.1404794520547945,384151,2137,0,0,OPTIMAL,2.4455390204021e6,0.0,2.4455390204021484e6,0.0,0.0,680400,1459095,OPTIMAL,2.4511644947918355e6,0.0,2.451164494798915e6,0.0,0.0,6053205,13003230,0.0,0.0,0.009241833,0.596707709,1.957963709,3.1656665,6.328540208,0.765990625
nrel/118bus_40_24_k_medoids_conical_0.01_economic,570629,40,24,k_medoids,conical,economic,0.01,39365.8857590941,78205.53673022783,516.2292376010848,151.49381521598553,1.1220141294561161,40,1.0131080986692114,1.1492084712533248,0.6136986301369863,0.27671232876712326,0.15123287671232877,404999,2327,0,0,OPTIMAL,2.490498625900751e6,0.0,2.4904986259009033e6,0.0,0.0,680400,1459095,OPTIMAL,2.450459101314784e6,0.0,2.4504591013218346e6,0.0,0.0,6053205,13003230,0.0,0.0,0.009407291,0.546769167,0.382543875,4.229210834,6.269374083,0.765990625
nrel/118bus_40_24_k_medoids_conical_bounded_0.01_economic,570629,40,24,k_medoids,conical_bounded,economic,0.01,40064.28172826547,78205.53673022783,516.2292376010848,151.49381521598553,1.1220141294561161,40,0.986947503211066,1.0000000000000002,0.0,0.5095890410958904,0.13835616438356163,384565,2608,0,0,OPTIMAL,2.3927719784190725e6,0.0,2.392771978419133e6,0.0,0.0,680400,1459095,OPTIMAL,2.4513301347412495e6,0.0,2.451330134748267e6,0.0,0.0,6053205,13003230,0.0,0.0,0.009451958,0.554075417,1.920505083,3.090254416,6.393712208,0.765990625
nrel/118bus_40_24_hierarchical_dirac_0.01_economic,570629,40,24,hierarchical,dirac,economic,0.01,54259.26604595306,78028.28262662177,520.024722187804,150.04725601957497,1.123675951376084,40,1.0,1.0,0.0,0.0,25,0,0,0,0,OPTIMAL,2.530622953075284e6,0.0,2.5306229530751756e6,0.0,0.0,680400,1459095,OPTIMAL,2.520054205977153e6,0.0,2.52005420598398e6,0.0,0.0,6053205,13003230,0.0,0.0,0.00923775,0.549797041,1.541E-03,4.149752084,4.695294667,0.765990625
nrel/118bus_40_24_hierarchical_convex_0.01_economic,570629,40,24,hierarchical,convex,economic,0.01,40214.84145644581,78028.28262662177,520.024722187804,150.04725601957497,1.123675951376084,40,1.0,1.0000000000000002,0.0,0.0,0.136986301369863,394667,2205,0,0,OPTIMAL,2.4813933980516563e6,0.0,2.481393398051799e6,0.0,0.0,680400,1459095,OPTIMAL,2.4498855437986064e6,0.0,2.4498855438058386e6,0.0,0.0,6053205,13003230,0.0,0.0,0.00910925,0.60812625,1.964089708,3.150292166,6.914918292,0.765990625
nrel/118bus_40_24_hierarchical_conical_0.01_economic,570629,40,24,hierarchical,conical,economic,0.01,39246.48486847631,78028.28262662177,520.024722187804,150.04725601957497,1.123675951376084,40,1.0124046762986783,1.1538668249256605,0.6027397260273972,0.2876712328767123,0.1491095890410959,415314,2253,0,0,OPTIMAL,2.516786293649383e6,0.0,2.5167862936494797e6,0.0,0.0,680400,1459095,OPTIMAL,2.4491376575302393e6,0.0,2.4491376575374915e6,0.0,0.0,6053205,13003230,0.0,0.0,0.009154584,0.510355583,1.756511458,3.185777292,6.393905,0.765990625
nrel/118bus_40_24_hierarchical_conical_bounded_0.01_economic,570629,40,24,hierarchical,conical_bounded,economic,0.01,39997.15892725327,78028.28262662177,520.024722187804,150.04725601957497,1.123675951376084,40,0.9859437886005081,1.0000000000000002,0.0,0.5726027397260274,0.1354109589041096,392984,2205,0,0,OPTIMAL,2.4203752290980765e6,0.0,2.4203752290980015e6,0.0,0.0,680400,1459095,OPTIMAL,2.449968357868921e6,0.0,2.449968357876072e6,0.0,0.0,6053205,13003230,0.0,0.0,0.009128208,0.578732,1.949494708,3.101246958,6.107534166,0.765990625
nrel/118bus_40_24_chronological_dirac_0.01_economic,570629,40,24,chronological,dirac,economic,0.01,85810.10630501148,82554.5692479322,534.643631471149,154.41046032994242,1.067899554986702,40,1.0,1.0,0.0,0.0,25,0,0,0,0,OPTIMAL,2.4736493771422957e6,0.0,2.473649377142343e6,0.0,0.0,680400,1459095,OPTIMAL,2.5339207181862565e6,0.0,2.533920718192274e6,0.0,0.0,6053205,13003230,0.0,0.0,0.009055834,0.544270458,1.458E-03,4.199811542,3.678024792,0.765990625
nrel/118bus_40_24_chronological_convex_0.01_economic,570629,40,24,chronological,convex,economic,0.01,49346.602672981986,82554.5692479322,534.643631471149,154.41046032994242,1.067899554986702,40,1.0,1.0000000000000002,0.0,0.0,0.12787671232876713,428708,2625,0,0,OPTIMAL,2.411816616915844e6,0.0,2.411816616915683e6,0.0,0.0,680400,1459095,OPTIMAL,2.4508227945867893e6,0.0,2.4508227945939205e6,0.0,0.0,6053205,13003230,0.0,0.0,0.009085458,0.59402675,2.017816208,3.073908833,6.867520292,0.765990625
nrel/118bus_40_24_chronological_conical_0.01_economic,570629,40,24,chronological,conical,economic,0.01,47757.24768330185,82554.5692479322,534.643631471149,154.41046032994242,1.067899554986702,40,0.9911995038157946,1.1308947241866234,0.4876712328767123,0.40273972602739727,0.13219178082191782,447592,2790,0,0,OPTIMAL,2.3590611710492214e6,0.0,2.3590611710493113e6,0.0,0.0,680400,1459095,OPTIMAL,2.4517340070464015e6,0.0,2.4517340070533226e6,0.0,0.0,6053205,13003230,0.0,0.0,0.009178875,0.56972275,1.587970333,2.980646042,7.104310334,0.765990625
nrel/118bus_40_24_chronological_conical_bounded_0.01_economic,570629,40,24,chronological,conical_bounded,economic,0.01,48179.21846014036,82554.5692479322,534.643631471149,154.41046032994242,1.067899554986702,40,0.9722346360839693,1.0000000000000002,0.0,0.5534246575342465,0.1258219178082192,434035,2625,0,0,OPTIMAL,2.2861829821590786e6,0.0,2.286182982159112e6,0.0,0.0,680400,1459095,OPTIMAL,2.4521309923662823e6,0.0,2.4521309923731154e6,0.0,0.0,6053205,13003230,0.0,0.0,0.009138,0.594287834,2.009410625,3.112584167,6.124551875,0.765990625
nrel/118bus_40_24_convex_hull_dirac_0.01_economic,570629,40,24,convex_hull,dirac,economic,0.01,66884.38279773497,73729.6318190305,662.043545613291,111.36674061330856,1.1883298645522324,40,1.0,1.0,0.0,0.0,25,0,0,9119,4336,OPTIMAL,2.2855137111252793e6,0.0,2.2855137111256546e6,0.0,0.0,680400,1459095,OPTIMAL,2.4652244303381504e6,0.0,2.4652244303446906e6,0.0,0.0,6053205,13003230,0.0,0.0,0.009314167,3.751666125,1.292E-03,3.175338458,6.018045959,0.765990625
nrel/118bus_40_24_convex_hull_convex_0.01_economic,570629,40,24,convex_hull,convex,economic,0.01,40503.08016440101,73729.6318190305,662.043545613291,111.36674061330856,1.1883298645522324,40,1.0,1.0000000000000002,0.0,0.0,155,263822,1456,9119,4336,OPTIMAL,2.316099721689797e6,0.0,2.3160997216899022e6,0.0,0.0,680400,1459095,OPTIMAL,2.455017466137161e6,0.0,2.455017466144002e6,0.0,0.0,6053205,13003230,0.0,0.0,0.009095167,3.715284667,0.386936209,3.163929333,6.885755125,0.765990625
nrel/118bus_40_24_convex_hull_conical_0.01_economic,570629,40,24,convex_hull,conical,economic,0.01,39282.04357868725,73729.6318190305,662.043545613291,111.36674061330856,1.1883298645522324,40,1.0394075086355246,1.1940728438408006,0.7506849315068493,0.13972602739726028,0.1739041095890411,291332,1598,9119,4336,OPTIMAL,2.4699914578801095e6,0.0,2.4699914578800574e6,0.0,0.0,680400,1459095,OPTIMAL,2.4540777044925815e6,0.0,2.454077704499434e6,0.0,0.0,6053205,13003230,0.0,0.0,0.009152542,3.824681292,0.309868375,3.243077208,7.44505575,0.765990625
nrel/118bus_40_24_convex_hull_conical_bounded_0.01_economic,570629,40,24,convex_hull,conical_bounded,economic,0.01,40555.568730128674,73729.6318190305,662.043545613291,111.36674061330856,1.1883298645522324,40,0.9931061404680765,1.0000000000000002,0.0,0.5041095890410959,0.15383561643835617,263087,1456,9119,4336,OPTIMAL,2.2909416462273723e6,0.0,2.2909416462273444e6,0.0,0.0,680400,1459095,OPTIMAL,2.454791832047743e6,0.0,2.4547918320546173e6,0.0,0.0,6053205,13003230,0.0,0.0,0.009060542,3.799693583,0.451518583,3.200519541,6.947616875,0.765990625
nrel/118bus_40_24_convex_hull_with_null_dirac_0.01_economic,570629,40,24,convex_hull_with_null,dirac,economic,0.01,67899.77874381216,74757.30666767874,656.5795594808591,113.85871763474857,1.1859409805470686,40,1.0,1.0,0.0,0.0,25,0,0,9193,4627,OPTIMAL,2.320209320184717e6,0.0,2.3202093201849824e6,0.0,0.0,680400,1459095,OPTIMAL,2.466722319261487e6,0.0,2.4667223192680418e6,0.0,0.0,6053205,13003230,0.0,0.0,0.00922925,3.862843208,9.17e-7,3.155191542,6.254003875,0.765990625
nrel/118bus_40_24_convex_hull_with_null_convex_0.01_economic,570629,40,24,convex_hull_with_null,convex,economic,0.01,40468.73036432199,74757.30666767874,656.5795594808591,113.85871763474857,1.1859409805470686,40,1.0,1.0000000000000002,0.0,0.0,0.1556849315068493,270710,1452,9193,4627,OPTIMAL,2.3883659802444056e6,0.0,2.388365980244321e6,0.0,0.0,680400,1459095,OPTIMAL,2.4533452113015037e6,0.0,2.4533452113086274e6,0.0,0.0,6053205,13003230,0.0,0.0,0.009116875,4.08635425,0.445165167,3.181702833,7.434177541,0.765990625
nrel/118bus_40_24_convex_hull_with_null_conical_0.01_economic,570629,40,24,convex_hull_with_null,conical,economic,0.01,39308.94046349851,74757.30666767874,656.5795594808591,113.85871763474857,1.1859409805470686,40,1.037500209883823,1.1749751644286184,0.7315068493150685,0.1589041095890411,0.17794520547945206,302207,1618,9193,4627,OPTIMAL,2.5432757609052057e6,0.0,2.5432757609053147e6,0.0,0.0,680400,1459095,OPTIMAL,2.4509755771729643e6,0.0,2.45097557718014e6,0.0,0.0,6053205,13003230,0.0,0.0,0.0090835,3.848580458,0.280270042,3.261517167,6.653246916,0.765990625
nrel/118bus_40_24_convex_hull_with_null_conical_bounded_0.01_economic,570629,40,24,convex_hull_with_null,conical_bounded,economic,0.01,40524.207128893424,74757.30666767874,656.5795594808591,113.85871763474857,1.1859409805470686,40,0.9924221798631144,1.0000000000000002,0.0,0.5123287671232877,0.15513698630136985,274266,1452,9193,4627,OPTIMAL,2.3586920720920144e6,0.0,2.3586920720920875e6,0.0,0.0,680400,1459095,OPTIMAL,2.452853477862638e6,0.0,2.4528534778697626e6,0.0,0.0,6053205,13003230,0.0,0.0,0.009101791,3.9467175,0.459553375,3.210937042,6.82642675,0.765990625
nrel/118bus_40_24_conical_hull_dirac_0.01_economic,570629,40,24,conical_hull,dirac,economic,0.01,75276.5376513367,64721.66612917619,835.764059890282,77.44011645783472,1.233118065978711,40,1.0,1.0,0.0,0.0,25,0,0,8574,4881,OPTIMAL,2.151010478987483e6,0.0,2.151010478987884e6,0.0,0.0,680400,1459095,OPTIMAL,2.4790115704572527e6,0.0,2.479011570463845e6,0.0,0.0,6053205,13003230,0.0,0.0,0.00913375,2.90048325,1.666E-03,2.754191291,6.536977583,0.765990625
nrel/118bus_40_24_conical_hull_convex_0.01_economic,570629,40,24,conical_hull,convex,economic,0.01,50402.52108536819,64721.66612917619,835.764059890282,77.44011645783472,1.233118065978711,40,1.0,1.0000000000000002,0.0,0.0,0.1352054794520548,197029,1126,8574,4881,OPTIMAL,2.192350452892289e6,0.0,2.1923504528923417e6,0.0,0.0,680400,1459095,OPTIMAL,2.4541318302562945e6,0.0,2.4541318302637096e6,0.0,0.0,6053205,13003230,0.0,0.0,0.009080333,2.940359459,0.300588625,3.163523375,6.459603833,0.765990625
nrel/118bus_40_24_conical_hull_conical_0.01_economic,570629,40,24,conical_hull,conical,economic,0.01,44757.31007945998,64721.66612917619,835.764059890282,77.44011645783472,1.233118065978711,40,1.1050431324785397,1.2687427824742543,0.8410958904109589,0.049315068493150684,0.16815068493150684,233564,1265,8574,4881,OPTIMAL,2.669661530077922e6,0.0,2.6696615300780237e6,0.0,0.0,680400,1459095,OPTIMAL,2.449132490828252e6,0.0,2.449132490835856e6,0.0,0.0,6053205,13003230,0.0,0.0,0.009206125,2.985221792,0.254569875,3.223042958,7.513043875,0.765990625
nrel/118bus_40_24_conical_hull_conical_bounded_0.01_economic,570629,40,24,conical_hull,conical_bounded,economic,0.01,50530.328942063155,64721.66612917619,835.764059890282,77.44011645783472,1.233118065978711,40,0.9968911653629235,1.0000000000000002,0.0,0.3232876712328767,0.1345205479452055,196629,1126,8574,4881,OPTIMAL,2.181147520850327e6,0.0,2.1811475208503217e6,0.0,0.0,680400,1459095,OPTIMAL,2.4537861143164528e6,0.0,2.4537861143238796e6,0.0,0.0,6053205,13003230,0.0,0.0,0.009444416,2.958871666,0.324499875,3.196037917,6.429874583,0.765990625
nrel/118bus_80_24_k_means_dirac_0.01_economic,570629,80,24,k_means,dirac,economic,0.01,38121.6682052385,109785.83206148847,150.565324970804,729.157474224407,1.1149988561132484,80,1.0,1.0,0.0,0.0,0.0125,0,0,0,0,OPTIMAL,2.424784414114275e6,0.0,2.424784414115071e6,0.0,0.0,1344360,2885295,OPTIMAL,2.4511169300815514e6,0.0,2.451116930088759e6,0.0,0.0,6053205,13003230,0.0,0.0,0.009066375,0.576330459,1.083E-03,6.753375833,13.207347375,0.765990625
nrel/118bus_80_24_k_means_convex_0.01_economic,570629,80,24,k_means,convex,economic,0.01,32732.25719140029,109785.83206148847,150.565324970804,729.157474224407,1.1149988561132484,80,1.0,1.0000000000000002,0.0,0.0,0.05770547945205479,617216,5097,0,0,OPTIMAL,2.4116411369205355e6,0.0,2.411641136920675e6,0.0,0.0,1344360,2885295,OPTIMAL,2.4484295059576975e6,0.0,2.4484295059650736e6,0.0,0.0,6053205,13003230,0.0,0.0,0.009500875,0.554633542,2.204296125,6.883306375,19.752901625,0.765990625
nrel/118bus_80_24_k_means_conical_0.01_economic,570629,80,24,k_means,conical,economic,0.01,31646.057268557986,109785.83206148847,150.565324970804,729.157474224407,1.1149988561132484,80,1.0259743689057235,1.1904415350158701,0.7616438356164383,0.19452054794520549,0.06726027397260274,680634,5402,0,0,OPTIMAL,2.5206317535680863e6,0.0,2.52063175356818e6,0.0,0.0,1344360,2885295,OPTIMAL,2.4471415503621544e6,0.0,2.4471415503694806e6,0.0,0.0,6053205,13003230,0.0,0.0,0.009025667,0.545671166,1.401689375,7.084980708,19.182863417,0.765990625
nrel/118bus_80_24_k_means_conical_bounded_0.01_economic,570629,80,24,k_means,conical_bounded,economic,0.01,32781.02457851522,109785.83206148847,150.565324970804,729.157474224407,1.1149988561132484,80,0.9929072035627219,1.0000000000000002,0.0,0.5315068493150685,0.05695205479452055,620250,5013,0,0,OPTIMAL,2.386612769933854e6,0.0,2.386612769933718e6,0.0,0.0,1344360,2885295,OPTIMAL,2.4484486678891615e6,0.0,2.4484486678965013e6,0.0,0.0,6053205,13003230,0.0,0.0,0.009170125,0.559440959,2.251548708,7.368139917,19.982396167,0.765990625
nrel/118bus_80_24_k_medoids_dirac_0.01_economic,570629,80,24,k_medoids,dirac,economic,0.01,47014.286767268444,110194.39829969924,336.65276652576927,327.3236083484386,1.1265142001524209,80,1.0,1.0,0.0,0.0,0.0125,0,0,0,0,OPTIMAL,2.5105911537966053e6,0.0,2.5105911537972153e6,0.0,0.0,1344360,2885295,OPTIMAL,2.4583956321666376e6,0.0,2.4583956321739582e6,0.0,0.0,6053205,13003230,0.0,0.0,0.009090125,0.508871416,1.583E-03,7.151051667,12.289795667,0.765990625
nrel/118bus_80_24_k_medoids_convex_0.01_economic,570629,80,24,k_medoids,convex,economic,0.01,33710.91219298174,110194.39829969924,336.65276652576927,327.3236083484386,1.1265142001524209,80,1.0,1.0000000000000004,0.0,0.0,0.07643835616438356,605974,3914,0,0,OPTIMAL,2.474770974221881e6,0.0,2.4747709742219546e6,0.0,0.0,1344360,2885295,OPTIMAL,2.4478787994735376e6,0.0,2.447878799480983e6,0.0,0.0,6053205,13003230,0.0,0.0,0.009042791,0.556083083,3.198586166,5.458354542,19.433325166,0.765990625
nrel/118bus_80_24_k_medoids_conical_0.01_economic,570629,80,24,k_medoids,conical,economic,0.01,32813.52568082293,110194.39829969924,336.65276652576927,327.3236083484386,1.1265142001524209,80,1.0174668243273972,1.1382592275520582,0.5534246575342465,0.2273972602739726,0.08332191780821918,638356,3950,0,0,OPTIMAL,2.541542883565719e6,0.0,2.5415428835656648e6,0.0,0.0,1344360,2885295,OPTIMAL,2.446044669330731e6,0.0,2.4460446693382855e6,0.0,0.0,6053205,13003230,0.0,0.0,0.009161042,0.514051,1.306015375,7.282789916,20.697222042,0.765990625
nrel/118bus_80_24_k_medoids_conical_bounded_0.01_economic,570629,80,24,k_medoids,conical_bounded,economic,0.01,33711.42527996013,110194.39829969924,336.65276652576927,327.3236083484386,1.1265142001524209,80,0.990477042835987,1.0000000000000002,0.0,0.4849315068493151,0.07568493150684931,606044,3914,0,0,OPTIMAL,2.438350893918301e6,0.0,2.4383508939183718e6,0.0,0.0,1344360,2885295,OPTIMAL,2.4476355053315237e6,0.0,2.447635505338897e6,0.0,0.0,6053205,13003230,0.0,0.0,0.009118292,0.525587583,2.247011667,7.139123584,22.906630125,0.765990625
nrel/118bus_80_24_hierarchical_dirac_0.01_economic,570629,80,24,hierarchical,dirac,economic,0.01,46455.01322094191,109007.37547597772,341.6742862391715,319.0388620572773,1.1367066464230657,80,1.0,1.0,0.0,0.0,0.0125,0,0,0,0,OPTIMAL,2.4551586582101635e6,0.0,2.4551586582106547e6,0.0,0.0,1344360,2885295,OPTIMAL,2.4590350424415655e6,0.0,2.459035042448859e6,0.0,0.0,6053205,13003230,0.0,0.0,0.009045459,0.8180945,1.25e-6,6.736667542,10.80683175,0.765990625
nrel/118bus_80_24_hierarchical_convex_0.01_economic,570629,80,24,hierarchical,convex,economic,0.01,32452.365860405658,109007.37547597772,341.6742862391715,319.0388620572773,1.1367066464230657,80,1.0,1.0000000000000002,0.0,0.0,0.0776027397260274,564106,3450,0,0,OPTIMAL,2.45223090638063e6,0.0,2.452230906380426e6,0.0,0.0,1344360,2885295,OPTIMAL,2.44846563621584e6,0.0,2.4484656362232035e6,0.0,0.0,6053205,13003230,0.0,0.0,0.009177917,0.56744475,2.040131833,6.965684084,19.604360959,0.765990625
nrel/118bus_80_24_hierarchical_conical_0.01_economic,570629,80,24,hierarchical,conical,economic,0.01,31510.25313981178,109007.37547597772,341.6742862391715,319.0388620572773,1.1367066464230657,80,1.0195378277046845,1.1542076813650335,0.5753424657534246,0.2054794520547945,0.08571917808219177,586360,3434,0,0,OPTIMAL,2.5265679008500543e6,0.0,2.5265679008501614e6,0.0,0.0,1344360,2885295,OPTIMAL,2.446807233864626e6,0.0,2.4468072338721105e6,0.0,0.0,6053205,13003230,0.0,0.0,0.009455417,0.754433333,2.340291042,5.880330791,23.110161,0.765990625
nrel/118bus_80_24_hierarchical_conical_bounded_0.01_economic,570629,80,24,hierarchical,conical_bounded,economic,0.01,32489.887730534785,109007.37547597772,341.6742862391715,319.0388620572773,1.1367066464230657,80,0.990870747519137,1.0000000000000002,0.0,0.5589041095890411,0.07684931506849316,565985,3414,0,0,OPTIMAL,2.4184930218661744e6,0.0,2.418493021866242e6,0.0,0.0,1344360,2885295,OPTIMAL,2.4482546359097986e6,0.0,2.448254635917141e6,0.0,0.0,6053205,13003230,0.0,0.0,0.009088708,0.589830375,2.089442667,6.875179208,19.093368708,0.765990625
nrel/118bus_80_24_chronological_dirac_0.01_economic,570629,80,24,chronological,dirac,economic,0.01,78399.18412704954,116536.00408138063,359.1186599684791,324.50556618697937,1.0827108542378878,80,1.0,1.0,0.0,0.0,0.0125,0,0,0,0,OPTIMAL,2.393930946558188e6,0.0,2.3939309465561984e6,0.0,0.0,1344360,2885295,OPTIMAL,2.464681292951063e6,0.0,2.4646812929577176e6,0.0,0.0,6053205,13003230,0.0,0.0,0.009126375,0.624816417,1.042E-03,6.981306375,8.5633825,0.765990625
nrel/118bus_80_24_chronological_convex_0.01_economic,570629,80,24,chronological,convex,economic,0.01,41106.249848892505,116536.00408138063,359.1186599684791,324.50556618697937,1.0827108542378878,80,1.0,1.0000000000000004,0.0,0.0,0.07417808219178082,632243,4212,0,0,OPTIMAL,2.421203226872414e6,0.0,2.421203226872393e6,0.0,0.0,1344360,2885295,OPTIMAL,2.4480991436058227e6,0.0,2.448099143612948e6,0.0,0.0,6053205,13003230,0.0,0.0,0.009514125,0.523138459,2.2187015,6.928898375,20.7516465,0.765990625
nrel/118bus_80_24_chronological_conical_0.01_economic,570629,80,24,chronological,conical,economic,0.01,39458.02228309733,116536.00408138063,359.1186599684791,324.50556618697937,1.0827108542378878,80,0.9999067583611883,1.1326587778368946,0.4602739726027397,0.32054794520547947,0.07842465753424657,656854,4479,0,0,OPTIMAL,2.414473310834317e6,0.0,2.414473310834351e6,0.0,0.0,1344360,2885295,OPTIMAL,2.449437557414626e6,0.0,2.4494375574215176e6,0.0,0.0,6053205,13003230,0.0,0.0,0.009219333,0.516829208,1.3496325,7.21418325,21.897933792,0.765990625
nrel/118bus_80_24_chronological_conical_bounded_0.01_economic,570629,80,24,chronological,conical_bounded,economic,0.01,40050.92166518618,116536.00408138063,359.1186599684791,324.50556618697937,1.0827108542378878,80,0.9786806859646158,1.0000000000000002,0.0,0.5287671232876713,0.07332191780821917,639239,4294,0,0,OPTIMAL,2.3389315998793384e6,0.0,2.3389315998790367e6,0.0,0.0,1344360,2885295,OPTIMAL,2.449751801199532e6,0.0,2.449751801206358e6,0.0,0.0,6053205,13003230,0.0,0.0,0.009069834,0.518318417,2.30098125,6.997956209,22.829384334,0.765990625
nrel/118bus_80_24_convex_hull_dirac_0.01_economic,570629,80,24,convex_hull,dirac,economic,0.01,53614.1551076346,105207.85143561393,500.47290875682086,210.21687606817954,1.1731879421271165,80,1.0,1.0,0.0,0.0,0.0125,0,0,19583,6092,OPTIMAL,2.4631464733745563e6,0.0,2.4631464733756734e6,0.0,0.0,1344360,2885295,OPTIMAL,2.4625847654239917e6,0.0,2.462584765431142e6,0.0,0.0,6053205,13003230,0.0,0.0,0.0091865,10.046732958,1.0e-6,5.182759917,15.600472667,0.765990625
nrel/118bus_80_24_convex_hull_convex_0.01_economic,570629,80,24,convex_hull,convex,economic,0.01,32097.6748852626,105207.85143561393,500.47290875682086,210.21687606817954,1.1731879421271165,80,1.0,1.0000000000000004,0.0,0.0,0.08092465753424657,421000,2284,19583,6092,OPTIMAL,2.4273538692341126e6,0.0,2.427353869234307e6,0.0,0.0,1344360,2885295,OPTIMAL,2.4497948526944653e6,0.0,2.449794852701791e6,0.0,0.0,6053205,13003230,0.0,0.0,0.0091605,9.91328575,1.3735445,5.390782042,21.415382334,0.765990625
nrel/118bus_80_24_convex_hull_conical_0.01_economic,570629,80,24,convex_hull,conical,economic,0.01,30842.467333388267,105207.85143561393,500.47290875682086,210.21687606817954,1.1731879421271165,80,1.035140535559281,1.146391634626845,0.673972602739726,0.10684931506849316,0.09404109589041096,467798,2436,19583,6092,OPTIMAL,2.5669257154446617e6,0.0,2.5669257154449862e6,0.0,0.0,1344360,2885295,OPTIMAL,2.447053583446645e6,0.0,2.4470535834541596e6,0.0,0.0,6053205,13003230,0.0,0.0,0.009339875,10.38031525,0.979610166,5.524337167,22.009526167,0.765990625
nrel/118bus_80_24_convex_hull_conical_bounded_0.01_economic,570629,80,24,convex_hull,conical_bounded,economic,0.01,32242.18670505042,105207.85143561393,500.47290875682086,210.21687606817954,1.1731879421271165,80,0.9945597941538139,1.0000000000000002,0.0,0.4602739726027397,0.08065068493150684,421324,2211,19583,6092,OPTIMAL,2.408037343745085e6,0.0,2.408037343744861e6,0.0,0.0,1344360,2885295,OPTIMAL,2.4496050838863547e6,0.0,2.449605083893657e6,0.0,0.0,6053205,13003230,0.0,0.0,0.0095035,9.03892,3.017526875,5.374022625,20.886354792,0.765990625
nrel/118bus_80_24_convex_hull_with_null_dirac_0.01_economic,570629,80,24,convex_hull_with_null,dirac,economic,0.01,53405.41437762038,105399.80433638021,510.2170369677559,206.5783709669443,1.1720229656521177,80,1.0,1.0,0.0,0.0,0.0125,0,0,19741,6299,OPTIMAL,2.4807020526160626e6,0.0,2.480702052617206e6,0.0,0.0,1344360,2885295,OPTIMAL,2.4614048621748313e6,0.0,2.461404862181886e6,0.0,0.0,6053205,13003230,0.0,0.0,0.009057584,9.602839167,1.0e-6,5.282975167,12.731546375,0.765990625
nrel/118bus_80_24_convex_hull_with_null_convex_0.01_economic,570629,80,24,convex_hull_with_null,convex,economic,0.01,31945.897722321057,105399.80433638021,510.2170369677559,206.5783709669443,1.1720229656521177,80,1.0,1.0000000000000002,0.0,0.0,0.08123287671232876,425099,2209,19741,6299,OPTIMAL,2.4396069762092847e6,0.0,2.4396069762092936e6,0.0,0.0,1344360,2885295,OPTIMAL,2.449302308509025e6,0.0,2.4493023085164186e6,0.0,0.0,6053205,13003230,0.0,0.0,0.009300459,10.423460208,1.390947875,5.448335792,20.790502958,0.765990625
nrel/118bus_80_24_convex_hull_with_null_conical_0.01_economic,570629,80,24,convex_hull_with_null,conical,economic,0.01,30626.162785865108,105399.80433638021,510.2170369677559,206.5783709669443,1.1720229656521177,80,1.0342573731690208,1.1463916345420981,0.6684931506849315,0.11232876712328767,0.09493150684931506,470337,2445,19741,6299,OPTIMAL,2.5768365687858253e6,0.0,2.576836568785865e6,0.0,0.0,1344360,2885295,OPTIMAL,2.446979436848973e6,0.0,2.4469794368564514e6,0.0,0.0,6053205,13003230,0.0,0.0,0.00957325,10.216729875,0.940132125,5.583468,21.218839459,0.765990625
nrel/118bus_80_24_convex_hull_with_null_conical_bounded_0.01_economic,570629,80,24,convex_hull_with_null,conical_bounded,economic,0.01,32110.4027566523,105399.80433638021,510.2170369677559,206.5783709669443,1.1720229656521177,80,0.9940690428136834,1.0000000000000002,0.0,0.4794520547945205,0.08082191780821918,425628,2209,19741,6299,OPTIMAL,2.4192703686253494e6,0.0,2.419270368625391e6,0.0,0.0,1344360,2885295,OPTIMAL,2.449152297982658e6,0.0,2.449152297990038e6,0.0,0.0,6053205,13003230,0.0,0.0,0.009088666,10.185241334,1.492314209,5.379558042,21.691639083,0.765990625
nrel/118bus_80_24_conical_hull_dirac_0.01_economic,570629,80,24,conical_hull,dirac,economic,0.01,59624.11828538425,96990.24097345192,507.29214746956467,191.19208025838978,1.2061762885149347,80,1.0,1.0,0.0,0.0,0.0125,0,0,18003,7672,OPTIMAL,2.3847011557816695e6,0.0,2.384701155782557e6,0.0,0.0,1344360,2885295,OPTIMAL,2.4579708005184643e6,0.0,2.457970800525722e6,0.0,0.0,6053205,13003230,0.0,0.0,0.0096325,5.154282333,6.67e-7,5.250272375,14.975877458,0.765990625
nrel/118bus_80_24_conical_hull_convex_0.01_economic,570629,80,24,conical_hull,convex,economic,0.01,38377.4031401199,96990.24097345192,507.29214746956467,191.19208025838978,1.2061762885149347,80,1.0,1.0000000000000002,0.0,0.0,0.07599315068493151,353948,2034,18003,7672,OPTIMAL,2.3673631384031577e6,0.0,2.367363138403431e6,0.0,0.0,1344360,2885295,OPTIMAL,2.449036332382232e6,0.0,2.449036332389628e6,0.0,0.0,6053205,13003230,0.0,0.0,9,5.090634625,1.264452125,5.302042625,25.137859292,0.765990625
nrel/118bus_80_24_conical_hull_conical_0.01_economic,570629,80,24,conical_hull,conical,economic,0.01,33375.068619304766,96990.24097345192,507.29214746956467,191.19208025838978,1.2061762885149347,80,1.0814534578694879,1.2276212966960038,0.7506849315068493,0.030136986301369864,0.09910958904109589,420127,2283,18003,7672,OPTIMAL,2.6920070130758695e6,0.0,2.692007013076024e6,0.0,0.0,1344360,2885295,OPTIMAL,2.446106317979415e6,0.0,2.4461063179871086e6,0.0,0.0,6053205,13003230,0.0,0.0,0.009178458,5.311662,0.882257459,5.432371375,22.467204333,0.765990625
nrel/118bus_80_24_conical_hull_conical_bounded_0.01_economic,570629,80,24,conical_hull,conical_bounded,economic,0.01,38622.83017377841,96990.24097345192,507.29214746956467,191.19208025838978,1.2061762885149347,80,0.9967735727635062,1.0000000000000004,0.0,0.4191780821917808,0.07595890410958904,353463,2034,18003,7672,OPTIMAL,2.3579413228608407e6,0.0,2.3579413228611723e6,0.0,0.0,1344360,2885295,OPTIMAL,2.44895738017505e6,0.0,2.448957380182443e6,0.0,0.0,6053205,13003230,0.0,0.0,0.009160292,5.294273083,1.233178042,5.306133042,25.499666083,0.765990625
nrel/118bus_10_24_k_means_dirac_0.01,570629,10,24,k_means,dirac,unscaled,0.01,119.3636451816091,116.9844007198978,1.0306837172365646,113.50174526240944,1.031988441317,10,1.0,1.0,0.0,0.0,0.1,0,0,0,0,OPTIMAL,2.4060464511532295e6,0.0,2.40604645115313e6,0.0,0.0,182430,389445,OPTIMAL,2.4633795411152523e6,0.0,2.4633795411216593e6,0.0,0.0,6053205,13003230,0.0,0.0,0.009171792,0.524830042,1.292E-03,1.285914333,1.172029041,0.765990625
nrel/118bus_10_24_k_means_convex_0.01,570629,10,24,k_means,convex,unscaled,0.01,113.57472419354943,116.9844007198978,1.0306837172365646,113.50174526240944,1.031988441317,10,1.0,1.0000000000000002,0.0,0.0,0.28027397260273973,78880,508,0,0,OPTIMAL,2.363149554789312e6,0.0,2.3631495547892586e6,0.0,0.0,182430,389445,OPTIMAL,2.458799364836042e6,0.0,2.4587993648426374e6,0.0,0.0,6053205,13003230,0.0,0.0,0.009116709,0.518242958,0.041644833,1.322552041,1.410420417,0.765990625
nrel/118bus_10_24_k_means_conical_0.01,570629,10,24,k_means,conical,unscaled,0.01,110.35944401995158,116.9844007198978,1.0306837172365646,113.50174526240944,1.031988441317,10,1.0056940850262903,1.1163786021885604,0.5972602739726027,0.40273972602739727,0.27863013698630135,83935,688,0,0,OPTIMAL,2.3773247837572875e6,0.0,2.377324783757349e6,0.0,0.0,182430,389445,OPTIMAL,2.457203872333058e6,0.0,2.4572038723397315e6,0.0,0.0,6053205,13003230,0.0,0.0,0.009063209,0.55212075,0.049153375,1.302675333,1.366972959,0.765990625
nrel/118bus_10_24_k_means_conical_bounded_0.01,570629,10,24,k_means,conical_bounded,unscaled,0.01,112.16773062115165,116.9844007198978,1.0306837172365646,113.50174526240944,1.031988441317,10,0.984786752735453,1.0000000000000002,0.0,0.4931506849315068,0.27506849315068493,80693,578,0,0,OPTIMAL,2.3161965513522364e6,0.0,2.3161965513521275e6,0.0,0.0,182430,389445,OPTIMAL,2.457727518506524e6,0.0,2.4577275185131896e6,0.0,0.0,6053205,13003230,0.0,0.0,0.009116459,0.548055458,0.073291,1.447635625,1.216847917,0.765990625
nrel/118bus_10_24_k_medoids_dirac_0.01,570629,10,24,k_medoids,dirac,unscaled,0.01,145.1402520082225,119.49027338711453,2.679303169544134,44.597518767331216,1.0467363828835894,10,1.0,1.0,0.0,0.0,0.1,0,0,0,0,OPTIMAL,2.5116794214225067e6,0.0,2.51167942142245e6,0.0,0.0,182430,389445,OPTIMAL,2.508212294552479e6,0.0,2.5082122945581344e6,0.0,0.0,6053205,13003230,0.0,0.0,0.00910725,0.5259265,1.833E-03,1.418272625,0.936521042,0.765990625
nrel/118bus_10_24_k_medoids_convex_0.01,570629,10,24,k_medoids,convex,unscaled,0.01,125.49039594264997,119.49027338711453,2.679303169544134,44.597518767331216,1.0467363828835894,10,1.0,1.0000000000000002,0.0,0.0,0.40794520547945207,86535,495,0,0,OPTIMAL,2.391480825927269e6,0.0,2.3914808259271793e6,0.0,0.0,182430,389445,OPTIMAL,2.456242409939069e6,0.0,2.456242409945613e6,0.0,0.0,6053205,13003230,0.0,0.0,0.009114125,0.548787125,0.041496625,1.378879208,1.223656334,0.765990625
nrel/118bus_10_24_k_medoids_conical_0.01,570629,10,24,k_medoids,conical,unscaled,0.01,122.70450579379822,119.49027338711453,2.679303169544134,44.597518767331216,1.0467363828835894,10,0.9878625677782046,1.0852933442259085,0.4054794520547945,0.5671232876712329,0.403013698630137,90974,526,0,0,OPTIMAL,2.3724755007487596e6,0.0,2.372475500748686e6,0.0,0.0,182430,389445,OPTIMAL,2.4559146923843417e6,0.0,2.455914692390891e6,0.0,0.0,6053205,13003230,0.0,0.0,0.009532375,0.642057541,0.030281834,1.461231917,2.17277725,0.765990625
nrel/118bus_10_24_k_medoids_conical_bounded_0.01,570629,10,24,k_medoids,conical_bounded,unscaled,0.01,123.49848097767516,119.49027338711453,2.679303169544134,44.597518767331216,1.0467363828835894,10,0.975855465736187,1.0,0.0,0.6520547945205479,0.3989041095890411,87853,519,0,0,OPTIMAL,2.345947273000753e6,0.0,2.345947273000857e6,0.0,0.0,182430,389445,OPTIMAL,2.455987664361264e6,0.0,2.455987664367832e6,0.0,0.0,6053205,13003230,0.0,0.0,0.009189,0.558126042,0.046426375,1.388707042,1.156882417,0.765990625
nrel/118bus_10_24_hierarchical_dirac_0.01,570629,10,24,hierarchical,dirac,unscaled,0.01,147.77321079280802,119.07224931804099,3.1060894569864956,38.335099798949116,1.0373270878197993,10,1.0,1.0,0.0,0.0,0.1,0,0,0,0,OPTIMAL,2.497694813977736e6,0.0,2.4976948139777617e6,0.0,0.0,182430,389445,OPTIMAL,2.814133290771754e6,0.0,2.802044900578837e6,0.0,12088.390196655528,6053205,13003230,0.0,1208.8390196655528,0.009169583,0.625584417,1.166E-03,1.429091167,1.922858541,0.765990625
nrel/118bus_10_24_hierarchical_convex_0.01,570629,10,24,hierarchical,convex,unscaled,0.01,126.8481261984759,119.07224931804099,3.1060894569864956,38.335099798949116,1.0373270878197993,10,1.0,1.0000000000000002,0.0,0.0,0.39863013698630134,90380,416,0,0,OPTIMAL,2.4615416375152753e6,0.0,2.46154163751533e6,0.0,0.0,182430,389445,OPTIMAL,2.455205527755854e6,0.0,2.45520552776244e6,0.0,0.0,6053205,13003230,0.0,0.0,0.0090965,0.551498584,0.044204042,1.317640791,1.338533709,0.765990625
nrel/118bus_10_24_hierarchical_conical_0.01,570629,10,24,hierarchical,conical,unscaled,0.01,122.83866218596057,119.07224931804099,3.1060894569864956,38.335099798949116,1.0373270878197993,10,0.9841651172153121,1.1183725362332626,0.3726027397260274,0.6,0.4071232876712329,95314,468,0,0,OPTIMAL,2.435806003427072e6,0.0,2.435806003427097e6,0.0,0.0,182430,389445,OPTIMAL,2.455412869475596e6,0.0,2.45541286948222e6,0.0,0.0,6053205,13003230,0.0,0.0,0.00941175,0.531849,0.24888525,2.200743583,1.271539167,0.765990625
nrel/118bus_10_24_hierarchical_conical_bounded_0.01,570629,10,24,hierarchical,conical_bounded,unscaled,0.01,123.90608214982092,119.07224931804099,3.1060894569864956,38.335099798949116,1.0373270878197993,10,0.9716507025673443,1.0,0.0,0.6465753424657534,0.40164383561643835,93592,469,0,0,OPTIMAL,2.40533621522527e6,0.0,2.4053362152252477e6,0.0,0.0,182430,389445,OPTIMAL,2.455347579763567e6,0.0,2.455347579770193e6,0.0,0.0,6053205,13003230,0.0,0.0,0.009018458,0.521256333,0.04946975,1.50264625,1.177038667,0.765990625
nrel/118bus_10_24_chronological_dirac_0.01,570629,10,24,chronological,dirac,unscaled,0.01,152.63626535008515,117.94416833329127,2.680003028615046,44.00896830114467,1.0380051876932654,10,1.0,1.0,0.0,0.0,0.1,0,0,0,0,OPTIMAL,2.57890035070637e6,0.0,2.578900350706238e6,0.0,0.0,182430,389445,OPTIMAL,2.5033706971865506e6,0.0,2.503370697192773e6,0.0,0.0,6053205,13003230,0.0,0.0,0.009118084,0.680198417,9.17e-7,1.338934334,0.795468041,0.765990625
nrel/118bus_10_24_chronological_convex_0.01,570629,10,24,chronological,convex,unscaled,0.01,131.70464531310245,117.94416833329127,2.680003028615046,44.00896830114467,1.0380051876932654,10,1.0,1.0000000000000002,0.0,0.0,0.40794520547945207,102791,583,0,0,OPTIMAL,2.5297680417158967e6,0.0,2.5297680417159633e6,0.0,0.0,182430,389445,OPTIMAL,2.454857964250923e6,0.0,2.454857964258151e6,0.0,0.0,6053205,13003230,0.0,0.0,0.009090208,0.524331917,0.260575583,2.201763,1.241846583,0.765990625
nrel/118bus_10_24_chronological_conical_0.01,570629,10,24,chronological,conical,unscaled,0.01,126.7118140015233,117.94416833329127,2.680003028615046,44.00896830114467,1.0380051876932654,10,0.9840818448943615,1.1436260865654722,0.4054794520547945,0.5671232876712329,0.4232876712328767,105754,588,0,0,OPTIMAL,2.4690541364242225e6,0.0,2.469054136424159e6,0.0,0.0,182430,389445,OPTIMAL,2.450697703182706e6,0.0,2.4506977031900496e6,0.0,0.0,6053205,13003230,0.0,0.0,0.009081667,0.528483375,0.032578958,1.408381333,1.202576,0.765990625
nrel/118bus_10_24_chronological_conical_bounded_0.01,570629,10,24,chronological,conical_bounded,unscaled,0.01,128.0730518674303,117.94416833329127,2.680003028615046,44.00896830114467,1.0380051876932654,10,0.9700613603445091,1.0000000000000002,0.0,0.6328767123287671,0.40876712328767123,102447,590,0,0,OPTIMAL,2.412165335683695e6,0.0,2.41216533568369e6,0.0,0.0,182430,389445,OPTIMAL,2.4527829803758333e6,0.0,2.4527829803831275e6,0.0,0.0,6053205,13003230,0.0,0.0,0.009535959,0.551991417,0.088028792,1.387998708,1.23920825,0.765990625
nrel/118bus_10_24_convex_hull_dirac_0.01,570629,10,24,convex_hull,dirac,unscaled,0.01,185.00049665347092,114.47393719567482,6.304771159302685,18.156715652838344,1.079848590956713,10,1.0,1.0,0.0,0.0,0.1,0,0,860,2380,OPTIMAL,2.812917343586522e6,0.0,2.812917343586514e6,0.0,0.0,182430,389445,OPTIMAL,2.480433313333918e6,0.0,2.4804333133396613e6,0.0,0.0,6053205,13003230,0.0,0.0,0.009127916,2.210549208,9.59e-7,1.226656167,1.233529875,0.765990625
nrel/118bus_10_24_convex_hull_convex_0.01,570629,10,24,convex_hull,convex,unscaled,0.01,129.270405290503,114.47393719567482,6.304771159302685,18.156715652838344,1.079848590956713,10,1.0,1.0000000000000002,0.0,0.0,0.5167123287671233,60623,267,860,2380,OPTIMAL,2.4362486056373017e6,0.0,2.436248605637335e6,0.0,0.0,182430,389445,OPTIMAL,2.472460918212412e6,0.0,2.4724609182187608e6,0.0,0.0,6053205,13003230,0.0,0.0,0.009338667,0.830911375,0.032986834,1.44150475,1.112349125,0.765990625
nrel/118bus_10_24_convex_hull_conical_0.01,570629,10,24,convex_hull,conical,unscaled,0.01,127.49229934338254,114.47393719567482,6.304771159302685,18.156715652838344,1.079848590956713,10,0.9990266259515366,1.142660355238748,0.4904109589041096,0.4821917808219178,0.52,63907,272,860,2380,OPTIMAL,2.432858901870898e6,0.0,2.4328589018709525e6,0.0,0.0,182430,389445,OPTIMAL,2.4755789767848495e6,0.0,2.4755789767911993e6,0.0,0.0,6053205,13003230,0.0,0.0,0.009130166,1.895765458,0.178710667,1.486199542,1.082644583,0.765990625
nrel/118bus_10_24_convex_hull_conical_bounded_0.01,570629,10,24,convex_hull,conical_bounded,unscaled,0.01,128.43518868863302,114.47393719567482,6.304771159302685,18.156715652838344,1.079848590956713,10,0.9813900859511588,1.0000000000000002,0.0,0.5753424657534246,0.5120547945205479,61639,298,860,2380,OPTIMAL,2.390289970359354e6,0.0,2.3902899703593045e6,0.0,0.0,182430,389445,OPTIMAL,2.4714828298562905e6,0.0,2.4714828298626626e6,0.0,0.0,6053205,13003230,0.0,0.0,0.009081958,2.169776708,0.04569075,1.2923195,1.10218775,0.765990625
nrel/118bus_10_24_convex_hull_with_null_dirac_0.01,570629,10,24,convex_hull_with_null,dirac,unscaled,0.01,197.8103690026702,117.29102038570628,5.374511336710094,21.823569258206046,1.081865849132499,10,1.0,1.0,0.0,0.0,0.1,0,0,981,2624,OPTIMAL,3.1784221657307036e6,0.0,3.178422165730842e6,0.0,0.0,182430,389445,OPTIMAL,2.6969515739772734e6,0.0,2.6546860662438753e6,0.0,42265.50773765521,6053205,13003230,0.0,4226.550773765521,0.009087875,2.185538292,1.084E-03,1.280760125,0.990886167,0.765990625
nrel/118bus_10_24_convex_hull_with_null_convex_0.01,570629,10,24,convex_hull_with_null,convex,unscaled,0.01,132.9386485654909,117.29102038570628,5.374511336710094,21.823569258206046,1.081865849132499,10,1.0,1.0000000000000002,0.0,0.0,0.5202739726027398,64326,284,981,2624,OPTIMAL,2.850996202256577e6,0.0,2.85099620225655e6,0.0,0.0,182430,389445,OPTIMAL,2.450145828782576e6,0.0,2.450145828789878e6,0.0,0.0,6053205,13003230,0.0,0.0,0.009169041,2.230514875,0.046109875,1.300497042,1.270527125,0.765990625
nrel/118bus_10_24_convex_hull_with_null_conical_0.01,570629,10,24,convex_hull_with_null,conical,unscaled,0.01,128.80819653705728,117.29102038570628,5.374511336710094,21.823569258206046,1.081865849132499,10,0.9670615402077424,1.0664430166040018,0.2493150684931507,0.7232876712328767,0.5087671232876713,66670,295,981,2624,OPTIMAL,2.7330981860547448e6,0.0,2.7330981860547243e6,0.0,0.0,182430,389445,OPTIMAL,2.4493713710804046e6,0.0,2.449371371087736e6,0.0,0.0,6053205,13003230,0.0,0.0,0.009089,2.159000667,0.034936125,1.333109,1.186755,0.765990625
nrel/118bus_10_24_convex_hull_with_null_conical_bounded_0.01,570629,10,24,convex_hull_with_null,conical_bounded,unscaled,0.01,129.2050702781056,117.29102038570628,5.374511336710094,21.823569258206046,1.081865849132499,10,0.9602981197635351,1.0000000000000002,0.0,0.7616438356164383,0.5079452054794521,66880,294,981,2624,OPTIMAL,2.7191094656716203e6,0.0,2.7191094656715887e6,0.0,0.0,182430,389445,OPTIMAL,2.449880536787382e6,0.0,2.4498805367946955e6,0.0,0.0,6053205,13003230,0.0,0.0,0.0089765,2.181788,0.053867875,1.28585675,1.255106,0.765990625
nrel/118bus_10_24_conical_hull_dirac_0.01,570629,10,24,conical_hull,dirac,unscaled,0.01,200.47012098065304,107.11246693196937,6.786363577851319,15.783484881587059,1.0944797798569772,10,1.0,1.0,0.0,0.0,0.1,0,0,667,2573,OPTIMAL,2.2848149594988506e6,0.0,2.284814959498885e6,0.0,0.0,182430,389445,OPTIMAL,2.4868003143142667e6,0.0,2.486800314319816e6,0.0,0.0,6053205,13003230,0.0,0.0,0.00914325,0.782882167,8.75e-7,1.288561583,0.980074917,0.765990625
nrel/118bus_10_24_conical_hull_convex_0.01,570629,10,24,conical_hull,convex,unscaled,0.01,145.84921071932237,107.11246693196937,6.786363577851319,15.783484881587059,1.0944797798569772,10,1.0,1.0000000000000002,0.0,0.0,0.5298630136986301,55191,261,667,2573,OPTIMAL,2.3893080577980634e6,0.0,2.389308057798009e6,0.0,0.0,182430,389445,OPTIMAL,2.4618860062937145e6,0.0,2.4618860063004796e6,0.0,0.0,6053205,13003230,0.0,0.0,0.009239458,2.015061125,0.032677875,1.45689,1.199547292,0.765990625
nrel/118bus_10_24_conical_hull_conical_0.01,570629,10,24,conical_hull,conical,unscaled,0.01,138.98882844294124,107.11246693196937,6.786363577851319,15.783484881587059,1.0944797798569772,10,1.0541855298979002,1.2090114886140122,0.8054794520547945,0.16712328767123288,0.5893150684931507,59452,226,667,2573,OPTIMAL,2.5357913781270995e6,0.0,2.5357913781271297e6,0.0,0.0,182430,389445,OPTIMAL,2.4599370578045216e6,0.0,2.4599370578113473e6,0.0,0.0,6053205,13003230,0.0,0.0,0.009031042,1.984486667,0.216020458,1.284801958,1.180371833,0.765990625
nrel/118bus_10_24_conical_hull_conical_bounded_0.01,570629,10,24,conical_hull,conical_bounded,unscaled,0.01,145.8112651989449,107.11246693196937,6.786363577851319,15.783484881587059,1.0944797798569772,10,0.9939929383067272,1.0000000000000002,0.0,0.3589041095890411,0.5284931506849315,55258,261,667,2573,OPTIMAL,2.375220831864803e6,0.0,2.3752208318649074e6,0.0,0.0,182430,389445,OPTIMAL,2.4619237510894043e6,0.0,2.461923751096153e6,0.0,0.0,6053205,13003230,0.0,0.0,0.009253459,2.15361225,0.045941,1.337624333,1.190935792,0.765990625
nrel/118bus_20_24_k_means_dirac_0.01,570629,20,24,k_means,dirac,unscaled,0.01,110.20281353859306,161.67967915553535,0.8938382998864289,180.88246965483395,1.0367533305500323,20,1.0,1.0,0.0,0.0,0.05,0,0,0,0,OPTIMAL,2.4088741565711675e6,0.0,2.408874156571279e6,0.0,0.0,348420,745995,OPTIMAL,2.4584943938707253e6,0.0,2.4584943938774657e6,0.0,0.0,6053205,13003230,0.0,0.0,0.009453375,0.607905875,1.5e-6,2.858313292,2.154173125,0.765990625
nrel/118bus_20_24_k_means_convex_0.01,570629,20,24,k_means,convex,unscaled,0.01,104.08338531260921,161.67967915553535,0.8938382998864289,180.88246965483395,1.0367533305500323,20,1.0,1.0000000000000002,0.0,0.0,0.1689041095890411,139907,975,0,0,OPTIMAL,2.3577877337940023e6,0.0,2.357787733793937e6,0.0,0.0,348420,745995,OPTIMAL,2.452971614379379e6,0.0,2.4529716143864007e6,0.0,0.0,6053205,13003230,0.0,0.0,0.009046917,0.591097125,0.136593209,1.922100208,2.701565292,0.765990625
nrel/118bus_20_24_k_means_conical_0.01,570629,20,24,k_means,conical,unscaled,0.01,101.23896876635834,161.67967915553535,0.8938382998864289,180.88246965483395,1.0367533305500323,20,1.0064674462609013,1.1064020934342467,0.5972602739726027,0.40273972602739727,0.16794520547945205,144468,1284,0,0,OPTIMAL,2.3808528475961075e6,0.0,2.3808528475961513e6,0.0,0.0,348420,745995,OPTIMAL,2.4518273513786444e6,0.0,2.45182735138574e6,0.0,0.0,6053205,13003230,0.0,0.0,0.009084458,0.515373541,0.268605792,2.924773417,2.617816958,0.765990625
nrel/118bus_20_24_k_means_conical_bounded_0.01,570629,20,24,k_means,conical_bounded,unscaled,0.01,103.0968721014934,161.67967915553535,0.8938382998864289,180.88246965483395,1.0367533305500323,20,0.9862748353842827,1.0000000000000002,0.0,0.5342465753424658,0.1626027397260274,137315,937,0,0,OPTIMAL,2.3247942134200297e6,0.0,2.3247942134199804e6,0.0,0.0,348420,745995,OPTIMAL,2.4527431731285835e6,0.0,2.4527431731355973e6,0.0,0.0,6053205,13003230,0.0,0.0,0.009308542,0.510143625,0.328268958,2.787848916,2.798636,0.765990625
nrel/118bus_20_24_k_medoids_dirac_0.01,570629,20,24,k_medoids,dirac,unscaled,0.01,137.25165078056125,161.54962303746015,2.551755212404894,63.30921643742159,1.0585679170140434,20,1.0,1.0,0.0,0.0,0.05,0,0,0,0,OPTIMAL,2.5069267840852723e6,0.0,2.5069267840854377e6,0.0,0.0,348420,745995,OPTIMAL,2.467935260264165e6,0.0,2.467935260270813e6,0.0,0.0,6053205,13003230,0.0,0.0,0.009130041,0.493869709,1.209E-03,2.77757525,2.8563685,0.765990625
nrel/118bus_20_24_k_medoids_convex_0.01,570629,20,24,k_medoids,convex,unscaled,0.01,111.00259752541379,161.54962303746015,2.551755212404894,63.30921643742159,1.0585679170140434,20,1.0,1.0000000000000002,0.0,0.0,0.28465753424657536,135856,703,0,0,OPTIMAL,2.368977115642252e6,0.0,2.3689771156421807e6,0.0,0.0,348420,745995,OPTIMAL,2.452506008341955e6,0.0,2.452506008348838e6,0.0,0.0,6053205,13003230,0.0,0.0,0.009278625,0.544060416,0.134975625,1.875461291,2.90839275,0.765990625
nrel/118bus_20_24_k_medoids_conical_0.01,570629,20,24,k_medoids,conical,unscaled,0.01,108.58268499144577,161.54962303746015,2.551755212404894,63.30921643742159,1.0585679170140434,20,1.0057081365961291,1.1067482687841068,0.5397260273972603,0.4054794520547945,0.28794520547945207,142009,793,0,0,OPTIMAL,2.381421628577084e6,0.0,2.38142162857712e6,0.0,0.0,348420,745995,OPTIMAL,2.452144119079861e6,0.0,2.45214411908676e6,0.0,0.0,6053205,13003230,0.0,0.0,0.009080042,0.525484083,0.063195583,2.128080292,3.790980333,0.765990625
nrel/118bus_20_24_k_medoids_conical_bounded_0.01,570629,20,24,k_medoids,conical_bounded,unscaled,0.01,110.22496280403024,161.54962303746015,2.551755212404894,63.30921643742159,1.0585679170140434,20,0.9850298510013253,1.0000000000000002,0.0,0.5753424657534246,0.27506849315068493,137921,703,0,0,OPTIMAL,2.3393035065111658e6,0.0,2.33930350651109e6,0.0,0.0,348420,745995,OPTIMAL,2.452788697345168e6,0.0,2.4527886973520587e6,0.0,0.0,6053205,13003230,0.0,0.0,0.009191916,0.51485225,0.135888458,2.010065083,3.578934792,0.765990625
nrel/118bus_20_24_hierarchical_dirac_0.01,570629,20,24,hierarchical,dirac,unscaled,0.01,135.66097434039807,166.0009339813398,2.1698551529761807,76.5032328326858,1.047857964015007,20,1.0,1.0,0.0,0.0,0.05,0,0,0,0,OPTIMAL,2.448663804004733e6,0.0,2.448663804004753e6,0.0,0.0,348420,745995,OPTIMAL,2.5346584716755003e6,0.0,2.534658471681468e6,0.0,0.0,6053205,13003230,0.0,0.0,0.009368917,0.610469041,1.458E-03,1.879995708,1.889509708,0.765990625
nrel/118bus_20_24_hierarchical_convex_0.01,570629,20,24,hierarchical,convex,unscaled,0.01,111.25687323875034,166.0009339813398,2.1698551529761807,76.5032328326858,1.047857964015007,20,1.0,1.0000000000000004,0.0,0.0,0.2710958904109589,153113,763,0,0,OPTIMAL,2.3610769884457723e6,0.0,2.361076988445874e6,0.0,0.0,348420,745995,OPTIMAL,2.4524935095049883e6,0.0,2.4524935095118913e6,0.0,0.0,6053205,13003230,0.0,0.0,0.00904975,0.610047667,0.142451333,3.087189334,2.976933916,0.765990625
nrel/118bus_20_24_hierarchical_conical_0.01,570629,20,24,hierarchical,conical,unscaled,0.01,108.28373338120122,166.0009339813398,2.1698551529761807,76.5032328326858,1.047857964015007,20,0.9946933353211383,1.0897179778236954,0.4520547945205479,0.4931506849315068,0.27150684931506847,155984,798,0,0,OPTIMAL,2.3509733891223078e6,0.0,2.350973389122125e6,0.0,0.0,348420,745995,OPTIMAL,2.452206370278876e6,0.0,2.452206370285799e6,0.0,0.0,6053205,13003230,0.0,0.0,0.009398292,0.520594416,0.277444166,2.785826333,2.96665325,0.765990625
nrel/118bus_20_24_hierarchical_conical_bounded_0.01,570629,20,24,hierarchical,conical_bounded,unscaled,0.01,109.57119189668786,166.0009339813398,2.1698551529761807,76.5032328326858,1.047857964015007,20,0.9792068839241381,1.0000000000000002,0.0,0.6109589041095891,0.2654794520547945,153154,801,0,0,OPTIMAL,2.3184623425553967e6,0.0,2.3184623425553185e6,0.0,0.0,348420,745995,OPTIMAL,2.4525624950612304e6,0.0,2.452562495068102e6,0.0,0.0,6053205,13003230,0.0,0.0,0.009047416,0.579913333,0.149408459,1.857283459,2.874435291,0.765990625
nrel/118bus_20_24_chronological_dirac_0.01,570629,20,24,chronological,dirac,unscaled,0.01,147.45338541388804,167.46389202952903,2.0282484015087494,82.5657704968277,1.0400913099703892,20,1.0,1.0,0.0,0.0,0.05,0,0,0,0,OPTIMAL,2.572222668923686e6,0.0,2.5722226689235102e6,0.0,0.0,348420,745995,OPTIMAL,2.4748323804511293e6,0.0,2.474832380457893e6,0.0,0.0,6053205,13003230,0.0,0.0,0.009263125,0.510091584,1.75e-6,2.005460584,2.584868042,0.765990625
nrel/118bus_20_24_chronological_convex_0.01,570629,20,24,chronological,convex,unscaled,0.01,122.77274035704068,167.46389202952903,2.0282484015087494,82.5657704968277,1.0400913099703892,20,1.0,1.0000000000000002,0.0,0.0,0.2595890410958904,172703,826,0,0,OPTIMAL,2.50431736507389e6,0.0,2.504317365073885e6,0.0,0.0,348420,745995,OPTIMAL,2.4536331847011168e6,0.0,2.4536331847082614e6,0.0,0.0,6053205,13003230,0.0,0.0,0.009233209,0.510325375,0.150321583,1.976295458,3.358165125,0.765990625
nrel/118bus_20_24_chronological_conical_0.01,570629,20,24,chronological,conical,unscaled,0.01,117.59379284672275,167.46389202952903,2.0282484015087494,82.5657704968277,1.0400913099703892,20,0.9784477247159863,1.1100261395244135,0.33424657534246577,0.6109589041095891,0.26246575342465756,174124,827,0,0,OPTIMAL,2.4231035220549535e6,0.0,2.423103522054973e6,0.0,0.0,348420,745995,OPTIMAL,2.450165350453417e6,0.0,2.45016535046067e6,0.0,0.0,6053205,13003230,0.0,0.0,0.00913525,0.489417958,0.098662542,2.988810542,2.79653375,0.765990625
nrel/118bus_20_24_chronological_conical_bounded_0.01,570629,20,24,chronological,conical_bounded,unscaled,0.01,118.66185349198277,167.46389202952903,2.0282484015087494,82.5657704968277,1.0400913099703892,20,0.9675345836574433,1.0000000000000002,0.0,0.7041095890410959,0.2589041095890411,171735,784,0,0,OPTIMAL,2.382996026043582e6,0.0,2.382996026043616e6,0.0,0.0,348420,745995,OPTIMAL,2.4518342743019336e6,0.0,2.4518342743090848e6,0.0,0.0,6053205,13003230,0.0,0.0,0.009212458,0.497631625,0.168907292,2.029715584,3.663175834,0.765990625
nrel/118bus_20_24_convex_hull_dirac_0.01,570629,20,24,convex_hull,dirac,unscaled,0.01,170.73011287711475,160.72808976023936,4.204580690522818,38.22690098979969,1.0854699808366344,20,1.0,1.0,0.0,0.0,0.05,0,0,3025,3720,OPTIMAL,2.8858975266988995e6,0.0,2.885897526698889e6,0.0,0.0,348420,745995,OPTIMAL,2.4789378250393267e6,0.0,2.4789378250454487e6,0.0,0.0,6053205,13003230,0.0,0.0,0.0090385,2.622313833,2.0e-6,1.710158583,3.12597025,0.765990625
nrel/118bus_20_24_convex_hull_convex_0.01,570629,20,24,convex_hull,convex,unscaled,0.01,113.58311358232076,160.72808976023936,4.204580690522818,38.22690098979969,1.0854699808366344,20,1.0,1.0000000000000004,0.0,0.0,0.33465753424657535,108573,464,3025,3720,OPTIMAL,2.5753542387541607e6,0.0,2.5753542387540773e6,0.0,0.0,348420,745995,OPTIMAL,2.45286108378674e6,0.0,2.4528610837937864e6,0.0,0.0,6053205,13003230,0.0,0.0,0.0092425,2.500365333,0.276770333,1.808271917,2.946585292,0.765990625
nrel/118bus_20_24_convex_hull_conical_0.01,570629,20,24,convex_hull,conical,unscaled,0.01,111.67456206839421,160.72808976023936,4.204580690522818,38.22690098979969,1.0854699808366344,20,0.9955132722569352,1.1174248216257652,0.4520547945205479,0.4931506849315068,0.33013698630136984,110249,457,3025,3720,OPTIMAL,2.5624037894294574e6,0.0,2.562403789429485e6,0.0,0.0,348420,745995,OPTIMAL,2.4536496719090417e6,0.0,2.453649671915889e6,0.0,0.0,6053205,13003230,0.0,0.0,0.009201125,2.645342417,0.072508084,1.904485417,2.868188291,0.765990625
nrel/118bus_20_24_convex_hull_conical_bounded_0.01,570629,20,24,convex_hull,conical_bounded,unscaled,0.01,112.66683003026029,160.72808976023936,4.204580690522818,38.22690098979969,1.0854699808366344,20,0.9799259435948392,1.0000000000000002,0.0,0.6602739726027397,0.32602739726027397,109160,486,3025,3720,OPTIMAL,2.5359498861097735e6,0.0,2.5359498861096255e6,0.0,0.0,348420,745995,OPTIMAL,2.453161938545339e6,0.0,2.4531619385522916e6,0.0,0.0,6053205,13003230,0.0,0.0,0.009310958,2.622832875,0.0994995,1.837564625,2.855307416,0.765990625
nrel/118bus_20_24_convex_hull_with_null_dirac_0.01,570629,20,24,convex_hull_with_null,dirac,unscaled,0.01,176.40400857140196,161.10806088605378,4.159118762486404,38.73610495068916,1.085552325087417,20,1.0,1.0,0.0,0.0,0.05,0,0,3157,3953,OPTIMAL,2.796973246755836e6,0.0,2.7969732467558836e6,0.0,0.0,348420,745995,OPTIMAL,2.4989848418077435e6,0.0,2.498984841813138e6,0.0,0.0,6053205,13003230,0.0,0.0,0.00928975,2.63650575,1.875E-03,1.72784275,2.885930208,0.765990625
nrel/118bus_20_24_convex_hull_with_null_convex_0.01,570629,20,24,convex_hull_with_null,convex,unscaled,0.01,115.3982000743008,161.10806088605378,4.159118762486404,38.73610495068916,1.085552325087417,20,1.0,1.0000000000000002,0.0,0.0,0.3515068493150685,110252,658,3157,3953,OPTIMAL,2.6290885660573184e6,0.0,2.6290885660573966e6,0.0,0.0,348420,745995,OPTIMAL,2.4506427116135545e6,0.0,2.450642711620713e6,0.0,0.0,6053205,13003230,0.0,0.0,0.00914425,1.295891,0.113979,1.915219709,2.9309545,0.765990625
nrel/118bus_20_24_convex_hull_with_null_conical_0.01,570629,20,24,convex_hull_with_null,conical,unscaled,0.01,113.30824635689503,161.10806088605378,4.159118762486404,38.73610495068916,1.085552325087417,20,0.9875172626646748,1.0846383239906026,0.3835616438356164,0.5616438356164384,0.346027397260274,113334,545,3157,3953,OPTIMAL,2.6078299231202938e6,0.0,2.60782992312038e6,0.0,0.0,348420,745995,OPTIMAL,2.450661308195991e6,0.0,2.450661308203206e6,0.0,0.0,6053205,13003230,0.0,0.0,0.009054791,2.687663167,0.065173584,1.911266292,2.741498042,0.765990625
nrel/118bus_20_24_convex_hull_with_null_conical_bounded_0.01,570629,20,24,convex_hull_with_null,conical_bounded,unscaled,0.01,114.05011815308609,161.10806088605378,4.159118762486404,38.73610495068916,1.085552325087417,20,0.9756781659151946,1.0000000000000002,0.0,0.6575342465753424,0.3419178082191781,111412,516,3157,3953,OPTIMAL,2.5943844104042943e6,0.0,2.5943844104043744e6,0.0,0.0,348420,745995,OPTIMAL,2.4502674887249735e6,0.0,2.450267488732199e6,0.0,0.0,6053205,13003230,0.0,0.0,0.009135333,2.680608958,0.103025541,1.897175208,2.843393583,0.765990625
nrel/118bus_20_24_conical_hull_dirac_0.01,570629,20,24,conical_hull,dirac,unscaled,0.01,181.57351472623466,149.56097995343544,4.6010292129300465,32.505983559750405,1.0917436998144456,20,1.0,1.0,0.0,0.0,0.05,0,0,2627,4118,OPTIMAL,2.1854448734568367e6,0.0,2.1854448734568157e6,0.0,0.0,348420,745995,OPTIMAL,2.4850232931121597e6,0.0,2.485023293117739e6,0.0,0.0,6053205,13003230,0.0,0.0,0.009058375,2.3395215,1.125E-03,1.743735708,2.365183917,0.765990625
nrel/118bus_20_24_conical_hull_convex_0.01,570629,20,24,conical_hull,convex,unscaled,0.01,126.49479940373581,149.56097995343544,4.6010292129300465,32.505983559750405,1.0917436998144456,20,1.0,1.0000000000000002,0.0,0.0,0.3152054794520548,91665,408,2627,4118,OPTIMAL,2.2686641821339354e6,0.0,2.2686641821338516e6,0.0,0.0,348420,745995,OPTIMAL,2.461992716012823e6,0.0,2.4619927160195466e6,0.0,0.0,6053205,13003230,0.0,0.0,0.009103042,2.404111958,0.107450333,1.901198667,2.81464525,0.765990625
nrel/118bus_20_24_conical_hull_conical_0.01,570629,20,24,conical_hull,conical,unscaled,0.01,117.92791681495994,149.56097995343544,4.6010292129300465,32.505983559750405,1.0917436998144456,20,1.0558114995691095,1.2233222030420772,0.8136986301369863,0.13150684931506848,0.3589041095890411,99966,491,2627,4118,OPTIMAL,2.393815165320374e6,0.0,2.39381516532032e6,0.0,0.0,348420,745995,OPTIMAL,2.4603921296971687e6,0.0,2.4603921297039725e6,0.0,0.0,6053205,13003230,0.0,0.0,0.009097375,2.40005275,0.06052475,1.915809584,2.972225208,0.765990625
nrel/118bus_20_24_conical_hull_conical_bounded_0.01,570629,20,24,conical_hull,conical_bounded,unscaled,0.01,126.58630467310726,149.56097995343544,4.6010292129300465,32.505983559750405,1.0917436998144456,20,0.9944088149664128,1.0000000000000002,0.0,0.4,0.31465753424657533,92008,436,2627,4118,OPTIMAL,2.25650759094091e6,0.0,2.256507590940889e6,0.0,0.0,348420,745995,OPTIMAL,2.462204945316404e6,0.0,2.46220494532312e6,0.0,0.0,6053205,13003230,0.0,0.0,0.009033042,2.369378416,0.099273834,1.871074667,2.884729833,0.765990625
nrel/118bus_40_24_k_means_dirac_0.01,570629,40,24,k_means,dirac,unscaled,0.01,101.20062619010582,227.92196002841123,0.8205417767605202,277.77008615971,1.0473016605365648,40,1.0,1.0,0.0,0.0,25,0,0,0,0,OPTIMAL,2.4124662648073644e6,0.0,2.412466264807403e6,0.0,0.0,680400,1459095,OPTIMAL,2.452710893079136e6,0.0,2.452710893086321e6,0.0,0.0,6053205,13003230,0.0,0.0,0.009182167,0.554497708,1.75e-6,4.225082292,4.748312375,0.765990625
nrel/118bus_40_24_k_means_convex_0.01,570629,40,24,k_means,convex,unscaled,0.01,94.00566482815367,227.92196002841123,0.8205417767605202,277.77008615971,1.0473016605365648,40,1.0,1.0000000000000002,0.0,0.0,0.11,217665,1736,0,0,OPTIMAL,2.411638621031762e6,0.0,2.4116386210316094e6,0.0,0.0,680400,1459095,OPTIMAL,2.4464197417065497e6,0.0,2.4464197417138284e6,0.0,0.0,6053205,13003230,0.0,0.0,0.009172708,0.580882709,1.4978185,3.0952275,6.407835917,0.765990625
nrel/118bus_40_24_k_means_conical_0.01,570629,40,24,k_means,conical,unscaled,0.01,91.69427463503986,227.92196002841123,0.8205417767605202,277.77008615971,1.0473016605365648,40,1.0069147614160965,1.116056404278989,0.5917808219178082,0.39452054794520547,0.1108904109589041,228997,1373,0,0,OPTIMAL,2.423229697063163e6,0.0,2.4232296970629888e6,0.0,0.0,680400,1459095,OPTIMAL,2.4465838496510265e6,0.0,2.446583849658297e6,0.0,0.0,6053205,13003230,0.0,0.0,0.009126292,0.523391375,0.243150375,4.103665709,6.494427417,0.765990625
nrel/118bus_40_24_k_means_conical_bounded_0.01,570629,40,24,k_means,conical_bounded,unscaled,0.01,93.50325867906511,227.92196002841123,0.8205417767605202,277.77008615971,1.0473016605365648,40,0.9876449570740193,1.0000000000000002,0.0,0.6109589041095891,0.10691780821917808,221780,1613,0,0,OPTIMAL,2.385609660263779e6,0.0,2.3856096602636967e6,0.0,0.0,680400,1459095,OPTIMAL,2.4464831342314216e6,0.0,2.446483134238739e6,0.0,0.0,6053205,13003230,0.0,0.0,0.009353208,0.527159833,1.569296875,3.3095255,6.468199375,0.765990625
nrel/118bus_40_24_k_medoids_dirac_0.01,570629,40,24,k_medoids,dirac,unscaled,0.01,126.27748626322521,229.2645027072623,1.707772496608206,134.2476841397802,1.0583160747236937,40,1.0,1.0,0.0,0.0,25,0,0,0,0,OPTIMAL,2.4250581030441043e6,0.0,2.4250581030442026e6,0.0,0.0,680400,1459095,OPTIMAL,2.461113704093021e6,0.0,2.4611137040998912e6,0.0,0.0,6053205,13003230,0.0,0.0,0.009099292,0.564502708,2.042E-03,3.972164167,5.119948666,0.765990625
nrel/118bus_40_24_k_medoids_convex_0.01,570629,40,24,k_medoids,convex,unscaled,0.01,98.69506444720736,229.2645027072623,1.707772496608206,134.2476841397802,1.0583160747236937,40,1.0,1.0000000000000002,0.0,0.0,0.16547945205479453,213919,1208,0,0,OPTIMAL,2.3733106051190733e6,0.0,2.373310605118987e6,0.0,0.0,680400,1459095,OPTIMAL,2.44914716313722e6,0.0,2.44914716314415e6,0.0,0.0,6053205,13003230,0.0,0.0,0.009229125,0.518625916,0.383913917,4.39131625,6.930418542,0.765990625
nrel/118bus_40_24_k_medoids_conical_0.01,570629,40,24,k_medoids,conical,unscaled,0.01,96.5923768687159,229.2645027072623,1.707772496608206,134.2476841397802,1.0583160747236937,40,1.0079983721088375,1.0999218133661697,0.5452054794520548,0.3452054794520548,0.17171232876712328,222368,1233,0,0,OPTIMAL,2.37669490323494e6,0.0,2.37669490323492e6,0.0,0.0,680400,1459095,OPTIMAL,2.449698232513523e6,0.0,2.44969823252043e6,0.0,0.0,6053205,13003230,0.0,0.0,0.009545834,0.555670833,0.241235292,4.268153083,7.062601666,0.765990625
nrel/118bus_40_24_k_medoids_conical_bounded_0.01,570629,40,24,k_medoids,conical_bounded,unscaled,0.01,98.31620278608693,229.2645027072623,1.707772496608206,134.2476841397802,1.0583160747236937,40,0.9873040986959781,1.0000000000000002,0.0,0.5945205479452055,0.161986301369863,215278,1208,0,0,OPTIMAL,2.3486979549920913e6,0.0,2.3486979549921243e6,0.0,0.0,680400,1459095,OPTIMAL,2.449371622577654e6,0.0,2.449371622584582e6,0.0,0.0,6053205,13003230,0.0,0.0,0.009148,0.551118583,0.395814209,4.19939375,7.236445208,0.765990625
nrel/118bus_40_24_hierarchical_dirac_0.01,570629,40,24,hierarchical,dirac,unscaled,0.01,124.97018852894111,227.60611906419746,1.7640881758824827,129.02196283376696,1.0605386397500922,40,1.0,1.0,0.0,0.0,25,0,0,0,0,OPTIMAL,2.4367230483008283e6,0.0,2.436723048300915e6,0.0,0.0,680400,1459095,OPTIMAL,2.4607326039296463e6,0.0,2.4607326039366317e6,0.0,0.0,6053205,13003230,0.0,0.0,0.009097666,0.500351209,1.209E-03,4.249120459,4.159055917,0.765990625
nrel/118bus_40_24_hierarchical_convex_0.01,570629,40,24,hierarchical,convex,unscaled,0.01,96.92565642064548,227.60611906419746,1.7640881758824827,129.02196283376696,1.0605386397500922,40,1.0,1.0000000000000002,0.0,0.0,0.1645890410958904,211952,1119,0,0,OPTIMAL,2.41848802704775e6,0.0,2.418488027047612e6,0.0,0.0,680400,1459095,OPTIMAL,2.4479802597586247e6,0.0,2.4479802597657004e6,0.0,0.0,6053205,13003230,0.0,0.0,0.009087417,0.529340041,0.343066,4.335664625,8.16026675,0.765990625
nrel/118bus_40_24_hierarchical_conical_0.01,570629,40,24,hierarchical,conical,unscaled,0.01,94.32622729557245,227.60611906419746,1.7640881758824827,129.02196283376696,1.0605386397500922,40,1.0047025608857358,1.117343217726413,0.4958904109589041,0.39452054794520547,0.17164383561643837,219513,1171,0,0,OPTIMAL,2.429842149953567e6,0.0,2.4298421499537257e6,0.0,0.0,680400,1459095,OPTIMAL,2.4471497135539996e6,0.0,2.447149713561093e6,0.0,0.0,6053205,13003230,0.0,0.0,0.009161542,0.505567208,0.232430292,3.107698666,7.103355583,0.765990625
nrel/118bus_40_24_hierarchical_conical_bounded_0.01,570629,40,24,hierarchical,conical_bounded,unscaled,0.01,96.3562706271365,227.60611906419746,1.7640881758824827,129.02196283376696,1.0605386397500922,40,0.9849932428473428,1.0000000000000002,0.0,0.6712328767123288,0.16157534246575342,214625,1110,0,0,OPTIMAL,2.3838226226309193e6,0.0,2.383822622630973e6,0.0,0.0,680400,1459095,OPTIMAL,2.448130129251051e6,0.0,2.4481301292581353e6,0.0,0.0,6053205,13003230,0.0,0.0,0.0091815,0.503929167,0.383996542,4.230108,6.944628417,0.765990625
nrel/118bus_40_24_chronological_dirac_0.01,570629,40,24,chronological,dirac,unscaled,0.01,142.7162795268989,236.18193038719664,1.381433279789046,170.96875675621712,1.0426094081028499,40,1.0,1.0,0.0,0.0,25,0,0,0,0,OPTIMAL,2.556776104856396e6,0.0,2.5567761048562815e6,0.0,0.0,680400,1459095,OPTIMAL,2.4700497963133836e6,0.0,2.470049796320133e6,0.0,0.0,6053205,13003230,0.0,0.0,0.009126541,0.510040791,1.375E-03,3.970459042,3.806912208,0.765990625
nrel/118bus_40_24_chronological_convex_0.01,570629,40,24,chronological,convex,unscaled,0.01,110.64351402673343,236.18193038719664,1.381433279789046,170.96875675621712,1.0426094081028499,40,1.0,1.0000000000000002,0.0,0.0,0.15020547945205479,245790,1522,0,0,OPTIMAL,2.4928398124704915e6,0.0,2.4928398124705125e6,0.0,0.0,680400,1459095,OPTIMAL,2.4492632476546965e6,0.0,2.449263247661799e6,0.0,0.0,6053205,13003230,0.0,0.0,0.009415416,0.523947792,0.414855417,4.114488958,8.05644125,0.765990625
nrel/118bus_40_24_chronological_conical_0.01,570629,40,24,chronological,conical,unscaled,0.01,107.2811253519378,236.18193038719664,1.381433279789046,170.96875675621712,1.0426094081028499,40,0.9822592997710583,1.0881299856044264,0.32602739726027397,0.5643835616438356,0.15109589041095892,252210,1309,0,0,OPTIMAL,2.443803962704811e6,0.0,2.4438039627046296e6,0.0,0.0,680400,1459095,OPTIMAL,2.4482113183654216e6,0.0,2.448211318372549e6,0.0,0.0,6053205,13003230,0.0,0.0,0.00915875,0.508908875,0.452769791,3.992013125,7.137964542,0.765990625
nrel/118bus_40_24_chronological_conical_bounded_0.01,570629,40,24,chronological,conical_bounded,unscaled,0.01,108.04924273445845,236.18193038719664,1.381433279789046,170.96875675621712,1.0426094081028499,40,0.9728615802724987,1.0000000000000002,0.0,0.6876712328767123,0.14773972602739727,249727,1522,0,0,OPTIMAL,2.4172182765170005e6,0.0,2.4172182765170825e6,0.0,0.0,680400,1459095,OPTIMAL,2.4489779495179383e6,0.0,2.448977949525029e6,0.0,0.0,6053205,13003230,0.0,0.0,0.009106916,0.498006083,0.42761775,4.26045025,6.489876667,0.765990625
nrel/118bus_40_24_convex_hull_dirac_0.01,570629,40,24,convex_hull,dirac,unscaled,0.01,154.51689868754465,223.4633900790177,2.655819711056185,84.14102401181034,1.081525184110448,40,1.0,1.0,0.0,0.0,25,0,0,7734,5721,OPTIMAL,2.8193399642064697e6,0.0,2.8193399642067193e6,0.0,0.0,680400,1459095,OPTIMAL,2.4710851835109773e6,0.0,2.4710851835172637e6,0.0,0.0,6053205,13003230,0.0,0.0,0.00909825,4.017421708,9.59e-7,3.079403708,5.708152708,0.765990625
nrel/118bus_40_24_convex_hull_convex_0.01,570629,40,24,convex_hull,convex,unscaled,0.01,98.6786711181127,223.4633900790177,2.655819711056185,84.14102401181034,1.081525184110448,40,1.0,1.0000000000000004,0.0,0.0,0.1934931506849315,167520,796,7734,5721,OPTIMAL,2.6236263598839347e6,0.0,2.623626359884052e6,0.0,0.0,680400,1459095,OPTIMAL,2.450877595115317e6,0.0,2.4508775951221604e6,0.0,0.0,6053205,13003230,0.0,0.0,0.009043125,3.754224875,0.266728916,3.232409459,7.2519295,0.765990625
nrel/118bus_40_24_convex_hull_conical_0.01,570629,40,24,convex_hull,conical,unscaled,0.01,96.89686094546485,223.4633900790177,2.655819711056185,84.14102401181034,1.081525184110448,40,0.9973396396185954,1.1136002413186705,0.41643835616438357,0.473972602739726,0.1932876712328767,173883,855,7734,5721,OPTIMAL,2.607829227569515e6,0.0,2.607829227569705e6,0.0,0.0,680400,1459095,OPTIMAL,2.4512873297517784e6,0.0,2.4512873297585556e6,0.0,0.0,6053205,13003230,0.0,0.0,0.009012875,3.812632042,0.187289125,3.242011584,8.502325625,0.765990625
nrel/118bus_40_24_convex_hull_conical_bounded_0.01,570629,40,24,convex_hull,conical_bounded,unscaled,0.01,98.02366839543251,223.4633900790177,2.655819711056185,84.14102401181034,1.081525184110448,40,0.9816473490584627,1.0000000000000002,0.0,0.6684931506849315,0.18746575342465754,167821,788,7734,5721,OPTIMAL,2.5872640961440024e6,0.0,2.5872640961440536e6,0.0,0.0,680400,1459095,OPTIMAL,2.4515530031478615e6,0.0,2.4515530031546666e6,0.0,0.0,6053205,13003230,0.0,0.0,0.009169375,3.811072625,0.306275708,3.236073375,6.575304208,0.765990625
nrel/118bus_40_24_convex_hull_with_null_dirac_0.01,570629,40,24,convex_hull_with_null,dirac,unscaled,0.01,158.0676633883084,222.09680464176,2.833833765935174,78.37326497818313,1.0815587530755182,40,1.0,1.0,0.0,0.0,25,0,0,8214,5606,OPTIMAL,2.6757005578314634e6,0.0,2.675700557831738e6,0.0,0.0,680400,1459095,OPTIMAL,2.492952515729297e6,0.0,2.49295251573459e6,0.0,0.0,6053205,13003230,0.0,0.0,0.009082833,3.68845275,1.125E-03,3.112827375,5.503337,0.765990625
nrel/118bus_40_24_convex_hull_with_null_convex_0.01,570629,40,24,convex_hull_with_null,convex,unscaled,0.01,101.00896363677082,222.09680464176,2.833833765935174,78.37326497818313,1.0815587530755182,40,1.0,1.0000000000000002,0.0,0.0,0.198013698630137,160833,758,8214,5606,OPTIMAL,2.5999350039378637e6,0.0,2.5999350039376854e6,0.0,0.0,680400,1459095,OPTIMAL,2.454708117369532e6,0.0,2.4547081173765613e6,0.0,0.0,6053205,13003230,0.0,0.0,0.009439334,3.658836958,0.252758208,3.243304667,8.454880458,0.765990625
nrel/118bus_40_24_convex_hull_with_null_conical_0.01,570629,40,24,convex_hull_with_null,conical,unscaled,0.01,99.08961678110825,222.09680464176,2.833833765935174,78.37326497818313,1.0815587530755182,40,0.9938357539588792,1.091774598532438,0.4054794520547945,0.4849315068493151,0.19547945205479453,165233,822,8214,5606,OPTIMAL,2.5853210393270794e6,0.0,2.5853210393271786e6,0.0,0.0,680400,1459095,OPTIMAL,2.4550400729633463e6,0.0,2.455040072970299e6,0.0,0.0,6053205,13003230,0.0,0.0,0.009045208,3.621356291,0.167681875,3.214994292,6.577177458,0.765990625
nrel/118bus_40_24_convex_hull_with_null_conical_bounded_0.01,570629,40,24,convex_hull_with_null,conical_bounded,unscaled,0.01,100.11704518217658,222.09680464176,2.833833765935174,78.37326497818313,1.0815587530755182,40,0.9801692287450386,1.0000000000000002,0.0,0.6958904109589041,0.1915068493150685,160744,819,8214,5606,OPTIMAL,2.5697922856917917e6,0.0,2.5697922856918033e6,0.0,0.0,680400,1459095,OPTIMAL,2.4547922159263548e6,0.0,2.454792215933292e6,0.0,0.0,6053205,13003230,0.0,0.0,0.009206208,3.656084834,0.268504666,3.156126334,6.717771792,0.765990625
nrel/118bus_40_24_conical_hull_dirac_0.01,570629,40,24,conical_hull,dirac,unscaled,0.01,167.28946114755132,211.28486434043862,3.014391875330563,70.09203616476334,1.083157177209324,40,1.0,1.0,0.0,0.0,25,0,0,7432,6023,OPTIMAL,2.2926138302900717e6,0.0,2.2926138302903636e6,0.0,0.0,680400,1459095,OPTIMAL,2.468492258355079e6,0.0,2.4684922583612003e6,0.0,0.0,6053205,13003230,0.0,0.0,0.009136375,3.016361,1.416E-03,3.052837042,5.689101834,0.765990625
nrel/118bus_40_24_conical_hull_convex_0.01,570629,40,24,conical_hull,convex,unscaled,0.01,115.91828669719784,211.28486434043862,3.014391875330563,70.09203616476334,1.083157177209324,40,1.0,1.0000000000000002,0.0,0.0,0.18253424657534248,149306,870,7432,6023,OPTIMAL,2.3017553305150373e6,0.0,2.301755330514963e6,0.0,0.0,680400,1459095,OPTIMAL,2.458389599079435e6,0.0,2.45838959908625e6,0.0,0.0,6053205,13003230,0.0,0.0,0.009002875,1.566995625,0.264851333,4.16791675,8.319324208,0.765990625
nrel/118bus_40_24_conical_hull_conical_0.01,570629,40,24,conical_hull,conical,unscaled,0.01,105.93143195372782,211.28486434043862,3.014391875330563,70.09203616476334,1.083157177209324,40,1.0591405116981485,1.2296435530008367,0.7835616438356164,0.10684931506849316,0.2086986301369863,159009,815,7432,6023,OPTIMAL,2.4569863469864777e6,0.0,2.4569863469863785e6,0.0,0.0,680400,1459095,OPTIMAL,2.4545928722701245e6,0.0,2.4545928722771564e6,0.0,0.0,6053205,13003230,0.0,0.0,0.009115458,2.98810625,0.16976075,3.277267166,8.397429584,0.765990625
nrel/118bus_40_24_conical_hull_conical_bounded_0.01,570629,40,24,conical_hull,conical_bounded,unscaled,0.01,116.56245231938175,211.28486434043862,3.014391875330563,70.09203616476334,1.083157177209324,40,0.9939892668952961,1.0000000000000002,0.0,0.5232876712328767,0.1815068493150685,148435,870,7432,6023,OPTIMAL,2.286432149489644e6,0.0,2.2864321494896337e6,0.0,0.0,680400,1459095,OPTIMAL,2.45850345024791e6,0.0,2.4585034502547015e6,0.0,0.0,6053205,13003230,0.0,0.0,0.009004208,2.972235625,0.252611208,3.24437825,8.35501425,0.765990625
nrel/118bus_80_24_k_means_dirac_0.01,570629,80,24,k_means,dirac,unscaled,0.01,88.10008865922799,322.98804318995377,0.5661335598495794,570.5156275769468,1.050629335369881,80,1.0,1.0,0.0,0.0,0.0125,0,0,0,0,OPTIMAL,2.4180971008710307e6,0.0,2.418097100871463e6,0.0,0.0,1344360,2885295,OPTIMAL,2.447754382748266e6,0.0,2.4477543827556907e6,0.0,0.0,6053205,13003230,0.0,0.0,0.009104083,0.585387958,1.375E-03,6.966548291,11.226246833,0.765990625
nrel/118bus_80_24_k_means_convex_0.01,570629,80,24,k_means,convex,unscaled,0.01,80.95948498560367,322.98804318995377,0.5661335598495794,570.5156275769468,1.050629335369881,80,1.0,1.0000000000000002,0.0,0.0,0.06325342465753425,329710,2211,0,0,OPTIMAL,2.419029068220883e6,0.0,2.4190290682211504e6,0.0,0.0,1344360,2885295,OPTIMAL,2.4443046784436726e6,0.0,2.444304678451053e6,0.0,0.0,6053205,13003230,0.0,0.0,0.009389375,0.533543083,1.2541415,7.091833625,19.910799542,0.765990625
nrel/118bus_80_24_k_means_conical_0.01,570629,80,24,k_means,conical,unscaled,0.01,79.34078574653185,322.98804318995377,0.5661335598495794,570.5156275769468,1.050629335369881,80,1.0045075362854674,1.0913518837431588,0.5424657534246575,0.4136986301369863,0.06438356164383562,344045,2111,0,0,OPTIMAL,2.4268475842703483e6,0.0,2.426847584270407e6,0.0,0.0,1344360,2885295,OPTIMAL,2.444063260940215e6,0.0,2.4440632609475935e6,0.0,0.0,6053205,13003230,0.0,0.0,0.009452209,0.54552225,0.758410709,7.021338875,20.957920791,0.765990625
nrel/118bus_80_24_k_means_conical_bounded_0.01,570629,80,24,k_means,conical_bounded,unscaled,0.01,80.84999987480464,322.98804318995377,0.5661335598495794,570.5156275769468,1.050629335369881,80,0.9885893970492465,1.0000000000000002,0.0,0.684931506849315,0.0611986301369863,330927,2211,0,0,OPTIMAL,2.3930457681661253e6,0.0,2.3930457681658627e6,0.0,0.0,1344360,2885295,OPTIMAL,2.4443948699256657e6,0.0,2.4443948699330604e6,0.0,0.0,6053205,13003230,0.0,0.0,0.0091395,0.535041375,1.259192166,7.146640083,18.52705725,0.765990625
nrel/118bus_80_24_k_medoids_dirac_0.01,570629,80,24,k_medoids,dirac,unscaled,0.01,110.8949072320131,324.8436796938504,1.145786691517484,283.5114791424452,1.0600623641554738,80,1.0,1.0,0.0,0.0,0.0125,0,0,0,0,OPTIMAL,2.4771374757226426e6,0.0,2.477137475723334e6,0.0,0.0,1344360,2885295,OPTIMAL,2.454187121575059e6,0.0,2.454187121582359e6,0.0,0.0,6053205,13003230,0.0,0.0,0.0091255,0.527783375,6.67e-7,6.88999875,10.661181042,0.765990625
nrel/118bus_80_24_k_medoids_convex_0.01,570629,80,24,k_medoids,convex,unscaled,0.01,84.25192854949385,324.8436796938504,1.145786691517484,283.5114791424452,1.0600623641554738,80,1.0,1.0000000000000002,0.0,0.0,0.08907534246575342,297910,1921,0,0,OPTIMAL,2.445421156006562e6,0.0,2.445421156006482e6,0.0,0.0,1344360,2885295,OPTIMAL,2.4434891301370743e6,0.0,2.44348913014447e6,0.0,0.0,6053205,13003230,0.0,0.0,0.00912025,0.5368915,1.130800458,7.186197,20.997159291,0.765990625
nrel/118bus_80_24_k_medoids_conical_0.01,570629,80,24,k_medoids,conical,unscaled,0.01,82.27321419912484,324.8436796938504,1.145786691517484,283.5114791424452,1.0600623641554738,80,1.0028084733218288,1.1193027480927147,0.41643835616438357,0.3643835616438356,0.09198630136986301,301287,1761,0,0,OPTIMAL,2.4416119577722163e6,0.0,2.4416119577720705e6,0.0,0.0,1344360,2885295,OPTIMAL,2.443747030930727e6,0.0,2.4437470309381136e6,0.0,0.0,6053205,13003230,0.0,0.0,0.009095625,0.542832917,2.070552708,5.735669959,19.523401708,0.765990625
nrel/118bus_80_24_k_medoids_conical_bounded_0.01,570629,80,24,k_medoids,conical_bounded,unscaled,0.01,84.00951101802748,324.8436796938504,1.145786691517484,283.5114791424452,1.0600623641554738,80,0.9862795249192596,1.0000000000000002,0.0,0.6273972602739726,0.08767123287671233,297529,1921,0,0,OPTIMAL,2.419530157651015e6,0.0,2.4195301576511827e6,0.0,0.0,1344360,2885295,OPTIMAL,2.4434899452349017e6,0.0,2.44348994524231e6,0.0,0.0,6053205,13003230,0.0,0.0,0.009111,0.515992208,1.170586459,7.283714042,19.693108542,0.765990625
nrel/118bus_80_24_hierarchical_dirac_0.01,570629,80,24,hierarchical,dirac,unscaled,0.01,108.06255844185605,319.8417976399709,1.1806713014094425,270.8982569985019,1.0642944574082613,80,1.0,1.0,0.0,0.0,0.0125,0,0,0,0,OPTIMAL,2.4897435255343625e6,0.0,2.4897435255350894e6,0.0,0.0,1344360,2885295,OPTIMAL,2.4507064780105646e6,0.0,2.450706478017959e6,0.0,0.0,6053205,13003230,0.0,0.0,0.008979792,0.569646709,1.333E-03,6.980298459,10.483865167,0.765990625
nrel/118bus_80_24_hierarchical_convex_0.01,570629,80,24,hierarchical,convex,unscaled,0.01,81.83596617031839,319.8417976399709,1.1806713014094425,270.8982569985019,1.0642944574082613,80,1.0,1.0000000000000004,0.0,0.0,0.08777397260273972,289896,1622,0,0,OPTIMAL,2.455514425895962e6,0.0,2.4555144258958506e6,0.0,0.0,1344360,2885295,OPTIMAL,2.4450243895184025e6,0.0,2.4450243895258037e6,0.0,0.0,6053205,13003230,0.0,0.0,0.009521584,0.543306208,1.078357125,7.172528542,19.254762416,0.765990625
nrel/118bus_80_24_hierarchical_conical_0.01,570629,80,24,hierarchical,conical,unscaled,0.01,79.76749114968827,319.8417976399709,1.1806713014094425,270.8982569985019,1.0642944574082613,80,1.004646752152505,1.1036657833082402,0.4438356164383562,0.336986301369863,0.09044520547945205,297744,2051,0,0,OPTIMAL,2.4648403049698146e6,0.0,2.4648403049697177e6,0.0,0.0,1344360,2885295,OPTIMAL,2.4450491601966405e6,0.0,2.4450491602040604e6,0.0,0.0,6053205,13003230,0.0,0.0,0.009132458,0.517909125,0.644172417,7.246033,19.127517541,0.765990625
nrel/118bus_80_24_hierarchical_conical_bounded_0.01,570629,80,24,hierarchical,conical_bounded,unscaled,0.01,81.59059828489497,319.8417976399709,1.1806713014094425,270.8982569985019,1.0642944574082613,80,0.98842335592245,1.0000000000000002,0.0,0.5671232876712329,0.08633561643835616,290595,1767,0,0,OPTIMAL,2.4311161715790294e6,0.0,2.431116171578963e6,0.0,0.0,1344360,2885295,OPTIMAL,2.4452447442142465e6,0.0,2.445244744221656e6,0.0,0.0,6053205,13003230,0.0,0.0,0.009089334,0.512870334,1.104679458,7.231844583,18.170333375,0.765990625
nrel/118bus_80_24_chronological_dirac_0.01,570629,80,24,chronological,dirac,unscaled,0.01,131.8517226128461,333.32163157314545,0.8970184465064848,371.5883802292975,1.0467640276237251,80,1.0,1.0,0.0,0.0,0.0125,0,0,0,0,OPTIMAL,2.458319513290848e6,0.0,2.4583195132892802e6,0.0,0.0,1344360,2885295,OPTIMAL,2.4596817609100747e6,0.0,2.4596817609169725e6,0.0,0.0,6053205,13003230,0.0,0.0,0.009193125,0.7457925,1.708E-03,6.597581292,8.280577333,0.765990625
nrel/118bus_80_24_chronological_convex_0.01,570629,80,24,chronological,convex,unscaled,0.01,93.06211054691975,333.32163157314545,0.8970184465064848,371.5883802292975,1.0467640276237251,80,1.0,1.0000000000000002,0.0,0.0,0.0827054794520548,322923,1909,0,0,OPTIMAL,2.4633949632260203e6,0.0,2.46339496322579e6,0.0,0.0,1344360,2885295,OPTIMAL,2.447782582011181e6,0.0,2.4477825820184974e6,0.0,0.0,6053205,13003230,0.0,0.0,0.00906825,0.580437666,1.162751167,7.040392958,20.21601125,0.765990625
nrel/118bus_80_24_chronological_conical_0.01,570629,80,24,chronological,conical,unscaled,0.01,90.11806341758617,333.32163157314545,0.8970184465064848,371.5883802292975,1.0467640276237251,80,0.9870841773401245,1.087791643229716,0.3095890410958904,0.4712328767123288,0.08157534246575343,333951,1890,0,0,OPTIMAL,2.4321935421982235e6,0.0,2.4321935421981676e6,0.0,0.0,1344360,2885295,OPTIMAL,2.447465118227334e6,0.0,2.4474651182346353e6,0.0,0.0,6053205,13003230,0.0,0.0,0.0090515,0.530311667,2.1647465,5.703979916,20.082403,0.765990625
nrel/118bus_80_24_chronological_conical_bounded_0.01,570629,80,24,chronological,conical_bounded,unscaled,0.01,91.07490401493455,333.32163157314545,0.8970184465064848,371.5883802292975,1.0467640276237251,80,0.977531073364064,1.0000000000000002,0.0,0.6219178082191781,0.07986301369863014,325710,2285,0,0,OPTIMAL,2.410393659708519e6,0.0,2.4103936597085977e6,0.0,0.0,1344360,2885295,OPTIMAL,2.447856656353429e6,0.0,2.447856656360734e6,0.0,0.0,6053205,13003230,0.0,0.0,0.009332625,0.516937167,2.67922525,5.714303625,20.380738458,0.765990625
nrel/118bus_80_24_convex_hull_dirac_0.01,570629,80,24,convex_hull,dirac,unscaled,0.01,133.88233489149846,312.93763291281914,1.818486985876737,172.08681466694372,1.0783731217482502,80,1.0,1.0,0.0,0.0,0.0125,0,0,18056,7619,OPTIMAL,2.6437748214990958e6,0.0,2.6437748215004127e6,0.0,0.0,1344360,2885295,OPTIMAL,2.4614307326164185e6,0.0,2.4614307326230765e6,0.0,0.0,6053205,13003230,0.0,0.0,0.009448667,8.095238875,7.92e-7,5.42144675,14.079538666,0.765990625
nrel/118bus_80_24_convex_hull_convex_0.01,570629,80,24,convex_hull,convex,unscaled,0.01,82.74295703102545,312.93763291281914,1.818486985876737,172.08681466694372,1.0783731217482502,80,1.0,1.0000000000000004,0.0,0.0,0.09808219178082192,231186,1242,18056,7619,OPTIMAL,2.5058429359876807e6,0.0,2.505842935987819e6,0.0,0.0,1344360,2885295,OPTIMAL,2.4462093375023515e6,0.0,2.4462093375098463e6,0.0,0.0,6053205,13003230,0.0,0.0,0.009438291,8.460229083,0.825704208,5.448624792,26.464901542,0.765990625
nrel/118bus_80_24_convex_hull_conical_0.01,570629,80,24,convex_hull,conical,unscaled,0.01,81.50922971800361,312.93763291281914,1.818486985876737,172.08681466694372,1.0783731217482502,80,1.000107997728869,1.1056727219221523,0.40821917808219177,0.3726027397260274,0.09883561643835616,239981,1438,18056,7619,OPTIMAL,2.5005245610890645e6,0.0,2.50052456108909e6,0.0,0.0,1344360,2885295,OPTIMAL,2.4468401986066834e6,0.0,2.4468401986141633e6,0.0,0.0,6053205,13003230,0.0,0.0,0.009187167,8.463106917,0.520253417,5.519349209,20.042797209,0.765990625
nrel/118bus_80_24_convex_hull_conical_bounded_0.01,570629,80,24,convex_hull,conical_bounded,unscaled,0.01,82.65066221768927,312.93763291281914,1.818486985876737,172.08681466694372,1.0783731217482502,80,0.9859301840396084,1.0000000000000002,0.0,0.6383561643835617,0.09530821917808219,232468,1242,18056,7619,OPTIMAL,2.4813399115554425e6,0.0,2.4813399115554043e6,0.0,0.0,1344360,2885295,OPTIMAL,2.446744843203302e6,0.0,2.446744843210775e6,0.0,0.0,6053205,13003230,0.0,0.0,0.009185666,7.7402215,0.803890459,5.39887025,20.144022375,0.765990625
nrel/118bus_80_24_convex_hull_with_null_dirac_0.01,570629,80,24,convex_hull_with_null,dirac,unscaled,0.01,134.92088997258702,314.20572507729713,1.8405114737624466,170.71652611596346,1.0783575648447965,80,1.0,1.0,0.0,0.0,0.0125,0,0,18358,7682,OPTIMAL,2.5769821413813974e6,0.0,2.576982141382735e6,0.0,0.0,1344360,2885295,OPTIMAL,2.4598001327375183e6,0.0,2.4598001327449996e6,0.0,0.0,6053205,13003230,0.0,0.0,0.009081541,8.947786167,7.5e-7,5.425404834,12.496110458,0.765990625
nrel/118bus_80_24_convex_hull_with_null_convex_0.01,570629,80,24,convex_hull_with_null,convex,unscaled,0.01,82.32066897628242,314.20572507729713,1.8405114737624466,170.71652611596346,1.0783575648447965,80,1.0,1.0000000000000002,0.0,0.0,0.10061643835616438,235267,1409,18358,7682,OPTIMAL,2.5084744895798485e6,0.0,2.508474489579767e6,0.0,0.0,1344360,2885295,OPTIMAL,2.444622464360566e6,0.0,2.444622464368302e6,0.0,0.0,6053205,13003230,0.0,0.0,0.00922325,8.3758575,0.821386708,5.479912792,21.220959875,0.765990625
nrel/118bus_80_24_convex_hull_with_null_conical_0.01,570629,80,24,convex_hull_with_null,conical,unscaled,0.01,80.79531721643787,314.20572507729713,1.8405114737624466,170.71652611596346,1.0783575648447965,80,0.9999224624198207,1.0996450157211937,0.4054794520547945,0.37534246575342467,0.10136986301369863,243561,1423,18358,7682,OPTIMAL,2.5009204006301495e6,0.0,2.500920400630299e6,0.0,0.0,1344360,2885295,OPTIMAL,2.445213024946363e6,0.0,2.4452130249540037e6,0.0,0.0,6053205,13003230,0.0,0.0,0.009092584,8.441576958,0.511238375,5.467551417,21.313779542,0.765990625
nrel/118bus_80_24_convex_hull_with_null_conical_bounded_0.01,570629,80,24,convex_hull_with_null,conical_bounded,unscaled,0.01,82.12805122994183,314.20572507729713,1.8405114737624466,170.71652611596346,1.0783575648447965,80,0.9851835316529086,1.0000000000000002,0.0,0.6383561643835617,0.09767123287671232,237512,1457,18358,7682,OPTIMAL,2.4863069757020394e6,0.0,2.4863069757020464e6,0.0,0.0,1344360,2885295,OPTIMAL,2.4449417465496203e6,0.0,2.444941746557327e6,0.0,0.0,6053205,13003230,0.0,0.0,0.009126042,8.4386115,0.857173584,5.440499292,29.01796075,0.765990625
nrel/118bus_80_24_conical_hull_dirac_0.01,570629,80,24,conical_hull,dirac,unscaled,0.01,136.23005815162466,305.2028437978631,1.8558920881229988,164.4507489153302,1.0767143611662735,80,1.0,1.0,0.0,0.0,0.0125,0,0,17038,8637,OPTIMAL,2.393988932990297e6,0.0,2.393988932991028e6,0.0,0.0,1344360,2885295,OPTIMAL,2.457816791973316e6,0.0,2.4578167919802917e6,0.0,0.0,6053205,13003230,0.0,0.0,0.009112041,5.057563334,7.92e-7,5.263433083,14.166128792,0.765990625
nrel/118bus_80_24_conical_hull_convex_0.01,570629,80,24,conical_hull,convex,unscaled,0.01,91.43707182872522,305.2028437978631,1.8558920881229988,164.4507489153302,1.0767143611662735,80,1.0,1.0000000000000004,0.0,0.0,0.09363013698630138,220260,1298,17038,8637,OPTIMAL,2.435237291685458e6,0.0,2.4352372916854783e6,0.0,0.0,1344360,2885295,OPTIMAL,2.4461257849260243e6,0.0,2.446125784933623e6,0.0,0.0,6053205,13003230,0.0,0.0,0.00912975,5.30837675,0.781204,5.4197925,29.185572292,0.765990625
nrel/118bus_80_24_conical_hull_conical_0.01,570629,80,24,conical_hull,conical,unscaled,0.01,84.86498780548554,305.2028437978631,1.8558920881229988,164.4507489153302,1.0767143611662735,80,1.0400341434973666,1.1726449308061857,0.6821917808219178,0.09863013698630137,0.1048972602739726,230204,1341,17038,8637,OPTIMAL,2.478737357445332e6,0.0,2.478737357445279e6,0.0,0.0,1344360,2885295,OPTIMAL,2.4463039955189317e6,0.0,2.446303995526458e6,0.0,0.0,6053205,13003230,0.0,0.0,0.009088041,5.230174666,0.485706125,5.596650959,21.506702959,0.765990625
nrel/118bus_80_24_conical_hull_conical_bounded_0.01,570629,80,24,conical_hull,conical_bounded,unscaled,0.01,92.1037765113417,305.2028437978631,1.8558920881229988,164.4507489153302,1.0767143611662735,80,0.994238088236514,1.0000000000000002,0.0,0.5095890410958904,0.09335616438356165,220005,1298,17038,8637,OPTIMAL,2.4214815189386345e6,0.0,2.421481518938604e6,0.0,0.0,1344360,2885295,OPTIMAL,2.446199662192546e6,0.0,2.446199662200151e6,0.0,0.0,6053205,13003230,0.0,0.0,0.009183458,5.217840125,0.793420125,5.483968917,21.685430625,0.765990625
nrel/118bus_1_8760_k_means_dirac_0.01_economic,932178,1,8760,k_means,dirac,economic,0.01,0.0,1.0,1.0,1.0,1.0,1,1.0,1.0,0.0,0.0,1.0,0,0,0,0,OPTIMAL,2.4380117565973625e6,0.0,2.4380117566052517e6,0.0,0.0,6053205,13008705,N/A,,,,,,0,0,0.0,0.0,0.008458167,0.62399925,8.75e-7,27.62257375,71.805190833,0.766387292
nrel/118bus_10_24_k_means_dirac_0.01_economic,932178,10,24,k_means,dirac,economic,0.01,54621.43536804324,38466.334256475115,407.70333323900815,94.34883436168764,1.0701434442629534,10,1.0,1.0,0.0,0.0,0.1,0,0,0,0,OPTIMAL,2.413420538819557e6,0.0,2.413420538819603e6,0.0,0.0,182430,389445,OPTIMAL,2.460696768687604e6,0.0,2.460696768694409e6,0.0,0.0,6053205,13003230,0.0,0.0,0.008783625,0.521771916,7.92e-7,1.213930708,1.049281541,0.766387292
nrel/118bus_10_24_k_means_convex_0.01_economic,932178,10,24,k_means,convex,economic,0.01,49887.83166634807,38466.334256475115,407.70333323900815,94.34883436168764,1.0701434442629534,10,1.0,1.0000000000000002,0.0,0.0,0.25945205479452055,112416,1432,0,0,OPTIMAL,2.4223306482439004e6,0.0,2.422330648243886e6,0.0,0.0,182430,389445,OPTIMAL,2.4571294574216455e6,0.0,2.4571294574286356e6,0.0,0.0,6053205,13003230,0.0,0.0,0.009501959,0.5945205,0.05172775,1.296295167,1.45859875,0.766387292
nrel/118bus_10_24_k_means_conical_0.01_economic,932178,10,24,k_means,conical,economic,0.01,48643.087608759706,38466.334256475115,407.70333323900815,94.34883436168764,1.0701434442629534,10,1.0244100304727264,1.1662892671701228,0.7534246575342466,0.2465753424657534,0.2652054794520548,127952,1307,0,0,OPTIMAL,2.510447686304725e6,0.0,2.510447686304799e6,0.0,0.0,182430,389445,OPTIMAL,2.4572107562913564e6,0.0,2.457210756298243e6,0.0,0.0,6053205,13003230,0.0,0.0,0.00917075,0.553609916,0.037703417,1.307587417,1.493180208,0.766387292
nrel/118bus_10_24_k_means_conical_bounded_0.01_economic,932178,10,24,k_means,conical_bounded,economic,0.01,49632.601643813214,38466.334256475115,407.70333323900815,94.34883436168764,1.0701434442629534,10,0.9882510880508022,1.0,0.0,0.30684931506849317,0.25232876712328767,112986,1420,0,0,OPTIMAL,2.372146952537163e6,0.0,2.3721469525371674e6,0.0,0.0,182430,389445,OPTIMAL,2.457445502866776e6,0.0,2.4574455028737e6,0.0,0.0,6053205,13003230,0.0,0.0,0.009230125,0.53484225,0.0854625,1.324864667,1.18023025,0.766387292
nrel/118bus_10_24_k_medoids_dirac_0.01_economic,932178,10,24,k_medoids,dirac,economic,0.01,65266.380419163215,37560.7442919727,1047.2524329848063,35.8659890480461,1.123130914868218,10,1.0,1.0,0.0,0.0,0.1,0,0,0,0,OPTIMAL,2.552592704991014e6,0.0,2.552592704990883e6,0.0,0.0,182430,389445,OPTIMAL,2.4707048817812665e6,0.0,2.470704881788088e6,0.0,0.0,6053205,13003230,0.0,0.0,0.009113125,0.570992542,1.333E-03,1.44047625,0.90656975,0.766387292
nrel/118bus_10_24_k_medoids_convex_0.01_economic,932178,10,24,k_medoids,convex,economic,0.01,53602.54230585843,37560.7442919727,1047.2524329848063,35.8659890480461,1.123130914868218,10,1.0,1.0000000000000004,0.0,0.0,0.3594520547945205,116563,784,0,0,OPTIMAL,2.548958816317041e6,0.0,2.5489588163170107e6,0.0,0.0,182430,389445,OPTIMAL,2.459467960242313e6,0.0,2.4594679602494636e6,0.0,0.0,6053205,13003230,0.0,0.0,0.009107375,0.521005,0.077901834,1.322856833,1.442884167,0.766387292
nrel/118bus_10_24_k_medoids_conical_0.01_economic,932178,10,24,k_medoids,conical,economic,0.01,51776.719196114725,37560.7442919727,1047.2524329848063,35.8659890480461,1.123130914868218,10,1.0267422539256572,1.1935007734286864,0.7041095890410959,0.2684931506849315,0.38082191780821917,130702,763,0,0,OPTIMAL,2.6508499543610923e6,0.0,2.650849954361192e6,0.0,0.0,182430,389445,OPTIMAL,2.459830994059819e6,0.0,2.4598309940667935e6,0.0,0.0,6053205,13003230,0.0,0.0,0.00906275,0.573701625,0.0627055,1.474045709,1.382116,0.766387292
nrel/118bus_10_24_k_medoids_conical_bounded_0.01_economic,932178,10,24,k_medoids,conical_bounded,economic,0.01,53194.66208691626,37560.7442919727,1047.2524329848063,35.8659890480461,1.123130914868218,10,0.9849654861515038,1.0,0.0,0.3589041095890411,0.35534246575342465,118759,882,0,0,OPTIMAL,2.485078024675383e6,0.0,2.4850780246752915e6,0.0,0.0,182430,389445,OPTIMAL,2.4598010056020124e6,0.0,2.4598010056089894e6,0.0,0.0,6053205,13003230,0.0,0.0,0.009382,0.551163542,0.255030916,2.1681275,1.199855625,0.766387292
nrel/118bus_10_24_hierarchical_dirac_0.01_economic,932178,10,24,hierarchical,dirac,economic,0.01,66428.94427808699,39944.85347673366,1018.7217030384419,39.210761248723806,1.0987203607932814,10,1.0,1.0,0.0,0.0,0.1,0,0,0,0,OPTIMAL,2.6785640552467383e6,0.0,2.67856405524677e6,0.0,0.0,182430,389445,OPTIMAL,2.4724597218371793e6,0.0,2.472459721843722e6,0.0,0.0,6053205,13003230,0.0,0.0,0.009190834,0.583270208,2.958E-03,1.454301167,1.00580425,0.766387292
nrel/118bus_10_24_hierarchical_convex_0.01_economic,932178,10,24,hierarchical,convex,economic,0.01,53392.783011816005,39944.85347673366,1018.7217030384419,39.210761248723806,1.0987203607932814,10,1.0,1.0000000000000002,0.0,0.0,0.3736986301369863,148016,916,0,0,OPTIMAL,2.6804715540637407e6,0.0,2.680471554063666e6,0.0,0.0,182430,389445,OPTIMAL,2.464440495963748e6,0.0,2.4644404959705034e6,0.0,0.0,6053205,13003230,0.0,0.0,0.009260917,0.645460167,0.162188417,1.247328417,1.415921042,0.766387292
nrel/118bus_10_24_hierarchical_conical_0.01_economic,932178,10,24,hierarchical,conical,economic,0.01,52230.38457325993,39944.85347673366,1018.7217030384419,39.210761248723806,1.0987203607932814,10,1.0007633230973627,1.11748895102077,0.6082191780821918,0.3643835616438356,0.38493150684931504,157467,898,0,0,OPTIMAL,2.673473189719581e6,0.0,2.6734731897195796e6,0.0,0.0,182430,389445,OPTIMAL,2.4636546221610378e6,0.0,2.46365462216769e6,0.0,0.0,6053205,13003230,0.0,0.0,0.009007959,0.546541666,0.063821542,1.341715542,1.336394208,0.766387292
nrel/118bus_10_24_hierarchical_conical_bounded_0.01_economic,932178,10,24,hierarchical,conical_bounded,economic,0.01,52640.35372769867,39944.85347673366,1018.7217030384419,39.210761248723806,1.0987203607932814,10,0.9782437773902645,1.0,0.0,0.46301369863013697,0.36767123287671233,150580,928,0,0,OPTIMAL,2.577531809090142e6,0.0,2.5775318090902786e6,0.0,0.0,182430,389445,OPTIMAL,2.4637885304239825e6,0.0,2.4637885304306424e6,0.0,0.0,6053205,13003230,0.0,0.0,0.009126375,0.520249792,0.068587625,1.410943041,1.303406334,0.766387292
nrel/118bus_10_24_chronological_dirac_0.01_economic,932178,10,24,chronological,dirac,economic,0.01,87836.82344047172,40984.44539058888,1085.244613149199,37.76516823396971,1.0561333948283491,10,1.0,1.0,0.0,0.0,0.1,0,0,0,0,OPTIMAL,2.369845859410735e6,0.0,2.3698458594107046e6,0.0,0.0,182430,389445,OPTIMAL,2.741033547724698e6,0.0,2.741033547728916e6,0.0,0.0,6053205,13003230,0.0,0.0,0.00907125,0.562991958,1.875E-03,1.267910667,0.949789708,0.766387292
nrel/118bus_10_24_chronological_convex_0.01_economic,932178,10,24,chronological,convex,economic,0.01,66544.73988574256,40984.44539058888,1085.244613149199,37.76516823396971,1.0561333948283491,10,1.0,1.0000000000000002,0.0,0.0,0.3665753424657534,185400,897,0,0,OPTIMAL,2.3672635758152767e6,0.0,2.367263575815256e6,0.0,0.0,182430,389445,OPTIMAL,2.457732837535272e6,0.0,2.457732837541946e6,0.0,0.0,6053205,13003230,0.0,0.0,0.009103666,0.559241666,0.297762625,2.15793125,1.476872167,0.766387292
nrel/118bus_10_24_chronological_conical_0.01_economic,932178,10,24,chronological,conical,economic,0.01,62712.359084430034,40984.44539058888,1085.244613149199,37.76516823396971,1.0561333948283491,10,0.9800195338528455,1.2059271019780702,0.5232876712328767,0.44931506849315067,0.38,199099,1261,0,0,OPTIMAL,2.2970500122420997e6,0.0,2.2970500122421277e6,0.0,0.0,182430,389445,OPTIMAL,2.4638831551853847e6,0.0,2.4638831551918094e6,0.0,0.0,6053205,13003230,0.0,0.0,0.009329667,0.544144125,0.074045542,1.346777,1.420830208,0.766387292
nrel/118bus_10_24_chronological_conical_bounded_0.01_economic,932178,10,24,chronological,conical_bounded,economic,0.01,63458.7844488384,40984.44539058888,1085.244613149199,37.76516823396971,1.0561333948283491,10,0.9509622218360337,1.0000000000000002,0.0,0.5342465753424658,0.36191780821917807,185959,918,0,0,OPTIMAL,2.190759467866173e6,0.0,2.1907594678661725e6,0.0,0.0,182430,389445,OPTIMAL,2.4623297204896235e6,0.0,2.4623297204961833e6,0.0,0.0,6053205,13003230,0.0,0.0,0.009032834,0.580851584,0.080630416,1.494589542,1.311960125,0.766387292
nrel/118bus_10_24_convex_hull_dirac_0.01_economic,932178,10,24,convex_hull,dirac,economic,0.01,85191.08964188154,36184.61840390294,2139.8275661928355,16.910062743178102,1.217087474177731,10,1.0,1.0,0.0,0.0,0.1,0,0,1351,1889,OPTIMAL,2.1023978644570964e6,0.0,2.10239786445712e6,0.0,0.0,182430,389445,OPTIMAL,2.4788386256674607e6,0.0,2.478838625673033e6,0.0,0.0,6053205,13003230,0.0,0.0,0.009124666,0.804987583,1.0e-6,1.305584166,1.044664,0.766387292
nrel/118bus_10_24_convex_hull_convex_0.01_economic,932178,10,24,convex_hull,convex,economic,0.01,54973.539600167904,36184.61840390294,2139.8275661928355,16.910062743178102,1.217087474177731,10,1.0,1.0000000000000004,0.0,0.0,0.42876712328767125,80429,358,1351,1889,OPTIMAL,2.24295094422103e6,0.0,2.242950944221113e6,0.0,0.0,182430,389445,OPTIMAL,2.46532226329243e6,0.0,2.4653222632988635e6,0.0,0.0,6053205,13003230,0.0,0.0,0.00941375,2.00954975,0.229246291,1.266623417,1.374833709,0.766387292
nrel/118bus_10_24_convex_hull_conical_0.01_economic,932178,10,24,convex_hull,conical,economic,0.01,54386.97261426267,36184.61840390294,2139.8275661928355,16.910062743178102,1.217087474177731,10,1.0185717965135674,1.165977197625514,0.6520547945205479,0.32054794520547947,0.44602739726027396,88525,423,1351,1889,OPTIMAL,2.306123755882548e6,0.0,2.3061237558825607e6,0.0,0.0,182430,389445,OPTIMAL,2.4638989453164e6,0.0,2.4638989453228656e6,0.0,0.0,6053205,13003230,0.0,0.0,0.009039042,2.20803375,0.036849042,1.297090583,1.270640583,0.766387292
nrel/118bus_10_24_convex_hull_conical_bounded_0.01_economic,932178,10,24,convex_hull,conical_bounded,economic,0.01,54881.6713242185,36184.61840390294,2139.8275661928355,16.910062743178102,1.217087474177731,10,0.9882756090827501,1.0,0.0,0.4438356164383562,0.4241095890410959,81711,426,1351,1889,OPTIMAL,2.195987257225723e6,0.0,2.1959872572257644e6,0.0,0.0,182430,389445,OPTIMAL,2.4646246560928803e6,0.0,2.4646246560993576e6,0.0,0.0,6053205,13003230,0.0,0.0,0.009144334,1.892427083,0.202180667,1.47243175,1.252473833,0.766387292
nrel/118bus_10_24_convex_hull_with_null_dirac_0.01_economic,932178,10,24,convex_hull_with_null,dirac,economic,0.01,85126.36783006327,37401.24807848284,1933.1682301301041,19.347125353888988,1.2068941644250237,10,1.0,1.0,0.0,0.0,0.1,0,0,1362,2243,OPTIMAL,2.1895246388893323e6,0.0,2.189524638889352e6,0.0,0.0,182430,389445,OPTIMAL,2.482415177467333e6,0.0,2.482415177473027e6,0.0,0.0,6053205,13003230,0.0,0.0,0.009237916,2.16435775,6.67e-7,1.2335545,1.025095167,0.766387292
nrel/118bus_10_24_convex_hull_with_null_convex_0.01_economic,932178,10,24,convex_hull_with_null,convex,economic,0.01,54734.46881260575,37401.24807848284,1933.1682301301041,19.347125353888988,1.2068941644250237,10,1.0,1.0000000000000002,0.0,0.0,0.42027397260273974,78074,398,1362,2243,OPTIMAL,2.4319343204325982e6,0.0,2.4319343204324944e6,0.0,0.0,182430,389445,OPTIMAL,2.4581887840299387e6,0.0,2.458188784036904e6,0.0,0.0,6053205,13003230,0.0,0.0,0.009151292,1.909629334,0.050059041,1.454689541,1.218860875,0.766387292
nrel/118bus_10_24_convex_hull_with_null_conical_0.01_economic,932178,10,24,convex_hull_with_null,conical,economic,0.01,53840.49781749453,37401.24807848284,1933.1682301301041,19.347125353888988,1.2068941644250237,10,1.0047975470193107,1.1814417012718534,0.5589041095890411,0.4136986301369863,0.4326027397260274,84963,379,1362,2243,OPTIMAL,2.4301058411573097e6,0.0,2.430105841157333e6,0.0,0.0,182430,389445,OPTIMAL,2.4575054383789883e6,0.0,2.4575054383859434e6,0.0,0.0,6053205,13003230,0.0,0.0,0.009096833,2.0109685,0.218766916,1.263077417,1.300783458,0.766387292
nrel/118bus_10_24_convex_hull_with_null_conical_bounded_0.01_economic,932178,10,24,convex_hull_with_null,conical_bounded,economic,0.01,54303.00781393502,37401.24807848284,1933.1682301301041,19.347125353888988,1.2068941644250237,10,0.9796029228975214,1.0,0.0,0.5068493150684932,0.4136986301369863,79716,418,1362,2243,OPTIMAL,2.331270447077593e6,0.0,2.3312704470775975e6,0.0,0.0,182430,389445,OPTIMAL,2.45815616695214e6,0.0,2.458156166959059e6,0.0,0.0,6053205,13003230,0.0,0.0,0.009078875,2.160980792,0.051760542,1.297669417,1.4004025,0.766387292
nrel/118bus_10_24_conical_hull_dirac_0.01_economic,932178,10,24,conical_hull,dirac,economic,0.01,103868.56446266788,30928.076268304805,2249.3597552391007,13.749724203195427,1.2734231175813213,10,1.0,1.0,0.0,0.0,0.1,0,0,1476,1764,OPTIMAL,2.361438024961685e6,0.0,2.361438024961733e6,0.0,0.0,182430,389445,OPTIMAL,2.5293135536533347e6,0.0,2.5293135536594605e6,0.0,0.0,6053205,13003230,0.0,0.0,0.009170958,2.117249667,1.083E-03,1.227574875,0.988484959,0.766387292
nrel/118bus_10_24_conical_hull_convex_0.01_economic,932178,10,24,conical_hull,convex,economic,0.01,74727.97775666867,30928.076268304805,2249.3597552391007,13.749724203195427,1.2734231175813213,10,1.0,1.0000000000000002,0.0,0.0,0.3734246575342466,54817,384,1476,1764,OPTIMAL,2.4430988710121377e6,0.0,2.4430988710120656e6,0.0,0.0,182430,389445,OPTIMAL,2.4554908282131883e6,0.0,2.455490828220512e6,0.0,0.0,6053205,13003230,0.0,0.0,0.00914925,0.759426459,0.032150334,1.304712083,1.458747,0.766387292
nrel/118bus_10_24_conical_hull_conical_0.01_economic,932178,10,24,conical_hull,conical,economic,0.01,71276.04026052867,30928.076268304805,2249.3597552391007,13.749724203195427,1.2734231175813213,10,1.118597804421794,1.2699618339029557,0.9342465753424658,0.038356164383561646,0.4084931506849315,65324,365,1476,1764,OPTIMAL,3.0496694768683584e6,0.0,3.0496694768683515e6,0.0,0.0,182430,389445,OPTIMAL,2.4551247575147916e6,0.0,2.4551247575220396e6,0.0,0.0,6053205,13003230,0.0,0.0,0.009232667,0.807874833,0.037393917,1.302020041,1.434439042,0.766387292
nrel/118bus_10_24_conical_hull_conical_bounded_0.01_economic,932178,10,24,conical_hull,conical_bounded,economic,0.01,74741.45827794395,30928.076268304805,2249.3597552391007,13.749724203195427,1.2734231175813213,10,0.9981613320868317,1.0000000000000002,0.0,0.12876712328767123,0.3726027397260274,54763,384,1476,1764,OPTIMAL,2.4359282063454567e6,0.0,2.435928206345427e6,0.0,0.0,182430,389445,OPTIMAL,2.4554201263830513e6,0.0,2.455420126390376e6,0.0,0.0,6053205,13003230,0.0,0.0,0.009099875,1.977701125,0.228724375,1.263379375,1.151842667,0.766387292
nrel/118bus_20_24_k_means_dirac_0.01_economic,932178,20,24,k_means,dirac,economic,0.01,50362.33179333548,56590.01061073155,297.52888573248555,190.20005560607254,1.0753729367698184,20,1.0,1.0,0.0,0.0,0.05,0,0,0,0,OPTIMAL,2.4172070009473464e6,0.0,2.417207000947241e6,0.0,0.0,348420,745995,OPTIMAL,2.4557537226535073e6,0.0,2.4557537226606607e6,0.0,0.0,6053205,13003230,0.0,0.0,0.00918325,0.563661,1.5e-6,2.824457916,2.340260458,0.766387292
nrel/118bus_20_24_k_means_convex_0.01_economic,932178,20,24,k_means,convex,economic,0.01,45270.196704413036,56590.01061073155,297.52888573248555,190.20005560607254,1.0753729367698184,20,1.0,1.0000000000000002,0.0,0.0,0.1591780821917808,242525,1931,0,0,OPTIMAL,2.423883888828779e6,0.0,2.4238838888289123e6,0.0,0.0,348420,745995,OPTIMAL,2.453139845655652e6,0.0,2.4531398456628667e6,0.0,0.0,6053205,13003230,0.0,0.0,0.00902575,0.553179834,1.310973917,2.132587,2.6978965,0.766387292
nrel/118bus_20_24_k_means_conical_0.01_economic,932178,20,24,k_means,conical,economic,0.01,44192.18216356274,56590.01061073155,297.52888573248555,190.20005560607254,1.0753729367698184,20,1.0226874816140616,1.1521944723052024,0.7150684931506849,0.28493150684931506,0.16904109589041097,272469,1966,0,0,OPTIMAL,2.508365013900177e6,0.0,2.5083650139003354e6,0.0,0.0,348420,745995,OPTIMAL,2.452437411429853e6,0.0,2.4524374114370453e6,0.0,0.0,6053205,13003230,0.0,0.0,0.009361916,0.548068417,0.344464084,2.800773792,2.78243075,0.766387292
nrel/118bus_20_24_k_means_conical_bounded_0.01_economic,932178,20,24,k_means,conical_bounded,economic,0.01,45084.95095974009,56590.01061073155,297.52888573248555,190.20005560607254,1.0753729367698184,20,0.9894706649266686,1.0000000000000002,0.0,0.40821917808219177,0.15643835616438356,247841,1931,0,0,OPTIMAL,2.3784662250378104e6,0.0,2.3784662250378155e6,0.0,0.0,348420,745995,OPTIMAL,2.452791689263538e6,0.0,2.4527916892707343e6,0.0,0.0,6053205,13003230,0.0,0.0,0.0094375,0.592903708,0.243383083,1.853528916,2.85983325,0.766387292
nrel/118bus_20_24_k_medoids_dirac_0.01_economic,932178,20,24,k_medoids,dirac,economic,0.01,60108.489064852976,58171.275920711334,756.4579416882442,76.89955080765775,1.1000635556804188,20,1.0,1.0,0.0,0.0,0.05,0,0,0,0,OPTIMAL,2.5690618305557547e6,0.0,2.569061830555794e6,0.0,0.0,348420,745995,OPTIMAL,2.4659087216067733e6,0.0,2.465908721613731e6,0.0,0.0,6053205,13003230,0.0,0.0,0.009263292,0.591646583,1.458E-03,2.941311209,2.348666083,0.766387292
nrel/118bus_20_24_k_medoids_convex_0.01_economic,932178,20,24,k_medoids,convex,economic,0.01,46673.78231838883,58171.275920711334,756.4579416882442,76.89955080765775,1.1000635556804188,20,1.0,1.0000000000000002,0.0,0.0,0.236986301369863,268704,1602,0,0,OPTIMAL,2.530217792051376e6,0.0,2.530217792051353e6,0.0,0.0,348420,745995,OPTIMAL,2.4559843070053053e6,0.0,2.4559843070124313e6,0.0,0.0,6053205,13003230,0.0,0.0,0.009256583,0.715506167,1.429426125,1.794292833,2.475365208,0.766387292
nrel/118bus_20_24_k_medoids_conical_0.01_economic,932178,20,24,k_medoids,conical,economic,0.01,45693.30424944217,58171.275920711334,756.4579416882442,76.89955080765775,1.1000635556804188,20,1.0060790259564811,1.1347513594917475,0.5534246575342465,0.3917808219178082,0.2516438356164384,283864,1634,0,0,OPTIMAL,2.5486464772616653e6,0.0,2.548646477261655e6,0.0,0.0,348420,745995,OPTIMAL,2.4558456336664003e6,0.0,2.455845633673394e6,0.0,0.0,6053205,13003230,0.0,0.0,0.009205792,0.521536959,0.332456125,2.804512333,2.912646084,0.766387292
nrel/118bus_20_24_k_medoids_conical_bounded_0.01_economic,932178,20,24,k_medoids,conical_bounded,economic,0.01,46265.37320810911,58171.275920711334,756.4579416882442,76.89955080765775,1.1000635556804188,20,0.982413168338335,1.0000000000000002,0.0,0.5589041095890411,0.2352054794520548,275444,1602,0,0,OPTIMAL,2.4558691459604776e6,0.0,2.455869145960447e6,0.0,0.0,348420,745995,OPTIMAL,2.4561911409596987e6,0.0,2.4561911409666864e6,0.0,0.0,6053205,13003230,0.0,0.0,0.009035791,0.53338875,0.284109084,1.885867292,2.587071042,0.766387292
nrel/118bus_20_24_hierarchical_dirac_0.01_economic,932178,20,24,hierarchical,dirac,economic,0.01,60350.46432764425,55351.34862601493,655.7303550546778,84.41175278731679,1.121816516165133,20,1.0,1.0,0.0,0.0,0.05,0,0,0,0,OPTIMAL,2.6033635128789786e6,0.0,2.603363512878877e6,0.0,0.0,348420,745995,OPTIMAL,2.466177217590635e6,0.0,2.466177217597433e6,0.0,0.0,6053205,13003230,0.0,0.0,0.009170292,0.571127708,1.917E-03,2.015284416,2.980161917,0.766387292
nrel/118bus_20_24_hierarchical_convex_0.01_economic,932178,20,24,hierarchical,convex,economic,0.01,46157.860787548976,55351.34862601493,655.7303550546778,84.41175278731679,1.121816516165133,20,1.0,1.0000000000000002,0.0,0.0,0.23835616438356164,244555,1396,0,0,OPTIMAL,2.6242740008394006e6,0.0,2.624274000839405e6,0.0,0.0,348420,745995,OPTIMAL,2.45520834611156e6,0.0,2.4552083461184716e6,0.0,0.0,6053205,13003230,0.0,0.0,0.009021791,0.572275833,1.291317,2.048671,2.79786175,0.766387292
nrel/118bus_20_24_hierarchical_conical_0.01_economic,932178,20,24,hierarchical,conical,economic,0.01,45262.49517978889,55351.34862601493,655.7303550546778,84.41175278731679,1.121816516165133,20,1.00596946881846,1.1454268279353388,0.5726027397260274,0.3726027397260274,0.2504109589041096,256481,1745,0,0,OPTIMAL,2.640991076984164e6,0.0,2.640991076984261e6,0.0,0.0,348420,745995,OPTIMAL,2.454490579465476e6,0.0,2.454490579472465e6,0.0,0.0,6053205,13003230,0.0,0.0,0.009089667,0.514934291,0.122343958,2.86309125,3.20347625,0.766387292
nrel/118bus_20_24_hierarchical_conical_bounded_0.01_economic,932178,20,24,hierarchical,conical_bounded,economic,0.01,45747.50093495981,55351.34862601493,655.7303550546778,84.41175278731679,1.121816516165133,20,0.9836850023729271,1.0,0.0,0.5013698630136987,0.23493150684931507,244946,1458,0,0,OPTIMAL,2.5480056447026213e6,0.0,2.5480056447026213e6,0.0,0.0,348420,745995,OPTIMAL,2.454689521272157e6,0.0,2.4546895212791627e6,0.0,0.0,6053205,13003230,0.0,0.0,0.009526208,0.554708209,0.247653292,1.939625959,3.146324416,0.766387292
nrel/118bus_20_24_chronological_dirac_0.01_economic,932178,20,24,chronological,dirac,economic,0.01,86474.65384938502,58674.33596870743,703.5759278605351,83.39446198383585,1.0557055564130282,20,1.0,1.0,0.0,0.0,0.05,0,0,0,0,OPTIMAL,2.4065118158631553e6,0.0,2.406511815862819e6,0.0,0.0,348420,745995,OPTIMAL,2.5242284677565196e6,0.0,2.5242284677626295e6,0.0,0.0,6053205,13003230,0.0,0.0,0.009141875,0.548614417,1.875E-03,1.892447709,1.688277875,0.766387292
nrel/118bus_20_24_chronological_convex_0.01_economic,932178,20,24,chronological,convex,economic,0.01,60185.87429190513,58674.33596870743,703.5759278605351,83.39446198383585,1.0557055564130282,20,1.0,1.0000000000000002,0.0,0.0,0.22027397260273973,288770,1663,0,0,OPTIMAL,2.4863797924462124e6,0.0,2.486379792446083e6,0.0,0.0,348420,745995,OPTIMAL,2.4543908542269515e6,0.0,2.4543908542340016e6,0.0,0.0,6053205,13003230,0.0,0.0,0.00914275,0.523128042,1.47934025,1.940017375,2.449911833,0.766387292
nrel/118bus_20_24_chronological_conical_0.01_economic,932178,20,24,chronological,conical,economic,0.01,57471.352653737646,58674.33596870743,703.5759278605351,83.39446198383585,1.0557055564130282,20,0.9804618225917004,1.145887729112382,0.5068493150684932,0.4383561643835616,0.22287671232876713,304953,1680,0,0,OPTIMAL,2.3861868000104567e6,0.0,2.386186800010336e6,0.0,0.0,348420,745995,OPTIMAL,2.4572493714519367e6,0.0,2.4572493714586883e6,0.0,0.0,6053205,13003230,0.0,0.0,0.009103542,0.579351625,0.168262083,1.929372083,2.443863958,0.766387292
nrel/118bus_20_24_chronological_conical_bounded_0.01_economic,932178,20,24,chronological,conical_bounded,economic,0.01,57978.472257014786,58674.33596870743,703.5759278605351,83.39446198383585,1.0557055564130282,20,0.9573007488335171,1.0000000000000002,0.0,0.5315068493150685,0.21232876712328766,290534,1586,0,0,OPTIMAL,2.3137410548106865e6,0.0,2.3137410548106735e6,0.0,0.0,348420,745995,OPTIMAL,2.4570451847985676e6,0.0,2.4570451848053024e6,0.0,0.0,6053205,13003230,0.0,0.0,0.009143167,0.523712583,1.320495959,2.036954,2.848966125,0.766387292
nrel/118bus_20_24_convex_hull_dirac_0.01_economic,932178,20,24,convex_hull,dirac,economic,0.01,77995.4064309558,52395.45163734364,1168.087367740754,44.85576428986117,1.2020167528743566,20,1.0,1.0,0.0,0.0,0.05,0,0,3621,3124,OPTIMAL,2.336997467408633e6,0.0,2.336997467408609e6,0.0,0.0,348420,745995,OPTIMAL,2.4759669407838653e6,0.0,2.475966940789897e6,0.0,0.0,6053205,13003230,0.0,0.0,0.009123,1.239716791,7.5e-7,1.821057042,2.201158791,0.766387292
nrel/118bus_20_24_convex_hull_convex_0.01_economic,932178,20,24,convex_hull,convex,economic,0.01,47932.84109267957,52395.45163734364,1168.087367740754,44.85576428986117,1.2020167528743566,20,1.0,1.0000000000000002,0.0,0.0,0.2787671232876712,158145,782,3621,3124,OPTIMAL,2.3589629611245627e6,0.0,2.3589629611245417e6,0.0,0.0,348420,745995,OPTIMAL,2.4567673621015204e6,0.0,2.456767362108272e6,0.0,0.0,6053205,13003230,0.0,0.0,0.009229125,2.573194333,0.159556875,1.828901292,2.897274375,0.766387292
nrel/118bus_20_24_convex_hull_conical_0.01_economic,932178,20,24,convex_hull,conical,economic,0.01,46802.37148286195,52395.45163734364,1168.087367740754,44.85576428986117,1.2020167528743566,20,1.042725334658629,1.1683204727138852,0.7753424657534247,0.16986301369863013,0.3036986301369863,171142,793,3621,3124,OPTIMAL,2.5424292449025246e6,0.0,2.542429244902653e6,0.0,0.0,348420,745995,OPTIMAL,2.4553354588756277e6,0.0,2.4553354588824217e6,0.0,0.0,6053205,13003230,0.0,0.0,0.009053,2.625232208,0.084586709,1.86839675,2.768742667,0.766387292
nrel/118bus_20_24_convex_hull_conical_bounded_0.01_economic,932178,20,24,convex_hull,conical_bounded,economic,0.01,47921.448769190574,52395.45163734364,1168.087367740754,44.85576428986117,1.2020167528743566,20,0.9938390008388979,1.0000000000000002,0.0,0.3780821917808219,0.2775342465753425,158109,782,3621,3124,OPTIMAL,2.334381139813062e6,0.0,2.3343811398131205e6,0.0,0.0,348420,745995,OPTIMAL,2.4563445682658404e6,0.0,2.4563445682726363e6,0.0,0.0,6053205,13003230,0.0,0.0,0.009190875,2.5987105,0.143999834,1.846089541,2.990993958,0.766387292
nrel/118bus_20_24_convex_hull_with_null_dirac_0.01_economic,932178,20,24,convex_hull_with_null,dirac,economic,0.01,78073.78420758089,52389.012381554865,1158.7926137541356,45.20999854480467,1.2050464687881333,20,1.0,1.0,0.0,0.0,0.05,0,0,3772,3338,OPTIMAL,2.3710681857599244e6,0.0,2.3710681857598983e6,0.0,0.0,348420,745995,OPTIMAL,2.4781173712471086e6,0.0,2.478117371253118e6,0.0,0.0,6053205,13003230,0.0,0.0,0.009109958,2.573894875,2.0e-6,1.742567084,2.241677083,0.766387292
nrel/118bus_20_24_convex_hull_with_null_convex_0.01_economic,932178,20,24,convex_hull_with_null,convex,economic,0.01,47414.13535520784,52389.012381554865,1158.7926137541356,45.20999854480467,1.2050464687881333,20,1.0,1.0000000000000002,0.0,0.0,0.2745205479452055,156536,891,3772,3338,OPTIMAL,2.447102736675945e6,0.0,2.447102736675928e6,0.0,0.0,348420,745995,OPTIMAL,2.453636623209361e6,0.0,2.4536366232164204e6,0.0,0.0,6053205,13003230,0.0,0.0,0.009026916,2.71182275,0.163668625,1.878112375,2.722375667,0.766387292
nrel/118bus_20_24_convex_hull_with_null_conical_0.01_economic,932178,20,24,convex_hull_with_null,conical,economic,0.01,46285.05087088792,52389.012381554865,1158.7926137541356,45.20999854480467,1.2050464687881333,20,1.0369139049672675,1.1908398945897407,0.7452054794520548,0.2,0.296027397260274,170489,793,3772,3338,OPTIMAL,2.614919529168446e6,0.0,2.614919529168337e6,0.0,0.0,348420,745995,OPTIMAL,2.451242529394362e6,0.0,2.4512425294015273e6,0.0,0.0,6053205,13003230,0.0,0.0,0.009129291,2.634970167,0.081158833,1.916315708,2.866748333,0.766387292
nrel/118bus_20_24_convex_hull_with_null_conical_bounded_0.01_economic,932178,20,24,convex_hull_with_null,conical_bounded,economic,0.01,47379.01242953601,52389.012381554865,1158.7926137541356,45.20999854480467,1.2050464687881333,20,0.9922232442363785,1.0000000000000002,0.0,0.3972602739726027,0.2738356164383562,157183,891,3772,3338,OPTIMAL,2.4130430615502684e6,0.0,2.4130430615502642e6,0.0,0.0,348420,745995,OPTIMAL,2.4532745493417443e6,0.0,2.4532745493487967e6,0.0,0.0,6053205,13003230,0.0,0.0,0.009267,2.576434375,0.136937542,1.857931542,3.02774575,0.766387292
nrel/118bus_20_24_conical_hull_dirac_0.01_economic,932178,20,24,conical_hull,dirac,economic,0.01,88442.0147090395,44171.84102793175,1356.818449186819,32.55545430886883,1.2609411605323466,20,1.0,1.0,0.0,0.0,0.05,0,0,3685,3060,OPTIMAL,1.9621903682681408e6,0.0,1.9621903682681422e6,0.0,0.0,348420,745995,OPTIMAL,2.4863446803293196e6,0.0,2.4863446803347166e6,0.0,0.0,6053205,13003230,0.0,0.0,0.0091355,0.970776875,8.33e-7,1.840087292,2.383523166,0.766387292
nrel/118bus_20_24_conical_hull_convex_0.01_economic,932178,20,24,conical_hull,convex,economic,0.01,58848.544569773025,44171.84102793175,1356.818449186819,32.55545430886883,1.2609411605323466,20,1.0,1.0000000000000002,0.0,0.0,0.2263013698630137,107977,734,3685,3060,OPTIMAL,2.157659633618392e6,0.0,2.1576596336184093e6,0.0,0.0,348420,745995,OPTIMAL,2.458854384083809e6,0.0,2.4588543840908753e6,0.0,0.0,6053205,13003230,0.0,0.0,0.009128041,2.349321125,0.109829459,1.919788083,2.575329834,0.766387292
nrel/118bus_20_24_conical_hull_conical_0.01_economic,932178,20,24,conical_hull,conical,economic,0.01,54524.934497896575,44171.84102793175,1356.818449186819,32.55545430886883,1.2609411605323466,20,1.1062297416493228,1.2485417483061263,0.9123287671232877,0.03287671232876712,0.26972602739726026,131008,627,3685,3060,OPTIMAL,2.6336637636948987e6,0.0,2.633663763694858e6,0.0,0.0,348420,745995,OPTIMAL,2.4567877946233707e6,0.0,2.4567877946305103e6,0.0,0.0,6053205,13003230,0.0,0.0,0.009069667,2.329099709,0.079741667,1.880538166,3.152102583,0.766387292
nrel/118bus_20_24_conical_hull_conical_bounded_0.01_economic,932178,20,24,conical_hull,conical_bounded,economic,0.01,58906.67244225443,44171.84102793175,1356.818449186819,32.55545430886883,1.2609411605323466,20,0.9981732046266406,1.0000000000000002,0.0,0.22465753424657534,0.22602739726027396,107488,613,3685,3060,OPTIMAL,2.151491154706232e6,0.0,2.1514911547062513e6,0.0,0.0,348420,745995,OPTIMAL,2.458714445769673e6,0.0,2.4587144457767443e6,0.0,0.0,6053205,13003230,0.0,0.0,0.009221292,2.404582417,0.108381667,1.789890833,2.586061,0.766387292
nrel/118bus_40_24_k_means_dirac_0.01_economic,932178,40,24,k_means,dirac,economic,0.01,44690.1272747094,76269.91043498229,233.73932683608297,326.3032860895888,1.1020160258902523,40,1.0,1.0,0.0,0.0,25,0,0,0,0,OPTIMAL,2.4206590079167956e6,0.0,2.4206590079169893e6,0.0,0.0,680400,1459095,OPTIMAL,2.454654383804834e6,0.0,2.454654383812038e6,0.0,0.0,6053205,13003230,0.0,0.0,0.009132458,0.735844125,1.541E-03,3.087524042,5.627600875,0.766387292
nrel/118bus_40_24_k_means_convex_0.01_economic,932178,40,24,k_means,convex,economic,0.01,39193.544403769214,76269.91043498229,233.73932683608297,326.3032860895888,1.1020160258902523,40,1.0,1.0000000000000002,0.0,0.0,0.09520547945205479,356214,2321,0,0,OPTIMAL,2.434131330295355e6,0.0,2.434131330295228e6,0.0,0.0,680400,1459095,OPTIMAL,2.451625702152572e6,0.0,2.4516257021598807e6,0.0,0.0,6053205,13003230,0.0,0.0,0.009161125,0.547762416,1.662881666,3.116763708,6.558865916,0.766387292
nrel/118bus_40_24_k_means_conical_0.01_economic,932178,40,24,k_means,conical,economic,0.01,38082.21040869158,76269.91043498229,233.73932683608297,326.3032860895888,1.1020160258902523,40,1.0309093680163628,1.1590160357633272,0.7780821917808219,0.21095890410958903,0.10657534246575343,395772,2719,0,0,OPTIMAL,2.5556837896012017e6,0.0,2.5556837896011597e6,0.0,0.0,680400,1459095,OPTIMAL,2.4506606158469776e6,0.0,2.450660615854292e6,0.0,0.0,6053205,13003230,0.0,0.0,0.009119084,0.548720334,1.560718292,3.242325791,6.466464042,0.766387292
nrel/118bus_40_24_k_means_conical_bounded_0.01_economic,932178,40,24,k_means,conical_bounded,economic,0.01,39166.70940293774,76269.91043498229,233.73932683608297,326.3032860895888,1.1020160258902523,40,0.9937085750538172,1.0000000000000002,0.0,0.39452054794520547,0.09376712328767123,356641,2321,0,0,OPTIMAL,2.407827387456036e6,0.0,2.4078273874560287e6,0.0,0.0,680400,1459095,OPTIMAL,2.4514978806380345e6,0.0,2.451497880645277e6,0.0,0.0,6053205,13003230,0.0,0.0,0.009056292,0.627619791,1.905305333,2.744745834,6.728376459,0.766387292
nrel/118bus_40_24_k_medoids_dirac_0.01_economic,932178,40,24,k_medoids,dirac,economic,0.01,54056.24998352096,79804.35776961099,483.5725899055474,165.03077187480494,1.1205166679741456,40,1.0,1.0,0.0,0.0,25,0,0,0,0,OPTIMAL,2.509073850596078e6,0.0,2.5090738505960815e6,0.0,0.0,680400,1459095,OPTIMAL,2.4640922396726953e6,0.0,2.464092239679596e6,0.0,0.0,6053205,13003230,0.0,0.0,0.009458417,0.519938917,1.292E-03,4.211813959,5.589999209,0.766387292
nrel/118bus_40_24_k_medoids_convex_0.01_economic,932178,40,24,k_medoids,convex,economic,0.01,39900.59079466799,79804.35776961099,483.5725899055474,165.03077187480494,1.1205166679741456,40,1.0,1.0000000000000002,0.0,0.0,0.14315068493150684,420184,2495,0,0,OPTIMAL,2.4443378257561144e6,0.0,2.444337825755964e6,0.0,0.0,680400,1459095,OPTIMAL,2.455597454565389e6,0.0,2.4555974545723386e6,0.0,0.0,6053205,13003230,0.0,0.0,0.0093105,0.522873,1.9888315,3.117846042,6.632627792,0.766387292
nrel/118bus_40_24_k_medoids_conical_0.01_economic,932178,40,24,k_medoids,conical,economic,0.01,38918.53104695843,79804.35776961099,483.5725899055474,165.03077187480494,1.1205166679741456,40,1.0189811391990142,1.2083992563443626,0.6246575342465753,0.26575342465753427,0.15753424657534246,443353,2271,0,0,OPTIMAL,2.505206606777316e6,0.0,2.5052066067773416e6,0.0,0.0,680400,1459095,OPTIMAL,2.454330333688018e6,0.0,2.4543303336950843e6,0.0,0.0,6053205,13003230,0.0,0.0,0.009160083,0.506070916,1.796069416,2.813102042,6.143487959,0.766387292
nrel/118bus_40_24_k_medoids_conical_bounded_0.01_economic,932178,40,24,k_medoids,conical_bounded,economic,0.01,39815.34976660985,79804.35776961099,483.5725899055474,165.03077187480494,1.1205166679741456,40,0.9883761308980328,1.0000000000000002,0.0,0.5287671232876713,0.14184931506849316,419163,2240,0,0,OPTIMAL,2.398216408213539e6,0.0,2.398216408213706e6,0.0,0.0,680400,1459095,OPTIMAL,2.4553649933910146e6,0.0,2.455364993397919e6,0.0,0.0,6053205,13003230,0.0,0.0,0.009544208,0.587468958,1.997796458,3.313235833,6.052707958,0.766387292
nrel/118bus_40_24_hierarchical_dirac_0.01_economic,932178,40,24,hierarchical,dirac,economic,0.01,54259.26604595306,78028.28262662177,520.024722187804,150.04725601957497,1.123675951376084,40,1.0,1.0,0.0,0.0,25,0,0,0,0,OPTIMAL,2.530622953075284e6,0.0,2.5306229530751756e6,0.0,0.0,680400,1459095,OPTIMAL,2.520054205977153e6,0.0,2.52005420598398e6,0.0,0.0,6053205,13003230,0.0,0.0,0.00924125,0.515732708,1.625E-03,3.120196958,5.595952125,0.766387292
nrel/118bus_40_24_hierarchical_convex_0.01_economic,932178,40,24,hierarchical,convex,economic,0.01,40214.84145644581,78028.28262662177,520.024722187804,150.04725601957497,1.123675951376084,40,1.0,1.0000000000000002,0.0,0.0,0.136986301369863,394667,2205,0,0,OPTIMAL,2.4813933980516563e6,0.0,2.481393398051799e6,0.0,0.0,680400,1459095,OPTIMAL,2.4498855437986064e6,0.0,2.4498855438058386e6,0.0,0.0,6053205,13003230,0.0,0.0,0.009396917,0.523631167,1.941748417,3.144094667,7.071823666,0.766387292
nrel/118bus_40_24_hierarchical_conical_0.01_economic,932178,40,24,hierarchical,conical,economic,0.01,39246.48486847631,78028.28262662177,520.024722187804,150.04725601957497,1.123675951376084,40,1.0124046762986783,1.1538668249256605,0.6027397260273972,0.2876712328767123,0.1491095890410959,415314,2253,0,0,OPTIMAL,2.516786293649383e6,0.0,2.5167862936494797e6,0.0,0.0,680400,1459095,OPTIMAL,2.4491376575302393e6,0.0,2.4491376575374915e6,0.0,0.0,6053205,13003230,0.0,0.0,0.009154458,0.553021792,0.391375542,4.189801542,6.673851375,0.766387292
nrel/118bus_40_24_hierarchical_conical_bounded_0.01_economic,932178,40,24,hierarchical,conical_bounded,economic,0.01,39997.15892725327,78028.28262662177,520.024722187804,150.04725601957497,1.123675951376084,40,0.9859437886005081,1.0000000000000002,0.0,0.5726027397260274,0.1354109589041096,392984,2205,0,0,OPTIMAL,2.4203752290980765e6,0.0,2.4203752290980015e6,0.0,0.0,680400,1459095,OPTIMAL,2.449968357868921e6,0.0,2.449968357876072e6,0.0,0.0,6053205,13003230,0.0,0.0,0.009053542,0.517504084,0.657326292,4.299546,6.113580958,0.766387292
nrel/118bus_40_24_chronological_dirac_0.01_economic,932178,40,24,chronological,dirac,economic,0.01,85810.10630501148,82554.5692479322,534.643631471149,154.41046032994242,1.067899554986702,40,1.0,1.0,0.0,0.0,25,0,0,0,0,OPTIMAL,2.4736493771422957e6,0.0,2.473649377142343e6,0.0,0.0,680400,1459095,OPTIMAL,2.5339207181862565e6,0.0,2.533920718192274e6,0.0,0.0,6053205,13003230,0.0,0.0,0.00911225,0.524508459,1.375E-03,3.097298458,4.789431417,0.766387292
nrel/118bus_40_24_chronological_convex_0.01_economic,932178,40,24,chronological,convex,economic,0.01,49346.602672981986,82554.5692479322,534.643631471149,154.41046032994242,1.067899554986702,40,1.0,1.0000000000000002,0.0,0.0,0.12787671232876713,428708,2625,0,0,OPTIMAL,2.411816616915844e6,0.0,2.411816616915683e6,0.0,0.0,680400,1459095,OPTIMAL,2.4508227945867893e6,0.0,2.4508227945939205e6,0.0,0.0,6053205,13003230,0.0,0.0,0.009157792,0.520059208,0.704870834,4.280662584,7.309765167,0.766387292
nrel/118bus_40_24_chronological_conical_0.01_economic,932178,40,24,chronological,conical,economic,0.01,47757.24768330185,82554.5692479322,534.643631471149,154.41046032994242,1.067899554986702,40,0.9911995038157946,1.1308947241866234,0.4876712328767123,0.40273972602739727,0.13219178082191782,447592,2790,0,0,OPTIMAL,2.3590611710492214e6,0.0,2.3590611710493113e6,0.0,0.0,680400,1459095,OPTIMAL,2.4517340070464015e6,0.0,2.4517340070533226e6,0.0,0.0,6053205,13003230,0.0,0.0,0.00917025,0.543843667,1.596549417,3.343505583,6.729096625,0.766387292
nrel/118bus_40_24_chronological_conical_bounded_0.01_economic,932178,40,24,chronological,conical_bounded,economic,0.01,48179.21846014036,82554.5692479322,534.643631471149,154.41046032994242,1.067899554986702,40,0.9722346360839693,1.0000000000000002,0.0,0.5534246575342465,0.1258219178082192,434035,2625,0,0,OPTIMAL,2.2861829821590786e6,0.0,2.286182982159112e6,0.0,0.0,680400,1459095,OPTIMAL,2.4521309923662823e6,0.0,2.4521309923731154e6,0.0,0.0,6053205,13003230,0.0,0.0,0.008974708,0.585969375,1.985590792,3.105260834,6.140282125,0.766387292
nrel/118bus_40_24_convex_hull_dirac_0.01_economic,932178,40,24,convex_hull,dirac,economic,0.01,66884.38279773497,73729.6318190305,662.043545613291,111.36674061330856,1.1883298645522324,40,1.0,1.0,0.0,0.0,25,0,0,9119,4336,OPTIMAL,2.2855137111252793e6,0.0,2.2855137111256546e6,0.0,0.0,680400,1459095,OPTIMAL,2.4652244303381504e6,0.0,2.4652244303446906e6,0.0,0.0,6053205,13003230,0.0,0.0,0.00905125,3.82478575,1.625E-03,3.072517958,6.012057667,0.766387292
nrel/118bus_40_24_convex_hull_convex_0.01_economic,932178,40,24,convex_hull,convex,economic,0.01,40503.08016440101,73729.6318190305,662.043545613291,111.36674061330856,1.1883298645522324,40,1.0,1.0000000000000002,0.0,0.0,155,263822,1456,9119,4336,OPTIMAL,2.316099721689797e6,0.0,2.3160997216899022e6,0.0,0.0,680400,1459095,OPTIMAL,2.455017466137161e6,0.0,2.455017466144002e6,0.0,0.0,6053205,13003230,0.0,0.0,0.009302291,3.702874792,0.392196542,2.883567125,7.060742125,0.766387292
nrel/118bus_40_24_convex_hull_conical_0.01_economic,932178,40,24,convex_hull,conical,economic,0.01,39282.04357868725,73729.6318190305,662.043545613291,111.36674061330856,1.1883298645522324,40,1.0394075086355246,1.1940728438408006,0.7506849315068493,0.13972602739726028,0.1739041095890411,291332,1598,9119,4336,OPTIMAL,2.4699914578801095e6,0.0,2.4699914578800574e6,0.0,0.0,680400,1459095,OPTIMAL,2.4540777044925815e6,0.0,2.454077704499434e6,0.0,0.0,6053205,13003230,0.0,0.0,0.009115041,3.8135615,0.287909459,3.073926375,7.635720666,0.766387292
nrel/118bus_40_24_convex_hull_conical_bounded_0.01_economic,932178,40,24,convex_hull,conical_bounded,economic,0.01,40555.568730128674,73729.6318190305,662.043545613291,111.36674061330856,1.1883298645522324,40,0.9931061404680765,1.0000000000000002,0.0,0.5041095890410959,0.15383561643835617,263087,1456,9119,4336,OPTIMAL,2.2909416462273723e6,0.0,2.2909416462273444e6,0.0,0.0,680400,1459095,OPTIMAL,2.454791832047743e6,0.0,2.4547918320546173e6,0.0,0.0,6053205,13003230,0.0,0.0,0.009053833,3.797193583,0.455200667,3.229618333,6.918790417,0.766387292
nrel/118bus_40_24_convex_hull_with_null_dirac_0.01_economic,932178,40,24,convex_hull_with_null,dirac,economic,0.01,67899.77874381216,74757.30666767874,656.5795594808591,113.85871763474857,1.1859409805470686,40,1.0,1.0,0.0,0.0,25,0,0,9193,4627,OPTIMAL,2.320209320184717e6,0.0,2.3202093201849824e6,0.0,0.0,680400,1459095,OPTIMAL,2.466722319261487e6,0.0,2.4667223192680418e6,0.0,0.0,6053205,13003230,0.0,0.0,0.009533,3.848144333,8.33e-7,3.163945333,6.085470917,0.766387292
nrel/118bus_40_24_convex_hull_with_null_convex_0.01_economic,932178,40,24,convex_hull_with_null,convex,economic,0.01,40468.73036432199,74757.30666767874,656.5795594808591,113.85871763474857,1.1859409805470686,40,1.0,1.0000000000000002,0.0,0.0,0.1556849315068493,270710,1452,9193,4627,OPTIMAL,2.3883659802444056e6,0.0,2.388365980244321e6,0.0,0.0,680400,1459095,OPTIMAL,2.4533452113015037e6,0.0,2.4533452113086274e6,0.0,0.0,6053205,13003230,0.0,0.0,0.009179584,2.62554975,0.446042167,4.214979875,7.463734834,0.766387292
nrel/118bus_40_24_convex_hull_with_null_conical_0.01_economic,932178,40,24,convex_hull_with_null,conical,economic,0.01,39308.94046349851,74757.30666767874,656.5795594808591,113.85871763474857,1.1859409805470686,40,1.037500209883823,1.1749751644286184,0.7315068493150685,0.1589041095890411,0.17794520547945206,302207,1618,9193,4627,OPTIMAL,2.5432757609052057e6,0.0,2.5432757609053147e6,0.0,0.0,680400,1459095,OPTIMAL,2.4509755771729643e6,0.0,2.45097557718014e6,0.0,0.0,6053205,13003230,0.0,0.0,0.009232375,3.839633792,0.282553083,2.921881417,6.833620333,0.766387292
nrel/118bus_40_24_convex_hull_with_null_conical_bounded_0.01_economic,932178,40,24,convex_hull_with_null,conical_bounded,economic,0.01,40524.207128893424,74757.30666767874,656.5795594808591,113.85871763474857,1.1859409805470686,40,0.9924221798631144,1.0000000000000002,0.0,0.5123287671232877,0.15513698630136985,274266,1452,9193,4627,OPTIMAL,2.3586920720920144e6,0.0,2.3586920720920875e6,0.0,0.0,680400,1459095,OPTIMAL,2.452853477862638e6,0.0,2.4528534778697626e6,0.0,0.0,6053205,13003230,0.0,0.0,0.009160625,3.954763125,0.4647215,3.107295292,6.823253542,0.766387292
nrel/118bus_40_24_conical_hull_dirac_0.01_economic,932178,40,24,conical_hull,dirac,economic,0.01,75276.5376513367,64721.66612917619,835.764059890282,77.44011645783472,1.233118065978711,40,1.0,1.0,0.0,0.0,25,0,0,8574,4881,OPTIMAL,2.151010478987483e6,0.0,2.151010478987884e6,0.0,0.0,680400,1459095,OPTIMAL,2.4790115704572527e6,0.0,2.479011570463845e6,0.0,0.0,6053205,13003230,0.0,0.0,0.009503833,2.9140695,1.67e-7,3.010377708,5.880696167,0.766387292
nrel/118bus_40_24_conical_hull_convex_0.01_economic,932178,40,24,conical_hull,convex,economic,0.01,50402.52108536819,64721.66612917619,835.764059890282,77.44011645783472,1.233118065978711,40,1.0,1.0000000000000002,0.0,0.0,0.1352054794520548,197029,1126,8574,4881,OPTIMAL,2.192350452892289e6,0.0,2.1923504528923417e6,0.0,0.0,680400,1459095,OPTIMAL,2.4541318302562945e6,0.0,2.4541318302637096e6,0.0,0.0,6053205,13003230,0.0,0.0,0.009020791,2.936481917,0.305563459,3.141570333,6.4405705,0.766387292
nrel/118bus_40_24_conical_hull_conical_0.01_economic,932178,40,24,conical_hull,conical,economic,0.01,44757.31007945998,64721.66612917619,835.764059890282,77.44011645783472,1.233118065978711,40,1.1050431324785397,1.2687427824742543,0.8410958904109589,0.049315068493150684,0.16815068493150684,233564,1265,8574,4881,OPTIMAL,2.669661530077922e6,0.0,2.6696615300780237e6,0.0,0.0,680400,1459095,OPTIMAL,2.449132490828252e6,0.0,2.449132490835856e6,0.0,0.0,6053205,13003230,0.0,0.0,0.009095417,2.895403958,0.243559167,3.072222417,7.477223875,0.766387292
nrel/118bus_40_24_conical_hull_conical_bounded_0.01_economic,932178,40,24,conical_hull,conical_bounded,economic,0.01,50530.328942063155,64721.66612917619,835.764059890282,77.44011645783472,1.233118065978711,40,0.9968911653629235,1.0000000000000002,0.0,0.3232876712328767,0.1345205479452055,196629,1126,8574,4881,OPTIMAL,2.181147520850327e6,0.0,2.1811475208503217e6,0.0,0.0,680400,1459095,OPTIMAL,2.4537861143164528e6,0.0,2.4537861143238796e6,0.0,0.0,6053205,13003230,0.0,0.0,0.009160708,2.997478625,0.3378865,3.127449375,6.316980583,0.766387292
nrel/118bus_80_24_k_means_dirac_0.01_economic,932178,80,24,k_means,dirac,economic,0.01,37876.07044025415,108706.56338634423,151.6584835870598,716.7852454751801,1.1135488993956302,80,1.0,1.0,0.0,0.0,0.0125,0,0,0,0,OPTIMAL,2.425966534592687e6,0.0,2.425966534593104e6,0.0,0.0,1344360,2885295,OPTIMAL,2.4504637949947594e6,0.0,2.450463795002064e6,0.0,0.0,6053205,13003230,0.0,0.0,0.009148708,0.611634417,1.875E-03,6.854706417,12.26113525,0.766387292
nrel/118bus_80_24_k_means_convex_0.01_economic,932178,80,24,k_means,convex,economic,0.01,32919.83108612009,108706.56338634423,151.6584835870598,716.7852454751801,1.1135488993956302,80,1.0,1.0000000000000002,0.0,0.0,0.05691780821917808,619792,4250,0,0,OPTIMAL,2.430114424728799e6,0.0,2.430114424728755e6,0.0,0.0,1344360,2885295,OPTIMAL,2.4486703034792114e6,0.0,2.448670303486628e6,0.0,0.0,6053205,13003230,0.0,0.0,0.009088917,0.580827583,2.24607175,6.7400035,21.118116792,0.766387292
nrel/118bus_80_24_k_means_conical_0.01_economic,932178,80,24,k_means,conical,economic,0.01,31912.478698866184,108706.56338634423,151.6584835870598,716.7852454751801,1.1135488993956302,80,1.025880227582521,1.1620160096178003,0.7698630136986301,0.18356164383561643,0.06626712328767123,696413,5482,0,0,OPTIMAL,2.530106104216127e6,0.0,2.5301061042162096e6,0.0,0.0,1344360,2885295,OPTIMAL,2.4473452433481584e6,0.0,2.447345243355644e6,0.0,0.0,6053205,13003230,0.0,0.0,0.009381542,0.58222025,1.422181875,7.303069166,17.327256334,0.766387292
nrel/118bus_80_24_k_means_conical_bounded_0.01_economic,932178,80,24,k_means,conical_bounded,economic,0.01,32989.00155232793,108706.56338634423,151.6584835870598,716.7852454751801,1.1135488993956302,80,0.9925102632706605,1.0000000000000002,0.0,0.5397260273972603,0.056232876712328766,621886,4250,0,0,OPTIMAL,2.402190510164446e6,0.0,2.402190510164448e6,0.0,0.0,1344360,2885295,OPTIMAL,2.448525770228296e6,0.0,2.4485257702357015e6,0.0,0.0,6053205,13003230,0.0,0.0,0.009434375,0.560177792,2.286350917,6.844370084,20.887852417,0.766387292
nrel/118bus_80_24_k_medoids_dirac_0.01_economic,932178,80,24,k_medoids,dirac,economic,0.01,47459.58282925087,110678.28444474991,342.11615974640534,323.51083481935063,1.1253545449230256,80,1.0,1.0,0.0,0.0,0.0125,0,0,0,0,OPTIMAL,2.505994728569101e6,0.0,2.5059947285696818e6,0.0,0.0,1344360,2885295,OPTIMAL,2.4585573743426558e6,0.0,2.4585573743498856e6,0.0,0.0,6053205,13003230,0.0,0.0,0.009072875,0.519144042,1.334E-03,7.012831083,11.466619458,0.766387292
nrel/118bus_80_24_k_medoids_convex_0.01_economic,932178,80,24,k_medoids,convex,economic,0.01,34093.70881482507,110678.28444474991,342.11615974640534,323.51083481935063,1.1253545449230256,80,1.0,1.0000000000000002,0.0,0.0,0.07585616438356164,584840,3771,0,0,OPTIMAL,2.479716794309636e6,0.0,2.4797167943098815e6,0.0,0.0,1344360,2885295,OPTIMAL,2.449501460073585e6,0.0,2.4495014600811237e6,0.0,0.0,6053205,13003230,0.0,0.0,0.009226167,0.528365958,2.18530725,6.98429025,23.736183875,0.766387292
nrel/118bus_80_24_k_medoids_conical_0.01_economic,932178,80,24,k_medoids,conical,economic,0.01,33163.57824079042,110678.28444474991,342.11615974640534,323.51083481935063,1.1253545449230256,80,1.0171540299598838,1.1615550515047879,0.5616438356164384,0.2191780821917808,0.08486301369863014,621318,4061,0,0,OPTIMAL,2.546096501704423e6,0.0,2.5460965017047026e6,0.0,0.0,1344360,2885295,OPTIMAL,2.448474160721257e6,0.0,2.448474160728762e6,0.0,0.0,6053205,13003230,0.0,0.0,0.009153375,0.552096584,1.323183459,7.426430875,21.511505083,0.766387292
nrel/118bus_80_24_k_medoids_conical_bounded_0.01_economic,932178,80,24,k_medoids,conical_bounded,economic,0.01,34046.16553476799,110678.28444474991,342.11615974640534,323.51083481935063,1.1253545449230256,80,0.9899950016421364,1.0000000000000002,0.0,0.4849315068493151,0.07503424657534247,586074,4027,0,0,OPTIMAL,2.441298859276854e6,0.0,2.4412988592768433e6,0.0,0.0,1344360,2885295,OPTIMAL,2.449230214830924e6,0.0,2.449230214838349e6,0.0,0.0,6053205,13003230,0.0,0.0,0.009043417,0.614008042,2.232003833,6.941738333,19.49740075,0.766387292
nrel/118bus_80_24_hierarchical_dirac_0.01_economic,932178,80,24,hierarchical,dirac,economic,0.01,46455.01322094191,109007.37547597772,341.6742862391715,319.0388620572773,1.1367066464230657,80,1.0,1.0,0.0,0.0,0.0125,0,0,0,0,OPTIMAL,2.4551586582101635e6,0.0,2.4551586582106547e6,0.0,0.0,1344360,2885295,OPTIMAL,2.4590350424415655e6,0.0,2.459035042448859e6,0.0,0.0,6053205,13003230,0.0,0.0,0.00916175,0.772277,1.25e-6,6.856360875,11.452765875,0.766387292
nrel/118bus_80_24_hierarchical_convex_0.01_economic,932178,80,24,hierarchical,convex,economic,0.01,32452.365860405658,109007.37547597772,341.6742862391715,319.0388620572773,1.1367066464230657,80,1.0,1.0000000000000002,0.0,0.0,0.0776027397260274,564106,3450,0,0,OPTIMAL,2.45223090638063e6,0.0,2.452230906380426e6,0.0,0.0,1344360,2885295,OPTIMAL,2.44846563621584e6,0.0,2.4484656362232035e6,0.0,0.0,6053205,13003230,0.0,0.0,0.009028667,0.579372041,2.08754975,7.276160125,19.927464792,0.766387292
nrel/118bus_80_24_hierarchical_conical_0.01_economic,932178,80,24,hierarchical,conical,economic,0.01,31510.25313981178,109007.37547597772,341.6742862391715,319.0388620572773,1.1367066464230657,80,1.0195378277046845,1.1542076813650335,0.5753424657534246,0.2054794520547945,0.08571917808219177,586360,3434,0,0,OPTIMAL,2.5265679008500543e6,0.0,2.5265679008501614e6,0.0,0.0,1344360,2885295,OPTIMAL,2.446807233864626e6,0.0,2.4468072338721105e6,0.0,0.0,6053205,13003230,0.0,0.0,0.00915375,0.577718125,2.772657834,5.742567417,23.487336417,0.766387292
nrel/118bus_80_24_hierarchical_conical_bounded_0.01_economic,932178,80,24,hierarchical,conical_bounded,economic,0.01,32489.887730534785,109007.37547597772,341.6742862391715,319.0388620572773,1.1367066464230657,80,0.990870747519137,1.0000000000000002,0.0,0.5589041095890411,0.07684931506849316,565985,3414,0,0,OPTIMAL,2.4184930218661744e6,0.0,2.418493021866242e6,0.0,0.0,1344360,2885295,OPTIMAL,2.4482546359097986e6,0.0,2.448254635917141e6,0.0,0.0,6053205,13003230,0.0,0.0,0.009036708,0.559363583,2.214572209,7.474092583,19.0411865,0.766387292
nrel/118bus_80_24_chronological_dirac_0.01_economic,932178,80,24,chronological,dirac,economic,0.01,78399.18412704954,116536.00408138063,359.1186599684791,324.50556618697937,1.0827108542378878,80,1.0,1.0,0.0,0.0,0.0125,0,0,0,0,OPTIMAL,2.393930946558188e6,0.0,2.3939309465561984e6,0.0,0.0,1344360,2885295,OPTIMAL,2.464681292951063e6,0.0,2.4646812929577176e6,0.0,0.0,6053205,13003230,0.0,0.0,0.009140417,0.594248125,1.333E-03,7.089834291,8.655457625,0.766387292
nrel/118bus_80_24_chronological_convex_0.01_economic,932178,80,24,chronological,convex,economic,0.01,41106.249848892505,116536.00408138063,359.1186599684791,324.50556618697937,1.0827108542378878,80,1.0,1.0000000000000004,0.0,0.0,0.07417808219178082,632243,4212,0,0,OPTIMAL,2.421203226872414e6,0.0,2.421203226872393e6,0.0,0.0,1344360,2885295,OPTIMAL,2.4480991436058227e6,0.0,2.448099143612948e6,0.0,0.0,6053205,13003230,0.0,0.0,0.009061166,0.544978333,3.513320291,5.409195084,20.775436292,0.766387292
nrel/118bus_80_24_chronological_conical_0.01_economic,932178,80,24,chronological,conical,economic,0.01,39458.02228309733,116536.00408138063,359.1186599684791,324.50556618697937,1.0827108542378878,80,0.9999067583611883,1.1326587778368946,0.4602739726027397,0.32054794520547947,0.07842465753424657,656854,4479,0,0,OPTIMAL,2.414473310834317e6,0.0,2.414473310834351e6,0.0,0.0,1344360,2885295,OPTIMAL,2.449437557414626e6,0.0,2.4494375574215176e6,0.0,0.0,6053205,13003230,0.0,0.0,0.009383333,0.589408125,1.379640625,7.277024333,22.590196916,0.766387292
nrel/118bus_80_24_chronological_conical_bounded_0.01_economic,932178,80,24,chronological,conical_bounded,economic,0.01,40050.92166518618,116536.00408138063,359.1186599684791,324.50556618697937,1.0827108542378878,80,0.9786806859646158,1.0000000000000002,0.0,0.5287671232876713,0.07332191780821917,639239,4294,0,0,OPTIMAL,2.3389315998793384e6,0.0,2.3389315998790367e6,0.0,0.0,1344360,2885295,OPTIMAL,2.449751801199532e6,0.0,2.449751801206358e6,0.0,0.0,6053205,13003230,0.0,0.0,0.009129709,0.779465,3.167599542,5.788429833,22.996298458,0.766387292
nrel/118bus_80_24_convex_hull_dirac_0.01_economic,932178,80,24,convex_hull,dirac,economic,0.01,53614.1551076346,105207.85143561393,500.47290875682086,210.21687606817954,1.1731879421271165,80,1.0,1.0,0.0,0.0,0.0125,0,0,19583,6092,OPTIMAL,2.4631464733745563e6,0.0,2.4631464733756734e6,0.0,0.0,1344360,2885295,OPTIMAL,2.4625847654239917e6,0.0,2.462584765431142e6,0.0,0.0,6053205,13003230,0.0,0.0,0.00917425,10.250747458,1.041E-03,5.498127875,15.524347125,0.766387292
nrel/118bus_80_24_convex_hull_convex_0.01_economic,932178,80,24,convex_hull,convex,economic,0.01,32097.6748852626,105207.85143561393,500.47290875682086,210.21687606817954,1.1731879421271165,80,1.0,1.0000000000000004,0.0,0.0,0.08092465753424657,421000,2284,19583,6092,OPTIMAL,2.4273538692341126e6,0.0,2.427353869234307e6,0.0,0.0,1344360,2885295,OPTIMAL,2.4497948526944653e6,0.0,2.449794852701791e6,0.0,0.0,6053205,13003230,0.0,0.0,0.009067708,10.038355917,1.463520666,5.343596916,21.618115083,0.766387292
nrel/118bus_80_24_convex_hull_conical_0.01_economic,932178,80,24,convex_hull,conical,economic,0.01,30842.467333388267,105207.85143561393,500.47290875682086,210.21687606817954,1.1731879421271165,80,1.035140535559281,1.146391634626845,0.673972602739726,0.10684931506849316,0.09404109589041096,467798,2436,19583,6092,OPTIMAL,2.5669257154446617e6,0.0,2.5669257154449862e6,0.0,0.0,1344360,2885295,OPTIMAL,2.447053583446645e6,0.0,2.4470535834541596e6,0.0,0.0,6053205,13003230,0.0,0.0,0.009108834,10.259649708,0.992505584,5.502521875,22.02888425,0.766387292
nrel/118bus_80_24_convex_hull_conical_bounded_0.01_economic,932178,80,24,convex_hull,conical_bounded,economic,0.01,32242.18670505042,105207.85143561393,500.47290875682086,210.21687606817954,1.1731879421271165,80,0.9945597941538139,1.0000000000000002,0.0,0.4602739726027397,0.08065068493150684,421324,2211,19583,6092,OPTIMAL,2.408037343745085e6,0.0,2.408037343744861e6,0.0,0.0,1344360,2885295,OPTIMAL,2.4496050838863547e6,0.0,2.449605083893657e6,0.0,0.0,6053205,13003230,0.0,0.0,0.009148292,10.438204708,1.440744083,5.404996875,21.433152042,0.766387292
nrel/118bus_80_24_convex_hull_with_null_dirac_0.01_economic,932178,80,24,convex_hull_with_null,dirac,economic,0.01,53405.41437762038,105399.80433638021,510.2170369677559,206.5783709669443,1.1720229656521177,80,1.0,1.0,0.0,0.0,0.0125,0,0,19741,6299,OPTIMAL,2.4807020526160626e6,0.0,2.480702052617206e6,0.0,0.0,1344360,2885295,OPTIMAL,2.4614048621748313e6,0.0,2.461404862181886e6,0.0,0.0,6053205,13003230,0.0,0.0,0.009335666,10.19962025,9.17e-7,5.210070958,13.628955541,0.766387292
nrel/118bus_80_24_convex_hull_with_null_convex_0.01_economic,932178,80,24,convex_hull_with_null,convex,economic,0.01,31945.897722321057,105399.80433638021,510.2170369677559,206.5783709669443,1.1720229656521177,80,1.0,1.0000000000000002,0.0,0.0,0.08123287671232876,425099,2209,19741,6299,OPTIMAL,2.4396069762092847e6,0.0,2.4396069762092936e6,0.0,0.0,1344360,2885295,OPTIMAL,2.449302308509025e6,0.0,2.4493023085164186e6,0.0,0.0,6053205,13003230,0.0,0.0,0.009150125,10.431975667,1.432254083,5.47766,21.456096042,0.766387292
nrel/118bus_80_24_convex_hull_with_null_conical_0.01_economic,932178,80,24,convex_hull_with_null,conical,economic,0.01,30626.162785865108,105399.80433638021,510.2170369677559,206.5783709669443,1.1720229656521177,80,1.0342573731690208,1.1463916345420981,0.6684931506849315,0.11232876712328767,0.09493150684931506,470337,2445,19741,6299,OPTIMAL,2.5768365687858253e6,0.0,2.576836568785865e6,0.0,0.0,1344360,2885295,OPTIMAL,2.446979436848973e6,0.0,2.4469794368564514e6,0.0,0.0,6053205,13003230,0.0,0.0,0.00902575,10.303723209,0.964235625,5.501975,21.331237,0.766387292
nrel/118bus_80_24_convex_hull_with_null_conical_bounded_0.01_economic,932178,80,24,convex_hull_with_null,conical_bounded,economic,0.01,32110.4027566523,105399.80433638021,510.2170369677559,206.5783709669443,1.1720229656521177,80,0.9940690428136834,1.0000000000000002,0.0,0.4794520547945205,0.08082191780821918,425628,2209,19741,6299,OPTIMAL,2.4192703686253494e6,0.0,2.419270368625391e6,0.0,0.0,1344360,2885295,OPTIMAL,2.449152297982658e6,0.0,2.449152297990038e6,0.0,0.0,6053205,13003230,0.0,0.0,0.009153334,10.175363042,1.435765333,5.493625875,22.390266209,0.766387292
nrel/118bus_80_24_conical_hull_dirac_0.01_economic,932178,80,24,conical_hull,dirac,economic,0.01,59624.11828538425,96990.24097345192,507.29214746956467,191.19208025838978,1.2061762885149347,80,1.0,1.0,0.0,0.0,0.0125,0,0,18003,7672,OPTIMAL,2.3847011557816695e6,0.0,2.384701155782557e6,0.0,0.0,1344360,2885295,OPTIMAL,2.4579708005184643e6,0.0,2.457970800525722e6,0.0,0.0,6053205,13003230,0.0,0.0,0.009208167,5.463992709,1.0e-6,5.309001959,14.941470792,0.766387292
nrel/118bus_80_24_conical_hull_convex_0.01_economic,932178,80,24,conical_hull,convex,economic,0.01,38377.4031401199,96990.24097345192,507.29214746956467,191.19208025838978,1.2061762885149347,80,1.0,1.0000000000000002,0.0,0.0,0.07599315068493151,353948,2034,18003,7672,OPTIMAL,2.3673631384031577e6,0.0,2.367363138403431e6,0.0,0.0,1344360,2885295,OPTIMAL,2.449036332382232e6,0.0,2.449036332389628e6,0.0,0.0,6053205,13003230,0.0,0.0,0.009061791,3.618033583,2.814579208,5.268034791,25.383403333,0.766387292
nrel/118bus_80_24_conical_hull_conical_0.01_economic,932178,80,24,conical_hull,conical,economic,0.01,33375.068619304766,96990.24097345192,507.29214746956467,191.19208025838978,1.2061762885149347,80,1.0814534578694879,1.2276212966960038,0.7506849315068493,0.030136986301369864,0.09910958904109589,420127,2283,18003,7672,OPTIMAL,2.6920070130758695e6,0.0,2.692007013076024e6,0.0,0.0,1344360,2885295,OPTIMAL,2.446106317979415e6,0.0,2.4461063179871086e6,0.0,0.0,6053205,13003230,0.0,0.0,0.009028959,3.561172625,2.450350916,5.483144083,22.625168125,0.766387292
nrel/118bus_80_24_conical_hull_conical_bounded_0.01_economic,932178,80,24,conical_hull,conical_bounded,economic,0.01,38622.83017377841,96990.24097345192,507.29214746956467,191.19208025838978,1.2061762885149347,80,0.9967735727635062,1.0000000000000004,0.0,0.4191780821917808,0.07595890410958904,353463,2034,18003,7672,OPTIMAL,2.3579413228608407e6,0.0,2.3579413228611723e6,0.0,0.0,1344360,2885295,OPTIMAL,2.44895738017505e6,0.0,2.448957380182443e6,0.0,0.0,6053205,13003230,0.0,0.0,0.009035834,3.5882405,1.380149083,6.742462416,25.874320291,0.766387292
nrel/118bus_10_24_k_means_dirac_0.01,932178,10,24,k_means,dirac,unscaled,0.01,119.6955353580535,114.32669881070329,1.325525250237768,86.25011012818939,1.0294715233709477,10,1.0,1.0,0.0,0.0,0.1,0,0,0,0,OPTIMAL,2.4068028752397536e6,0.0,2.406802875239677e6,0.0,0.0,182430,389445,OPTIMAL,2.46272287412359e6,0.0,2.462722874130237e6,0.0,0.0,6053205,13003230,0.0,0.0,0.00924775,0.555657709,1.625E-03,1.445835375,0.83841825,0.766387292
nrel/118bus_10_24_k_means_convex_0.01,932178,10,24,k_means,convex,unscaled,0.01,113.86730477898723,114.32669881070329,1.325525250237768,86.25011012818939,1.0294715233709477,10,1.0,1.0000000000000002,0.0,0.0,0.2772602739726027,74735,601,0,0,OPTIMAL,2.36825874636986e6,0.0,2.3682587463698513e6,0.0,0.0,182430,389445,OPTIMAL,2.456791082712272e6,0.0,2.4567910827190788e6,0.0,0.0,6053205,13003230,0.0,0.0,0.009048959,0.540493083,0.059837416,1.302008208,1.218659292,0.766387292
nrel/118bus_10_24_k_means_conical_0.01,932178,10,24,k_means,conical,unscaled,0.01,110.55085635597449,114.32669881070329,1.325525250237768,86.25011012818939,1.0294715233709477,10,1.0058034569059386,1.1132351856406937,0.6109589041095891,0.38904109589041097,0.2736986301369863,82074,577,0,0,OPTIMAL,2.389862870224408e6,0.0,2.3898628702243427e6,0.0,0.0,182430,389445,OPTIMAL,2.4549751408554045e6,0.0,2.4549751408622805e6,0.0,0.0,6053205,13003230,0.0,0.0,0.009012042,0.54264925,0.054551083,1.349617417,1.208167875,0.766387292
nrel/118bus_10_24_k_means_conical_bounded_0.01,932178,10,24,k_means,conical_bounded,unscaled,0.01,112.57418408359263,114.32669881070329,1.325525250237768,86.25011012818939,1.0294715233709477,10,0.9846228977946339,1.0,0.0,0.4712328767123288,0.27013698630136984,75073,573,0,0,OPTIMAL,2.326616415956635e6,0.0,2.3266164159566327e6,0.0,0.0,182430,389445,OPTIMAL,2.456074325315623e6,0.0,2.4560743253224604e6,0.0,0.0,6053205,13003230,0.0,0.0,0.009102667,0.546618667,0.067765875,1.456184167,1.271950458,0.766387292
nrel/118bus_10_24_k_medoids_dirac_0.01,932178,10,24,k_medoids,dirac,unscaled,0.01,149.44584500081373,113.79065660426933,3.886558234536092,29.278001187045543,1.050746585184637,10,1.0,1.0,0.0,0.0,0.1,0,0,0,0,OPTIMAL,2.2308267533670287e6,0.0,2.230826753366952e6,0.0,0.0,182430,389445,OPTIMAL,2.4690708100782675e6,0.0,2.469070810084738e6,0.0,0.0,6053205,13003230,0.0,0.0,0.009177125,0.498176083,1.459E-03,1.443588209,2.074640125,0.766387292
nrel/118bus_10_24_k_medoids_convex_0.01,932178,10,24,k_medoids,convex,unscaled,0.01,124.48697519250342,113.79065660426933,3.886558234536092,29.278001187045543,1.050746585184637,10,1.0,1.0000000000000002,0.0,0.0,0.4402739726027397,74210,370,0,0,OPTIMAL,2.1759198902955293e6,0.0,2.175919890295501e6,0.0,0.0,182430,389445,OPTIMAL,2.457555237684426e6,0.0,2.457555237691003e6,0.0,0.0,6053205,13003230,0.0,0.0,0.009035708,0.547762625,0.03754725,2.219148416,1.322853708,0.766387292
nrel/118bus_10_24_k_medoids_conical_0.01,932178,10,24,k_medoids,conical,unscaled,0.01,122.0129215274028,113.79065660426933,3.886558234536092,29.278001187045543,1.050746585184637,10,0.9961238083570764,1.117042169857807,0.46301369863013697,0.5095890410958904,0.44,78452,357,0,0,OPTIMAL,2.1578136249757507e6,0.0,2.157813624975732e6,0.0,0.0,182430,389445,OPTIMAL,2.456662607270082e6,0.0,2.4566626072767875e6,0.0,0.0,6053205,13003230,0.0,0.0,0.009259542,0.492792542,0.050822542,1.49837825,1.310185708,0.766387292
nrel/118bus_10_24_k_medoids_conical_bounded_0.01,932178,10,24,k_medoids,conical_bounded,unscaled,0.01,123.21175860486237,113.79065660426933,3.886558234536092,29.278001187045543,1.050746585184637,10,0.9799409345052581,1.0,0.0,0.5917808219178082,0.4298630136986301,75482,360,0,0,OPTIMAL,2.126555824472218e6,0.0,2.126555824472218e6,0.0,0.0,182430,389445,OPTIMAL,2.4576461782965623e6,0.0,2.4576461783031467e6,0.0,0.0,6053205,13003230,0.0,0.0,0.009072416,0.523389833,0.041542916,1.37275575,1.069229291,0.766387292
nrel/118bus_10_24_hierarchical_dirac_0.01,932178,10,24,hierarchical,dirac,unscaled,0.01,147.77321079280802,119.07224931804099,3.1060894569864956,38.335099798949116,1.0373270878197993,10,1.0,1.0,0.0,0.0,0.1,0,0,0,0,OPTIMAL,2.497694813977736e6,0.0,2.4976948139777617e6,0.0,0.0,182430,389445,OPTIMAL,2.814133290771754e6,0.0,2.802044900578837e6,0.0,12088.390196655528,6053205,13003230,0.0,1208.8390196655528,0.009556375,0.565839916,8.75e-7,1.324336334,0.904852375,0.766387292
nrel/118bus_10_24_hierarchical_convex_0.01,932178,10,24,hierarchical,convex,unscaled,0.01,126.8481261984759,119.07224931804099,3.1060894569864956,38.335099798949116,1.0373270878197993,10,1.0,1.0000000000000002,0.0,0.0,0.39863013698630134,90380,416,0,0,OPTIMAL,2.4615416375152753e6,0.0,2.46154163751533e6,0.0,0.0,182430,389445,OPTIMAL,2.455205527755854e6,0.0,2.45520552776244e6,0.0,0.0,6053205,13003230,0.0,0.0,0.009110125,0.651484333,0.046365666,1.341725583,1.383806292,0.766387292
nrel/118bus_10_24_hierarchical_conical_0.01,932178,10,24,hierarchical,conical,unscaled,0.01,122.83866218596057,119.07224931804099,3.1060894569864956,38.335099798949116,1.0373270878197993,10,0.9841651172153121,1.1183725362332626,0.3726027397260274,0.6,0.4071232876712329,95314,468,0,0,OPTIMAL,2.435806003427072e6,0.0,2.435806003427097e6,0.0,0.0,182430,389445,OPTIMAL,2.455412869475596e6,0.0,2.45541286948222e6,0.0,0.0,6053205,13003230,0.0,0.0,0.009139042,0.529001667,0.030726708,1.51870475,1.263645917,0.766387292
nrel/118bus_10_24_hierarchical_conical_bounded_0.01,932178,10,24,hierarchical,conical_bounded,unscaled,0.01,123.90608214982092,119.07224931804099,3.1060894569864956,38.335099798949116,1.0373270878197993,10,0.9716507025673443,1.0,0.0,0.6465753424657534,0.40164383561643835,93592,469,0,0,OPTIMAL,2.40533621522527e6,0.0,2.4053362152252477e6,0.0,0.0,182430,389445,OPTIMAL,2.455347579763567e6,0.0,2.455347579770193e6,0.0,0.0,6053205,13003230,0.0,0.0,0.009134208,0.590637208,0.048402083,2.23034775,1.209654583,0.766387292
nrel/118bus_10_24_chronological_dirac_0.01,932178,10,24,chronological,dirac,unscaled,0.01,152.63626535008515,117.94416833329127,2.680003028615046,44.00896830114467,1.0380051876932654,10,1.0,1.0,0.0,0.0,0.1,0,0,0,0,OPTIMAL,2.57890035070637e6,0.0,2.578900350706238e6,0.0,0.0,182430,389445,OPTIMAL,2.5033706971865506e6,0.0,2.503370697192773e6,0.0,0.0,6053205,13003230,0.0,0.0,0.009177708,0.494404084,1.291E-03,1.222678791,1.047665166,0.766387292
nrel/118bus_10_24_chronological_convex_0.01,932178,10,24,chronological,convex,unscaled,0.01,131.70464531310245,117.94416833329127,2.680003028615046,44.00896830114467,1.0380051876932654,10,1.0,1.0000000000000002,0.0,0.0,0.40794520547945207,102791,583,0,0,OPTIMAL,2.5297680417158967e6,0.0,2.5297680417159633e6,0.0,0.0,182430,389445,OPTIMAL,2.454857964250923e6,0.0,2.454857964258151e6,0.0,0.0,6053205,13003230,0.0,0.0,0.009147792,0.538942625,0.259035375,2.175719417,1.22805625,0.766387292
nrel/118bus_10_24_chronological_conical_0.01,932178,10,24,chronological,conical,unscaled,0.01,126.7118140015233,117.94416833329127,2.680003028615046,44.00896830114467,1.0380051876932654,10,0.9840818448943615,1.1436260865654722,0.4054794520547945,0.5671232876712329,0.4232876712328767,105754,588,0,0,OPTIMAL,2.4690541364242225e6,0.0,2.469054136424159e6,0.0,0.0,182430,389445,OPTIMAL,2.450697703182706e6,0.0,2.4506977031900496e6,0.0,0.0,6053205,13003230,0.0,0.0,0.009129583,0.501971208,0.060086,1.396808334,1.190275666,0.766387292
nrel/118bus_10_24_chronological_conical_bounded_0.01,932178,10,24,chronological,conical_bounded,unscaled,0.01,128.0730518674303,117.94416833329127,2.680003028615046,44.00896830114467,1.0380051876932654,10,0.9700613603445091,1.0000000000000002,0.0,0.6328767123287671,0.40876712328767123,102447,590,0,0,OPTIMAL,2.412165335683695e6,0.0,2.41216533568369e6,0.0,0.0,182430,389445,OPTIMAL,2.4527829803758333e6,0.0,2.4527829803831275e6,0.0,0.0,6053205,13003230,0.0,0.0,0.009034959,0.493810916,0.081022417,1.502572,1.236506208,0.766387292
nrel/118bus_10_24_convex_hull_dirac_0.01,932178,10,24,convex_hull,dirac,unscaled,0.01,185.00049665347092,114.47393719567482,6.304771159302685,18.156715652838344,1.079848590956713,10,1.0,1.0,0.0,0.0,0.1,0,0,860,2380,OPTIMAL,2.812917343586522e6,0.0,2.812917343586514e6,0.0,0.0,182430,389445,OPTIMAL,2.480433313333918e6,0.0,2.4804333133396613e6,0.0,0.0,6053205,13003230,0.0,0.0,0.00919475,2.210014208,9.17e-7,1.227473834,1.159395875,0.766387292
nrel/118bus_10_24_convex_hull_convex_0.01,932178,10,24,convex_hull,convex,unscaled,0.01,129.270405290503,114.47393719567482,6.304771159302685,18.156715652838344,1.079848590956713,10,1.0,1.0000000000000002,0.0,0.0,0.5167123287671233,60623,267,860,2380,OPTIMAL,2.4362486056373017e6,0.0,2.436248605637335e6,0.0,0.0,182430,389445,OPTIMAL,2.472460918212412e6,0.0,2.4724609182187608e6,0.0,0.0,6053205,13003230,0.0,0.0,0.009522916,2.215283542,0.042060459,1.306277375,1.111397583,0.766387292
nrel/118bus_10_24_convex_hull_conical_0.01,932178,10,24,convex_hull,conical,unscaled,0.01,127.49229934338254,114.47393719567482,6.304771159302685,18.156715652838344,1.079848590956713,10,0.9990266259515366,1.142660355238748,0.4904109589041096,0.4821917808219178,0.52,63907,272,860,2380,OPTIMAL,2.432858901870898e6,0.0,2.4328589018709525e6,0.0,0.0,182430,389445,OPTIMAL,2.4755789767848495e6,0.0,2.4755789767911993e6,0.0,0.0,6053205,13003230,0.0,0.0,0.009189,2.013088083,0.220028417,1.281618125,1.155188542,0.766387292
nrel/118bus_10_24_convex_hull_conical_bounded_0.01,932178,10,24,convex_hull,conical_bounded,unscaled,0.01,128.43518868863302,114.47393719567482,6.304771159302685,18.156715652838344,1.079848590956713,10,0.9813900859511588,1.0000000000000002,0.0,0.5753424657534246,0.5120547945205479,61639,298,860,2380,OPTIMAL,2.390289970359354e6,0.0,2.3902899703593045e6,0.0,0.0,182430,389445,OPTIMAL,2.4714828298562905e6,0.0,2.4714828298626626e6,0.0,0.0,6053205,13003230,0.0,0.0,0.009242875,2.126958167,0.048063958,1.278562209,1.193274166,0.766387292
nrel/118bus_10_24_convex_hull_with_null_dirac_0.01,932178,10,24,convex_hull_with_null,dirac,unscaled,0.01,197.8103690026702,117.29102038570628,5.374511336710094,21.823569258206046,1.081865849132499,10,1.0,1.0,0.0,0.0,0.1,0,0,981,2624,OPTIMAL,3.1784221657307036e6,0.0,3.178422165730842e6,0.0,0.0,182430,389445,OPTIMAL,2.6969515739772734e6,0.0,2.6546860662438753e6,0.0,42265.50773765521,6053205,13003230,0.0,4226.550773765521,0.009039625,2.182261208,1.292E-03,1.242333666,0.989398,0.766387292
nrel/118bus_10_24_convex_hull_with_null_convex_0.01,932178,10,24,convex_hull_with_null,convex,unscaled,0.01,132.9386485654909,117.29102038570628,5.374511336710094,21.823569258206046,1.081865849132499,10,1.0,1.0000000000000002,0.0,0.0,0.5202739726027398,64326,284,981,2624,OPTIMAL,2.850996202256577e6,0.0,2.85099620225655e6,0.0,0.0,182430,389445,OPTIMAL,2.450145828782576e6,0.0,2.450145828789878e6,0.0,0.0,6053205,13003230,0.0,0.0,0.009233708,0.854903,0.05454625,1.339064375,1.189146959,0.766387292
nrel/118bus_10_24_convex_hull_with_null_conical_0.01,932178,10,24,convex_hull_with_null,conical,unscaled,0.01,128.80819653705728,117.29102038570628,5.374511336710094,21.823569258206046,1.081865849132499,10,0.9670615402077424,1.0664430166040018,0.2493150684931507,0.7232876712328767,0.5087671232876713,66670,295,981,2624,OPTIMAL,2.7330981860547448e6,0.0,2.7330981860547243e6,0.0,0.0,182430,389445,OPTIMAL,2.4493713710804046e6,0.0,2.449371371087736e6,0.0,0.0,6053205,13003230,0.0,0.0,0.009071417,2.186016708,0.047353834,1.295433375,1.267490375,0.766387292
nrel/118bus_10_24_convex_hull_with_null_conical_bounded_0.01,932178,10,24,convex_hull_with_null,conical_bounded,unscaled,0.01,129.2050702781056,117.29102038570628,5.374511336710094,21.823569258206046,1.081865849132499,10,0.9602981197635351,1.0000000000000002,0.0,0.7616438356164383,0.5079452054794521,66880,294,981,2624,OPTIMAL,2.7191094656716203e6,0.0,2.7191094656715887e6,0.0,0.0,182430,389445,OPTIMAL,2.449880536787382e6,0.0,2.4498805367946955e6,0.0,0.0,6053205,13003230,0.0,0.0,0.00895525,0.84810725,0.067843542,1.349184625,1.18560925,0.766387292
nrel/118bus_10_24_conical_hull_dirac_0.01,932178,10,24,conical_hull,dirac,unscaled,0.01,200.47012098065304,107.11246693196937,6.786363577851319,15.783484881587059,1.0944797798569772,10,1.0,1.0,0.0,0.0,0.1,0,0,667,2573,OPTIMAL,2.2848149594988506e6,0.0,2.284814959498885e6,0.0,0.0,182430,389445,OPTIMAL,2.4868003143142667e6,0.0,2.486800314319816e6,0.0,0.0,6053205,13003230,0.0,0.0,0.009513917,2.176926959,1.125E-03,1.270662875,0.967956542,0.766387292
nrel/118bus_10_24_conical_hull_convex_0.01,932178,10,24,conical_hull,convex,unscaled,0.01,145.84921071932237,107.11246693196937,6.786363577851319,15.783484881587059,1.0944797798569772,10,1.0,1.0000000000000002,0.0,0.0,0.5298630136986301,55191,261,667,2573,OPTIMAL,2.3893080577980634e6,0.0,2.389308057798009e6,0.0,0.0,182430,389445,OPTIMAL,2.4618860062937145e6,0.0,2.4618860063004796e6,0.0,0.0,6053205,13003230,0.0,0.0,0.009104208,1.845296041,0.031577042,1.480966792,1.131652833,0.766387292
nrel/118bus_10_24_conical_hull_conical_0.01,932178,10,24,conical_hull,conical,unscaled,0.01,138.98882844294124,107.11246693196937,6.786363577851319,15.783484881587059,1.0944797798569772,10,1.0541855298979002,1.2090114886140122,0.8054794520547945,0.16712328767123288,0.5893150684931507,59452,226,667,2573,OPTIMAL,2.5357913781270995e6,0.0,2.5357913781271297e6,0.0,0.0,182430,389445,OPTIMAL,2.4599370578045216e6,0.0,2.4599370578113473e6,0.0,0.0,6053205,13003230,0.0,0.0,0.009142,2.19529325,0.033486959,1.307012042,1.20315875,0.766387292
nrel/118bus_10_24_conical_hull_conical_bounded_0.01,932178,10,24,conical_hull,conical_bounded,unscaled,0.01,145.8112651989449,107.11246693196937,6.786363577851319,15.783484881587059,1.0944797798569772,10,0.9939929383067272,1.0000000000000002,0.0,0.3589041095890411,0.5284931506849315,55258,261,667,2573,OPTIMAL,2.375220831864803e6,0.0,2.3752208318649074e6,0.0,0.0,182430,389445,OPTIMAL,2.4619237510894043e6,0.0,2.461923751096153e6,0.0,0.0,6053205,13003230,0.0,0.0,0.009274542,0.852966416,0.050964917,1.3581745,1.1307675,0.766387292
nrel/118bus_20_24_k_means_dirac_0.01,932178,20,24,k_means,dirac,unscaled,0.01,112.17938595195466,162.87404658422298,1.0084991526652811,161.501421348522,1.036273067805526,20,1.0,1.0,0.0,0.0,0.05,0,0,0,0,OPTIMAL,2.407586150772291e6,0.0,2.4075861507723103e6,0.0,0.0,348420,745995,OPTIMAL,2.4625433157321666e6,0.0,2.462543315738592e6,0.0,0.0,6053205,13003230,0.0,0.0,0.009059209,0.543232334,1.75e-6,2.788776084,2.081937792,0.766387292
nrel/118bus_20_24_k_means_convex_0.01,932178,20,24,k_means,convex,unscaled,0.01,106.0558033979798,162.87404658422298,1.0084991526652811,161.501421348522,1.036273067805526,20,1.0,1.0000000000000004,0.0,0.0,0.17082191780821918,139285,1036,0,0,OPTIMAL,2.368810484483975e6,0.0,2.3688104844838805e6,0.0,0.0,348420,745995,OPTIMAL,2.456988548177531e6,0.0,2.4569885481842286e6,0.0,0.0,6053205,13003230,0.0,0.0,0.009042209,0.548075666,0.150944084,1.882124417,2.633642083,0.766387292
nrel/118bus_20_24_k_means_conical_0.01,932178,20,24,k_means,conical,unscaled,0.01,102.91849935746073,162.87404658422298,1.0084991526652811,161.501421348522,1.036273067805526,20,1.0064601820237977,1.1268234605130558,0.5863013698630137,0.4136986301369863,0.17068493150684932,142670,992,0,0,OPTIMAL,2.389268761293077e6,0.0,2.3892687612930164e6,0.0,0.0,348420,745995,OPTIMAL,2.4550228154257927e6,0.0,2.4550228154325755e6,0.0,0.0,6053205,13003230,0.0,0.0,0.009423083,0.572327375,0.091297833,2.923982084,2.783858958,0.766387292
nrel/118bus_20_24_k_means_conical_bounded_0.01,932178,20,24,k_means,conical_bounded,unscaled,0.01,104.98545831807971,162.87404658422298,1.0084991526652811,161.501421348522,1.036273067805526,20,0.9852264869611315,1.0000000000000002,0.0,0.5534246575342465,0.16493150684931507,136485,1036,0,0,OPTIMAL,2.3235629984131698e6,0.0,2.323562998413202e6,0.0,0.0,348420,745995,OPTIMAL,2.456566426571635e6,0.0,2.456566426578369e6,0.0,0.0,6053205,13003230,0.0,0.0,0.009055,0.476181916,0.215272708,1.832355459,2.773439459,0.766387292
nrel/118bus_20_24_k_medoids_dirac_0.01,932178,20,24,k_medoids,dirac,unscaled,0.01,135.65328984945194,164.93102477923256,2.2552372291844143,73.13245038921175,1.0526905683370162,20,1.0,1.0,0.0,0.0,0.05,0,0,0,0,OPTIMAL,2.3774680478118705e6,0.0,2.3774680478119315e6,0.0,0.0,348420,745995,OPTIMAL,2.4745986928451383e6,0.0,2.47459869285128e6,0.0,0.0,6053205,13003230,0.0,0.0,0.009119125,0.461479833,1.333E-03,1.8310845,2.236255334,0.766387292
nrel/118bus_20_24_k_medoids_convex_0.01,932178,20,24,k_medoids,convex,unscaled,0.01,111.6733596479695,164.93102477923256,2.2552372291844143,73.13245038921175,1.0526905683370162,20,1.0,1.0000000000000002,0.0,0.0,0.28191780821917806,139439,731,0,0,OPTIMAL,2.3148193881509285e6,0.0,2.314819388150976e6,0.0,0.0,348420,745995,OPTIMAL,2.456462778809715e6,0.0,2.4564627788162036e6,0.0,0.0,6053205,13003230,0.0,0.0,0.009188625,0.526630708,0.135712875,2.051798042,3.744692375,0.766387292
nrel/118bus_20_24_k_medoids_conical_0.01,932178,20,24,k_medoids,conical,unscaled,0.01,109.00476239183509,164.93102477923256,2.2552372291844143,73.13245038921175,1.0526905683370162,20,1.0009068071159921,1.11759976913195,0.5095890410958904,0.43561643835616437,0.28684931506849315,144714,786,0,0,OPTIMAL,2.3112852602297273e6,0.0,2.311285260229686e6,0.0,0.0,348420,745995,OPTIMAL,2.4543605512626674e6,0.0,2.454360551269281e6,0.0,0.0,6053205,13003230,0.0,0.0,0.008977375,0.516080542,0.092119792,2.120190625,3.59051575,0.766387292
nrel/118bus_20_24_k_medoids_conical_bounded_0.01,932178,20,24,k_medoids,conical_bounded,unscaled,0.01,110.527484874727,164.93102477923256,2.2552372291844143,73.13245038921175,1.0526905683370162,20,0.9828643383473236,1.0000000000000002,0.0,0.5643835616438356,0.27821917808219176,140395,787,0,0,OPTIMAL,2.2626473746169526e6,0.0,2.262647374617001e6,0.0,0.0,348420,745995,OPTIMAL,2.4555003778425977e6,0.0,2.455500377849091e6,0.0,0.0,6053205,13003230,0.0,0.0,0.009295792,0.494624084,1.256522084,2.127506041,2.820142875,0.766387292
nrel/118bus_20_24_hierarchical_dirac_0.01,932178,20,24,hierarchical,dirac,unscaled,0.01,135.66097434039807,166.0009339813398,2.1698551529761807,76.5032328326858,1.047857964015007,20,1.0,1.0,0.0,0.0,0.05,0,0,0,0,OPTIMAL,2.448663804004733e6,0.0,2.448663804004753e6,0.0,0.0,348420,745995,OPTIMAL,2.5346584716755003e6,0.0,2.534658471681468e6,0.0,0.0,6053205,13003230,0.0,0.0,0.009127709,0.566196291,1.625E-03,1.740971791,2.019463083,0.766387292
nrel/118bus_20_24_hierarchical_convex_0.01,932178,20,24,hierarchical,convex,unscaled,0.01,111.25687323875034,166.0009339813398,2.1698551529761807,76.5032328326858,1.047857964015007,20,1.0,1.0000000000000004,0.0,0.0,0.2710958904109589,153113,763,0,0,OPTIMAL,2.3610769884457723e6,0.0,2.361076988445874e6,0.0,0.0,348420,745995,OPTIMAL,2.4524935095049883e6,0.0,2.4524935095118913e6,0.0,0.0,6053205,13003230,0.0,0.0,0.009127375,0.49908575,1.178872333,2.0588645,2.961862208,0.766387292
nrel/118bus_20_24_hierarchical_conical_0.01,932178,20,24,hierarchical,conical,unscaled,0.01,108.28373338120122,166.0009339813398,2.1698551529761807,76.5032328326858,1.047857964015007,20,0.9946933353211383,1.0897179778236954,0.4520547945205479,0.4931506849315068,0.27150684931506847,155984,798,0,0,OPTIMAL,2.3509733891223078e6,0.0,2.350973389122125e6,0.0,0.0,348420,745995,OPTIMAL,2.452206370278876e6,0.0,2.452206370285799e6,0.0,0.0,6053205,13003230,0.0,0.0,0.009030292,0.532686167,0.095974417,2.924403416,2.866577583,0.766387292
nrel/118bus_20_24_hierarchical_conical_bounded_0.01,932178,20,24,hierarchical,conical_bounded,unscaled,0.01,109.57119189668786,166.0009339813398,2.1698551529761807,76.5032328326858,1.047857964015007,20,0.9792068839241381,1.0000000000000002,0.0,0.6109589041095891,0.2654794520547945,153154,801,0,0,OPTIMAL,2.3184623425553967e6,0.0,2.3184623425553185e6,0.0,0.0,348420,745995,OPTIMAL,2.4525624950612304e6,0.0,2.452562495068102e6,0.0,0.0,6053205,13003230,0.0,0.0,0.009041917,0.586439291,0.14594825,1.869875292,2.827342667,0.766387292
nrel/118bus_20_24_chronological_dirac_0.01,932178,20,24,chronological,dirac,unscaled,0.01,147.45338541388804,167.46389202952903,2.0282484015087494,82.5657704968277,1.0400913099703892,20,1.0,1.0,0.0,0.0,0.05,0,0,0,0,OPTIMAL,2.572222668923686e6,0.0,2.5722226689235102e6,0.0,0.0,348420,745995,OPTIMAL,2.4748323804511293e6,0.0,2.474832380457893e6,0.0,0.0,6053205,13003230,0.0,0.0,0.009275917,0.490022667,1.459E-03,1.899878875,2.615712333,0.766387292
nrel/118bus_20_24_chronological_convex_0.01,932178,20,24,chronological,convex,unscaled,0.01,122.77274035704068,167.46389202952903,2.0282484015087494,82.5657704968277,1.0400913099703892,20,1.0,1.0000000000000002,0.0,0.0,0.2595890410958904,172703,826,0,0,OPTIMAL,2.50431736507389e6,0.0,2.504317365073885e6,0.0,0.0,348420,745995,OPTIMAL,2.4536331847011168e6,0.0,2.4536331847082614e6,0.0,0.0,6053205,13003230,0.0,0.0,0.009153916,0.683030833,1.209686083,1.767852375,2.350899875,0.766387292
nrel/118bus_20_24_chronological_conical_0.01,932178,20,24,chronological,conical,unscaled,0.01,117.59379284672275,167.46389202952903,2.0282484015087494,82.5657704968277,1.0400913099703892,20,0.9784477247159863,1.1100261395244135,0.33424657534246577,0.6109589041095891,0.26246575342465756,174124,827,0,0,OPTIMAL,2.4231035220549535e6,0.0,2.423103522054973e6,0.0,0.0,348420,745995,OPTIMAL,2.450165350453417e6,0.0,2.45016535046067e6,0.0,0.0,6053205,13003230,0.0,0.0,0.009038292,0.501856791,0.096296916,2.910904292,3.049316292,0.766387292
nrel/118bus_20_24_chronological_conical_bounded_0.01,932178,20,24,chronological,conical_bounded,unscaled,0.01,118.66185349198277,167.46389202952903,2.0282484015087494,82.5657704968277,1.0400913099703892,20,0.9675345836574433,1.0000000000000002,0.0,0.7041095890410959,0.2589041095890411,171735,784,0,0,OPTIMAL,2.382996026043582e6,0.0,2.382996026043616e6,0.0,0.0,348420,745995,OPTIMAL,2.4518342743019336e6,0.0,2.4518342743090848e6,0.0,0.0,6053205,13003230,0.0,0.0,0.009385167,0.5241835,0.334461125,2.957137417,2.809269542,0.766387292
nrel/118bus_20_24_convex_hull_dirac_0.01,932178,20,24,convex_hull,dirac,unscaled,0.01,170.73011287711475,160.72808976023936,4.204580690522818,38.22690098979969,1.0854699808366344,20,1.0,1.0,0.0,0.0,0.05,0,0,3025,3720,OPTIMAL,2.8858975266988995e6,0.0,2.885897526698889e6,0.0,0.0,348420,745995,OPTIMAL,2.4789378250393267e6,0.0,2.4789378250454487e6,0.0,0.0,6053205,13003230,0.0,0.0,0.009084542,1.171703458,1.792E-03,1.741502584,3.268279667,0.766387292
nrel/118bus_20_24_convex_hull_convex_0.01,932178,20,24,convex_hull,convex,unscaled,0.01,113.58311358232076,160.72808976023936,4.204580690522818,38.22690098979969,1.0854699808366344,20,1.0,1.0000000000000004,0.0,0.0,0.33465753424657535,108573,464,3025,3720,OPTIMAL,2.5753542387541607e6,0.0,2.5753542387540773e6,0.0,0.0,348420,745995,OPTIMAL,2.45286108378674e6,0.0,2.4528610837937864e6,0.0,0.0,6053205,13003230,0.0,0.0,0.009328084,2.606155792,0.098199959,1.971921709,2.85142625,0.766387292
nrel/118bus_20_24_convex_hull_conical_0.01,932178,20,24,convex_hull,conical,unscaled,0.01,111.67456206839421,160.72808976023936,4.204580690522818,38.22690098979969,1.0854699808366344,20,0.9955132722569352,1.1174248216257652,0.4520547945205479,0.4931506849315068,0.33013698630136984,110249,457,3025,3720,OPTIMAL,2.5624037894294574e6,0.0,2.562403789429485e6,0.0,0.0,348420,745995,OPTIMAL,2.4536496719090417e6,0.0,2.453649671915889e6,0.0,0.0,6053205,13003230,0.0,0.0,0.008985959,2.560787625,0.061326708,1.820028792,3.002890625,0.766387292
nrel/118bus_20_24_convex_hull_conical_bounded_0.01,932178,20,24,convex_hull,conical_bounded,unscaled,0.01,112.66683003026029,160.72808976023936,4.204580690522818,38.22690098979969,1.0854699808366344,20,0.9799259435948392,1.0000000000000002,0.0,0.6602739726027397,0.32602739726027397,109160,486,3025,3720,OPTIMAL,2.5359498861097735e6,0.0,2.5359498861096255e6,0.0,0.0,348420,745995,OPTIMAL,2.453161938545339e6,0.0,2.4531619385522916e6,0.0,0.0,6053205,13003230,0.0,0.0,0.009198417,2.612325417,0.125586667,1.975976625,2.824538125,0.766387292
nrel/118bus_20_24_convex_hull_with_null_dirac_0.01,932178,20,24,convex_hull_with_null,dirac,unscaled,0.01,176.40400857140196,161.10806088605378,4.159118762486404,38.73610495068916,1.085552325087417,20,1.0,1.0,0.0,0.0,0.05,0,0,3157,3953,OPTIMAL,2.796973246755836e6,0.0,2.7969732467558836e6,0.0,0.0,348420,745995,OPTIMAL,2.4989848418077435e6,0.0,2.498984841813138e6,0.0,0.0,6053205,13003230,0.0,0.0,0.009542583,2.624149458,1.875E-03,1.788707084,2.8472045,0.766387292
nrel/118bus_20_24_convex_hull_with_null_convex_0.01,932178,20,24,convex_hull_with_null,convex,unscaled,0.01,115.3982000743008,161.10806088605378,4.159118762486404,38.73610495068916,1.085552325087417,20,1.0,1.0000000000000002,0.0,0.0,0.3515068493150685,110252,658,3157,3953,OPTIMAL,2.6290885660573184e6,0.0,2.6290885660573966e6,0.0,0.0,348420,745995,OPTIMAL,2.4506427116135545e6,0.0,2.450642711620713e6,0.0,0.0,6053205,13003230,0.0,0.0,0.009139833,2.603651042,0.097448709,1.982865875,2.919824833,0.766387292
nrel/118bus_20_24_convex_hull_with_null_conical_0.01,932178,20,24,convex_hull_with_null,conical,unscaled,0.01,113.30824635689503,161.10806088605378,4.159118762486404,38.73610495068916,1.085552325087417,20,0.9875172626646748,1.0846383239906026,0.3835616438356164,0.5616438356164384,0.346027397260274,113334,545,3157,3953,OPTIMAL,2.6078299231202938e6,0.0,2.60782992312038e6,0.0,0.0,348420,745995,OPTIMAL,2.450661308195991e6,0.0,2.450661308203206e6,0.0,0.0,6053205,13003230,0.0,0.0,0.009425709,2.561480042,0.074570125,1.991732583,2.859406875,0.766387292
nrel/118bus_20_24_convex_hull_with_null_conical_bounded_0.01,932178,20,24,convex_hull_with_null,conical_bounded,unscaled,0.01,114.05011815308609,161.10806088605378,4.159118762486404,38.73610495068916,1.085552325087417,20,0.9756781659151946,1.0000000000000002,0.0,0.6575342465753424,0.3419178082191781,111412,516,3157,3953,OPTIMAL,2.5943844104042943e6,0.0,2.5943844104043744e6,0.0,0.0,348420,745995,OPTIMAL,2.4502674887249735e6,0.0,2.450267488732199e6,0.0,0.0,6053205,13003230,0.0,0.0,0.009081709,2.590596542,0.1036275,1.970618958,2.912965875,0.766387292
nrel/118bus_20_24_conical_hull_dirac_0.01,932178,20,24,conical_hull,dirac,unscaled,0.01,181.57351472623466,149.56097995343544,4.6010292129300465,32.505983559750405,1.0917436998144456,20,1.0,1.0,0.0,0.0,0.05,0,0,2627,4118,OPTIMAL,2.1854448734568367e6,0.0,2.1854448734568157e6,0.0,0.0,348420,745995,OPTIMAL,2.4850232931121597e6,0.0,2.485023293117739e6,0.0,0.0,6053205,13003230,0.0,0.0,0.009172375,2.341237375,9.17e-7,1.789939208,2.388581542,0.766387292
nrel/118bus_20_24_conical_hull_convex_0.01,932178,20,24,conical_hull,convex,unscaled,0.01,126.49479940373581,149.56097995343544,4.6010292129300465,32.505983559750405,1.0917436998144456,20,1.0,1.0000000000000002,0.0,0.0,0.3152054794520548,91665,408,2627,4118,OPTIMAL,2.2686641821339354e6,0.0,2.2686641821338516e6,0.0,0.0,348420,745995,OPTIMAL,2.461992716012823e6,0.0,2.4619927160195466e6,0.0,0.0,6053205,13003230,0.0,0.0,0.009023459,2.432999042,0.098510708,1.9666495,2.869030458,0.766387292
nrel/118bus_20_24_conical_hull_conical_0.01,932178,20,24,conical_hull,conical,unscaled,0.01,117.92791681495994,149.56097995343544,4.6010292129300465,32.505983559750405,1.0917436998144456,20,1.0558114995691095,1.2233222030420772,0.8136986301369863,0.13150684931506848,0.3589041095890411,99966,491,2627,4118,OPTIMAL,2.393815165320374e6,0.0,2.39381516532032e6,0.0,0.0,348420,745995,OPTIMAL,2.4603921296971687e6,0.0,2.4603921297039725e6,0.0,0.0,6053205,13003230,0.0,0.0,0.009124583,2.371011125,0.063471125,1.995428,3.102546375,0.766387292
nrel/118bus_20_24_conical_hull_conical_bounded_0.01,932178,20,24,conical_hull,conical_bounded,unscaled,0.01,126.58630467310726,149.56097995343544,4.6010292129300465,32.505983559750405,1.0917436998144456,20,0.9944088149664128,1.0000000000000002,0.0,0.4,0.31465753424657533,92008,436,2627,4118,OPTIMAL,2.25650759094091e6,0.0,2.256507590940889e6,0.0,0.0,348420,745995,OPTIMAL,2.462204945316404e6,0.0,2.46220494532312e6,0.0,0.0,6053205,13003230,0.0,0.0,0.009566125,2.438037959,0.087757833,1.951945375,2.936187875,0.766387292
nrel/118bus_40_24_k_means_dirac_0.01,932178,40,24,k_means,dirac,unscaled,0.01,101.95652368052593,227.51997992003118,0.8026669475244624,283.4550253025053,1.0443747241278,40,1.0,1.0,0.0,0.0,25,0,0,0,0,OPTIMAL,2.4125997353270766e6,0.0,2.4125997353272126e6,0.0,0.0,680400,1459095,OPTIMAL,2.4537141497280174e6,0.0,2.453714149735025e6,0.0,0.0,6053205,13003230,0.0,0.0,0.009165542,1.4544265,1.334E-03,3.293103584,4.598440375,0.766387292
nrel/118bus_40_24_k_means_convex_0.01,932178,40,24,k_means,convex,unscaled,0.01,94.32787389225342,227.51997992003118,0.8026669475244624,283.4550253025053,1.0443747241278,40,1.0,1.0000000000000002,0.0,0.0,0.10726027397260274,220938,1396,0,0,OPTIMAL,2.398658445463165e6,0.0,2.398658445462873e6,0.0,0.0,680400,1459095,OPTIMAL,2.4483197170490203e6,0.0,2.448319717056225e6,0.0,0.0,6053205,13003230,0.0,0.0,0.009168708,0.598460083,1.540643291,3.209674709,6.654790041,0.766387292
nrel/118bus_40_24_k_means_conical_0.01,932178,40,24,k_means,conical,unscaled,0.01,92.13496314737327,227.51997992003118,0.8026669475244624,283.4550253025053,1.0443747241278,40,1.0088647704647522,1.1188702318472892,0.5917808219178082,0.4054794520547945,0.10904109589041096,229302,1427,0,0,OPTIMAL,2.4227112191241924e6,0.0,2.422711219124347e6,0.0,0.0,680400,1459095,OPTIMAL,2.447526736373657e6,0.0,2.4475267363808905e6,0.0,0.0,6053205,13003230,0.0,0.0,0.009570791,0.575001,1.303427458,3.384710375,6.749237875,0.766387292
nrel/118bus_40_24_k_means_conical_bounded_0.01,932178,40,24,k_means,conical_bounded,unscaled,0.01,93.9002764850694,227.51997992003118,0.8026669475244624,283.4550253025053,1.0443747241278,40,0.989162401428306,1.0000000000000002,0.0,0.5671232876712329,0.10397260273972603,219447,1263,0,0,OPTIMAL,2.3727800901518324e6,0.0,2.3727800901518357e6,0.0,0.0,680400,1459095,OPTIMAL,2.448341111567703e6,0.0,2.448341111574909e6,0.0,0.0,6053205,13003230,0.0,0.0,0.009034666,0.597103417,1.544399375,2.97815075,6.698012,0.766387292
nrel/118bus_40_24_k_medoids_dirac_0.01,932178,40,24,k_medoids,dirac,unscaled,0.01,123.34862404973207,228.7457894164223,1.8762178697624632,121.91856452437608,1.0596603058600074,40,1.0,1.0,0.0,0.0,25,0,0,0,0,OPTIMAL,2.426068412277976e6,0.0,2.4260684122779104e6,0.0,0.0,680400,1459095,OPTIMAL,2.460690463678687e6,0.0,2.460690463685598e6,0.0,0.0,6053205,13003230,0.0,0.0,0.009035459,0.498797458,1.667E-03,4.059904541,4.734808209,0.766387292
nrel/118bus_40_24_k_medoids_convex_0.01,932178,40,24,k_medoids,convex,unscaled,0.01,97.77206447046024,228.7457894164223,1.8762178697624632,121.91856452437608,1.0596603058600074,40,1.0,1.0000000000000002,0.0,0.0,0.16506849315068492,207217,1010,0,0,OPTIMAL,2.4246749644764755e6,0.0,2.424674964476555e6,0.0,0.0,680400,1459095,OPTIMAL,2.4482181854553423e6,0.0,2.4482181854625796e6,0.0,0.0,6053205,13003230,0.0,0.0,0.009126084,0.49844075,0.374094042,4.234150458,7.289793084,0.766387292
nrel/118bus_40_24_k_medoids_conical_0.01,932178,40,24,k_medoids,conical,unscaled,0.01,95.10213201225935,228.7457894164223,1.8762178697624632,121.91856452437608,1.0596603058600074,40,1.0090540923919415,1.1076178673293804,0.5232876712328767,0.36712328767123287,0.1693835616438356,211898,1097,0,0,OPTIMAL,2.445033214535481e6,0.0,2.445033214535494e6,0.0,0.0,680400,1459095,OPTIMAL,2.4474275039753886e6,0.0,2.447427503982634e6,0.0,0.0,6053205,13003230,0.0,0.0,0.00903825,0.497712167,0.412608917,4.137575209,7.621745416,0.766387292
nrel/118bus_40_24_k_medoids_conical_bounded_0.01,932178,40,24,k_medoids,conical_bounded,unscaled,0.01,97.37627494674,228.7457894164223,1.8762178697624632,121.91856452437608,1.0596603058600074,40,0.9870392666058779,1.0000000000000002,0.0,0.6246575342465753,0.1619178082191781,208241,996,0,0,OPTIMAL,2.3894217418404194e6,0.0,2.3894217418405632e6,0.0,0.0,680400,1459095,OPTIMAL,2.4481016030229926e6,0.0,2.448101603030243e6,0.0,0.0,6053205,13003230,0.0,0.0,0.0090655,0.505955417,0.38219475,3.235,8.034811542,0.766387292
nrel/118bus_40_24_hierarchical_dirac_0.01,932178,40,24,hierarchical,dirac,unscaled,0.01,124.97018852894111,227.60611906419746,1.7640881758824827,129.02196283376696,1.0605386397500922,40,1.0,1.0,0.0,0.0,25,0,0,0,0,OPTIMAL,2.4367230483008283e6,0.0,2.436723048300915e6,0.0,0.0,680400,1459095,OPTIMAL,2.4607326039296463e6,0.0,2.4607326039366317e6,0.0,0.0,6053205,13003230,0.0,0.0,0.009146084,0.493653792,1.541E-03,4.088104,4.130762625,0.766387292
nrel/118bus_40_24_hierarchical_convex_0.01,932178,40,24,hierarchical,convex,unscaled,0.01,96.92565642064548,227.60611906419746,1.7640881758824827,129.02196283376696,1.0605386397500922,40,1.0,1.0000000000000002,0.0,0.0,0.1645890410958904,211952,1119,0,0,OPTIMAL,2.41848802704775e6,0.0,2.418488027047612e6,0.0,0.0,680400,1459095,OPTIMAL,2.4479802597586247e6,0.0,2.4479802597657004e6,0.0,0.0,6053205,13003230,0.0,0.0,0.009354792,0.540303541,1.408740834,3.249870416,8.406321792,0.766387292
nrel/118bus_40_24_hierarchical_conical_0.01,932178,40,24,hierarchical,conical,unscaled,0.01,94.32622729557245,227.60611906419746,1.7640881758824827,129.02196283376696,1.0605386397500922,40,1.0047025608857358,1.117343217726413,0.4958904109589041,0.39452054794520547,0.17164383561643837,219513,1171,0,0,OPTIMAL,2.429842149953567e6,0.0,2.4298421499537257e6,0.0,0.0,680400,1459095,OPTIMAL,2.4471497135539996e6,0.0,2.447149713561093e6,0.0,0.0,6053205,13003230,0.0,0.0,0.0091515,0.502862625,0.414053709,4.130341084,6.909310167,0.766387292
nrel/118bus_40_24_hierarchical_conical_bounded_0.01,932178,40,24,hierarchical,conical_bounded,unscaled,0.01,96.3562706271365,227.60611906419746,1.7640881758824827,129.02196283376696,1.0605386397500922,40,0.9849932428473428,1.0000000000000002,0.0,0.6712328767123288,0.16157534246575342,214625,1110,0,0,OPTIMAL,2.3838226226309193e6,0.0,2.383822622630973e6,0.0,0.0,680400,1459095,OPTIMAL,2.448130129251051e6,0.0,2.4481301292581353e6,0.0,0.0,6053205,13003230,0.0,0.0,0.008989125,0.568938917,1.38513675,3.157212416,7.135414041,0.766387292
nrel/118bus_40_24_chronological_dirac_0.01,932178,40,24,chronological,dirac,unscaled,0.01,142.7162795268989,236.18193038719664,1.381433279789046,170.96875675621712,1.0426094081028499,40,1.0,1.0,0.0,0.0,25,0,0,0,0,OPTIMAL,2.556776104856396e6,0.0,2.5567761048562815e6,0.0,0.0,680400,1459095,OPTIMAL,2.4700497963133836e6,0.0,2.470049796320133e6,0.0,0.0,6053205,13003230,0.0,0.0,0.0091115,0.507988167,1.583E-03,3.993558167,4.030531917,0.766387292
nrel/118bus_40_24_chronological_convex_0.01,932178,40,24,chronological,convex,unscaled,0.01,110.64351402673343,236.18193038719664,1.381433279789046,170.96875675621712,1.0426094081028499,40,1.0,1.0000000000000002,0.0,0.0,0.15020547945205479,245790,1522,0,0,OPTIMAL,2.4928398124704915e6,0.0,2.4928398124705125e6,0.0,0.0,680400,1459095,OPTIMAL,2.4492632476546965e6,0.0,2.449263247661799e6,0.0,0.0,6053205,13003230,0.0,0.0,0.009388667,0.51303375,1.452406083,3.623911375,7.453826709,0.766387292
nrel/118bus_40_24_chronological_conical_0.01,932178,40,24,chronological,conical,unscaled,0.01,107.2811253519378,236.18193038719664,1.381433279789046,170.96875675621712,1.0426094081028499,40,0.9822592997710583,1.0881299856044264,0.32602739726027397,0.5643835616438356,0.15109589041095892,252210,1309,0,0,OPTIMAL,2.443803962704811e6,0.0,2.4438039627046296e6,0.0,0.0,680400,1459095,OPTIMAL,2.4482113183654216e6,0.0,2.448211318372549e6,0.0,0.0,6053205,13003230,0.0,0.0,0.009405667,0.571962791,1.310668041,3.507593459,7.0004745,0.766387292
nrel/118bus_40_24_chronological_conical_bounded_0.01,932178,40,24,chronological,conical_bounded,unscaled,0.01,108.04924273445845,236.18193038719664,1.381433279789046,170.96875675621712,1.0426094081028499,40,0.9728615802724987,1.0000000000000002,0.0,0.6876712328767123,0.14773972602739727,249727,1522,0,0,OPTIMAL,2.4172182765170005e6,0.0,2.4172182765170825e6,0.0,0.0,680400,1459095,OPTIMAL,2.4489779495179383e6,0.0,2.448977949525029e6,0.0,0.0,6053205,13003230,0.0,0.0,0.009078042,0.498709959,1.774610833,3.096466667,6.490560834,0.766387292
nrel/118bus_40_24_convex_hull_dirac_0.01,932178,40,24,convex_hull,dirac,unscaled,0.01,154.51689868754465,223.4633900790177,2.655819711056185,84.14102401181034,1.081525184110448,40,1.0,1.0,0.0,0.0,25,0,0,7734,5721,OPTIMAL,2.8193399642064697e6,0.0,2.8193399642067193e6,0.0,0.0,680400,1459095,OPTIMAL,2.4710851835109773e6,0.0,2.4710851835172637e6,0.0,0.0,6053205,13003230,0.0,0.0,0.009193792,3.84322675,1.0e-6,2.982915375,5.763733708,0.766387292
nrel/118bus_40_24_convex_hull_convex_0.01,932178,40,24,convex_hull,convex,unscaled,0.01,98.6786711181127,223.4633900790177,2.655819711056185,84.14102401181034,1.081525184110448,40,1.0,1.0000000000000004,0.0,0.0,0.1934931506849315,167520,796,7734,5721,OPTIMAL,2.6236263598839347e6,0.0,2.623626359884052e6,0.0,0.0,680400,1459095,OPTIMAL,2.450877595115317e6,0.0,2.4508775951221604e6,0.0,0.0,6053205,13003230,0.0,0.0,0.009462291,3.90009575,0.265484541,3.249219458,7.003416708,0.766387292
nrel/118bus_40_24_convex_hull_conical_0.01,932178,40,24,convex_hull,conical,unscaled,0.01,96.89686094546485,223.4633900790177,2.655819711056185,84.14102401181034,1.081525184110448,40,0.9973396396185954,1.1136002413186705,0.41643835616438357,0.473972602739726,0.1932876712328767,173883,855,7734,5721,OPTIMAL,2.607829227569515e6,0.0,2.607829227569705e6,0.0,0.0,680400,1459095,OPTIMAL,2.4512873297517784e6,0.0,2.4512873297585556e6,0.0,0.0,6053205,13003230,0.0,0.0,0.009360417,3.813695291,0.196612958,3.301358875,8.784008125,0.766387292
nrel/118bus_40_24_convex_hull_conical_bounded_0.01,932178,40,24,convex_hull,conical_bounded,unscaled,0.01,98.02366839543251,223.4633900790177,2.655819711056185,84.14102401181034,1.081525184110448,40,0.9816473490584627,1.0000000000000002,0.0,0.6684931506849315,0.18746575342465754,167821,788,7734,5721,OPTIMAL,2.5872640961440024e6,0.0,2.5872640961440536e6,0.0,0.0,680400,1459095,OPTIMAL,2.4515530031478615e6,0.0,2.4515530031546666e6,0.0,0.0,6053205,13003230,0.0,0.0,0.009231333,3.826471667,0.296834541,3.094576917,6.782005083,0.766387292
nrel/118bus_40_24_convex_hull_with_null_dirac_0.01,932178,40,24,convex_hull_with_null,dirac,unscaled,0.01,158.0676633883084,222.09680464176,2.833833765935174,78.37326497818313,1.0815587530755182,40,1.0,1.0,0.0,0.0,25,0,0,8214,5606,OPTIMAL,2.6757005578314634e6,0.0,2.675700557831738e6,0.0,0.0,680400,1459095,OPTIMAL,2.492952515729297e6,0.0,2.49295251573459e6,0.0,0.0,6053205,13003230,0.0,0.0,0.009044666,2.391040833,8.75e-7,3.140604417,6.655212208,0.766387292
nrel/118bus_40_24_convex_hull_with_null_convex_0.01,932178,40,24,convex_hull_with_null,convex,unscaled,0.01,101.00896363677082,222.09680464176,2.833833765935174,78.37326497818313,1.0815587530755182,40,1.0,1.0000000000000002,0.0,0.0,0.198013698630137,160833,758,8214,5606,OPTIMAL,2.5999350039378637e6,0.0,2.5999350039376854e6,0.0,0.0,680400,1459095,OPTIMAL,2.454708117369532e6,0.0,2.4547081173765613e6,0.0,0.0,6053205,13003230,0.0,0.0,0.00969025,3.726575708,0.27713,3.194586916,8.485014333,0.766387292
nrel/118bus_40_24_convex_hull_with_null_conical_0.01,932178,40,24,convex_hull_with_null,conical,unscaled,0.01,99.08961678110825,222.09680464176,2.833833765935174,78.37326497818313,1.0815587530755182,40,0.9938357539588792,1.091774598532438,0.4054794520547945,0.4849315068493151,0.19547945205479453,165233,822,8214,5606,OPTIMAL,2.5853210393270794e6,0.0,2.5853210393271786e6,0.0,0.0,680400,1459095,OPTIMAL,2.4550400729633463e6,0.0,2.455040072970299e6,0.0,0.0,6053205,13003230,0.0,0.0,0.009202417,3.674317875,0.178344625,3.127758084,6.587446375,0.766387292
nrel/118bus_40_24_convex_hull_with_null_conical_bounded_0.01,932178,40,24,convex_hull_with_null,conical_bounded,unscaled,0.01,100.11704518217658,222.09680464176,2.833833765935174,78.37326497818313,1.0815587530755182,40,0.9801692287450386,1.0000000000000002,0.0,0.6958904109589041,0.1915068493150685,160744,819,8214,5606,OPTIMAL,2.5697922856917917e6,0.0,2.5697922856918033e6,0.0,0.0,680400,1459095,OPTIMAL,2.4547922159263548e6,0.0,2.454792215933292e6,0.0,0.0,6053205,13003230,0.0,0.0,0.00904975,3.670956916,0.26877625,3.295630791,6.75075725,0.766387292
nrel/118bus_40_24_conical_hull_dirac_0.01,932178,40,24,conical_hull,dirac,unscaled,0.01,167.28946114755132,211.28486434043862,3.014391875330563,70.09203616476334,1.083157177209324,40,1.0,1.0,0.0,0.0,25,0,0,7432,6023,OPTIMAL,2.2926138302900717e6,0.0,2.2926138302903636e6,0.0,0.0,680400,1459095,OPTIMAL,2.468492258355079e6,0.0,2.4684922583612003e6,0.0,0.0,6053205,13003230,0.0,0.0,0.009125375,2.995673625,1.667E-03,2.987769041,5.708232292,0.766387292
nrel/118bus_40_24_conical_hull_convex_0.01,932178,40,24,conical_hull,convex,unscaled,0.01,115.91828669719784,211.28486434043862,3.014391875330563,70.09203616476334,1.083157177209324,40,1.0,1.0000000000000002,0.0,0.0,0.18253424657534248,149306,870,7432,6023,OPTIMAL,2.3017553305150373e6,0.0,2.301755330514963e6,0.0,0.0,680400,1459095,OPTIMAL,2.458389599079435e6,0.0,2.45838959908625e6,0.0,0.0,6053205,13003230,0.0,0.0,0.009090125,3.030318417,0.23960275,3.233303166,8.064929541,0.766387292
nrel/118bus_40_24_conical_hull_conical_0.01,932178,40,24,conical_hull,conical,unscaled,0.01,105.93143195372782,211.28486434043862,3.014391875330563,70.09203616476334,1.083157177209324,40,1.0591405116981485,1.2296435530008367,0.7835616438356164,0.10684931506849316,0.2086986301369863,159009,815,7432,6023,OPTIMAL,2.4569863469864777e6,0.0,2.4569863469863785e6,0.0,0.0,680400,1459095,OPTIMAL,2.4545928722701245e6,0.0,2.4545928722771564e6,0.0,0.0,6053205,13003230,0.0,0.0,0.009213125,3.067416875,0.17682325,3.206223667,8.398399875,0.766387292
nrel/118bus_40_24_conical_hull_conical_bounded_0.01,932178,40,24,conical_hull,conical_bounded,unscaled,0.01,116.56245231938175,211.28486434043862,3.014391875330563,70.09203616476334,1.083157177209324,40,0.9939892668952961,1.0000000000000002,0.0,0.5232876712328767,0.1815068493150685,148435,870,7432,6023,OPTIMAL,2.286432149489644e6,0.0,2.2864321494896337e6,0.0,0.0,680400,1459095,OPTIMAL,2.45850345024791e6,0.0,2.4585034502547015e6,0.0,0.0,6053205,13003230,0.0,0.0,0.00937275,2.971137459,0.246786958,3.170983791,8.402138459,0.766387292
nrel/118bus_80_24_k_means_dirac_0.01,932178,80,24,k_means,dirac,unscaled,0.01,87.74397606027534,319.74490176783615,0.5699842614139077,560.9714573077409,1.050835481544593,80,1.0,1.0,0.0,0.0,0.0125,0,0,0,0,OPTIMAL,2.418814404736378e6,0.0,2.4188144047371796e6,0.0,0.0,1344360,2885295,OPTIMAL,2.4482187674831874e6,0.0,2.4482187674905425e6,0.0,0.0,6053205,13003230,0.0,0.0,0.009417042,0.53587875,1.416E-03,6.739745041,10.9548955,0.766387292
nrel/118bus_80_24_k_means_convex_0.01,932178,80,24,k_means,convex,unscaled,0.01,80.52662140715304,319.74490176783615,0.5699842614139077,560.9714573077409,1.050835481544593,80,1.0,1.0000000000000002,0.0,0.0,0.061061643835616436,311401,1932,0,0,OPTIMAL,2.4085947314049182e6,0.0,2.408594731404595e6,0.0,0.0,1344360,2885295,OPTIMAL,2.4447320020617414e6,0.0,2.444732002069173e6,0.0,0.0,6053205,13003230,0.0,0.0,0.009131042,0.540987125,1.1796275,7.066238542,18.491252459,0.766387292
nrel/118bus_80_24_k_means_conical_0.01,932178,80,24,k_means,conical,unscaled,0.01,78.73082015879501,319.74490176783615,0.5699842614139077,560.9714573077409,1.050835481544593,80,1.005848085558349,1.0897570990369314,0.5397260273972603,0.410958904109589,0.06321917808219178,326031,2336,0,0,OPTIMAL,2.419069303628063e6,0.0,2.419069303628066e6,0.0,0.0,1344360,2885295,OPTIMAL,2.444659580772927e6,0.0,2.4446595807803087e6,0.0,0.0,6053205,13003230,0.0,0.0,0.009009708,0.525599667,0.684208625,6.96607275,17.059913792,0.766387292
nrel/118bus_80_24_k_means_conical_bounded_0.01,932178,80,24,k_means,conical_bounded,unscaled,0.01,80.48426793960547,319.74490176783615,0.5699842614139077,560.9714573077409,1.050835481544593,80,0.988683043142498,1.0000000000000002,0.0,0.6547945205479452,0.05938356164383562,316380,2142,0,0,OPTIMAL,2.3841044792526723e6,0.0,2.3841044792527338e6,0.0,0.0,1344360,2885295,OPTIMAL,2.444844930613168e6,0.0,2.4448449306206107e6,0.0,0.0,6053205,13003230,0.0,0.0,0.009063833,0.651368875,1.209234292,6.8854785,21.281194667,0.766387292
nrel/118bus_80_24_k_medoids_dirac_0.01,932178,80,24,k_medoids,dirac,unscaled,0.01,109.29424607452714,320.6743067800839,1.2310055112354379,260.49786443137447,1.0624868462730808,80,1.0,1.0,0.0,0.0,0.0125,0,0,0,0,OPTIMAL,2.419423325254374e6,0.0,2.4194233252551067e6,0.0,0.0,1344360,2885295,OPTIMAL,2.4548074542309e6,0.0,2.4548074542380176e6,0.0,0.0,6053205,13003230,0.0,0.0,0.009037333,0.503487958,1.542E-03,7.043645167,10.457699292,0.766387292
nrel/118bus_80_24_k_medoids_convex_0.01,932178,80,24,k_medoids,convex,unscaled,0.01,83.14237389391302,320.6743067800839,1.2310055112354379,260.49786443137447,1.0624868462730808,80,1.0,1.0000000000000004,0.0,0.0,0.08845890410958904,286450,1667,0,0,OPTIMAL,2.4362326465707356e6,0.0,2.4362326465707505e6,0.0,0.0,1344360,2885295,OPTIMAL,2.444642657824815e6,0.0,2.44464265783224e6,0.0,0.0,6053205,13003230,0.0,0.0,0.009298292,0.750275875,2.180420625,5.762517375,19.368832875,0.766387292
nrel/118bus_80_24_k_medoids_conical_0.01,932178,80,24,k_medoids,conical,unscaled,0.01,81.13808050494883,320.6743067800839,1.2310055112354379,260.49786443137447,1.0624868462730808,80,1.0031790418262938,1.1017252280459053,0.4301369863013699,0.3506849315068493,0.08986301369863013,297948,1596,0,0,OPTIMAL,2.434781343485509e6,0.0,2.4347813434851943e6,0.0,0.0,1344360,2885295,OPTIMAL,2.444723730674669e6,0.0,2.4447237306820834e6,0.0,0.0,6053205,13003230,0.0,0.0,0.009316084,0.5041495,0.638540209,7.115829,20.579749333,0.766387292
nrel/118bus_80_24_k_medoids_conical_bounded_0.01,932178,80,24,k_medoids,conical_bounded,unscaled,0.01,82.90586271180145,320.6743067800839,1.2310055112354379,260.49786443137447,1.0624868462730808,80,0.9875003370071166,1.0000000000000002,0.0,0.5643835616438356,0.08626712328767124,286429,1667,0,0,OPTIMAL,2.411147980080237e6,0.0,2.4111479800800174e6,0.0,0.0,1344360,2885295,OPTIMAL,2.444900416735978e6,0.0,2.4449004167434447e6,0.0,0.0,6053205,13003230,0.0,0.0,0.009070541,0.53099525,2.415570333,5.896065542,19.530183791,0.766387292
nrel/118bus_80_24_hierarchical_dirac_0.01,932178,80,24,hierarchical,dirac,unscaled,0.01,108.06255844185605,319.8417976399709,1.1806713014094425,270.8982569985019,1.0642944574082613,80,1.0,1.0,0.0,0.0,0.0125,0,0,0,0,OPTIMAL,2.4897435255343625e6,0.0,2.4897435255350894e6,0.0,0.0,1344360,2885295,OPTIMAL,2.4507064780105646e6,0.0,2.450706478017959e6,0.0,0.0,6053205,13003230,0.0,0.0,0.009466833,0.510346458,1.458E-03,7.206749584,10.695607917,0.766387292
nrel/118bus_80_24_hierarchical_convex_0.01,932178,80,24,hierarchical,convex,unscaled,0.01,81.83596617031839,319.8417976399709,1.1806713014094425,270.8982569985019,1.0642944574082613,80,1.0,1.0000000000000004,0.0,0.0,0.08777397260273972,289896,1622,0,0,OPTIMAL,2.455514425895962e6,0.0,2.4555144258958506e6,0.0,0.0,1344360,2885295,OPTIMAL,2.4450243895184025e6,0.0,2.4450243895258037e6,0.0,0.0,6053205,13003230,0.0,0.0,0.009468792,0.54370025,1.089466584,6.943361459,19.546103166,0.766387292
nrel/118bus_80_24_hierarchical_conical_0.01,932178,80,24,hierarchical,conical,unscaled,0.01,79.76749114968827,319.8417976399709,1.1806713014094425,270.8982569985019,1.0642944574082613,80,1.004646752152505,1.1036657833082402,0.4438356164383562,0.336986301369863,0.09044520547945205,297744,2051,0,0,OPTIMAL,2.4648403049698146e6,0.0,2.4648403049697177e6,0.0,0.0,1344360,2885295,OPTIMAL,2.4450491601966405e6,0.0,2.4450491602040604e6,0.0,0.0,6053205,13003230,0.0,0.0,0.009092833,0.533635,2.055799584,5.852318209,19.341372083,0.766387292
nrel/118bus_80_24_hierarchical_conical_bounded_0.01,932178,80,24,hierarchical,conical_bounded,unscaled,0.01,81.59059828489497,319.8417976399709,1.1806713014094425,270.8982569985019,1.0642944574082613,80,0.98842335592245,1.0000000000000002,0.0,0.5671232876712329,0.08633561643835616,290595,1767,0,0,OPTIMAL,2.4311161715790294e6,0.0,2.431116171578963e6,0.0,0.0,1344360,2885295,OPTIMAL,2.4452447442142465e6,0.0,2.445244744221656e6,0.0,0.0,6053205,13003230,0.0,0.0,0.00912075,0.507379375,1.08921675,7.307136959,18.004121292,0.766387292
nrel/118bus_80_24_chronological_dirac_0.01,932178,80,24,chronological,dirac,unscaled,0.01,131.8517226128461,333.32163157314545,0.8970184465064848,371.5883802292975,1.0467640276237251,80,1.0,1.0,0.0,0.0,0.0125,0,0,0,0,OPTIMAL,2.458319513290848e6,0.0,2.4583195132892802e6,0.0,0.0,1344360,2885295,OPTIMAL,2.4596817609100747e6,0.0,2.4596817609169725e6,0.0,0.0,6053205,13003230,0.0,0.0,0.009073291,0.503413875,1.625E-03,6.945726791,8.362832375,0.766387292
nrel/118bus_80_24_chronological_convex_0.01,932178,80,24,chronological,convex,unscaled,0.01,93.06211054691975,333.32163157314545,0.8970184465064848,371.5883802292975,1.0467640276237251,80,1.0,1.0000000000000002,0.0,0.0,0.0827054794520548,322923,1909,0,0,OPTIMAL,2.4633949632260203e6,0.0,2.46339496322579e6,0.0,0.0,1344360,2885295,OPTIMAL,2.447782582011181e6,0.0,2.4477825820184974e6,0.0,0.0,6053205,13003230,0.0,0.0,0.009490458,0.502033667,1.205002916,7.239380667,20.380594458,0.766387292
nrel/118bus_80_24_chronological_conical_0.01,932178,80,24,chronological,conical,unscaled,0.01,90.11806341758617,333.32163157314545,0.8970184465064848,371.5883802292975,1.0467640276237251,80,0.9870841773401245,1.087791643229716,0.3095890410958904,0.4712328767123288,0.08157534246575343,333951,1890,0,0,OPTIMAL,2.4321935421982235e6,0.0,2.4321935421981676e6,0.0,0.0,1344360,2885295,OPTIMAL,2.447465118227334e6,0.0,2.4474651182346353e6,0.0,0.0,6053205,13003230,0.0,0.0,0.0090885,0.616478417,0.717680958,7.271534709,20.08966975,0.766387292
nrel/118bus_80_24_chronological_conical_bounded_0.01,932178,80,24,chronological,conical_bounded,unscaled,0.01,91.07490401493455,333.32163157314545,0.8970184465064848,371.5883802292975,1.0467640276237251,80,0.977531073364064,1.0000000000000002,0.0,0.6219178082191781,0.07986301369863014,325710,2285,0,0,OPTIMAL,2.410393659708519e6,0.0,2.4103936597085977e6,0.0,0.0,1344360,2885295,OPTIMAL,2.447856656353429e6,0.0,2.447856656360734e6,0.0,0.0,6053205,13003230,0.0,0.0,0.009539917,0.531939167,2.543239708,5.661723375,20.657877125,0.766387292
nrel/118bus_80_24_convex_hull_dirac_0.01,932178,80,24,convex_hull,dirac,unscaled,0.01,133.88233489149846,312.93763291281914,1.818486985876737,172.08681466694372,1.0783731217482502,80,1.0,1.0,0.0,0.0,0.0125,0,0,18056,7619,OPTIMAL,2.6437748214990958e6,0.0,2.6437748215004127e6,0.0,0.0,1344360,2885295,OPTIMAL,2.4614307326164185e6,0.0,2.4614307326230765e6,0.0,0.0,6053205,13003230,0.0,0.0,0.009320125,7.658189958,1.208E-03,5.881227875,14.09371725,0.766387292
nrel/118bus_80_24_convex_hull_convex_0.01,932178,80,24,convex_hull,convex,unscaled,0.01,82.74295703102545,312.93763291281914,1.818486985876737,172.08681466694372,1.0783731217482502,80,1.0,1.0000000000000004,0.0,0.0,0.09808219178082192,231186,1242,18056,7619,OPTIMAL,2.5058429359876807e6,0.0,2.505842935987819e6,0.0,0.0,1344360,2885295,OPTIMAL,2.4462093375023515e6,0.0,2.4462093375098463e6,0.0,0.0,6053205,13003230,0.0,0.0,0.009462917,8.006501958,0.784942,5.354254125,26.804124583,0.766387292
nrel/118bus_80_24_convex_hull_conical_0.01,932178,80,24,convex_hull,conical,unscaled,0.01,81.50922971800361,312.93763291281914,1.818486985876737,172.08681466694372,1.0783731217482502,80,1.000107997728869,1.1056727219221523,0.40821917808219177,0.3726027397260274,0.09883561643835616,239981,1438,18056,7619,OPTIMAL,2.5005245610890645e6,0.0,2.50052456108909e6,0.0,0.0,1344360,2885295,OPTIMAL,2.4468401986066834e6,0.0,2.4468401986141633e6,0.0,0.0,6053205,13003230,0.0,0.0,0.009095542,8.083430667,0.520168584,5.47067575,20.183878459,0.766387292
nrel/118bus_80_24_convex_hull_conical_bounded_0.01,932178,80,24,convex_hull,conical_bounded,unscaled,0.01,82.65066221768927,312.93763291281914,1.818486985876737,172.08681466694372,1.0783731217482502,80,0.9859301840396084,1.0000000000000002,0.0,0.6383561643835617,0.09530821917808219,232468,1242,18056,7619,OPTIMAL,2.4813399115554425e6,0.0,2.4813399115554043e6,0.0,0.0,1344360,2885295,OPTIMAL,2.446744843203302e6,0.0,2.446744843210775e6,0.0,0.0,6053205,13003230,0.0,0.0,0.00913325,8.391038875,0.851400125,5.527098542,20.19118475,0.766387292
nrel/118bus_80_24_convex_hull_with_null_dirac_0.01,932178,80,24,convex_hull_with_null,dirac,unscaled,0.01,134.92088997258702,314.20572507729713,1.8405114737624466,170.71652611596346,1.0783575648447965,80,1.0,1.0,0.0,0.0,0.0125,0,0,18358,7682,OPTIMAL,2.5769821413813974e6,0.0,2.576982141382735e6,0.0,0.0,1344360,2885295,OPTIMAL,2.4598001327375183e6,0.0,2.4598001327449996e6,0.0,0.0,6053205,13003230,0.0,0.0,0.009124417,8.379578,1.208E-03,5.428046792,12.51877875,0.766387292
nrel/118bus_80_24_convex_hull_with_null_convex_0.01,932178,80,24,convex_hull_with_null,convex,unscaled,0.01,82.32066897628242,314.20572507729713,1.8405114737624466,170.71652611596346,1.0783575648447965,80,1.0,1.0000000000000002,0.0,0.0,0.10061643835616438,235267,1409,18358,7682,OPTIMAL,2.5084744895798485e6,0.0,2.508474489579767e6,0.0,0.0,1344360,2885295,OPTIMAL,2.444622464360566e6,0.0,2.444622464368302e6,0.0,0.0,6053205,13003230,0.0,0.0,0.009028459,8.283575292,0.800228625,5.464847125,21.085754708,0.766387292
nrel/118bus_80_24_convex_hull_with_null_conical_0.01,932178,80,24,convex_hull_with_null,conical,unscaled,0.01,80.79531721643787,314.20572507729713,1.8405114737624466,170.71652611596346,1.0783575648447965,80,0.9999224624198207,1.0996450157211937,0.4054794520547945,0.37534246575342467,0.10136986301369863,243561,1423,18358,7682,OPTIMAL,2.5009204006301495e6,0.0,2.500920400630299e6,0.0,0.0,1344360,2885295,OPTIMAL,2.445213024946363e6,0.0,2.4452130249540037e6,0.0,0.0,6053205,13003230,0.0,0.0,0.009194583,8.931038625,0.534339541,5.459049917,21.611843292,0.766387292
nrel/118bus_80_24_convex_hull_with_null_conical_bounded_0.01,932178,80,24,convex_hull_with_null,conical_bounded,unscaled,0.01,82.12805122994183,314.20572507729713,1.8405114737624466,170.71652611596346,1.0783575648447965,80,0.9851835316529086,1.0000000000000002,0.0,0.6383561643835617,0.09767123287671232,237512,1457,18358,7682,OPTIMAL,2.4863069757020394e6,0.0,2.4863069757020464e6,0.0,0.0,1344360,2885295,OPTIMAL,2.4449417465496203e6,0.0,2.444941746557327e6,0.0,0.0,6053205,13003230,0.0,0.0,0.009115166,8.296941708,0.877103333,5.437152542,28.770871125,0.766387292
nrel/118bus_80_24_conical_hull_dirac_0.01,932178,80,24,conical_hull,dirac,unscaled,0.01,136.23005815162466,305.2028437978631,1.8558920881229988,164.4507489153302,1.0767143611662735,80,1.0,1.0,0.0,0.0,0.0125,0,0,17038,8637,OPTIMAL,2.393988932990297e6,0.0,2.393988932991028e6,0.0,0.0,1344360,2885295,OPTIMAL,2.457816791973316e6,0.0,2.4578167919802917e6,0.0,0.0,6053205,13003230,0.0,0.0,0.009177208,5.112065959,8.75e-7,5.461130958,14.785409041,0.766387292
nrel/118bus_80_24_conical_hull_convex_0.01,932178,80,24,conical_hull,convex,unscaled,0.01,91.43707182872522,305.2028437978631,1.8558920881229988,164.4507489153302,1.0767143611662735,80,1.0,1.0000000000000004,0.0,0.0,0.09363013698630138,220260,1298,17038,8637,OPTIMAL,2.435237291685458e6,0.0,2.4352372916854783e6,0.0,0.0,1344360,2885295,OPTIMAL,2.4461257849260243e6,0.0,2.446125784933623e6,0.0,0.0,6053205,13003230,0.0,0.0,0.009462083,5.127169292,1.020202291,5.82432425,29.010762791,0.766387292
nrel/118bus_80_24_conical_hull_conical_0.01,932178,80,24,conical_hull,conical,unscaled,0.01,84.86498780548554,305.2028437978631,1.8558920881229988,164.4507489153302,1.0767143611662735,80,1.0400341434973666,1.1726449308061857,0.6821917808219178,0.09863013698630137,0.1048972602739726,230204,1341,17038,8637,OPTIMAL,2.478737357445332e6,0.0,2.478737357445279e6,0.0,0.0,1344360,2885295,OPTIMAL,2.4463039955189317e6,0.0,2.446303995526458e6,0.0,0.0,6053205,13003230,0.0,0.0,0.009172708,5.300445583,0.500883833,5.548656625,21.067880083,0.766387292
nrel/118bus_80_24_conical_hull_conical_bounded_0.01,932178,80,24,conical_hull,conical_bounded,unscaled,0.01,92.1037765113417,305.2028437978631,1.8558920881229988,164.4507489153302,1.0767143611662735,80,0.994238088236514,1.0000000000000002,0.0,0.5095890410958904,0.09335616438356165,220005,1298,17038,8637,OPTIMAL,2.4214815189386345e6,0.0,2.421481518938604e6,0.0,0.0,1344360,2885295,OPTIMAL,2.446199662192546e6,0.0,2.446199662200151e6,0.0,0.0,6053205,13003230,0.0,0.0,0.009580333,5.296768333,0.80220675,5.463695125,21.782219,0.766387292
nrel/118bus_1_8760_k_means_dirac_0.01_economic,643543,1,8760,k_means,dirac,economic,0.01,0.0,1.0,1.0,1.0,1.0,1,1.0,1.0,0.0,0.0,1.0,0,0,0,0,OPTIMAL,2.4380117565973625e6,0.0,2.4380117566052517e6,0.0,0.0,6053205,13008705,N/A,,,,,,0,0,0.0,0.0,0.008304958,0.621488833,8.33e-7,26.823162625,74.218072834,0.766560667
nrel/118bus_10_24_k_means_dirac_0.01_economic,643543,10,24,k_means,dirac,economic,0.01,55421.58199882307,38116.41942338522,392.6126474789285,97.084033507685,1.0822542973258313,10,1.0,1.0,0.0,0.0,0.1,0,0,0,0,OPTIMAL,2.413994713877166e6,0.0,2.4139947138771447e6,0.0,0.0,182430,389445,OPTIMAL,2.460045326100308e6,0.0,2.460045326107227e6,0.0,0.0,6053205,13003230,0.0,0.0,0.008789833,0.555527291,1.792E-03,1.284106459,0.9383175,0.766560667
nrel/118bus_10_24_k_means_convex_0.01_economic,643543,10,24,k_means,convex,economic,0.01,50368.776633380156,38116.41942338522,392.6126474789285,97.084033507685,1.0822542973258313,10,1.0,1.0000000000000002,0.0,0.0,0.2586301369863014,104918,844,0,0,OPTIMAL,2.4110134032973377e6,0.0,2.411013403297349e6,0.0,0.0,182430,389445,OPTIMAL,2.456473261500559e6,0.0,2.4564732615075116e6,0.0,0.0,6053205,13003230,0.0,0.0,0.009080459,0.593926125,0.241383083,2.142683708,1.295095834,0.766560667
nrel/118bus_10_24_k_means_conical_0.01_economic,643543,10,24,k_means,conical,economic,0.01,49101.685452542486,38116.41942338522,392.6126474789285,97.084033507685,1.0822542973258313,10,1.023925013480724,1.1932068568989365,0.7342465753424657,0.26575342465753427,0.27095890410958906,127573,873,0,0,OPTIMAL,2.493480525421187e6,0.0,2.4934805254212553e6,0.0,0.0,182430,389445,OPTIMAL,2.4569971048019556e6,0.0,2.4569971048088395e6,0.0,0.0,6053205,13003230,0.0,0.0,0.009099208,0.532497459,0.065157416,1.334052541,1.240003375,0.766560667
nrel/118bus_10_24_k_means_conical_bounded_0.01_economic,643543,10,24,k_means,conical_bounded,economic,0.01,50122.25408569145,38116.41942338522,392.6126474789285,97.084033507685,1.0822542973258313,10,0.9878678194513604,1.0,0.0,0.32054794520547947,0.25397260273972605,107363,798,0,0,OPTIMAL,2.3579147596498495e6,0.0,2.3579147596498327e6,0.0,0.0,182430,389445,OPTIMAL,2.4563638572554444e6,0.0,2.4563638572623758e6,0.0,0.0,6053205,13003230,0.0,0.0,0.009474709,0.605685958,0.26051325,2.188839167,1.239528458,0.766560667
nrel/118bus_10_24_k_medoids_dirac_0.01_economic,643543,10,24,k_medoids,dirac,economic,0.01,65987.55720852161,40187.42009147053,1227.6365146534479,32.735601794000985,1.0871706884477605,10,1.0,1.0,0.0,0.0,0.1,0,0,0,0,OPTIMAL,2.4520549146839143e6,0.0,2.4520549146838756e6,0.0,0.0,182430,389445,OPTIMAL,2.469723226982103e6,0.0,2.469723226988812e6,0.0,0.0,6053205,13003230,0.0,0.0,0.00915825,0.599154542,1.542E-03,1.216075042,1.052706,0.766560667
nrel/118bus_10_24_k_medoids_convex_0.01_economic,643543,10,24,k_medoids,convex,economic,0.01,55440.54501833357,40187.42009147053,1227.6365146534479,32.735601794000985,1.0871706884477605,10,1.0,1.0000000000000004,0.0,0.0,0.3594520547945205,136237,864,0,0,OPTIMAL,2.4526565306575284e6,0.0,2.452656530657478e6,0.0,0.0,182430,389445,OPTIMAL,2.4613922478648024e6,0.0,2.4613922478716997e6,0.0,0.0,6053205,13003230,0.0,0.0,0.009112541,1.653215708,0.224084292,1.435499333,1.352249292,0.766560667
nrel/118bus_10_24_k_medoids_conical_0.01_economic,643543,10,24,k_medoids,conical,economic,0.01,53072.62914077049,40187.42009147053,1227.6365146534479,32.735601794000985,1.0871706884477605,10,0.9896642685086058,1.1454785687282847,0.5095890410958904,0.46301369863013697,0.37232876712328766,149932,845,0,0,OPTIMAL,2.396788903955877e6,0.0,2.39678890395583e6,0.0,0.0,182430,389445,OPTIMAL,2.4620921728102528e6,0.0,2.4620921728169806e6,0.0,0.0,6053205,13003230,0.0,0.0,0.009141,0.718894834,0.041754917,1.574595583,1.404196959,0.766560667
nrel/118bus_10_24_k_medoids_conical_bounded_0.01_economic,643543,10,24,k_medoids,conical_bounded,economic,0.01,53739.309902974586,40187.42009147053,1227.6365146534479,32.735601794000985,1.0871706884477605,10,0.9656697094533491,1.0,0.0,0.5178082191780822,0.3506849315068493,138041,780,0,0,OPTIMAL,2.300695869778762e6,0.0,2.3006958697787677e6,0.0,0.0,182430,389445,OPTIMAL,2.462213812160709e6,0.0,2.462213812167428e6,0.0,0.0,6053205,13003230,0.0,0.0,0.009409125,0.574340541,0.2766155,2.136391417,1.333855208,0.766560667
nrel/118bus_10_24_hierarchical_dirac_0.01_economic,643543,10,24,hierarchical,dirac,economic,0.01,66428.94427808699,39944.85347673366,1018.7217030384419,39.210761248723806,1.0987203607932814,10,1.0,1.0,0.0,0.0,0.1,0,0,0,0,OPTIMAL,2.6785640552467383e6,0.0,2.67856405524677e6,0.0,0.0,182430,389445,OPTIMAL,2.4724597218371793e6,0.0,2.472459721843722e6,0.0,0.0,6053205,13003230,0.0,0.0,0.0090075,0.570631708,1.333E-03,1.224675,1.16119125,0.766560667
nrel/118bus_10_24_hierarchical_convex_0.01_economic,643543,10,24,hierarchical,convex,economic,0.01,53392.783011816005,39944.85347673366,1018.7217030384419,39.210761248723806,1.0987203607932814,10,1.0,1.0000000000000002,0.0,0.0,0.3736986301369863,148016,916,0,0,OPTIMAL,2.6804715540637407e6,0.0,2.680471554063666e6,0.0,0.0,182430,389445,OPTIMAL,2.464440495963748e6,0.0,2.4644404959705034e6,0.0,0.0,6053205,13003230,0.0,0.0,0.009125167,0.58166725,0.062777167,1.344381375,1.2707895,0.766560667
nrel/118bus_10_24_hierarchical_conical_0.01_economic,643543,10,24,hierarchical,conical,economic,0.01,52230.38457325993,39944.85347673366,1018.7217030384419,39.210761248723806,1.0987203607932814,10,1.0007633230973627,1.11748895102077,0.6082191780821918,0.3643835616438356,0.38493150684931504,157467,898,0,0,OPTIMAL,2.673473189719581e6,0.0,2.6734731897195796e6,0.0,0.0,182430,389445,OPTIMAL,2.4636546221610378e6,0.0,2.46365462216769e6,0.0,0.0,6053205,13003230,0.0,0.0,0.009052959,0.646010542,0.118623875,1.251469959,1.474221583,0.766560667
nrel/118bus_10_24_hierarchical_conical_bounded_0.01_economic,643543,10,24,hierarchical,conical_bounded,economic,0.01,52640.35372769867,39944.85347673366,1018.7217030384419,39.210761248723806,1.0987203607932814,10,0.9782437773902645,1.0,0.0,0.46301369863013697,0.36767123287671233,150580,928,0,0,OPTIMAL,2.577531809090142e6,0.0,2.5775318090902786e6,0.0,0.0,182430,389445,OPTIMAL,2.4637885304239825e6,0.0,2.4637885304306424e6,0.0,0.0,6053205,13003230,0.0,0.0,0.0090285,0.541695583,0.095506959,1.349207292,1.316650458,0.766560667
nrel/118bus_10_24_chronological_dirac_0.01_economic,643543,10,24,chronological,dirac,economic,0.01,87836.82344047172,40984.44539058888,1085.244613149199,37.76516823396971,1.0561333948283491,10,1.0,1.0,0.0,0.0,0.1,0,0,0,0,OPTIMAL,2.369845859410735e6,0.0,2.3698458594107046e6,0.0,0.0,182430,389445,OPTIMAL,2.741033547724698e6,0.0,2.741033547728916e6,0.0,0.0,6053205,13003230,0.0,0.0,0.009216958,0.524231167,1.208E-03,1.328478167,0.795303792,0.766560667
nrel/118bus_10_24_chronological_convex_0.01_economic,643543,10,24,chronological,convex,economic,0.01,66544.73988574256,40984.44539058888,1085.244613149199,37.76516823396971,1.0561333948283491,10,1.0,1.0000000000000002,0.0,0.0,0.3665753424657534,185400,897,0,0,OPTIMAL,2.3672635758152767e6,0.0,2.367263575815256e6,0.0,0.0,182430,389445,OPTIMAL,2.457732837535272e6,0.0,2.457732837541946e6,0.0,0.0,6053205,13003230,0.0,0.0,0.009397916,0.545388334,0.075306584,1.34546025,1.297721709,0.766560667
nrel/118bus_10_24_chronological_conical_0.01_economic,643543,10,24,chronological,conical,economic,0.01,62712.359084430034,40984.44539058888,1085.244613149199,37.76516823396971,1.0561333948283491,10,0.9800195338528455,1.2059271019780702,0.5232876712328767,0.44931506849315067,0.38,199099,1261,0,0,OPTIMAL,2.2970500122420997e6,0.0,2.2970500122421277e6,0.0,0.0,182430,389445,OPTIMAL,2.4638831551853847e6,0.0,2.4638831551918094e6,0.0,0.0,6053205,13003230,0.0,0.0,0.009101833,0.566180875,0.26521,2.200219708,1.440907583,0.766560667
nrel/118bus_10_24_chronological_conical_bounded_0.01_economic,643543,10,24,chronological,conical_bounded,economic,0.01,63458.7844488384,40984.44539058888,1085.244613149199,37.76516823396971,1.0561333948283491,10,0.9509622218360337,1.0000000000000002,0.0,0.5342465753424658,0.36191780821917807,185959,918,0,0,OPTIMAL,2.190759467866173e6,0.0,2.1907594678661725e6,0.0,0.0,182430,389445,OPTIMAL,2.4623297204896235e6,0.0,2.4623297204961833e6,0.0,0.0,6053205,13003230,0.0,0.0,0.009332375,0.557465625,0.114277333,1.338221916,1.28256675,0.766560667
nrel/118bus_10_24_convex_hull_dirac_0.01_economic,643543,10,24,convex_hull,dirac,economic,0.01,85191.08964188154,36184.61840390294,2139.8275661928355,16.910062743178102,1.217087474177731,10,1.0,1.0,0.0,0.0,0.1,0,0,1351,1889,OPTIMAL,2.1023978644570964e6,0.0,2.10239786445712e6,0.0,0.0,182430,389445,OPTIMAL,2.4788386256674607e6,0.0,2.478838625673033e6,0.0,0.0,6053205,13003230,0.0,0.0,0.009171,0.916266792,7.5e-7,1.306469583,1.016334583,0.766560667
nrel/118bus_10_24_convex_hull_convex_0.01_economic,643543,10,24,convex_hull,convex,economic,0.01,54973.539600167904,36184.61840390294,2139.8275661928355,16.910062743178102,1.217087474177731,10,1.0,1.0000000000000004,0.0,0.0,0.42876712328767125,80429,358,1351,1889,OPTIMAL,2.24295094422103e6,0.0,2.242950944221113e6,0.0,0.0,182430,389445,OPTIMAL,2.46532226329243e6,0.0,2.4653222632988635e6,0.0,0.0,6053205,13003230,0.0,0.0,0.009101625,0.989182,0.042763875,2.300948292,1.53543075,0.766560667
nrel/118bus_10_24_convex_hull_conical_0.01_economic,643543,10,24,convex_hull,conical,economic,0.01,54386.97261426267,36184.61840390294,2139.8275661928355,16.910062743178102,1.217087474177731,10,1.0185717965135674,1.165977197625514,0.6520547945205479,0.32054794520547947,0.44602739726027396,88525,423,1351,1889,OPTIMAL,2.306123755882548e6,0.0,2.3061237558825607e6,0.0,0.0,182430,389445,OPTIMAL,2.4638989453164e6,0.0,2.4638989453228656e6,0.0,0.0,6053205,13003230,0.0,0.0,0.009289625,0.988939333,0.029714334,1.591529375,1.329612541,0.766560667
nrel/118bus_10_24_convex_hull_conical_bounded_0.01_economic,643543,10,24,convex_hull,conical_bounded,economic,0.01,54881.6713242185,36184.61840390294,2139.8275661928355,16.910062743178102,1.217087474177731,10,0.9882756090827501,1.0,0.0,0.4438356164383562,0.4241095890410959,81711,426,1351,1889,OPTIMAL,2.195987257225723e6,0.0,2.1959872572257644e6,0.0,0.0,182430,389445,OPTIMAL,2.4646246560928803e6,0.0,2.4646246560993576e6,0.0,0.0,6053205,13003230,0.0,0.0,0.009115375,1.867760417,0.043744708,1.467977875,1.259004375,0.766560667
nrel/118bus_10_24_convex_hull_with_null_dirac_0.01_economic,643543,10,24,convex_hull_with_null,dirac,economic,0.01,85126.36783006327,37401.24807848284,1933.1682301301041,19.347125353888988,1.2068941644250237,10,1.0,1.0,0.0,0.0,0.1,0,0,1362,2243,OPTIMAL,2.1895246388893323e6,0.0,2.189524638889352e6,0.0,0.0,182430,389445,OPTIMAL,2.482415177467333e6,0.0,2.482415177473027e6,0.0,0.0,6053205,13003230,0.0,0.0,0.009354584,1.01866875,9.59e-7,2.10228,1.03290225,0.766560667
nrel/118bus_10_24_convex_hull_with_null_convex_0.01_economic,643543,10,24,convex_hull_with_null,convex,economic,0.01,54734.46881260575,37401.24807848284,1933.1682301301041,19.347125353888988,1.2068941644250237,10,1.0,1.0000000000000002,0.0,0.0,0.42027397260273974,78074,398,1362,2243,OPTIMAL,2.4319343204325982e6,0.0,2.4319343204324944e6,0.0,0.0,182430,389445,OPTIMAL,2.4581887840299387e6,0.0,2.458188784036904e6,0.0,0.0,6053205,13003230,0.0,0.0,0.009505,2.046578125,0.036199584,1.269778083,1.270455917,0.766560667
nrel/118bus_10_24_convex_hull_with_null_conical_0.01_economic,643543,10,24,convex_hull_with_null,conical,economic,0.01,53840.49781749453,37401.24807848284,1933.1682301301041,19.347125353888988,1.2068941644250237,10,1.0047975470193107,1.1814417012718534,0.5589041095890411,0.4136986301369863,0.4326027397260274,84963,379,1362,2243,OPTIMAL,2.4301058411573097e6,0.0,2.430105841157333e6,0.0,0.0,182430,389445,OPTIMAL,2.4575054383789883e6,0.0,2.4575054383859434e6,0.0,0.0,6053205,13003230,0.0,0.0,0.00910475,1.96117125,0.2270115,1.258473917,1.313143542,0.766560667
nrel/118bus_10_24_convex_hull_with_null_conical_bounded_0.01_economic,643543,10,24,convex_hull_with_null,conical_bounded,economic,0.01,54303.00781393502,37401.24807848284,1933.1682301301041,19.347125353888988,1.2068941644250237,10,0.9796029228975214,1.0,0.0,0.5068493150684932,0.4136986301369863,79716,418,1362,2243,OPTIMAL,2.331270447077593e6,0.0,2.3312704470775975e6,0.0,0.0,182430,389445,OPTIMAL,2.45815616695214e6,0.0,2.458156166959059e6,0.0,0.0,6053205,13003230,0.0,0.0,0.009093083,2.205857375,0.053941,1.274174833,1.402635875,0.766560667
nrel/118bus_10_24_conical_hull_dirac_0.01_economic,643543,10,24,conical_hull,dirac,economic,0.01,103868.56446266788,30928.076268304805,2249.3597552391007,13.749724203195427,1.2734231175813213,10,1.0,1.0,0.0,0.0,0.1,0,0,1476,1764,OPTIMAL,2.361438024961685e6,0.0,2.361438024961733e6,0.0,0.0,182430,389445,OPTIMAL,2.5293135536533347e6,0.0,2.5293135536594605e6,0.0,0.0,6053205,13003230,0.0,0.0,0.009091834,0.78657475,7.5e-7,1.269885166,1.000287542,0.766560667
nrel/118bus_10_24_conical_hull_convex_0.01_economic,643543,10,24,conical_hull,convex,economic,0.01,74727.97775666867,30928.076268304805,2249.3597552391007,13.749724203195427,1.2734231175813213,10,1.0,1.0000000000000002,0.0,0.0,0.3734246575342466,54817,384,1476,1764,OPTIMAL,2.4430988710121377e6,0.0,2.4430988710120656e6,0.0,0.0,182430,389445,OPTIMAL,2.4554908282131883e6,0.0,2.455490828220512e6,0.0,0.0,6053205,13003230,0.0,0.0,0.0091075,1.991633,0.234699292,1.2604795,1.1499125,0.766560667
nrel/118bus_10_24_conical_hull_conical_0.01_economic,643543,10,24,conical_hull,conical,economic,0.01,71276.04026052867,30928.076268304805,2249.3597552391007,13.749724203195427,1.2734231175813213,10,1.118597804421794,1.2699618339029557,0.9342465753424658,0.038356164383561646,0.4084931506849315,65324,365,1476,1764,OPTIMAL,3.0496694768683584e6,0.0,3.0496694768683515e6,0.0,0.0,182430,389445,OPTIMAL,2.4551247575147916e6,0.0,2.4551247575220396e6,0.0,0.0,6053205,13003230,0.0,0.0,0.009448041,2.161396208,0.0249975,1.30776675,1.427093292,0.766560667
nrel/118bus_10_24_conical_hull_conical_bounded_0.01_economic,643543,10,24,conical_hull,conical_bounded,economic,0.01,74741.45827794395,30928.076268304805,2249.3597552391007,13.749724203195427,1.2734231175813213,10,0.9981613320868317,1.0000000000000002,0.0,0.12876712328767123,0.3726027397260274,54763,384,1476,1764,OPTIMAL,2.4359282063454567e6,0.0,2.435928206345427e6,0.0,0.0,182430,389445,OPTIMAL,2.4554201263830513e6,0.0,2.455420126390376e6,0.0,0.0,6053205,13003230,0.0,0.0,0.00912325,0.756012625,0.032216291,1.31002,1.408472833,0.766560667
nrel/118bus_20_24_k_means_dirac_0.01_economic,643543,20,24,k_means,dirac,economic,0.01,49852.57942719208,53457.589861268374,285.63336512856154,187.15457081565907,1.0965444192079121,20,1.0,1.0,0.0,0.0,0.05,0,0,0,0,OPTIMAL,2.418295348491717e6,0.0,2.4182953484915937e6,0.0,0.0,348420,745995,OPTIMAL,2.456235563838352e6,0.0,2.4562355638453523e6,0.0,0.0,6053205,13003230,0.0,0.0,0.009116334,0.57749175,1.25e-6,2.02005125,3.06785775,0.766560667
nrel/118bus_20_24_k_means_convex_0.01_economic,643543,20,24,k_means,convex,economic,0.01,44643.21917959059,53457.589861268374,285.63336512856154,187.15457081565907,1.0965444192079121,20,1.0,1.0000000000000002,0.0,0.0,0.15575342465753425,221287,2332,0,0,OPTIMAL,2.4090499118162645e6,0.0,2.409049911816259e6,0.0,0.0,348420,745995,OPTIMAL,2.453557775475086e6,0.0,2.4535577754822196e6,0.0,0.0,6053205,13003230,0.0,0.0,0.009072833,0.607711541,0.384411333,2.809153375,2.684132042,0.766560667
nrel/118bus_20_24_k_means_conical_0.01_economic,643543,20,24,k_means,conical,economic,0.01,43529.194582796656,53457.589861268374,285.63336512856154,187.15457081565907,1.0965444192079121,20,1.0293375927511772,1.173250721211261,0.7753424657534247,0.22465753424657534,0.16643835616438357,243496,2447,0,0,OPTIMAL,2.5255942661980195e6,0.0,2.5255942661980465e6,0.0,0.0,348420,745995,OPTIMAL,2.45306271244005e6,0.0,2.4530627124471427e6,0.0,0.0,6053205,13003230,0.0,0.0,0.009060292,0.563102875,0.127124208,1.864481417,3.116861708,0.766560667
nrel/118bus_20_24_k_means_conical_bounded_0.01_economic,643543,20,24,k_means,conical_bounded,economic,0.01,44552.94430925278,53457.589861268374,285.63336512856154,187.15457081565907,1.0965444192079121,20,0.992043666066382,1.0000000000000002,0.0,0.3150684931506849,0.1532876712328767,222992,2417,0,0,OPTIMAL,2.374563059630352e6,0.0,2.374563059630307e6,0.0,0.0,348420,745995,OPTIMAL,2.453457559185751e6,0.0,2.453457559192833e6,0.0,0.0,6053205,13003230,0.0,0.0,0.009328459,0.577801208,0.228791417,1.778143792,4.396247292,0.766560667
nrel/118bus_20_24_k_medoids_dirac_0.01_economic,643543,20,24,k_medoids,dirac,economic,0.01,61106.288977053046,55544.78426899166,774.8019423108871,71.68901010150601,1.1152425359765397,20,1.0,1.0,0.0,0.0,0.05,0,0,0,0,OPTIMAL,2.485750939174901e6,0.0,2.4857509391749296e6,0.0,0.0,348420,745995,OPTIMAL,2.4655645175101063e6,0.0,2.465564517517348e6,0.0,0.0,6053205,13003230,0.0,0.0,0.009541833,0.60582575,1.541E-03,2.907689125,2.14598825,0.766560667
nrel/118bus_20_24_k_medoids_convex_0.01_economic,643543,20,24,k_medoids,convex,economic,0.01,47265.014489864094,55544.78426899166,774.8019423108871,71.68901010150601,1.1152425359765397,20,1.0,1.0000000000000002,0.0,0.0,0.2373972602739726,246843,1363,0,0,OPTIMAL,2.472247282583564e6,0.0,2.472247282583456e6,0.0,0.0,348420,745995,OPTIMAL,2.453507326660475e6,0.0,2.453507326667849e6,0.0,0.0,6053205,13003230,0.0,0.0,0.009287417,0.631720167,0.237887625,1.910648375,2.59068475,0.766560667
nrel/118bus_20_24_k_medoids_conical_0.01_economic,643543,20,24,k_medoids,conical,economic,0.01,45925.953908920295,55544.78426899166,774.8019423108871,71.68901010150601,1.1152425359765397,20,1.0121412661081024,1.1680544511795752,0.6027397260273972,0.3424657534246575,0.25232876712328767,265114,1388,0,0,OPTIMAL,2.5167313427910223e6,0.0,2.516731342790974e6,0.0,0.0,348420,745995,OPTIMAL,2.4523519517624434e6,0.0,2.452351951769876e6,0.0,0.0,6053205,13003230,0.0,0.0,0.009223292,0.53663775,0.311390625,2.967307875,2.867575708,0.766560667
nrel/118bus_20_24_k_medoids_conical_bounded_0.01_economic,643543,20,24,k_medoids,conical_bounded,economic,0.01,46804.11758337989,55544.78426899166,774.8019423108871,71.68901010150601,1.1152425359765397,20,0.9830332906299651,1.0000000000000002,0.0,0.4986301369863014,0.23602739726027397,249846,1306,0,0,OPTIMAL,2.393380163350768e6,0.0,2.3933801633509574e6,0.0,0.0,348420,745995,OPTIMAL,2.4531551495631617e6,0.0,2.4531551495704674e6,0.0,0.0,6053205,13003230,0.0,0.0,0.008999916,0.529199584,0.216510792,1.848816208,2.629754167,0.766560667
nrel/118bus_20_24_hierarchical_dirac_0.01_economic,643543,20,24,hierarchical,dirac,economic,0.01,60350.46432764425,55351.34862601493,655.7303550546778,84.41175278731679,1.121816516165133,20,1.0,1.0,0.0,0.0,0.05,0,0,0,0,OPTIMAL,2.6033635128789786e6,0.0,2.603363512878877e6,0.0,0.0,348420,745995,OPTIMAL,2.466177217590635e6,0.0,2.466177217597433e6,0.0,0.0,6053205,13003230,0.0,0.0,0.009108625,0.588590459,1.458E-03,2.008062333,3.009252291,0.766560667
nrel/118bus_20_24_hierarchical_convex_0.01_economic,643543,20,24,hierarchical,convex,economic,0.01,46157.860787548976,55351.34862601493,655.7303550546778,84.41175278731679,1.121816516165133,20,1.0,1.0000000000000002,0.0,0.0,0.23835616438356164,244555,1396,0,0,OPTIMAL,2.6242740008394006e6,0.0,2.624274000839405e6,0.0,0.0,348420,745995,OPTIMAL,2.45520834611156e6,0.0,2.4552083461184716e6,0.0,0.0,6053205,13003230,0.0,0.0,0.009144417,0.557369125,0.246352083,1.881215042,2.756939625,0.766560667
nrel/118bus_20_24_hierarchical_conical_0.01_economic,643543,20,24,hierarchical,conical,economic,0.01,45262.49517978889,55351.34862601493,655.7303550546778,84.41175278731679,1.121816516165133,20,1.00596946881846,1.1454268279353388,0.5726027397260274,0.3726027397260274,0.2504109589041096,256481,1745,0,0,OPTIMAL,2.640991076984164e6,0.0,2.640991076984261e6,0.0,0.0,348420,745995,OPTIMAL,2.454490579465476e6,0.0,2.454490579472465e6,0.0,0.0,6053205,13003230,0.0,0.0,0.009179167,0.569440208,0.124985959,2.074218709,3.9477125,0.766560667
nrel/118bus_20_24_hierarchical_conical_bounded_0.01_economic,643543,20,24,hierarchical,conical_bounded,economic,0.01,45747.50093495981,55351.34862601493,655.7303550546778,84.41175278731679,1.121816516165133,20,0.9836850023729271,1.0,0.0,0.5013698630136987,0.23493150684931507,244946,1458,0,0,OPTIMAL,2.5480056447026213e6,0.0,2.5480056447026213e6,0.0,0.0,348420,745995,OPTIMAL,2.454689521272157e6,0.0,2.4546895212791627e6,0.0,0.0,6053205,13003230,0.0,0.0,0.009077167,0.50707975,1.314820917,2.048280792,3.088459875,0.766560667
nrel/118bus_20_24_chronological_dirac_0.01_economic,643543,20,24,chronological,dirac,economic,0.01,86474.65384938502,58674.33596870743,703.5759278605351,83.39446198383585,1.0557055564130282,20,1.0,1.0,0.0,0.0,0.05,0,0,0,0,OPTIMAL,2.4065118158631553e6,0.0,2.406511815862819e6,0.0,0.0,348420,745995,OPTIMAL,2.5242284677565196e6,0.0,2.5242284677626295e6,0.0,0.0,6053205,13003230,0.0,0.0,0.009079083,0.541041,1.875E-03,1.756819709,1.730937291,0.766560667
nrel/118bus_20_24_chronological_convex_0.01_economic,643543,20,24,chronological,convex,economic,0.01,60185.87429190513,58674.33596870743,703.5759278605351,83.39446198383585,1.0557055564130282,20,1.0,1.0000000000000002,0.0,0.0,0.22027397260273973,288770,1663,0,0,OPTIMAL,2.4863797924462124e6,0.0,2.486379792446083e6,0.0,0.0,348420,745995,OPTIMAL,2.4543908542269515e6,0.0,2.4543908542340016e6,0.0,0.0,6053205,13003230,0.0,0.0,0.0096215,0.568620791,1.258012458,2.154960834,2.44511675,0.766560667
nrel/118bus_20_24_chronological_conical_0.01_economic,643543,20,24,chronological,conical,economic,0.01,57471.352653737646,58674.33596870743,703.5759278605351,83.39446198383585,1.0557055564130282,20,0.9804618225917004,1.145887729112382,0.5068493150684932,0.4383561643835616,0.22287671232876713,304953,1680,0,0,OPTIMAL,2.3861868000104567e6,0.0,2.386186800010336e6,0.0,0.0,348420,745995,OPTIMAL,2.4572493714519367e6,0.0,2.4572493714586883e6,0.0,0.0,6053205,13003230,0.0,0.0,0.009086875,0.528330833,0.169771959,1.804671333,2.635438708,0.766560667
nrel/118bus_20_24_chronological_conical_bounded_0.01_economic,643543,20,24,chronological,conical_bounded,economic,0.01,57978.472257014786,58674.33596870743,703.5759278605351,83.39446198383585,1.0557055564130282,20,0.9573007488335171,1.0000000000000002,0.0,0.5315068493150685,0.21232876712328766,290534,1586,0,0,OPTIMAL,2.3137410548106865e6,0.0,2.3137410548106735e6,0.0,0.0,348420,745995,OPTIMAL,2.4570451847985676e6,0.0,2.4570451848053024e6,0.0,0.0,6053205,13003230,0.0,0.0,0.009075917,0.520077292,0.258472667,1.869135333,2.965588541,0.766560667
nrel/118bus_20_24_convex_hull_dirac_0.01_economic,643543,20,24,convex_hull,dirac,economic,0.01,77995.4064309558,52395.45163734364,1168.087367740754,44.85576428986117,1.2020167528743566,20,1.0,1.0,0.0,0.0,0.05,0,0,3621,3124,OPTIMAL,2.336997467408633e6,0.0,2.336997467408609e6,0.0,0.0,348420,745995,OPTIMAL,2.4759669407838653e6,0.0,2.475966940789897e6,0.0,0.0,6053205,13003230,0.0,0.0,0.009010709,2.698810584,1.042E-03,1.755463792,2.101992292,0.766560667
nrel/118bus_20_24_convex_hull_convex_0.01_economic,643543,20,24,convex_hull,convex,economic,0.01,47932.84109267957,52395.45163734364,1168.087367740754,44.85576428986117,1.2020167528743566,20,1.0,1.0000000000000002,0.0,0.0,0.2787671232876712,158145,782,3621,3124,OPTIMAL,2.3589629611245627e6,0.0,2.3589629611245417e6,0.0,0.0,348420,745995,OPTIMAL,2.4567673621015204e6,0.0,2.456767362108272e6,0.0,0.0,6053205,13003230,0.0,0.0,0.009068792,2.584258542,0.135866166,1.884939459,2.779704708,0.766560667
nrel/118bus_20_24_convex_hull_conical_0.01_economic,643543,20,24,convex_hull,conical,economic,0.01,46802.37148286195,52395.45163734364,1168.087367740754,44.85576428986117,1.2020167528743566,20,1.042725334658629,1.1683204727138852,0.7753424657534247,0.16986301369863013,0.3036986301369863,171142,793,3621,3124,OPTIMAL,2.5424292449025246e6,0.0,2.542429244902653e6,0.0,0.0,348420,745995,OPTIMAL,2.4553354588756277e6,0.0,2.4553354588824217e6,0.0,0.0,6053205,13003230,0.0,0.0,0.009369084,2.547798333,0.09397,1.946467917,2.906184667,0.766560667
nrel/118bus_20_24_convex_hull_conical_bounded_0.01_economic,643543,20,24,convex_hull,conical_bounded,economic,0.01,47921.448769190574,52395.45163734364,1168.087367740754,44.85576428986117,1.2020167528743566,20,0.9938390008388979,1.0000000000000002,0.0,0.3780821917808219,0.2775342465753425,158109,782,3621,3124,OPTIMAL,2.334381139813062e6,0.0,2.3343811398131205e6,0.0,0.0,348420,745995,OPTIMAL,2.4563445682658404e6,0.0,2.4563445682726363e6,0.0,0.0,6053205,13003230,0.0,0.0,0.009228791,2.600184542,0.16321825,1.870709083,2.917633583,0.766560667
nrel/118bus_20_24_convex_hull_with_null_dirac_0.01_economic,643543,20,24,convex_hull_with_null,dirac,economic,0.01,78073.78420758089,52389.012381554865,1158.7926137541356,45.20999854480467,1.2050464687881333,20,1.0,1.0,0.0,0.0,0.05,0,0,3772,3338,OPTIMAL,2.3710681857599244e6,0.0,2.3710681857598983e6,0.0,0.0,348420,745995,OPTIMAL,2.4781173712471086e6,0.0,2.478117371253118e6,0.0,0.0,6053205,13003230,0.0,0.0,0.009111333,2.645205916,1.75e-6,1.805666083,2.191474917,0.766560667
nrel/118bus_20_24_convex_hull_with_null_convex_0.01_economic,643543,20,24,convex_hull_with_null,convex,economic,0.01,47414.13535520784,52389.012381554865,1158.7926137541356,45.20999854480467,1.2050464687881333,20,1.0,1.0000000000000002,0.0,0.0,0.2745205479452055,156536,891,3772,3338,OPTIMAL,2.447102736675945e6,0.0,2.447102736675928e6,0.0,0.0,348420,745995,OPTIMAL,2.453636623209361e6,0.0,2.4536366232164204e6,0.0,0.0,6053205,13003230,0.0,0.0,0.009017625,2.594785042,0.136411125,1.875805875,2.745586834,0.766560667
nrel/118bus_20_24_convex_hull_with_null_conical_0.01_economic,643543,20,24,convex_hull_with_null,conical,economic,0.01,46285.05087088792,52389.012381554865,1158.7926137541356,45.20999854480467,1.2050464687881333,20,1.0369139049672675,1.1908398945897407,0.7452054794520548,0.2,0.296027397260274,170489,793,3772,3338,OPTIMAL,2.614919529168446e6,0.0,2.614919529168337e6,0.0,0.0,348420,745995,OPTIMAL,2.451242529394362e6,0.0,2.4512425294015273e6,0.0,0.0,6053205,13003230,0.0,0.0,0.00908775,2.576077041,0.096142791,1.826596833,2.873972459,0.766560667
nrel/118bus_20_24_convex_hull_with_null_conical_bounded_0.01_economic,643543,20,24,convex_hull_with_null,conical_bounded,economic,0.01,47379.01242953601,52389.012381554865,1158.7926137541356,45.20999854480467,1.2050464687881333,20,0.9922232442363785,1.0000000000000002,0.0,0.3972602739726027,0.2738356164383562,157183,891,3772,3338,OPTIMAL,2.4130430615502684e6,0.0,2.4130430615502642e6,0.0,0.0,348420,745995,OPTIMAL,2.4532745493417443e6,0.0,2.4532745493487967e6,0.0,0.0,6053205,13003230,0.0,0.0,0.009145833,2.562418666,0.163545541,1.859621625,3.020470458,0.766560667
nrel/118bus_20_24_conical_hull_dirac_0.01_economic,643543,20,24,conical_hull,dirac,economic,0.01,88442.0147090395,44171.84102793175,1356.818449186819,32.55545430886883,1.2609411605323466,20,1.0,1.0,0.0,0.0,0.05,0,0,3685,3060,OPTIMAL,1.9621903682681408e6,0.0,1.9621903682681422e6,0.0,0.0,348420,745995,OPTIMAL,2.4863446803293196e6,0.0,2.4863446803347166e6,0.0,0.0,6053205,13003230,0.0,0.0,0.009040041,2.366267125,1.042E-03,1.80957,2.372886583,0.766560667
nrel/118bus_20_24_conical_hull_convex_0.01_economic,643543,20,24,conical_hull,convex,economic,0.01,58848.544569773025,44171.84102793175,1356.818449186819,32.55545430886883,1.2609411605323466,20,1.0,1.0000000000000002,0.0,0.0,0.2263013698630137,107977,734,3685,3060,OPTIMAL,2.157659633618392e6,0.0,2.1576596336184093e6,0.0,0.0,348420,745995,OPTIMAL,2.458854384083809e6,0.0,2.4588543840908753e6,0.0,0.0,6053205,13003230,0.0,0.0,0.009109708,2.356465709,0.097023709,1.8496255,2.568367375,0.766560667
nrel/118bus_20_24_conical_hull_conical_0.01_economic,643543,20,24,conical_hull,conical,economic,0.01,54524.934497896575,44171.84102793175,1356.818449186819,32.55545430886883,1.2609411605323466,20,1.1062297416493228,1.2485417483061263,0.9123287671232877,0.03287671232876712,0.26972602739726026,131008,627,3685,3060,OPTIMAL,2.6336637636948987e6,0.0,2.633663763694858e6,0.0,0.0,348420,745995,OPTIMAL,2.4567877946233707e6,0.0,2.4567877946305103e6,0.0,0.0,6053205,13003230,0.0,0.0,0.009270667,2.409234458,0.072904792,1.872599291,2.931827375,0.766560667
nrel/118bus_20_24_conical_hull_conical_bounded_0.01_economic,643543,20,24,conical_hull,conical_bounded,economic,0.01,58906.67244225443,44171.84102793175,1356.818449186819,32.55545430886883,1.2609411605323466,20,0.9981732046266406,1.0000000000000002,0.0,0.22465753424657534,0.22602739726027396,107488,613,3685,3060,OPTIMAL,2.151491154706232e6,0.0,2.1514911547062513e6,0.0,0.0,348420,745995,OPTIMAL,2.458714445769673e6,0.0,2.4587144457767443e6,0.0,0.0,6053205,13003230,0.0,0.0,0.00901225,2.397449,0.089944792,1.922297708,2.6861895,0.766560667
nrel/118bus_40_24_k_means_dirac_0.01_economic,643543,40,24,k_means,dirac,economic,0.01,44659.98103752236,76559.06980008692,214.55237023906113,356.83161978020723,1.1062112842572016,40,1.0,1.0,0.0,0.0,25,0,0,0,0,OPTIMAL,2.4210120259419065e6,0.0,2.421012025942027e6,0.0,0.0,680400,1459095,OPTIMAL,2.454166975994272e6,0.0,2.4541669760013656e6,0.0,0.0,6053205,13003230,0.0,0.0,0.009228792,0.544782709,1.833E-03,3.958388833,5.28266025,0.766560667
nrel/118bus_40_24_k_means_convex_0.01_economic,643543,40,24,k_means,convex,economic,0.01,39105.10537491169,76559.06980008692,214.55237023906113,356.83161978020723,1.1062112842572016,40,1.0,1.0000000000000002,0.0,0.0,0.09705479452054795,392393,3678,0,0,OPTIMAL,2.4076102734659333e6,0.0,2.407610273465855e6,0.0,0.0,680400,1459095,OPTIMAL,2.4515130497664204e6,0.0,2.451513049773569e6,0.0,0.0,6053205,13003230,0.0,0.0,0.009043416,0.7243725,1.86290275,3.291388958,6.103355125,0.766560667
nrel/118bus_40_24_k_means_conical_0.01_economic,643543,40,24,k_means,conical,economic,0.01,37993.05532430112,76559.06980008692,214.55237023906113,356.83161978020723,1.1062112842572016,40,1.0299317161990436,1.178511013127219,0.8054794520547945,0.18904109589041096,0.10910958904109588,438488,3311,0,0,OPTIMAL,2.517031379631732e6,0.0,2.517031379631815e6,0.0,0.0,680400,1459095,OPTIMAL,2.450386706484495e6,0.0,2.45038670649166e6,0.0,0.0,6053205,13003230,0.0,0.0,0.009149916,0.726529208,1.678969958,3.152516167,6.165448542,0.766560667
nrel/118bus_40_24_k_means_conical_bounded_0.01_economic,643543,40,24,k_means,conical_bounded,economic,0.01,39071.93013993242,76559.06980008692,214.55237023906113,356.83161978020723,1.1062112842572016,40,0.99345986304505,1.0000000000000002,0.0,0.3863013698630137,0.09616438356164383,394168,3678,0,0,OPTIMAL,2.38097588714896e6,0.0,2.3809758871489414e6,0.0,0.0,680400,1459095,OPTIMAL,2.4513472942638975e6,0.0,2.451347294271065e6,0.0,0.0,6053205,13003230,0.0,0.0,0.00925025,0.53602175,1.808848625,3.107091291,6.617400709,0.766560667
nrel/118bus_40_24_k_medoids_dirac_0.01_economic,643543,40,24,k_medoids,dirac,economic,0.01,54203.81898179558,78764.13730366073,495.16464226604677,159.06656206955418,1.117900825146509,40,1.0,1.0,0.0,0.0,25,0,0,0,0,OPTIMAL,2.546054171299513e6,0.0,2.5460541712994436e6,0.0,0.0,680400,1459095,OPTIMAL,2.461493969061678e6,0.0,2.4614939690685794e6,0.0,0.0,6053205,13003230,0.0,0.0,0.009057458,0.539100625,1.208E-03,4.168821292,5.020646208,0.766560667
nrel/118bus_40_24_k_medoids_convex_0.01_economic,643543,40,24,k_medoids,convex,economic,0.01,39866.660717633225,78764.13730366073,495.16464226604677,159.06656206955418,1.117900825146509,40,1.0,1.0000000000000002,0.0,0.0,0.14164383561643837,405326,2511,0,0,OPTIMAL,2.5314940239144037e6,0.0,2.5314940239143516e6,0.0,0.0,680400,1459095,OPTIMAL,2.4502563476264016e6,0.0,2.4502563476336803e6,0.0,0.0,6053205,13003230,0.0,0.0,0.009534166,0.510858625,2.0579635,3.163070709,5.938154667,0.766560667
nrel/118bus_40_24_k_medoids_conical_0.01_economic,643543,40,24,k_medoids,conical,economic,0.01,39092.89174725049,78764.13730366073,495.16464226604677,159.06656206955418,1.117900825146509,40,1.0177265892958849,1.1457650838330744,0.6328767123287671,0.25753424657534246,0.14938356164383562,426443,2323,0,0,OPTIMAL,2.5994211067293347e6,0.0,2.5994211067292546e6,0.0,0.0,680400,1459095,OPTIMAL,2.448802395271102e6,0.0,2.4488023952785735e6,0.0,0.0,6053205,13003230,0.0,0.0,0.009147875,0.576934417,1.8131055,3.087448667,6.462512125,0.766560667
nrel/118bus_40_24_k_medoids_conical_bounded_0.01_economic,643543,40,24,k_medoids,conical_bounded,economic,0.01,39811.730019784016,78764.13730366073,495.16464226604677,159.06656206955418,1.117900825146509,40,0.9901504501783144,1.0000000000000002,0.0,0.4986301369863014,0.1395890410958904,406024,2511,0,0,OPTIMAL,2.492197022637858e6,0.0,2.49219702263772e6,0.0,0.0,680400,1459095,OPTIMAL,2.4500408801572947e6,0.0,2.450040880164587e6,0.0,0.0,6053205,13003230,0.0,0.0,0.009247167,0.568873292,0.70269925,4.214075792,7.538452125,0.766560667
nrel/118bus_40_24_hierarchical_dirac_0.01_economic,643543,40,24,hierarchical,dirac,economic,0.01,54259.26604595306,78028.28262662177,520.024722187804,150.04725601957497,1.123675951376084,40,1.0,1.0,0.0,0.0,25,0,0,0,0,OPTIMAL,2.530622953075284e6,0.0,2.5306229530751756e6,0.0,0.0,680400,1459095,OPTIMAL,2.520054205977153e6,0.0,2.52005420598398e6,0.0,0.0,6053205,13003230,0.0,0.0,0.009106833,0.526516167,1.083E-03,3.15383525,5.613021125,0.766560667
nrel/118bus_40_24_hierarchical_convex_0.01_economic,643543,40,24,hierarchical,convex,economic,0.01,40214.84145644581,78028.28262662177,520.024722187804,150.04725601957497,1.123675951376084,40,1.0,1.0000000000000002,0.0,0.0,0.136986301369863,394667,2205,0,0,OPTIMAL,2.4813933980516563e6,0.0,2.481393398051799e6,0.0,0.0,680400,1459095,OPTIMAL,2.4498855437986064e6,0.0,2.4498855438058386e6,0.0,0.0,6053205,13003230,0.0,0.0,0.009140792,0.57340075,1.988290125,3.17289075,6.948651666,0.766560667
nrel/118bus_40_24_hierarchical_conical_0.01_economic,643543,40,24,hierarchical,conical,economic,0.01,39246.48486847631,78028.28262662177,520.024722187804,150.04725601957497,1.123675951376084,40,1.0124046762986783,1.1538668249256605,0.6027397260273972,0.2876712328767123,0.1491095890410959,415314,2253,0,0,OPTIMAL,2.516786293649383e6,0.0,2.5167862936494797e6,0.0,0.0,680400,1459095,OPTIMAL,2.4491376575302393e6,0.0,2.4491376575374915e6,0.0,0.0,6053205,13003230,0.0,0.0,0.00903125,0.508202667,1.79238675,2.817114458,6.8317235,0.766560667
nrel/118bus_40_24_hierarchical_conical_bounded_0.01_economic,643543,40,24,hierarchical,conical_bounded,economic,0.01,39997.15892725327,78028.28262662177,520.024722187804,150.04725601957497,1.123675951376084,40,0.9859437886005081,1.0000000000000002,0.0,0.5726027397260274,0.1354109589041096,392984,2205,0,0,OPTIMAL,2.4203752290980765e6,0.0,2.4203752290980015e6,0.0,0.0,680400,1459095,OPTIMAL,2.449968357868921e6,0.0,2.449968357876072e6,0.0,0.0,6053205,13003230,0.0,0.0,0.009011208,0.543830375,0.648376166,4.102548417,6.160685292,0.766560667
nrel/118bus_40_24_chronological_dirac_0.01_economic,643543,40,24,chronological,dirac,economic,0.01,85810.10630501148,82554.5692479322,534.643631471149,154.41046032994242,1.067899554986702,40,1.0,1.0,0.0,0.0,25,0,0,0,0,OPTIMAL,2.4736493771422957e6,0.0,2.473649377142343e6,0.0,0.0,680400,1459095,OPTIMAL,2.5339207181862565e6,0.0,2.533920718192274e6,0.0,0.0,6053205,13003230,0.0,0.0,0.009068709,0.534106584,9.59e-7,4.028255083,3.92014675,0.766560667
nrel/118bus_40_24_chronological_convex_0.01_economic,643543,40,24,chronological,convex,economic,0.01,49346.602672981986,82554.5692479322,534.643631471149,154.41046032994242,1.067899554986702,40,1.0,1.0000000000000002,0.0,0.0,0.12787671232876713,428708,2625,0,0,OPTIMAL,2.411816616915844e6,0.0,2.411816616915683e6,0.0,0.0,680400,1459095,OPTIMAL,2.4508227945867893e6,0.0,2.4508227945939205e6,0.0,0.0,6053205,13003230,0.0,0.0,0.009050625,0.557945041,2.018221459,3.327315959,6.815595375,0.766560667
nrel/118bus_40_24_chronological_conical_0.01_economic,643543,40,24,chronological,conical,economic,0.01,47757.24768330185,82554.5692479322,534.643631471149,154.41046032994242,1.067899554986702,40,0.9911995038157946,1.1308947241866234,0.4876712328767123,0.40273972602739727,0.13219178082191782,447592,2790,0,0,OPTIMAL,2.3590611710492214e6,0.0,2.3590611710493113e6,0.0,0.0,680400,1459095,OPTIMAL,2.4517340070464015e6,0.0,2.4517340070533226e6,0.0,0.0,6053205,13003230,0.0,0.0,0.009143916,0.5180415,0.44577475,4.225026833,7.286056042,0.766560667
nrel/118bus_40_24_chronological_conical_bounded_0.01_economic,643543,40,24,chronological,conical_bounded,economic,0.01,48179.21846014036,82554.5692479322,534.643631471149,154.41046032994242,1.067899554986702,40,0.9722346360839693,1.0000000000000002,0.0,0.5534246575342465,0.1258219178082192,434035,2625,0,0,OPTIMAL,2.2861829821590786e6,0.0,2.286182982159112e6,0.0,0.0,680400,1459095,OPTIMAL,2.4521309923662823e6,0.0,2.4521309923731154e6,0.0,0.0,6053205,13003230,0.0,0.0,0.009420458,0.562576375,2.0443905,3.111837167,6.194652167,0.766560667
nrel/118bus_40_24_convex_hull_dirac_0.01_economic,643543,40,24,convex_hull,dirac,economic,0.01,66884.38279773497,73729.6318190305,662.043545613291,111.36674061330856,1.1883298645522324,40,1.0,1.0,0.0,0.0,25,0,0,9119,4336,OPTIMAL,2.2855137111252793e6,0.0,2.2855137111256546e6,0.0,0.0,680400,1459095,OPTIMAL,2.4652244303381504e6,0.0,2.4652244303446906e6,0.0,0.0,6053205,13003230,0.0,0.0,0.009088833,3.884571791,1.875E-03,3.114763459,6.072152833,0.766560667
nrel/118bus_40_24_convex_hull_convex_0.01_economic,643543,40,24,convex_hull,convex,economic,0.01,40503.08016440101,73729.6318190305,662.043545613291,111.36674061330856,1.1883298645522324,40,1.0,1.0000000000000002,0.0,0.0,155,263822,1456,9119,4336,OPTIMAL,2.316099721689797e6,0.0,2.3160997216899022e6,0.0,0.0,680400,1459095,OPTIMAL,2.455017466137161e6,0.0,2.455017466144002e6,0.0,0.0,6053205,13003230,0.0,0.0,0.008921125,3.719776625,0.397496541,3.230589542,6.908226125,0.766560667
nrel/118bus_40_24_convex_hull_conical_0.01_economic,643543,40,24,convex_hull,conical,economic,0.01,39282.04357868725,73729.6318190305,662.043545613291,111.36674061330856,1.1883298645522324,40,1.0394075086355246,1.1940728438408006,0.7506849315068493,0.13972602739726028,0.1739041095890411,291332,1598,9119,4336,OPTIMAL,2.4699914578801095e6,0.0,2.4699914578800574e6,0.0,0.0,680400,1459095,OPTIMAL,2.4540777044925815e6,0.0,2.454077704499434e6,0.0,0.0,6053205,13003230,0.0,0.0,0.009045667,3.772551166,0.278207375,3.235866875,7.789706041,0.766560667
nrel/118bus_40_24_convex_hull_conical_bounded_0.01_economic,643543,40,24,convex_hull,conical_bounded,economic,0.01,40555.568730128674,73729.6318190305,662.043545613291,111.36674061330856,1.1883298645522324,40,0.9931061404680765,1.0000000000000002,0.0,0.5041095890410959,0.15383561643835617,263087,1456,9119,4336,OPTIMAL,2.2909416462273723e6,0.0,2.2909416462273444e6,0.0,0.0,680400,1459095,OPTIMAL,2.454791832047743e6,0.0,2.4547918320546173e6,0.0,0.0,6053205,13003230,0.0,0.0,0.009051458,3.724531334,0.414653041,3.106537542,6.993483792,0.766560667
nrel/118bus_40_24_convex_hull_with_null_dirac_0.01_economic,643543,40,24,convex_hull_with_null,dirac,economic,0.01,67899.77874381216,74757.30666767874,656.5795594808591,113.85871763474857,1.1859409805470686,40,1.0,1.0,0.0,0.0,25,0,0,9193,4627,OPTIMAL,2.320209320184717e6,0.0,2.3202093201849824e6,0.0,0.0,680400,1459095,OPTIMAL,2.466722319261487e6,0.0,2.4667223192680418e6,0.0,0.0,6053205,13003230,0.0,0.0,0.009013667,4.018449458,8.33e-7,3.142339125,6.162700542,0.766560667
nrel/118bus_40_24_convex_hull_with_null_convex_0.01_economic,643543,40,24,convex_hull_with_null,convex,economic,0.01,40468.73036432199,74757.30666767874,656.5795594808591,113.85871763474857,1.1859409805470686,40,1.0,1.0000000000000002,0.0,0.0,0.1556849315068493,270710,1452,9193,4627,OPTIMAL,2.3883659802444056e6,0.0,2.388365980244321e6,0.0,0.0,680400,1459095,OPTIMAL,2.4533452113015037e6,0.0,2.4533452113086274e6,0.0,0.0,6053205,13003230,0.0,0.0,0.009012125,4.057861709,0.437371834,3.21686575,7.366225917,0.766560667
nrel/118bus_40_24_convex_hull_with_null_conical_0.01_economic,643543,40,24,convex_hull_with_null,conical,economic,0.01,39308.94046349851,74757.30666767874,656.5795594808591,113.85871763474857,1.1859409805470686,40,1.037500209883823,1.1749751644286184,0.7315068493150685,0.1589041095890411,0.17794520547945206,302207,1618,9193,4627,OPTIMAL,2.5432757609052057e6,0.0,2.5432757609053147e6,0.0,0.0,680400,1459095,OPTIMAL,2.4509755771729643e6,0.0,2.45097557718014e6,0.0,0.0,6053205,13003230,0.0,0.0,0.009355125,3.884938125,0.285463333,3.220587125,6.640754667,0.766560667
nrel/118bus_40_24_convex_hull_with_null_conical_bounded_0.01_economic,643543,40,24,convex_hull_with_null,conical_bounded,economic,0.01,40524.207128893424,74757.30666767874,656.5795594808591,113.85871763474857,1.1859409805470686,40,0.9924221798631144,1.0000000000000002,0.0,0.5123287671232877,0.15513698630136985,274266,1452,9193,4627,OPTIMAL,2.3586920720920144e6,0.0,2.3586920720920875e6,0.0,0.0,680400,1459095,OPTIMAL,2.452853477862638e6,0.0,2.4528534778697626e6,0.0,0.0,6053205,13003230,0.0,0.0,0.009041667,3.99261225,0.465293917,3.208608625,6.846136375,0.766560667
nrel/118bus_40_24_conical_hull_dirac_0.01_economic,643543,40,24,conical_hull,dirac,economic,0.01,75276.5376513367,64721.66612917619,835.764059890282,77.44011645783472,1.233118065978711,40,1.0,1.0,0.0,0.0,25,0,0,8574,4881,OPTIMAL,2.151010478987483e6,0.0,2.151010478987884e6,0.0,0.0,680400,1459095,OPTIMAL,2.4790115704572527e6,0.0,2.479011570463845e6,0.0,0.0,6053205,13003230,0.0,0.0,0.009363667,3.011547208,6.66e-7,3.078834625,5.820568958,0.766560667
nrel/118bus_40_24_conical_hull_convex_0.01_economic,643543,40,24,conical_hull,convex,economic,0.01,50402.52108536819,64721.66612917619,835.764059890282,77.44011645783472,1.233118065978711,40,1.0,1.0000000000000002,0.0,0.0,0.1352054794520548,197029,1126,8574,4881,OPTIMAL,2.192350452892289e6,0.0,2.1923504528923417e6,0.0,0.0,680400,1459095,OPTIMAL,2.4541318302562945e6,0.0,2.4541318302637096e6,0.0,0.0,6053205,13003230,0.0,0.0,0.009022875,1.52261275,0.362408208,3.184413417,7.812583541,0.766560667
nrel/118bus_40_24_conical_hull_conical_0.01_economic,643543,40,24,conical_hull,conical,economic,0.01,44757.31007945998,64721.66612917619,835.764059890282,77.44011645783472,1.233118065978711,40,1.1050431324785397,1.2687427824742543,0.8410958904109589,0.049315068493150684,0.16815068493150684,233564,1265,8574,4881,OPTIMAL,2.669661530077922e6,0.0,2.6696615300780237e6,0.0,0.0,680400,1459095,OPTIMAL,2.449132490828252e6,0.0,2.449132490835856e6,0.0,0.0,6053205,13003230,0.0,0.0,0.009155541,2.961977958,0.244429375,3.259429375,7.466111667,0.766560667
nrel/118bus_40_24_conical_hull_conical_bounded_0.01_economic,643543,40,24,conical_hull,conical_bounded,economic,0.01,50530.328942063155,64721.66612917619,835.764059890282,77.44011645783472,1.233118065978711,40,0.9968911653629235,1.0000000000000002,0.0,0.3232876712328767,0.1345205479452055,196629,1126,8574,4881,OPTIMAL,2.181147520850327e6,0.0,2.1811475208503217e6,0.0,0.0,680400,1459095,OPTIMAL,2.4537861143164528e6,0.0,2.4537861143238796e6,0.0,0.0,6053205,13003230,0.0,0.0,0.009062666,2.949678542,0.323609125,3.352085333,6.437707083,0.766560667
nrel/118bus_80_24_k_means_dirac_0.01_economic,643543,80,24,k_means,dirac,economic,0.01,38464.58927192339,109490.66011266914,156.90269674525848,697.8252278890668,1.113152700607917,80,1.0,1.0,0.0,0.0,0.0125,0,0,0,0,OPTIMAL,2.4254527066872213e6,0.0,2.4254527066875612e6,0.0,0.0,1344360,2885295,OPTIMAL,2.45002067573442e6,0.0,2.4500206757416665e6,0.0,0.0,6053205,13003230,0.0,0.0,0.009090416,0.786041708,1.459E-03,6.768502125,12.207469083,0.766560667
nrel/118bus_80_24_k_means_convex_0.01_economic,643543,80,24,k_means,convex,economic,0.01,32967.1849429719,109490.66011266914,156.90269674525848,697.8252278890668,1.113152700607917,80,1.0,1.0000000000000002,0.0,0.0,0.05804794520547945,637703,4570,0,0,OPTIMAL,2.414205003608507e6,0.0,2.41420500360819e6,0.0,0.0,1344360,2885295,OPTIMAL,2.447821590753975e6,0.0,2.447821590761304e6,0.0,0.0,6053205,13003230,0.0,0.0,0.009296291,0.559703125,2.352284333,6.866304083,21.1686495,0.766560667
nrel/118bus_80_24_k_means_conical_0.01_economic,643543,80,24,k_means,conical,economic,0.01,31890.112289691726,109490.66011266914,156.90269674525848,697.8252278890668,1.113152700607917,80,1.028230564678168,1.162833875618622,0.7917808219178082,0.1643835616438356,0.06544520547945205,672855,4170,0,0,OPTIMAL,2.524352669978844e6,0.0,2.524352669978518e6,0.0,0.0,1344360,2885295,OPTIMAL,2.4470075316328495e6,0.0,2.447007531640177e6,0.0,0.0,6053205,13003230,0.0,0.0,0.009060834,0.569192792,1.401002292,6.929222084,15.009437875,0.766560667
nrel/118bus_80_24_k_means_conical_bounded_0.01_economic,643543,80,24,k_means,conical_bounded,economic,0.01,33019.10742243484,109490.66011266914,156.90269674525848,697.8252278890668,1.113152700607917,80,0.9938027128812673,1.0000000000000002,0.0,0.4904109589041096,0.05722602739726027,635953,4570,0,0,OPTIMAL,2.3923101713439105e6,0.0,2.392310171344057e6,0.0,0.0,1344360,2885295,OPTIMAL,2.4477514206062616e6,0.0,2.4477514206135757e6,0.0,0.0,6053205,13003230,0.0,0.0,0.009141625,0.559161667,2.248301125,7.060711292,16.881089458,0.766560667
nrel/118bus_80_24_k_medoids_dirac_0.01_economic,643543,80,24,k_medoids,dirac,economic,0.01,48736.308220447325,113241.83531988462,331.8095614030343,341.2856303508831,1.1078316964306745,80,1.0,1.0,0.0,0.0,0.0125,0,0,0,0,OPTIMAL,2.456849553906185e6,0.0,2.4568495539067183e6,0.0,0.0,1344360,2885295,OPTIMAL,2.459486346378162e6,0.0,2.459486346385156e6,0.0,0.0,6053205,13003230,0.0,0.0,0.009010625,0.5502045,1.416E-03,7.093185875,10.950125166,0.766560667
nrel/118bus_80_24_k_medoids_convex_0.01_economic,643543,80,24,k_medoids,convex,economic,0.01,34608.605163334265,113241.83531988462,331.8095614030343,341.2856303508831,1.1078316964306745,80,1.0,1.0000000000000002,0.0,0.0,0.07671232876712329,617153,4016,0,0,OPTIMAL,2.4556943586488413e6,0.0,2.455694358649157e6,0.0,0.0,1344360,2885295,OPTIMAL,2.4479667011226984e6,0.0,2.447966701130043e6,0.0,0.0,6053205,13003230,0.0,0.0,0.009108875,0.563959375,3.265759167,5.46096425,19.491262042,0.766560667
nrel/118bus_80_24_k_medoids_conical_0.01_economic,643543,80,24,k_medoids,conical,economic,0.01,33694.602383941616,113241.83531988462,331.8095614030343,341.2856303508831,1.1078316964306745,80,1.019768817566941,1.1890674554547889,0.6027397260273972,0.1780821917808219,0.08417808219178083,647370,4410,0,0,OPTIMAL,2.5340947488087653e6,0.0,2.534094748809037e6,0.0,0.0,1344360,2885295,OPTIMAL,2.4464445359102436e6,0.0,2.4464445359177114e6,0.0,0.0,6053205,13003230,0.0,0.0,0.009118458,0.517633042,1.32895825,7.170486417,21.777187209,0.766560667
nrel/118bus_80_24_k_medoids_conical_bounded_0.01_economic,643543,80,24,k_medoids,conical_bounded,economic,0.01,34598.28904073175,113241.83531988462,331.8095614030343,341.2856303508831,1.1078316964306745,80,0.9910025962605039,1.0000000000000002,0.0,0.4849315068493151,0.07623287671232877,618159,4016,0,0,OPTIMAL,2.420992099382174e6,0.0,2.4209920993821397e6,0.0,0.0,1344360,2885295,OPTIMAL,2.4477376239080722e6,0.0,2.447737623915386e6,0.0,0.0,6053205,13003230,0.0,0.0,0.009048333,0.522269666,2.318929917,7.268182125,19.479312333,0.766560667
nrel/118bus_80_24_hierarchical_dirac_0.01_economic,643543,80,24,hierarchical,dirac,economic,0.01,46455.01322094191,109007.37547597772,341.6742862391715,319.0388620572773,1.1367066464230657,80,1.0,1.0,0.0,0.0,0.0125,0,0,0,0,OPTIMAL,2.4551586582101635e6,0.0,2.4551586582106547e6,0.0,0.0,1344360,2885295,OPTIMAL,2.4590350424415655e6,0.0,2.459035042448859e6,0.0,0.0,6053205,13003230,0.0,0.0,0.009104709,0.525908667,1.417E-03,6.842500208,10.822504459,0.766560667
nrel/118bus_80_24_hierarchical_convex_0.01_economic,643543,80,24,hierarchical,convex,economic,0.01,32452.365860405658,109007.37547597772,341.6742862391715,319.0388620572773,1.1367066464230657,80,1.0,1.0000000000000002,0.0,0.0,0.0776027397260274,564106,3450,0,0,OPTIMAL,2.45223090638063e6,0.0,2.452230906380426e6,0.0,0.0,1344360,2885295,OPTIMAL,2.44846563621584e6,0.0,2.4484656362232035e6,0.0,0.0,6053205,13003230,0.0,0.0,0.009112375,0.629817916,3.234961583,5.318691459,19.183843292,0.766560667
nrel/118bus_80_24_hierarchical_conical_0.01_economic,643543,80,24,hierarchical,conical,economic,0.01,31510.25313981178,109007.37547597772,341.6742862391715,319.0388620572773,1.1367066464230657,80,1.0195378277046845,1.1542076813650335,0.5753424657534246,0.2054794520547945,0.08571917808219177,586360,3434,0,0,OPTIMAL,2.5265679008500543e6,0.0,2.5265679008501614e6,0.0,0.0,1344360,2885295,OPTIMAL,2.446807233864626e6,0.0,2.4468072338721105e6,0.0,0.0,6053205,13003230,0.0,0.0,0.009345542,0.527740708,1.212079292,7.17203875,23.362120708,0.766560667
nrel/118bus_80_24_hierarchical_conical_bounded_0.01_economic,643543,80,24,hierarchical,conical_bounded,economic,0.01,32489.887730534785,109007.37547597772,341.6742862391715,319.0388620572773,1.1367066464230657,80,0.990870747519137,1.0000000000000002,0.0,0.5589041095890411,0.07684931506849316,565985,3414,0,0,OPTIMAL,2.4184930218661744e6,0.0,2.418493021866242e6,0.0,0.0,1344360,2885295,OPTIMAL,2.4482546359097986e6,0.0,2.448254635917141e6,0.0,0.0,6053205,13003230,0.0,0.0,0.009242917,0.514591375,2.081947,6.996329959,18.805698459,0.766560667
nrel/118bus_80_24_chronological_dirac_0.01_economic,643543,80,24,chronological,dirac,economic,0.01,78399.18412704954,116536.00408138063,359.1186599684791,324.50556618697937,1.0827108542378878,80,1.0,1.0,0.0,0.0,0.0125,0,0,0,0,OPTIMAL,2.393930946558188e6,0.0,2.3939309465561984e6,0.0,0.0,1344360,2885295,OPTIMAL,2.464681292951063e6,0.0,2.4646812929577176e6,0.0,0.0,6053205,13003230,0.0,0.0,0.009107417,0.52597725,7.5e-7,7.037570792,8.396002709,0.766560667
nrel/118bus_80_24_chronological_convex_0.01_economic,643543,80,24,chronological,convex,economic,0.01,41106.249848892505,116536.00408138063,359.1186599684791,324.50556618697937,1.0827108542378878,80,1.0,1.0000000000000004,0.0,0.0,0.07417808219178082,632243,4212,0,0,OPTIMAL,2.421203226872414e6,0.0,2.421203226872393e6,0.0,0.0,1344360,2885295,OPTIMAL,2.4480991436058227e6,0.0,2.448099143612948e6,0.0,0.0,6053205,13003230,0.0,0.0,0.0093985,0.544839833,2.231111875,7.150297541,20.407410792,0.766560667
nrel/118bus_80_24_chronological_conical_0.01_economic,643543,80,24,chronological,conical,economic,0.01,39458.02228309733,116536.00408138063,359.1186599684791,324.50556618697937,1.0827108542378878,80,0.9999067583611883,1.1326587778368946,0.4602739726027397,0.32054794520547947,0.07842465753424657,656854,4479,0,0,OPTIMAL,2.414473310834317e6,0.0,2.414473310834351e6,0.0,0.0,1344360,2885295,OPTIMAL,2.449437557414626e6,0.0,2.4494375574215176e6,0.0,0.0,6053205,13003230,0.0,0.0,0.008998542,0.514172667,2.860387125,5.754764583,21.735817625,0.766560667
nrel/118bus_80_24_chronological_conical_bounded_0.01_economic,643543,80,24,chronological,conical_bounded,economic,0.01,40050.92166518618,116536.00408138063,359.1186599684791,324.50556618697937,1.0827108542378878,80,0.9786806859646158,1.0000000000000002,0.0,0.5287671232876713,0.07332191780821917,639239,4294,0,0,OPTIMAL,2.3389315998793384e6,0.0,2.3389315998790367e6,0.0,0.0,1344360,2885295,OPTIMAL,2.449751801199532e6,0.0,2.449751801206358e6,0.0,0.0,6053205,13003230,0.0,0.0,0.009118459,0.515418041,2.315151209,6.84489475,23.398164709,0.766560667
nrel/118bus_80_24_convex_hull_dirac_0.01_economic,643543,80,24,convex_hull,dirac,economic,0.01,53614.1551076346,105207.85143561393,500.47290875682086,210.21687606817954,1.1731879421271165,80,1.0,1.0,0.0,0.0,0.0125,0,0,19583,6092,OPTIMAL,2.4631464733745563e6,0.0,2.4631464733756734e6,0.0,0.0,1344360,2885295,OPTIMAL,2.4625847654239917e6,0.0,2.462584765431142e6,0.0,0.0,6053205,13003230,0.0,0.0,0.009204,10.166283375,8.34e-7,5.459293125,15.240951208,0.766560667
nrel/118bus_80_24_convex_hull_convex_0.01_economic,643543,80,24,convex_hull,convex,economic,0.01,32097.6748852626,105207.85143561393,500.47290875682086,210.21687606817954,1.1731879421271165,80,1.0,1.0000000000000004,0.0,0.0,0.08092465753424657,421000,2284,19583,6092,OPTIMAL,2.4273538692341126e6,0.0,2.427353869234307e6,0.0,0.0,1344360,2885295,OPTIMAL,2.4497948526944653e6,0.0,2.449794852701791e6,0.0,0.0,6053205,13003230,0.0,0.0,0.009262375,9.92538325,1.609344417,5.203902542,21.43602,0.766560667
nrel/118bus_80_24_convex_hull_conical_0.01_economic,643543,80,24,convex_hull,conical,economic,0.01,30842.467333388267,105207.85143561393,500.47290875682086,210.21687606817954,1.1731879421271165,80,1.035140535559281,1.146391634626845,0.673972602739726,0.10684931506849316,0.09404109589041096,467798,2436,19583,6092,OPTIMAL,2.5669257154446617e6,0.0,2.5669257154449862e6,0.0,0.0,1344360,2885295,OPTIMAL,2.447053583446645e6,0.0,2.4470535834541596e6,0.0,0.0,6053205,13003230,0.0,0.0,0.009021,10.464325958,0.9799875,5.5866255,21.878222042,0.766560667
nrel/118bus_80_24_convex_hull_conical_bounded_0.01_economic,643543,80,24,convex_hull,conical_bounded,economic,0.01,32242.18670505042,105207.85143561393,500.47290875682086,210.21687606817954,1.1731879421271165,80,0.9945597941538139,1.0000000000000002,0.0,0.4602739726027397,0.08065068493150684,421324,2211,19583,6092,OPTIMAL,2.408037343745085e6,0.0,2.408037343744861e6,0.0,0.0,1344360,2885295,OPTIMAL,2.4496050838863547e6,0.0,2.449605083893657e6,0.0,0.0,6053205,13003230,0.0,0.0,0.009099,10.091665208,1.506050208,5.481035084,21.340602083,0.766560667
nrel/118bus_80_24_convex_hull_with_null_dirac_0.01_economic,643543,80,24,convex_hull_with_null,dirac,economic,0.01,53405.41437762038,105399.80433638021,510.2170369677559,206.5783709669443,1.1720229656521177,80,1.0,1.0,0.0,0.0,0.0125,0,0,19741,6299,OPTIMAL,2.4807020526160626e6,0.0,2.480702052617206e6,0.0,0.0,1344360,2885295,OPTIMAL,2.4614048621748313e6,0.0,2.461404862181886e6,0.0,0.0,6053205,13003230,0.0,0.0,0.009216916,10.302751834,8.75e-7,5.454346792,12.462971792,0.766560667
nrel/118bus_80_24_convex_hull_with_null_convex_0.01_economic,643543,80,24,convex_hull_with_null,convex,economic,0.01,31945.897722321057,105399.80433638021,510.2170369677559,206.5783709669443,1.1720229656521177,80,1.0,1.0000000000000002,0.0,0.0,0.08123287671232876,425099,2209,19741,6299,OPTIMAL,2.4396069762092847e6,0.0,2.4396069762092936e6,0.0,0.0,1344360,2885295,OPTIMAL,2.449302308509025e6,0.0,2.4493023085164186e6,0.0,0.0,6053205,13003230,0.0,0.0,0.009050375,9.6603415,1.370508,5.44539825,20.848040917,0.766560667
nrel/118bus_80_24_convex_hull_with_null_conical_0.01_economic,643543,80,24,convex_hull_with_null,conical,economic,0.01,30626.162785865108,105399.80433638021,510.2170369677559,206.5783709669443,1.1720229656521177,80,1.0342573731690208,1.1463916345420981,0.6684931506849315,0.11232876712328767,0.09493150684931506,470337,2445,19741,6299,OPTIMAL,2.5768365687858253e6,0.0,2.576836568785865e6,0.0,0.0,1344360,2885295,OPTIMAL,2.446979436848973e6,0.0,2.4469794368564514e6,0.0,0.0,6053205,13003230,0.0,0.0,0.009295625,10.758943334,0.989292292,5.428814208,22.647446334,0.766560667
nrel/118bus_80_24_convex_hull_with_null_conical_bounded_0.01_economic,643543,80,24,convex_hull_with_null,conical_bounded,economic,0.01,32110.4027566523,105399.80433638021,510.2170369677559,206.5783709669443,1.1720229656521177,80,0.9940690428136834,1.0000000000000002,0.0,0.4794520547945205,0.08082191780821918,425628,2209,19741,6299,OPTIMAL,2.4192703686253494e6,0.0,2.419270368625391e6,0.0,0.0,1344360,2885295,OPTIMAL,2.449152297982658e6,0.0,2.449152297990038e6,0.0,0.0,6053205,13003230,0.0,0.0,0.009111917,10.736772125,1.630669833,5.280769125,22.489283917,0.766560667
nrel/118bus_80_24_conical_hull_dirac_0.01_economic,643543,80,24,conical_hull,dirac,economic,0.01,59624.11828538425,96990.24097345192,507.29214746956467,191.19208025838978,1.2061762885149347,80,1.0,1.0,0.0,0.0,0.0125,0,0,18003,7672,OPTIMAL,2.3847011557816695e6,0.0,2.384701155782557e6,0.0,0.0,1344360,2885295,OPTIMAL,2.4579708005184643e6,0.0,2.457970800525722e6,0.0,0.0,6053205,13003230,0.0,0.0,0.009500833,5.359670208,8.75e-7,5.34629825,14.744072917,0.766560667
nrel/118bus_80_24_conical_hull_convex_0.01_economic,643543,80,24,conical_hull,convex,economic,0.01,38377.4031401199,96990.24097345192,507.29214746956467,191.19208025838978,1.2061762885149347,80,1.0,1.0000000000000002,0.0,0.0,0.07599315068493151,353948,2034,18003,7672,OPTIMAL,2.3673631384031577e6,0.0,2.367363138403431e6,0.0,0.0,1344360,2885295,OPTIMAL,2.449036332382232e6,0.0,2.449036332389628e6,0.0,0.0,6053205,13003230,0.0,0.0,0.0092935,5.356657208,1.29437625,5.322168417,24.917684958,0.766560667
nrel/118bus_80_24_conical_hull_conical_0.01_economic,643543,80,24,conical_hull,conical,economic,0.01,33375.068619304766,96990.24097345192,507.29214746956467,191.19208025838978,1.2061762885149347,80,1.0814534578694879,1.2276212966960038,0.7506849315068493,0.030136986301369864,0.09910958904109589,420127,2283,18003,7672,OPTIMAL,2.6920070130758695e6,0.0,2.692007013076024e6,0.0,0.0,1344360,2885295,OPTIMAL,2.446106317979415e6,0.0,2.4461063179871086e6,0.0,0.0,6053205,13003230,0.0,0.0,0.009322625,5.328237708,0.894254667,6.00482975,22.608316334,0.766560667
nrel/118bus_80_24_conical_hull_conical_bounded_0.01_economic,643543,80,24,conical_hull,conical_bounded,economic,0.01,38622.83017377841,96990.24097345192,507.29214746956467,191.19208025838978,1.2061762885149347,80,0.9967735727635062,1.0000000000000004,0.0,0.4191780821917808,0.07595890410958904,353463,2034,18003,7672,OPTIMAL,2.3579413228608407e6,0.0,2.3579413228611723e6,0.0,0.0,1344360,2885295,OPTIMAL,2.44895738017505e6,0.0,2.448957380182443e6,0.0,0.0,6053205,13003230,0.0,0.0,0.009140709,5.169934,1.445555416,5.887183166,25.406652042,0.766560667
nrel/118bus_10_24_k_means_dirac_0.01,643543,10,24,k_means,dirac,unscaled,0.01,119.78486723646236,115.58191035117467,1.5978861394600603,72.33425930475298,1.0308888900126576,10,1.0,1.0,0.0,0.0,0.1,0,0,0,0,OPTIMAL,2.4044741370226922e6,0.0,2.404474137022594e6,0.0,0.0,182430,389445,OPTIMAL,2.4627182930278582e6,0.0,2.4627182930345414e6,0.0,0.0,6053205,13003230,0.0,0.0,0.0091845,0.514840166,1.292E-03,1.291785417,1.177459,0.766560667
nrel/118bus_10_24_k_means_convex_0.01,643543,10,24,k_means,convex,unscaled,0.01,113.95620421217211,115.58191035117467,1.5978861394600603,72.33425930475298,1.0308888900126576,10,1.0,1.0000000000000002,0.0,0.0,0.28356164383561644,76979,649,0,0,OPTIMAL,2.3513118114950764e6,0.0,2.351311811494982e6,0.0,0.0,182430,389445,OPTIMAL,2.4581762496673753e6,0.0,2.4581762496740827e6,0.0,0.0,6053205,13003230,0.0,0.0,0.009174167,0.573817667,0.042165791,1.2933755,1.374365625,0.766560667
nrel/118bus_10_24_k_means_conical_0.01,643543,10,24,k_means,conical,unscaled,0.01,110.25507782549157,115.58191035117467,1.5978861394600603,72.33425930475298,1.0308888900126576,10,1.0050763061878505,1.1183758441171054,0.589041095890411,0.410958904109589,0.2775342465753425,80661,524,0,0,OPTIMAL,2.370033083716116e6,0.0,2.3700330837160447e6,0.0,0.0,182430,389445,OPTIMAL,2.456820578201228e6,0.0,2.45682057820805e6,0.0,0.0,6053205,13003230,0.0,0.0,0.009266958,0.525717833,0.030352833,1.3079535,1.364219417,0.766560667
nrel/118bus_10_24_k_means_conical_bounded_0.01,643543,10,24,k_means,conical_bounded,unscaled,0.01,112.46837656807665,115.58191035117467,1.5978861394600603,72.33425930475298,1.0308888900126576,10,0.9840526260881427,1.0,0.0,0.4931506849315068,0.27479452054794523,76270,602,0,0,OPTIMAL,2.3043101101314025e6,0.0,2.3043101101313164e6,0.0,0.0,182430,389445,OPTIMAL,2.4576677693386213e6,0.0,2.4576677693453487e6,0.0,0.0,6053205,13003230,0.0,0.0,0.009472792,0.692865083,1.063231834,1.377303667,1.533412625,0.766560667
nrel/118bus_10_24_k_medoids_dirac_0.01,643543,10,24,k_medoids,dirac,unscaled,0.01,142.92954542709336,120.39468030601313,2.9284095194197413,41.112651597263316,1.0379089237150192,10,1.0,1.0,0.0,0.0,0.1,0,0,0,0,OPTIMAL,2.5340400204940652e6,0.0,2.5340400204939716e6,0.0,0.0,182430,389445,OPTIMAL,2.472453072352285e6,0.0,2.4724530723585035e6,0.0,0.0,6053205,13003230,0.0,0.0,0.00935825,0.538556,1.584E-03,1.441765417,0.854474875,0.766560667
nrel/118bus_10_24_k_medoids_convex_0.01,643543,10,24,k_medoids,convex,unscaled,0.01,129.9071581600522,120.39468030601313,2.9284095194197413,41.112651597263316,1.0379089237150192,10,1.0,1.0000000000000002,0.0,0.0,0.3821917808219178,99594,532,0,0,OPTIMAL,2.481799884115488e6,0.0,2.481799884115538e6,0.0,0.0,182430,389445,OPTIMAL,2.456938805894653e6,0.0,2.4569388059013705e6,0.0,0.0,6053205,13003230,0.0,0.0,0.009906,0.652033083,0.049910125,1.264811917,1.277888459,0.766560667
nrel/118bus_10_24_k_medoids_conical_0.01,643543,10,24,k_medoids,conical,unscaled,0.01,124.08922805691634,120.39468030601313,2.9284095194197413,41.112651597263316,1.0379089237150192,10,0.9771163309480937,1.130989464763297,0.3232876712328767,0.6493150684931507,0.39424657534246577,103492,553,0,0,OPTIMAL,2.403413556794989e6,0.0,2.4034135567950155e6,0.0,0.0,182430,389445,OPTIMAL,2.453435940009247e6,0.0,2.453435940016146e6,0.0,0.0,6053205,13003230,0.0,0.0,0.009199417,0.544334375,0.032552417,2.253115416,1.022719166,0.766560667
nrel/118bus_10_24_k_medoids_conical_bounded_0.01,643543,10,24,k_medoids,conical_bounded,unscaled,0.01,125.34983554828143,120.39468030601313,2.9284095194197413,41.112651597263316,1.0379089237150192,10,0.9657897460043586,1.0000000000000002,0.0,0.7068493150684931,0.3868493150684931,102209,496,0,0,OPTIMAL,2.357888751767688e6,0.0,2.357888751767723e6,0.0,0.0,182430,389445,OPTIMAL,2.4549944995717127e6,0.0,2.454994499578473e6,0.0,0.0,6053205,13003230,0.0,0.0,0.00927275,0.50386725,0.264081667,2.188853958,1.064832167,0.766560667
nrel/118bus_10_24_hierarchical_dirac_0.01,643543,10,24,hierarchical,dirac,unscaled,0.01,147.77321079280802,119.07224931804099,3.1060894569864956,38.335099798949116,1.0373270878197993,10,1.0,1.0,0.0,0.0,0.1,0,0,0,0,OPTIMAL,2.497694813977736e6,0.0,2.4976948139777617e6,0.0,0.0,182430,389445,OPTIMAL,2.814133290771754e6,0.0,2.802044900578837e6,0.0,12088.390196655528,6053205,13003230,0.0,1208.8390196655528,0.00909975,0.528667875,1.667E-03,1.291771167,0.914822209,0.766560667
nrel/118bus_10_24_hierarchical_convex_0.01,643543,10,24,hierarchical,convex,unscaled,0.01,126.8481261984759,119.07224931804099,3.1060894569864956,38.335099798949116,1.0373270878197993,10,1.0,1.0000000000000002,0.0,0.0,0.39863013698630134,90380,416,0,0,OPTIMAL,2.4615416375152753e6,0.0,2.46154163751533e6,0.0,0.0,182430,389445,OPTIMAL,2.455205527755854e6,0.0,2.45520552776244e6,0.0,0.0,6053205,13003230,0.0,0.0,0.009542833,0.536883875,0.072280042,1.384223292,1.227534083,0.766560667
nrel/118bus_10_24_hierarchical_conical_0.01,643543,10,24,hierarchical,conical,unscaled,0.01,122.83866218596057,119.07224931804099,3.1060894569864956,38.335099798949116,1.0373270878197993,10,0.9841651172153121,1.1183725362332626,0.3726027397260274,0.6,0.4071232876712329,95314,468,0,0,OPTIMAL,2.435806003427072e6,0.0,2.435806003427097e6,0.0,0.0,182430,389445,OPTIMAL,2.455412869475596e6,0.0,2.45541286948222e6,0.0,0.0,6053205,13003230,0.0,0.0,0.00932275,0.5673085,0.03597575,1.505410959,2.268366292,0.766560667
nrel/118bus_10_24_hierarchical_conical_bounded_0.01,643543,10,24,hierarchical,conical_bounded,unscaled,0.01,123.90608214982092,119.07224931804099,3.1060894569864956,38.335099798949116,1.0373270878197993,10,0.9716507025673443,1.0,0.0,0.6465753424657534,0.40164383561643835,93592,469,0,0,OPTIMAL,2.40533621522527e6,0.0,2.4053362152252477e6,0.0,0.0,182430,389445,OPTIMAL,2.455347579763567e6,0.0,2.455347579770193e6,0.0,0.0,6053205,13003230,0.0,0.0,0.009213625,0.516455625,0.047974417,1.319181,1.369679166,0.766560667
nrel/118bus_10_24_chronological_dirac_0.01,643543,10,24,chronological,dirac,unscaled,0.01,152.63626535008515,117.94416833329127,2.680003028615046,44.00896830114467,1.0380051876932654,10,1.0,1.0,0.0,0.0,0.1,0,0,0,0,OPTIMAL,2.57890035070637e6,0.0,2.578900350706238e6,0.0,0.0,182430,389445,OPTIMAL,2.5033706971865506e6,0.0,2.503370697192773e6,0.0,0.0,6053205,13003230,0.0,0.0,0.009041917,0.559735583,1.458E-03,1.446583417,1.779400875,0.766560667
nrel/118bus_10_24_chronological_convex_0.01,643543,10,24,chronological,convex,unscaled,0.01,131.70464531310245,117.94416833329127,2.680003028615046,44.00896830114467,1.0380051876932654,10,1.0,1.0000000000000002,0.0,0.0,0.40794520547945207,102791,583,0,0,OPTIMAL,2.5297680417158967e6,0.0,2.5297680417159633e6,0.0,0.0,182430,389445,OPTIMAL,2.454857964250923e6,0.0,2.454857964258151e6,0.0,0.0,6053205,13003230,0.0,0.0,0.0093025,0.514963917,0.070324416,1.336636375,1.359512417,0.766560667
nrel/118bus_10_24_chronological_conical_0.01,643543,10,24,chronological,conical,unscaled,0.01,126.7118140015233,117.94416833329127,2.680003028615046,44.00896830114467,1.0380051876932654,10,0.9840818448943615,1.1436260865654722,0.4054794520547945,0.5671232876712329,0.4232876712328767,105754,588,0,0,OPTIMAL,2.4690541364242225e6,0.0,2.469054136424159e6,0.0,0.0,182430,389445,OPTIMAL,2.450697703182706e6,0.0,2.4506977031900496e6,0.0,0.0,6053205,13003230,0.0,0.0,0.009088292,0.524479083,0.05944775,1.366560583,1.194538292,0.766560667
nrel/118bus_10_24_chronological_conical_bounded_0.01,643543,10,24,chronological,conical_bounded,unscaled,0.01,128.0730518674303,117.94416833329127,2.680003028615046,44.00896830114467,1.0380051876932654,10,0.9700613603445091,1.0000000000000002,0.0,0.6328767123287671,0.40876712328767123,102447,590,0,0,OPTIMAL,2.412165335683695e6,0.0,2.41216533568369e6,0.0,0.0,182430,389445,OPTIMAL,2.4527829803758333e6,0.0,2.4527829803831275e6,0.0,0.0,6053205,13003230,0.0,0.0,0.009253209,0.538163792,0.08183825,1.484232958,1.249924834,0.766560667
nrel/118bus_10_24_convex_hull_dirac_0.01,643543,10,24,convex_hull,dirac,unscaled,0.01,185.00049665347092,114.47393719567482,6.304771159302685,18.156715652838344,1.079848590956713,10,1.0,1.0,0.0,0.0,0.1,0,0,860,2380,OPTIMAL,2.812917343586522e6,0.0,2.812917343586514e6,0.0,0.0,182430,389445,OPTIMAL,2.480433313333918e6,0.0,2.4804333133396613e6,0.0,0.0,6053205,13003230,0.0,0.0,0.009132958,0.860362417,9.17e-7,1.29072775,1.136373458,0.766560667
nrel/118bus_10_24_convex_hull_convex_0.01,643543,10,24,convex_hull,convex,unscaled,0.01,129.270405290503,114.47393719567482,6.304771159302685,18.156715652838344,1.079848590956713,10,1.0,1.0000000000000002,0.0,0.0,0.5167123287671233,60623,267,860,2380,OPTIMAL,2.4362486056373017e6,0.0,2.436248605637335e6,0.0,0.0,182430,389445,OPTIMAL,2.472460918212412e6,0.0,2.4724609182187608e6,0.0,0.0,6053205,13003230,0.0,0.0,0.009317834,0.815783041,0.037761709,1.3570755,1.140407416,0.766560667
nrel/118bus_10_24_convex_hull_conical_0.01,643543,10,24,convex_hull,conical,unscaled,0.01,127.49229934338254,114.47393719567482,6.304771159302685,18.156715652838344,1.079848590956713,10,0.9990266259515366,1.142660355238748,0.4904109589041096,0.4821917808219178,0.52,63907,272,860,2380,OPTIMAL,2.432858901870898e6,0.0,2.4328589018709525e6,0.0,0.0,182430,389445,OPTIMAL,2.4755789767848495e6,0.0,2.4755789767911993e6,0.0,0.0,6053205,13003230,0.0,0.0,0.0090985,2.090992833,0.22785925,1.28754875,1.082965541,0.766560667
nrel/118bus_10_24_convex_hull_conical_bounded_0.01,643543,10,24,convex_hull,conical_bounded,unscaled,0.01,128.43518868863302,114.47393719567482,6.304771159302685,18.156715652838344,1.079848590956713,10,0.9813900859511588,1.0000000000000002,0.0,0.5753424657534246,0.5120547945205479,61639,298,860,2380,OPTIMAL,2.390289970359354e6,0.0,2.3902899703593045e6,0.0,0.0,182430,389445,OPTIMAL,2.4714828298562905e6,0.0,2.4714828298626626e6,0.0,0.0,6053205,13003230,0.0,0.0,0.009026125,2.257808167,0.042995125,1.315941708,1.111808209,0.766560667
nrel/118bus_10_24_convex_hull_with_null_dirac_0.01,643543,10,24,convex_hull_with_null,dirac,unscaled,0.01,197.8103690026702,117.29102038570628,5.374511336710094,21.823569258206046,1.081865849132499,10,1.0,1.0,0.0,0.0,0.1,0,0,981,2624,OPTIMAL,3.1784221657307036e6,0.0,3.178422165730842e6,0.0,0.0,182430,389445,OPTIMAL,2.6969515739772734e6,0.0,2.6546860662438753e6,0.0,42265.50773765521,6053205,13003230,0.0,4226.550773765521,0.009295417,0.908576875,1.042E-03,1.269662375,0.988213917,0.766560667
nrel/118bus_10_24_convex_hull_with_null_convex_0.01,643543,10,24,convex_hull_with_null,convex,unscaled,0.01,132.9386485654909,117.29102038570628,5.374511336710094,21.823569258206046,1.081865849132499,10,1.0,1.0000000000000002,0.0,0.0,0.5202739726027398,64326,284,981,2624,OPTIMAL,2.850996202256577e6,0.0,2.85099620225655e6,0.0,0.0,182430,389445,OPTIMAL,2.450145828782576e6,0.0,2.450145828789878e6,0.0,0.0,6053205,13003230,0.0,0.0,0.0092725,1.0377925,0.972726708,1.396157375,1.456194792,0.766560667
nrel/118bus_10_24_convex_hull_with_null_conical_0.01,643543,10,24,convex_hull_with_null,conical,unscaled,0.01,128.80819653705728,117.29102038570628,5.374511336710094,21.823569258206046,1.081865849132499,10,0.9670615402077424,1.0664430166040018,0.2493150684931507,0.7232876712328767,0.5087671232876713,66670,295,981,2624,OPTIMAL,2.7330981860547448e6,0.0,2.7330981860547243e6,0.0,0.0,182430,389445,OPTIMAL,2.4493713710804046e6,0.0,2.449371371087736e6,0.0,0.0,6053205,13003230,0.0,0.0,0.0091915,2.059875917,0.218069833,1.26571375,1.25404725,0.766560667
nrel/118bus_10_24_convex_hull_with_null_conical_bounded_0.01,643543,10,24,convex_hull_with_null,conical_bounded,unscaled,0.01,129.2050702781056,117.29102038570628,5.374511336710094,21.823569258206046,1.081865849132499,10,0.9602981197635351,1.0000000000000002,0.0,0.7616438356164383,0.5079452054794521,66880,294,981,2624,OPTIMAL,2.7191094656716203e6,0.0,2.7191094656715887e6,0.0,0.0,182430,389445,OPTIMAL,2.449880536787382e6,0.0,2.4498805367946955e6,0.0,0.0,6053205,13003230,0.0,0.0,0.009553375,2.10047025,0.035623542,1.281879875,1.253916667,0.766560667
nrel/118bus_10_24_conical_hull_dirac_0.01,643543,10,24,conical_hull,dirac,unscaled,0.01,200.47012098065304,107.11246693196937,6.786363577851319,15.783484881587059,1.0944797798569772,10,1.0,1.0,0.0,0.0,0.1,0,0,667,2573,OPTIMAL,2.2848149594988506e6,0.0,2.284814959498885e6,0.0,0.0,182430,389445,OPTIMAL,2.4868003143142667e6,0.0,2.486800314319816e6,0.0,0.0,6053205,13003230,0.0,0.0,0.009098958,2.210901375,1.0e-6,1.2825465,0.950927708,0.766560667
nrel/118bus_10_24_conical_hull_convex_0.01,643543,10,24,conical_hull,convex,unscaled,0.01,145.84921071932237,107.11246693196937,6.786363577851319,15.783484881587059,1.0944797798569772,10,1.0,1.0000000000000002,0.0,0.0,0.5298630136986301,55191,261,667,2573,OPTIMAL,2.3893080577980634e6,0.0,2.389308057798009e6,0.0,0.0,182430,389445,OPTIMAL,2.4618860062937145e6,0.0,2.4618860063004796e6,0.0,0.0,6053205,13003230,0.0,0.0,0.009261542,2.006823958,0.2243845,1.275756125,1.208722958,0.766560667
nrel/118bus_10_24_conical_hull_conical_0.01,643543,10,24,conical_hull,conical,unscaled,0.01,138.98882844294124,107.11246693196937,6.786363577851319,15.783484881587059,1.0944797798569772,10,1.0541855298979002,1.2090114886140122,0.8054794520547945,0.16712328767123288,0.5893150684931507,59452,226,667,2573,OPTIMAL,2.5357913781270995e6,0.0,2.5357913781271297e6,0.0,0.0,182430,389445,OPTIMAL,2.4599370578045216e6,0.0,2.4599370578113473e6,0.0,0.0,6053205,13003230,0.0,0.0,0.009165667,2.171644208,0.0356135,1.306139292,1.166235792,0.766560667
nrel/118bus_10_24_conical_hull_conical_bounded_0.01,643543,10,24,conical_hull,conical_bounded,unscaled,0.01,145.8112651989449,107.11246693196937,6.786363577851319,15.783484881587059,1.0944797798569772,10,0.9939929383067272,1.0000000000000002,0.0,0.3589041095890411,0.5284931506849315,55258,261,667,2573,OPTIMAL,2.375220831864803e6,0.0,2.3752208318649074e6,0.0,0.0,182430,389445,OPTIMAL,2.4619237510894043e6,0.0,2.461923751096153e6,0.0,0.0,6053205,13003230,0.0,0.0,0.00911175,2.227424917,0.041264666,1.316268666,1.119510917,0.766560667
nrel/118bus_20_24_k_means_dirac_0.01,643543,20,24,k_means,dirac,unscaled,0.01,111.05551812716823,162.56669376709843,1.1052577326117754,147.08487348280818,1.0384543828486454,20,1.0,1.0,0.0,0.0,0.05,0,0,0,0,OPTIMAL,2.4098769723063703e6,0.0,2.409876972306313e6,0.0,0.0,348420,745995,OPTIMAL,2.4563847283801977e6,0.0,2.456384728387148e6,0.0,0.0,6053205,13003230,0.0,0.0,0.009083125,0.553629958,1.708E-03,2.818485542,2.551138584,0.766560667
nrel/118bus_20_24_k_means_convex_0.01,643543,20,24,k_means,convex,unscaled,0.01,104.82564947942092,162.56669376709843,1.1052577326117754,147.08487348280818,1.0384543828486454,20,1.0,1.0000000000000002,0.0,0.0,0.17794520547945206,141315,914,0,0,OPTIMAL,2.3959126258080276e6,0.0,2.3959126258078995e6,0.0,0.0,348420,745995,OPTIMAL,2.4514395759669915e6,0.0,2.45143957597407e6,0.0,0.0,6053205,13003230,0.0,0.0,0.00936775,0.514794292,1.216687792,2.014229833,2.740153625,0.766560667
nrel/118bus_20_24_k_means_conical_0.01,643543,20,24,k_means,conical,unscaled,0.01,101.33225694030266,162.56669376709843,1.1052577326117754,147.08487348280818,1.0384543828486454,20,1.006166435847076,1.1088395162598896,0.6164383561643836,0.3835616438356164,0.17493150684931508,142978,848,0,0,OPTIMAL,2.41066700246277e6,0.0,2.4106670024626884e6,0.0,0.0,348420,745995,OPTIMAL,2.449871844267191e6,0.0,2.4498718442743197e6,0.0,0.0,6053205,13003230,0.0,0.0,0.009204375,0.5156545,0.063327375,1.933829291,2.711597042,0.766560667
nrel/118bus_20_24_k_means_conical_bounded_0.01,643543,20,24,k_means,conical_bounded,unscaled,0.01,103.43440028642418,162.56669376709843,1.1052577326117754,147.08487348280818,1.0384543828486454,20,0.984853103877738,1.0000000000000002,0.0,0.5068493150684932,0.1728767123287671,138824,849,0,0,OPTIMAL,2.3493759089647657e6,0.0,2.349375908964702e6,0.0,0.0,348420,745995,OPTIMAL,2.4512273487407644e6,0.0,2.451227348747855e6,0.0,0.0,6053205,13003230,0.0,0.0,0.009168833,0.517263334,1.002864208,2.148827375,2.63771975,0.766560667
nrel/118bus_20_24_k_medoids_dirac_0.01,643543,20,24,k_medoids,dirac,unscaled,0.01,136.7180574210656,164.37852450020003,2.2611472257820986,72.69695782119797,1.053427908188859,20,1.0,1.0,0.0,0.0,0.05,0,0,0,0,OPTIMAL,2.459816585380384e6,0.0,2.459816585380388e6,0.0,0.0,348420,745995,OPTIMAL,2.4660337244760445e6,0.0,2.466033724482783e6,0.0,0.0,6053205,13003230,0.0,0.0,0.009161875,0.575835458,1.542E-03,1.871474791,2.394297042,0.766560667
nrel/118bus_20_24_k_medoids_convex_0.01,643543,20,24,k_medoids,convex,unscaled,0.01,111.42011364845976,164.37852450020003,2.2611472257820986,72.69695782119797,1.053427908188859,20,1.0,1.0000000000000002,0.0,0.0,0.2806849315068493,138470,674,0,0,OPTIMAL,2.4082714608792653e6,0.0,2.408271460879298e6,0.0,0.0,348420,745995,OPTIMAL,2.454132737263048e6,0.0,2.454132737269789e6,0.0,0.0,6053205,13003230,0.0,0.0,0.009106083,0.498040292,1.182483583,2.055040667,2.786160084,0.766560667
nrel/118bus_20_24_k_medoids_conical_0.01,643543,20,24,k_medoids,conical,unscaled,0.01,108.54734137798958,164.37852450020003,2.2611472257820986,72.69695782119797,1.053427908188859,20,0.9999803337280043,1.1284119522753482,0.5068493150684932,0.4383561643835616,0.2847945205479452,141206,639,0,0,OPTIMAL,2.414772993889945e6,0.0,2.41477299388997e6,0.0,0.0,348420,745995,OPTIMAL,2.4536096417268547e6,0.0,2.453609641733701e6,0.0,0.0,6053205,13003230,0.0,0.0,0.009060292,0.52399725,0.088310292,2.966144625,2.980746666,0.766560667
nrel/118bus_20_24_k_medoids_conical_bounded_0.01,643543,20,24,k_medoids,conical_bounded,unscaled,0.01,110.14566490607878,164.37852450020003,2.2611472257820986,72.69695782119797,1.053427908188859,20,0.981842608739689,1.0000000000000002,0.0,0.6054794520547945,0.27301369863013697,138912,704,0,0,OPTIMAL,2.368071188034923e6,0.0,2.3680711880348846e6,0.0,0.0,348420,745995,OPTIMAL,2.453837183931767e6,0.0,2.453837183938543e6,0.0,0.0,6053205,13003230,0.0,0.0,0.00911975,0.628040292,0.176589125,1.990193667,2.929686125,0.766560667
nrel/118bus_20_24_hierarchical_dirac_0.01,643543,20,24,hierarchical,dirac,unscaled,0.01,135.66097434039807,166.0009339813398,2.1698551529761807,76.5032328326858,1.047857964015007,20,1.0,1.0,0.0,0.0,0.05,0,0,0,0,OPTIMAL,2.448663804004733e6,0.0,2.448663804004753e6,0.0,0.0,348420,745995,OPTIMAL,2.5346584716755003e6,0.0,2.534658471681468e6,0.0,0.0,6053205,13003230,0.0,0.0,0.009137291,0.529238167,1.583E-03,2.045876042,2.76475625,0.766560667
nrel/118bus_20_24_hierarchical_convex_0.01,643543,20,24,hierarchical,convex,unscaled,0.01,111.25687323875034,166.0009339813398,2.1698551529761807,76.5032328326858,1.047857964015007,20,1.0,1.0000000000000004,0.0,0.0,0.2710958904109589,153113,763,0,0,OPTIMAL,2.3610769884457723e6,0.0,2.361076988445874e6,0.0,0.0,348420,745995,OPTIMAL,2.4524935095049883e6,0.0,2.4524935095118913e6,0.0,0.0,6053205,13003230,0.0,0.0,0.009080375,0.576780334,0.340847334,3.155781417,2.812987417,0.766560667
nrel/118bus_20_24_hierarchical_conical_0.01,643543,20,24,hierarchical,conical,unscaled,0.01,108.28373338120122,166.0009339813398,2.1698551529761807,76.5032328326858,1.047857964015007,20,0.9946933353211383,1.0897179778236954,0.4520547945205479,0.4931506849315068,0.27150684931506847,155984,798,0,0,OPTIMAL,2.3509733891223078e6,0.0,2.350973389122125e6,0.0,0.0,348420,745995,OPTIMAL,2.452206370278876e6,0.0,2.452206370285799e6,0.0,0.0,6053205,13003230,0.0,0.0,0.009220959,0.520343166,0.093095709,2.077250542,3.618757916,0.766560667
nrel/118bus_20_24_hierarchical_conical_bounded_0.01,643543,20,24,hierarchical,conical_bounded,unscaled,0.01,109.57119189668786,166.0009339813398,2.1698551529761807,76.5032328326858,1.047857964015007,20,0.9792068839241381,1.0000000000000002,0.0,0.6109589041095891,0.2654794520547945,153154,801,0,0,OPTIMAL,2.3184623425553967e6,0.0,2.3184623425553185e6,0.0,0.0,348420,745995,OPTIMAL,2.4525624950612304e6,0.0,2.452562495068102e6,0.0,0.0,6053205,13003230,0.0,0.0,0.009090416,0.547621459,0.1475015,1.9206635,3.039312,0.766560667
nrel/118bus_20_24_chronological_dirac_0.01,643543,20,24,chronological,dirac,unscaled,0.01,147.45338541388804,167.46389202952903,2.0282484015087494,82.5657704968277,1.0400913099703892,20,1.0,1.0,0.0,0.0,0.05,0,0,0,0,OPTIMAL,2.572222668923686e6,0.0,2.5722226689235102e6,0.0,0.0,348420,745995,OPTIMAL,2.4748323804511293e6,0.0,2.474832380457893e6,0.0,0.0,6053205,13003230,0.0,0.0,0.00905875,0.506238167,1.875E-03,1.782117542,1.900797833,0.766560667
nrel/118bus_20_24_chronological_convex_0.01,643543,20,24,chronological,convex,unscaled,0.01,122.77274035704068,167.46389202952903,2.0282484015087494,82.5657704968277,1.0400913099703892,20,1.0,1.0000000000000002,0.0,0.0,0.2595890410958904,172703,826,0,0,OPTIMAL,2.50431736507389e6,0.0,2.504317365073885e6,0.0,0.0,348420,745995,OPTIMAL,2.4536331847011168e6,0.0,2.4536331847082614e6,0.0,0.0,6053205,13003230,0.0,0.0,0.009264458,0.546553459,0.167603834,2.074451917,3.347344583,0.766560667
nrel/118bus_20_24_chronological_conical_0.01,643543,20,24,chronological,conical,unscaled,0.01,117.59379284672275,167.46389202952903,2.0282484015087494,82.5657704968277,1.0400913099703892,20,0.9784477247159863,1.1100261395244135,0.33424657534246577,0.6109589041095891,0.26246575342465756,174124,827,0,0,OPTIMAL,2.4231035220549535e6,0.0,2.423103522054973e6,0.0,0.0,348420,745995,OPTIMAL,2.450165350453417e6,0.0,2.45016535046067e6,0.0,0.0,6053205,13003230,0.0,0.0,0.009207958,0.535622125,0.108572459,1.934708875,2.65753025,0.766560667
nrel/118bus_20_24_chronological_conical_bounded_0.01,643543,20,24,chronological,conical_bounded,unscaled,0.01,118.66185349198277,167.46389202952903,2.0282484015087494,82.5657704968277,1.0400913099703892,20,0.9675345836574433,1.0000000000000002,0.0,0.7041095890410959,0.2589041095890411,171735,784,0,0,OPTIMAL,2.382996026043582e6,0.0,2.382996026043616e6,0.0,0.0,348420,745995,OPTIMAL,2.4518342743019336e6,0.0,2.4518342743090848e6,0.0,0.0,6053205,13003230,0.0,0.0,0.009321167,0.462142875,0.206701125,1.812092292,2.786488167,0.766560667
nrel/118bus_20_24_convex_hull_dirac_0.01,643543,20,24,convex_hull,dirac,unscaled,0.01,170.73011287711475,160.72808976023936,4.204580690522818,38.22690098979969,1.0854699808366344,20,1.0,1.0,0.0,0.0,0.05,0,0,3025,3720,OPTIMAL,2.8858975266988995e6,0.0,2.885897526698889e6,0.0,0.0,348420,745995,OPTIMAL,2.4789378250393267e6,0.0,2.4789378250454487e6,0.0,0.0,6053205,13003230,0.0,0.0,0.009138583,2.623618791,7.08e-7,1.696765167,3.352449667,0.766560667
nrel/118bus_20_24_convex_hull_convex_0.01,643543,20,24,convex_hull,convex,unscaled,0.01,113.58311358232076,160.72808976023936,4.204580690522818,38.22690098979969,1.0854699808366344,20,1.0,1.0000000000000004,0.0,0.0,0.33465753424657535,108573,464,3025,3720,OPTIMAL,2.5753542387541607e6,0.0,2.5753542387540773e6,0.0,0.0,348420,745995,OPTIMAL,2.45286108378674e6,0.0,2.4528610837937864e6,0.0,0.0,6053205,13003230,0.0,0.0,0.00914,2.595505083,0.100710541,1.882936667,2.890184959,0.766560667
nrel/118bus_20_24_convex_hull_conical_0.01,643543,20,24,convex_hull,conical,unscaled,0.01,111.67456206839421,160.72808976023936,4.204580690522818,38.22690098979969,1.0854699808366344,20,0.9955132722569352,1.1174248216257652,0.4520547945205479,0.4931506849315068,0.33013698630136984,110249,457,3025,3720,OPTIMAL,2.5624037894294574e6,0.0,2.562403789429485e6,0.0,0.0,348420,745995,OPTIMAL,2.4536496719090417e6,0.0,2.453649671915889e6,0.0,0.0,6053205,13003230,0.0,0.0,0.009492292,2.541138542,0.075413708,1.929033583,2.948076292,0.766560667
nrel/118bus_20_24_convex_hull_conical_bounded_0.01,643543,20,24,convex_hull,conical_bounded,unscaled,0.01,112.66683003026029,160.72808976023936,4.204580690522818,38.22690098979969,1.0854699808366344,20,0.9799259435948392,1.0000000000000002,0.0,0.6602739726027397,0.32602739726027397,109160,486,3025,3720,OPTIMAL,2.5359498861097735e6,0.0,2.5359498861096255e6,0.0,0.0,348420,745995,OPTIMAL,2.453161938545339e6,0.0,2.4531619385522916e6,0.0,0.0,6053205,13003230,0.0,0.0,0.009169125,2.583492958,0.108629625,1.886352209,2.725825583,0.766560667
nrel/118bus_20_24_convex_hull_with_null_dirac_0.01,643543,20,24,convex_hull_with_null,dirac,unscaled,0.01,176.40400857140196,161.10806088605378,4.159118762486404,38.73610495068916,1.085552325087417,20,1.0,1.0,0.0,0.0,0.05,0,0,3157,3953,OPTIMAL,2.796973246755836e6,0.0,2.7969732467558836e6,0.0,0.0,348420,745995,OPTIMAL,2.4989848418077435e6,0.0,2.498984841813138e6,0.0,0.0,6053205,13003230,0.0,0.0,0.009074333,2.655086334,1.042E-03,1.737312084,2.887786042,0.766560667
nrel/118bus_20_24_convex_hull_with_null_convex_0.01,643543,20,24,convex_hull_with_null,convex,unscaled,0.01,115.3982000743008,161.10806088605378,4.159118762486404,38.73610495068916,1.085552325087417,20,1.0,1.0000000000000002,0.0,0.0,0.3515068493150685,110252,658,3157,3953,OPTIMAL,2.6290885660573184e6,0.0,2.6290885660573966e6,0.0,0.0,348420,745995,OPTIMAL,2.4506427116135545e6,0.0,2.450642711620713e6,0.0,0.0,6053205,13003230,0.0,0.0,0.009174209,2.617397458,0.117830458,1.910671875,2.963213583,0.766560667
nrel/118bus_20_24_convex_hull_with_null_conical_0.01,643543,20,24,convex_hull_with_null,conical,unscaled,0.01,113.30824635689503,161.10806088605378,4.159118762486404,38.73610495068916,1.085552325087417,20,0.9875172626646748,1.0846383239906026,0.3835616438356164,0.5616438356164384,0.346027397260274,113334,545,3157,3953,OPTIMAL,2.6078299231202938e6,0.0,2.60782992312038e6,0.0,0.0,348420,745995,OPTIMAL,2.450661308195991e6,0.0,2.450661308203206e6,0.0,0.0,6053205,13003230,0.0,0.0,0.009132583,2.699003916,0.064984667,1.894872208,2.709846209,0.766560667
nrel/118bus_20_24_convex_hull_with_null_conical_bounded_0.01,643543,20,24,convex_hull_with_null,conical_bounded,unscaled,0.01,114.05011815308609,161.10806088605378,4.159118762486404,38.73610495068916,1.085552325087417,20,0.9756781659151946,1.0000000000000002,0.0,0.6575342465753424,0.3419178082191781,111412,516,3157,3953,OPTIMAL,2.5943844104042943e6,0.0,2.5943844104043744e6,0.0,0.0,348420,745995,OPTIMAL,2.4502674887249735e6,0.0,2.450267488732199e6,0.0,0.0,6053205,13003230,0.0,0.0,0.00902275,2.707953625,0.102902208,1.896083625,2.886469833,0.766560667
nrel/118bus_20_24_conical_hull_dirac_0.01,643543,20,24,conical_hull,dirac,unscaled,0.01,181.57351472623466,149.56097995343544,4.6010292129300465,32.505983559750405,1.0917436998144456,20,1.0,1.0,0.0,0.0,0.05,0,0,2627,4118,OPTIMAL,2.1854448734568367e6,0.0,2.1854448734568157e6,0.0,0.0,348420,745995,OPTIMAL,2.4850232931121597e6,0.0,2.485023293117739e6,0.0,0.0,6053205,13003230,0.0,0.0,0.009150042,2.4261845,1.792E-03,1.777451333,2.424377625,0.766560667
nrel/118bus_20_24_conical_hull_convex_0.01,643543,20,24,conical_hull,convex,unscaled,0.01,126.49479940373581,149.56097995343544,4.6010292129300465,32.505983559750405,1.0917436998144456,20,1.0,1.0000000000000002,0.0,0.0,0.3152054794520548,91665,408,2627,4118,OPTIMAL,2.2686641821339354e6,0.0,2.2686641821338516e6,0.0,0.0,348420,745995,OPTIMAL,2.461992716012823e6,0.0,2.4619927160195466e6,0.0,0.0,6053205,13003230,0.0,0.0,0.009037834,1.032541834,0.105556333,1.986236708,3.359489083,0.766560667
nrel/118bus_20_24_conical_hull_conical_0.01,643543,20,24,conical_hull,conical,unscaled,0.01,117.92791681495994,149.56097995343544,4.6010292129300465,32.505983559750405,1.0917436998144456,20,1.0558114995691095,1.2233222030420772,0.8136986301369863,0.13150684931506848,0.3589041095890411,99966,491,2627,4118,OPTIMAL,2.393815165320374e6,0.0,2.39381516532032e6,0.0,0.0,348420,745995,OPTIMAL,2.4603921296971687e6,0.0,2.4603921297039725e6,0.0,0.0,6053205,13003230,0.0,0.0,0.00919275,2.404154042,0.066298334,2.00298175,3.094258042,0.766560667
nrel/118bus_20_24_conical_hull_conical_bounded_0.01,643543,20,24,conical_hull,conical_bounded,unscaled,0.01,126.58630467310726,149.56097995343544,4.6010292129300465,32.505983559750405,1.0917436998144456,20,0.9944088149664128,1.0000000000000002,0.0,0.4,0.31465753424657533,92008,436,2627,4118,OPTIMAL,2.25650759094091e6,0.0,2.256507590940889e6,0.0,0.0,348420,745995,OPTIMAL,2.462204945316404e6,0.0,2.46220494532312e6,0.0,0.0,6053205,13003230,0.0,0.0,0.009196375,2.546496458,0.075478833,1.888266375,2.8585785,0.766560667
nrel/118bus_40_24_k_means_dirac_0.01,643543,40,24,k_means,dirac,unscaled,0.01,100.61708933329884,230.84908423739753,0.7955557339633108,290.1733648343533,1.0464085545678643,40,1.0,1.0,0.0,0.0,25,0,0,0,0,OPTIMAL,2.4133961396427904e6,0.0,2.41339613964306e6,0.0,0.0,680400,1459095,OPTIMAL,2.4537900450468976e6,0.0,2.453790045054033e6,0.0,0.0,6053205,13003230,0.0,0.0,0.009227167,0.52513075,1.459E-03,3.992147459,4.695897292,0.766560667
nrel/118bus_40_24_k_means_convex_0.01,643543,40,24,k_means,convex,unscaled,0.01,93.49735548664212,230.84908423739753,0.7955557339633108,290.1733648343533,1.0464085545678643,40,1.0,1.0000000000000002,0.0,0.0,0.10986301369863014,227833,1587,0,0,OPTIMAL,2.420818098323231e6,0.0,2.42081809832304e6,0.0,0.0,680400,1459095,OPTIMAL,2.4471257475540834e6,0.0,2.447125747561491e6,0.0,0.0,6053205,13003230,0.0,0.0,0.009074833,0.720296334,1.639616917,3.180943042,6.41646575,0.766560667
nrel/118bus_40_24_k_means_conical_0.01,643543,40,24,k_means,conical,unscaled,0.01,91.2676603842498,230.84908423739753,0.7955557339633108,290.1733648343533,1.0464085545678643,40,1.0052632282792426,1.0923016711335516,0.5698630136986301,0.41643835616438357,0.11034246575342466,232220,1513,0,0,OPTIMAL,2.4346781832645647e6,0.0,2.4346781832647184e6,0.0,0.0,680400,1459095,OPTIMAL,2.4465626276814654e6,0.0,2.4465626276889136e6,0.0,0.0,6053205,13003230,0.0,0.0,0.0093195,0.522920042,1.35509125,3.528769042,6.740918834,0.766560667
nrel/118bus_40_24_k_means_conical_bounded_0.01,643543,40,24,k_means,conical_bounded,unscaled,0.01,92.94312899163981,230.84908423739753,0.7955557339633108,290.1733648343533,1.0464085545678643,40,0.987051565263182,1.0000000000000002,0.0,0.6164383561643836,0.1065068493150685,225716,1587,0,0,OPTIMAL,2.3890837590038665e6,0.0,2.3890837590040225e6,0.0,0.0,680400,1459095,OPTIMAL,2.4470248101293016e6,0.0,2.447024810136744e6,0.0,0.0,6053205,13003230,0.0,0.0,0.009039125,0.558063417,1.640681417,3.314874,6.365543542,0.766560667
nrel/118bus_40_24_k_medoids_dirac_0.01,643543,40,24,k_medoids,dirac,unscaled,0.01,124.93268105245942,231.47673935569202,1.6372363571676876,141.38260388752406,1.057835808704045,40,1.0,1.0,0.0,0.0,25,0,0,0,0,OPTIMAL,2.5139316157007413e6,0.0,2.513931615700703e6,0.0,0.0,680400,1459095,OPTIMAL,2.463970060148927e6,0.0,2.4639700601559565e6,0.0,0.0,6053205,13003230,0.0,0.0,0.0093055,0.5755295,1.833E-03,4.222795833,4.7785085,0.766560667
nrel/118bus_40_24_k_medoids_convex_0.01,643543,40,24,k_medoids,convex,unscaled,0.01,98.12459568687576,231.47673935569202,1.6372363571676876,141.38260388752406,1.057835808704045,40,1.0,1.0000000000000002,0.0,0.0,0.16897260273972603,213585,1116,0,0,OPTIMAL,2.499508421752381e6,0.0,2.499508421752541e6,0.0,0.0,680400,1459095,OPTIMAL,2.4487899221031107e6,0.0,2.4487899221103922e6,0.0,0.0,6053205,13003230,0.0,0.0,0.009076667,0.499476417,0.401486833,4.368820959,6.986901416,0.766560667
nrel/118bus_40_24_k_medoids_conical_0.01,643543,40,24,k_medoids,conical,unscaled,0.01,95.62114291774674,231.47673935569202,1.6372363571676876,141.38260388752406,1.057835808704045,40,1.0028619074563596,1.1025500580630776,0.4904109589041096,0.4,0.17321917808219178,219315,1185,0,0,OPTIMAL,2.500101379741493e6,0.0,2.5001013797414587e6,0.0,0.0,680400,1459095,OPTIMAL,2.447941612254685e6,0.0,2.4479416122620683e6,0.0,0.0,6053205,13003230,0.0,0.0,0.009196042,0.529674166,0.23661625,3.340761166,8.343767167,0.766560667
nrel/118bus_40_24_k_medoids_conical_bounded_0.01,643543,40,24,k_medoids,conical_bounded,unscaled,0.01,97.32263570012388,231.47673935569202,1.6372363571676876,141.38260388752406,1.057835808704045,40,0.9848232490989361,1.0000000000000002,0.0,0.6383561643835617,0.16664383561643836,216207,1209,0,0,OPTIMAL,2.458051538886209e6,0.0,2.458051538886319e6,0.0,0.0,680400,1459095,OPTIMAL,2.4484419987676903e6,0.0,2.4484419987750067e6,0.0,0.0,6053205,13003230,0.0,0.0,0.009197667,0.539936459,1.590110459,3.362697542,7.29801225,0.766560667
nrel/118bus_40_24_hierarchical_dirac_0.01,643543,40,24,hierarchical,dirac,unscaled,0.01,124.97018852894111,227.60611906419746,1.7640881758824827,129.02196283376696,1.0605386397500922,40,1.0,1.0,0.0,0.0,25,0,0,0,0,OPTIMAL,2.4367230483008283e6,0.0,2.436723048300915e6,0.0,0.0,680400,1459095,OPTIMAL,2.4607326039296463e6,0.0,2.4607326039366317e6,0.0,0.0,6053205,13003230,0.0,0.0,0.009134917,0.545458,2.0e-6,4.190612458,4.394355542,0.766560667
nrel/118bus_40_24_hierarchical_convex_0.01,643543,40,24,hierarchical,convex,unscaled,0.01,96.92565642064548,227.60611906419746,1.7640881758824827,129.02196283376696,1.0605386397500922,40,1.0,1.0000000000000002,0.0,0.0,0.1645890410958904,211952,1119,0,0,OPTIMAL,2.41848802704775e6,0.0,2.418488027047612e6,0.0,0.0,680400,1459095,OPTIMAL,2.4479802597586247e6,0.0,2.4479802597657004e6,0.0,0.0,6053205,13003230,0.0,0.0,0.009229917,0.550818875,1.465605709,3.336822125,8.071064333,0.766560667
nrel/118bus_40_24_hierarchical_conical_0.01,643543,40,24,hierarchical,conical,unscaled,0.01,94.32622729557245,227.60611906419746,1.7640881758824827,129.02196283376696,1.0605386397500922,40,1.0047025608857358,1.117343217726413,0.4958904109589041,0.39452054794520547,0.17164383561643837,219513,1171,0,0,OPTIMAL,2.429842149953567e6,0.0,2.4298421499537257e6,0.0,0.0,680400,1459095,OPTIMAL,2.4471497135539996e6,0.0,2.447149713561093e6,0.0,0.0,6053205,13003230,0.0,0.0,0.009037875,0.558859417,1.325036834,3.499212667,7.001140709,0.766560667
nrel/118bus_40_24_hierarchical_conical_bounded_0.01,643543,40,24,hierarchical,conical_bounded,unscaled,0.01,96.3562706271365,227.60611906419746,1.7640881758824827,129.02196283376696,1.0605386397500922,40,0.9849932428473428,1.0000000000000002,0.0,0.6712328767123288,0.16157534246575342,214625,1110,0,0,OPTIMAL,2.3838226226309193e6,0.0,2.383822622630973e6,0.0,0.0,680400,1459095,OPTIMAL,2.448130129251051e6,0.0,2.4481301292581353e6,0.0,0.0,6053205,13003230,0.0,0.0,0.009239208,0.684992458,1.648438166,2.847290875,7.103326208,0.766560667
nrel/118bus_40_24_chronological_dirac_0.01,643543,40,24,chronological,dirac,unscaled,0.01,142.7162795268989,236.18193038719664,1.381433279789046,170.96875675621712,1.0426094081028499,40,1.0,1.0,0.0,0.0,25,0,0,0,0,OPTIMAL,2.556776104856396e6,0.0,2.5567761048562815e6,0.0,0.0,680400,1459095,OPTIMAL,2.4700497963133836e6,0.0,2.470049796320133e6,0.0,0.0,6053205,13003230,0.0,0.0,0.009052875,0.565489084,1.833E-03,4.046286875,4.033750667,0.766560667
nrel/118bus_40_24_chronological_convex_0.01,643543,40,24,chronological,convex,unscaled,0.01,110.64351402673343,236.18193038719664,1.381433279789046,170.96875675621712,1.0426094081028499,40,1.0,1.0000000000000002,0.0,0.0,0.15020547945205479,245790,1522,0,0,OPTIMAL,2.4928398124704915e6,0.0,2.4928398124705125e6,0.0,0.0,680400,1459095,OPTIMAL,2.4492632476546965e6,0.0,2.449263247661799e6,0.0,0.0,6053205,13003230,0.0,0.0,0.009126958,0.533929708,1.644196583,3.303069875,7.743430542,0.766560667
nrel/118bus_40_24_chronological_conical_0.01,643543,40,24,chronological,conical,unscaled,0.01,107.2811253519378,236.18193038719664,1.381433279789046,170.96875675621712,1.0426094081028499,40,0.9822592997710583,1.0881299856044264,0.32602739726027397,0.5643835616438356,0.15109589041095892,252210,1309,0,0,OPTIMAL,2.443803962704811e6,0.0,2.4438039627046296e6,0.0,0.0,680400,1459095,OPTIMAL,2.4482113183654216e6,0.0,2.448211318372549e6,0.0,0.0,6053205,13003230,0.0,0.0,0.009168292,0.56487325,1.338999333,3.503417292,7.046078083,0.766560667
nrel/118bus_40_24_chronological_conical_bounded_0.01,643543,40,24,chronological,conical_bounded,unscaled,0.01,108.04924273445845,236.18193038719664,1.381433279789046,170.96875675621712,1.0426094081028499,40,0.9728615802724987,1.0000000000000002,0.0,0.6876712328767123,0.14773972602739727,249727,1522,0,0,OPTIMAL,2.4172182765170005e6,0.0,2.4172182765170825e6,0.0,0.0,680400,1459095,OPTIMAL,2.4489779495179383e6,0.0,2.448977949525029e6,0.0,0.0,6053205,13003230,0.0,0.0,0.009028583,0.496317333,1.612672584,3.136490083,6.500704708,0.766560667
nrel/118bus_40_24_convex_hull_dirac_0.01,643543,40,24,convex_hull,dirac,unscaled,0.01,154.51689868754465,223.4633900790177,2.655819711056185,84.14102401181034,1.081525184110448,40,1.0,1.0,0.0,0.0,25,0,0,7734,5721,OPTIMAL,2.8193399642064697e6,0.0,2.8193399642067193e6,0.0,0.0,680400,1459095,OPTIMAL,2.4710851835109773e6,0.0,2.4710851835172637e6,0.0,0.0,6053205,13003230,0.0,0.0,0.009106958,3.90222925,8.33e-7,3.100989,5.808273709,0.766560667
nrel/118bus_40_24_convex_hull_convex_0.01,643543,40,24,convex_hull,convex,unscaled,0.01,98.6786711181127,223.4633900790177,2.655819711056185,84.14102401181034,1.081525184110448,40,1.0,1.0000000000000004,0.0,0.0,0.1934931506849315,167520,796,7734,5721,OPTIMAL,2.6236263598839347e6,0.0,2.623626359884052e6,0.0,0.0,680400,1459095,OPTIMAL,2.450877595115317e6,0.0,2.4508775951221604e6,0.0,0.0,6053205,13003230,0.0,0.0,0.009154084,3.780834583,0.262188584,3.22606225,7.02224,0.766560667
nrel/118bus_40_24_convex_hull_conical_0.01,643543,40,24,convex_hull,conical,unscaled,0.01,96.89686094546485,223.4633900790177,2.655819711056185,84.14102401181034,1.081525184110448,40,0.9973396396185954,1.1136002413186705,0.41643835616438357,0.473972602739726,0.1932876712328767,173883,855,7734,5721,OPTIMAL,2.607829227569515e6,0.0,2.607829227569705e6,0.0,0.0,680400,1459095,OPTIMAL,2.4512873297517784e6,0.0,2.4512873297585556e6,0.0,0.0,6053205,13003230,0.0,0.0,0.009451833,3.809919167,0.180954333,3.28738475,8.544958875,0.766560667
nrel/118bus_40_24_convex_hull_conical_bounded_0.01,643543,40,24,convex_hull,conical_bounded,unscaled,0.01,98.02366839543251,223.4633900790177,2.655819711056185,84.14102401181034,1.081525184110448,40,0.9816473490584627,1.0000000000000002,0.0,0.6684931506849315,0.18746575342465754,167821,788,7734,5721,OPTIMAL,2.5872640961440024e6,0.0,2.5872640961440536e6,0.0,0.0,680400,1459095,OPTIMAL,2.4515530031478615e6,0.0,2.4515530031546666e6,0.0,0.0,6053205,13003230,0.0,0.0,0.00918725,3.835496208,0.279951292,3.233316,6.612041458,0.766560667
nrel/118bus_40_24_convex_hull_with_null_dirac_0.01,643543,40,24,convex_hull_with_null,dirac,unscaled,0.01,158.0676633883084,222.09680464176,2.833833765935174,78.37326497818313,1.0815587530755182,40,1.0,1.0,0.0,0.0,25,0,0,8214,5606,OPTIMAL,2.6757005578314634e6,0.0,2.675700557831738e6,0.0,0.0,680400,1459095,OPTIMAL,2.492952515729297e6,0.0,2.49295251573459e6,0.0,0.0,6053205,13003230,0.0,0.0,0.009258291,3.71465525,9.58e-7,3.137481958,5.571323917,0.766560667
nrel/118bus_40_24_convex_hull_with_null_convex_0.01,643543,40,24,convex_hull_with_null,convex,unscaled,0.01,101.00896363677082,222.09680464176,2.833833765935174,78.37326497818313,1.0815587530755182,40,1.0,1.0000000000000002,0.0,0.0,0.198013698630137,160833,758,8214,5606,OPTIMAL,2.5999350039378637e6,0.0,2.5999350039376854e6,0.0,0.0,680400,1459095,OPTIMAL,2.454708117369532e6,0.0,2.4547081173765613e6,0.0,0.0,6053205,13003230,0.0,0.0,0.009301584,3.6659885,0.263145584,3.175868167,8.521254292,0.766560667
nrel/118bus_40_24_convex_hull_with_null_conical_0.01,643543,40,24,convex_hull_with_null,conical,unscaled,0.01,99.08961678110825,222.09680464176,2.833833765935174,78.37326497818313,1.0815587530755182,40,0.9938357539588792,1.091774598532438,0.4054794520547945,0.4849315068493151,0.19547945205479453,165233,822,8214,5606,OPTIMAL,2.5853210393270794e6,0.0,2.5853210393271786e6,0.0,0.0,680400,1459095,OPTIMAL,2.4550400729633463e6,0.0,2.455040072970299e6,0.0,0.0,6053205,13003230,0.0,0.0,0.009091084,2.440396458,0.185532667,4.134948917,7.120511667,0.766560667
nrel/118bus_40_24_convex_hull_with_null_conical_bounded_0.01,643543,40,24,convex_hull_with_null,conical_bounded,unscaled,0.01,100.11704518217658,222.09680464176,2.833833765935174,78.37326497818313,1.0815587530755182,40,0.9801692287450386,1.0000000000000002,0.0,0.6958904109589041,0.1915068493150685,160744,819,8214,5606,OPTIMAL,2.5697922856917917e6,0.0,2.5697922856918033e6,0.0,0.0,680400,1459095,OPTIMAL,2.4547922159263548e6,0.0,2.454792215933292e6,0.0,0.0,6053205,13003230,0.0,0.0,0.009069,3.745771334,0.278289958,3.202814292,6.812940875,0.766560667
nrel/118bus_40_24_conical_hull_dirac_0.01,643543,40,24,conical_hull,dirac,unscaled,0.01,167.28946114755132,211.28486434043862,3.014391875330563,70.09203616476334,1.083157177209324,40,1.0,1.0,0.0,0.0,25,0,0,7432,6023,OPTIMAL,2.2926138302900717e6,0.0,2.2926138302903636e6,0.0,0.0,680400,1459095,OPTIMAL,2.468492258355079e6,0.0,2.4684922583612003e6,0.0,0.0,6053205,13003230,0.0,0.0,0.009367083,3.020445417,1.834E-03,2.988074417,5.693129208,0.766560667
nrel/118bus_40_24_conical_hull_convex_0.01,643543,40,24,conical_hull,convex,unscaled,0.01,115.91828669719784,211.28486434043862,3.014391875330563,70.09203616476334,1.083157177209324,40,1.0,1.0000000000000002,0.0,0.0,0.18253424657534248,149306,870,7432,6023,OPTIMAL,2.3017553305150373e6,0.0,2.301755330514963e6,0.0,0.0,680400,1459095,OPTIMAL,2.458389599079435e6,0.0,2.45838959908625e6,0.0,0.0,6053205,13003230,0.0,0.0,0.009064541,2.978671583,0.230912208,3.213580875,8.053666375,0.766560667
nrel/118bus_40_24_conical_hull_conical_0.01,643543,40,24,conical_hull,conical,unscaled,0.01,105.93143195372782,211.28486434043862,3.014391875330563,70.09203616476334,1.083157177209324,40,1.0591405116981485,1.2296435530008367,0.7835616438356164,0.10684931506849316,0.2086986301369863,159009,815,7432,6023,OPTIMAL,2.4569863469864777e6,0.0,2.4569863469863785e6,0.0,0.0,680400,1459095,OPTIMAL,2.4545928722701245e6,0.0,2.4545928722771564e6,0.0,0.0,6053205,13003230,0.0,0.0,0.009093792,3.004544,0.17878,3.118121458,8.581411375,0.766560667
nrel/118bus_40_24_conical_hull_conical_bounded_0.01,643543,40,24,conical_hull,conical_bounded,unscaled,0.01,116.56245231938175,211.28486434043862,3.014391875330563,70.09203616476334,1.083157177209324,40,0.9939892668952961,1.0000000000000002,0.0,0.5232876712328767,0.1815068493150685,148435,870,7432,6023,OPTIMAL,2.286432149489644e6,0.0,2.2864321494896337e6,0.0,0.0,680400,1459095,OPTIMAL,2.45850345024791e6,0.0,2.4585034502547015e6,0.0,0.0,6053205,13003230,0.0,0.0,0.009016,3.114497291,0.27611625,3.208745792,8.336199625,0.766560667
nrel/118bus_80_24_k_means_dirac_0.01,643543,80,24,k_means,dirac,unscaled,0.01,88.544311097277,324.79808620934307,0.6202217798478267,523.6805555087622,1.0502784267615677,80,1.0,1.0,0.0,0.0,0.0125,0,0,0,0,OPTIMAL,2.4188822657525595e6,0.0,2.4188822657529335e6,0.0,0.0,1344360,2885295,OPTIMAL,2.4503583198766657e6,0.0,2.450358319883829e6,0.0,0.0,6053205,13003230,0.0,0.0,0.009404917,0.531298708,1.5e-6,7.004510292,11.165377208,0.766560667
nrel/118bus_80_24_k_means_convex_0.01,643543,80,24,k_means,convex,unscaled,0.01,81.2056377351188,324.79808620934307,0.6202217798478267,523.6805555087622,1.0502784267615677,80,1.0,1.0000000000000002,0.0,0.0,0.06315068493150684,325023,2051,0,0,OPTIMAL,2.415168852789703e6,0.0,2.4151688527899967e6,0.0,0.0,1344360,2885295,OPTIMAL,2.444908465744542e6,0.0,2.4449084657518575e6,0.0,0.0,6053205,13003230,0.0,0.0,0.009059791,0.761673375,2.464610084,5.343405666,23.834169041,0.766560667
nrel/118bus_80_24_k_means_conical_0.01,643543,80,24,k_means,conical,unscaled,0.01,79.1741304760329,324.79808620934307,0.6202217798478267,523.6805555087622,1.0502784267615677,80,1.0044700095865677,1.104925669087467,0.5342465753424658,0.410958904109589,0.06284246575342466,335516,1976,0,0,OPTIMAL,2.4250671377162393e6,0.0,2.425067137716102e6,0.0,0.0,1344360,2885295,OPTIMAL,2.444582420740231e6,0.0,2.444582420747531e6,0.0,0.0,6053205,13003230,0.0,0.0,0.009113958,0.5584825,0.749145792,7.177389333,19.600404458,0.766560667
nrel/118bus_80_24_k_means_conical_bounded_0.01,643543,80,24,k_means,conical_bounded,unscaled,0.01,80.88284252306042,324.79808620934307,0.6202217798478267,523.6805555087622,1.0502784267615677,80,0.9876673872815411,1.0000000000000002,0.0,0.6904109589041096,0.06075342465753425,321628,2051,0,0,OPTIMAL,2.387439971794791e6,0.0,2.387439971795043e6,0.0,0.0,1344360,2885295,OPTIMAL,2.44497644458748e6,0.0,2.4449764445948005e6,0.0,0.0,6053205,13003230,0.0,0.0,0.009189875,0.523752792,1.231536333,7.071082042,19.898691208,0.766560667
nrel/118bus_80_24_k_medoids_dirac_0.01,643543,80,24,k_medoids,dirac,unscaled,0.01,110.76938032235057,328.07915634170666,1.0783601465675783,304.23894780049415,1.0582486600107288,80,1.0,1.0,0.0,0.0,0.0125,0,0,0,0,OPTIMAL,2.4688383944386123e6,0.0,2.468838394438973e6,0.0,0.0,1344360,2885295,OPTIMAL,2.4516545462251347e6,0.0,2.4516545462326133e6,0.0,0.0,6053205,13003230,0.0,0.0,0.009140666,0.539180791,1.541E-03,6.825524208,10.760028958,0.766560667
nrel/118bus_80_24_k_medoids_convex_0.01,643543,80,24,k_medoids,convex,unscaled,0.01,84.2419958145964,328.07915634170666,1.0783601465675783,304.23894780049415,1.0582486600107288,80,1.0,1.0000000000000004,0.0,0.0,0.09027397260273973,307125,1825,0,0,OPTIMAL,2.4536762094269763e6,0.0,2.453676209426956e6,0.0,0.0,1344360,2885295,OPTIMAL,2.446038947581397e6,0.0,2.4460389475887413e6,0.0,0.0,6053205,13003230,0.0,0.0,0.009201167,0.50205375,1.169716083,7.305331583,19.68877575,0.766560667
nrel/118bus_80_24_k_medoids_conical_0.01,643543,80,24,k_medoids,conical,unscaled,0.01,82.58831209668497,328.07915634170666,1.0783601465675783,304.23894780049415,1.0582486600107288,80,0.9990239266948729,1.1000923845993893,0.3780821917808219,0.40273972602739727,0.09212328767123287,313935,1738,0,0,OPTIMAL,2.4508742113832207e6,0.0,2.450874211383353e6,0.0,0.0,1344360,2885295,OPTIMAL,2.4458308169910996e6,0.0,2.445830816998457e6,0.0,0.0,6053205,13003230,0.0,0.0,0.009110709,0.525844959,0.67793975,7.24824325,21.444421167,0.766560667
nrel/118bus_80_24_k_medoids_conical_bounded_0.01,643543,80,24,k_medoids,conical_bounded,unscaled,0.01,83.79200739506284,328.07915634170666,1.0783601465675783,304.23894780049415,1.0582486600107288,80,0.9856213883020302,1.0000000000000002,0.0,0.6356164383561644,0.08924657534246576,309464,1777,0,0,OPTIMAL,2.42200430104649e6,0.0,2.4220043010468394e6,0.0,0.0,1344360,2885295,OPTIMAL,2.4460300317563517e6,0.0,2.4460300317637236e6,0.0,0.0,6053205,13003230,0.0,0.0,0.009102417,0.501409458,1.244756583,7.361542917,23.4296175,0.766560667
nrel/118bus_80_24_hierarchical_dirac_0.01,643543,80,24,hierarchical,dirac,unscaled,0.01,108.06255844185605,319.8417976399709,1.1806713014094425,270.8982569985019,1.0642944574082613,80,1.0,1.0,0.0,0.0,0.0125,0,0,0,0,OPTIMAL,2.4897435255343625e6,0.0,2.4897435255350894e6,0.0,0.0,1344360,2885295,OPTIMAL,2.4507064780105646e6,0.0,2.450706478017959e6,0.0,0.0,6053205,13003230,0.0,0.0,0.009484875,0.504565542,7.09e-7,7.155939792,10.585756458,0.766560667
nrel/118bus_80_24_hierarchical_convex_0.01,643543,80,24,hierarchical,convex,unscaled,0.01,81.83596617031839,319.8417976399709,1.1806713014094425,270.8982569985019,1.0642944574082613,80,1.0,1.0000000000000004,0.0,0.0,0.08777397260273972,289896,1622,0,0,OPTIMAL,2.455514425895962e6,0.0,2.4555144258958506e6,0.0,0.0,1344360,2885295,OPTIMAL,2.4450243895184025e6,0.0,2.4450243895258037e6,0.0,0.0,6053205,13003230,0.0,0.0,0.0092635,0.558494958,1.069038667,7.319804875,19.6065715,0.766560667
nrel/118bus_80_24_hierarchical_conical_0.01,643543,80,24,hierarchical,conical,unscaled,0.01,79.76749114968827,319.8417976399709,1.1806713014094425,270.8982569985019,1.0642944574082613,80,1.004646752152505,1.1036657833082402,0.4438356164383562,0.336986301369863,0.09044520547945205,297744,2051,0,0,OPTIMAL,2.4648403049698146e6,0.0,2.4648403049697177e6,0.0,0.0,1344360,2885295,OPTIMAL,2.4450491601966405e6,0.0,2.4450491602040604e6,0.0,0.0,6053205,13003230,0.0,0.0,0.009197041,1.549882834,0.962451667,5.743184208,19.124638167,0.766560667
nrel/118bus_80_24_hierarchical_conical_bounded_0.01,643543,80,24,hierarchical,conical_bounded,unscaled,0.01,81.59059828489497,319.8417976399709,1.1806713014094425,270.8982569985019,1.0642944574082613,80,0.98842335592245,1.0000000000000002,0.0,0.5671232876712329,0.08633561643835616,290595,1767,0,0,OPTIMAL,2.4311161715790294e6,0.0,2.431116171578963e6,0.0,0.0,1344360,2885295,OPTIMAL,2.4452447442142465e6,0.0,2.445244744221656e6,0.0,0.0,6053205,13003230,0.0,0.0,0.009107834,0.614546625,1.123283292,7.25569225,18.586720166,0.766560667
nrel/118bus_80_24_chronological_dirac_0.01,643543,80,24,chronological,dirac,unscaled,0.01,131.8517226128461,333.32163157314545,0.8970184465064848,371.5883802292975,1.0467640276237251,80,1.0,1.0,0.0,0.0,0.0125,0,0,0,0,OPTIMAL,2.458319513290848e6,0.0,2.4583195132892802e6,0.0,0.0,1344360,2885295,OPTIMAL,2.4596817609100747e6,0.0,2.4596817609169725e6,0.0,0.0,6053205,13003230,0.0,0.0,0.009323625,0.503798,1.959E-03,6.981430125,8.364172625,0.766560667
nrel/118bus_80_24_chronological_convex_0.01,643543,80,24,chronological,convex,unscaled,0.01,93.06211054691975,333.32163157314545,0.8970184465064848,371.5883802292975,1.0467640276237251,80,1.0,1.0000000000000002,0.0,0.0,0.0827054794520548,322923,1909,0,0,OPTIMAL,2.4633949632260203e6,0.0,2.46339496322579e6,0.0,0.0,1344360,2885295,OPTIMAL,2.447782582011181e6,0.0,2.4477825820184974e6,0.0,0.0,6053205,13003230,0.0,0.0,0.009247083,0.498915208,1.21030175,7.405669792,20.031912459,0.766560667
nrel/118bus_80_24_chronological_conical_0.01,643543,80,24,chronological,conical,unscaled,0.01,90.11806341758617,333.32163157314545,0.8970184465064848,371.5883802292975,1.0467640276237251,80,0.9870841773401245,1.087791643229716,0.3095890410958904,0.4712328767123288,0.08157534246575343,333951,1890,0,0,OPTIMAL,2.4321935421982235e6,0.0,2.4321935421981676e6,0.0,0.0,1344360,2885295,OPTIMAL,2.447465118227334e6,0.0,2.4474651182346353e6,0.0,0.0,6053205,13003230,0.0,0.0,0.00919575,0.543787625,2.1099815,5.850350583,20.300538417,0.766560667
nrel/118bus_80_24_chronological_conical_bounded_0.01,643543,80,24,chronological,conical_bounded,unscaled,0.01,91.07490401493455,333.32163157314545,0.8970184465064848,371.5883802292975,1.0467640276237251,80,0.977531073364064,1.0000000000000002,0.0,0.6219178082191781,0.07986301369863014,325710,2285,0,0,OPTIMAL,2.410393659708519e6,0.0,2.4103936597085977e6,0.0,0.0,1344360,2885295,OPTIMAL,2.447856656353429e6,0.0,2.447856656360734e6,0.0,0.0,6053205,13003230,0.0,0.0,0.00918775,0.511704708,2.724623417,5.391424042,20.692258833,0.766560667
nrel/118bus_80_24_convex_hull_dirac_0.01,643543,80,24,convex_hull,dirac,unscaled,0.01,133.88233489149846,312.93763291281914,1.818486985876737,172.08681466694372,1.0783731217482502,80,1.0,1.0,0.0,0.0,0.0125,0,0,18056,7619,OPTIMAL,2.6437748214990958e6,0.0,2.6437748215004127e6,0.0,0.0,1344360,2885295,OPTIMAL,2.4614307326164185e6,0.0,2.4614307326230765e6,0.0,0.0,6053205,13003230,0.0,0.0,0.009153458,7.984510375,8.75e-7,5.547505208,14.495424375,0.766560667
nrel/118bus_80_24_convex_hull_convex_0.01,643543,80,24,convex_hull,convex,unscaled,0.01,82.74295703102545,312.93763291281914,1.818486985876737,172.08681466694372,1.0783731217482502,80,1.0,1.0000000000000004,0.0,0.0,0.09808219178082192,231186,1242,18056,7619,OPTIMAL,2.5058429359876807e6,0.0,2.505842935987819e6,0.0,0.0,1344360,2885295,OPTIMAL,2.4462093375023515e6,0.0,2.4462093375098463e6,0.0,0.0,6053205,13003230,0.0,0.0,0.009239459,7.950028958,1.036926584,5.287915792,26.733400791,0.766560667
nrel/118bus_80_24_convex_hull_conical_0.01,643543,80,24,convex_hull,conical,unscaled,0.01,81.50922971800361,312.93763291281914,1.818486985876737,172.08681466694372,1.0783731217482502,80,1.000107997728869,1.1056727219221523,0.40821917808219177,0.3726027397260274,0.09883561643835616,239981,1438,18056,7619,OPTIMAL,2.5005245610890645e6,0.0,2.50052456108909e6,0.0,0.0,1344360,2885295,OPTIMAL,2.4468401986066834e6,0.0,2.4468401986141633e6,0.0,0.0,6053205,13003230,0.0,0.0,0.009092333,8.194127083,0.514316583,5.566732958,19.765465167,0.766560667
nrel/118bus_80_24_convex_hull_conical_bounded_0.01,643543,80,24,convex_hull,conical_bounded,unscaled,0.01,82.65066221768927,312.93763291281914,1.818486985876737,172.08681466694372,1.0783731217482502,80,0.9859301840396084,1.0000000000000002,0.0,0.6383561643835617,0.09530821917808219,232468,1242,18056,7619,OPTIMAL,2.4813399115554425e6,0.0,2.4813399115554043e6,0.0,0.0,1344360,2885295,OPTIMAL,2.446744843203302e6,0.0,2.446744843210775e6,0.0,0.0,6053205,13003230,0.0,0.0,0.009531792,8.441413916,0.862487792,5.68233825,19.913051208,0.766560667
nrel/118bus_80_24_convex_hull_with_null_dirac_0.01,643543,80,24,convex_hull_with_null,dirac,unscaled,0.01,134.92088997258702,314.20572507729713,1.8405114737624466,170.71652611596346,1.0783575648447965,80,1.0,1.0,0.0,0.0,0.0125,0,0,18358,7682,OPTIMAL,2.5769821413813974e6,0.0,2.576982141382735e6,0.0,0.0,1344360,2885295,OPTIMAL,2.4598001327375183e6,0.0,2.4598001327449996e6,0.0,0.0,6053205,13003230,0.0,0.0,0.009407834,9.1666,8.33e-7,5.2382325,12.803202167,0.766560667
nrel/118bus_80_24_convex_hull_with_null_convex_0.01,643543,80,24,convex_hull_with_null,convex,unscaled,0.01,82.32066897628242,314.20572507729713,1.8405114737624466,170.71652611596346,1.0783575648447965,80,1.0,1.0000000000000002,0.0,0.0,0.10061643835616438,235267,1409,18358,7682,OPTIMAL,2.5084744895798485e6,0.0,2.508474489579767e6,0.0,0.0,1344360,2885295,OPTIMAL,2.444622464360566e6,0.0,2.444622464368302e6,0.0,0.0,6053205,13003230,0.0,0.0,0.009221458,8.118628209,0.814445292,5.576554041,20.7254805,0.766560667
nrel/118bus_80_24_convex_hull_with_null_conical_0.01,643543,80,24,convex_hull_with_null,conical,unscaled,0.01,80.79531721643787,314.20572507729713,1.8405114737624466,170.71652611596346,1.0783575648447965,80,0.9999224624198207,1.0996450157211937,0.4054794520547945,0.37534246575342467,0.10136986301369863,243561,1423,18358,7682,OPTIMAL,2.5009204006301495e6,0.0,2.500920400630299e6,0.0,0.0,1344360,2885295,OPTIMAL,2.445213024946363e6,0.0,2.4452130249540037e6,0.0,0.0,6053205,13003230,0.0,0.0,0.00909025,8.564505792,0.535937125,5.636500875,21.583391042,0.766560667
nrel/118bus_80_24_convex_hull_with_null_conical_bounded_0.01,643543,80,24,convex_hull_with_null,conical_bounded,unscaled,0.01,82.12805122994183,314.20572507729713,1.8405114737624466,170.71652611596346,1.0783575648447965,80,0.9851835316529086,1.0000000000000002,0.0,0.6383561643835617,0.09767123287671232,237512,1457,18358,7682,OPTIMAL,2.4863069757020394e6,0.0,2.4863069757020464e6,0.0,0.0,1344360,2885295,OPTIMAL,2.4449417465496203e6,0.0,2.444941746557327e6,0.0,0.0,6053205,13003230,0.0,0.0,0.009229375,8.479109375,1.099340792,5.656359458,28.8680565,0.766560667
nrel/118bus_80_24_conical_hull_dirac_0.01,643543,80,24,conical_hull,dirac,unscaled,0.01,136.23005815162466,305.2028437978631,1.8558920881229988,164.4507489153302,1.0767143611662735,80,1.0,1.0,0.0,0.0,0.0125,0,0,17038,8637,OPTIMAL,2.393988932990297e6,0.0,2.393988932991028e6,0.0,0.0,1344360,2885295,OPTIMAL,2.457816791973316e6,0.0,2.4578167919802917e6,0.0,0.0,6053205,13003230,0.0,0.0,0.010760167,5.399453625,4.333E-03,5.494720958,14.328124667,0.766560667
nrel/118bus_80_24_conical_hull_convex_0.01,643543,80,24,conical_hull,convex,unscaled,0.01,91.43707182872522,305.2028437978631,1.8558920881229988,164.4507489153302,1.0767143611662735,80,1.0,1.0000000000000004,0.0,0.0,0.09363013698630138,220260,1298,17038,8637,OPTIMAL,2.435237291685458e6,0.0,2.4352372916854783e6,0.0,0.0,1344360,2885295,OPTIMAL,2.4461257849260243e6,0.0,2.446125784933623e6,0.0,0.0,6053205,13003230,0.0,0.0,0.009506459,5.440317167,0.802076416,5.620420166,28.630202458,0.766560667
nrel/118bus_80_24_conical_hull_conical_0.01,643543,80,24,conical_hull,conical,unscaled,0.01,84.86498780548554,305.2028437978631,1.8558920881229988,164.4507489153302,1.0767143611662735,80,1.0400341434973666,1.1726449308061857,0.6821917808219178,0.09863013698630137,0.1048972602739726,230204,1341,17038,8637,OPTIMAL,2.478737357445332e6,0.0,2.478737357445279e6,0.0,0.0,1344360,2885295,OPTIMAL,2.4463039955189317e6,0.0,2.446303995526458e6,0.0,0.0,6053205,13003230,0.0,0.0,0.009189125,5.289038875,0.500460708,5.55572875,21.170387208,0.766560667
nrel/118bus_80_24_conical_hull_conical_bounded_0.01,643543,80,24,conical_hull,conical_bounded,unscaled,0.01,92.1037765113417,305.2028437978631,1.8558920881229988,164.4507489153302,1.0767143611662735,80,0.994238088236514,1.0000000000000002,0.0,0.5095890410958904,0.09335616438356165,220005,1298,17038,8637,OPTIMAL,2.4214815189386345e6,0.0,2.421481518938604e6,0.0,0.0,1344360,2885295,OPTIMAL,2.446199662192546e6,0.0,2.446199662200151e6,0.0,0.0,6053205,13003230,0.0,0.0,0.009258667,5.168659333,1.040752958,5.359721542,21.658169459,0.766560667
