name,seed,n_rep_periods,period_length,clustering_type,weight_type,normalization,tol,projection_error,sigma_max,sigma_min,kappa,stable_rank,numerical_rank,mean_weight_sum,max_weight_sum,frac_weight_sum_gt1,frac_weight_sum_lt1,weight_density,pgd_total_iters,pgd_max_iters_per_fit,cache_hits,cache_misses,termination_status,objective_value,cost_of_investment,cost_of_operations,cost_of_spillage,cost_of_borrow,n_variables,n_constraints,evaluation_termination_status,evaluated_objective_value,eval_cost_of_investment,eval_cost_of_operations,eval_cost_of_spillage,eval_cost_of_borrow,eval_n_variables,eval_n_constraints,total_spillage,total_borrow,time_to_preprocess,time_to_cluster,time_to_fit_weights,time_to_formulate_model,time_to_solve,time_to_read
sienna/5bus_1_8760_k_means_dirac_0.01_economic,653657,1,8760,k_means,dirac,economic,0.01,0.0,1.0,1.0,1.0,1.0,1,1.0,1.0,0.0,0.0,1.0,0,0,0,0,OPTIMAL,33746.70401607637,18577.455697202462,15169.248318875589,0.0,0.0,245294,516862,N/A,,,,,,0,0,0.0,0.0,0.003067083,0.018484,8.75e-7,0.713818958,2.591096917,0.048775167
sienna/5bus_10_24_k_means_dirac_0.01_economic,653657,10,24,k_means,dirac,economic,0.01,117877.01105915461,63850.0897866568,600.8050688195545,106.27421954363287,1.1276507082096736,10,1.0,1.0,0.0,0.0,0.1,0,0,0,0,OPTIMAL,22998.756728016982,18608.96021088174,4389.796517135236,0.0,0.0,8940,18574,OPTIMAL,58768.99787283836,18608.96021088174,40160.03766195874,0.0,0.0,245294,516862,216523.8805677969,0.0,0.003502083,0.137444666,7.5e-7,0.062893375,0.058684333,0.048775167
sienna/5bus_10_24_k_means_convex_0.01_economic,653657,10,24,k_means,convex,economic,0.01,102694.0454926254,63850.0897866568,600.8050688195545,106.27421954363287,1.1276507082096736,10,1.0,1.0000000000000002,0.0,0.0,0.2345205479452055,68618,677,0,0,OPTIMAL,23247.163279278386,18977.20793747528,4269.955341803215,0.0,0.0,8940,18574,OPTIMAL,48500.48360320134,18977.20793747528,29523.275665727335,0.0,0.0,245294,516862,218229.2073557412,0.0,0.003564375,0.017953791,0.083105709,0.06424775,0.074945958,0.048775167
sienna/5bus_10_24_k_means_conical_0.01_economic,653657,10,24,k_means,conical,economic,0.01,95518.72048294538,63850.0897866568,600.8050688195545,106.27421954363287,1.1276507082096736,10,1.040077726732926,1.5905874192157696,0.6301369863013698,0.36712328767123287,0.25315068493150683,114513,1090,0,0,OPTIMAL,23096.054937952886,18505.823337784994,4590.231600168011,0.0,0.0,8940,18574,OPTIMAL,49285.99940975066,18505.823337784994,30780.17607196327,0.0,0.0,245294,516862,212111.49875145702,0.0,0.003598709,0.017746334,0.023584,0.064968375,0.054277542,0.048775167
sienna/5bus_10_24_k_means_conical_bounded_0.01_economic,653657,10,24,k_means,conical_bounded,economic,0.01,100171.93216269088,63850.0897866568,600.8050688195545,106.27421954363287,1.1276507082096736,10,0.9212877309753944,1.0000000000000002,0.0,0.4136986301369863,0.2336986301369863,88445,901,0,0,OPTIMAL,22583.99813949752,18087.149595607916,4496.848543889562,0.0,0.0,8940,18574,OPTIMAL,49993.124473865355,18087.149595607916,31905.97487825477,0.0,0.0,245294,516862,210858.2480215518,0.0,0.003389584,0.017709333,0.030355542,0.065212334,0.061421833,0.048775167
sienna/5bus_10_24_k_medoids_dirac_0.01_economic,653657,10,24,k_medoids,dirac,economic,0.01,135811.42813793622,55482.63382770486,1732.033637618821,32.03323112360665,1.2131082191605693,10,1.0,1.0,0.0,0.0,0.1,0,0,0,0,OPTIMAL,24076.126933796608,17898.307971106227,6177.818962690301,0.0,0.0,8940,18574,OPTIMAL,47097.136018909376,17898.307971106227,29198.828047806284,0.0,0.0,245294,516862,208703.85445149726,0.0,0.003484541,0.017776458,1.417e-6,0.078385042,0.057876042,0.048775167
sienna/5bus_10_24_k_medoids_convex_0.01_economic,653657,10,24,k_medoids,convex,economic,0.01,104659.53268254592,55482.63382770486,1732.033637618821,32.03323112360665,1.2131082191605693,10,1.0,1.0000000000000002,0.0,0.0,0.3391780821917808,98794,774,0,0,OPTIMAL,24119.279234117257,17719.01121570207,6400.268018415109,0.0,0.0,8940,18574,OPTIMAL,46896.86958704152,17719.01121570207,29177.858371341987,0.0,0.0,245294,516862,206676.91166717972,0.0,0.00349425,0.017328041,0.033445875,0.0815665,0.056127959,0.048775167
sienna/5bus_10_24_k_medoids_conical_0.01_economic,653657,10,24,k_medoids,conical,economic,0.01,99257.75291727598,55482.63382770486,1732.033637618821,32.03323112360665,1.2131082191605693,10,1.0635700851968595,1.8061195032795523,0.6657534246575343,0.30684931506849317,0.34986301369863015,131637,766,0,0,OPTIMAL,24851.648638847866,18206.34585133933,6645.302787508494,0.0,0.0,8940,18574,OPTIMAL,46161.19511139282,18206.34585133933,27954.84926005331,0.0,0.0,245294,516862,211459.57045665605,0.0,0.003467667,0.017084583,0.027338292,0.082109208,0.057580917,0.048775167
sienna/5bus_10_24_k_medoids_conical_bounded_0.01_economic,653657,10,24,k_medoids,conical_bounded,economic,0.01,103123.13867645999,55482.63382770486,1732.033637618821,32.03323112360665,1.2131082191605693,10,0.9322058008405137,1.0,0.0,0.36712328767123287,0.33506849315068493,107699,745,0,0,OPTIMAL,23384.6010737456,16819.63976126628,6564.961312479305,0.0,0.0,8940,18574,OPTIMAL,46646.26685398974,16819.63976126628,29826.62709272358,0.0,0.0,245294,516862,195910.98453088594,0.0,0.003418625,0.017389375,0.040453625,0.082111042,0.0578805,0.048775167
sienna/5bus_10_24_hierarchical_dirac_0.01_economic,653657,10,24,hierarchical,dirac,economic,0.01,137230.32363714508,57319.540357789374,1516.4346238862136,37.798886582327455,1.1960997422261825,10,1.0,1.0,0.0,0.0,0.1,0,0,0,0,OPTIMAL,25798.29459256151,18800.912616991853,6997.381975569618,0.0,0.0,8940,18574,OPTIMAL,61076.77987114383,18800.912616991853,42275.86725415177,0.0,0.0,245294,516862,218090.36839238447,0.0,0.003499125,0.017990125,1.583e-6,0.078288833,0.058603208,0.048775167
sienna/5bus_10_24_hierarchical_convex_0.01_economic,653657,10,24,hierarchical,convex,economic,0.01,105149.03357961544,57319.540357789374,1516.4346238862136,37.798886582327455,1.1960997422261825,10,1.0,1.0000000000000002,0.0,0.0,0.32054794520547947,101689,737,0,0,OPTIMAL,25505.603864967114,18675.30980785937,6830.294057107754,0.0,0.0,8940,18574,OPTIMAL,61270.503518072546,18675.30980785937,42595.19371021706,0.0,0.0,245294,516862,217555.04973938674,0.0,0.003612291,0.064928291,0.033324959,0.086316167,0.057016792,0.048775167
sienna/5bus_10_24_hierarchical_conical_0.01_economic,653657,10,24,hierarchical,conical,economic,0.01,99952.16590911608,57319.540357789374,1516.4346238862136,37.798886582327455,1.1960997422261825,10,1.053282145657044,1.5071951359204454,0.6465753424657534,0.32602739726027397,0.32246575342465755,122592,934,0,0,OPTIMAL,25472.11634847148,18299.233397748594,7172.8829507228775,0.0,0.0,8940,18574,OPTIMAL,60630.965396519874,18299.233397748594,42331.731998773335,0.0,0.0,245294,516862,217307.61998216007,0.0,0.003449084,0.017950959,0.024080167,0.081519875,0.059339541,0.048775167
sienna/5bus_10_24_hierarchical_conical_bounded_0.01_economic,653657,10,24,hierarchical,conical_bounded,economic,0.01,103286.46748358755,57319.540357789374,1516.4346238862136,37.798886582327455,1.1960997422261825,10,0.9294693937469803,1.0,0.0,0.3698630136986301,0.3178082191780822,114220,902,0,0,OPTIMAL,24912.151991155246,17623.780379470238,7288.371611684967,0.0,0.0,8940,18574,OPTIMAL,58965.29278688601,17623.780379470238,41341.51240741534,0.0,0.0,245294,516862,213288.4259898177,0.0,0.00349075,0.018073709,0.041420084,0.080480583,0.052013167,0.048775167
sienna/5bus_10_24_chronological_dirac_0.01_economic,653657,10,24,chronological,dirac,economic,0.01,231088.2918494902,27559.443189826496,982.9330400301776,28.037966033759915,1.321579248245148,10,1.0,1.0,0.0,0.0,0.1,0,0,0,0,OPTIMAL,25756.255563784573,16631.444232323003,9124.811331461657,0.0,0.0,8940,18574,OPTIMAL,54317.90348945429,16631.444232323003,37686.45925713723,0.0,0.0,245294,516862,197385.42586194805,0.0,0.003467,0.017732625,1.334e-6,0.077721417,0.032856083,0.048775167
sienna/5bus_10_24_chronological_convex_0.01_economic,653657,10,24,chronological,convex,economic,0.01,169513.80638029758,27559.443189826496,982.9330400301776,28.037966033759915,1.321579248245148,10,1.0,1.0000000000000002,0.0,0.0,0.28465753424657536,61886,521,0,0,OPTIMAL,27685.85655280956,16083.512379937903,11602.344172871626,0.0,0.0,8940,18574,OPTIMAL,51512.1297755631,16083.512379937903,35428.61739562787,0.0,0.0,245294,516862,180730.47600247306,0.0,0.003610041,0.017909417,0.070311,0.081555583,0.046129959,0.048775167
sienna/5bus_10_24_chronological_conical_0.01_economic,653657,10,24,chronological,conical,economic,0.01,126364.9780655519,27559.443189826496,982.9330400301776,28.037966033759915,1.321579248245148,10,1.2900741001353409,2.530321024172794,0.7232876712328767,0.2493150684931507,0.32575342465753426,85082,586,0,0,OPTIMAL,31175.18196552285,18382.81551402419,12792.36645149867,0.0,0.0,8940,18574,OPTIMAL,54430.46893948935,18382.81551402419,36047.653425465476,0.0,0.0,245294,516862,206877.8280716888,0.0,0.003468208,0.017630375,0.081127583,0.080363125,0.062977917,0.048775167
sienna/5bus_10_24_chronological_conical_bounded_0.01_economic,653657,10,24,chronological,conical_bounded,economic,0.01,169012.78739951234,27559.443189826496,982.9330400301776,28.037966033759915,1.321579248245148,10,0.9532274550910215,1.0,0.0,0.2876712328767123,0.28465753424657536,66792,556,0,0,OPTIMAL,26900.08052566521,16022.880184513033,10877.20034115219,0.0,0.0,8940,18574,OPTIMAL,51489.70665013822,16022.880184513033,35466.82646562753,0.0,0.0,245294,516862,180482.4159469364,0.0,0.003486,0.017509084,0.087544833,0.080464625,0.047197542,0.048775167
sienna/5bus_10_24_convex_hull_dirac_0.01_economic,653657,10,24,convex_hull,dirac,economic,0.01,162240.91702594532,60866.66467238132,2397.7156164778844,25.385272654557415,1.3868480441792759,10,1.0,1.0,0.0,0.0,0.1,0,0,1173,2067,OPTIMAL,75081.09203832087,18433.76745205176,56647.32458626919,0.0,0.0,8940,18574,OPTIMAL,38445.82964247298,18433.76745205176,20012.062190422228,0.0,0.0,245294,516862,205164.7512224142,0.0,0.003340334,0.11353875,1.583e-6,0.062493667,0.053333583,0.048775167
sienna/5bus_10_24_convex_hull_convex_0.01_economic,653657,10,24,convex_hull,convex,economic,0.01,96011.85289629435,60866.66467238132,2397.7156164778844,25.385272654557415,1.3868480441792759,10,1.0,1.0000000000000002,0.0,0.0,0.41835616438356166,58276,350,1173,2067,OPTIMAL,64137.64533807877,18438.54625781348,45699.09908026527,0.0,0.0,8940,18574,OPTIMAL,38519.478975554426,18438.54625781348,20080.932717741536,0.0,0.0,245294,516862,204426.48856153272,0.0,0.003474667,0.053466958,0.02052825,0.06912325,0.061218541,0.048775167
sienna/5bus_10_24_convex_hull_conical_0.01_economic,653657,10,24,convex_hull,conical,economic,0.01,86132.91526268562,60866.66467238132,2397.7156164778844,25.385272654557415,1.3868480441792759,10,0.9420802486182771,1.6903727573851501,0.4273972602739726,0.5452054794520548,0.4312328767123288,75867,552,1173,2067,OPTIMAL,55955.16809162721,17997.51828099469,37957.649810632596,0.0,0.0,8940,18574,OPTIMAL,38519.834656421466,17997.51828099469,20522.31637542668,0.0,0.0,245294,516862,202572.85162857064,0.0,0.003426958,0.053304208,0.016518958,0.066897209,0.05657625,0.048775167
sienna/5bus_10_24_convex_hull_conical_bounded_0.01_economic,653657,10,24,convex_hull,conical_bounded,economic,0.01,89663.13417127218,60866.66467238132,2397.7156164778844,25.385272654557415,1.3868480441792759,10,0.8656310275927048,1.0,0.0,0.6246575342465753,0.40328767123287673,72413,420,1173,2067,OPTIMAL,52771.63384735581,18061.666774313726,34709.96707304209,0.0,0.0,8940,18574,OPTIMAL,38410.88699721983,18061.666774313726,20349.220222903885,0.0,0.0,245294,516862,200251.8639502299,0.0,0.003544333,0.056287292,0.256907417,0.066055875,0.044785375,0.048775167
sienna/5bus_10_24_convex_hull_with_null_dirac_0.01_economic,653657,10,24,convex_hull_with_null,dirac,economic,0.01,240075.96943837943,63078.27696252012,3208.42257759307,19.660214774401968,1.399727185623997,10,1.0,1.0,0.0,0.0,0.1,0,0,964,2641,OPTIMAL,22994.359486121415,16399.08916351567,6595.270322605642,0.0,0.0,8940,18574,OPTIMAL,53250.54007253752,16399.08916351567,36851.45090901974,0.0,0.0,245294,516862,188329.39489083033,0.0,0.003409459,0.083258625,1.083e-6,0.062740959,0.055109458,0.048775167
sienna/5bus_10_24_convex_hull_with_null_convex_0.01_economic,653657,10,24,convex_hull_with_null,convex,economic,0.01,168002.94187195945,63078.27696252012,3208.42257759307,19.660214774401968,1.399727185623997,10,1.0,1.0000000000000002,0.0,0.0,0.39013698630136984,59905,362,964,2641,OPTIMAL,23122.474890295336,17377.468661597566,5745.006228697826,0.0,0.0,8940,18574,OPTIMAL,50627.0025904145,17377.468661597566,33249.533928819146,0.0,0.0,245294,516862,199684.25017629465,0.0,0.003449833,0.083320167,0.085734542,0.064582333,0.061295792,0.048775167
sienna/5bus_10_24_convex_hull_with_null_conical_0.01_economic,653657,10,24,convex_hull_with_null,conical,economic,0.01,105129.0630373199,63078.27696252012,3208.42257759307,19.660214774401968,1.399727185623997,10,0.6605219938768003,1.4387194949848794,0.20821917808219179,0.7643835616438356,0.40465753424657536,70193,447,964,2641,OPTIMAL,20823.594014607774,14573.508758450378,6250.085256157398,0.0,0.0,8940,18574,OPTIMAL,60562.169452822636,14573.508758450378,45988.66069437749,0.0,0.0,245294,516862,170142.0664015603,0.0,0.0034645,0.145434625,0.014490875,0.065173583,0.047918375,0.048775167
sienna/5bus_10_24_convex_hull_with_null_conical_bounded_0.01_economic,653657,10,24,convex_hull_with_null,conical_bounded,economic,0.01,106683.3659177915,63078.27696252012,3208.42257759307,19.660214774401968,1.399727185623997,10,0.6266697401491379,1.0,0.0,0.8,0.3838356164383562,67680,436,964,2641,OPTIMAL,20592.61741316862,14162.596596720457,6430.020816448189,0.0,0.0,8940,18574,OPTIMAL,64142.41969458209,14162.596596720457,49979.82309786137,0.0,0.0,245294,516862,165822.4637508154,0.0,0.0033965,0.082018375,0.025642667,0.065683,0.043608167,0.048775167
sienna/5bus_10_24_conical_hull_dirac_0.01_economic,653657,10,24,conical_hull,dirac,economic,0.01,218478.22500140945,22446.737845052754,1448.0393792465468,15.501469205024234,2.2984966971676144,10,1.0,1.0,0.0,0.0,0.1,0,0,448,2792,OPTIMAL,42319.21985447601,17444.07606360715,24875.14379086888,0.0,0.0,8940,18574,OPTIMAL,37996.82344546973,17444.07606360715,20552.747381860765,0.0,0.0,245294,516862,191273.24180177413,0.0,0.003401833,0.030272625,1.042e-6,0.062195083,0.050959416,0.048775167
sienna/5bus_10_24_conical_hull_convex_0.01_economic,653657,10,24,conical_hull,convex,economic,0.01,194630.2599109186,22446.737845052754,1448.0393792465468,15.501469205024234,2.2984966971676144,10,1.0,1.0000000000000002,0.0,0.0,0.4043835616438356,33825,236,448,2792,OPTIMAL,43113.48948568748,17558.710622790826,25554.77886289662,0.0,0.0,8940,18574,OPTIMAL,38004.0566794529,17558.710622790826,20445.34605666404,0.0,0.0,245294,516862,190897.46742118686,0.0,0.003397167,0.028965416,0.01315125,0.065709292,0.046514583,0.048775167
sienna/5bus_10_24_conical_hull_conical_0.01_economic,653657,10,24,conical_hull,conical,economic,0.01,115292.19780071471,22446.737845052754,1448.0393792465468,15.501469205024234,2.2984966971676144,10,1.8282831352935032,3.8539303413791846,0.9397260273972603,0.03287671232876712,0.5463013698630137,54370,333,448,2792,OPTIMAL,60158.89221668311,22545.818867472768,37613.07334921038,0.0,0.0,8940,18574,OPTIMAL,41550.56840210837,22545.818867472768,19004.749534635564,0.0,0.0,245294,516862,233989.72566728372,0.0,0.003488583,0.028379333,0.012680208,0.06730425,0.05478025,0.048775167
sienna/5bus_10_24_conical_hull_conical_bounded_0.01_economic,653657,10,24,conical_hull,conical_bounded,economic,0.01,194634.90992439966,22446.737845052754,1448.0393792465468,15.501469205024234,2.2984966971676144,10,0.9924486884789187,1.0,0.0,0.20821917808219179,0.403013698630137,34578,259,448,2792,OPTIMAL,42972.492796044666,17552.430119505418,25420.062676539288,0.0,0.0,8940,18574,OPTIMAL,37999.84338849648,17552.430119505418,20447.413268989392,0.0,0.0,245294,516862,190897.46742118686,0.0,0.003325458,0.254983417,0.013350416,0.065385,0.049827084,0.048775167
sienna/5bus_10_24_k_means_dirac_0.01,653657,10,24,k_means,dirac,unscaled,0.01,31.316744332793625,19.98542893820713,0.1832922806757723,109.03584626981412,1.0982855034506556,10,1.0,1.0,0.0,0.0,0.1,0,0,0,0,OPTIMAL,24508.43810121043,16984.872219076424,7523.565882134074,0.0,0.0,8940,18574,OPTIMAL,78900.44967932148,16984.872219076424,61915.57746023461,0.0,0.0,245294,516862,202417.4164681887,0.0,0.003665917,0.015305375,7.5e-7,0.065339459,0.044216084,0.048775167
sienna/5bus_10_24_k_means_convex_0.01,653657,10,24,k_means,convex,unscaled,0.01,28.45958509944307,19.98542893820713,0.1832922806757723,109.03584626981412,1.0982855034506556,10,1.0,1.0000000000000002,0.0,0.0,0.2745205479452055,35988,340,0,0,OPTIMAL,24996.272212836382,17039.883341930876,7956.3888709054945,0.0,0.0,8940,18574,OPTIMAL,80092.79804643165,17039.883341930876,63052.914704502524,0.0,0.0,245294,516862,198893.15940169813,0.0,0.003466208,0.015279417,0.240103375,0.063444708,0.05249225,0.048775167
sienna/5bus_10_24_k_means_conical_0.01,653657,10,24,k_means,conical,unscaled,0.01,27.24780665781673,19.98542893820713,0.1832922806757723,109.03584626981412,1.0982855034506556,10,1.0211032638359498,1.3263342149387134,0.6328767123287671,0.36712328767123287,0.27671232876712326,41729,329,0,0,OPTIMAL,25157.900288018987,17218.086474127118,7939.813813891838,0.0,0.0,8940,18574,OPTIMAL,79453.24117156836,17218.086474127118,62235.15469743914,0.0,0.0,245294,516862,201031.71937825665,0.0,0.003521541,0.014833041,0.008767209,0.065059583,0.054084042,0.048775167
sienna/5bus_10_24_k_means_conical_bounded_0.01,653657,10,24,k_means,conical_bounded,unscaled,0.01,28.170601116915652,19.98542893820713,0.1832922806757723,109.03584626981412,1.0982855034506556,10,0.9791143455585862,1.0,0.0,0.4191780821917808,0.26657534246575343,37432,309,0,0,OPTIMAL,24697.66653618905,16920.677990458415,7776.988545730627,0.0,0.0,8940,18574,OPTIMAL,80438.59206987158,16920.677990458415,63517.91407941137,0.0,0.0,245294,516862,196604.43867153986,0.0,0.003582459,0.015095667,0.239738625,0.063668792,0.054146791,0.048775167
sienna/5bus_10_24_k_medoids_dirac_0.01,653657,10,24,k_medoids,dirac,unscaled,0.01,36.74057969057941,18.886341910072822,0.5869380617260713,32.17774266424594,1.1551260943602497,10,1.0,1.0,0.0,0.0,0.1,0,0,0,0,OPTIMAL,25037.846817369344,16152.393958861456,8885.45285850786,0.0,0.0,8940,18574,OPTIMAL,72384.99358320785,16152.393958861456,56232.599624337214,0.0,0.0,245294,516862,189936.99255380413,0.0,0.00363575,0.014799584,1.708e-6,0.07697325,0.048647166,0.048775167
sienna/5bus_10_24_k_medoids_convex_0.01,653657,10,24,k_medoids,convex,unscaled,0.01,30.291212209109286,18.886341910072822,0.5869380617260713,32.17774266424594,1.1551260943602497,10,1.0,1.0000000000000002,0.0,0.0,0.3649315068493151,36923,215,0,0,OPTIMAL,25581.145206697827,16500.126141288496,9081.019065409242,0.0,0.0,8940,18574,OPTIMAL,72461.93446379807,16500.126141288496,55961.80832251431,0.0,0.0,245294,516862,191629.52358912508,0.0,0.003696541,0.015456,0.014281125,0.298092083,0.053729167,0.048775167
sienna/5bus_10_24_k_medoids_conical_0.01,653657,10,24,k_medoids,conical,unscaled,0.01,28.96168663751867,18.886341910072822,0.5869380617260713,32.17774266424594,1.1551260943602497,10,1.0347837350135582,1.355463378065204,0.6547945205479452,0.3178082191780822,0.3756164383561644,40830,229,0,0,OPTIMAL,25998.300104560305,16546.53302943006,9451.767075130158,0.0,0.0,8940,18574,OPTIMAL,72844.26271510654,16546.53302943006,56297.72968567466,0.0,0.0,245294,516862,190286.41798564396,0.0,0.003459542,0.014958542,0.009559333,0.081627208,0.062383125,0.048775167
sienna/5bus_10_24_k_medoids_conical_bounded_0.01,653657,10,24,k_medoids,conical_bounded,unscaled,0.01,30.055150016054164,18.886341910072822,0.5869380617260713,32.17774266424594,1.1551260943602497,10,0.9812039562685327,1.0,0.0,0.4136986301369863,0.36054794520547945,36742,231,0,0,OPTIMAL,25327.422655632683,16377.772867267342,8949.649788365425,0.0,0.0,8940,18574,OPTIMAL,72422.67207270005,16377.772867267342,56044.89920543947,0.0,0.0,245294,516862,191598.94728059322,0.0,0.003631875,0.238015542,0.013228084,0.080423833,0.057060791,0.048775167
sienna/5bus_10_24_hierarchical_dirac_0.01,653657,10,24,hierarchical,dirac,unscaled,0.01,37.374004428211045,19.961268467012466,0.7436283547900963,26.843070652741485,1.1255540471726138,10,1.0,1.0,0.0,0.0,0.1,0,0,0,0,OPTIMAL,24722.564722786406,16202.789566321695,8519.775156464764,0.0,0.0,8940,18574,OPTIMAL,72210.47379166704,16202.789566321695,56007.684225345074,0.0,0.0,245294,516862,191065.09995907464,0.0,0.003547375,0.015280541,1.834e-6,0.078057917,0.043283834,0.048775167
sienna/5bus_10_24_hierarchical_convex_0.01,653657,10,24,hierarchical,convex,unscaled,0.01,29.64626703088952,19.961268467012466,0.7436283547900963,26.843070652741485,1.1255540471726138,10,1.0,1.0000000000000002,0.0,0.0,0.37972602739726025,36193,205,0,0,OPTIMAL,25303.47715061959,16417.07822102615,8886.398929593395,0.0,0.0,8940,18574,OPTIMAL,72554.46569991067,16417.07822102615,56137.387478880126,0.0,0.0,245294,516862,189000.86535905112,0.0,0.0035025,0.016035917,0.011886084,0.067816041,0.048703791,0.048775167
sienna/5bus_10_24_hierarchical_conical_0.01,653657,10,24,hierarchical,conical,unscaled,0.01,28.70604419714732,19.961268467012466,0.7436283547900963,26.843070652741485,1.1255540471726138,10,1.0189310514574768,1.2711227589548053,0.5835616438356165,0.38904109589041097,0.383013698630137,39978,228,0,0,OPTIMAL,25582.231866819206,16541.664495285193,9040.567371534033,0.0,0.0,8940,18574,OPTIMAL,72373.45168963306,16541.664495285193,55831.78719434922,0.0,0.0,245294,516862,189940.54314233424,0.0,0.003534333,0.015165542,0.008963041,0.08181175,0.04635175,0.048775167
sienna/5bus_10_24_hierarchical_conical_bounded_0.01,653657,10,24,hierarchical,conical_bounded,unscaled,0.01,29.396985531232758,19.961268467012466,0.7436283547900963,26.843070652741485,1.1255540471726138,10,0.977444559150483,1.0,0.0,0.4931506849315068,0.36904109589041095,37178,212,0,0,OPTIMAL,24981.933498260096,16329.941176893242,8651.992321366815,0.0,0.0,8940,18574,OPTIMAL,72708.71702715618,16329.941176893242,56378.77585026099,0.0,0.0,245294,516862,187994.83026455424,0.0,0.003421,0.015243334,0.013226167,0.080314875,0.047238,0.048775167
sienna/5bus_10_24_chronological_dirac_0.01,653657,10,24,chronological,dirac,unscaled,0.01,44.578686970345096,20.5790592221683,0.581455849263556,35.39229891355078,1.0649899679024366,10,1.0,1.0,0.0,0.0,0.1,0,0,0,0,OPTIMAL,44308.69868475877,17442.20372165374,26866.49496310512,0.0,0.0,8940,18574,OPTIMAL,56408.646520297916,17442.20372165374,38966.44279864384,0.0,0.0,245294,516862,202371.00653021343,0.0,0.003492125,0.016714375,1.667e-6,0.077613417,0.038034333,0.048775167
sienna/5bus_10_24_chronological_convex_0.01,653657,10,24,chronological,convex,unscaled,0.01,35.8194410781036,20.5790592221683,0.581455849263556,35.39229891355078,1.0649899679024366,10,1.0,1.0000000000000002,0.0,0.0,0.3558904109589041,47112,253,0,0,OPTIMAL,49788.29567733436,17881.71207250272,31906.58360483164,0.0,0.0,8940,18574,OPTIMAL,55540.89612929081,17881.71207250272,37659.18405678868,0.0,0.0,245294,516862,203057.22290429357,0.0,0.003376667,0.014705792,0.015195917,0.081510667,0.047647958,0.048775167
sienna/5bus_10_24_chronological_conical_0.01,653657,10,24,chronological,conical,unscaled,0.01,34.08286298921085,20.5790592221683,0.581455849263556,35.39229891355078,1.0649899679024366,10,1.0544780038654895,1.44653017871831,0.6410958904109589,0.3315068493150685,0.36904109589041095,50142,286,0,0,OPTIMAL,46736.91035757159,18026.378327064675,28710.53203050698,0.0,0.0,8940,18574,OPTIMAL,55428.50765907992,18026.378327064675,37402.129332016346,0.0,0.0,245294,516862,204741.41005452417,0.0,0.003510041,0.014926625,0.241513208,0.067669542,0.050394917,0.048775167
sienna/5bus_10_24_chronological_conical_bounded_0.01,653657,10,24,chronological,conical_bounded,unscaled,0.01,35.601585264739796,20.5790592221683,0.581455849263556,35.39229891355078,1.0649899679024366,10,0.9793007195549581,1.0,0.0,0.41643835616438357,0.35315068493150686,47730,251,0,0,OPTIMAL,50765.008408000016,17820.693904252465,32944.31450374751,0.0,0.0,8940,18574,OPTIMAL,55483.23791143193,17820.693904252465,37662.54400717905,0.0,0.0,245294,516862,202764.52953917388,0.0,0.003430917,0.016033,0.0184645,0.080324792,0.047039625,0.048775167
sienna/5bus_10_24_convex_hull_dirac_0.01,653657,10,24,convex_hull,dirac,unscaled,0.01,47.68350241959869,21.322282309224875,0.9956012864506666,21.416487302099746,1.1935960997188404,10,1.0,1.0,0.0,0.0,0.1,0,0,879,2361,OPTIMAL,29836.343469848194,17546.29036057836,12290.05310926988,0.0,0.0,8940,18574,OPTIMAL,34344.68052936609,17546.29036057836,16798.390168787766,0.0,0.0,245294,516862,177051.4032005807,0.0,0.003452542,0.038540375,1.042e-6,0.062991,0.036131667,0.048775167
sienna/5bus_10_24_convex_hull_convex_0.01,653657,10,24,convex_hull,convex,unscaled,0.01,28.55658317961472,21.322282309224875,0.9956012864506666,21.416487302099746,1.1935960997188404,10,1.0,1.0000000000000002,0.0,0.0,0.47726027397260273,31230,169,879,2361,OPTIMAL,30097.146154672984,17913.174159721435,12183.97199495152,0.0,0.0,8940,18574,OPTIMAL,34312.698113602455,17913.174159721435,16399.523953880136,0.0,0.0,245294,516862,178658.33447309496,0.0,0.003454375,0.263586792,0.011152333,0.067126958,0.046928042,0.048775167
sienna/5bus_10_24_convex_hull_conical_0.01,653657,10,24,convex_hull,conical,unscaled,0.01,27.049343258952035,21.322282309224875,0.9956012864506666,21.416487302099746,1.1935960997188404,10,1.0388424957390754,1.3210826051906277,0.663013698630137,0.3095890410958904,0.49753424657534245,32852,165,879,2361,OPTIMAL,30312.60910389042,17908.45894402632,12404.150159864055,0.0,0.0,8940,18574,OPTIMAL,34301.54762492985,17908.45894402632,16393.08868090243,0.0,0.0,245294,516862,179377.077927302,0.0,0.003405,0.040802375,0.0081005,0.066772375,0.04837725,0.048775167
sienna/5bus_10_24_convex_hull_conical_bounded_0.01,653657,10,24,convex_hull,conical_bounded,unscaled,0.01,28.189025639920917,21.322282309224875,0.9956012864506666,21.416487302099746,1.1935960997188404,10,0.9739271333186534,1.0,0.0,0.42191780821917807,0.47835616438356166,31470,170,879,2361,OPTIMAL,29909.503836221083,17858.764796136886,12050.739040084205,0.0,0.0,8940,18574,OPTIMAL,34200.36815700638,17858.764796136886,16341.603360868043,0.0,0.0,245294,516862,180244.5114951954,0.0,0.0034065,0.040239334,0.012785333,0.065617416,0.048764959,0.048775167
sienna/5bus_10_24_convex_hull_with_null_dirac_0.01,653657,10,24,convex_hull_with_null,dirac,unscaled,0.01,51.71837763310516,22.536509669055242,0.9656415345073575,23.338380614036783,1.1824213182988903,10,1.0,1.0,0.0,0.0,0.1,0,0,963,2642,OPTIMAL,54239.12732968768,18995.208391895972,35243.91893779169,0.0,0.0,8940,18574,OPTIMAL,34480.57552812313,18995.208391895972,15485.36713622711,0.0,0.0,245294,516862,188679.48001786566,0.0,0.003391333,0.04180675,9.58e-7,0.062992125,0.043451209,0.048775167
sienna/5bus_10_24_convex_hull_with_null_convex_0.01,653657,10,24,convex_hull_with_null,convex,unscaled,0.01,33.77449418266288,22.536509669055242,0.9656415345073575,23.338380614036783,1.1824213182988903,10,1.0,1.0000000000000002,0.0,0.0,0.48027397260273974,34284,164,963,2642,OPTIMAL,51231.287279389406,18786.19881411484,32445.088465274577,0.0,0.0,8940,18574,OPTIMAL,34517.26231992752,18786.19881411484,15731.063505812714,0.0,0.0,245294,516862,185179.13249512878,0.0,0.003458,0.04190275,0.012787209,0.066795584,0.061433708,0.048775167
sienna/5bus_10_24_convex_hull_with_null_conical_0.01,653657,10,24,convex_hull_with_null,conical,unscaled,0.01,29.489785176256124,22.536509669055242,0.9656415345073575,23.338380614036783,1.1824213182988903,10,0.9241118420420249,1.2960847271448128,0.3178082191780822,0.6547945205479452,0.47342465753424656,35159,189,963,2642,OPTIMAL,50427.89483262538,18305.906545074467,32121.988287550896,0.0,0.0,8940,18574,OPTIMAL,34449.75827598002,18305.906545074467,16143.85173090258,0.0,0.0,245294,516862,185742.72457821763,0.0,0.003441833,0.041704875,0.0086125,0.066460625,0.062153958,0.048775167
sienna/5bus_10_24_convex_hull_with_null_conical_bounded_0.01,653657,10,24,convex_hull_with_null,conical_bounded,unscaled,0.01,29.87395614968039,22.536509669055242,0.9656415345073575,23.338380614036783,1.1824213182988903,10,0.9064373644793073,1.0,0.0,0.726027397260274,0.46301369863013697,35097,195,963,2642,OPTIMAL,50272.896951285504,18279.89466694316,31993.00228434233,0.0,0.0,8940,18574,OPTIMAL,34503.427348378675,18279.89466694316,16223.532681437055,0.0,0.0,245294,516862,185444.16200523163,0.0,0.003489875,0.041739583,0.014028709,0.067408292,0.057110625,0.048775167
sienna/5bus_10_24_conical_hull_dirac_0.01,653657,10,24,conical_hull,dirac,unscaled,0.01,51.01355561024983,16.559291857568624,0.7695303392089834,21.518699151732307,1.31170310131039,10,1.0,1.0,0.0,0.0,0.1,0,0,1040,2200,OPTIMAL,27531.680818445908,16230.76269636007,11300.918122085817,0.0,0.0,8940,18574,OPTIMAL,43090.531104714515,16230.76269636007,26859.768408357013,0.0,0.0,245294,516862,179512.94770395267,0.0,0.003351666,0.02909125,7.91e-7,0.0629775,0.041344667,0.048775167
sienna/5bus_10_24_conical_hull_convex_0.01,653657,10,24,conical_hull,convex,unscaled,0.01,36.564576376100774,16.559291857568624,0.7695303392089834,21.518699151732307,1.31170310131039,10,1.0,1.0000000000000002,0.0,0.0,0.41726027397260274,24500,144,1040,2200,OPTIMAL,27272.487232506755,16288.760797015073,10983.726435491684,0.0,0.0,8940,18574,OPTIMAL,43176.77021971667,16288.760797015073,26888.009422700423,0.0,0.0,245294,516862,179069.3392244217,0.0,0.003625917,0.029095958,0.01010175,0.064951875,0.046026208,0.048775167
sienna/5bus_10_24_conical_hull_conical_0.01,653657,10,24,conical_hull,conical,unscaled,0.01,31.480272954991058,16.559291857568624,0.7695303392089834,21.518699151732307,1.31170310131039,10,1.1473072763859675,1.5423551027570175,0.8575342465753425,0.11506849315068493,0.4794520547945205,29131,151,1040,2200,OPTIMAL,29567.10732960353,16833.95224431693,12733.155085286653,0.0,0.0,8940,18574,OPTIMAL,42441.37060211261,16833.95224431693,25607.418357794504,0.0,0.0,245294,516862,182381.34496504295,0.0,0.0035305,0.028855542,0.007623125,0.065966125,0.056727625,0.048775167
sienna/5bus_10_24_conical_hull_conical_bounded_0.01,653657,10,24,conical_hull,conical_bounded,unscaled,0.01,36.54132450354305,16.559291857568624,0.7695303392089834,21.518699151732307,1.31170310131039,10,0.9936382439110076,1.0,0.0,0.22465753424657534,0.41424657534246573,24599,130,1040,2200,OPTIMAL,27152.59500394109,16289.636870881493,10862.958133059728,0.0,0.0,8940,18574,OPTIMAL,43177.38647139272,16289.636870881493,26887.749600509997,0.0,0.0,245294,516862,179069.3392244217,0.0,0.003503084,0.028760459,0.010984583,0.065598292,0.066801583,0.048775167
sienna/5bus_20_24_k_means_dirac_0.01_economic,653657,20,24,k_means,dirac,economic,0.01,102371.8518375612,82100.98078344385,321.05934105081684,255.71902226775273,1.1678694548825506,20,1.0,1.0,0.0,0.0,0.05,0,0,0,0,OPTIMAL,23656.960952589598,18647.528297426226,5009.432655163407,0.0,0.0,15680,32754,OPTIMAL,58543.069694085134,18647.528297426226,39895.54139665779,0.0,0.0,245294,516862,216211.99009215666,0.0,0.003585542,0.018410167,9.58e-7,0.083562375,0.135062667,0.048775167
sienna/5bus_20_24_k_means_convex_0.01_economic,653657,20,24,k_means,convex,economic,0.01,87073.71559792197,82100.98078344385,321.05934105081684,255.71902226775273,1.1678694548825506,20,1.0,1.0000000000000002,0.0,0.0,0.15616438356164383,166201,2400,0,0,OPTIMAL,24193.634427490695,18569.23302451495,5624.401402975888,0.0,0.0,15680,32754,OPTIMAL,48691.95160232382,18569.23302451495,30122.718577808984,0.0,0.0,245294,516862,215985.06870495144,0.0,0.003644875,0.018357833,0.366173708,0.080904917,0.120616291,0.048775167
sienna/5bus_20_24_k_means_conical_0.01_economic,653657,20,24,k_means,conical,economic,0.01,79392.10617951246,82100.98078344385,321.05934105081684,255.71902226775273,1.1678694548825506,20,1.1025492513263528,1.6012353931356849,0.7397260273972602,0.25753424657534246,0.17013698630136986,225694,1912,0,0,OPTIMAL,24610.915512465035,19017.19527811853,5593.720234346448,0.0,0.0,15680,32754,OPTIMAL,47796.640661304315,19017.19527811853,28779.445383188602,0.0,0.0,245294,516862,217603.71744672488,0.0,0.003563208,0.018111,0.276121667,0.082289208,0.117420292,0.048775167
sienna/5bus_20_24_k_means_conical_bounded_0.01_economic,653657,20,24,k_means,conical_bounded,economic,0.01,85948.97943078593,82100.98078344385,321.05934105081684,255.71902226775273,1.1678694548825506,20,0.9512621632382656,1.0000000000000002,0.0,0.37534246575342467,0.15356164383561643,178144,1752,0,0,OPTIMAL,23614.997051723047,18045.44553161456,5569.5515201085755,0.0,0.0,15680,32754,OPTIMAL,49749.74677117393,18045.44553161456,31704.301239560522,0.0,0.0,245294,516862,209001.14252852235,0.0,0.003674542,0.018215834,0.148304916,0.117825,0.117986375,0.048775167
sienna/5bus_20_24_k_medoids_dirac_0.01_economic,653657,20,24,k_medoids,dirac,economic,0.01,121660.85794685934,78813.23052764739,936.2118042760673,84.18311985351467,1.2276048644056032,20,1.0,1.0,0.0,0.0,0.05,0,0,0,0,OPTIMAL,23865.815927940836,17828.75989811254,6037.056029828296,0.0,0.0,15680,32754,OPTIMAL,45858.461214799754,17828.75989811254,28029.70131668432,0.0,0.0,245294,516862,203931.01275216413,0.0,0.003378125,0.017642041,7.91e-7,0.107335833,0.145760291,0.048775167
sienna/5bus_20_24_k_medoids_convex_0.01_economic,653657,20,24,k_medoids,convex,economic,0.01,89672.13419690258,78813.23052764739,936.2118042760673,84.18311985351467,1.2276048644056032,20,1.0,1.0000000000000002,0.0,0.0,0.21082191780821918,195026,1446,0,0,OPTIMAL,24186.96104124526,17609.573995060768,6577.387046184474,0.0,0.0,15680,32754,OPTIMAL,45770.77915696746,17609.573995060768,28161.205161904665,0.0,0.0,245294,516862,200971.21019425336,0.0,0.003576042,0.017917,0.151919375,0.107654042,0.106470333,0.048775167
sienna/5bus_20_24_k_medoids_conical_0.01_economic,653657,20,24,k_medoids,conical,economic,0.01,84311.7937549176,78813.23052764739,936.2118042760673,84.18311985351467,1.2276048644056032,20,1.0403194479539908,1.6249824178654284,0.6027397260273972,0.3424657534246575,0.2236986301369863,226513,1574,0,0,OPTIMAL,24405.753129132892,17224.81445503403,7180.938674098891,0.0,0.0,15680,32754,OPTIMAL,45689.86309114757,17224.81445503403,28465.04863611719,0.0,0.0,245294,516862,196866.35872489138,0.0,0.003401,0.017350542,0.137286167,0.108702833,0.126690291,0.048775167
sienna/5bus_20_24_k_medoids_conical_bounded_0.01_economic,653657,20,24,k_medoids,conical_bounded,economic,0.01,88161.59895110103,78813.23052764739,936.2118042760673,84.18311985351467,1.2276048644056032,20,0.9359831108307947,1.0000000000000002,0.0,0.4383561643835616,0.21,204722,1579,0,0,OPTIMAL,23400.685705048432,16518.807686697943,6881.878018350429,0.0,0.0,15680,32754,OPTIMAL,46023.047485299634,16518.807686697943,29504.239798597075,0.0,0.0,245294,516862,189609.994009822,0.0,0.003642042,0.017699041,0.351837708,0.08313925,0.124838625,0.048775167
sienna/5bus_20_24_hierarchical_dirac_0.01_economic,653657,20,24,hierarchical,dirac,economic,0.01,123563.23355333105,76599.75361206118,784.6768833614758,97.61948546759227,1.243224849947191,20,1.0,1.0,0.0,0.0,0.05,0,0,0,0,OPTIMAL,24196.140431919303,17397.604896073968,6798.535535845308,0.0,0.0,15680,32754,OPTIMAL,51576.15224759004,17397.604896073968,34178.54735151653,0.0,0.0,245294,516862,203368.48974986313,0.0,0.003663083,0.017995875,7.08e-7,0.113136666,0.13991725,0.048775167
sienna/5bus_20_24_hierarchical_convex_0.01_economic,653657,20,24,hierarchical,convex,economic,0.01,88774.85177019179,76599.75361206118,784.6768833614758,97.61948546759227,1.243224849947191,20,1.0,1.0000000000000002,0.0,0.0,0.21013698630136987,173666,1351,0,0,OPTIMAL,23616.796333656763,16757.289325811133,6859.507007845647,0.0,0.0,15680,32754,OPTIMAL,54019.644988091604,16757.289325811133,37262.355662282615,0.0,0.0,245294,516862,191337.1138109172,0.0,0.003365167,0.017919208,0.324230833,0.082438541,0.12447975,0.048775167
sienna/5bus_20_24_hierarchical_conical_0.01_economic,653657,20,24,hierarchical,conical,economic,0.01,83708.98575149447,76599.75361206118,784.6768833614758,97.61948546759227,1.243224849947191,20,1.0698233760324143,1.5992349907646641,0.6410958904109589,0.3041095890410959,0.22452054794520548,210243,1677,0,0,OPTIMAL,24392.07549770006,16993.667955806548,7398.407541893487,0.0,0.0,15680,32754,OPTIMAL,53093.947808513156,16993.667955806548,36100.27985270903,0.0,0.0,245294,516862,195071.83904951598,0.0,0.003633584,0.017850583,0.271543375,0.083382083,0.121304667,0.048775167
sienna/5bus_20_24_hierarchical_conical_bounded_0.01_economic,653657,20,24,hierarchical,conical_bounded,economic,0.01,87679.16303477462,76599.75361206118,784.6768833614758,97.61948546759227,1.243224849947191,20,0.9431554983984801,1.0000000000000002,0.0,0.44931506849315067,0.20534246575342466,180681,1476,0,0,OPTIMAL,22908.54703138793,16461.577808773647,6446.969222614276,0.0,0.0,15680,32754,OPTIMAL,54242.52103957831,16461.577808773647,37780.94323080552,0.0,0.0,245294,516862,190643.07640662492,0.0,0.003595125,0.017509709,0.1798565,0.104641166,0.117260667,0.048775167
sienna/5bus_20_24_chronological_dirac_0.01_economic,653657,20,24,chronological,dirac,economic,0.01,231246.80483045967,52625.9212337888,661.0883762766005,79.60497132046083,1.2709025598232297,20,1.0,1.0,0.0,0.0,0.05,0,0,0,0,OPTIMAL,28457.166951799365,18005.112454966067,10452.05449683323,0.0,0.0,15680,32754,OPTIMAL,41968.71392528472,18005.112454966067,23963.601470315032,0.0,0.0,245294,516862,202370.23196765952,0.0,0.003664167,0.017501083,1.625e-6,0.105761125,0.096624792,0.048775167
sienna/5bus_20_24_chronological_convex_0.01_economic,653657,20,24,chronological,convex,economic,0.01,123603.09508187983,52625.9212337888,661.0883762766005,79.60497132046083,1.2709025598232297,20,1.0,1.0000000000000002,0.0,0.0,0.2002739726027397,160499,1403,0,0,OPTIMAL,28688.671208893928,17894.48368813061,10794.187520763315,0.0,0.0,15680,32754,OPTIMAL,41895.68339007973,17894.48368813061,24001.199701951824,0.0,0.0,245294,516862,202893.45064793734,0.0,0.003544625,0.016820917,0.128284,0.106374083,0.121135125,0.048775167
sienna/5bus_20_24_chronological_conical_0.01_economic,653657,20,24,chronological,conical,economic,0.01,113363.77202680024,52625.9212337888,661.0883762766005,79.60497132046083,1.2709025598232297,20,1.1907070873323915,2.7273629705065714,0.6602739726027397,0.28493150684931506,0.21972602739726027,189596,1265,0,0,OPTIMAL,32084.72766767579,18691.013473012405,13393.714194663418,0.0,0.0,15680,32754,OPTIMAL,42009.18419922554,18691.013473012405,23318.17072621324,0.0,0.0,245294,516862,206495.26908769167,0.0,0.003407916,0.017198375,0.05824125,0.108932459,0.133260583,0.048775167
sienna/5bus_20_24_chronological_conical_bounded_0.01_economic,653657,20,24,chronological,conical_bounded,economic,0.01,122797.48095743464,52625.9212337888,661.0883762766005,79.60497132046083,1.2709025598232297,20,0.9435909750963327,1.0000000000000002,0.0,0.34794520547945207,0.19794520547945205,160406,1258,0,0,OPTIMAL,27731.615926951523,17519.32041486351,10212.295512087925,0.0,0.0,15680,32754,OPTIMAL,41767.43417119943,17519.32041486351,24248.11375633175,0.0,0.0,245294,516862,200643.29373338903,0.0,0.003668584,0.01749,0.135789209,0.107229833,0.119267625,0.048775167
sienna/5bus_20_24_convex_hull_dirac_0.01_economic,653657,20,24,convex_hull,dirac,economic,0.01,148022.6060371448,86166.31795366379,1051.234161443589,81.966816827316,1.3663914362943355,20,1.0,1.0,0.0,0.0,0.05,0,0,3760,2985,OPTIMAL,73592.4816405444,18321.375358618185,55271.10628192643,0.0,0.0,15680,32754,OPTIMAL,38357.7209039014,18321.375358618185,20036.34554528427,0.0,0.0,245294,516862,199987.6848500985,0.0,0.00356375,0.437135583,1.083e-6,0.078813667,0.104060625,0.048775167
sienna/5bus_20_24_convex_hull_convex_0.01_economic,653657,20,24,convex_hull,convex,economic,0.01,82060.96917500148,86166.31795366379,1051.234161443589,81.966816827316,1.3663914362943355,20,1.0,1.0000000000000002,0.0,0.0,0.2395890410958904,111437,793,3760,2985,OPTIMAL,62094.4597008611,18221.28255565949,43873.177145201655,0.0,0.0,15680,32754,OPTIMAL,38271.14948076121,18221.28255565949,20049.866925103543,0.0,0.0,245294,516862,198936.09446383754,0.0,0.003521208,0.373035375,0.096766583,0.085692542,0.121819625,0.048775167
sienna/5bus_20_24_convex_hull_conical_0.01_economic,653657,20,24,convex_hull,conical,economic,0.01,73121.24341224313,86166.31795366379,1051.234161443589,81.966816827316,1.3663914362943355,20,1.012592919974923,1.863790665931684,0.4684931506849315,0.4767123287671233,0.263972602739726,151307,1329,3760,2985,OPTIMAL,60583.180633595155,17959.372979079595,42623.807654515505,0.0,0.0,15680,32754,OPTIMAL,38087.79472649052,17959.372979079595,20128.421747411012,0.0,0.0,245294,516862,196654.90592091036,0.0,0.003652916,0.21362825,0.061532333,0.094897708,0.107849083,0.048775167
sienna/5bus_20_24_convex_hull_conical_bounded_0.01_economic,653657,20,24,convex_hull,conical_bounded,economic,0.01,78597.38159582039,86166.31795366379,1051.234161443589,81.966816827316,1.3663914362943355,20,0.8884227150056277,1.0000000000000002,0.0,0.6328767123287671,0.23068493150684932,131146,884,3760,2985,OPTIMAL,54542.07279150986,18002.45761033878,36539.615181171044,0.0,0.0,15680,32754,OPTIMAL,38156.23685647329,18002.45761033878,20153.77924613791,0.0,0.0,245294,516862,197525.24189539053,0.0,0.003680083,0.213397417,0.119769959,0.082574125,0.100784375,0.048775167
sienna/5bus_20_24_convex_hull_with_null_dirac_0.01_economic,653657,20,24,convex_hull_with_null,dirac,economic,0.01,163103.4602577981,86665.36589238638,1010.1914952791885,85.7910270452579,1.3836276079320313,20,1.0,1.0,0.0,0.0,0.05,0,0,3676,3434,OPTIMAL,21859.124802150556,14364.388273975152,7494.736528175363,0.0,0.0,15680,32754,OPTIMAL,56498.329635870425,14364.388273975152,42133.94136189878,0.0,0.0,245294,516862,165932.89148370718,0.0,0.003631333,0.247982167,1.5e-6,0.081184833,0.115794,0.048775167
sienna/5bus_20_24_convex_hull_with_null_convex_0.01_economic,653657,20,24,convex_hull_with_null,convex,economic,0.01,104771.62244172761,86665.36589238638,1010.1914952791885,85.7910270452579,1.3836276079320313,20,1.0,1.0000000000000002,0.0,0.0,0.2252054794520548,114088,700,3676,3434,OPTIMAL,22875.862863444127,15409.097849957641,7466.76501348644,0.0,0.0,15680,32754,OPTIMAL,53242.308627700935,15409.097849957641,37833.21077774351,0.0,0.0,245294,516862,175454.77673547107,0.0,0.003398667,0.265140958,0.075537333,0.087021625,0.110890166,0.048775167
sienna/5bus_20_24_convex_hull_with_null_conical_0.01_economic,653657,20,24,convex_hull_with_null,conical,economic,0.01,77860.90090477253,86665.36589238638,1010.1914952791885,85.7910270452579,1.3836276079320313,20,0.8319829950696759,1.576686037640659,0.3041095890410959,0.6410958904109589,0.24383561643835616,137860,1328,3676,3434,OPTIMAL,22274.27773357547,14884.729080061612,7389.548653513893,0.0,0.0,15680,32754,OPTIMAL,54966.26065927011,14884.729080061612,40081.531579212104,0.0,0.0,245294,516862,171461.0831015639,0.0,0.003664333,0.524864458,0.043540667,0.087514208,0.131818916,0.048775167
sienna/5bus_20_24_convex_hull_with_null_conical_bounded_0.01_economic,653657,20,24,convex_hull_with_null,conical_bounded,economic,0.01,81436.3556154195,86665.36589238638,1010.1914952791885,85.7910270452579,1.3836276079320313,20,0.7692930657356092,1.0000000000000002,0.0,0.736986301369863,0.21506849315068494,120476,905,3676,3434,OPTIMAL,21370.802418446467,14442.279168770077,6928.523249676347,0.0,0.0,15680,32754,OPTIMAL,56468.56113688893,14442.279168770077,42026.28196811497,0.0,0.0,245294,516862,167788.24080631204,0.0,0.003668708,0.447757083,0.079785958,0.092862833,0.120816584,0.048775167
sienna/5bus_20_24_conical_hull_dirac_0.01_economic,653657,20,24,conical_hull,dirac,economic,0.01,184044.041867107,36028.81120579966,488.8145616522812,73.70650146758271,2.037665095844245,20,1.0,1.0,0.0,0.0,0.05,0,0,2374,4371,OPTIMAL,44904.37202604603,18472.998254624275,26431.373771421524,0.0,0.0,15680,32754,OPTIMAL,34158.453407396184,18472.998254624275,15685.455152771896,0.0,0.0,245294,516862,186039.59144526414,0.0,0.003647833,0.058319208,1.084e-6,0.08171675,0.093116333,0.048775167
sienna/5bus_20_24_conical_hull_convex_0.01_economic,653657,20,24,conical_hull,convex,economic,0.01,151068.1447678256,36028.81120579966,488.8145616522812,73.70650146758271,2.037665095844245,20,1.0,1.0000000000000002,0.0,0.0,0.2463013698630137,73269,637,2374,4371,OPTIMAL,45280.632062904966,18609.9898559902,26670.64220691471,0.0,0.0,15680,32754,OPTIMAL,34121.65827572911,18609.9898559902,15511.668419738877,0.0,0.0,245294,516862,187674.93177065745,0.0,0.00363425,0.057243666,0.111166875,0.086529541,0.109997708,0.048775167
sienna/5bus_20_24_conical_hull_conical_0.01_economic,653657,20,24,conical_hull,conical,economic,0.01,83841.7299164222,36028.81120579966,488.8145616522812,73.70650146758271,2.037665095844245,20,1.6736036357838133,3.4161488040284724,0.873972602739726,0.07123287671232877,0.3510958904109589,114938,817,2374,4371,OPTIMAL,60191.26908186562,21345.266804081297,38846.002277784195,0.0,0.0,15680,32754,OPTIMAL,34957.43920654631,21345.266804081297,13612.172402465467,0.0,0.0,245294,516862,216406.82219661248,0.0,0.003667542,0.121955833,0.0354445,0.091336,0.117926416,0.048775167
sienna/5bus_20_24_conical_hull_conical_bounded_0.01_economic,653657,20,24,conical_hull,conical_bounded,economic,0.01,151121.58594155032,36028.81120579966,488.8145616522812,73.70650146758271,2.037665095844245,20,0.9905479585286968,1.0000000000000002,0.0,0.37534246575342467,0.24602739726027398,75423,842,2374,4371,OPTIMAL,45096.14033106316,18581.346679279595,26514.79365178349,0.0,0.0,15680,32754,OPTIMAL,34103.061025366726,18581.346679279595,15521.714346087152,0.0,0.0,245294,516862,187483.07666335403,0.0,0.003451625,0.057336792,0.257520083,0.084493,0.106383625,0.048775167
sienna/5bus_20_24_k_means_dirac_0.01,653657,20,24,k_means,dirac,unscaled,0.01,28.31919362057207,28.544017162606735,0.12165240783007614,234.63585860525643,1.1034032099611548,20,1.0,1.0,0.0,0.0,0.05,0,0,0,0,OPTIMAL,26214.694277490136,17536.49648051091,8678.197796979188,0.0,0.0,15680,32754,OPTIMAL,51273.192793112226,17536.49648051091,33736.69631259689,0.0,0.0,245294,516862,202659.4142785699,0.0,0.003636375,0.015096916,7.5e-7,0.084216,0.110909875,0.048775167
sienna/5bus_20_24_k_means_convex_0.01,653657,20,24,k_means,convex,unscaled,0.01,25.251699262060868,28.544017162606735,0.12165240783007614,234.63585860525643,1.1034032099611548,20,1.0,1.0000000000000002,0.0,0.0,0.16712328767123288,70612,586,0,0,OPTIMAL,27581.422938709304,17594.142019600156,9987.280919109257,0.0,0.0,15680,32754,OPTIMAL,50749.74534183507,17594.142019600156,33155.60332223777,0.0,0.0,245294,516862,201656.55299340596,0.0,0.003421833,0.015023417,0.266804209,0.083308875,0.126464458,0.048775167
sienna/5bus_20_24_k_means_conical_0.01,653657,20,24,k_means,conical,unscaled,0.01,24.392085014080795,28.544017162606735,0.12165240783007614,234.63585860525643,1.1034032099611548,20,1.0273411257353562,1.2575773014513865,0.6986301369863014,0.3013698630136986,0.16657534246575342,76952,606,0,0,OPTIMAL,27825.221176083618,17730.17816244912,10095.043013634448,0.0,0.0,15680,32754,OPTIMAL,50957.23875633879,17730.17816244912,33227.06059389138,0.0,0.0,245294,516862,202473.69679451518,0.0,0.003417417,0.014694166,0.025691916,0.085282667,0.129889084,0.048775167
sienna/5bus_20_24_k_means_conical_bounded_0.01,653657,20,24,k_means,conical_bounded,unscaled,0.01,25.10724391460174,28.544017162606735,0.12165240783007614,234.63585860525643,1.1034032099611548,20,0.9856482848193532,1.0000000000000002,0.0,0.42191780821917807,0.16479452054794522,70886,597,0,0,OPTIMAL,27487.843528060388,17471.30693817135,10016.536589888963,0.0,0.0,15680,32754,OPTIMAL,50557.173763849336,17471.30693817135,33085.86682567722,0.0,0.0,245294,516862,200521.41504886962,0.0,0.003386792,0.014786625,0.043671709,0.092759709,0.123066792,0.048775167
sienna/5bus_20_24_k_medoids_dirac_0.01,653657,20,24,k_medoids,dirac,unscaled,0.01,34.15484795749997,28.628304414175627,0.30639160627458106,93.43697355899366,1.139365027627142,20,1.0,1.0,0.0,0.0,0.05,0,0,0,0,OPTIMAL,30436.295599812554,18082.132708403613,12354.16289140898,0.0,0.0,15680,32754,OPTIMAL,38556.186110660514,18082.132708403613,20474.053402257177,0.0,0.0,245294,516862,201920.46246615984,0.0,0.003684458,0.015006833,6.67e-7,0.104297292,0.100139041,0.048775167
sienna/5bus_20_24_k_medoids_convex_0.01,653657,20,24,k_medoids,convex,unscaled,0.01,25.664685184488082,28.628304414175627,0.30639160627458106,93.43697355899366,1.139365027627142,20,1.0,1.0000000000000002,0.0,0.0,0.236986301369863,64771,458,0,0,OPTIMAL,38920.06487856364,18080.84095224322,20839.223926320436,0.0,0.0,15680,32754,OPTIMAL,38332.22658443178,18080.84095224322,20251.385632187354,0.0,0.0,245294,516862,202013.28732822277,0.0,0.003432167,0.01449425,0.26640375,0.084232292,0.106667916,0.048775167
sienna/5bus_20_24_k_medoids_conical_0.01,653657,20,24,k_medoids,conical,unscaled,0.01,24.797112629780173,28.628304414175627,0.30639160627458106,93.43697355899366,1.139365027627142,20,1.021975835547542,1.3230249130187077,0.6273972602739726,0.3178082191780822,0.24438356164383562,68445,464,0,0,OPTIMAL,37795.543618943644,18149.89550801089,19645.648110932776,0.0,0.0,15680,32754,OPTIMAL,38336.63309764091,18149.89550801089,20186.737589626304,0.0,0.0,245294,516862,201250.99297678296,0.0,0.003527667,0.014840041,0.024069375,0.107062875,0.121809834,0.048775167
sienna/5bus_20_24_k_medoids_conical_bounded_0.01,653657,20,24,k_medoids,conical_bounded,unscaled,0.01,25.482775917846823,28.628304414175627,0.30639160627458106,93.43697355899366,1.139365027627142,20,0.9817528991259679,1.0000000000000002,0.0,0.46301369863013697,0.23178082191780822,65425,468,0,0,OPTIMAL,39173.315879491376,18044.977620702135,21128.33825878936,0.0,0.0,15680,32754,OPTIMAL,38326.90410451932,18044.977620702135,20281.926483816318,0.0,0.0,245294,516862,201498.2497432183,0.0,0.00360625,0.015043416,0.042847042,0.108019875,0.121861834,0.048775167
sienna/5bus_20_24_hierarchical_dirac_0.01,653657,20,24,hierarchical,dirac,unscaled,0.01,34.53374080518777,29.12627160896567,0.4192490724878996,69.4724771509335,1.125679105236172,20,1.0,1.0,0.0,0.0,0.05,0,0,0,0,OPTIMAL,26591.46872897466,17995.677013737724,8595.791715236955,0.0,0.0,15680,32754,OPTIMAL,34439.51381026456,17995.677013737724,16443.83679653031,0.0,0.0,245294,516862,194621.58840073124,0.0,0.003546375,0.015955834,7.5e-7,0.103354292,0.117923208,0.048775167
sienna/5bus_20_24_hierarchical_convex_0.01,653657,20,24,hierarchical,convex,unscaled,0.01,26.377958582399298,29.12627160896567,0.4192490724878996,69.4724771509335,1.125679105236172,20,1.0,1.0000000000000002,0.0,0.0,0.23315068493150684,70044,408,0,0,OPTIMAL,27214.71398674603,17960.4174269912,9254.29655975493,0.0,0.0,15680,32754,OPTIMAL,34491.28945863352,17960.4174269912,16530.872031641407,0.0,0.0,245294,516862,191743.55638961063,0.0,0.003609875,0.245236542,0.038391875,0.10781925,0.105703375,0.048775167
sienna/5bus_20_24_hierarchical_conical_0.01,653657,20,24,hierarchical,conical,unscaled,0.01,25.262111527325665,29.12627160896567,0.4192490724878996,69.4724771509335,1.125679105236172,20,1.0208989302864944,1.2855502471798872,0.6164383561643836,0.3287671232876712,0.24178082191780823,75424,431,0,0,OPTIMAL,27401.82075901273,17974.551000627387,9427.269758385344,0.0,0.0,15680,32754,OPTIMAL,34492.14090929207,17974.551000627387,16517.58990866584,0.0,0.0,245294,516862,192187.82552583583,0.0,0.003641584,0.015098584,0.026846375,0.106493083,0.113381708,0.048775167
sienna/5bus_20_24_hierarchical_conical_bounded_0.01,653657,20,24,hierarchical,conical_bounded,unscaled,0.01,26.150061558998477,29.12627160896567,0.4192490724878996,69.4724771509335,1.125679105236172,20,0.980585762648581,1.0000000000000002,0.0,0.4931506849315068,0.2310958904109589,69535,404,0,0,OPTIMAL,26984.563464790976,17948.90580815881,9035.657656632164,0.0,0.0,15680,32754,OPTIMAL,34488.29913243292,17948.90580815881,16539.39332427528,0.0,0.0,245294,516862,191378.33816009667,0.0,0.003409875,0.014945291,0.104536042,0.106714333,0.103069042,0.048775167
sienna/5bus_20_24_chronological_dirac_0.01,653657,20,24,chronological,dirac,unscaled,0.01,43.44630883055275,29.469275919603,0.34958037407946535,84.29899990010351,1.0810169887651542,20,1.0,1.0,0.0,0.0,0.05,0,0,0,0,OPTIMAL,36067.591687281696,18791.18383483307,17276.407852448447,0.0,0.0,15680,32754,OPTIMAL,35014.132886367544,18791.18383483307,16222.94905153807,0.0,0.0,245294,516862,204410.94597747736,0.0,0.003432125,0.014367292,7.5e-7,0.102274667,0.0707695,0.048775167
sienna/5bus_20_24_chronological_convex_0.01,653657,20,24,chronological,convex,unscaled,0.01,30.35032519712339,29.469275919603,0.34958037407946535,84.29899990010351,1.0810169887651542,20,1.0,1.0000000000000002,0.0,0.0,0.22041095890410958,77281,448,0,0,OPTIMAL,36179.19016443503,18450.120937804848,17729.069226630203,0.0,0.0,15680,32754,OPTIMAL,34854.81234082694,18450.120937804848,16404.691403022865,0.0,0.0,245294,516862,199890.59254902805,0.0,0.003583792,0.014492833,0.045673584,0.108356625,0.103060916,0.048775167
sienna/5bus_20_24_chronological_conical_0.01,653657,20,24,chronological,conical,unscaled,0.01,29.11082129140901,29.469275919603,0.34958037407946535,84.29899990010351,1.0810169887651542,20,1.0266116090301485,1.3227870715778707,0.5945205479452055,0.3506849315068493,0.22219178082191782,81684,439,0,0,OPTIMAL,37227.31581368933,18698.54527193227,18528.77054175705,0.0,0.0,15680,32754,OPTIMAL,35032.60180263808,18698.54527193227,16334.056530706528,0.0,0.0,245294,516862,201730.38377932418,0.0,0.003382709,0.015106333,0.027840541,0.107150166,0.106021833,0.048775167
sienna/5bus_20_24_chronological_conical_bounded_0.01,653657,20,24,chronological,conical_bounded,unscaled,0.01,30.07983374112614,29.469275919603,0.34958037407946535,84.29899990010351,1.0810169887651542,20,0.9770347065281413,1.0000000000000002,0.0,0.4712328767123288,0.21547945205479452,77615,432,0,0,OPTIMAL,36623.74364277916,18409.853351777117,18213.890291002004,0.0,0.0,15680,32754,OPTIMAL,34838.59194030117,18409.853351777117,16428.738588524055,0.0,0.0,245294,516862,200244.09441840346,0.0,0.003601583,0.014952375,0.04814675,0.107751667,0.095241042,0.048775167
sienna/5bus_20_24_convex_hull_dirac_0.01,653657,20,24,convex_hull,dirac,unscaled,0.01,43.276833051874185,29.85953645855511,0.5638776649088553,52.95392656380809,1.189339932499414,20,1.0,1.0,0.0,0.0,0.05,0,0,3388,3357,OPTIMAL,32790.80859190158,18613.679455461504,14177.129136440035,0.0,0.0,15680,32754,OPTIMAL,33986.104388001746,18613.679455461504,15372.424932543525,0.0,0.0,245294,516862,187451.88877732525,0.0,0.003601,0.156823667,1.417e-6,0.083713417,0.079425291,0.048775167
sienna/5bus_20_24_convex_hull_convex_0.01,653657,20,24,convex_hull,convex,unscaled,0.01,25.448463891325286,29.85953645855511,0.5638776649088553,52.95392656380809,1.189339932499414,20,1.0,1.0000000000000002,0.0,0.0,0.2924657534246575,56295,316,3388,3357,OPTIMAL,32420.847549277518,18256.899895548093,14163.947653729463,0.0,0.0,15680,32754,OPTIMAL,34181.59471444603,18256.899895548093,15924.694818897891,0.0,0.0,245294,516862,182196.6948160145,0.0,0.003585083,0.097788167,0.076729958,0.090402875,0.116631,0.048775167
sienna/5bus_20_24_convex_hull_conical_0.01,653657,20,24,convex_hull,conical,unscaled,0.01,24.504757619952198,29.85953645855511,0.5638776649088553,52.95392656380809,1.189339932499414,20,1.0395324390845915,1.2739312412105361,0.6712328767123288,0.273972602739726,0.3017808219178082,59715,280,3388,3357,OPTIMAL,31966.299111916735,17970.05300264158,13996.246109275242,0.0,0.0,15680,32754,OPTIMAL,34228.00330467869,17970.05300264158,16257.950302037169,0.0,0.0,245294,516862,180034.18880973614,0.0,0.00366125,0.142597958,0.018761042,0.088840666,0.10384275,0.048775167
sienna/5bus_20_24_convex_hull_conical_bounded_0.01,653657,20,24,convex_hull,conical_bounded,unscaled,0.01,25.32586623190027,29.85953645855511,0.5638776649088553,52.95392656380809,1.189339932499414,20,0.9836558160929573,1.0000000000000002,0.0,0.4794520547945205,0.2928767123287671,57677,312,3388,3357,OPTIMAL,32304.198437075374,18248.698937372123,14055.499499703223,0.0,0.0,15680,32754,OPTIMAL,34155.695242643225,18248.698937372123,15906.99630527356,0.0,0.0,245294,516862,182295.1189755025,0.0,0.003656916,0.099386916,0.077892083,0.087402583,0.110981667,0.048775167
sienna/5bus_20_24_convex_hull_with_null_dirac_0.01,653657,20,24,convex_hull_with_null,dirac,unscaled,0.01,43.94264366193617,30.460754231372817,0.502328798980805,60.63907602585371,1.1813238507960153,20,1.0,1.0,0.0,0.0,0.05,0,0,3353,3757,OPTIMAL,46527.27605390658,18812.950520854854,27714.325533051713,0.0,0.0,15680,32754,OPTIMAL,34180.105017317925,18812.950520854854,15367.1544964597,0.0,0.0,245294,516862,188217.0679658111,0.0,0.003663958,0.170696709,9.17e-7,0.08552675,0.080107916,0.048775167
sienna/5bus_20_24_convex_hull_with_null_convex_0.01,653657,20,24,convex_hull_with_null,convex,unscaled,0.01,26.250318103057488,30.460754231372817,0.502328798980805,60.63907602585371,1.1813238507960153,20,1.0,1.0000000000000002,0.0,0.0,0.29191780821917807,56836,260,3353,3757,OPTIMAL,44066.814813842706,18674.221455591076,25392.593358251554,0.0,0.0,15680,32754,OPTIMAL,34258.19848905688,18674.221455591076,15583.977033465728,0.0,0.0,245294,516862,185339.17489626646,0.0,0.003677292,0.159839167,0.031692833,0.088612125,0.107957917,0.048775167
sienna/5bus_20_24_convex_hull_with_null_conical_0.01,653657,20,24,convex_hull_with_null,conical,unscaled,0.01,24.91647061119707,30.460754231372817,0.502328798980805,60.63907602585371,1.1813238507960153,20,0.9905849336595973,1.2261357317597168,0.473972602739726,0.4712328767123288,0.3058904109589041,59973,348,3353,3757,OPTIMAL,42363.56102140628,18599.046726760072,23764.514294646284,0.0,0.0,15680,32754,OPTIMAL,34233.12193816902,18599.046726760072,15634.07521140967,0.0,0.0,245294,516862,185807.77707136783,0.0,0.003526875,0.175039541,0.02032075,0.089317416,0.113526667,0.048775167
sienna/5bus_20_24_convex_hull_with_null_conical_bounded_0.01,653657,20,24,convex_hull_with_null,conical_bounded,unscaled,0.01,25.517376177512727,30.460754231372817,0.502328798980805,60.63907602585371,1.1813238507960153,20,0.9531675514142636,1.0000000000000002,0.0,0.6191780821917808,0.2912328767123288,57921,313,3353,3757,OPTIMAL,44545.41582077549,18497.113252434778,26048.30256834072,0.0,0.0,15680,32754,OPTIMAL,34255.44526181651,18497.113252434778,15758.33200938448,0.0,0.0,245294,516862,186119.88319589882,0.0,0.0034595,0.32734825,0.037461084,0.110924125,0.112079875,0.048775167
sienna/5bus_20_24_conical_hull_dirac_0.01,653657,20,24,conical_hull,dirac,unscaled,0.01,45.416266623313525,24.320951305325963,0.45042703024354014,53.99531926886345,1.2706215125393578,20,1.0,1.0,0.0,0.0,0.05,0,0,3095,3650,OPTIMAL,34326.05894136812,17234.098124207183,17091.96081716092,0.0,0.0,15680,32754,OPTIMAL,34374.13846293568,17234.098124207183,17140.04033872852,0.0,0.0,245294,516862,181902.88056467313,0.0,0.003668667,0.278793875,7.09e-7,0.0796795,0.086131334,0.048775167
sienna/5bus_20_24_conical_hull_convex_0.01,653657,20,24,conical_hull,convex,unscaled,0.01,30.473822106227882,24.320951305325963,0.45042703024354014,53.99531926886345,1.2706215125393578,20,1.0,1.0000000000000002,0.0,0.0,0.2635616438356164,46467,265,3095,3650,OPTIMAL,37219.01770600382,17381.16561220386,19837.852093800033,0.0,0.0,15680,32754,OPTIMAL,34384.88350265901,17381.16561220386,17003.7178904531,0.0,0.0,245294,516862,183100.87680398085,0.0,0.003635917,0.282185375,0.030137917,0.088423209,0.112953792,0.048775167
sienna/5bus_20_24_conical_hull_conical_0.01,653657,20,24,conical_hull,conical,unscaled,0.01,25.784056971104228,24.320951305325963,0.45042703024354014,53.99531926886345,1.2706215125393578,20,1.1297499129555286,1.5137803128164822,0.863013698630137,0.0821917808219178,0.29726027397260274,52385,294,3095,3650,OPTIMAL,35436.049028873684,17816.699111149926,17619.349917723743,0.0,0.0,15680,32754,OPTIMAL,34542.68501029247,17816.699111149926,16725.98589914257,0.0,0.0,245294,516862,185516.48154701735,0.0,0.003668292,0.073315417,0.062002791,0.088428375,0.118013166,0.048775167
sienna/5bus_20_24_conical_hull_conical_bounded_0.01,653657,20,24,conical_hull,conical_bounded,unscaled,0.01,30.496127924421888,24.320951305325963,0.45042703024354014,53.99531926886345,1.2706215125393578,20,0.9948630754145177,1.0000000000000002,0.0,0.30684931506849317,0.26246575342465756,46737,263,3095,3650,OPTIMAL,37216.80583837876,17378.087043882322,19838.718794496403,0.0,0.0,15680,32754,OPTIMAL,34382.81032115697,17378.087043882322,17004.723277271278,0.0,0.0,245294,516862,183100.87680398085,0.0,0.0036675,0.072777083,0.071477333,0.091649417,0.126255833,0.048775167
sienna/5bus_40_24_k_means_dirac_0.01_economic,653657,40,24,k_means,dirac,economic,0.01,89997.58802704311,107539.180471797,73.48486048857615,1463.4195364433588,1.2426321074089877,40,1.0,1.0,0.0,0.0,0.025,0,0,0,0,OPTIMAL,24341.035528429402,18009.91185993964,6331.123668489717,0.0,0.0,29160,61114,OPTIMAL,49961.89181375338,18009.91185993964,31951.979953815273,0.0,0.0,245294,516862,207574.99460635785,0.0,0.003527833,0.018038125,6.25e-7,0.207821083,0.245432042,0.048775167
sienna/5bus_40_24_k_means_convex_0.01_economic,653657,40,24,k_means,convex,economic,0.01,73098.7733649176,107539.180471797,73.48486048857615,1463.4195364433588,1.2426321074089877,40,1.0,1.0000000000000002,0.0,0.0,0.0958904109589041,295396,2330,0,0,OPTIMAL,24509.602685465,17956.618824971152,6552.98386049397,0.0,0.0,29160,61114,OPTIMAL,48113.531262701785,17956.618824971152,30156.91243773376,0.0,0.0,245294,516862,207913.96665391172,0.0,0.003793916,0.01917725,0.624740875,0.116759541,0.280732708,0.048775167
sienna/5bus_40_24_k_means_conical_0.01_economic,653657,40,24,k_means,conical,economic,0.01,65749.75398680568,107539.180471797,73.48486048857615,1463.4195364433588,1.2426321074089877,40,1.077422619692402,1.6108517057412035,0.6794520547945205,0.3150684931506849,0.10671232876712329,382661,3474,0,0,OPTIMAL,25140.865156753145,18529.54256001003,6611.3225967433245,0.0,0.0,29160,61114,OPTIMAL,47079.84189281267,18529.54256001003,28550.299332800572,0.0,0.0,245294,516862,211917.35175354255,0.0,0.003722417,0.018949541,0.324943209,0.119701,0.295459375,0.048775167
sienna/5bus_40_24_k_means_conical_bounded_0.01_economic,653657,40,24,k_means,conical_bounded,economic,0.01,72431.10652434845,107539.180471797,73.48486048857615,1463.4195364433588,1.2426321074089877,40,0.9570157341822244,1.0000000000000002,0.0,0.46301369863013697,0.09397260273972603,312457,2819,0,0,OPTIMAL,23929.358190117375,17431.97676730627,6497.381422811122,0.0,0.0,29160,61114,OPTIMAL,49010.323878587384,17431.97676730627,31578.34711128131,0.0,0.0,245294,516862,202353.97004714818,0.0,0.00376175,0.019960666,0.699579375,0.117953291,0.303158958,0.048775167
sienna/5bus_40_24_k_medoids_dirac_0.01_economic,653657,40,24,k_medoids,dirac,economic,0.01,110004.34126779763,98057.29901275515,263.1930738864008,372.5679310811901,1.3792884344179805,40,1.0,1.0,0.0,0.0,0.025,0,0,0,0,OPTIMAL,30167.273713318606,17225.61780246989,12941.65591084872,0.0,0.0,29160,61114,OPTIMAL,45469.33374231363,17225.61780246989,28243.715939840768,0.0,0.0,245294,516862,196835.31745575662,0.0,0.003731333,0.018289708,8.75e-7,0.1527105,0.228934042,0.048775167
sienna/5bus_40_24_k_medoids_convex_0.01_economic,653657,40,24,k_medoids,convex,economic,0.01,71918.45032702811,98057.29901275515,263.1930738864008,372.5679310811901,1.3792884344179805,40,1.0,1.0000000000000002,0.0,0.0,0.12773972602739725,283570,2176,0,0,OPTIMAL,31881.350527439194,17594.843204725832,14286.507322713343,0.0,0.0,29160,61114,OPTIMAL,45383.16674553961,17594.843204725832,27788.323540812056,0.0,0.0,245294,516862,198957.9272658612,0.0,0.003627166,0.018065208,0.584443333,0.127041917,0.311197541,0.048775167
sienna/5bus_40_24_k_medoids_conical_0.01_economic,653657,40,24,k_medoids,conical,economic,0.01,66490.6963639091,98057.29901275515,263.1930738864008,372.5679310811901,1.3792884344179805,40,1.0075790014794277,1.6241501559741975,0.4684931506849315,0.42191780821917807,0.13664383561643836,336039,2271,0,0,OPTIMAL,32065.1761268934,17280.29349486706,14784.88263202632,0.0,0.0,29160,61114,OPTIMAL,45360.06019437044,17280.29349486706,28079.766699498457,0.0,0.0,245294,516862,199075.6521509921,0.0,0.00366675,0.018397958,0.539682833,0.120562917,0.258673042,0.048775167
sienna/5bus_40_24_k_medoids_conical_bounded_0.01_economic,653657,40,24,k_medoids,conical_bounded,economic,0.01,70600.42668160092,98057.29901275515,263.1930738864008,372.5679310811901,1.3792884344179805,40,0.92726689365377,1.0000000000000002,0.0,0.6054794520547945,0.12534246575342467,302494,2324,0,0,OPTIMAL,30940.56465894794,16893.56768434695,14046.996974600901,0.0,0.0,29160,61114,OPTIMAL,45521.75544745277,16893.56768434695,28628.187763110065,0.0,0.0,245294,516862,192137.18385198628,0.0,0.003711917,0.018680042,0.419308208,0.124378042,0.270911917,0.048775167
sienna/5bus_40_24_hierarchical_dirac_0.01_economic,653657,40,24,hierarchical,dirac,economic,0.01,106951.67118344245,113493.02990176296,213.26716224746798,532.1636425680457,1.266412634838311,40,1.0,1.0,0.0,0.0,0.025,0,0,0,0,OPTIMAL,38425.64916406385,19022.250665658503,19403.398498405397,0.0,0.0,29160,61114,OPTIMAL,36321.91428328368,19022.250665658503,17299.66361762262,0.0,0.0,245294,516862,210904.49300338846,0.0,0.003754792,0.018739292,1.458e-6,0.21974275,0.191491625,0.048775167
sienna/5bus_40_24_hierarchical_convex_0.01_economic,653657,40,24,hierarchical,convex,economic,0.01,71252.70010524672,113493.02990176296,213.26716224746798,532.1636425680457,1.266412634838311,40,1.0,1.0000000000000002,0.0,0.0,0.12356164383561644,304853,2497,0,0,OPTIMAL,40340.05203579759,18734.5938711493,21605.458164648317,0.0,0.0,29160,61114,OPTIMAL,35871.971421828726,18734.5938711493,17137.377550681394,0.0,0.0,245294,516862,203680.63055943788,0.0,0.003639958,0.018540083,0.6417175,0.118590291,0.287428792,0.048775167
sienna/5bus_40_24_hierarchical_conical_0.01_economic,653657,40,24,hierarchical,conical,economic,0.01,66432.61266610933,113493.02990176296,213.26716224746798,532.1636425680457,1.266412634838311,40,1.0518148405797252,1.6009978925170327,0.5534246575342465,0.336986301369863,0.13321917808219177,362498,2379,0,0,OPTIMAL,39733.7167062378,18733.955503195604,20999.76120304227,0.0,0.0,29160,61114,OPTIMAL,35803.559913030025,18733.955503195604,17069.604409834064,0.0,0.0,245294,516862,205531.20620155643,0.0,0.003661583,0.018477666,0.309690792,0.119169709,0.255094917,0.048775167
sienna/5bus_40_24_hierarchical_conical_bounded_0.01_economic,653657,40,24,hierarchical,conical_bounded,economic,0.01,70475.60678527903,113493.02990176296,213.26716224746798,532.1636425680457,1.266412634838311,40,0.9455558001237381,1.0000000000000002,0.0,0.5260273972602739,0.1215068493150685,322005,2497,0,0,OPTIMAL,39810.396685861444,18446.164094530228,21364.232591331347,0.0,0.0,29160,61114,OPTIMAL,35643.04290951966,18446.164094530228,17196.87881498859,0.0,0.0,245294,516862,199967.77303716505,0.0,0.003638125,0.018471958,0.677449875,0.11915275,0.268266708,0.048775167
sienna/5bus_40_24_chronological_dirac_0.01_economic,653657,40,24,chronological,dirac,economic,0.01,221463.7282199563,79402.09377730144,214.55760438269556,370.0735474081634,1.3240300036438748,40,1.0,1.0,0.0,0.0,0.025,0,0,0,0,OPTIMAL,32101.218235511835,18114.162039806488,13987.0561957056,0.0,0.0,29160,61114,OPTIMAL,41676.34462529096,18114.162039806488,23562.182585486273,0.0,0.0,245294,516862,202762.20419773296,0.0,0.00407575,0.01847925,1.583e-6,0.154579,0.205200333,0.048775167
sienna/5bus_40_24_chronological_convex_0.01_economic,653657,40,24,chronological,convex,economic,0.01,96670.54508820365,79402.09377730144,214.55760438269556,370.0735474081634,1.3240300036438748,40,1.0,1.0000000000000002,0.0,0.0,0.12013698630136986,257073,2176,0,0,OPTIMAL,30143.366475414416,18102.211157544618,12041.155317869685,0.0,0.0,29160,61114,OPTIMAL,41833.27378161869,18102.211157544618,23731.06262407415,0.0,0.0,245294,516862,203653.07210394574,0.0,0.003712917,0.0182445,0.550290875,0.119883083,0.278282375,0.048775167
sienna/5bus_40_24_chronological_conical_0.01_economic,653657,40,24,chronological,conical,economic,0.01,87678.98504677598,79402.09377730144,214.55760438269556,370.0735474081634,1.3240300036438748,40,1.2072130266552392,2.1818451065863416,0.726027397260274,0.1643835616438356,0.13643835616438357,324129,2250,0,0,OPTIMAL,33199.62577208517,19555.805961336555,13643.819810748664,0.0,0.0,29160,61114,OPTIMAL,42893.139128793184,19555.805961336555,23337.333167457462,0.0,0.0,245294,516862,218557.91570704352,0.0,0.003748125,0.018290667,0.5483045,0.119907833,0.279715208,0.048775167
sienna/5bus_40_24_chronological_conical_bounded_0.01_economic,653657,40,24,chronological,conical_bounded,economic,0.01,96390.19728601098,79402.09377730144,214.55760438269556,370.0735474081634,1.3240300036438748,40,0.9712482246898455,1.0000000000000002,0.0,0.3506849315068493,0.11986301369863013,262894,2560,0,0,OPTIMAL,29853.89337814515,17918.77933013196,11935.114048013185,0.0,0.0,29160,61114,OPTIMAL,41776.918963220196,17918.77933013196,23858.139633085048,0.0,0.0,245294,516862,202032.69557288403,0.0,0.003681834,0.018337542,0.380129166,0.120274208,0.298011542,0.048775167
sienna/5bus_40_24_convex_hull_dirac_0.01_economic,653657,40,24,convex_hull,dirac,economic,0.01,128745.44907738401,117861.36067057267,230.39814484501923,511.5551635619891,1.356109712646857,40,1.0,1.0,0.0,0.0,0.025,0,0,9292,4163,OPTIMAL,64157.29417141786,18289.938346132367,45867.35582528563,0.0,0.0,29160,61114,OPTIMAL,38340.527529064544,18289.938346132367,20050.589182934847,0.0,0.0,245294,516862,202386.23394641923,0.0,0.003586459,1.065805708,1.167e-6,0.111721875,0.20548,0.048775167
sienna/5bus_40_24_convex_hull_convex_0.01_economic,653657,40,24,convex_hull,convex,economic,0.01,67579.9585063576,117861.36067057267,230.39814484501923,511.5551635619891,1.356109712646857,40,1.0,1.0000000000000002,0.0,0.0,0.14006849315068493,208600,1837,9292,4163,OPTIMAL,54011.346248275564,18327.866333090697,35683.479915184755,0.0,0.0,29160,61114,OPTIMAL,38364.22573324571,18327.866333090697,20036.35940015496,0.0,0.0,245294,516862,201966.9210138024,0.0,0.003624459,0.781651125,0.228813708,0.136500791,0.228248833,0.048775167
sienna/5bus_40_24_convex_hull_conical_0.01_economic,653657,40,24,convex_hull,conical,economic,0.01,58887.88682465213,117861.36067057267,230.39814484501923,511.5551635619891,1.356109712646857,40,1.0424294054095309,1.7650640480412385,0.4904109589041096,0.4,0.1567123287671233,271403,2318,9292,4163,OPTIMAL,54491.034436943126,18070.702971832063,36420.33146511099,0.0,0.0,29160,61114,OPTIMAL,38159.7128221716,18070.702971832063,20089.009850341594,0.0,0.0,245294,516862,198373.73361531412,0.0,0.003799959,1.075889167,0.178600375,0.138932459,0.247957583,0.048775167
sienna/5bus_40_24_convex_hull_conical_bounded_0.01_economic,653657,40,24,convex_hull,conical_bounded,economic,0.01,64631.885938866915,117861.36067057267,230.39814484501923,511.5551635619891,1.356109712646857,40,0.9093732979835647,1.0000000000000004,0.0,0.6191780821917808,0.13424657534246576,224974,1850,9292,4163,OPTIMAL,48598.52937596563,18049.302374802162,30549.22700116356,0.0,0.0,29160,61114,OPTIMAL,38200.26598296029,18049.302374802162,20150.96360816144,0.0,0.0,245294,516862,198950.72398665044,0.0,0.003583875,0.783467125,0.258267708,0.119021958,0.26774775,0.048775167
sienna/5bus_40_24_convex_hull_with_null_dirac_0.01_economic,653657,40,24,convex_hull_with_null,dirac,economic,0.01,144410.75852200945,118985.93294491878,208.58770648412056,570.4359808662884,1.360204055275727,40,1.0,1.0,0.0,0.0,0.025,0,0,9222,4598,OPTIMAL,23594.663835594343,14745.86323931106,8848.800596283401,0.0,0.0,29160,61114,OPTIMAL,57511.707657418236,14745.86323931106,42765.8444181076,0.0,0.0,245294,516862,170134.8505502492,0.0,0.003658583,1.085088208,1.208e-6,0.111747291,0.22836325,0.048775167
sienna/5bus_40_24_convex_hull_with_null_convex_0.01_economic,653657,40,24,convex_hull_with_null,convex,economic,0.01,78339.28252252616,118985.93294491878,208.58770648412056,570.4359808662884,1.360204055275727,40,1.0,1.0000000000000002,0.0,0.0,0.13397260273972603,189045,1635,9222,4598,OPTIMAL,24884.937807707225,15515.501417229601,9369.436390477764,0.0,0.0,29160,61114,OPTIMAL,54822.608663299674,15515.501417229601,39307.10724607065,0.0,0.0,245294,516862,175902.13096891262,0.0,0.0037395,0.980179542,0.205171625,0.139280791,0.313572125,0.048775167
sienna/5bus_40_24_convex_hull_with_null_conical_0.01_economic,653657,40,24,convex_hull_with_null,conical,economic,0.01,65044.72661020622,118985.93294491878,208.58770648412056,570.4359808662884,1.360204055275727,40,0.9121896984702708,1.6303511607166736,0.33424657534246577,0.5561643835616439,0.14815068493150685,240720,2173,9222,4598,OPTIMAL,23747.725884352014,15003.029967849401,8744.695916502562,0.0,0.0,29160,61114,OPTIMAL,54687.60493802502,15003.029967849401,39684.57497017337,0.0,0.0,245294,516862,172496.5018944291,0.0,0.003691334,0.827435917,0.158381708,0.147090583,0.373220875,0.048775167
sienna/5bus_40_24_convex_hull_with_null_conical_bounded_0.01_economic,653657,40,24,convex_hull_with_null,conical_bounded,economic,0.01,68967.51944054525,118985.93294491878,208.58770648412056,570.4359808662884,1.360204055275727,40,0.8292476824478522,1.0000000000000004,0.0,0.7095890410958904,0.12890410958904108,205515,1808,9222,4598,OPTIMAL,22336.390449876406,14515.128276189003,7821.262173687393,0.0,0.0,29160,61114,OPTIMAL,57124.973697958005,14515.128276189003,42609.84542176966,0.0,0.0,245294,516862,168058.143930343,0.0,0.003582209,1.080201834,0.231054709,0.121738459,0.292399541,0.048775167
sienna/5bus_40_24_conical_hull_dirac_0.01_economic,653657,40,24,conical_hull,dirac,economic,0.01,172488.13780825064,48997.197865717775,191.80787407867362,255.44935577368764,2.070024930131311,40,1.0,1.0,0.0,0.0,0.025,0,0,7396,6059,OPTIMAL,39313.765118987576,18738.17138318128,20575.593735806353,0.0,0.0,29160,61114,OPTIMAL,34087.93234601757,18738.17138318128,15349.76096283756,0.0,0.0,245294,516862,189342.64409598903,0.0,0.003693583,0.419615709,1.75e-6,0.11341625,0.192293875,0.048775167
sienna/5bus_40_24_conical_hull_convex_0.01_economic,653657,40,24,conical_hull,convex,economic,0.01,135581.41045672024,48997.197865717775,191.80787407867362,255.44935577368764,2.070024930131311,40,1.0,1.0000000000000002,0.0,0.0,0.14095890410958903,129341,1585,7396,6059,OPTIMAL,39463.07733243313,18750.39963887539,20712.677693557733,0.0,0.0,29160,61114,OPTIMAL,34074.93172834085,18750.39963887539,15324.532089466667,0.0,0.0,245294,516862,189246.0553534482,0.0,0.003678916,0.232460542,0.184101166,0.134765459,0.282511167,0.048775167
sienna/5bus_40_24_conical_hull_conical_0.01_economic,653657,40,24,conical_hull,conical,economic,0.01,66305.31008532828,48997.197865717775,191.80787407867362,255.44935577368764,2.070024930131311,40,1.5784085857264303,3.072590539307657,0.8383561643835616,0.052054794520547946,0.2036986301369863,213993,1730,7396,6059,OPTIMAL,49594.04128429806,21227.0793036216,28366.961980676577,0.0,0.0,29160,61114,OPTIMAL,34839.60435295941,21227.0793036216,13612.525049337912,0.0,0.0,245294,516862,215819.360803123,0.0,0.004082375,0.293859667,0.355501541,0.147121125,0.288629125,0.048775167
sienna/5bus_40_24_conical_hull_conical_bounded_0.01_economic,653657,40,24,conical_hull,conical_bounded,economic,0.01,135667.25715063684,48997.197865717775,191.80787407867362,255.44935577368764,2.070024930131311,40,0.995758335848045,1.0000000000000002,0.0,0.336986301369863,0.14095890410958903,131771,2037,7396,6059,OPTIMAL,39388.459202044585,18721.14397835565,20667.3152236889,0.0,0.0,29160,61114,OPTIMAL,34063.75046502165,18721.14397835565,15342.60648666692,0.0,0.0,245294,516862,189272.91699861406,0.0,0.003720584,0.229483708,0.189615209,0.134475084,0.273826875,0.048775167
sienna/5bus_40_24_k_means_dirac_0.01,653657,40,24,k_means,dirac,unscaled,0.01,25.716807185781928,41.20562699784969,0.06939562077569364,593.7784911678791,1.0999811205550225,40,1.0,1.0,0.0,0.0,0.025,0,0,0,0,OPTIMAL,26553.98788613769,17654.987038200066,8899.00084793758,0.0,0.0,29160,61114,OPTIMAL,47911.54249727808,17654.987038200066,30256.555459078052,0.0,0.0,245294,516862,202579.94126824124,0.0,0.003746292,0.0156385,2.0e-6,0.15512975,0.216389167,0.048775167
sienna/5bus_40_24_k_means_convex_0.01,653657,40,24,k_means,convex,unscaled,0.01,22.3232475921291,41.20562699784969,0.06939562077569364,593.7784911678791,1.0999811205550225,40,1.0,1.0000000000000002,0.0,0.0,0.10321917808219178,116767,877,0,0,OPTIMAL,27460.44350902144,17637.43929541147,9823.004213609944,0.0,0.0,29160,61114,OPTIMAL,47334.28911261769,17637.43929541147,29696.849817209142,0.0,0.0,245294,516862,201948.6951267856,0.0,0.003771292,0.01581,0.384247667,0.117420208,0.248135875,0.048775167
sienna/5bus_40_24_k_means_conical_0.01,653657,40,24,k_means,conical,unscaled,0.01,21.63266862830485,41.20562699784969,0.06939562077569364,593.7784911678791,1.0999811205550225,40,1.0285294174966093,1.2608483563215023,0.7068493150684931,0.29041095890410956,0.10698630136986301,129962,930,0,0,OPTIMAL,27236.377737874864,17675.58623756381,9560.791500311021,0.0,0.0,29160,61114,OPTIMAL,47432.605896139954,17675.58623756381,29757.019658574885,0.0,0.0,245294,516862,202605.81423408748,0.0,0.003777375,0.016123875,0.134935458,0.155590083,0.254699417,0.048775167
sienna/5bus_40_24_k_means_conical_bounded_0.01,653657,40,24,k_means,conical_bounded,unscaled,0.01,22.26022712252199,41.20562699784969,0.06939562077569364,593.7784911678791,1.0999811205550225,40,0.9885526966546283,1.0000000000000002,0.0,0.4904109589041096,0.10157534246575342,117032,895,0,0,OPTIMAL,27315.840770074505,17577.60313447473,9738.237635599715,0.0,0.0,29160,61114,OPTIMAL,47278.83315829696,17577.60313447473,29701.23002381917,0.0,0.0,245294,516862,200365.5545699386,0.0,0.003789125,0.015795458,0.409252917,0.117520916,0.263316333,0.048775167
sienna/5bus_40_24_k_medoids_dirac_0.01,653657,40,24,k_medoids,dirac,unscaled,0.01,31.375066581602564,41.47047275779577,0.134637233195083,308.01637684953766,1.1328085640979741,40,1.0,1.0,0.0,0.0,0.025,0,0,0,0,OPTIMAL,38505.9860783989,17811.3502292929,20694.63584910579,0.0,0.0,29160,61114,OPTIMAL,38291.204537014724,17811.3502292929,20479.854307722537,0.0,0.0,245294,516862,198132.118466157,0.0,0.003679291,0.014919,1.459e-6,0.153492333,0.214614459,0.048775167
sienna/5bus_40_24_k_medoids_convex_0.01,653657,40,24,k_medoids,convex,unscaled,0.01,22.769064780708103,41.47047275779577,0.134637233195083,308.01637684953766,1.1328085640979741,40,1.0,1.0000000000000002,0.0,0.0,0.13753424657534247,111694,838,0,0,OPTIMAL,43409.950301868266,17667.148515629724,25742.80178623868,0.0,0.0,29160,61114,OPTIMAL,38050.336123710775,17667.148515629724,20383.187608081116,0.0,0.0,245294,516862,195561.02292683529,0.0,0.003649542,0.015150083,0.3606055,0.1178285,0.295152792,0.048775167
sienna/5bus_40_24_k_medoids_conical_0.01,653657,40,24,k_medoids,conical,unscaled,0.01,21.839826618999624,41.47047275779577,0.134637233195083,308.01637684953766,1.1328085640979741,40,1.023519376122613,1.3436140142145299,0.5726027397260274,0.3178082191780822,0.14232876712328768,115504,921,0,0,OPTIMAL,40937.49745116403,17630.637221073703,23306.860230090297,0.0,0.0,29160,61114,OPTIMAL,38041.30745095181,17630.637221073703,20410.670229878262,0.0,0.0,245294,516862,194863.13185068982,0.0,0.003727458,0.015214542,0.126808375,0.156146208,0.296560208,0.048775167
sienna/5bus_40_24_k_medoids_conical_bounded_0.01,653657,40,24,k_medoids,conical_bounded,unscaled,0.01,22.594854624747708,41.47047275779577,0.134637233195083,308.01637684953766,1.1328085640979741,40,0.9825330679884248,1.0000000000000002,0.0,0.5534246575342465,0.13623287671232875,111429,923,0,0,OPTIMAL,43684.82634996766,17588.121140320873,26096.705209646698,0.0,0.0,29160,61114,OPTIMAL,38040.989241282085,17588.121140320873,20452.868100964908,0.0,0.0,245294,516862,195194.54185263536,0.0,0.0037385,0.015556542,0.169725875,0.142638375,0.295333166,0.048775167
sienna/5bus_40_24_hierarchical_dirac_0.01,653657,40,24,hierarchical,dirac,unscaled,0.01,31.049118667042062,41.03821669138768,0.14650884670119887,280.1074311579566,1.1347042356552453,40,1.0,1.0,0.0,0.0,0.025,0,0,0,0,OPTIMAL,27200.45481482578,18191.400018359494,9009.054796466407,0.0,0.0,29160,61114,OPTIMAL,34376.05784843821,18191.400018359494,16184.657830078633,0.0,0.0,245294,516862,196586.7271544311,0.0,0.003758458,0.015500541,1.584e-6,0.21406225,0.196297416,0.048775167
sienna/5bus_40_24_hierarchical_convex_0.01,653657,40,24,hierarchical,convex,unscaled,0.01,22.226310603587443,41.03821669138768,0.14650884670119887,280.1074311579566,1.1347042356552453,40,1.0,1.0000000000000002,0.0,0.0,0.13472602739726028,113407,646,0,0,OPTIMAL,27887.393203221898,17666.044485452163,10221.348717769866,0.0,0.0,29160,61114,OPTIMAL,34440.46744568141,17666.044485452163,16774.422960234006,0.0,0.0,245294,516862,191415.17080453364,0.0,0.003699709,0.0155275,0.398260417,0.119954334,0.274349125,0.048775167
sienna/5bus_40_24_hierarchical_conical_0.01,653657,40,24,hierarchical,conical,unscaled,0.01,21.310528848640132,41.03821669138768,0.14650884670119887,280.1074311579566,1.1347042356552453,40,1.0290128306934017,1.2604151913664945,0.5972602739726027,0.29315068493150687,0.14253424657534247,119217,756,0,0,OPTIMAL,27973.999237617973,17788.757838817055,10185.241398800947,0.0,0.0,29160,61114,OPTIMAL,34428.89274203571,17788.757838817055,16640.134903218506,0.0,0.0,245294,516862,190745.19834073394,0.0,0.003631292,0.015879333,0.127844458,0.154569,0.289046625,0.048775167
sienna/5bus_40_24_hierarchical_conical_bounded_0.01,653657,40,24,hierarchical,conical_bounded,unscaled,0.01,22.122476782195797,41.03821669138768,0.14650884670119887,280.1074311579566,1.1347042356552453,40,0.9850111535759307,1.0000000000000004,0.0,0.5506849315068493,0.13267123287671234,111779,756,0,0,OPTIMAL,27680.349862443614,17650.0242616174,10030.325600826298,0.0,0.0,29160,61114,OPTIMAL,34441.03399663267,17650.0242616174,16791.009735015374,0.0,0.0,245294,516862,191535.20259736865,0.0,0.003754833,0.015829167,0.229603583,0.122172708,0.269044125,0.048775167
sienna/5bus_40_24_chronological_dirac_0.01,653657,40,24,chronological,dirac,unscaled,0.01,41.76587786698405,41.64858118319492,0.14703121378186854,283.26353372137436,1.1036647227936063,40,1.0,1.0,0.0,0.0,0.025,0,0,0,0,OPTIMAL,37179.05437986922,18306.928958298016,18872.12542157143,0.0,0.0,29160,61114,OPTIMAL,34925.23512333696,18306.928958298016,16618.306165043425,0.0,0.0,245294,516862,201334.10485450533,0.0,0.003692833,0.015076125,1.075e-5,0.150652667,0.203164792,0.048775167
sienna/5bus_40_24_chronological_convex_0.01,653657,40,24,chronological,convex,unscaled,0.01,25.377928114422367,41.64858118319492,0.14703121378186854,283.26353372137436,1.1036647227936063,40,1.0,1.0000000000000002,0.0,0.0,0.12986301369863013,128740,817,0,0,OPTIMAL,43386.95166413425,18439.287347781174,24947.664316353144,0.0,0.0,29160,61114,OPTIMAL,34861.59731907054,18439.287347781174,16422.309971291477,0.0,0.0,245294,516862,199793.9613287579,0.0,0.003712459,0.015269916,0.39053725,0.119351625,0.268604917,0.048775167
sienna/5bus_40_24_chronological_conical_0.01,653657,40,24,chronological,conical,unscaled,0.01,24.13449205356128,41.64858118319492,0.14703121378186854,283.26353372137436,1.1036647227936063,40,1.0242543902386412,1.3264119377882615,0.5753424657534246,0.3150684931506849,0.1360958904109589,133915,789,0,0,OPTIMAL,43551.991536729154,18652.446027574668,24899.54550915451,0.0,0.0,29160,61114,OPTIMAL,34941.29497532474,18652.446027574668,16288.848947748882,0.0,0.0,245294,516862,202737.85608672546,0.0,0.003593667,0.06953675,0.155284042,0.148893375,0.235378375,0.048775167
sienna/5bus_40_24_chronological_conical_bounded_0.01,653657,40,24,chronological,conical_bounded,unscaled,0.01,25.086251233438517,41.64858118319492,0.14703121378186854,283.26353372137436,1.1036647227936063,40,0.9789375922053468,1.0000000000000002,0.0,0.5068493150684932,0.1293835616438356,129424,817,0,0,OPTIMAL,43953.41335194362,18363.116759199977,25590.296592743634,0.0,0.0,29160,61114,OPTIMAL,34821.60661981424,18363.116759199977,16458.489860613765,0.0,0.0,245294,516862,200092.0846473825,0.0,0.00375325,0.015120292,0.195434709,0.135916208,0.294988917,0.048775167
sienna/5bus_40_24_convex_hull_dirac_0.01,653657,40,24,convex_hull,dirac,unscaled,0.01,36.9716659754479,41.25544332772382,0.19579151471251152,210.71108923336553,1.1805265099724989,40,1.0,1.0,0.0,0.0,0.025,0,0,8435,5020,OPTIMAL,32350.010843453263,18462.56236237401,13887.44848107935,0.0,0.0,29160,61114,OPTIMAL,33944.716030788826,18462.56236237401,15482.153668414785,0.0,0.0,245294,516862,187522.27955307037,0.0,0.003712542,0.76447625,1.25e-6,0.112375583,0.195080333,0.048775167
sienna/5bus_40_24_convex_hull_convex_0.01,653657,40,24,convex_hull,convex,unscaled,0.01,20.56313859597073,41.25544332772382,0.19579151471251152,210.71108923336553,1.1805265099724989,40,1.0,1.0000000000000002,0.0,0.0,0.1684931506849315,95397,508,8435,5020,OPTIMAL,32389.471854092128,18425.51032947619,13963.961524615908,0.0,0.0,29160,61114,OPTIMAL,34011.00647212531,18425.51032947619,15585.496142650956,0.0,0.0,245294,516862,185418.36392650267,0.0,0.003797959,0.507618,0.107506958,0.16089525,0.275693917,0.048775167
sienna/5bus_40_24_convex_hull_conical_0.01,653657,40,24,convex_hull,conical,unscaled,0.01,19.62115176034747,41.25544332772382,0.19579151471251152,210.71108923336553,1.1805265099724989,40,1.044845165104375,1.2404706023477627,0.6712328767123288,0.2191780821917808,0.17376712328767124,101080,578,8435,5020,OPTIMAL,31633.756838357414,18352.34549638217,13281.411341975378,0.0,0.0,29160,61114,OPTIMAL,34071.43900248899,18352.34549638217,15719.093506108378,0.0,0.0,245294,516862,184690.96316890014,0.0,0.003684166,0.781599667,0.076749416,0.166973166,0.28786325,0.048775167
sienna/5bus_40_24_convex_hull_conical_bounded_0.01,653657,40,24,convex_hull,conical_bounded,unscaled,0.01,20.56264333923918,41.25544332772382,0.19579151471251152,210.71108923336553,1.1805265099724989,40,0.990240753777963,1.0000000000000002,0.0,0.5232876712328767,0.16739726027397261,95893,521,8435,5020,OPTIMAL,32306.369968729618,18421.991639220552,13884.378329509183,0.0,0.0,29160,61114,OPTIMAL,34008.67007868294,18421.991639220552,15586.678439465768,0.0,0.0,245294,516862,185509.37559309785,0.0,0.003715959,0.507291417,0.116874333,0.160139083,0.279476917,0.048775167
sienna/5bus_40_24_convex_hull_with_null_dirac_0.01,653657,40,24,convex_hull_with_null,dirac,unscaled,0.01,36.75237370565366,41.801681587571196,0.2121449772725854,197.0429944889063,1.1803461354774345,40,1.0,1.0,0.0,0.0,0.025,0,0,8340,5480,OPTIMAL,38943.56795836246,18899.081958215516,20044.486000146877,0.0,0.0,29160,61114,OPTIMAL,34035.40581770174,18899.081958215516,15136.323859484577,0.0,0.0,245294,516862,190321.82067240952,0.0,0.006315792,0.828316208,9.58e-7,0.112645584,0.200097334,0.048775167
sienna/5bus_40_24_convex_hull_with_null_convex_0.01,653657,40,24,convex_hull_with_null,convex,unscaled,0.01,20.701567410429384,41.801681587571196,0.2121449772725854,197.0429944889063,1.1803461354774345,40,1.0,1.0000000000000002,0.0,0.0,0.17082191780821918,95136,654,8340,5480,OPTIMAL,40164.83253666101,18771.12490454006,21393.707632121,0.0,0.0,29160,61114,OPTIMAL,34082.256170144545,18771.12490454006,15311.131265603062,0.0,0.0,245294,516862,187911.88742658548,0.0,0.003716333,0.738167084,0.107844792,0.160142958,0.282103917,0.048775167
sienna/5bus_40_24_convex_hull_with_null_conical_0.01,653657,40,24,convex_hull_with_null,conical,unscaled,0.01,19.731469229085288,41.801681587571196,0.2121449772725854,197.0429944889063,1.1803461354774345,40,1.0199149657663187,1.2164894507215496,0.5506849315068493,0.33972602739726027,0.17616438356164382,102422,674,8340,5480,OPTIMAL,38703.75592662442,18765.138927817177,19938.61699880708,0.0,0.0,29160,61114,OPTIMAL,34056.43323924837,18765.138927817177,15291.29431142796,0.0,0.0,245294,516862,188013.50019473562,0.0,0.003606084,0.56965725,0.069159959,0.1607965,0.3011005,0.048775167
sienna/5bus_40_24_convex_hull_with_null_conical_bounded_0.01,653657,40,24,convex_hull_with_null,conical_bounded,unscaled,0.01,20.48036433136781,41.801681587571196,0.2121449772725854,197.0429944889063,1.1803461354774345,40,0.9781080730343198,1.0000000000000002,0.0,0.5808219178082191,0.168013698630137,97777,654,8340,5480,OPTIMAL,40256.32767073449,18706.27318540958,21550.054485324985,0.0,0.0,29160,61114,OPTIMAL,34021.043832033996,18706.27318540958,15314.770646622595,0.0,0.0,245294,516862,186846.14053684764,0.0,0.003868167,0.843945041,0.134452708,0.156864,0.27708425,0.048775167
sienna/5bus_40_24_conical_hull_dirac_0.01,653657,40,24,conical_hull,dirac,unscaled,0.01,40.29494575005926,34.969322067008,0.16538977742234892,211.43581309568071,1.2515823087064482,40,1.0,1.0,0.0,0.0,0.025,0,0,8310,5145,OPTIMAL,33573.89098864953,17406.774403938998,16167.116584710566,0.0,0.0,29160,61114,OPTIMAL,34201.7936074332,17406.774403938998,16795.01920349419,0.0,0.0,245294,516862,176631.90890759023,0.0,0.003647708,0.28372425,1.25e-6,0.115773375,0.172741584,0.048775167
sienna/5bus_40_24_conical_hull_convex_0.01,653657,40,24,conical_hull,convex,unscaled,0.01,25.19934742364975,34.969322067008,0.16538977742234892,211.43581309568071,1.2515823087064482,40,1.0,1.0000000000000002,0.0,0.0,0.15698630136986302,76261,515,8310,5145,OPTIMAL,35916.35199976094,17729.694925710184,18186.657074050752,0.0,0.0,29160,61114,OPTIMAL,34169.67081850834,17729.694925710184,16439.975892802067,0.0,0.0,245294,516862,180033.1481670002,0.0,0.003752917,0.505274959,0.111861,0.159878833,0.286314292,0.048775167
sienna/5bus_40_24_conical_hull_conical_0.01,653657,40,24,conical_hull,conical,unscaled,0.01,20.967135895312694,34.969322067008,0.16538977742234892,211.43581309568071,1.2515823087064482,40,1.1089262745916173,1.4707018470935396,0.8082191780821918,0.0821917808219178,0.17636986301369864,87910,553,8310,5145,OPTIMAL,34748.86392086096,17879.186943424887,16869.676977436102,0.0,0.0,29160,61114,OPTIMAL,34195.09540246058,17879.186943424887,16315.908459034245,0.0,0.0,245294,516862,180347.86251108022,0.0,0.003728417,0.280602958,0.074834666,0.161236667,0.276181667,0.048775167
sienna/5bus_40_24_conical_hull_conical_bounded_0.01,653657,40,24,conical_hull,conical_bounded,unscaled,0.01,25.260768079868086,34.969322067008,0.16538977742234892,211.43581309568071,1.2515823087064482,40,0.9951764663488942,1.0000000000000002,0.0,0.3863013698630137,0.15602739726027398,77054,515,8310,5145,OPTIMAL,35841.80066667547,17719.14428466952,18122.656382006,0.0,0.0,29160,61114,OPTIMAL,34169.40484679514,17719.14428466952,16450.26056212547,0.0,0.0,245294,516862,180138.02108059256,0.0,0.003640791,0.636899125,0.0955255,0.181812459,0.27311675,0.048775167
sienna/5bus_80_24_k_means_dirac_0.01_economic,653657,80,24,k_means,dirac,economic,0.01,73541.12693222509,142822.46812740792,0.049741485058393015,2.871294814775722e6,1.3084971816174502,80,1.0,1.0,0.0,0.0,0.0125,0,0,0,0,OPTIMAL,24778.59151992851,17670.177251959343,7108.414267969328,0.0,0.0,56120,117834,OPTIMAL,50802.904696596095,17670.177251959343,33132.7274446351,0.0,0.0,245294,516862,204823.8968718621,0.0,0.003731458,0.01961,1.459e-6,0.25608825,0.485701291,0.048775167
sienna/5bus_80_24_k_means_convex_0.01_economic,653657,80,24,k_means,convex,economic,0.01,58001.85044489816,142822.46812740792,0.049741485058393015,2.871294814775722e6,1.3084971816174502,80,1.0,1.0000000000000002,0.0,0.0,0.057328767123287674,456822,5336,0,0,OPTIMAL,25099.586950930294,17344.14761387536,7755.439337055037,0.0,0.0,56120,117834,OPTIMAL,52257.180396752156,17344.14761387536,34913.03278287628,0.0,0.0,245294,516862,199308.9695929611,0.0,0.003741,0.019836666,1.474099792,0.195347917,0.595074541,0.048775167
sienna/5bus_80_24_k_means_conical_0.01_economic,653657,80,24,k_means,conical,economic,0.01,51622.232434716345,142822.46812740792,0.049741485058393015,2.871294814775722e6,1.3084971816174502,80,1.1020719138105963,1.5683424475437118,0.684931506849315,0.27671232876712326,0.06866438356164384,602394,4646,0,0,OPTIMAL,26673.6711604397,17880.66051109805,8793.010649341579,0.0,0.0,56120,117834,OPTIMAL,51022.7199151138,17880.66051109805,33142.05940401832,0.0,0.0,245294,516862,202799.76255049053,0.0,0.00373825,0.019613334,1.02847275,0.204025417,0.547943959,0.048775167
sienna/5bus_80_24_k_means_conical_bounded_0.01_economic,653657,80,24,k_means,conical_bounded,economic,0.01,57804.26033995749,142822.46812740792,0.049741485058393015,2.871294814775722e6,1.3084971816174502,80,0.9702971579072718,1.0000000000000002,0.0,0.4958904109589041,0.05684931506849315,478286,5336,0,0,OPTIMAL,24605.999931149232,17097.624992135745,7508.374939013519,0.0,0.0,56120,117834,OPTIMAL,52641.78005847514,17097.624992135745,35544.15506634222,0.0,0.0,245294,516862,196946.23843068277,0.0,0.00372325,0.01980975,1.576150084,0.194073917,0.622795167,0.048775167
sienna/5bus_80_24_k_medoids_dirac_0.01_economic,653657,80,24,k_medoids,dirac,economic,0.01,93813.90769836736,140350.40376698578,0.11755763338084331,1.1938859241262735e6,1.328389968770327,80,1.0,1.0,0.0,0.0,0.0125,0,0,0,0,OPTIMAL,28994.100571353574,18458.44512531161,10535.655446042329,0.0,0.0,56120,117834,OPTIMAL,34458.850435615444,18458.44512531161,16000.405310304044,0.0,0.0,245294,516862,200886.86223368836,0.0,0.003695958,0.018643625,1.583e-6,0.258935791,0.366099542,0.048775167
sienna/5bus_80_24_k_medoids_convex_0.01_economic,653657,80,24,k_medoids,convex,economic,0.01,59648.66634109847,140350.40376698578,0.11755763338084331,1.1938859241262735e6,1.328389968770327,80,1.0,1.0000000000000002,0.0,0.0,0.06674657534246575,475552,4769,0,0,OPTIMAL,30166.463547694104,18412.674603153202,11753.788944541218,0.0,0.0,56120,117834,OPTIMAL,34408.993099159845,18412.674603153202,15996.318496003998,0.0,0.0,245294,516862,199487.3924152145,0.0,0.003756792,0.018455834,1.533930916,0.202906834,0.39273925,0.048775167
sienna/5bus_80_24_k_medoids_conical_0.01_economic,653657,80,24,k_medoids,conical,economic,0.01,53230.81044196863,140350.40376698578,0.11755763338084331,1.1938859241262735e6,1.328389968770327,80,1.0800476330781599,1.6787589704342916,0.5260273972602739,0.2547945205479452,0.07715753424657534,567381,4486,0,0,OPTIMAL,31011.015506979606,18847.659036064746,12163.356470914772,0.0,0.0,56120,117834,OPTIMAL,34503.89241034356,18847.659036064746,15656.233374279314,0.0,0.0,245294,516862,202467.74462099123,0.0,0.003747958,0.018486375,0.98290925,0.204152708,0.415280875,0.048775167
sienna/5bus_80_24_k_medoids_conical_bounded_0.01_economic,653657,80,24,k_medoids,conical_bounded,economic,0.01,59279.73416371326,140350.40376698578,0.11755763338084331,1.1938859241262735e6,1.328389968770327,80,0.9611754261691854,1.0000000000000002,0.0,0.4767123287671233,0.06636986301369863,482106,4402,0,0,OPTIMAL,29493.840899496518,18135.947141309185,11357.893758187263,0.0,0.0,56120,117834,OPTIMAL,34349.673709234565,18135.947141309185,16213.72656792543,0.0,0.0,245294,516862,196311.48526609768,0.0,0.003690709,0.018558166,1.609392208,0.197863709,0.432840417,0.048775167
sienna/5bus_80_24_hierarchical_dirac_0.01_economic,653657,80,24,hierarchical,dirac,economic,0.01,85315.78234533497,158019.99088123682,0.08256812069603554,1.913813582641273e6,1.2922031647332552,80,1.0,1.0,0.0,0.0,0.0125,0,0,0,0,OPTIMAL,43343.0179229598,19076.308625491278,24266.70929746836,0.0,0.0,56120,117834,OPTIMAL,36310.07675206299,19076.308625491278,17233.768126573214,0.0,0.0,245294,516862,211986.07235321443,0.0,0.00371175,0.018934709,1.5e-6,0.257069667,0.397989541,0.048775167
sienna/5bus_80_24_hierarchical_convex_0.01_economic,653657,80,24,hierarchical,convex,economic,0.01,54226.113746609546,158019.99088123682,0.08256812069603554,1.913813582641273e6,1.2922031647332552,80,1.0,1.0000000000000004,0.0,0.0,0.0626027397260274,454810,3778,0,0,OPTIMAL,41635.55535894782,18748.5827403159,22886.972618631768,0.0,0.0,56120,117834,OPTIMAL,35879.6053835341,18748.5827403159,17131.022643218148,0.0,0.0,245294,516862,204422.71695385323,0.0,0.0037345,0.018850709,1.4674155,0.202016583,0.505997417,0.048775167
sienna/5bus_80_24_hierarchical_conical_0.01_economic,653657,80,24,hierarchical,conical,economic,0.01,48124.246017180565,158019.99088123682,0.08256812069603554,1.913813582641273e6,1.2922031647332552,80,1.0828267854721176,1.7002370765741008,0.5232876712328767,0.25753424657534246,0.07349315068493151,584080,3992,0,0,OPTIMAL,40090.87829218405,19429.09529423049,20661.782997953636,0.0,0.0,56120,117834,OPTIMAL,36428.78597374703,19429.09529423049,16999.690679516083,0.0,0.0,245294,516862,213073.53637667265,0.0,0.003687,0.019072792,1.025808959,0.196383084,0.499936458,0.048775167
sienna/5bus_80_24_hierarchical_conical_bounded_0.01_economic,653657,80,24,hierarchical,conical_bounded,economic,0.01,53608.36516788231,158019.99088123682,0.08256812069603554,1.913813582641273e6,1.2922031647332552,80,0.9589876487977035,1.0000000000000002,0.0,0.4904109589041096,0.061952054794520546,482079,3778,0,0,OPTIMAL,41461.20156614321,18432.115782748308,23029.08578339485,0.0,0.0,56120,117834,OPTIMAL,35625.45169059823,18432.115782748308,17193.335907850986,0.0,0.0,245294,516862,201567.5996463842,0.0,0.003851125,0.018816417,1.576697,0.205046417,0.470734666,0.048775167
sienna/5bus_80_24_chronological_dirac_0.01_economic,653657,80,24,chronological,dirac,economic,0.01,195678.49887856,110333.26647342902,0.11111641950065981,992951.9594786246,1.339964573395439,80,1.0,1.0,0.0,0.0,0.0125,0,0,0,0,OPTIMAL,31451.04026488089,18729.65011841877,12721.390146462072,0.0,0.0,56120,117834,OPTIMAL,33751.42647680896,18729.65011841877,15021.776358390167,0.0,0.0,245294,516862,196617.32073796447,0.0,0.003711292,0.018163625,9.17e-7,0.25740825,0.370435709,0.048775167
sienna/5bus_80_24_chronological_convex_0.01_economic,653657,80,24,chronological,convex,economic,0.01,81935.01272154252,110333.26647342902,0.11111641950065981,992951.9594786246,1.339964573395439,80,1.0,1.0000000000000002,0.0,0.0,0.0642123287671233,384381,4395,0,0,OPTIMAL,29408.58848120456,18609.479959757016,10799.108521447492,0.0,0.0,56120,117834,OPTIMAL,33767.553749412466,18609.479959757016,15158.0737896534,0.0,0.0,245294,516862,194824.78712407767,0.0,0.003738959,0.018360958,1.310707416,0.195440667,0.465795541,0.048775167
sienna/5bus_80_24_chronological_conical_0.01_economic,653657,80,24,chronological,conical,economic,0.01,73570.94992252937,110333.26647342902,0.11111641950065981,992951.9594786246,1.339964573395439,80,1.1643147822847066,1.9637207941776968,0.6,0.18082191780821918,0.07311643835616438,443970,4323,0,0,OPTIMAL,32332.937011328446,19689.652059031534,12643.284952296946,0.0,0.0,56120,117834,OPTIMAL,33937.634594987554,19689.652059031534,14247.982535957275,0.0,0.0,245294,516862,205540.27016150442,0.0,0.003767042,0.01820775,0.794778541,0.206424542,0.514392541,0.048775167
sienna/5bus_80_24_chronological_conical_bounded_0.01_economic,653657,80,24,chronological,conical_bounded,economic,0.01,81629.18344471866,110333.26647342902,0.11111641950065981,992951.9594786246,1.339964573395439,80,0.9718944349324605,1.0000000000000002,0.0,0.39452054794520547,0.06342465753424657,385363,4628,0,0,OPTIMAL,28956.94893380723,18348.68258978884,10608.266344018408,0.0,0.0,56120,117834,OPTIMAL,33778.019931410774,18348.68258978884,15429.337341619594,0.0,0.0,245294,516862,193630.1855381258,0.0,0.003754084,0.018664667,1.358810667,0.203960791,0.413129584,0.048775167
sienna/5bus_80_24_convex_hull_dirac_0.01_economic,653657,80,24,convex_hull,dirac,economic,0.01,102551.2361465327,172780.07853302968,0.09788783725853578,1.7650821937836136e6,1.2914579382576663,80,1.0,1.0,0.0,0.0,0.0125,0,0,20253,5422,OPTIMAL,59284.50911663004,18832.008456257197,40452.50066037357,0.0,0.0,56120,117834,OPTIMAL,33794.29576895007,18832.008456257197,14962.28731269654,0.0,0.0,245294,516862,196039.7219491934,0.0,0.003696083,3.122818917,1.875e-6,0.2670625,0.409687958,0.048775167
sienna/5bus_80_24_convex_hull_convex_0.01_economic,653657,80,24,convex_hull,convex,economic,0.01,51658.29470457055,172780.07853302968,0.09788783725853578,1.7650821937836136e6,1.2914579382576663,80,1.0,1.0000000000000002,0.0,0.0,0.07366438356164384,359278,2942,20253,5422,OPTIMAL,50096.30861438523,18859.317398725536,31236.99121565994,0.0,0.0,56120,117834,OPTIMAL,33800.345824316,18859.317398725536,14941.028425593853,0.0,0.0,245294,516862,196137.43767557747,0.0,0.003563167,4.098731334,0.916667583,0.204759292,0.465888375,0.048775167
sienna/5bus_80_24_convex_hull_conical_0.01_economic,653657,80,24,convex_hull,conical,economic,0.01,45047.791137385095,172780.07853302968,0.09788783725853578,1.7650821937836136e6,1.2914579382576663,80,1.0287702558144556,1.7293596730500325,0.4273972602739726,0.35342465753424657,0.08126712328767123,444601,4636,20253,5422,OPTIMAL,50839.79609011113,18944.490587079523,31895.305503031697,0.0,0.0,56120,117834,OPTIMAL,33906.43104834456,18944.490587079523,14961.940461266264,0.0,0.0,245294,516862,194793.5592665621,0.0,0.003703792,3.3055745,0.721032041,0.202832916,0.509308292,0.048775167
sienna/5bus_80_24_convex_hull_conical_bounded_0.01_economic,653657,80,24,convex_hull,conical_bounded,economic,0.01,49141.76683949798,172780.07853302968,0.09788783725853578,1.7650821937836136e6,1.2914579382576663,80,0.9248690359924922,1.0000000000000002,0.0,0.589041095890411,0.0714041095890411,380561,3072,20253,5422,OPTIMAL,46194.90356220431,18612.1942707128,27582.70929149175,0.0,0.0,56120,117834,OPTIMAL,33802.752168042476,18612.1942707128,15190.557897327426,0.0,0.0,245294,516862,194156.14225224897,0.0,0.003681875,3.407018708,0.997420375,0.209683667,0.481512291,0.048775167
sienna/5bus_80_24_convex_hull_with_null_dirac_0.01_economic,653657,80,24,convex_hull_with_null,dirac,economic,0.01,102453.31657343608,173489.23998448494,0.12345451216009254,1.4052887735647012e6,1.2922679719671235,80,1.0,1.0,0.0,0.0,0.0125,0,0,20303,5737,OPTIMAL,57812.62766415073,18839.917946703703,38972.70971744739,0.0,0.0,56120,117834,OPTIMAL,33782.903373326306,18839.917946703703,14942.98542662662,0.0,0.0,245294,516862,197628.9579514048,0.0,0.003674125,3.303897042,1.958e-6,0.262404292,0.378490291,0.048775167
sienna/5bus_80_24_convex_hull_with_null_convex_0.01_economic,653657,80,24,convex_hull_with_null,convex,economic,0.01,52808.46158058652,173489.23998448494,0.12345451216009254,1.4052887735647012e6,1.2922679719671235,80,1.0,1.0000000000000002,0.0,0.0,0.07184931506849315,362703,3111,20303,5737,OPTIMAL,49865.337005420784,18851.786673565344,31013.55033185559,0.0,0.0,56120,117834,OPTIMAL,33798.44254161592,18851.786673565344,14946.655868052407,0.0,0.0,245294,516862,196000.7195489011,0.0,0.003619917,3.458599708,0.928792625,0.200180458,0.450779625,0.048775167
sienna/5bus_80_24_convex_hull_with_null_conical_0.01_economic,653657,80,24,convex_hull_with_null,conical,economic,0.01,45005.355757057856,173489.23998448494,0.12345451216009254,1.4052887735647012e6,1.2922679719671235,80,0.9816757217237836,1.7259363686370073,0.3287671232876712,0.4520547945205479,0.07965753424657535,449302,4513,20303,5737,OPTIMAL,46362.0145478343,18684.416750344037,27677.597797490598,0.0,0.0,56120,117834,OPTIMAL,33815.12897755619,18684.416750344037,15130.712227212121,0.0,0.0,245294,516862,193598.8163887546,0.0,0.003735417,3.409166125,0.732933459,0.205575125,0.457124042,0.048775167
sienna/5bus_80_24_convex_hull_with_null_conical_bounded_0.01_economic,653657,80,24,convex_hull_with_null,conical_bounded,economic,0.01,48395.835168180005,173489.23998448494,0.12345451216009254,1.4052887735647012e6,1.2922679719671235,80,0.9048979757727508,1.0000000000000002,0.0,0.6328767123287671,0.07003424657534246,386852,2933,20303,5737,OPTIMAL,43402.40522240273,18241.74549426374,25160.659728138882,0.0,0.0,56120,117834,OPTIMAL,33797.59862588728,18241.74549426374,15555.853131626522,0.0,0.0,245294,516862,191177.13837180735,0.0,0.003769791,3.699753458,1.014886042,0.209051875,0.5214925,0.048775167
sienna/5bus_80_24_conical_hull_dirac_0.01_economic,653657,80,24,conical_hull,dirac,economic,0.01,151492.41759702374,73738.27620079042,0.13319671901813435,553604.2985469572,1.8814138697881455,80,1.0,1.0,0.0,0.0,0.0125,0,0,17880,7795,OPTIMAL,34266.22951718143,18508.268503025563,15757.961014155513,0.0,0.0,56120,117834,OPTIMAL,34004.39083913448,18508.268503025563,15496.12233610559,0.0,0.0,245294,516862,186358.06219552102,0.0,0.003712875,0.808363458,1.917e-6,0.260452541,0.383648167,0.048775167
sienna/5bus_80_24_conical_hull_convex_0.01_economic,653657,80,24,conical_hull,convex,economic,0.01,120203.79380373325,73738.27620079042,0.13319671901813435,553604.2985469572,1.8814138697881455,80,1.0,1.0000000000000004,0.0,0.0,0.07352739726027398,218971,3525,17880,7795,OPTIMAL,34851.90950906449,18652.558689807636,16199.35081925688,0.0,0.0,56120,117834,OPTIMAL,34019.454347072504,18652.558689807636,15366.895657262461,0.0,0.0,245294,516862,186618.57576107688,0.0,0.00366725,1.045518125,0.587589416,0.209507833,0.485419666,0.048775167
sienna/5bus_80_24_conical_hull_conical_0.01_economic,653657,80,24,conical_hull,conical,economic,0.01,52859.23462331166,73738.27620079042,0.13319671901813435,553604.2985469572,1.8814138697881455,80,1.4154024927893571,2.703310869854445,0.7452054794520548,0.03561643835616438,0.10191780821917808,330772,3097,17880,7795,OPTIMAL,44244.15486623876,20998.74975524712,23245.40511099165,0.0,0.0,56120,117834,OPTIMAL,34632.774854501055,20998.74975524712,13634.025099255496,0.0,0.0,245294,516862,211877.34029816792,0.0,0.003736709,0.862926084,0.543736708,0.205660667,0.443119583,0.048775167
sienna/5bus_80_24_conical_hull_conical_bounded_0.01_economic,653657,80,24,conical_hull,conical_bounded,economic,0.01,120335.0414603978,73738.27620079042,0.13319671901813435,553604.2985469572,1.8814138697881455,80,0.9954782263002191,1.0000000000000002,0.0,0.3726027397260274,0.07352739726027398,219053,3428,17880,7795,OPTIMAL,34769.709042723734,18626.78410603324,16142.924936690502,0.0,0.0,56120,117834,OPTIMAL,34016.93603808936,18626.78410603324,15390.151932056086,0.0,0.0,245294,516862,186150.64710990342,0.0,0.003742208,1.154080917,0.603544334,0.209207333,0.443154583,0.048775167
sienna/5bus_80_24_k_means_dirac_0.01,653657,80,24,k_means,dirac,unscaled,0.01,21.97516242948137,58.67836865245637,0.012032463049373618,4876.671418950339,1.1166247481959166,80,1.0,1.0,0.0,0.0,0.0125,0,0,0,0,OPTIMAL,29908.777498759486,18629.35500897273,11279.42248978669,0.0,0.0,56120,117834,OPTIMAL,34764.694068984936,18629.35500897273,16135.339060012877,0.0,0.0,245294,516862,203463.24040825714,0.0,0.0037475,0.016302792,7.08e-7,0.25658,0.332593834,0.048775167
sienna/5bus_80_24_k_means_convex_0.01,653657,80,24,k_means,convex,unscaled,0.01,18.359699986267003,58.67836865245637,0.012032463049373618,4876.671418950339,1.1166247481959166,80,1.0,1.0000000000000002,0.0,0.0,0.0614041095890411,183581,1220,0,0,OPTIMAL,32890.960459311544,18383.611275211362,14507.349184099972,0.0,0.0,56120,117834,OPTIMAL,34651.50028980887,18383.611275211362,16267.889014597418,0.0,0.0,245294,516862,200031.44835620478,0.0,0.003557375,0.016441917,0.851365917,0.205793167,0.666793,0.048775167
sienna/5bus_80_24_k_means_conical_0.01,653657,80,24,k_means,conical,unscaled,0.01,17.728877203165933,58.67836865245637,0.012032463049373618,4876.671418950339,1.1166247481959166,80,1.022782189618788,1.2500650969296256,0.6767123287671233,0.29041095890410956,0.06383561643835617,191429,1335,0,0,OPTIMAL,31622.350228998792,18491.85121831256,13130.49901068616,0.0,0.0,56120,117834,OPTIMAL,34670.67133159037,18491.85121831256,16178.820113277267,0.0,0.0,245294,516862,199638.01946065915,0.0,0.003709458,0.017263916,0.670533292,0.19297725,0.772380709,0.048775167
sienna/5bus_80_24_k_means_conical_bounded_0.01,653657,80,24,k_means,conical_bounded,unscaled,0.01,18.32477405579869,58.67836865245637,0.012032463049373618,4876.671418950339,1.1166247481959166,80,0.989386367488942,1.0000000000000002,0.0,0.589041095890411,0.060205479452054796,180816,1220,0,0,OPTIMAL,32740.446203388543,18278.476301881077,14461.969901507744,0.0,0.0,56120,117834,OPTIMAL,34639.504235346365,18278.476301881077,16361.02793346495,0.0,0.0,245294,516862,197953.9513232271,0.0,0.003709917,0.016423625,0.586659792,0.194947166,0.596429542,0.048775167
sienna/5bus_80_24_k_medoids_dirac_0.01,653657,80,24,k_medoids,dirac,unscaled,0.01,27.081679840807634,58.41219617157707,0.020952320994513957,2787.8627950989967,1.1392121367838428,80,1.0,1.0,0.0,0.0,0.0125,0,0,0,0,OPTIMAL,34476.90822124529,17881.286715451046,16595.62150579461,0.0,0.0,56120,117834,OPTIMAL,38230.55961404669,17881.286715451046,20349.27289859564,0.0,0.0,245294,516862,199253.05641125594,0.0,0.003705125,0.022586,1.709e-6,0.307285792,0.376320416,0.048775167
sienna/5bus_80_24_k_medoids_convex_0.01,653657,80,24,k_medoids,convex,unscaled,0.01,18.992304648092173,58.41219617157707,0.020952320994513957,2787.8627950989967,1.1392121367838428,80,1.0,1.0000000000000004,0.0,0.0,0.07339041095890411,158857,995,0,0,OPTIMAL,37138.67409945941,17672.61701790611,19466.05708155321,0.0,0.0,56120,117834,OPTIMAL,36217.37153164028,17672.61701790611,18544.754513737462,0.0,0.0,245294,516862,193156.43089341983,0.0,0.003725875,0.015669625,0.825507916,0.200907417,0.4810095,0.048775167
sienna/5bus_80_24_k_medoids_conical_0.01,653657,80,24,k_medoids,conical,unscaled,0.01,18.234922323222282,58.41219617157707,0.020952320994513957,2787.8627950989967,1.1392121367838428,80,1.0183292274626987,1.3104889642964288,0.5068493150684932,0.273972602739726,0.07732876712328766,168272,1154,0,0,OPTIMAL,35586.16768825208,17756.996121355547,17829.1715668965,0.0,0.0,56120,117834,OPTIMAL,36184.28899959173,17756.996121355547,18427.292878236956,0.0,0.0,245294,516862,193112.31614479714,0.0,0.00371475,0.015264208,0.3682435,0.226073708,0.403232292,0.048775167
sienna/5bus_80_24_k_medoids_conical_bounded_0.01,653657,80,24,k_medoids,conical_bounded,unscaled,0.01,18.875728290097097,58.41219617157707,0.020952320994513957,2787.8627950989967,1.1392121367838428,80,0.9854327829990306,1.0000000000000002,0.0,0.5342465753424658,0.07301369863013699,160113,970,0,0,OPTIMAL,37131.78729522305,17659.444375947354,19472.342919275896,0.0,0.0,56120,117834,OPTIMAL,36234.48593206258,17659.444375947354,18575.04155611119,0.0,0.0,245294,516862,192773.74097179782,0.0,0.003725417,0.015139875,0.796782,0.201201083,0.396458625,0.048775167
sienna/5bus_80_24_hierarchical_dirac_0.01,653657,80,24,hierarchical,dirac,unscaled,0.01,26.468210857556894,58.019599833483504,0.02270969090573573,2554.8388163587747,1.141827843232445,80,1.0,1.0,0.0,0.0,0.0125,0,0,0,0,OPTIMAL,30393.689690024064,19034.5515146923,11359.138175332237,0.0,0.0,56120,117834,OPTIMAL,33849.32404295695,19034.5515146923,14814.772528268919,0.0,0.0,245294,516862,197334.3768681323,0.0,0.003705625,0.015836166,1.416e-6,0.254307917,0.412261417,0.048775167
sienna/5bus_80_24_hierarchical_convex_0.01,653657,80,24,hierarchical,convex,unscaled,0.01,18.067720911576796,58.019599833483504,0.02270969090573573,2554.8388163587747,1.141827843232445,80,1.0,1.0000000000000002,0.0,0.0,0.07363013698630137,160901,1212,0,0,OPTIMAL,34690.94321146074,18738.423257584236,15952.519953876616,0.0,0.0,56120,117834,OPTIMAL,33843.36404459815,18738.423257584236,15104.94078701567,0.0,0.0,245294,516862,192222.67530338338,0.0,0.003773208,0.015605917,0.784790625,0.210628583,0.392289292,0.048775167
sienna/5bus_80_24_hierarchical_conical_0.01,653657,80,24,hierarchical,conical,unscaled,0.01,17.321374513765544,58.019599833483504,0.02270969090573573,2554.8388163587747,1.141827843232445,80,1.0198456068591262,1.2817503007510611,0.5342465753424658,0.2465753424657534,0.07794520547945205,168943,1227,0,0,OPTIMAL,33654.40921745265,18781.952699340312,14872.456518112358,0.0,0.0,56120,117834,OPTIMAL,33842.8305194004,18781.952699340312,15060.877820056206,0.0,0.0,245294,516862,192910.70963782992,0.0,0.003667667,0.015549625,0.362840209,0.225135584,0.402724167,0.048775167
sienna/5bus_80_24_hierarchical_conical_bounded_0.01,653657,80,24,hierarchical,conical_bounded,unscaled,0.01,17.97339018794887,58.019599833483504,0.02270969090573573,2554.8388163587747,1.141827843232445,80,0.9863582037324502,1.0000000000000002,0.0,0.5150684931506849,0.07297945205479452,158950,1276,0,0,OPTIMAL,34575.85470518054,18705.04759557818,15870.807109602392,0.0,0.0,56120,117834,OPTIMAL,33842.7595203602,18705.04759557818,15137.711924782105,0.0,0.0,245294,516862,192262.0796415931,0.0,0.003685667,0.015692917,0.794583375,0.192367292,0.590283,0.048775167
sienna/5bus_80_24_chronological_dirac_0.01,653657,80,24,chronological,dirac,unscaled,0.01,38.086327783075085,58.55402357717848,0.025428401021932143,2302.701751741106,1.1144034009085833,80,1.0,1.0,0.0,0.0,0.0125,0,0,0,0,OPTIMAL,34640.70250369634,18621.08618424383,16019.616319453435,0.0,0.0,56120,117834,OPTIMAL,33750.78530084526,18621.08618424383,15129.69911660129,0.0,0.0,245294,516862,195459.16187075418,0.0,0.003749084,0.015025542,7.92e-7,0.25839,0.304973084,0.048775167
sienna/5bus_80_24_chronological_convex_0.01,653657,80,24,chronological,convex,unscaled,0.01,21.32682165364962,58.55402357717848,0.025428401021932143,2302.701751741106,1.1144034009085833,80,1.0,1.0000000000000002,0.0,0.0,0.06904109589041096,181206,1093,0,0,OPTIMAL,37516.99221111605,18277.801880298914,19239.190330817088,0.0,0.0,56120,117834,OPTIMAL,33770.19402968717,18277.801880298914,15492.392149391993,0.0,0.0,245294,516862,189506.1657257005,0.0,0.003757666,0.014919584,0.831416333,0.204655791,0.461566708,0.048775167
sienna/5bus_80_24_chronological_conical_0.01,653657,80,24,chronological,conical,unscaled,0.01,20.31397496764784,58.55402357717848,0.025428401021932143,2302.701751741106,1.1144034009085833,80,1.018577846065518,1.324337619552574,0.4849315068493151,0.2958904109589041,0.07136986301369863,185194,1225,0,0,OPTIMAL,36432.526875036514,18360.280489508776,18072.24638552762,0.0,0.0,56120,117834,OPTIMAL,33762.890395894836,18360.280489508776,15402.609906383967,0.0,0.0,245294,516862,190622.19753464675,0.0,0.003660459,0.015186459,0.390331,0.211523584,0.4929195,0.048775167
sienna/5bus_80_24_chronological_conical_bounded_0.01,653657,80,24,chronological,conical_bounded,unscaled,0.01,21.173171064619908,58.55402357717848,0.025428401021932143,2302.701751741106,1.1144034009085833,80,0.9836046650082185,1.0000000000000002,0.0,0.5178082191780822,0.06804794520547945,181275,1222,0,0,OPTIMAL,37652.44729991219,18270.64849645322,19381.798803459176,0.0,0.0,56120,117834,OPTIMAL,33766.466810741586,18270.64849645322,15495.818314288348,0.0,0.0,245294,516862,190490.50178738296,0.0,0.003685833,0.015259375,0.875328416,0.193471083,0.806115042,0.048775167
sienna/5bus_80_24_convex_hull_dirac_0.01,653657,80,24,convex_hull,dirac,unscaled,0.01,31.263428282899685,59.50011024468132,0.01628355826789432,3653.9992835592607,1.1653852782034975,80,1.0,1.0,0.0,0.0,0.0125,0,0,19089,6586,OPTIMAL,42357.524856147,18215.877769058086,24141.64708708875,0.0,0.0,56120,117834,OPTIMAL,33892.54712031906,18215.877769058086,15676.66935125836,0.0,0.0,245294,516862,187156.2748917206,0.0,0.003623375,1.825374167,1.542e-6,0.257881708,0.329637542,0.048775167
sienna/5bus_80_24_convex_hull_convex_0.01,653657,80,24,convex_hull,convex,unscaled,0.01,16.344438051648524,59.50011024468132,0.01628355826789432,3653.9992835592607,1.1653852782034975,80,1.0,1.0000000000000002,0.0,0.0,0.08715753424657534,148165,1056,19089,6586,OPTIMAL,40611.07572683014,18397.634310690722,22213.44141613965,0.0,0.0,56120,117834,OPTIMAL,33923.861157984546,18397.634310690722,15526.226847293829,0.0,0.0,245294,516862,186700.04018874984,0.0,0.003691083,2.4304475,0.405620833,0.198495042,0.446235583,0.048775167
sienna/5bus_80_24_convex_hull_conical_0.01,653657,80,24,convex_hull,conical,unscaled,0.01,15.664574004641823,59.50011024468132,0.01628355826789432,3653.9992835592607,1.1653852782034975,80,1.031823912678686,1.2522343753035101,0.5835616438356165,0.19726027397260273,0.09191780821917808,156282,950,19089,6586,OPTIMAL,38152.39126480279,18352.827848145695,19799.56341665715,0.0,0.0,56120,117834,OPTIMAL,33955.121120876334,18352.827848145695,15602.293272730667,0.0,0.0,245294,516862,186052.3677452782,0.0,0.003754375,1.795145875,0.265562084,0.205692292,0.562987666,0.048775167
sienna/5bus_80_24_convex_hull_conical_bounded_0.01,653657,80,24,convex_hull,conical_bounded,unscaled,0.01,16.37788597337722,59.50011024468132,0.01628355826789432,3653.9992835592607,1.1653852782034975,80,0.9907612139514296,1.0000000000000002,0.0,0.5287671232876713,0.08654109589041097,148843,926,19089,6586,OPTIMAL,40586.9779059024,18379.37498026396,22207.602925638497,0.0,0.0,56120,117834,OPTIMAL,33923.38397137421,18379.37498026396,15544.008991112025,0.0,0.0,245294,516862,186462.82210092866,0.0,0.00373175,2.167034958,0.417246292,0.211914125,0.641253208,0.048775167
sienna/5bus_80_24_convex_hull_with_null_dirac_0.01,653657,80,24,convex_hull_with_null,dirac,unscaled,0.01,30.37647132239041,59.177600626524814,0.022529269640868398,2626.6985823266928,1.166611187071987,80,1.0,1.0,0.0,0.0,0.0125,0,0,18905,7135,OPTIMAL,38963.016529301116,18134.75999440382,20828.256534897388,0.0,0.0,56120,117834,OPTIMAL,33896.31451624378,18134.75999440382,15761.554521844491,0.0,0.0,245294,516862,184992.5520513462,0.0,0.003748791,2.093944958,1.083e-6,0.220528417,0.323520542,0.048775167
sienna/5bus_80_24_convex_hull_with_null_convex_0.01,653657,80,24,convex_hull_with_null,convex,unscaled,0.01,16.080281682064253,59.177600626524814,0.022529269640868398,2626.6985823266928,1.166611187071987,80,1.0,1.0000000000000002,0.0,0.0,0.0859931506849315,145315,878,18905,7135,OPTIMAL,39907.65036381575,18372.016521281133,21535.633842534728,0.0,0.0,56120,117834,OPTIMAL,33933.507853775525,18372.016521281133,15561.49133249817,0.0,0.0,245294,516862,185801.4016304806,0.0,0.003614834,2.363334209,0.397862958,0.203650083,0.42963175,0.048775167
sienna/5bus_80_24_convex_hull_with_null_conical_0.01,653657,80,24,convex_hull_with_null,conical,unscaled,0.01,15.443275724408632,59.177600626524814,0.022529269640868398,2626.6985823266928,1.166611187071987,80,1.0270200117775143,1.2058005626495754,0.5506849315068493,0.23013698630136986,0.09154109589041096,156567,1134,18905,7135,OPTIMAL,37515.92764087071,18327.147917933264,19188.779722937597,0.0,0.0,56120,117834,OPTIMAL,33952.12902532583,18327.147917933264,15624.981107396428,0.0,0.0,245294,516862,184970.1314889666,0.0,0.003728584,2.09045875,0.263852916,0.205821209,0.443780792,0.048775167
sienna/5bus_80_24_convex_hull_with_null_conical_bounded_0.01,653657,80,24,convex_hull_with_null,conical_bounded,unscaled,0.01,16.0992861576451,59.177600626524814,0.022529269640868398,2626.6985823266928,1.166611187071987,80,0.9892545119258476,1.0000000000000002,0.0,0.5643835616438356,0.0851027397260274,148020,855,18905,7135,OPTIMAL,39853.17054230181,18334.226317783454,21518.944224518254,0.0,0.0,56120,117834,OPTIMAL,33934.07837695538,18334.226317783454,15599.852059171952,0.0,0.0,245294,516862,185843.83890048455,0.0,0.003700125,2.46386,0.415813958,0.203812125,0.452620125,0.048775167
sienna/5bus_80_24_conical_hull_dirac_0.01,653657,80,24,conical_hull,dirac,unscaled,0.01,33.229107767138004,50.63221941939174,0.01526450549803573,3316.990480032727,1.228441707140947,80,1.0,1.0,0.0,0.0,0.0125,0,0,18627,7048,OPTIMAL,31256.381842677376,18046.041974392232,13210.339868285679,0.0,0.0,56120,117834,OPTIMAL,33939.693759348105,18046.041974392232,15893.651784955882,0.0,0.0,245294,516862,183844.58254602118,0.0,0.003637042,0.977197875,1.792e-6,0.2592985,0.296397042,0.048775167
sienna/5bus_80_24_conical_hull_convex_0.01,653657,80,24,conical_hull,convex,unscaled,0.01,19.034203104914344,50.63221941939174,0.01526450549803573,3316.990480032727,1.228441707140947,80,1.0,1.0000000000000002,0.0,0.0,0.08215753424657535,119182,1018,18627,7048,OPTIMAL,34488.348720600574,18311.19467079871,16177.1540498018,0.0,0.0,56120,117834,OPTIMAL,34009.411089244946,18311.19467079871,15698.216418448335,0.0,0.0,245294,516862,185006.60101198638,0.0,0.003660041,1.359312667,0.331288917,0.206384333,0.41871775,0.048775167
sienna/5bus_80_24_conical_hull_conical_0.01,653657,80,24,conical_hull,conical,unscaled,0.01,16.6960894801511,50.63221941939174,0.01526450549803573,3316.990480032727,1.228441707140947,80,1.0780433515956196,1.370360739903139,0.7041095890410959,0.07671232876712329,0.09585616438356165,142742,1072,18627,7048,OPTIMAL,33101.89622171047,18226.678824589973,14875.217397120554,0.0,0.0,56120,117834,OPTIMAL,34039.045539876985,18226.678824589973,15812.366715283524,0.0,0.0,245294,516862,183866.57266360972,0.0,0.00357775,1.02242875,0.239984542,0.207022042,0.532642125,0.048775167
sienna/5bus_80_24_conical_hull_conical_bounded_0.01,653657,80,24,conical_hull,conical_bounded,unscaled,0.01,19.118600862277596,50.63221941939174,0.01526450549803573,3316.990480032727,1.228441707140947,80,0.9953003345388878,1.0000000000000002,0.0,0.4520547945205479,0.08205479452054794,120462,968,18627,7048,OPTIMAL,34432.874885345016,18257.960240238812,16174.914645106186,0.0,0.0,56120,117834,OPTIMAL,34006.19518468639,18257.960240238812,15748.234944447368,0.0,0.0,245294,516862,185033.20610617797,0.0,0.003730292,1.293525083,0.341984417,0.198827959,0.745950334,0.048775167
sienna/5bus_1_8760_k_means_dirac_0.01_economic,505263,1,8760,k_means,dirac,economic,0.01,0.0,1.0,1.0,1.0,1.0,1,1.0,1.0,0.0,0.0,1.0,0,0,0,0,OPTIMAL,33746.70401607637,18577.455697202462,15169.248318875589,0.0,0.0,245294,516862,N/A,,,,,,0,0,0.0,0.0,0.003565792,0.0211595,1.25e-6,0.74141625,2.411578625,0.047869208
sienna/5bus_10_24_k_means_dirac_0.01_economic,505263,10,24,k_means,dirac,economic,0.01,116032.20047815618,54284.391799749705,298.6759416025717,181.7501319606865,1.1501909052421595,10,1.0,1.0,0.0,0.0,0.1,0,0,0,0,OPTIMAL,21611.5523574475,17778.21835080891,3833.3340066385676,0.0,0.0,8940,18574,OPTIMAL,416950.3038417444,17778.21835080891,391639.7122842658,0.0,7532.373206666611,245294,516862,217442.72558748117,753.237320666661,0.003594458,0.017603541,8.75e-7,0.063988083,0.067187666,0.047869208
sienna/5bus_10_24_k_means_convex_0.01_economic,505263,10,24,k_means,convex,economic,0.01,101957.064859795,54284.391799749705,298.6759416025717,181.7501319606865,1.1501909052421595,10,1.0,1.0000000000000002,0.0,0.0,0.2441095890410959,69495,876,0,0,OPTIMAL,21661.11803435556,17654.123853556128,4006.9941807993678,0.0,0.0,8940,18574,OPTIMAL,399071.2446875679,17654.123853556128,379987.403991371,0.0,1429.7168426613553,245294,516862,218796.29598456307,142.97168426613553,0.003612875,0.017713667,0.0232575,0.065552333,0.06409025,0.047869208
sienna/5bus_10_24_k_means_conical_0.01_economic,505263,10,24,k_means,conical,economic,0.01,93158.82318617143,54284.391799749705,298.6759416025717,181.7501319606865,1.1501909052421595,10,1.0757030559812668,1.6700025047207625,0.6958904109589041,0.3041095890410959,0.2550684931506849,103194,1022,0,0,OPTIMAL,21604.285612115847,17567.272238421985,4037.013373693889,0.0,0.0,8940,18574,OPTIMAL,501955.5342467018,17567.272238421985,455805.3371916347,0.0,28582.92481665102,245294,516862,221235.09943340876,2858.292481665102,0.003592291,0.017579209,0.023001666,0.064495042,0.075730666,0.047869208
sienna/5bus_10_24_k_means_conical_bounded_0.01_economic,505263,10,24,k_means,conical_bounded,economic,0.01,99787.56100074897,54284.391799749705,298.6759416025717,181.7501319606865,1.1501909052421595,10,0.934622047118852,1.0,0.0,0.3561643835616438,0.24191780821917808,82714,1241,0,0,OPTIMAL,21168.68894041806,17152.19698472641,4016.491955691588,0.0,0.0,8940,18574,OPTIMAL,391608.0373706249,17152.19698472641,362497.5091607989,0.0,11958.33122508692,245294,516862,217068.824484473,1195.833122508692,0.003514292,0.017628791,0.031830083,0.065567666,0.061536375,0.047869208
sienna/5bus_10_24_k_medoids_dirac_0.01_economic,505263,10,24,k_medoids,dirac,economic,0.01,135884.96167163222,48791.58346528424,1507.2421479188242,32.37142985462215,1.2455742809971868,10,1.0,1.0,0.0,0.0,0.1,0,0,0,0,OPTIMAL,28395.07825149023,18696.31228943949,9698.765962050753,0.0,0.0,8940,18574,OPTIMAL,42915.428824920105,18696.31228943949,24219.116535480072,0.0,0.0,245294,516862,211627.0542103189,0.0,0.003493542,0.018819875,6.66e-7,0.07657225,0.056889792,0.047869208
sienna/5bus_10_24_k_medoids_convex_0.01_economic,505263,10,24,k_medoids,convex,economic,0.01,105046.84281041494,48791.58346528424,1507.2421479188242,32.37142985462215,1.2455742809971868,10,1.0,1.0000000000000002,0.0,0.0,0.336986301369863,87366,604,0,0,OPTIMAL,29427.632526808746,18872.511542697164,10555.120984111578,0.0,0.0,8940,18574,OPTIMAL,42905.20354351576,18872.511542697164,24032.69200081863,0.0,0.0,245294,516862,212334.91869093783,0.0,0.00358925,0.253228709,0.028004292,0.141091833,0.0602645,0.047869208
sienna/5bus_10_24_k_medoids_conical_0.01_economic,505263,10,24,k_medoids,conical,economic,0.01,98326.47885723198,48791.58346528424,1507.2421479188242,32.37142985462215,1.2455742809971868,10,1.062745434040287,1.7445860365366372,0.6465753424657534,0.32602739726027397,0.35342465753424657,116490,677,0,0,OPTIMAL,30517.91527854637,18951.7403680997,11566.174910446704,0.0,0.0,8940,18574,OPTIMAL,42846.1933522611,18951.7403680997,23894.45298416284,0.0,0.0,245294,516862,214662.34536575974,0.0,0.003648375,0.017889542,0.024813084,0.080172583,0.060157583,0.047869208
sienna/5bus_10_24_k_medoids_conical_bounded_0.01_economic,505263,10,24,k_medoids,conical_bounded,economic,0.01,103447.3654214504,48791.58346528424,1507.2421479188242,32.37142985462215,1.2455742809971868,10,0.9312181087672469,1.0,0.0,0.42191780821917807,0.3323287671232877,95186,621,0,0,OPTIMAL,29036.195125154463,18118.175634411637,10918.019490742858,0.0,0.0,8940,18574,OPTIMAL,42015.60990303256,18118.175634411637,23897.434268621757,0.0,0.0,245294,516862,203035.5362697363,0.0,0.003510958,0.018926916,0.037795083,0.08106825,0.052581,0.047869208
sienna/5bus_10_24_hierarchical_dirac_0.01_economic,505263,10,24,hierarchical,dirac,economic,0.01,137230.32363714508,57319.540357789374,1516.4346238862136,37.798886582327455,1.1960997422261825,10,1.0,1.0,0.0,0.0,0.1,0,0,0,0,OPTIMAL,25798.29459256151,18800.912616991853,6997.381975569618,0.0,0.0,8940,18574,OPTIMAL,61076.77987114383,18800.912616991853,42275.86725415177,0.0,0.0,245294,516862,218090.36839238447,0.0,0.00361875,0.019239459,5.83e-7,0.13572225,0.058940708,0.047869208
sienna/5bus_10_24_hierarchical_convex_0.01_economic,505263,10,24,hierarchical,convex,economic,0.01,105149.03357961544,57319.540357789374,1516.4346238862136,37.798886582327455,1.1960997422261825,10,1.0,1.0000000000000002,0.0,0.0,0.32054794520547947,101689,737,0,0,OPTIMAL,25505.603864967114,18675.30980785937,6830.294057107754,0.0,0.0,8940,18574,OPTIMAL,61270.503518072546,18675.30980785937,42595.19371021706,0.0,0.0,245294,516862,217555.04973938674,0.0,0.003521209,0.018841042,0.086368833,0.080475125,0.056914958,0.047869208
sienna/5bus_10_24_hierarchical_conical_0.01_economic,505263,10,24,hierarchical,conical,economic,0.01,99952.16590911608,57319.540357789374,1516.4346238862136,37.798886582327455,1.1960997422261825,10,1.053282145657044,1.5071951359204454,0.6465753424657534,0.32602739726027397,0.32246575342465755,122592,934,0,0,OPTIMAL,25472.11634847148,18299.233397748594,7172.8829507228775,0.0,0.0,8940,18574,OPTIMAL,60630.965396519874,18299.233397748594,42331.731998773335,0.0,0.0,245294,516862,217307.61998216007,0.0,0.00357775,0.019301958,0.101669416,0.080587917,0.056528541,0.047869208
sienna/5bus_10_24_hierarchical_conical_bounded_0.01_economic,505263,10,24,hierarchical,conical_bounded,economic,0.01,103286.46748358755,57319.540357789374,1516.4346238862136,37.798886582327455,1.1960997422261825,10,0.9294693937469803,1.0,0.0,0.3698630136986301,0.3178082191780822,114220,902,0,0,OPTIMAL,24912.151991155246,17623.780379470238,7288.371611684967,0.0,0.0,8940,18574,OPTIMAL,58965.29278688601,17623.780379470238,41341.51240741534,0.0,0.0,245294,516862,213288.4259898177,0.0,0.003605292,0.019473334,0.1087255,0.079732125,0.052009,0.047869208
sienna/5bus_10_24_chronological_dirac_0.01_economic,505263,10,24,chronological,dirac,economic,0.01,231088.2918494902,27559.443189826496,982.9330400301776,28.037966033759915,1.321579248245148,10,1.0,1.0,0.0,0.0,0.1,0,0,0,0,OPTIMAL,25756.255563784573,16631.444232323003,9124.811331461657,0.0,0.0,8940,18574,OPTIMAL,54317.90348945429,16631.444232323003,37686.45925713723,0.0,0.0,245294,516862,197385.42586194805,0.0,0.003507667,0.018678875,6.67e-7,0.077029667,0.033221542,0.047869208
sienna/5bus_10_24_chronological_convex_0.01_economic,505263,10,24,chronological,convex,economic,0.01,169513.80638029758,27559.443189826496,982.9330400301776,28.037966033759915,1.321579248245148,10,1.0,1.0000000000000002,0.0,0.0,0.28465753424657536,61886,521,0,0,OPTIMAL,27685.85655280956,16083.512379937903,11602.344172871626,0.0,0.0,8940,18574,OPTIMAL,51512.1297755631,16083.512379937903,35428.61739562787,0.0,0.0,245294,516862,180730.47600247306,0.0,0.003484125,0.018354333,0.02480675,0.0814915,0.046910167,0.047869208
sienna/5bus_10_24_chronological_conical_0.01_economic,505263,10,24,chronological,conical,economic,0.01,126364.9780655519,27559.443189826496,982.9330400301776,28.037966033759915,1.321579248245148,10,1.2900741001353409,2.530321024172794,0.7232876712328767,0.2493150684931507,0.32575342465753426,85082,586,0,0,OPTIMAL,31175.18196552285,18382.81551402419,12792.36645149867,0.0,0.0,8940,18574,OPTIMAL,54430.46893948935,18382.81551402419,36047.653425465476,0.0,0.0,245294,516862,206877.8280716888,0.0,0.003604917,0.018212667,0.019303167,0.081946542,0.063558,0.047869208
sienna/5bus_10_24_chronological_conical_bounded_0.01_economic,505263,10,24,chronological,conical_bounded,economic,0.01,169012.78739951234,27559.443189826496,982.9330400301776,28.037966033759915,1.321579248245148,10,0.9532274550910215,1.0,0.0,0.2876712328767123,0.28465753424657536,66792,556,0,0,OPTIMAL,26900.08052566521,16022.880184513033,10877.20034115219,0.0,0.0,8940,18574,OPTIMAL,51489.70665013822,16022.880184513033,35466.82646562753,0.0,0.0,245294,516862,180482.4159469364,0.0,0.003628958,0.019184333,0.023460791,0.067277125,0.045488584,0.047869208
sienna/5bus_10_24_convex_hull_dirac_0.01_economic,505263,10,24,convex_hull,dirac,economic,0.01,162240.91702594532,60866.66467238132,2397.7156164778844,25.385272654557415,1.3868480441792759,10,1.0,1.0,0.0,0.0,0.1,0,0,1173,2067,OPTIMAL,75081.09203832087,18433.76745205176,56647.32458626919,0.0,0.0,8940,18574,OPTIMAL,38445.82964247298,18433.76745205176,20012.062190422228,0.0,0.0,245294,516862,205164.7512224142,0.0,0.00360725,0.057932708,1.0e-6,0.063357416,0.053704417,0.047869208
sienna/5bus_10_24_convex_hull_convex_0.01_economic,505263,10,24,convex_hull,convex,economic,0.01,96011.85289629435,60866.66467238132,2397.7156164778844,25.385272654557415,1.3868480441792759,10,1.0,1.0000000000000002,0.0,0.0,0.41835616438356166,58276,350,1173,2067,OPTIMAL,64137.64533807877,18438.54625781348,45699.09908026527,0.0,0.0,8940,18574,OPTIMAL,38519.478975554426,18438.54625781348,20080.932717741536,0.0,0.0,245294,516862,204426.48856153272,0.0,0.003618584,0.055820125,0.021956667,0.066470166,0.056809958,0.047869208
sienna/5bus_10_24_convex_hull_conical_0.01_economic,505263,10,24,convex_hull,conical,economic,0.01,86132.91526268562,60866.66467238132,2397.7156164778844,25.385272654557415,1.3868480441792759,10,0.9420802486182771,1.6903727573851501,0.4273972602739726,0.5452054794520548,0.4312328767123288,75867,552,1173,2067,OPTIMAL,55955.16809162721,17997.51828099469,37957.649810632596,0.0,0.0,8940,18574,OPTIMAL,38519.834656421466,17997.51828099469,20522.31637542668,0.0,0.0,245294,516862,202572.85162857064,0.0,0.003501584,0.055480917,0.016926209,0.067226792,0.056426875,0.047869208
sienna/5bus_10_24_convex_hull_conical_bounded_0.01_economic,505263,10,24,convex_hull,conical_bounded,economic,0.01,89663.13417127218,60866.66467238132,2397.7156164778844,25.385272654557415,1.3868480441792759,10,0.8656310275927048,1.0,0.0,0.6246575342465753,0.40328767123287673,72413,420,1173,2067,OPTIMAL,52771.63384735581,18061.666774313726,34709.96707304209,0.0,0.0,8940,18574,OPTIMAL,38410.88699721983,18061.666774313726,20349.220222903885,0.0,0.0,245294,516862,200251.8639502299,0.0,0.003527583,0.054867,0.028891041,0.067031375,0.045763792,0.047869208
sienna/5bus_10_24_convex_hull_with_null_dirac_0.01_economic,505263,10,24,convex_hull_with_null,dirac,economic,0.01,240075.96943837943,63078.27696252012,3208.42257759307,19.660214774401968,1.399727185623997,10,1.0,1.0,0.0,0.0,0.1,0,0,964,2641,OPTIMAL,22994.359486121415,16399.08916351567,6595.270322605642,0.0,0.0,8940,18574,OPTIMAL,53250.54007253752,16399.08916351567,36851.45090901974,0.0,0.0,245294,516862,188329.39489083033,0.0,0.003560291,0.156076833,1.0e-6,0.062603458,0.05496725,0.047869208
sienna/5bus_10_24_convex_hull_with_null_convex_0.01_economic,505263,10,24,convex_hull_with_null,convex,economic,0.01,168002.94187195945,63078.27696252012,3208.42257759307,19.660214774401968,1.399727185623997,10,1.0,1.0000000000000002,0.0,0.0,0.39013698630136984,59905,362,964,2641,OPTIMAL,23122.474890295336,17377.468661597566,5745.006228697826,0.0,0.0,8940,18574,OPTIMAL,50627.0025904145,17377.468661597566,33249.533928819146,0.0,0.0,245294,516862,199684.25017629465,0.0,0.003635542,0.149360292,0.023331375,0.066545583,0.060974834,0.047869208
sienna/5bus_10_24_convex_hull_with_null_conical_0.01_economic,505263,10,24,convex_hull_with_null,conical,economic,0.01,105129.0630373199,63078.27696252012,3208.42257759307,19.660214774401968,1.399727185623997,10,0.6605219938768003,1.4387194949848794,0.20821917808219179,0.7643835616438356,0.40465753424657536,70193,447,964,2641,OPTIMAL,20823.594014607774,14573.508758450378,6250.085256157398,0.0,0.0,8940,18574,OPTIMAL,60562.169452822636,14573.508758450378,45988.66069437749,0.0,0.0,245294,516862,170142.0664015603,0.0,0.003607625,0.083089292,0.234679917,0.065189583,0.047626375,0.047869208
sienna/5bus_10_24_convex_hull_with_null_conical_bounded_0.01_economic,505263,10,24,convex_hull_with_null,conical_bounded,economic,0.01,106683.3659177915,63078.27696252012,3208.42257759307,19.660214774401968,1.399727185623997,10,0.6266697401491379,1.0,0.0,0.8,0.3838356164383562,67680,436,964,2641,OPTIMAL,20592.61741316862,14162.596596720457,6430.020816448189,0.0,0.0,8940,18574,OPTIMAL,64142.41969458209,14162.596596720457,49979.82309786137,0.0,0.0,245294,516862,165822.4637508154,0.0,0.0034455,0.084529458,0.027536125,0.067286791,0.04354125,0.047869208
sienna/5bus_10_24_conical_hull_dirac_0.01_economic,505263,10,24,conical_hull,dirac,economic,0.01,218478.22500140945,22446.737845052754,1448.0393792465468,15.501469205024234,2.2984966971676144,10,1.0,1.0,0.0,0.0,0.1,0,0,448,2792,OPTIMAL,42319.21985447601,17444.07606360715,24875.14379086888,0.0,0.0,8940,18574,OPTIMAL,37996.82344546973,17444.07606360715,20552.747381860765,0.0,0.0,245294,516862,191273.24180177413,0.0,0.003612333,0.032465417,9.58e-7,0.06417525,0.051980709,0.047869208
sienna/5bus_10_24_conical_hull_convex_0.01_economic,505263,10,24,conical_hull,convex,economic,0.01,194630.2599109186,22446.737845052754,1448.0393792465468,15.501469205024234,2.2984966971676144,10,1.0,1.0000000000000002,0.0,0.0,0.4043835616438356,33825,236,448,2792,OPTIMAL,43113.48948568748,17558.710622790826,25554.77886289662,0.0,0.0,8940,18574,OPTIMAL,38004.0566794529,17558.710622790826,20445.34605666404,0.0,0.0,245294,516862,190897.46742118686,0.0,0.0036215,0.086093583,0.011557959,0.066414625,0.042749208,0.047869208
sienna/5bus_10_24_conical_hull_conical_0.01_economic,505263,10,24,conical_hull,conical,economic,0.01,115292.19780071471,22446.737845052754,1448.0393792465468,15.501469205024234,2.2984966971676144,10,1.8282831352935032,3.8539303413791846,0.9397260273972603,0.03287671232876712,0.5463013698630137,54370,333,448,2792,OPTIMAL,60158.89221668311,22545.818867472768,37613.07334921038,0.0,0.0,8940,18574,OPTIMAL,41550.56840210837,22545.818867472768,19004.749534635564,0.0,0.0,245294,516862,233989.72566728372,0.0,0.003483666,0.031685292,0.060534667,0.065265083,0.053697916,0.047869208
sienna/5bus_10_24_conical_hull_conical_bounded_0.01_economic,505263,10,24,conical_hull,conical_bounded,economic,0.01,194634.90992439966,22446.737845052754,1448.0393792465468,15.501469205024234,2.2984966971676144,10,0.9924486884789187,1.0,0.0,0.20821917808219179,0.403013698630137,34578,259,448,2792,OPTIMAL,42972.492796044666,17552.430119505418,25420.062676539288,0.0,0.0,8940,18574,OPTIMAL,37999.84338849648,17552.430119505418,20447.413268989392,0.0,0.0,245294,516862,190897.46742118686,0.0,0.003577291,0.030984916,0.014940458,0.066670125,0.049936,0.047869208
sienna/5bus_10_24_k_means_dirac_0.01,505263,10,24,k_means,dirac,unscaled,0.01,32.68708403148614,21.532144135165808,0.21187993669318184,101.62427113779056,1.0803841769687712,10,1.0,1.0,0.0,0.0,0.1,0,0,0,0,OPTIMAL,24383.75386846522,17124.74773973669,7259.006128728545,0.0,0.0,8940,18574,OPTIMAL,115439.95626721125,17124.74773973669,98315.20852747915,0.0,0.0,245294,516862,203228.665974446,0.0,0.003580958,0.015108959,8.33e-7,0.06334475,0.03463875,0.047869208
sienna/5bus_10_24_k_means_convex_0.01,505263,10,24,k_means,convex,unscaled,0.01,29.597995244254303,21.532144135165808,0.21187993669318184,101.62427113779056,1.0803841769687712,10,1.0,1.0000000000000002,0.0,0.0,0.2745205479452055,34267,275,0,0,OPTIMAL,24296.905239098804,17226.187702199444,7070.7175368993185,0.0,0.0,8940,18574,OPTIMAL,69598.54104948997,17226.187702199444,52372.35334728468,0.0,0.0,245294,516862,200932.62123894782,0.0,0.003638291,0.014785292,0.011426,0.065429583,0.040484291,0.047869208
sienna/5bus_10_24_k_means_conical_0.01,505263,10,24,k_means,conical,unscaled,0.01,28.25858827303307,21.532144135165808,0.21187993669318184,101.62427113779056,1.0803841769687712,10,1.000633574966776,1.2397417264133002,0.5671232876712329,0.4301369863013699,0.273972602739726,40680,317,0,0,OPTIMAL,24144.45195459455,17223.08115079424,6921.3708038003315,0.0,0.0,8940,18574,OPTIMAL,69611.2395856227,17223.08115079424,52388.15843482257,0.0,0.0,245294,516862,200497.9429119337,0.0,0.003543625,0.0150025,0.059315625,0.064085916,0.058527125,0.047869208
sienna/5bus_10_24_k_means_conical_bounded_0.01,505263,10,24,k_means,conical_bounded,unscaled,0.01,28.912066584331534,21.532144135165808,0.21187993669318184,101.62427113779056,1.0803841769687712,10,0.9667011029428869,1.0,0.0,0.4849315068493151,0.2693150684931507,37444,321,0,0,OPTIMAL,23886.104940737605,17046.497092642243,6839.607848095376,0.0,0.0,8940,18574,OPTIMAL,70321.2636665689,17046.497092642243,53274.76657393243,0.0,0.0,245294,516862,199183.3706161242,0.0,0.003579584,0.014798833,0.015221625,0.065100083,0.051508209,0.047869208
sienna/5bus_10_24_k_medoids_dirac_0.01,505263,10,24,k_medoids,dirac,unscaled,0.01,36.80747269237677,21.011345418305186,0.5444153017509994,38.59433294899414,1.0908645881014583,10,1.0,1.0,0.0,0.0,0.1,0,0,0,0,OPTIMAL,24298.008511225475,17591.006200673473,6707.002310551988,0.0,0.0,8940,18574,OPTIMAL,82682.60595810157,17591.006200673473,65091.59975742986,0.0,0.0,245294,516862,206814.38665656417,0.0,0.003628125,0.016071083,1.541e-6,0.078744042,0.037220333,0.047869208
sienna/5bus_10_24_k_medoids_convex_0.01,505263,10,24,k_medoids,convex,unscaled,0.01,31.04953826093577,21.011345418305186,0.5444153017509994,38.59433294899414,1.0908645881014583,10,1.0,1.0000000000000002,0.0,0.0,0.36356164383561645,39546,247,0,0,OPTIMAL,24371.820173503005,17154.11492966275,7217.705243840232,0.0,0.0,8940,18574,OPTIMAL,79606.86227003993,17154.11492966275,62452.74734037226,0.0,0.0,245294,516862,201222.73866797725,0.0,0.00353025,0.016131667,0.016367166,0.080803459,0.053071875,0.047869208
sienna/5bus_10_24_k_medoids_conical_0.01,505263,10,24,k_medoids,conical,unscaled,0.01,29.740731316794783,21.011345418305186,0.5444153017509994,38.59433294899414,1.0908645881014583,10,0.9979044110792266,1.3370262010081984,0.5013698630136987,0.4712328767123288,0.36904109589041095,43473,245,0,0,OPTIMAL,24144.78055921313,17112.54924292095,7032.231316292125,0.0,0.0,8940,18574,OPTIMAL,79579.40536652338,17112.54924292095,62466.85612359814,0.0,0.0,245294,516862,201222.73866797725,0.0,0.00357875,0.017297292,0.010984333,0.084227458,0.057168208,0.047869208
sienna/5bus_10_24_k_medoids_conical_bounded_0.01,505263,10,24,k_medoids,conical_bounded,unscaled,0.01,30.404600356612747,21.011345418305186,0.5444153017509994,38.59433294899414,1.0908645881014583,10,0.9609940609892377,1.0,0.0,0.5616438356164384,0.3561643835616438,40292,249,0,0,OPTIMAL,23875.189602427345,16366.94484625848,7508.244756168897,0.0,0.0,8940,18574,OPTIMAL,75549.47252800614,16366.94484625848,59182.527681751024,0.0,0.0,245294,516862,192478.58823994722,0.0,0.003554584,0.015816625,0.015540666,0.082938166,0.057889459,0.047869208
sienna/5bus_10_24_hierarchical_dirac_0.01,505263,10,24,hierarchical,dirac,unscaled,0.01,37.374004428211045,19.961268467012466,0.7436283547900963,26.843070652741485,1.1255540471726138,10,1.0,1.0,0.0,0.0,0.1,0,0,0,0,OPTIMAL,24722.564722786406,16202.789566321695,8519.775156464764,0.0,0.0,8940,18574,OPTIMAL,72210.47379166704,16202.789566321695,56007.684225345074,0.0,0.0,245294,516862,191065.09995907464,0.0,0.003621375,0.0167485,6.25e-7,0.076779833,0.096394291,0.047869208
sienna/5bus_10_24_hierarchical_convex_0.01,505263,10,24,hierarchical,convex,unscaled,0.01,29.64626703088952,19.961268467012466,0.7436283547900963,26.843070652741485,1.1255540471726138,10,1.0,1.0000000000000002,0.0,0.0,0.37972602739726025,36193,205,0,0,OPTIMAL,25303.47715061959,16417.07822102615,8886.398929593395,0.0,0.0,8940,18574,OPTIMAL,72554.46569991067,16417.07822102615,56137.387478880126,0.0,0.0,245294,516862,189000.86535905112,0.0,0.003480125,0.016945208,0.014759917,0.080719292,0.0512165,0.047869208
sienna/5bus_10_24_hierarchical_conical_0.01,505263,10,24,hierarchical,conical,unscaled,0.01,28.70604419714732,19.961268467012466,0.7436283547900963,26.843070652741485,1.1255540471726138,10,1.0189310514574768,1.2711227589548053,0.5835616438356165,0.38904109589041097,0.383013698630137,39978,228,0,0,OPTIMAL,25582.231866819206,16541.664495285193,9040.567371534033,0.0,0.0,8940,18574,OPTIMAL,72373.45168963306,16541.664495285193,55831.78719434922,0.0,0.0,245294,516862,189940.54314233424,0.0,0.003616416,0.016888334,0.008425541,0.080693167,0.047846791,0.047869208
sienna/5bus_10_24_hierarchical_conical_bounded_0.01,505263,10,24,hierarchical,conical_bounded,unscaled,0.01,29.396985531232758,19.961268467012466,0.7436283547900963,26.843070652741485,1.1255540471726138,10,0.977444559150483,1.0,0.0,0.4931506849315068,0.36904109589041095,37178,212,0,0,OPTIMAL,24981.933498260096,16329.941176893242,8651.992321366815,0.0,0.0,8940,18574,OPTIMAL,72708.71702715618,16329.941176893242,56378.77585026099,0.0,0.0,245294,516862,187994.83026455424,0.0,0.003437667,0.01700425,0.0146075,0.080517709,0.05113275,0.047869208
sienna/5bus_10_24_chronological_dirac_0.01,505263,10,24,chronological,dirac,unscaled,0.01,44.578686970345096,20.5790592221683,0.581455849263556,35.39229891355078,1.0649899679024366,10,1.0,1.0,0.0,0.0,0.1,0,0,0,0,OPTIMAL,44308.69868475877,17442.20372165374,26866.49496310512,0.0,0.0,8940,18574,OPTIMAL,56408.646520297916,17442.20372165374,38966.44279864384,0.0,0.0,245294,516862,202371.00653021343,0.0,0.003524959,0.065038958,1.042e-6,0.077465417,0.038158875,0.047869208
sienna/5bus_10_24_chronological_convex_0.01,505263,10,24,chronological,convex,unscaled,0.01,35.8194410781036,20.5790592221683,0.581455849263556,35.39229891355078,1.0649899679024366,10,1.0,1.0000000000000002,0.0,0.0,0.3558904109589041,47112,253,0,0,OPTIMAL,49788.29567733436,17881.71207250272,31906.58360483164,0.0,0.0,8940,18574,OPTIMAL,55540.89612929081,17881.71207250272,37659.18405678868,0.0,0.0,245294,516862,203057.22290429357,0.0,0.003590209,0.016184583,0.018588459,0.080078125,0.047702125,0.047869208
sienna/5bus_10_24_chronological_conical_0.01,505263,10,24,chronological,conical,unscaled,0.01,34.08286298921085,20.5790592221683,0.581455849263556,35.39229891355078,1.0649899679024366,10,1.0544780038654895,1.44653017871831,0.6410958904109589,0.3315068493150685,0.36904109589041095,50142,286,0,0,OPTIMAL,46736.91035757159,18026.378327064675,28710.53203050698,0.0,0.0,8940,18574,OPTIMAL,55428.50765907992,18026.378327064675,37402.129332016346,0.0,0.0,245294,516862,204741.41005452417,0.0,0.003548333,0.016271917,0.012433417,0.081283833,0.052981875,0.047869208
sienna/5bus_10_24_chronological_conical_bounded_0.01,505263,10,24,chronological,conical_bounded,unscaled,0.01,35.601585264739796,20.5790592221683,0.581455849263556,35.39229891355078,1.0649899679024366,10,0.9793007195549581,1.0,0.0,0.41643835616438357,0.35315068493150686,47730,251,0,0,OPTIMAL,50765.008408000016,17820.693904252465,32944.31450374751,0.0,0.0,8940,18574,OPTIMAL,55483.23791143193,17820.693904252465,37662.54400717905,0.0,0.0,245294,516862,202764.52953917388,0.0,0.003443209,0.016259542,0.018041875,0.080447417,0.048167084,0.047869208
sienna/5bus_10_24_convex_hull_dirac_0.01,505263,10,24,convex_hull,dirac,unscaled,0.01,47.68350241959869,21.322282309224875,0.9956012864506666,21.416487302099746,1.1935960997188404,10,1.0,1.0,0.0,0.0,0.1,0,0,879,2361,OPTIMAL,29836.343469848194,17546.29036057836,12290.05310926988,0.0,0.0,8940,18574,OPTIMAL,34344.68052936609,17546.29036057836,16798.390168787766,0.0,0.0,245294,516862,177051.4032005807,0.0,0.003577083,0.039014958,7.92e-7,0.062933583,0.036278541,0.047869208
sienna/5bus_10_24_convex_hull_convex_0.01,505263,10,24,convex_hull,convex,unscaled,0.01,28.55658317961472,21.322282309224875,0.9956012864506666,21.416487302099746,1.1935960997188404,10,1.0,1.0000000000000002,0.0,0.0,0.47726027397260273,31230,169,879,2361,OPTIMAL,30097.146154672984,17913.174159721435,12183.97199495152,0.0,0.0,8940,18574,OPTIMAL,34312.698113602455,17913.174159721435,16399.523953880136,0.0,0.0,245294,516862,178658.33447309496,0.0,0.00351,0.038923916,0.012572375,0.067162333,0.046933167,0.047869208
sienna/5bus_10_24_convex_hull_conical_0.01,505263,10,24,convex_hull,conical,unscaled,0.01,27.049343258952035,21.322282309224875,0.9956012864506666,21.416487302099746,1.1935960997188404,10,1.0388424957390754,1.3210826051906277,0.663013698630137,0.3095890410958904,0.49753424657534245,32852,165,879,2361,OPTIMAL,30312.60910389042,17908.45894402632,12404.150159864055,0.0,0.0,8940,18574,OPTIMAL,34301.54762492985,17908.45894402632,16393.08868090243,0.0,0.0,245294,516862,179377.077927302,0.0,0.003555083,0.040657958,0.008660792,0.068249542,0.048477542,0.047869208
sienna/5bus_10_24_convex_hull_conical_bounded_0.01,505263,10,24,convex_hull,conical_bounded,unscaled,0.01,28.189025639920917,21.322282309224875,0.9956012864506666,21.416487302099746,1.1935960997188404,10,0.9739271333186534,1.0,0.0,0.42191780821917807,0.47835616438356166,31470,170,879,2361,OPTIMAL,29909.503836221083,17858.764796136886,12050.739040084205,0.0,0.0,8940,18574,OPTIMAL,34200.36815700638,17858.764796136886,16341.603360868043,0.0,0.0,245294,516862,180244.5114951954,0.0,0.003591583,0.039173833,0.013479084,0.067734792,0.04861925,0.047869208
sienna/5bus_10_24_convex_hull_with_null_dirac_0.01,505263,10,24,convex_hull_with_null,dirac,unscaled,0.01,51.71837763310516,22.536509669055242,0.9656415345073575,23.338380614036783,1.1824213182988903,10,1.0,1.0,0.0,0.0,0.1,0,0,963,2642,OPTIMAL,54239.12732968768,18995.208391895972,35243.91893779169,0.0,0.0,8940,18574,OPTIMAL,34480.57552812313,18995.208391895972,15485.36713622711,0.0,0.0,245294,516862,188679.48001786566,0.0,0.003449125,0.041998,8.33e-7,0.063583666,0.043644625,0.047869208
sienna/5bus_10_24_convex_hull_with_null_convex_0.01,505263,10,24,convex_hull_with_null,convex,unscaled,0.01,33.77449418266288,22.536509669055242,0.9656415345073575,23.338380614036783,1.1824213182988903,10,1.0,1.0000000000000002,0.0,0.0,0.48027397260273974,34284,164,963,2642,OPTIMAL,51231.287279389406,18786.19881411484,32445.088465274577,0.0,0.0,8940,18574,OPTIMAL,34517.26231992752,18786.19881411484,15731.063505812714,0.0,0.0,245294,516862,185179.13249512878,0.0,0.003576417,0.041157791,0.012799833,0.066426167,0.096868333,0.047869208
sienna/5bus_10_24_convex_hull_with_null_conical_0.01,505263,10,24,convex_hull_with_null,conical,unscaled,0.01,29.489785176256124,22.536509669055242,0.9656415345073575,23.338380614036783,1.1824213182988903,10,0.9241118420420249,1.2960847271448128,0.3178082191780822,0.6547945205479452,0.47342465753424656,35159,189,963,2642,OPTIMAL,50427.89483262538,18305.906545074467,32121.988287550896,0.0,0.0,8940,18574,OPTIMAL,34449.75827598002,18305.906545074467,16143.85173090258,0.0,0.0,245294,516862,185742.72457821763,0.0,0.003569417,0.042329875,0.009483667,0.067445875,0.062064,0.047869208
sienna/5bus_10_24_convex_hull_with_null_conical_bounded_0.01,505263,10,24,convex_hull_with_null,conical_bounded,unscaled,0.01,29.87395614968039,22.536509669055242,0.9656415345073575,23.338380614036783,1.1824213182988903,10,0.9064373644793073,1.0,0.0,0.726027397260274,0.46301369863013697,35097,195,963,2642,OPTIMAL,50272.896951285504,18279.89466694316,31993.00228434233,0.0,0.0,8940,18574,OPTIMAL,34503.427348378675,18279.89466694316,16223.532681437055,0.0,0.0,245294,516862,185444.16200523163,0.0,0.003904417,0.046408,0.015486625,0.084908917,0.068029917,0.047869208
sienna/5bus_10_24_conical_hull_dirac_0.01,505263,10,24,conical_hull,dirac,unscaled,0.01,51.01355561024983,16.559291857568624,0.7695303392089834,21.518699151732307,1.31170310131039,10,1.0,1.0,0.0,0.0,0.1,0,0,1040,2200,OPTIMAL,27531.680818445908,16230.76269636007,11300.918122085817,0.0,0.0,8940,18574,OPTIMAL,43090.531104714515,16230.76269636007,26859.768408357013,0.0,0.0,245294,516862,179512.94770395267,0.0,0.003634333,0.029644792,1.125e-6,0.064110084,0.04168175,0.047869208
sienna/5bus_10_24_conical_hull_convex_0.01,505263,10,24,conical_hull,convex,unscaled,0.01,36.564576376100774,16.559291857568624,0.7695303392089834,21.518699151732307,1.31170310131039,10,1.0,1.0000000000000002,0.0,0.0,0.41726027397260274,24500,144,1040,2200,OPTIMAL,27272.487232506755,16288.760797015073,10983.726435491684,0.0,0.0,8940,18574,OPTIMAL,43176.77021971667,16288.760797015073,26888.009422700423,0.0,0.0,245294,516862,179069.3392244217,0.0,0.003608333,0.032493417,0.063246458,0.064954792,0.046177625,0.047869208
sienna/5bus_10_24_conical_hull_conical_0.01,505263,10,24,conical_hull,conical,unscaled,0.01,31.480272954991058,16.559291857568624,0.7695303392089834,21.518699151732307,1.31170310131039,10,1.1473072763859675,1.5423551027570175,0.8575342465753425,0.11506849315068493,0.4794520547945205,29131,151,1040,2200,OPTIMAL,29567.10732960353,16833.95224431693,12733.155085286653,0.0,0.0,8940,18574,OPTIMAL,42441.37060211261,16833.95224431693,25607.418357794504,0.0,0.0,245294,516862,182381.34496504295,0.0,0.003489875,0.033363292,0.079140792,0.0661025,0.056445541,0.047869208
sienna/5bus_10_24_conical_hull_conical_bounded_0.01,505263,10,24,conical_hull,conical_bounded,unscaled,0.01,36.54132450354305,16.559291857568624,0.7695303392089834,21.518699151732307,1.31170310131039,10,0.9936382439110076,1.0,0.0,0.22465753424657534,0.41424657534246573,24599,130,1040,2200,OPTIMAL,27152.59500394109,16289.636870881493,10862.958133059728,0.0,0.0,8940,18574,OPTIMAL,43177.38647139272,16289.636870881493,26887.749600509997,0.0,0.0,245294,516862,179069.3392244217,0.0,0.003555292,0.031780458,0.010804334,0.135717166,0.066637541,0.047869208
sienna/5bus_20_24_k_means_dirac_0.01_economic,505263,20,24,k_means,dirac,economic,0.01,102372.48821390113,76918.77631365268,243.30529097918708,316.1409930877027,1.19733833835919,20,1.0,1.0,0.0,0.0,0.05,0,0,0,0,OPTIMAL,22123.942444718235,17711.506574368846,4412.435870349475,0.0,0.0,15680,32754,OPTIMAL,289586.45672288357,17711.506574368846,259422.77768761094,0.0,12452.172460891097,245294,516862,219561.62888609085,1245.2172460891097,0.003567958,0.018081959,1.334e-6,0.083381792,0.1228765,0.047869208
sienna/5bus_20_24_k_means_convex_0.01_economic,505263,20,24,k_means,convex,economic,0.01,87564.40137344194,76918.77631365268,243.30529097918708,316.1409930877027,1.19733833835919,20,1.0,1.0000000000000002,0.0,0.0,0.15547945205479452,158657,1672,0,0,OPTIMAL,22037.717824666175,17792.955391864474,4244.762432801719,0.0,0.0,15680,32754,OPTIMAL,281144.9170794072,17792.955391864474,263351.9616875298,0.0,0.0,245294,516862,216899.84723580448,0.0,0.0036775,0.018024458,0.149539334,0.086303041,0.350185125,0.047869208
sienna/5bus_20_24_k_means_conical_0.01_economic,505263,20,24,k_means,conical,economic,0.01,80080.63109744748,76918.77631365268,243.30529097918708,316.1409930877027,1.19733833835919,20,1.0770804428559957,1.5685218824675398,0.7205479452054795,0.27945205479452057,0.16479452054794522,208173,2229,0,0,OPTIMAL,22201.14882134884,17729.91506083455,4471.233760514169,0.0,0.0,15680,32754,OPTIMAL,307729.27869876195,17729.91506083455,266597.0232851267,0.0,23402.34035279347,245294,516862,217878.41262062956,2340.234035279347,0.003620417,0.018310375,0.062263292,0.086757833,0.131215333,0.047869208
sienna/5bus_20_24_k_means_conical_bounded_0.01_economic,505263,20,24,k_means,conical_bounded,economic,0.01,85585.0879371405,76918.77631365268,243.30529097918708,316.1409930877027,1.19733833835919,20,0.9412849676285308,1.0000000000000002,0.0,0.38082191780821917,0.15657534246575341,172759,1963,0,0,OPTIMAL,21549.50893332773,17197.48891222987,4352.020021097831,0.0,0.0,15680,32754,OPTIMAL,272384.3978921038,17197.48891222987,255077.57371460376,0.0,109.33526525760044,245294,516862,212514.6614540746,10.933526525760044,0.003480959,0.0179945,0.348740375,0.082178166,0.114251,0.047869208
sienna/5bus_20_24_k_medoids_dirac_0.01_economic,505263,20,24,k_medoids,dirac,economic,0.01,121875.89206039131,63475.5959666553,904.8192037010951,70.15279484234324,1.3787794671662479,20,1.0,1.0,0.0,0.0,0.05,0,0,0,0,OPTIMAL,31270.395787234895,18733.805857474785,12536.589929760083,0.0,0.0,15680,32754,OPTIMAL,33848.86827122843,18733.805857474785,15115.062413753483,0.0,0.0,245294,516862,200449.57214098112,0.0,0.003511125,0.018209917,7.92e-7,0.104045041,0.154032542,0.047869208
sienna/5bus_20_24_k_medoids_convex_0.01_economic,505263,20,24,k_medoids,convex,economic,0.01,92261.77803924131,63475.5959666553,904.8192037010951,70.15279484234324,1.3787794671662479,20,1.0,1.0000000000000002,0.0,0.0,0.20849315068493152,143624,1021,0,0,OPTIMAL,31420.145813913772,18755.98791677499,12664.157897138868,0.0,0.0,15680,32754,OPTIMAL,33825.92374727268,18755.98791677499,15069.935830495651,0.0,0.0,245294,516862,199392.52612611037,0.0,0.003508792,0.017567917,0.125655292,0.106486166,0.122728667,0.047869208
sienna/5bus_20_24_k_medoids_conical_0.01_economic,505263,20,24,k_medoids,conical,economic,0.01,86341.82759016396,63475.5959666553,904.8192037010951,70.15279484234324,1.3787794671662479,20,1.0518371711049876,1.774544670726037,0.6136986301369863,0.3315068493150685,0.23232876712328768,186842,1170,0,0,OPTIMAL,32781.36202704577,19154.462554842205,13626.899472203508,0.0,0.0,15680,32754,OPTIMAL,33857.41274310474,19154.462554842205,14702.95018826245,0.0,0.0,245294,516862,202324.46822481265,0.0,0.003485416,0.017106541,0.125581583,0.106739458,0.116300875,0.047869208
sienna/5bus_20_24_k_medoids_conical_bounded_0.01_economic,505263,20,24,k_medoids,conical_bounded,economic,0.01,90904.01055510476,63475.5959666553,904.8192037010951,70.15279484234324,1.3787794671662479,20,0.9361285387289168,1.0000000000000002,0.0,0.4602739726027397,0.20986301369863014,158591,1103,0,0,OPTIMAL,30683.049093488495,18423.139543765974,12259.909549722486,0.0,0.0,15680,32754,OPTIMAL,33821.71657723561,18423.139543765974,15398.577033467132,0.0,0.0,245294,516862,194333.2781495913,0.0,0.003615792,0.083163833,0.306163459,0.085092417,0.117208542,0.047869208
sienna/5bus_20_24_hierarchical_dirac_0.01_economic,505263,20,24,hierarchical,dirac,economic,0.01,123563.23355333105,76599.75361206118,784.6768833614758,97.61948546759227,1.243224849947191,20,1.0,1.0,0.0,0.0,0.05,0,0,0,0,OPTIMAL,24196.140431919303,17397.604896073968,6798.535535845308,0.0,0.0,15680,32754,OPTIMAL,51576.15224759004,17397.604896073968,34178.54735151653,0.0,0.0,245294,516862,203368.48974986313,0.0,0.003693875,0.018133041,1.667e-6,0.102991958,0.138782459,0.047869208
sienna/5bus_20_24_hierarchical_convex_0.01_economic,505263,20,24,hierarchical,convex,economic,0.01,88774.85177019179,76599.75361206118,784.6768833614758,97.61948546759227,1.243224849947191,20,1.0,1.0000000000000002,0.0,0.0,0.21013698630136987,173666,1351,0,0,OPTIMAL,23616.796333656763,16757.289325811133,6859.507007845647,0.0,0.0,15680,32754,OPTIMAL,54019.644988091604,16757.289325811133,37262.355662282615,0.0,0.0,245294,516862,191337.1138109172,0.0,0.003497208,0.018212625,0.348899417,0.084337292,0.125148708,0.047869208
sienna/5bus_20_24_hierarchical_conical_0.01_economic,505263,20,24,hierarchical,conical,economic,0.01,83708.98575149447,76599.75361206118,784.6768833614758,97.61948546759227,1.243224849947191,20,1.0698233760324143,1.5992349907646641,0.6410958904109589,0.3041095890410959,0.22452054794520548,210243,1677,0,0,OPTIMAL,24392.07549770006,16993.667955806548,7398.407541893487,0.0,0.0,15680,32754,OPTIMAL,53093.947808513156,16993.667955806548,36100.27985270903,0.0,0.0,245294,516862,195071.83904951598,0.0,0.003656709,0.018015041,0.110990625,0.107757125,0.130313625,0.047869208
sienna/5bus_20_24_hierarchical_conical_bounded_0.01_economic,505263,20,24,hierarchical,conical_bounded,economic,0.01,87679.16303477462,76599.75361206118,784.6768833614758,97.61948546759227,1.243224849947191,20,0.9431554983984801,1.0000000000000002,0.0,0.44931506849315067,0.20534246575342466,180681,1476,0,0,OPTIMAL,22908.54703138793,16461.577808773647,6446.969222614276,0.0,0.0,15680,32754,OPTIMAL,54242.52103957831,16461.577808773647,37780.94323080552,0.0,0.0,245294,516862,190643.07640662492,0.0,0.003484125,0.017712958,0.382441542,0.082350916,0.11636175,0.047869208
sienna/5bus_20_24_chronological_dirac_0.01_economic,505263,20,24,chronological,dirac,economic,0.01,231246.80483045967,52625.9212337888,661.0883762766005,79.60497132046083,1.2709025598232297,20,1.0,1.0,0.0,0.0,0.05,0,0,0,0,OPTIMAL,28457.166951799365,18005.112454966067,10452.05449683323,0.0,0.0,15680,32754,OPTIMAL,41968.71392528472,18005.112454966067,23963.601470315032,0.0,0.0,245294,516862,202370.23196765952,0.0,0.003570583,0.017549583,7.5e-7,0.102584833,0.097054167,0.047869208
sienna/5bus_20_24_chronological_convex_0.01_economic,505263,20,24,chronological,convex,economic,0.01,123603.09508187983,52625.9212337888,661.0883762766005,79.60497132046083,1.2709025598232297,20,1.0,1.0000000000000002,0.0,0.0,0.2002739726027397,160499,1403,0,0,OPTIMAL,28688.671208893928,17894.48368813061,10794.187520763315,0.0,0.0,15680,32754,OPTIMAL,41895.68339007973,17894.48368813061,24001.199701951824,0.0,0.0,245294,516862,202893.45064793734,0.0,0.003657083,0.017113333,0.301806792,0.083418833,0.12169825,0.047869208
sienna/5bus_20_24_chronological_conical_0.01_economic,505263,20,24,chronological,conical,economic,0.01,113363.77202680024,52625.9212337888,661.0883762766005,79.60497132046083,1.2709025598232297,20,1.1907070873323915,2.7273629705065714,0.6602739726027397,0.28493150684931506,0.21972602739726027,189596,1265,0,0,OPTIMAL,32084.72766767579,18691.013473012405,13393.714194663418,0.0,0.0,15680,32754,OPTIMAL,42009.18419922554,18691.013473012405,23318.17072621324,0.0,0.0,245294,516862,206495.26908769167,0.0,0.003531916,0.017331958,0.058484125,0.107689917,0.136146459,0.047869208
sienna/5bus_20_24_chronological_conical_bounded_0.01_economic,505263,20,24,chronological,conical_bounded,economic,0.01,122797.48095743464,52625.9212337888,661.0883762766005,79.60497132046083,1.2709025598232297,20,0.9435909750963327,1.0000000000000002,0.0,0.34794520547945207,0.19794520547945205,160406,1258,0,0,OPTIMAL,27731.615926951523,17519.32041486351,10212.295512087925,0.0,0.0,15680,32754,OPTIMAL,41767.43417119943,17519.32041486351,24248.11375633175,0.0,0.0,245294,516862,200643.29373338903,0.0,0.003585875,0.017493666,0.138694834,0.106615792,0.120543875,0.047869208
sienna/5bus_20_24_convex_hull_dirac_0.01_economic,505263,20,24,convex_hull,dirac,economic,0.01,148022.6060371448,86166.31795366379,1051.234161443589,81.966816827316,1.3663914362943355,20,1.0,1.0,0.0,0.0,0.05,0,0,3760,2985,OPTIMAL,73592.4816405444,18321.37535861818,55271.10628192643,0.0,0.0,15680,32754,OPTIMAL,38357.7209039014,18321.37535861818,20036.345545284275,0.0,0.0,245294,516862,199987.6848500985,0.0,0.003551917,0.227844417,1.0e-6,0.082027333,0.10484575,0.047869208
sienna/5bus_20_24_convex_hull_convex_0.01_economic,505263,20,24,convex_hull,convex,economic,0.01,82060.96917500148,86166.31795366379,1051.234161443589,81.966816827316,1.3663914362943355,20,1.0,1.0000000000000002,0.0,0.0,0.2395890410958904,111437,793,3760,2985,OPTIMAL,62094.4597008611,18221.28255565949,43873.177145201655,0.0,0.0,15680,32754,OPTIMAL,38271.14948076121,18221.28255565949,20049.866925103543,0.0,0.0,245294,516862,198936.09446383754,0.0,0.003492917,0.376016625,0.102170792,0.086285875,0.123869291,0.047869208
sienna/5bus_20_24_convex_hull_conical_0.01_economic,505263,20,24,convex_hull,conical,economic,0.01,73121.24341224313,86166.31795366379,1051.234161443589,81.966816827316,1.3663914362943355,20,1.012592919974923,1.863790665931684,0.4684931506849315,0.4767123287671233,0.263972602739726,151307,1329,3760,2985,OPTIMAL,60583.180633595155,17959.372979079595,42623.807654515505,0.0,0.0,15680,32754,OPTIMAL,38087.79472649052,17959.372979079595,20128.421747411012,0.0,0.0,245294,516862,196654.90592091036,0.0,0.003515875,0.217614833,0.063204208,0.090048042,0.107925917,0.047869208
sienna/5bus_20_24_convex_hull_conical_bounded_0.01_economic,505263,20,24,convex_hull,conical_bounded,economic,0.01,78597.38159582039,86166.31795366379,1051.234161443589,81.966816827316,1.3663914362943355,20,0.8884227150056277,1.0000000000000002,0.0,0.6328767123287671,0.23068493150684932,131146,884,3760,2985,OPTIMAL,54542.07279150986,18002.45761033878,36539.615181171044,0.0,0.0,15680,32754,OPTIMAL,38156.23685647329,18002.45761033878,20153.77924613791,0.0,0.0,245294,516862,197525.24189539053,0.0,0.003545791,0.221188708,0.342951,0.083002167,0.101283875,0.047869208
sienna/5bus_20_24_convex_hull_with_null_dirac_0.01_economic,505263,20,24,convex_hull_with_null,dirac,economic,0.01,163103.4602577981,86665.36589238638,1010.1914952791885,85.7910270452579,1.3836276079320313,20,1.0,1.0,0.0,0.0,0.05,0,0,3676,3434,OPTIMAL,21859.124802150556,14364.388273975152,7494.736528175363,0.0,0.0,15680,32754,OPTIMAL,56498.329635870425,14364.388273975152,42133.94136189878,0.0,0.0,245294,516862,165932.89148370718,0.0,0.003498791,0.250463541,1.417e-6,0.080696333,0.107874583,0.047869208
sienna/5bus_20_24_convex_hull_with_null_convex_0.01_economic,505263,20,24,convex_hull_with_null,convex,economic,0.01,104771.62244172761,86665.36589238638,1010.1914952791885,85.7910270452579,1.3836276079320313,20,1.0,1.0000000000000002,0.0,0.0,0.2252054794520548,114088,700,3676,3434,OPTIMAL,22875.862863444127,15409.097849957641,7466.76501348644,0.0,0.0,15680,32754,OPTIMAL,53242.308627700935,15409.097849957641,37833.21077774351,0.0,0.0,245294,516862,175454.77673547107,0.0,0.003649584,0.269929875,0.076496916,0.088748875,0.111323334,0.047869208
sienna/5bus_20_24_convex_hull_with_null_conical_0.01_economic,505263,20,24,convex_hull_with_null,conical,economic,0.01,77860.90090477253,86665.36589238638,1010.1914952791885,85.7910270452579,1.3836276079320313,20,0.8319829950696759,1.576686037640659,0.3041095890410959,0.6410958904109589,0.24383561643835616,137860,1328,3676,3434,OPTIMAL,22274.27773357547,14884.729080061612,7389.548653513893,0.0,0.0,15680,32754,OPTIMAL,54966.26065927011,14884.729080061612,40081.531579212104,0.0,0.0,245294,516862,171461.0831015639,0.0,0.003482583,0.543276667,0.043457292,0.08691825,0.1318155,0.047869208
sienna/5bus_20_24_convex_hull_with_null_conical_bounded_0.01_economic,505263,20,24,convex_hull_with_null,conical_bounded,economic,0.01,81436.3556154195,86665.36589238638,1010.1914952791885,85.7910270452579,1.3836276079320313,20,0.7692930657356092,1.0000000000000002,0.0,0.736986301369863,0.21506849315068494,120476,905,3676,3434,OPTIMAL,21370.802418446467,14442.279168770077,6928.523249676347,0.0,0.0,15680,32754,OPTIMAL,56468.56113688893,14442.279168770077,42026.28196811497,0.0,0.0,245294,516862,167788.24080631204,0.0,0.003474708,0.251370917,0.10216625,0.087548708,0.106595416,0.047869208
sienna/5bus_20_24_conical_hull_dirac_0.01_economic,505263,20,24,conical_hull,dirac,economic,0.01,184044.041867107,36028.81120579966,488.8145616522812,73.70650146758271,2.037665095844245,20,1.0,1.0,0.0,0.0,0.05,0,0,2374,4371,OPTIMAL,44904.37202604603,18472.998254624275,26431.373771421524,0.0,0.0,15680,32754,OPTIMAL,34158.453407396184,18472.998254624275,15685.455152771896,0.0,0.0,245294,516862,186039.59144526414,0.0,0.003545459,0.05739925,8.34e-7,0.085141125,0.092737333,0.047869208
sienna/5bus_20_24_conical_hull_convex_0.01_economic,505263,20,24,conical_hull,convex,economic,0.01,151068.1447678256,36028.81120579966,488.8145616522812,73.70650146758271,2.037665095844245,20,1.0,1.0000000000000002,0.0,0.0,0.2463013698630137,73269,637,2374,4371,OPTIMAL,45280.632062904966,18609.9898559902,26670.64220691471,0.0,0.0,15680,32754,OPTIMAL,34121.65827572911,18609.9898559902,15511.668419738877,0.0,0.0,245294,516862,187674.93177065745,0.0,0.003441584,0.054952959,0.04438775,0.09221125,0.11326675,0.047869208
sienna/5bus_20_24_conical_hull_conical_0.01_economic,505263,20,24,conical_hull,conical,economic,0.01,83841.7299164222,36028.81120579966,488.8145616522812,73.70650146758271,2.037665095844245,20,1.6736036357838133,3.4161488040284724,0.873972602739726,0.07123287671232877,0.3510958904109589,114938,817,2374,4371,OPTIMAL,60191.26908186562,21345.266804081297,38846.002277784195,0.0,0.0,15680,32754,OPTIMAL,34957.43920654631,21345.266804081297,13612.172402465467,0.0,0.0,245294,516862,216406.82219661248,0.0,0.003687958,0.057585708,0.087734959,0.089897625,0.122576542,0.047869208
sienna/5bus_20_24_conical_hull_conical_bounded_0.01_economic,505263,20,24,conical_hull,conical_bounded,economic,0.01,151121.58594155032,36028.81120579966,488.8145616522812,73.70650146758271,2.037665095844245,20,0.9905479585286968,1.0000000000000002,0.0,0.37534246575342467,0.24602739726027398,75423,842,2374,4371,OPTIMAL,45096.14033106316,18581.346679279595,26514.79365178349,0.0,0.0,15680,32754,OPTIMAL,34103.061025366726,18581.346679279595,15521.714346087152,0.0,0.0,245294,516862,187483.07666335403,0.0,0.0036875,0.05821825,0.117547833,0.091140625,0.108041458,0.047869208
sienna/5bus_20_24_k_means_dirac_0.01,505263,20,24,k_means,dirac,unscaled,0.01,28.77375580237797,29.930374065706257,0.12401533934366077,241.34412907395065,1.1060488803955089,20,1.0,1.0,0.0,0.0,0.05,0,0,0,0,OPTIMAL,25565.659496909666,17809.981059774756,7755.678437134843,0.0,0.0,15680,32754,OPTIMAL,56587.77497771576,17809.981059774756,38777.79391793865,0.0,0.0,245294,516862,210000.8980515829,0.0,0.003543292,0.015595583,7.92e-7,0.083214208,0.096915083,0.047869208
sienna/5bus_20_24_k_means_convex_0.01,505263,20,24,k_means,convex,unscaled,0.01,25.27706709298424,29.930374065706257,0.12401533934366077,241.34412907395065,1.1060488803955089,20,1.0,1.0000000000000002,0.0,0.0,0.16945205479452055,68303,544,0,0,OPTIMAL,26598.1678339099,17721.09162198965,8877.076211920235,0.0,0.0,15680,32754,OPTIMAL,53826.16365704504,17721.09162198965,36105.07203505316,0.0,0.0,245294,516862,205678.77871940052,0.0,0.003442541,0.015375417,0.03816975,0.086347333,0.124297417,0.047869208
sienna/5bus_20_24_k_means_conical_0.01,505263,20,24,k_means,conical,unscaled,0.01,24.3970094429789,29.930374065706257,0.12401533934366077,241.34412907395065,1.1060488803955089,20,1.015537958644512,1.191425629850951,0.6136986301369863,0.38082191780821917,0.1721917808219178,76782,615,0,0,OPTIMAL,26804.37751382629,17717.251961449656,9087.125552376587,0.0,0.0,15680,32754,OPTIMAL,53761.35843393258,17717.251961449656,36044.106472481064,0.0,0.0,245294,516862,205873.81945486192,0.0,0.00367575,0.015257583,0.023082458,0.086031125,0.118888916,0.047869208
sienna/5bus_20_24_k_means_conical_bounded_0.01,505263,20,24,k_means,conical_bounded,unscaled,0.01,25.013498494911442,29.930374065706257,0.12401533934366077,241.34412907395065,1.1060488803955089,20,0.9804066563087287,1.0000000000000002,0.0,0.5041095890410959,0.16931506849315067,70902,530,0,0,OPTIMAL,26369.80245330401,17566.153845055505,8803.648608248459,0.0,0.0,15680,32754,OPTIMAL,53169.76897576003,17566.153845055505,35603.61513070874,0.0,0.0,245294,516862,203198.4881348858,0.0,0.003475833,0.014996166,0.040911792,0.086191875,0.12294425,0.047869208
sienna/5bus_20_24_k_medoids_dirac_0.01,505263,20,24,k_medoids,dirac,unscaled,0.01,33.89092906663812,29.92377738760947,0.40541465964858486,73.81029934523711,1.1140276952196455,20,1.0,1.0,0.0,0.0,0.05,0,0,0,0,OPTIMAL,26364.193735209923,17124.242496440034,9239.95123876992,0.0,0.0,15680,32754,OPTIMAL,61776.14937882047,17124.242496440034,44651.9068823805,0.0,0.0,245294,516862,200881.08545309858,0.0,0.003490875,0.014738292,7.91e-7,0.10400675,0.104225209,0.047869208
sienna/5bus_20_24_k_medoids_convex_0.01,505263,20,24,k_medoids,convex,unscaled,0.01,26.34664055612263,29.92377738760947,0.40541465964858486,73.81029934523711,1.1140276952196455,20,1.0,1.0000000000000002,0.0,0.0,0.23232876712328768,68958,402,0,0,OPTIMAL,27135.7593964721,16766.81916373319,10368.940232738925,0.0,0.0,15680,32754,OPTIMAL,59589.708166475415,16766.81916373319,42822.88900274541,0.0,0.0,245294,516862,193538.6796188061,0.0,0.003545292,0.014816708,0.273131041,0.083589625,0.106822708,0.047869208
sienna/5bus_20_24_k_medoids_conical_0.01,505263,20,24,k_medoids,conical,unscaled,0.01,25.603643398885605,29.92377738760947,0.40541465964858486,73.81029934523711,1.1140276952196455,20,1.0179525476062368,1.266779407645566,0.5808219178082191,0.3643835616438356,0.23493150684931507,72574,419,0,0,OPTIMAL,27256.29966616921,16736.896965056803,10519.402701112323,0.0,0.0,15680,32754,OPTIMAL,59422.875699503296,16736.896965056803,42685.97873444433,0.0,0.0,245294,516862,191183.87171516372,0.0,0.003475875,0.014846958,0.024287,0.106608083,0.11588025,0.047869208
sienna/5bus_20_24_k_medoids_conical_bounded_0.01,505263,20,24,k_medoids,conical_bounded,unscaled,0.01,26.118812541288175,29.92377738760947,0.40541465964858486,73.81029934523711,1.1140276952196455,20,0.9793954907001011,1.0000000000000002,0.0,0.4986301369863014,0.22602739726027396,70177,436,0,0,OPTIMAL,26939.665128211578,16559.023093903765,10380.642034307699,0.0,0.0,15680,32754,OPTIMAL,59513.911177235605,16559.023093903765,42954.88808333673,0.0,0.0,245294,516862,192756.41985390664,0.0,0.003498708,0.014744167,0.044593709,0.106641791,0.124781541,0.047869208
sienna/5bus_20_24_hierarchical_dirac_0.01,505263,20,24,hierarchical,dirac,unscaled,0.01,34.53374080518777,29.12627160896567,0.4192490724878996,69.4724771509335,1.125679105236172,20,1.0,1.0,0.0,0.0,0.05,0,0,0,0,OPTIMAL,26591.46872897466,17995.677013737724,8595.791715236955,0.0,0.0,15680,32754,OPTIMAL,34439.51381026456,17995.677013737724,16443.83679653031,0.0,0.0,245294,516862,194621.58840073124,0.0,0.003425291,0.015345083,1.708e-6,0.101816042,0.115662041,0.047869208
sienna/5bus_20_24_hierarchical_convex_0.01,505263,20,24,hierarchical,convex,unscaled,0.01,26.377958582399298,29.12627160896567,0.4192490724878996,69.4724771509335,1.125679105236172,20,1.0,1.0000000000000002,0.0,0.0,0.23315068493150684,70044,408,0,0,OPTIMAL,27214.71398674603,17960.4174269912,9254.29655975493,0.0,0.0,15680,32754,OPTIMAL,34491.28945863352,17960.4174269912,16530.872031641407,0.0,0.0,245294,516862,191743.55638961063,0.0,0.003564708,0.015272875,0.1152055,0.10623575,0.105999334,0.047869208
sienna/5bus_20_24_hierarchical_conical_0.01,505263,20,24,hierarchical,conical,unscaled,0.01,25.262111527325665,29.12627160896567,0.4192490724878996,69.4724771509335,1.125679105236172,20,1.0208989302864944,1.2855502471798872,0.6164383561643836,0.3287671232876712,0.24178082191780823,75424,431,0,0,OPTIMAL,27401.82075901273,17974.551000627387,9427.269758385344,0.0,0.0,15680,32754,OPTIMAL,34492.14090929207,17974.551000627387,16517.58990866584,0.0,0.0,245294,516862,192187.82552583583,0.0,0.003448083,0.015528166,0.092833459,0.107275834,0.107474917,0.047869208
sienna/5bus_20_24_hierarchical_conical_bounded_0.01,505263,20,24,hierarchical,conical_bounded,unscaled,0.01,26.150061558998477,29.12627160896567,0.4192490724878996,69.4724771509335,1.125679105236172,20,0.980585762648581,1.0000000000000002,0.0,0.4931506849315068,0.2310958904109589,69535,404,0,0,OPTIMAL,26984.563464790976,17948.90580815881,9035.657656632164,0.0,0.0,15680,32754,OPTIMAL,34488.29913243292,17948.90580815881,16539.39332427528,0.0,0.0,245294,516862,191378.33816009667,0.0,0.003507959,0.015366834,0.042952292,0.107169292,0.107450708,0.047869208
sienna/5bus_20_24_chronological_dirac_0.01,505263,20,24,chronological,dirac,unscaled,0.01,43.44630883055275,29.469275919603,0.34958037407946535,84.29899990010351,1.0810169887651542,20,1.0,1.0,0.0,0.0,0.05,0,0,0,0,OPTIMAL,36067.591687281696,18791.18383483307,17276.407852448447,0.0,0.0,15680,32754,OPTIMAL,35014.132886367544,18791.18383483307,16222.94905153807,0.0,0.0,245294,516862,204410.94597747736,0.0,0.003457,0.014834125,1.666e-6,0.100675,0.079169958,0.047869208
sienna/5bus_20_24_chronological_convex_0.01,505263,20,24,chronological,convex,unscaled,0.01,30.35032519712339,29.469275919603,0.34958037407946535,84.29899990010351,1.0810169887651542,20,1.0,1.0000000000000002,0.0,0.0,0.22041095890410958,77281,448,0,0,OPTIMAL,36179.19016443503,18450.120937804848,17729.069226630203,0.0,0.0,15680,32754,OPTIMAL,34854.81234082694,18450.120937804848,16404.691403022865,0.0,0.0,245294,516862,199890.59254902805,0.0,0.003627792,0.014631958,0.094865292,0.105780208,0.096332333,0.047869208
sienna/5bus_20_24_chronological_conical_0.01,505263,20,24,chronological,conical,unscaled,0.01,29.11082129140901,29.469275919603,0.34958037407946535,84.29899990010351,1.0810169887651542,20,1.0266116090301485,1.3227870715778707,0.5945205479452055,0.3506849315068493,0.22219178082191782,81684,439,0,0,OPTIMAL,37227.31581368933,18698.54527193227,18528.77054175705,0.0,0.0,15680,32754,OPTIMAL,35032.60180263808,18698.54527193227,16334.056530706528,0.0,0.0,245294,516862,201730.38377932418,0.0,0.003452916,0.014921625,0.074311208,0.105757334,0.096532084,0.047869208
sienna/5bus_20_24_chronological_conical_bounded_0.01,505263,20,24,chronological,conical_bounded,unscaled,0.01,30.07983374112614,29.469275919603,0.34958037407946535,84.29899990010351,1.0810169887651542,20,0.9770347065281413,1.0000000000000002,0.0,0.4712328767123288,0.21547945205479452,77615,432,0,0,OPTIMAL,36623.74364277916,18409.853351777117,18213.890291002004,0.0,0.0,15680,32754,OPTIMAL,34838.59194030117,18409.853351777117,16428.738588524055,0.0,0.0,245294,516862,200244.09441840346,0.0,0.003615834,0.01497475,0.047440333,0.111738375,0.100945209,0.047869208
sienna/5bus_20_24_convex_hull_dirac_0.01,505263,20,24,convex_hull,dirac,unscaled,0.01,43.276833051874185,29.85953645855511,0.5638776649088553,52.95392656380809,1.189339932499414,20,1.0,1.0,0.0,0.0,0.05,0,0,3388,3357,OPTIMAL,32790.80859190158,18613.679455461504,14177.129136440035,0.0,0.0,15680,32754,OPTIMAL,33986.104388001746,18613.679455461504,15372.424932543525,0.0,0.0,245294,516862,187451.88877732525,0.0,0.003625875,0.162689542,9.17e-7,0.081725834,0.079068334,0.047869208
sienna/5bus_20_24_convex_hull_convex_0.01,505263,20,24,convex_hull,convex,unscaled,0.01,25.448463891325286,29.85953645855511,0.5638776649088553,52.95392656380809,1.189339932499414,20,1.0,1.0000000000000002,0.0,0.0,0.2924657534246575,56295,316,3388,3357,OPTIMAL,32420.847549277514,18256.899895548093,14163.947653729463,0.0,0.0,15680,32754,OPTIMAL,34181.59471444603,18256.899895548093,15924.694818897891,0.0,0.0,245294,516862,182196.6948160145,0.0,0.0034165,0.094984666,0.078063958,0.089462209,0.114892375,0.047869208
sienna/5bus_20_24_convex_hull_conical_0.01,505263,20,24,convex_hull,conical,unscaled,0.01,24.504757619952198,29.85953645855511,0.5638776649088553,52.95392656380809,1.189339932499414,20,1.0395324390845915,1.2739312412105361,0.6712328767123288,0.273972602739726,0.3017808219178082,59715,280,3388,3357,OPTIMAL,31966.299111916735,17970.05300264158,13996.246109275242,0.0,0.0,15680,32754,OPTIMAL,34228.00330467869,17970.05300264158,16257.950302037169,0.0,0.0,245294,516862,180034.18880973614,0.0,0.003669625,0.140463084,0.018231042,0.090230625,0.107130333,0.047869208
sienna/5bus_20_24_convex_hull_conical_bounded_0.01,505263,20,24,convex_hull,conical_bounded,unscaled,0.01,25.32586623190027,29.85953645855511,0.5638776649088553,52.95392656380809,1.189339932499414,20,0.9836558160929573,1.0000000000000002,0.0,0.4794520547945205,0.2928767123287671,57677,312,3388,3357,OPTIMAL,32304.198437075374,18248.698937372123,14055.499499703223,0.0,0.0,15680,32754,OPTIMAL,34155.695242643225,18248.698937372123,15906.99630527356,0.0,0.0,245294,516862,182295.1189755025,0.0,0.003680083,0.096178042,0.080872291,0.091164042,0.113003166,0.047869208
sienna/5bus_20_24_convex_hull_with_null_dirac_0.01,505263,20,24,convex_hull_with_null,dirac,unscaled,0.01,43.94264366193617,30.460754231372817,0.502328798980805,60.63907602585371,1.1813238507960153,20,1.0,1.0,0.0,0.0,0.05,0,0,3353,3757,OPTIMAL,46527.27605390658,18812.950520854854,27714.325533051713,0.0,0.0,15680,32754,OPTIMAL,34180.105017317925,18812.950520854854,15367.1544964597,0.0,0.0,245294,516862,188217.0679658111,0.0,0.00345025,0.176343208,1.042e-6,0.086155833,0.081182333,0.047869208
sienna/5bus_20_24_convex_hull_with_null_convex_0.01,505263,20,24,convex_hull_with_null,convex,unscaled,0.01,26.250318103057488,30.460754231372817,0.502328798980805,60.63907602585371,1.1813238507960153,20,1.0,1.0000000000000002,0.0,0.0,0.29191780821917807,56836,260,3353,3757,OPTIMAL,44066.814813842706,18674.221455591076,25392.593358251554,0.0,0.0,15680,32754,OPTIMAL,34258.19848905688,18674.221455591076,15583.977033465728,0.0,0.0,245294,516862,185339.17489626646,0.0,0.003464958,0.160419667,0.031864334,0.093053333,0.104962458,0.047869208
sienna/5bus_20_24_convex_hull_with_null_conical_0.01,505263,20,24,convex_hull_with_null,conical,unscaled,0.01,24.91647061119707,30.460754231372817,0.502328798980805,60.63907602585371,1.1813238507960153,20,0.9905849336595973,1.2261357317597168,0.473972602739726,0.4712328767123288,0.3058904109589041,59973,348,3353,3757,OPTIMAL,42363.561021406254,18599.046726760072,23764.514294646284,0.0,0.0,15680,32754,OPTIMAL,34233.12193816902,18599.046726760072,15634.07521140967,0.0,0.0,245294,516862,185807.77707136783,0.0,0.003677958,0.18171075,0.020396334,0.088108792,0.11779125,0.047869208
sienna/5bus_20_24_convex_hull_with_null_conical_bounded_0.01,505263,20,24,convex_hull_with_null,conical_bounded,unscaled,0.01,25.517376177512727,30.460754231372817,0.502328798980805,60.63907602585371,1.1813238507960153,20,0.9531675514142636,1.0000000000000002,0.0,0.6191780821917808,0.2912328767123288,57921,313,3353,3757,OPTIMAL,44545.41582077549,18497.113252434778,26048.30256834072,0.0,0.0,15680,32754,OPTIMAL,34255.44526181651,18497.113252434778,15758.33200938448,0.0,0.0,245294,516862,186119.88319589882,0.0,0.003549458,0.160773125,0.034282209,0.09101675,0.112158875,0.047869208
sienna/5bus_20_24_conical_hull_dirac_0.01,505263,20,24,conical_hull,dirac,unscaled,0.01,45.416266623313525,24.320951305325963,0.45042703024354014,53.99531926886345,1.2706215125393578,20,1.0,1.0,0.0,0.0,0.05,0,0,3095,3650,OPTIMAL,34326.05894136812,17234.098124207183,17091.96081716092,0.0,0.0,15680,32754,OPTIMAL,34374.13846293568,17234.098124207183,17140.04033872852,0.0,0.0,245294,516862,181902.88056467313,0.0,0.0036885,0.075390833,1.042e-6,0.086339125,0.094831167,0.047869208
sienna/5bus_20_24_conical_hull_convex_0.01,505263,20,24,conical_hull,convex,unscaled,0.01,30.473822106227882,24.320951305325963,0.45042703024354014,53.99531926886345,1.2706215125393578,20,1.0,1.0000000000000002,0.0,0.0,0.2635616438356164,46467,265,3095,3650,OPTIMAL,37219.01770600382,17381.16561220386,19837.852093800033,0.0,0.0,15680,32754,OPTIMAL,34384.88350265901,17381.16561220386,17003.7178904531,0.0,0.0,245294,516862,183100.87680398085,0.0,0.003606458,0.122219125,0.095212917,0.088555542,0.11310025,0.047869208
sienna/5bus_20_24_conical_hull_conical_0.01,505263,20,24,conical_hull,conical,unscaled,0.01,25.784056971104228,24.320951305325963,0.45042703024354014,53.99531926886345,1.2706215125393578,20,1.1297499129555286,1.5137803128164822,0.863013698630137,0.0821917808219178,0.29726027397260274,52385,294,3095,3650,OPTIMAL,35436.049028873684,17816.699111149926,17619.349917723743,0.0,0.0,15680,32754,OPTIMAL,34542.68501029247,17816.699111149926,16725.98589914257,0.0,0.0,245294,516862,185516.48154701735,0.0,0.003448959,0.071610833,0.232322083,0.087617542,0.106932958,0.047869208
sienna/5bus_20_24_conical_hull_conical_bounded_0.01,505263,20,24,conical_hull,conical_bounded,unscaled,0.01,30.496127924421888,24.320951305325963,0.45042703024354014,53.99531926886345,1.2706215125393578,20,0.9948630754145177,1.0000000000000002,0.0,0.30684931506849317,0.26246575342465756,46737,263,3095,3650,OPTIMAL,37216.80583837876,17378.087043882322,19838.718794496403,0.0,0.0,15680,32754,OPTIMAL,34382.81032115697,17378.087043882322,17004.723277271278,0.0,0.0,245294,516862,183100.87680398085,0.0,0.003535,0.073449958,0.074265333,0.089788875,0.126596791,0.047869208
sienna/5bus_40_24_k_means_dirac_0.01_economic,505263,40,24,k_means,dirac,economic,0.01,89731.74761897471,106404.22299594663,105.95247053541131,1004.2637274832052,1.2320698619392347,40,1.0,1.0,0.0,0.0,0.025,0,0,0,0,OPTIMAL,24092.031579240494,17576.048642851412,6515.982936389388,0.0,0.0,29160,61114,OPTIMAL,62180.30493225764,17576.048642851412,44604.25628940284,0.0,0.0,245294,516862,207554.81370613966,0.0,0.003675833,0.019109625,7.08e-7,0.153195667,0.239558166,0.047869208
sienna/5bus_40_24_k_means_convex_0.01_economic,505263,40,24,k_means,convex,economic,0.01,74116.51368049129,106404.22299594663,105.95247053541131,1004.2637274832052,1.2320698619392347,40,1.0,1.0000000000000002,0.0,0.0,0.09349315068493151,284151,3183,0,0,OPTIMAL,24428.226941933044,17720.34392246625,6707.883019466881,0.0,0.0,29160,61114,OPTIMAL,50646.48775779534,17720.34392246625,32926.14383533079,0.0,0.0,245294,516862,205153.29328530782,0.0,0.003749375,0.01939125,0.641160458,0.119503125,0.261446416,0.047869208
sienna/5bus_40_24_k_means_conical_0.01_economic,505263,40,24,k_means,conical,economic,0.01,67891.69902665264,106404.22299594663,105.95247053541131,1004.2637274832052,1.2320698619392347,40,1.097819820231158,1.8592871264669082,0.6986301369863014,0.29863013698630136,0.10643835616438356,367968,3089,0,0,OPTIMAL,25376.701955005334,18329.758856087457,7046.94309891786,0.0,0.0,29160,61114,OPTIMAL,49103.4275592961,18329.758856087457,30773.66870320586,0.0,0.0,245294,516862,213842.0100239462,0.0,0.003604083,0.019290875,0.33813675,0.117798417,0.262844125,0.047869208
sienna/5bus_40_24_k_means_conical_bounded_0.01_economic,505263,40,24,k_means,conical_bounded,economic,0.01,73724.92314631246,106404.22299594663,105.95247053541131,1004.2637274832052,1.2320698619392347,40,0.9631150321740103,1.0000000000000002,0.0,0.4712328767123288,0.09205479452054795,299184,3197,0,0,OPTIMAL,23902.704390520088,17518.609565130926,6384.094825389023,0.0,0.0,29160,61114,OPTIMAL,51124.04572270609,17518.609565130926,33605.43615757274,0.0,0.0,245294,516862,202817.80242401653,0.0,0.003593458,0.019056875,0.712556334,0.117557208,0.259140542,0.047869208
sienna/5bus_40_24_k_medoids_dirac_0.01_economic,505263,40,24,k_medoids,dirac,economic,0.01,109580.41327638496,92211.13933981187,327.7036643301361,281.38574381919716,1.3657031793142642,40,1.0,1.0,0.0,0.0,0.025,0,0,0,0,OPTIMAL,32969.9381240829,18722.366822534663,14247.571301548145,0.0,0.0,29160,61114,OPTIMAL,33830.52558681493,18722.366822534663,15108.158764283431,0.0,0.0,245294,516862,197277.81517958472,0.0,0.003736292,0.01839925,7.09e-7,0.154295875,0.268637917,0.047869208
sienna/5bus_40_24_k_medoids_convex_0.01_economic,505263,40,24,k_medoids,convex,economic,0.01,75893.66348284691,92211.13933981187,327.7036643301361,281.38574381919716,1.3657031793142642,40,1.0,1.0000000000000002,0.0,0.0,0.12390410958904109,256584,1691,0,0,OPTIMAL,35664.7218363913,18656.959814782436,17007.762021608924,0.0,0.0,29160,61114,OPTIMAL,33840.240875174364,18656.959814782436,15183.281060390344,0.0,0.0,245294,516862,195522.91755078343,0.0,0.003731917,0.01796775,0.583982666,0.119819041,0.270524708,0.047869208
sienna/5bus_40_24_k_medoids_conical_0.01_economic,505263,40,24,k_medoids,conical,economic,0.01,69202.43736077759,92211.13933981187,327.7036643301361,281.38574381919716,1.3657031793142642,40,1.0894150236294864,1.7561832114221265,0.6109589041095891,0.27945205479452057,0.14034246575342466,313632,1949,0,0,OPTIMAL,36736.376539029465,18975.31652071828,17761.06001831105,0.0,0.0,29160,61114,OPTIMAL,33857.20254119644,18975.31652071828,14881.886020479491,0.0,0.0,245294,516862,197673.38697628857,0.0,0.003698875,0.018364042,0.265085375,0.121537792,0.29228725,0.047869208
sienna/5bus_40_24_k_medoids_conical_bounded_0.01_economic,505263,40,24,k_medoids,conical_bounded,economic,0.01,75384.46620057656,92211.13933981187,327.7036643301361,281.38574381919716,1.3657031793142642,40,0.9533144494254387,1.0000000000000002,0.0,0.4410958904109589,0.12335616438356165,273015,2090,0,0,OPTIMAL,34828.934867366625,18431.74816000633,16397.1867073603,0.0,0.0,29160,61114,OPTIMAL,33799.550184660344,18431.74816000633,15367.802024652327,0.0,0.0,245294,516862,193127.22407677534,0.0,0.004030375,0.018582375,0.636828125,0.116879375,0.288012667,0.047869208
sienna/5bus_40_24_hierarchical_dirac_0.01_economic,505263,40,24,hierarchical,dirac,economic,0.01,106951.67118344245,113493.02990176296,213.26716224746798,532.1636425680457,1.266412634838311,40,1.0,1.0,0.0,0.0,0.025,0,0,0,0,OPTIMAL,38425.64916406385,19022.250665658503,19403.398498405397,0.0,0.0,29160,61114,OPTIMAL,36321.91428328368,19022.250665658503,17299.66361762262,0.0,0.0,245294,516862,210904.49300338846,0.0,0.003740334,0.019401917,9.17e-7,0.153767625,0.227357959,0.047869208
sienna/5bus_40_24_hierarchical_convex_0.01_economic,505263,40,24,hierarchical,convex,economic,0.01,71252.70010524672,113493.02990176296,213.26716224746798,532.1636425680457,1.266412634838311,40,1.0,1.0000000000000002,0.0,0.0,0.12356164383561644,304853,2497,0,0,OPTIMAL,40340.05203579759,18734.5938711493,21605.458164648317,0.0,0.0,29160,61114,OPTIMAL,35871.971421828726,18734.5938711493,17137.377550681394,0.0,0.0,245294,516862,203680.63055943788,0.0,0.003772333,0.0191185,0.618354,0.124263875,0.280219541,0.047869208
sienna/5bus_40_24_hierarchical_conical_0.01_economic,505263,40,24,hierarchical,conical,economic,0.01,66432.61266610933,113493.02990176296,213.26716224746798,532.1636425680457,1.266412634838311,40,1.0518148405797252,1.6009978925170327,0.5534246575342465,0.336986301369863,0.13321917808219177,362498,2379,0,0,OPTIMAL,39733.7167062378,18733.955503195604,20999.76120304227,0.0,0.0,29160,61114,OPTIMAL,35803.559913030025,18733.955503195604,17069.604409834064,0.0,0.0,245294,516862,205531.20620155643,0.0,0.00368925,0.018559417,0.594860458,0.117977833,0.258550542,0.047869208
sienna/5bus_40_24_hierarchical_conical_bounded_0.01_economic,505263,40,24,hierarchical,conical_bounded,economic,0.01,70475.60678527903,113493.02990176296,213.26716224746798,532.1636425680457,1.266412634838311,40,0.9455558001237381,1.0000000000000002,0.0,0.5260273972602739,0.1215068493150685,322005,2497,0,0,OPTIMAL,39810.396685861444,18446.164094530228,21364.232591331347,0.0,0.0,29160,61114,OPTIMAL,35643.04290951966,18446.164094530228,17196.87881498859,0.0,0.0,245294,516862,199967.77303716505,0.0,0.003683833,0.018629625,0.458063917,0.118880041,0.295096584,0.047869208
sienna/5bus_40_24_chronological_dirac_0.01_economic,505263,40,24,chronological,dirac,economic,0.01,221463.7282199563,79402.09377730144,214.55760438269556,370.0735474081634,1.3240300036438748,40,1.0,1.0,0.0,0.0,0.025,0,0,0,0,OPTIMAL,32101.218235511835,18114.162039806488,13987.0561957056,0.0,0.0,29160,61114,OPTIMAL,41676.34462529096,18114.162039806488,23562.182585486273,0.0,0.0,245294,516862,202762.20419773296,0.0,0.004028542,0.018256083,1.5e-6,0.153121667,0.180622125,0.047869208
sienna/5bus_40_24_chronological_convex_0.01_economic,505263,40,24,chronological,convex,economic,0.01,96670.54508820365,79402.09377730144,214.55760438269556,370.0735474081634,1.3240300036438748,40,1.0,1.0000000000000002,0.0,0.0,0.12013698630136986,257073,2176,0,0,OPTIMAL,30143.366475414416,18102.211157544618,12041.155317869685,0.0,0.0,29160,61114,OPTIMAL,41833.27378161869,18102.211157544618,23731.06262407415,0.0,0.0,245294,516862,203653.07210394574,0.0,0.003567584,0.018186667,0.567327333,0.118991292,0.26482,0.047869208
sienna/5bus_40_24_chronological_conical_0.01_economic,505263,40,24,chronological,conical,economic,0.01,87678.98504677598,79402.09377730144,214.55760438269556,370.0735474081634,1.3240300036438748,40,1.2072130266552392,2.1818451065863416,0.726027397260274,0.1643835616438356,0.13643835616438357,324129,2250,0,0,OPTIMAL,33199.62577208517,19555.805961336555,13643.819810748664,0.0,0.0,29160,61114,OPTIMAL,42893.139128793184,19555.805961336555,23337.333167457462,0.0,0.0,245294,516862,218557.91570704352,0.0,0.003564333,0.018437292,0.555153416,0.119107,0.272249125,0.047869208
sienna/5bus_40_24_chronological_conical_bounded_0.01_economic,505263,40,24,chronological,conical_bounded,economic,0.01,96390.19728601098,79402.09377730144,214.55760438269556,370.0735474081634,1.3240300036438748,40,0.9712482246898455,1.0000000000000002,0.0,0.3506849315068493,0.11986301369863013,262894,2560,0,0,OPTIMAL,29853.89337814515,17918.77933013196,11935.114048013185,0.0,0.0,29160,61114,OPTIMAL,41776.918963220196,17918.77933013196,23858.139633085048,0.0,0.0,245294,516862,202032.69557288403,0.0,0.003644167,0.018135292,0.367533875,0.119254875,0.299698667,0.047869208
sienna/5bus_40_24_convex_hull_dirac_0.01_economic,505263,40,24,convex_hull,dirac,economic,0.01,128745.44907738401,117861.36067057267,230.39814484501923,511.5551635619891,1.356109712646857,40,1.0,1.0,0.0,0.0,0.025,0,0,9292,4163,OPTIMAL,64157.29417141786,18289.938346132367,45867.35582528563,0.0,0.0,29160,61114,OPTIMAL,38340.527529064544,18289.938346132367,20050.589182934847,0.0,0.0,245294,516862,202386.23394641923,0.0,0.003778166,1.033652917,8.34e-7,0.120292291,0.183579875,0.047869208
sienna/5bus_40_24_convex_hull_convex_0.01_economic,505263,40,24,convex_hull,convex,economic,0.01,67579.9585063576,117861.36067057267,230.39814484501923,511.5551635619891,1.356109712646857,40,1.0,1.0000000000000002,0.0,0.0,0.14006849315068493,208600,1837,9292,4163,OPTIMAL,54011.346248275564,18327.866333090697,35683.479915184755,0.0,0.0,29160,61114,OPTIMAL,38364.22573324571,18327.866333090697,20036.35940015496,0.0,0.0,245294,516862,201966.9210138024,0.0,0.0036695,0.794041875,0.234432625,0.121487,0.250699125,0.047869208
sienna/5bus_40_24_convex_hull_conical_0.01_economic,505263,40,24,convex_hull,conical,economic,0.01,58887.88682465213,117861.36067057267,230.39814484501923,511.5551635619891,1.356109712646857,40,1.0424294054095309,1.7650640480412385,0.4904109589041096,0.4,0.1567123287671233,271403,2318,9292,4163,OPTIMAL,54491.034436943126,18070.702971832063,36420.33146511099,0.0,0.0,29160,61114,OPTIMAL,38159.7128221716,18070.702971832063,20089.009850341594,0.0,0.0,245294,516862,198373.73361531412,0.0,0.003610833,1.066538584,0.181025208,0.136370416,0.26173675,0.047869208
sienna/5bus_40_24_convex_hull_conical_bounded_0.01_economic,505263,40,24,convex_hull,conical_bounded,economic,0.01,64631.885938866915,117861.36067057267,230.39814484501923,511.5551635619891,1.356109712646857,40,0.9093732979835647,1.0000000000000004,0.0,0.6191780821917808,0.13424657534246576,224974,1850,9292,4163,OPTIMAL,48598.52937596563,18049.302374802162,30549.22700116356,0.0,0.0,29160,61114,OPTIMAL,38200.26598296029,18049.302374802162,20150.96360816144,0.0,0.0,245294,516862,198950.72398665044,0.0,0.00368475,0.798051625,0.264319583,0.119427709,0.273553625,0.047869208
sienna/5bus_40_24_convex_hull_with_null_dirac_0.01_economic,505263,40,24,convex_hull_with_null,dirac,economic,0.01,144410.75852200945,118985.93294491878,208.58770648412056,570.4359808662884,1.360204055275727,40,1.0,1.0,0.0,0.0,0.025,0,0,9222,4598,OPTIMAL,23594.663835594343,14745.86323931106,8848.800596283401,0.0,0.0,29160,61114,OPTIMAL,57511.707657418236,14745.86323931106,42765.8444181076,0.0,0.0,245294,516862,170134.8505502492,0.0,0.003640958,1.136307792,9.59e-7,0.113607167,0.237942958,0.047869208
sienna/5bus_40_24_convex_hull_with_null_convex_0.01_economic,505263,40,24,convex_hull_with_null,convex,economic,0.01,78339.28252252616,118985.93294491878,208.58770648412056,570.4359808662884,1.360204055275727,40,1.0,1.0000000000000002,0.0,0.0,0.13397260273972603,189045,1635,9222,4598,OPTIMAL,24884.937807707225,15515.501417229601,9369.436390477764,0.0,0.0,29160,61114,OPTIMAL,54822.608663299674,15515.501417229601,39307.10724607065,0.0,0.0,245294,516862,175902.13096891262,0.0,0.0037205,0.837025916,0.211806959,0.129386875,0.331111875,0.047869208
sienna/5bus_40_24_convex_hull_with_null_conical_0.01_economic,505263,40,24,convex_hull_with_null,conical,economic,0.01,65044.72661020622,118985.93294491878,208.58770648412056,570.4359808662884,1.360204055275727,40,0.9121896984702708,1.6303511607166736,0.33424657534246577,0.5561643835616439,0.14815068493150685,240720,2173,9222,4598,OPTIMAL,23747.725884352014,15003.029967849401,8744.695916502562,0.0,0.0,29160,61114,OPTIMAL,54687.60493802502,15003.029967849401,39684.57497017337,0.0,0.0,245294,516862,172496.5018944291,0.0,0.003995125,1.132317667,0.162357042,0.145741,0.365651792,0.047869208
sienna/5bus_40_24_convex_hull_with_null_conical_bounded_0.01_economic,505263,40,24,convex_hull_with_null,conical_bounded,economic,0.01,68967.51944054525,118985.93294491878,208.58770648412056,570.4359808662884,1.360204055275727,40,0.8292476824478522,1.0000000000000004,0.0,0.7095890410958904,0.12890410958904108,205515,1808,9222,4598,OPTIMAL,22336.390449876406,14515.128276189003,7821.262173687393,0.0,0.0,29160,61114,OPTIMAL,57124.973697958005,14515.128276189003,42609.84542176966,0.0,0.0,245294,516862,168058.143930343,0.0,0.003709542,0.841148917,0.240182666,0.121722916,0.309334292,0.047869208
sienna/5bus_40_24_conical_hull_dirac_0.01_economic,505263,40,24,conical_hull,dirac,economic,0.01,172488.13780825064,48997.197865717775,191.80787407867362,255.44935577368764,2.070024930131311,40,1.0,1.0,0.0,0.0,0.025,0,0,7396,6059,OPTIMAL,39313.765118987576,18738.17138318128,20575.593735806353,0.0,0.0,29160,61114,OPTIMAL,34087.93234601757,18738.17138318128,15349.76096283756,0.0,0.0,245294,516862,189342.64409598903,0.0,0.003734792,0.256730083,1.958e-6,0.114087916,0.183184375,0.047869208
sienna/5bus_40_24_conical_hull_convex_0.01_economic,505263,40,24,conical_hull,convex,economic,0.01,135581.41045672024,48997.197865717775,191.80787407867362,255.44935577368764,2.070024930131311,40,1.0,1.0000000000000002,0.0,0.0,0.14095890410958903,129341,1585,7396,6059,OPTIMAL,39463.07733243313,18750.39963887539,20712.677693557733,0.0,0.0,29160,61114,OPTIMAL,34074.93172834085,18750.39963887539,15324.532089466667,0.0,0.0,245294,516862,189246.0553534482,0.0,0.003725,0.420180959,0.169503125,0.14167225,0.282074666,0.047869208
sienna/5bus_40_24_conical_hull_conical_0.01_economic,505263,40,24,conical_hull,conical,economic,0.01,66305.31008532828,48997.197865717775,191.80787407867362,255.44935577368764,2.070024930131311,40,1.5784085857264303,3.072590539307657,0.8383561643835616,0.052054794520547946,0.2036986301369863,213993,1730,7396,6059,OPTIMAL,49594.04128429806,21227.0793036216,28366.961980676577,0.0,0.0,29160,61114,OPTIMAL,34839.60435295941,21227.0793036216,13612.525049337912,0.0,0.0,245294,516862,215819.360803123,0.0,0.00378125,0.241881417,0.177858375,0.141133375,0.282076375,0.047869208
sienna/5bus_40_24_conical_hull_conical_bounded_0.01_economic,505263,40,24,conical_hull,conical_bounded,economic,0.01,135667.25715063684,48997.197865717775,191.80787407867362,255.44935577368764,2.070024930131311,40,0.995758335848045,1.0000000000000002,0.0,0.336986301369863,0.14095890410958903,131771,2037,7396,6059,OPTIMAL,39388.459202044585,18721.14397835565,20667.3152236889,0.0,0.0,29160,61114,OPTIMAL,34063.75046502165,18721.14397835565,15342.60648666692,0.0,0.0,245294,516862,189272.91699861406,0.0,0.003726625,0.315407208,0.391116709,0.119966583,0.257977292,0.047869208
sienna/5bus_40_24_k_means_dirac_0.01,505263,40,24,k_means,dirac,unscaled,0.01,25.7131946419994,42.240328100895745,0.060424122034552136,699.0639942892607,1.1050271279566128,40,1.0,1.0,0.0,0.0,0.025,0,0,0,0,OPTIMAL,28503.871409009524,17881.746790470337,10622.124618539217,0.0,0.0,29160,61114,OPTIMAL,40485.38806894894,17881.746790470337,22603.641278474126,0.0,0.0,245294,516862,202602.8524212337,0.0,0.003580084,0.016108042,2.958e-6,0.152698583,0.234263292,0.047869208
sienna/5bus_40_24_k_means_convex_0.01,505263,40,24,k_means,convex,unscaled,0.01,22.215951990134727,42.240328100895745,0.060424122034552136,699.0639942892607,1.1050271279566128,40,1.0,1.0000000000000002,0.0,0.0,0.10397260273972603,117306,813,0,0,OPTIMAL,32656.270892424454,18782.77418023718,13873.496712187223,0.0,0.0,29160,61114,OPTIMAL,33772.134409915685,18782.77418023718,14989.360229678341,0.0,0.0,245294,516862,197056.13523383735,0.0,0.003637667,0.016164958,0.388928541,0.118251417,0.254445542,0.047869208
sienna/5bus_40_24_k_means_conical_0.01,505263,40,24,k_means,conical,unscaled,0.01,21.62896615999066,42.240328100895745,0.060424122034552136,699.0639942892607,1.1050271279566128,40,1.0220332294557863,1.2228833997774329,0.6520547945205479,0.336986301369863,0.10719178082191781,125715,832,0,0,OPTIMAL,31648.141184170436,18870.11989057625,12778.02129359418,0.0,0.0,29160,61114,OPTIMAL,33773.88832070013,18870.11989057625,14903.768430122098,0.0,0.0,245294,516862,197118.08321529333,0.0,0.003689375,0.016192667,0.136349791,0.153122083,0.212790833,0.047869208
sienna/5bus_40_24_k_means_conical_bounded_0.01,505263,40,24,k_means,conical_bounded,unscaled,0.01,22.15045729974506,42.240328100895745,0.060424122034552136,699.0639942892607,1.1050271279566128,40,0.98716985702612,1.0000000000000002,0.0,0.589041095890411,0.10287671232876712,119161,778,0,0,OPTIMAL,32593.823108878663,18774.882225317724,13818.940883560936,0.0,0.0,29160,61114,OPTIMAL,33769.65681733822,18774.882225317724,14994.774592018513,0.0,0.0,245294,516862,197506.16523161533,0.0,0.003585875,0.01575975,0.422760208,0.117548167,0.235254458,0.047869208
sienna/5bus_40_24_k_medoids_dirac_0.01,505263,40,24,k_medoids,dirac,unscaled,0.01,30.797376755173318,42.78245253985417,0.18561858601105882,230.48582288685932,1.1232735819466402,40,1.0,1.0,0.0,0.0,0.025,0,0,0,0,OPTIMAL,34289.06963361475,17572.314185678428,16716.755447936244,0.0,0.0,29160,61114,OPTIMAL,39660.00940195196,17572.314185678428,22087.695216273067,0.0,0.0,245294,516862,196800.91202415482,0.0,0.003723083,0.015126542,1.584e-6,0.149904334,0.263680416,0.047869208
sienna/5bus_40_24_k_medoids_convex_0.01,505263,40,24,k_medoids,convex,unscaled,0.01,22.368865753253694,42.78245253985417,0.18561858601105882,230.48582288685932,1.1232735819466402,40,1.0,1.0000000000000002,0.0,0.0,0.14226027397260274,121467,766,0,0,OPTIMAL,40618.70081397414,17651.84154565073,22966.85926832346,0.0,0.0,29160,61114,OPTIMAL,36221.765344752734,17651.84154565073,18569.92379910146,0.0,0.0,245294,516862,193474.04012235405,0.0,0.003623083,0.250341666,0.160528625,0.155240875,0.286476333,0.047869208
sienna/5bus_40_24_k_medoids_conical_0.01,505263,40,24,k_medoids,conical,unscaled,0.01,21.71702621609531,42.78245253985417,0.18561858601105882,230.48582288685932,1.1232735819466402,40,1.015649690579417,1.2306354308275678,0.5561643835616439,0.33424657534246577,0.1445890410958904,126206,685,0,0,OPTIMAL,38677.025385068504,17643.092654726013,21033.932730342505,0.0,0.0,29160,61114,OPTIMAL,36226.89663791272,17643.092654726013,18583.803983189977,0.0,0.0,245294,516862,192672.62960931635,0.0,0.003571583,0.015255167,0.133419416,0.155563583,0.286878459,0.047869208
sienna/5bus_40_24_k_medoids_conical_bounded_0.01,505263,40,24,k_medoids,conical_bounded,unscaled,0.01,22.18136077515838,42.78245253985417,0.18561858601105882,230.48582288685932,1.1232735819466402,40,0.980919115772451,1.0000000000000002,0.0,0.5671232876712329,0.1404109589041096,122882,766,0,0,OPTIMAL,40909.06926229575,17619.030769251833,23290.03849304402,0.0,0.0,29160,61114,OPTIMAL,36212.77507655645,17619.030769251833,18593.74430730395,0.0,0.0,245294,516862,193028.5868588579,0.0,0.00407675,0.014957375,0.188471334,0.172345166,0.261362833,0.047869208
sienna/5bus_40_24_hierarchical_dirac_0.01,505263,40,24,hierarchical,dirac,unscaled,0.01,31.049118667042062,41.03821669138768,0.14650884670119887,280.1074311579566,1.1347042356552453,40,1.0,1.0,0.0,0.0,0.025,0,0,0,0,OPTIMAL,27200.45481482578,18191.400018359494,9009.054796466407,0.0,0.0,29160,61114,OPTIMAL,34376.05784843821,18191.400018359494,16184.657830078633,0.0,0.0,245294,516862,196586.7271544311,0.0,0.0037405,0.015375708,7.08e-7,0.152144125,0.226421958,0.047869208
sienna/5bus_40_24_hierarchical_convex_0.01,505263,40,24,hierarchical,convex,unscaled,0.01,22.226310603587443,41.03821669138768,0.14650884670119887,280.1074311579566,1.1347042356552453,40,1.0,1.0000000000000002,0.0,0.0,0.13472602739726028,113407,646,0,0,OPTIMAL,27887.393203221898,17666.044485452163,10221.348717769866,0.0,0.0,29160,61114,OPTIMAL,34440.46744568141,17666.044485452163,16774.422960234006,0.0,0.0,245294,516862,191415.17080453364,0.0,0.00373325,0.015591833,0.37723825,0.119706584,0.267516875,0.047869208
sienna/5bus_40_24_hierarchical_conical_0.01,505263,40,24,hierarchical,conical,unscaled,0.01,21.310528848640132,41.03821669138768,0.14650884670119887,280.1074311579566,1.1347042356552453,40,1.0290128306934017,1.2604151913664945,0.5972602739726027,0.29315068493150687,0.14253424657534247,119217,756,0,0,OPTIMAL,27973.999237617973,17788.757838817055,10185.241398800947,0.0,0.0,29160,61114,OPTIMAL,34428.89274203571,17788.757838817055,16640.134903218506,0.0,0.0,245294,516862,190745.19834073394,0.0,0.0036085,0.015554625,0.130077084,0.157070417,0.357401166,0.047869208
sienna/5bus_40_24_hierarchical_conical_bounded_0.01,505263,40,24,hierarchical,conical_bounded,unscaled,0.01,22.122476782195797,41.03821669138768,0.14650884670119887,280.1074311579566,1.1347042356552453,40,0.9850111535759307,1.0000000000000004,0.0,0.5506849315068493,0.13267123287671234,111779,756,0,0,OPTIMAL,27680.349862443614,17650.0242616174,10030.325600826298,0.0,0.0,29160,61114,OPTIMAL,34441.03399663267,17650.0242616174,16791.009735015374,0.0,0.0,245294,516862,191535.20259736865,0.0,0.003696209,0.0155765,0.410695791,0.119263458,0.270572917,0.047869208
sienna/5bus_40_24_chronological_dirac_0.01,505263,40,24,chronological,dirac,unscaled,0.01,41.76587786698405,41.64858118319492,0.14703121378186854,283.26353372137436,1.1036647227936063,40,1.0,1.0,0.0,0.0,0.025,0,0,0,0,OPTIMAL,37179.05437986922,18306.928958298016,18872.12542157143,0.0,0.0,29160,61114,OPTIMAL,34925.23512333696,18306.928958298016,16618.306165043425,0.0,0.0,245294,516862,201334.10485450533,0.0,0.004002958,0.015492041,1.667e-6,0.1512365,0.1977535,0.047869208
sienna/5bus_40_24_chronological_convex_0.01,505263,40,24,chronological,convex,unscaled,0.01,25.377928114422367,41.64858118319492,0.14703121378186854,283.26353372137436,1.1036647227936063,40,1.0,1.0000000000000002,0.0,0.0,0.12986301369863013,128740,817,0,0,OPTIMAL,43386.95166413425,18439.287347781174,24947.664316353144,0.0,0.0,29160,61114,OPTIMAL,34861.59731907054,18439.287347781174,16422.309971291477,0.0,0.0,245294,516862,199793.9613287579,0.0,0.003647667,0.015081042,0.187833208,0.134777791,0.297305792,0.047869208
sienna/5bus_40_24_chronological_conical_0.01,505263,40,24,chronological,conical,unscaled,0.01,24.13449205356128,41.64858118319492,0.14703121378186854,283.26353372137436,1.1036647227936063,40,1.0242543902386412,1.3264119377882615,0.5753424657534246,0.3150684931506849,0.1360958904109589,133915,789,0,0,OPTIMAL,43551.991536729154,18652.446027574668,24899.54550915451,0.0,0.0,29160,61114,OPTIMAL,34941.29497532474,18652.446027574668,16288.848947748882,0.0,0.0,245294,516862,202737.85608672546,0.0,0.003638833,0.014710041,0.307425833,0.122312833,0.24189075,0.047869208
sienna/5bus_40_24_chronological_conical_bounded_0.01,505263,40,24,chronological,conical_bounded,unscaled,0.01,25.086251233438517,41.64858118319492,0.14703121378186854,283.26353372137436,1.1036647227936063,40,0.9789375922053468,1.0000000000000002,0.0,0.5068493150684932,0.1293835616438356,129424,817,0,0,OPTIMAL,43953.41335194362,18363.116759199977,25590.296592743634,0.0,0.0,29160,61114,OPTIMAL,34821.60661981424,18363.116759199977,16458.489860613765,0.0,0.0,245294,516862,200092.0846473825,0.0,0.003749333,0.0148195,0.198719375,0.154426292,0.2708175,0.047869208
sienna/5bus_40_24_convex_hull_dirac_0.01,505263,40,24,convex_hull,dirac,unscaled,0.01,36.9716659754479,41.25544332772382,0.19579151471251152,210.71108923336553,1.1805265099724989,40,1.0,1.0,0.0,0.0,0.025,0,0,8435,5020,OPTIMAL,32350.010843453263,18462.56236237401,13887.44848107935,0.0,0.0,29160,61114,OPTIMAL,33944.716030788826,18462.56236237401,15482.153668414785,0.0,0.0,245294,516862,187522.27955307037,0.0,0.003792417,0.755213375,1.167e-6,0.113620875,0.199795541,0.047869208
sienna/5bus_40_24_convex_hull_convex_0.01,505263,40,24,convex_hull,convex,unscaled,0.01,20.56313859597073,41.25544332772382,0.19579151471251152,210.71108923336553,1.1805265099724989,40,1.0,1.0000000000000002,0.0,0.0,0.1684931506849315,95397,508,8435,5020,OPTIMAL,32389.471854092128,18425.51032947619,13963.961524615908,0.0,0.0,29160,61114,OPTIMAL,34011.00647212531,18425.51032947619,15585.496142650956,0.0,0.0,245294,516862,185418.36392650267,0.0,0.003709583,0.529554375,0.109108917,0.164349334,0.27593125,0.047869208
sienna/5bus_40_24_convex_hull_conical_0.01,505263,40,24,convex_hull,conical,unscaled,0.01,19.62115176034747,41.25544332772382,0.19579151471251152,210.71108923336553,1.1805265099724989,40,1.044845165104375,1.2404706023477627,0.6712328767123288,0.2191780821917808,0.17376712328767124,101080,578,8435,5020,OPTIMAL,31633.756838357414,18352.34549638217,13281.411341975378,0.0,0.0,29160,61114,OPTIMAL,34071.43900248899,18352.34549638217,15719.093506108378,0.0,0.0,245294,516862,184690.96316890014,0.0,0.0037335,0.89653825,0.084623,0.1587955,0.284601375,0.047869208
sienna/5bus_40_24_convex_hull_conical_bounded_0.01,505263,40,24,convex_hull,conical_bounded,unscaled,0.01,20.56264333923918,41.25544332772382,0.19579151471251152,210.71108923336553,1.1805265099724989,40,0.990240753777963,1.0000000000000002,0.0,0.5232876712328767,0.16739726027397261,95893,521,8435,5020,OPTIMAL,32306.369968729618,18421.991639220552,13884.378329509183,0.0,0.0,29160,61114,OPTIMAL,34008.67007868294,18421.991639220552,15586.678439465768,0.0,0.0,245294,516862,185509.37559309785,0.0,0.003910542,0.521933709,0.11560375,0.17133675,0.283408125,0.047869208
sienna/5bus_40_24_convex_hull_with_null_dirac_0.01,505263,40,24,convex_hull_with_null,dirac,unscaled,0.01,36.75237370565366,41.801681587571196,0.2121449772725854,197.0429944889063,1.1803461354774345,40,1.0,1.0,0.0,0.0,0.025,0,0,8340,5480,OPTIMAL,38943.56795836246,18899.081958215516,20044.486000146877,0.0,0.0,29160,61114,OPTIMAL,34035.40581770174,18899.081958215516,15136.323859484577,0.0,0.0,245294,516862,190321.82067240952,0.0,0.003726458,0.845255542,8.75e-7,0.112717167,0.217617,0.047869208
sienna/5bus_40_24_convex_hull_with_null_convex_0.01,505263,40,24,convex_hull_with_null,convex,unscaled,0.01,20.701567410429384,41.801681587571196,0.2121449772725854,197.0429944889063,1.1803461354774345,40,1.0,1.0000000000000002,0.0,0.0,0.17082191780821918,95136,654,8340,5480,OPTIMAL,40164.83253666101,18771.12490454006,21393.707632121,0.0,0.0,29160,61114,OPTIMAL,34082.256170144545,18771.12490454006,15311.131265603062,0.0,0.0,245294,516862,187911.88742658548,0.0,0.003735166,0.571655292,0.10949625,0.164645334,0.279173584,0.047869208
sienna/5bus_40_24_convex_hull_with_null_conical_0.01,505263,40,24,convex_hull_with_null,conical,unscaled,0.01,19.731469229085288,41.801681587571196,0.2121449772725854,197.0429944889063,1.1803461354774345,40,1.0199149657663187,1.2164894507215496,0.5506849315068493,0.33972602739726027,0.17616438356164382,102422,674,8340,5480,OPTIMAL,38703.75592662442,18765.138927817177,19938.61699880708,0.0,0.0,29160,61114,OPTIMAL,34056.43323924837,18765.138927817177,15291.29431142796,0.0,0.0,245294,516862,188013.50019473562,0.0,0.003773333,0.803798416,0.082668875,0.167332708,0.277012792,0.047869208
sienna/5bus_40_24_convex_hull_with_null_conical_bounded_0.01,505263,40,24,convex_hull_with_null,conical_bounded,unscaled,0.01,20.48036433136781,41.801681587571196,0.2121449772725854,197.0429944889063,1.1803461354774345,40,0.9781080730343198,1.0000000000000002,0.0,0.5808219178082191,0.168013698630137,97777,654,8340,5480,OPTIMAL,40256.32767073449,18706.27318540958,21550.054485324985,0.0,0.0,29160,61114,OPTIMAL,34021.043832033996,18706.27318540958,15314.770646622595,0.0,0.0,245294,516862,186846.14053684764,0.0,0.003609334,0.566565917,0.116970459,0.163799541,0.280588833,0.047869208
sienna/5bus_40_24_conical_hull_dirac_0.01,505263,40,24,conical_hull,dirac,unscaled,0.01,40.29494575005926,34.969322067008,0.16538977742234892,211.43581309568071,1.2515823087064482,40,1.0,1.0,0.0,0.0,0.025,0,0,8310,5145,OPTIMAL,33573.89098864953,17406.774403938998,16167.116584710566,0.0,0.0,29160,61114,OPTIMAL,34201.7936074332,17406.774403938998,16795.01920349419,0.0,0.0,245294,516862,176631.90890759023,0.0,0.003691375,0.51021075,1.125e-6,0.11180275,0.176885208,0.047869208
sienna/5bus_40_24_conical_hull_convex_0.01,505263,40,24,conical_hull,convex,unscaled,0.01,25.19934742364975,34.969322067008,0.16538977742234892,211.43581309568071,1.2515823087064482,40,1.0,1.0000000000000002,0.0,0.0,0.15698630136986302,76261,515,8310,5145,OPTIMAL,35916.35199976094,17729.694925710184,18186.657074050752,0.0,0.0,29160,61114,OPTIMAL,34169.67081850834,17729.694925710184,16439.975892802067,0.0,0.0,245294,516862,180033.1481670002,0.0,0.0036545,0.449476584,0.224963584,0.149537708,0.276745292,0.047869208
sienna/5bus_40_24_conical_hull_conical_0.01,505263,40,24,conical_hull,conical,unscaled,0.01,20.967135895312694,34.969322067008,0.16538977742234892,211.43581309568071,1.2515823087064482,40,1.1089262745916173,1.4707018470935396,0.8082191780821918,0.0821917808219178,0.17636986301369864,87910,553,8310,5145,OPTIMAL,34748.86392086096,17879.186943424887,16869.676977436102,0.0,0.0,29160,61114,OPTIMAL,34195.09540246058,17879.186943424887,16315.908459034245,0.0,0.0,245294,516862,180347.86251108022,0.0,0.003687125,0.293299792,0.07234525,0.160099875,0.269891292,0.047869208
sienna/5bus_40_24_conical_hull_conical_bounded_0.01,505263,40,24,conical_hull,conical_bounded,unscaled,0.01,25.260768079868086,34.969322067008,0.16538977742234892,211.43581309568071,1.2515823087064482,40,0.9951764663488942,1.0000000000000002,0.0,0.3863013698630137,0.15602739726027398,77054,515,8310,5145,OPTIMAL,35841.80066667547,17719.14428466952,18122.656382006,0.0,0.0,29160,61114,OPTIMAL,34169.40484679514,17719.14428466952,16450.26056212547,0.0,0.0,245294,516862,180138.02108059256,0.0,0.003589292,0.334860292,0.308137166,0.120227375,0.303752583,0.047869208
sienna/5bus_80_24_k_means_dirac_0.01_economic,505263,80,24,k_means,dirac,economic,0.01,73227.51725921346,142643.7520340575,0.050299179579804704,2.8359061365551474e6,1.2930121862588848,80,1.0,1.0,0.0,0.0,0.0125,0,0,0,0,OPTIMAL,24734.20117342408,17785.747044363136,6948.454129060888,0.0,0.0,56120,117834,OPTIMAL,46322.31627270072,17785.747044363136,28536.56922833741,0.0,0.0,245294,516862,206047.97660139142,0.0,0.003716875,0.019492583,7.08e-7,0.254477875,0.377366875,0.047869208
sienna/5bus_80_24_k_means_convex_0.01_economic,505263,80,24,k_means,convex,economic,0.01,58784.03870523217,142643.7520340575,0.050299179579804704,2.8359061365551474e6,1.2930121862588848,80,1.0,1.0000000000000002,0.0,0.0,0.054897260273972605,461690,4583,0,0,OPTIMAL,25203.95668419126,17677.153846206627,7526.802837984595,0.0,0.0,56120,117834,OPTIMAL,43259.10997232441,17677.153846206627,25581.956126121055,0.0,0.0,245294,516862,202474.751526148,0.0,0.0037385,0.01926075,1.253255958,0.198500792,0.621009417,0.047869208
sienna/5bus_80_24_k_means_conical_0.01_economic,505263,80,24,k_means,conical,economic,0.01,52545.2870450838,142643.7520340575,0.050299179579804704,2.8359061365551474e6,1.2930121862588848,80,1.0954506505556334,1.6536589828001078,0.7150684931506849,0.25205479452054796,0.06547945205479452,591676,6344,0,0,OPTIMAL,26656.484223145802,18257.684983065443,8398.799240080249,0.0,0.0,56120,117834,OPTIMAL,42670.88616982016,18257.684983065443,24413.201186756316,0.0,0.0,245294,516862,206284.48818295958,0.0,0.003659084,0.019464,1.284577542,0.205331584,0.644599666,0.047869208
sienna/5bus_80_24_k_means_conical_bounded_0.01_economic,505263,80,24,k_means,conical_bounded,economic,0.01,58469.178798779365,142643.7520340575,0.050299179579804704,2.8359061365551474e6,1.2930121862588848,80,0.968482371117433,1.0000000000000002,0.0,0.4904109589041096,0.05417808219178082,477305,4583,0,0,OPTIMAL,24730.95405529507,17365.4062838813,7365.547771413913,0.0,0.0,56120,117834,OPTIMAL,43733.309833532774,17365.4062838813,26367.903549647286,0.0,0.0,245294,516862,199560.27282161376,0.0,0.003665417,0.0196675,1.325780208,0.202294542,0.624735375,0.047869208
sienna/5bus_80_24_k_medoids_dirac_0.01_economic,505263,80,24,k_medoids,dirac,economic,0.01,93636.4118380569,131297.6212344039,0.10002693883512075,1.3126226071041536e6,1.3420805487530119,80,1.0,1.0,0.0,0.0,0.0125,0,0,0,0,OPTIMAL,36097.01478983914,19022.66167774434,17074.353112095036,0.0,0.0,56120,117834,OPTIMAL,33767.42640045598,19022.66167774434,14744.764722715066,0.0,0.0,245294,516862,200610.5244678373,0.0,0.003723625,0.018306958,7.92e-7,0.257523334,0.386802166,0.047869208
sienna/5bus_80_24_k_medoids_convex_0.01_economic,505263,80,24,k_medoids,convex,economic,0.01,64702.53078168978,131297.6212344039,0.10002693883512075,1.3126226071041536e6,1.3420805487530119,80,1.0,1.0000000000000002,0.0,0.0,0.06739726027397261,457210,4468,0,0,OPTIMAL,37373.09972431039,18574.2823058579,18798.81741845232,0.0,0.0,56120,117834,OPTIMAL,33951.77445135914,18574.2823058579,15377.492145499638,0.0,0.0,245294,516862,197059.01992179782,0.0,0.003757375,0.018534791,1.483534959,0.201740167,0.46277675,0.047869208
sienna/5bus_80_24_k_medoids_conical_0.01_economic,505263,80,24,k_medoids,conical,economic,0.01,56421.39611619361,131297.6212344039,0.10002693883512075,1.3126226071041536e6,1.3420805487530119,80,1.131259884708532,1.805119373136351,0.5534246575342465,0.2273972602739726,0.07821917808219178,547025,4378,0,0,OPTIMAL,39669.360545344,19312.055213456304,20357.30533188769,0.0,0.0,56120,117834,OPTIMAL,34104.68829550025,19312.055213456304,14792.633082044276,0.0,0.0,245294,516862,201914.85811945438,0.0,0.00403175,0.018612458,0.96405625,0.212281333,0.482624709,0.047869208
sienna/5bus_80_24_k_medoids_conical_bounded_0.01_economic,505263,80,24,k_medoids,conical_bounded,economic,0.01,64576.92117184733,131297.6212344039,0.10002693883512075,1.3126226071041536e6,1.3420805487530119,80,0.9731483322095642,1.0000000000000002,0.0,0.4876712328767123,0.06702054794520548,466249,4179,0,0,OPTIMAL,37048.336258081545,18444.932718935415,18603.40353914606,0.0,0.0,56120,117834,OPTIMAL,33927.18507537038,18444.932718935415,15482.252356435103,0.0,0.0,245294,516862,195083.01482772734,0.0,0.003994,0.018500833,1.558357375,0.1963355,0.496137709,0.047869208
sienna/5bus_80_24_hierarchical_dirac_0.01_economic,505263,80,24,hierarchical,dirac,economic,0.01,85315.78234533497,158019.99088123682,0.08256812069603554,1.913813582641273e6,1.2922031647332552,80,1.0,1.0,0.0,0.0,0.0125,0,0,0,0,OPTIMAL,43343.0179229598,19076.308625491278,24266.70929746836,0.0,0.0,56120,117834,OPTIMAL,36310.07675206299,19076.308625491278,17233.768126573214,0.0,0.0,245294,516862,211986.07235321443,0.0,0.004077,0.024039958,8.75e-7,0.2566275,0.402875375,0.047869208
sienna/5bus_80_24_hierarchical_convex_0.01_economic,505263,80,24,hierarchical,convex,economic,0.01,54226.113746609546,158019.99088123682,0.08256812069603554,1.913813582641273e6,1.2922031647332552,80,1.0,1.0000000000000004,0.0,0.0,0.0626027397260274,454810,3778,0,0,OPTIMAL,41635.55535894782,18748.5827403159,22886.972618631768,0.0,0.0,56120,117834,OPTIMAL,35879.6053835341,18748.5827403159,17131.022643218148,0.0,0.0,245294,516862,204422.71695385323,0.0,0.003744083,0.018546542,1.478169708,0.210609,0.45488325,0.047869208
sienna/5bus_80_24_hierarchical_conical_0.01_economic,505263,80,24,hierarchical,conical,economic,0.01,48124.246017180565,158019.99088123682,0.08256812069603554,1.913813582641273e6,1.2922031647332552,80,1.0828267854721176,1.7002370765741008,0.5232876712328767,0.25753424657534246,0.07349315068493151,584080,3992,0,0,OPTIMAL,40090.87829218405,19429.09529423049,20661.782997953636,0.0,0.0,56120,117834,OPTIMAL,36428.78597374703,19429.09529423049,16999.690679516083,0.0,0.0,245294,516862,213073.53637667265,0.0,0.00364525,0.01880825,1.021789458,0.202146417,0.481422667,0.047869208
sienna/5bus_80_24_hierarchical_conical_bounded_0.01_economic,505263,80,24,hierarchical,conical_bounded,economic,0.01,53608.36516788231,158019.99088123682,0.08256812069603554,1.913813582641273e6,1.2922031647332552,80,0.9589876487977035,1.0000000000000002,0.0,0.4904109589041096,0.061952054794520546,482079,3778,0,0,OPTIMAL,41461.20156614321,18432.115782748308,23029.08578339485,0.0,0.0,56120,117834,OPTIMAL,35625.45169059823,18432.115782748308,17193.335907850986,0.0,0.0,245294,516862,201567.5996463842,0.0,0.003747542,0.018642542,1.594178125,0.200086417,0.4725485,0.047869208
sienna/5bus_80_24_chronological_dirac_0.01_economic,505263,80,24,chronological,dirac,economic,0.01,195678.49887856,110333.26647342902,0.11111641950065981,992951.9594786246,1.339964573395439,80,1.0,1.0,0.0,0.0,0.0125,0,0,0,0,OPTIMAL,31451.04026488089,18729.65011841877,12721.390146462072,0.0,0.0,56120,117834,OPTIMAL,33751.42647680896,18729.65011841877,15021.776358390167,0.0,0.0,245294,516862,196617.32073796447,0.0,0.003688083,0.018221917,1.625e-6,0.255440708,0.3608145,0.047869208
sienna/5bus_80_24_chronological_convex_0.01_economic,505263,80,24,chronological,convex,economic,0.01,81935.01272154252,110333.26647342902,0.11111641950065981,992951.9594786246,1.339964573395439,80,1.0,1.0000000000000002,0.0,0.0,0.0642123287671233,384381,4395,0,0,OPTIMAL,29408.58848120456,18609.479959757016,10799.108521447492,0.0,0.0,56120,117834,OPTIMAL,33767.553749412466,18609.479959757016,15158.0737896534,0.0,0.0,245294,516862,194824.78712407767,0.0,0.003655417,0.018563375,1.306607166,0.205243208,0.456542916,0.047869208
sienna/5bus_80_24_chronological_conical_0.01_economic,505263,80,24,chronological,conical,economic,0.01,73570.94992252937,110333.26647342902,0.11111641950065981,992951.9594786246,1.339964573395439,80,1.1643147822847066,1.9637207941776968,0.6,0.18082191780821918,0.07311643835616438,443970,4323,0,0,OPTIMAL,32332.937011328446,19689.652059031534,12643.284952296946,0.0,0.0,56120,117834,OPTIMAL,33937.634594987554,19689.652059031534,14247.982535957275,0.0,0.0,245294,516862,205540.27016150442,0.0,0.003692834,0.018307375,0.801252959,0.197511625,0.500025791,0.047869208
sienna/5bus_80_24_chronological_conical_bounded_0.01_economic,505263,80,24,chronological,conical_bounded,economic,0.01,81629.18344471866,110333.26647342902,0.11111641950065981,992951.9594786246,1.339964573395439,80,0.9718944349324605,1.0000000000000002,0.0,0.39452054794520547,0.06342465753424657,385363,4628,0,0,OPTIMAL,28956.94893380723,18348.68258978884,10608.266344018408,0.0,0.0,56120,117834,OPTIMAL,33778.019931410774,18348.68258978884,15429.337341619594,0.0,0.0,245294,516862,193630.1855381258,0.0,0.003657958,0.01827925,1.344543125,0.196352917,0.42439875,0.047869208
sienna/5bus_80_24_convex_hull_dirac_0.01_economic,505263,80,24,convex_hull,dirac,economic,0.01,102551.2361465327,172780.07853302968,0.09788783725853578,1.7650821937836136e6,1.2914579382576663,80,1.0,1.0,0.0,0.0,0.0125,0,0,20253,5422,OPTIMAL,59284.50911663004,18832.008456257197,40452.50066037357,0.0,0.0,56120,117834,OPTIMAL,33794.29576895007,18832.008456257197,14962.28731269654,0.0,0.0,245294,516862,196039.7219491934,0.0,0.0036695,3.397618167,1.917e-6,0.259856292,0.412088542,0.047869208
sienna/5bus_80_24_convex_hull_convex_0.01_economic,505263,80,24,convex_hull,convex,economic,0.01,51658.29470457055,172780.07853302968,0.09788783725853578,1.7650821937836136e6,1.2914579382576663,80,1.0,1.0000000000000002,0.0,0.0,0.07366438356164384,359278,2942,20253,5422,OPTIMAL,50096.30861438523,18859.317398725536,31236.99121565994,0.0,0.0,56120,117834,OPTIMAL,33800.345824316,18859.317398725536,14941.028425593853,0.0,0.0,245294,516862,196137.43767557747,0.0,0.003730959,3.157022042,0.92238625,0.206962209,0.461326959,0.047869208
sienna/5bus_80_24_convex_hull_conical_0.01_economic,505263,80,24,convex_hull,conical,economic,0.01,45047.791137385095,172780.07853302968,0.09788783725853578,1.7650821937836136e6,1.2914579382576663,80,1.0287702558144556,1.7293596730500325,0.4273972602739726,0.35342465753424657,0.08126712328767123,444601,4636,20253,5422,OPTIMAL,50839.79609011113,18944.490587079523,31895.305503031697,0.0,0.0,56120,117834,OPTIMAL,33906.43104834456,18944.490587079523,14961.940461266264,0.0,0.0,245294,516862,194793.5592665621,0.0,0.003698458,3.41414725,0.720599708,0.202463917,0.549666375,0.047869208
sienna/5bus_80_24_convex_hull_conical_bounded_0.01_economic,505263,80,24,convex_hull,conical_bounded,economic,0.01,49141.76683949798,172780.07853302968,0.09788783725853578,1.7650821937836136e6,1.2914579382576663,80,0.9248690359924922,1.0000000000000002,0.0,0.589041095890411,0.0714041095890411,380561,3072,20253,5422,OPTIMAL,46194.90356220431,18612.1942707128,27582.70929149175,0.0,0.0,56120,117834,OPTIMAL,33802.752168042476,18612.1942707128,15190.557897327426,0.0,0.0,245294,516862,194156.14225224897,0.0,0.003536125,3.61707875,1.007067208,0.200287083,0.490252167,0.047869208
sienna/5bus_80_24_convex_hull_with_null_dirac_0.01_economic,505263,80,24,convex_hull_with_null,dirac,economic,0.01,102453.31657343608,173489.23998448494,0.12345451216009254,1.4052887735647012e6,1.2922679719671235,80,1.0,1.0,0.0,0.0,0.0125,0,0,20303,5737,OPTIMAL,57812.62766415073,18839.917946703703,38972.70971744739,0.0,0.0,56120,117834,OPTIMAL,33782.903373326306,18839.917946703703,14942.98542662662,0.0,0.0,245294,516862,197628.9579514048,0.0,0.003711792,3.220291125,1.959e-6,0.27291,0.3830225,0.047869208
sienna/5bus_80_24_convex_hull_with_null_convex_0.01_economic,505263,80,24,convex_hull_with_null,convex,economic,0.01,52808.46158058652,173489.23998448494,0.12345451216009254,1.4052887735647012e6,1.2922679719671235,80,1.0,1.0000000000000002,0.0,0.0,0.07184931506849315,362703,3111,20303,5737,OPTIMAL,49865.337005420784,18851.786673565344,31013.55033185559,0.0,0.0,56120,117834,OPTIMAL,33798.44254161592,18851.786673565344,14946.655868052407,0.0,0.0,245294,516862,196000.7195489011,0.0,0.003700792,3.428904917,0.938400167,0.200176875,0.467922875,0.047869208
sienna/5bus_80_24_convex_hull_with_null_conical_0.01_economic,505263,80,24,convex_hull_with_null,conical,economic,0.01,45005.355757057856,173489.23998448494,0.12345451216009254,1.4052887735647012e6,1.2922679719671235,80,0.9816757217237836,1.7259363686370073,0.3287671232876712,0.4520547945205479,0.07965753424657535,449302,4513,20303,5737,OPTIMAL,46362.0145478343,18684.416750344037,27677.597797490598,0.0,0.0,56120,117834,OPTIMAL,33815.12897755619,18684.416750344037,15130.712227212121,0.0,0.0,245294,516862,193598.8163887546,0.0,0.003669959,3.209918,0.723013625,0.204549125,0.459608959,0.047869208
sienna/5bus_80_24_convex_hull_with_null_conical_bounded_0.01_economic,505263,80,24,convex_hull_with_null,conical_bounded,economic,0.01,48395.835168180005,173489.23998448494,0.12345451216009254,1.4052887735647012e6,1.2922679719671235,80,0.9048979757727508,1.0000000000000002,0.0,0.6328767123287671,0.07003424657534246,386852,2933,20303,5737,OPTIMAL,43402.40522240273,18241.74549426374,25160.659728138882,0.0,0.0,56120,117834,OPTIMAL,33797.59862588728,18241.74549426374,15555.853131626522,0.0,0.0,245294,516862,191177.13837180735,0.0,0.003685583,3.459866041,1.02145175,0.209013625,0.508169416,0.047869208
sienna/5bus_80_24_conical_hull_dirac_0.01_economic,505263,80,24,conical_hull,dirac,economic,0.01,151492.41759702374,73738.27620079042,0.13319671901813435,553604.2985469572,1.8814138697881455,80,1.0,1.0,0.0,0.0,0.0125,0,0,17880,7795,OPTIMAL,34266.22951718143,18508.268503025563,15757.961014155513,0.0,0.0,56120,117834,OPTIMAL,34004.39083913448,18508.268503025563,15496.12233610559,0.0,0.0,245294,516862,186358.06219552102,0.0,0.003737208,0.793934208,7.91e-7,0.258742334,0.374798709,0.047869208
sienna/5bus_80_24_conical_hull_convex_0.01_economic,505263,80,24,conical_hull,convex,economic,0.01,120203.79380373325,73738.27620079042,0.13319671901813435,553604.2985469572,1.8814138697881455,80,1.0,1.0000000000000004,0.0,0.0,0.07352739726027398,218971,3525,17880,7795,OPTIMAL,34851.90950906449,18652.558689807636,16199.35081925688,0.0,0.0,56120,117834,OPTIMAL,34019.454347072504,18652.558689807636,15366.895657262461,0.0,0.0,245294,516862,186618.57576107688,0.0,0.003682208,1.087725542,0.584354916,0.210022792,0.479319041,0.047869208
sienna/5bus_80_24_conical_hull_conical_0.01_economic,505263,80,24,conical_hull,conical,economic,0.01,52859.23462331166,73738.27620079042,0.13319671901813435,553604.2985469572,1.8814138697881455,80,1.4154024927893571,2.703310869854445,0.7452054794520548,0.03561643835616438,0.10191780821917808,330772,3097,17880,7795,OPTIMAL,44244.15486623876,20998.74975524712,23245.40511099165,0.0,0.0,56120,117834,OPTIMAL,34632.774854501055,20998.74975524712,13634.025099255496,0.0,0.0,245294,516862,211877.34029816792,0.0,0.003700292,0.827939458,0.541690125,0.204181833,0.432568417,0.047869208
sienna/5bus_80_24_conical_hull_conical_bounded_0.01_economic,505263,80,24,conical_hull,conical_bounded,economic,0.01,120335.0414603978,73738.27620079042,0.13319671901813435,553604.2985469572,1.8814138697881455,80,0.9954782263002191,1.0000000000000002,0.0,0.3726027397260274,0.07352739726027398,219053,3428,17880,7795,OPTIMAL,34769.709042723734,18626.78410603324,16142.924936690502,0.0,0.0,56120,117834,OPTIMAL,34016.93603808936,18626.78410603324,15390.151932056086,0.0,0.0,245294,516862,186150.64710990342,0.0,0.003700208,1.139546792,0.59119475,0.201670334,0.482597792,0.047869208
sienna/5bus_80_24_k_means_dirac_0.01,505263,80,24,k_means,dirac,unscaled,0.01,21.980432707748573,58.791515974182765,0.009868662104145453,5957.394766762423,1.1212892116518456,80,1.0,1.0,0.0,0.0,0.0125,0,0,0,0,OPTIMAL,28967.109540200538,18548.883212088484,10418.22632811177,0.0,0.0,56120,117834,OPTIMAL,34319.37599319027,18548.883212088484,15770.492781098326,0.0,0.0,245294,516862,200382.7462208864,0.0,0.003581917,0.016605042,7.92e-7,0.258258583,0.351080667,0.047869208
sienna/5bus_80_24_k_means_convex_0.01,505263,80,24,k_means,convex,unscaled,0.01,18.31032910427076,58.791515974182765,0.009868662104145453,5957.394766762423,1.1212892116518456,80,1.0,1.0000000000000002,0.0,0.0,0.06095890410958904,178854,1391,0,0,OPTIMAL,30629.831552954074,18550.606736998052,12079.224815956039,0.0,0.0,56120,117834,OPTIMAL,33891.28416967248,18550.606736998052,15340.677432670409,0.0,0.0,245294,516862,196215.01996749136,0.0,0.003594833,0.015972,0.80598475,0.204651916,0.536756208,0.047869208
sienna/5bus_80_24_k_means_conical_0.01,505263,80,24,k_means,conical,unscaled,0.01,17.713458137959513,58.791515974182765,0.009868662104145453,5957.394766762423,1.1212892116518456,80,1.0228430966193902,1.2456942932869448,0.6712328767123288,0.2684931506849315,0.0639041095890411,188556,1438,0,0,OPTIMAL,30057.47452401963,18620.672740927854,11436.801783091692,0.0,0.0,56120,117834,OPTIMAL,33894.49494402323,18620.672740927854,15273.822203097414,0.0,0.0,245294,516862,196749.3098571787,0.0,0.003710041,0.016217417,0.633598458,0.190310208,0.617145,0.047869208
sienna/5bus_80_24_k_means_conical_bounded_0.01,505263,80,24,k_means,conical_bounded,unscaled,0.01,18.293027890206,58.791515974182765,0.009868662104145453,5957.394766762423,1.1212892116518456,80,0.9889460500222372,1.0000000000000002,0.0,0.5808219178082191,0.0601027397260274,178603,1092,0,0,OPTIMAL,30496.86979381802,18517.673990465068,11979.19580335307,0.0,0.0,56120,117834,OPTIMAL,33889.668926295875,18517.673990465068,15371.994935828314,0.0,0.0,245294,516862,196617.324167107,0.0,0.003685041,0.016509,0.550512,0.197914958,0.536717708,0.047869208
sienna/5bus_80_24_k_medoids_dirac_0.01,505263,80,24,k_medoids,dirac,unscaled,0.01,26.881056340850797,59.383871458624164,0.01860367774651829,3192.0501025523276,1.1285308957805658,80,1.0,1.0,0.0,0.0,0.0125,0,0,0,0,OPTIMAL,32140.421223052905,19200.78390719141,12939.637315861379,0.0,0.0,56120,117834,OPTIMAL,33859.668312940375,19200.78390719141,14658.884405744962,0.0,0.0,245294,516862,198536.22088381805,0.0,0.003619166,0.015148625,1.833e-6,0.31087675,0.32787675,0.047869208
sienna/5bus_80_24_k_medoids_convex_0.01,505263,80,24,k_medoids,convex,unscaled,0.01,18.700404302760525,59.383871458624164,0.01860367774651829,3192.0501025523276,1.1285308957805658,80,1.0,1.0000000000000002,0.0,0.0,0.07554794520547946,168585,1396,0,0,OPTIMAL,35045.89401426159,18812.515624505522,16233.378389756028,0.0,0.0,56120,117834,OPTIMAL,33870.05978463773,18812.515624505522,15057.54416012862,0.0,0.0,245294,516862,192208.3076222039,0.0,0.003744,0.015662875,0.805544417,0.207718375,0.436731708,0.047869208
sienna/5bus_80_24_k_medoids_conical_0.01,505263,80,24,k_medoids,conical,unscaled,0.01,18.11655345855006,59.383871458624164,0.01860367774651829,3192.0501025523276,1.1285308957805658,80,1.0151736145091765,1.1918089903463727,0.4821917808219178,0.29863013698630136,0.07726027397260274,176720,1321,0,0,OPTIMAL,33461.5504983597,18904.890368075103,14556.660130284472,0.0,0.0,56120,117834,OPTIMAL,33867.53802085033,18904.890368075103,14962.647652773163,0.0,0.0,245294,516862,192780.8862792614,0.0,0.003701042,0.0155645,0.376814708,0.218635542,0.45977475,0.047869208
sienna/5bus_80_24_k_medoids_conical_bounded_0.01,505263,80,24,k_medoids,conical_bounded,unscaled,0.01,18.610054075677436,59.383871458624164,0.01860367774651829,3192.0501025523276,1.1285308957805658,80,0.9842147826523682,1.0000000000000002,0.0,0.5698630136986301,0.07349315068493151,168831,1477,0,0,OPTIMAL,34876.23089923335,18776.373233432612,16099.85766580078,0.0,0.0,56120,117834,OPTIMAL,33864.21712486736,18776.373233432612,15087.843891436582,0.0,0.0,245294,516862,191768.71243351095,0.0,0.003753958,0.015411708,0.780917167,0.203331834,0.496748417,0.047869208
sienna/5bus_80_24_hierarchical_dirac_0.01,505263,80,24,hierarchical,dirac,unscaled,0.01,26.468210857556894,58.019599833483504,0.02270969090573573,2554.8388163587747,1.141827843232445,80,1.0,1.0,0.0,0.0,0.0125,0,0,0,0,OPTIMAL,30393.689690024064,19034.5515146923,11359.138175332237,0.0,0.0,56120,117834,OPTIMAL,33849.32404295695,19034.5515146923,14814.772528268919,0.0,0.0,245294,516862,197334.3768681323,0.0,0.003661333,0.015479875,1.333e-6,0.257353041,0.331433625,0.047869208
sienna/5bus_80_24_hierarchical_convex_0.01,505263,80,24,hierarchical,convex,unscaled,0.01,18.067720911576796,58.019599833483504,0.02270969090573573,2554.8388163587747,1.141827843232445,80,1.0,1.0000000000000002,0.0,0.0,0.07363013698630137,160901,1212,0,0,OPTIMAL,34690.94321146074,18738.423257584236,15952.519953876616,0.0,0.0,56120,117834,OPTIMAL,33843.36404459815,18738.423257584236,15104.94078701567,0.0,0.0,245294,516862,192222.67530338338,0.0,0.003747459,0.271296792,0.686755167,0.187199583,0.472638375,0.047869208
sienna/5bus_80_24_hierarchical_conical_0.01,505263,80,24,hierarchical,conical,unscaled,0.01,17.321374513765544,58.019599833483504,0.02270969090573573,2554.8388163587747,1.141827843232445,80,1.0198456068591262,1.2817503007510611,0.5342465753424658,0.2465753424657534,0.07794520547945205,168943,1227,0,0,OPTIMAL,33654.40921745265,18781.952699340312,14872.456518112358,0.0,0.0,56120,117834,OPTIMAL,33842.8305194004,18781.952699340312,15060.877820056206,0.0,0.0,245294,516862,192910.70963782992,0.0,0.003582667,0.015645709,0.516437291,0.208214375,0.448186875,0.047869208
sienna/5bus_80_24_hierarchical_conical_bounded_0.01,505263,80,24,hierarchical,conical_bounded,unscaled,0.01,17.97339018794887,58.019599833483504,0.02270969090573573,2554.8388163587747,1.141827843232445,80,0.9863582037324502,1.0000000000000002,0.0,0.5150684931506849,0.07297945205479452,158950,1276,0,0,OPTIMAL,34575.85470518054,18705.04759557818,15870.807109602392,0.0,0.0,56120,117834,OPTIMAL,33842.7595203602,18705.04759557818,15137.711924782105,0.0,0.0,245294,516862,192262.0796415931,0.0,0.003610875,0.01569675,0.780303791,0.200614792,0.43265525,0.047869208
sienna/5bus_80_24_chronological_dirac_0.01,505263,80,24,chronological,dirac,unscaled,0.01,38.086327783075085,58.55402357717848,0.025428401021932143,2302.701751741106,1.1144034009085833,80,1.0,1.0,0.0,0.0,0.0125,0,0,0,0,OPTIMAL,34640.70250369634,18621.08618424383,16019.616319453435,0.0,0.0,56120,117834,OPTIMAL,33750.78530084526,18621.08618424383,15129.69911660129,0.0,0.0,245294,516862,195459.16187075418,0.0,0.003663958,0.015412417,1.709e-6,0.252210959,0.338708,0.047869208
sienna/5bus_80_24_chronological_convex_0.01,505263,80,24,chronological,convex,unscaled,0.01,21.32682165364962,58.55402357717848,0.025428401021932143,2302.701751741106,1.1144034009085833,80,1.0,1.0000000000000002,0.0,0.0,0.06904109589041096,181206,1093,0,0,OPTIMAL,37516.99221111605,18277.801880298914,19239.190330817088,0.0,0.0,56120,117834,OPTIMAL,33770.19402968717,18277.801880298914,15492.392149391993,0.0,0.0,245294,516862,189506.1657257005,0.0,0.003725291,0.015245542,0.798113042,0.205678375,0.526209542,0.047869208
sienna/5bus_80_24_chronological_conical_0.01,505263,80,24,chronological,conical,unscaled,0.01,20.31397496764784,58.55402357717848,0.025428401021932143,2302.701751741106,1.1144034009085833,80,1.018577846065518,1.324337619552574,0.4849315068493151,0.2958904109589041,0.07136986301369863,185194,1225,0,0,OPTIMAL,36432.526875036514,18360.280489508776,18072.24638552762,0.0,0.0,56120,117834,OPTIMAL,33762.890395894836,18360.280489508776,15402.609906383967,0.0,0.0,245294,516862,190622.19753464675,0.0,0.003691166,0.01577325,0.635627292,0.19204325,0.58150525,0.047869208
sienna/5bus_80_24_chronological_conical_bounded_0.01,505263,80,24,chronological,conical_bounded,unscaled,0.01,21.173171064619908,58.55402357717848,0.025428401021932143,2302.701751741106,1.1144034009085833,80,0.9836046650082185,1.0000000000000002,0.0,0.5178082191780822,0.06804794520547945,181275,1222,0,0,OPTIMAL,37652.44729991219,18270.648496453206,19381.79880345919,0.0,0.0,56120,117834,OPTIMAL,33766.46681074159,18270.648496453206,15495.818314288363,0.0,0.0,245294,516862,190490.50178738282,0.0,0.003715833,0.01515525,0.552526834,0.203023209,0.667262292,0.047869208
sienna/5bus_80_24_convex_hull_dirac_0.01,505263,80,24,convex_hull,dirac,unscaled,0.01,31.263428282899685,59.50011024468132,0.01628355826789432,3653.9992835592607,1.1653852782034975,80,1.0,1.0,0.0,0.0,0.0125,0,0,19089,6586,OPTIMAL,42357.524856147,18215.877769058086,24141.64708708875,0.0,0.0,56120,117834,OPTIMAL,33892.54712031906,18215.877769058086,15676.66935125836,0.0,0.0,245294,516862,187156.2748917206,0.0,0.003568625,2.042612667,2.083e-6,0.257611125,0.374310458,0.047869208
sienna/5bus_80_24_convex_hull_convex_0.01,505263,80,24,convex_hull,convex,unscaled,0.01,16.344438051648524,59.50011024468132,0.01628355826789432,3653.9992835592607,1.1653852782034975,80,1.0,1.0000000000000002,0.0,0.0,0.08715753424657534,148165,1056,19089,6586,OPTIMAL,40611.07572683014,18397.634310690722,22213.44141613965,0.0,0.0,56120,117834,OPTIMAL,33923.861157984546,18397.634310690722,15526.226847293829,0.0,0.0,245294,516862,186700.04018874984,0.0,0.003671167,1.818158625,0.398673291,0.198960875,0.4569105,0.047869208
sienna/5bus_80_24_convex_hull_conical_0.01,505263,80,24,convex_hull,conical,unscaled,0.01,15.664574004641823,59.50011024468132,0.01628355826789432,3653.9992835592607,1.1653852782034975,80,1.031823912678686,1.2522343753035101,0.5835616438356165,0.19726027397260273,0.09191780821917808,156282,950,19089,6586,OPTIMAL,38152.39126480279,18352.827848145695,19799.56341665715,0.0,0.0,56120,117834,OPTIMAL,33955.121120876334,18352.827848145695,15602.293272730667,0.0,0.0,245294,516862,186052.3677452782,0.0,0.003975208,2.015995667,0.268503625,0.20836375,0.452405167,0.047869208
sienna/5bus_80_24_convex_hull_conical_bounded_0.01,505263,80,24,convex_hull,conical_bounded,unscaled,0.01,16.37788597337722,59.50011024468132,0.01628355826789432,3653.9992835592607,1.1653852782034975,80,0.9907612139514296,1.0000000000000002,0.0,0.5287671232876713,0.08654109589041097,148843,926,19089,6586,OPTIMAL,40586.9779059024,18379.37498026396,22207.602925638497,0.0,0.0,56120,117834,OPTIMAL,33923.38397137421,18379.37498026396,15544.008991112025,0.0,0.0,245294,516862,186462.82210092866,0.0,0.003675958,1.887602,0.410776584,0.200875792,0.50515675,0.047869208
sienna/5bus_80_24_convex_hull_with_null_dirac_0.01,505263,80,24,convex_hull_with_null,dirac,unscaled,0.01,30.37647132239041,59.177600626524814,0.022529269640868398,2626.6985823266928,1.166611187071987,80,1.0,1.0,0.0,0.0,0.0125,0,0,18905,7135,OPTIMAL,38963.016529301145,18134.75999440382,20828.256534897384,0.0,0.0,56120,117834,OPTIMAL,33896.31451624378,18134.75999440382,15761.554521844491,0.0,0.0,245294,516862,184992.5520513462,0.0,0.00361725,2.285400584,1.75e-6,0.218975166,0.336110625,0.047869208
sienna/5bus_80_24_convex_hull_with_null_convex_0.01,505263,80,24,convex_hull_with_null,convex,unscaled,0.01,16.080281682064253,59.177600626524814,0.022529269640868398,2626.6985823266928,1.166611187071987,80,1.0,1.0000000000000002,0.0,0.0,0.0859931506849315,145315,878,18905,7135,OPTIMAL,39907.65036381575,18372.016521281133,21535.633842534728,0.0,0.0,56120,117834,OPTIMAL,33933.507853775525,18372.016521281133,15561.49133249817,0.0,0.0,245294,516862,185801.4016304806,0.0,0.004009417,2.087978959,0.39356925,0.200990584,0.489302875,0.047869208
sienna/5bus_80_24_convex_hull_with_null_conical_0.01,505263,80,24,convex_hull_with_null,conical,unscaled,0.01,15.443275724408632,59.177600626524814,0.022529269640868398,2626.6985823266928,1.166611187071987,80,1.0270200117775143,1.2058005626495754,0.5506849315068493,0.23013698630136986,0.09154109589041096,156567,1134,18905,7135,OPTIMAL,37515.92764087071,18327.147917933264,19188.779722937597,0.0,0.0,56120,117834,OPTIMAL,33952.12902532583,18327.147917933264,15624.981107396428,0.0,0.0,245294,516862,184970.1314889666,0.0,0.003714833,2.329767042,0.261229583,0.207082416,0.48743475,0.047869208
sienna/5bus_80_24_convex_hull_with_null_conical_bounded_0.01,505263,80,24,convex_hull_with_null,conical_bounded,unscaled,0.01,16.0992861576451,59.177600626524814,0.022529269640868398,2626.6985823266928,1.166611187071987,80,0.9892545119258476,1.0000000000000002,0.0,0.5643835616438356,0.0851027397260274,148020,855,18905,7135,OPTIMAL,39853.17054230181,18334.226317783454,21518.944224518254,0.0,0.0,56120,117834,OPTIMAL,33934.07837695538,18334.226317783454,15599.852059171952,0.0,0.0,245294,516862,185843.83890048455,0.0,0.003681459,2.064411041,0.412110458,0.203473667,0.502521458,0.047869208
sienna/5bus_80_24_conical_hull_dirac_0.01,505263,80,24,conical_hull,dirac,unscaled,0.01,33.229107767138004,50.63221941939174,0.01526450549803573,3316.990480032727,1.228441707140947,80,1.0,1.0,0.0,0.0,0.0125,0,0,18627,7048,OPTIMAL,31256.381842677376,18046.041974392232,13210.339868285679,0.0,0.0,56120,117834,OPTIMAL,33939.693759348105,18046.041974392232,15893.651784955882,0.0,0.0,245294,516862,183844.58254602118,0.0,0.003741417,1.241605125,1.833e-6,0.297263917,0.333404541,0.047869208
sienna/5bus_80_24_conical_hull_convex_0.01,505263,80,24,conical_hull,convex,unscaled,0.01,19.034203104914344,50.63221941939174,0.01526450549803573,3316.990480032727,1.228441707140947,80,1.0,1.0000000000000002,0.0,0.0,0.08215753424657535,119182,1018,18627,7048,OPTIMAL,34488.348720600574,18311.19467079871,16177.1540498018,0.0,0.0,56120,117834,OPTIMAL,34009.411089244946,18311.19467079871,15698.216418448335,0.0,0.0,245294,516862,185006.60101198638,0.0,0.003718958,1.281391334,0.323095,0.20186125,0.452140541,0.047869208
sienna/5bus_80_24_conical_hull_conical_0.01,505263,80,24,conical_hull,conical,unscaled,0.01,16.6960894801511,50.63221941939174,0.01526450549803573,3316.990480032727,1.228441707140947,80,1.0780433515956196,1.370360739903139,0.7041095890410959,0.07671232876712329,0.09585616438356165,142742,1072,18627,7048,OPTIMAL,33101.89622171047,18226.678824589973,14875.217397120554,0.0,0.0,56120,117834,OPTIMAL,34039.045539876985,18226.678824589973,15812.366715283524,0.0,0.0,245294,516862,183866.57266360972,0.0,0.003571625,0.969807875,0.235335125,0.226800042,0.4466675,0.047869208
sienna/5bus_80_24_conical_hull_conical_bounded_0.01,505263,80,24,conical_hull,conical_bounded,unscaled,0.01,19.118600862277596,50.63221941939174,0.01526450549803573,3316.990480032727,1.228441707140947,80,0.9953003345388878,1.0000000000000002,0.0,0.4520547945205479,0.08205479452054794,120462,968,18627,7048,OPTIMAL,34432.874885345016,18257.960240238812,16174.914645106186,0.0,0.0,56120,117834,OPTIMAL,34006.19518468639,18257.960240238812,15748.234944447368,0.0,0.0,245294,516862,185033.20610617797,0.0,0.003761,1.229952125,1.015153708,0.198587958,0.475757792,0.047869208
sienna/5bus_1_8760_k_means_dirac_0.01_economic,570629,1,8760,k_means,dirac,economic,0.01,0.0,1.0,1.0,1.0,1.0,1,1.0,1.0,0.0,0.0,1.0,0,0,0,0,OPTIMAL,33746.70401607637,18577.455697202462,15169.248318875589,0.0,0.0,245294,516862,N/A,,,,,,0,0,0.0,0.0,0.003439167,0.019601792,1.0e-6,0.691113959,2.385781625,0.047944583
sienna/5bus_10_24_k_means_dirac_0.01_economic,570629,10,24,k_means,dirac,economic,0.01,116324.1763421288,51366.4081646179,443.14842208235154,115.91242483330412,1.1567838238044157,10,1.0,1.0,0.0,0.0,0.1,0,0,0,0,OPTIMAL,21324.3816488253,17563.023748985554,3761.3578998397047,0.0,0.0,8940,18574,OPTIMAL,652051.2752006676,17563.023748985554,630827.6989377225,0.0,3660.5525139570873,245294,516862,218543.62117999414,366.05525139570875,0.003564375,0.017422417,9.58e-7,0.063170334,0.067422791,0.047944583
sienna/5bus_10_24_k_means_convex_0.01_economic,570629,10,24,k_means,convex,economic,0.01,103177.00144160462,51366.4081646179,443.14842208235154,115.91242483330412,1.1567838238044157,10,1.0,1.0000000000000002,0.0,0.0,0.23753424657534247,68168,771,0,0,OPTIMAL,21205.10862846332,17306.27715290845,3898.8314755548804,0.0,0.0,8940,18574,OPTIMAL,625709.7527927764,17306.27715290845,608403.4756398759,0.0,0.0,245294,516862,217083.56389728497,0.0,0.003566042,0.017617291,0.023126292,0.064686792,0.066608958,0.047944583
sienna/5bus_10_24_k_means_conical_0.01_economic,570629,10,24,k_means,conical,economic,0.01,95220.73474208952,51366.4081646179,443.14842208235154,115.91242483330412,1.1567838238044157,10,1.0553609088947258,1.5935616956072969,0.6520547945205479,0.34794520547945207,0.24958904109589042,97760,904,0,0,OPTIMAL,21053.014205659147,17278.342061524578,3774.6721441345567,0.0,0.0,8940,18574,OPTIMAL,672833.1293985035,17278.342061524578,627946.3469825701,0.0,27608.440354383507,245294,516862,218160.48269060004,2760.844035438351,0.003499375,0.017123292,0.019038584,0.064669625,0.073356292,0.047944583
sienna/5bus_10_24_k_means_conical_bounded_0.01_economic,570629,10,24,k_means,conical_bounded,economic,0.01,100980.16473925363,51366.4081646179,443.14842208235154,115.91242483330412,1.1567838238044157,10,0.9283459742317961,1.0,0.0,0.3835616438356164,0.23506849315068493,80087,802,0,0,OPTIMAL,20668.154028828576,16792.458051879807,3875.6959769487107,0.0,0.0,8940,18574,OPTIMAL,604073.7196991215,16792.458051879807,581482.0716436391,0.0,5799.190003660902,245294,516862,213138.74892116545,579.9190003660902,0.003847042,0.01765175,0.027671958,0.065272083,0.053827292,0.047944583
sienna/5bus_10_24_k_medoids_dirac_0.01_economic,570629,10,24,k_medoids,dirac,economic,0.01,136130.9329896367,58195.611526019544,1990.7493309631989,29.233018251405028,1.1769130557027243,10,1.0,1.0,0.0,0.0,0.1,0,0,0,0,OPTIMAL,23826.91645481664,18407.17180663699,5419.744648179726,0.0,0.0,8940,18574,OPTIMAL,49936.66610898051,18407.17180663699,31529.494302341955,0.0,0.0,245294,516862,215284.11618925046,0.0,0.003494958,0.017472084,1.625e-6,0.076629167,0.059297625,0.047944583
sienna/5bus_10_24_k_medoids_convex_0.01_economic,570629,10,24,k_medoids,convex,economic,0.01,109140.27580585498,58195.611526019544,1990.7493309631989,29.233018251405028,1.1769130557027243,10,1.0,1.0000000000000002,0.0,0.0,0.31205479452054796,92054,636,0,0,OPTIMAL,23633.432258807425,18509.04774773975,5124.384511067654,0.0,0.0,8940,18574,OPTIMAL,49795.10185494776,18509.04774773975,31286.05410720789,0.0,0.0,245294,516862,215127.01231349842,0.0,0.003632125,0.017765083,0.082675791,0.080853875,0.058343916,0.047944583
sienna/5bus_10_24_k_medoids_conical_0.01_economic,570629,10,24,k_medoids,conical,economic,0.01,104392.05248065169,58195.611526019544,1990.7493309631989,29.233018251405028,1.1769130557027243,10,1.0750411227711494,1.6660200983017126,0.6657534246575343,0.30684931506849317,0.3095890410958904,119890,665,0,0,OPTIMAL,23685.86434033439,18833.325383713927,4852.538956620496,0.0,0.0,8940,18574,OPTIMAL,49134.450824247484,18833.325383713927,30301.125440532476,0.0,0.0,245294,516862,215993.56850552052,0.0,0.003497042,0.017654375,0.093570375,0.079412083,0.053281041,0.047944583
sienna/5bus_10_24_k_medoids_conical_bounded_0.01_economic,570629,10,24,k_medoids,conical_bounded,economic,0.01,107684.50308062843,58195.611526019544,1990.7493309631989,29.233018251405028,1.1769130557027243,10,0.933428820183549,1.0,0.0,0.3917808219178082,0.3084931506849315,105073,647,0,0,OPTIMAL,23059.975689573792,17795.339012827466,5264.6366767463605,0.0,0.0,8940,18574,OPTIMAL,50779.349684189234,17795.339012827466,32984.01067135949,0.0,0.0,245294,516862,208230.2324923378,0.0,0.003576042,0.018244708,0.10339175,0.079836459,0.047492625,0.047944583
sienna/5bus_10_24_hierarchical_dirac_0.01_economic,570629,10,24,hierarchical,dirac,economic,0.01,137230.32363714508,57319.540357789374,1516.4346238862136,37.798886582327455,1.1960997422261825,10,1.0,1.0,0.0,0.0,0.1,0,0,0,0,OPTIMAL,25798.29459256151,18800.912616991853,6997.381975569618,0.0,0.0,8940,18574,OPTIMAL,61076.77987114383,18800.912616991853,42275.86725415177,0.0,0.0,245294,516862,218090.36839238447,0.0,0.003528708,0.018016166,1.542e-6,0.075996375,0.058922875,0.047944583
sienna/5bus_10_24_hierarchical_convex_0.01_economic,570629,10,24,hierarchical,convex,economic,0.01,105149.03357961544,57319.540357789374,1516.4346238862136,37.798886582327455,1.1960997422261825,10,1.0,1.0000000000000002,0.0,0.0,0.32054794520547947,101689,737,0,0,OPTIMAL,25505.603864967114,18675.30980785937,6830.294057107754,0.0,0.0,8940,18574,OPTIMAL,61270.503518072546,18675.30980785937,42595.19371021706,0.0,0.0,245294,516862,217555.04973938674,0.0,0.003627209,0.018107916,0.035886083,0.076535458,0.057179792,0.047944583
sienna/5bus_10_24_hierarchical_conical_0.01_economic,570629,10,24,hierarchical,conical,economic,0.01,99952.16590911608,57319.540357789374,1516.4346238862136,37.798886582327455,1.1960997422261825,10,1.053282145657044,1.5071951359204454,0.6465753424657534,0.32602739726027397,0.32246575342465755,122592,934,0,0,OPTIMAL,25472.11634847148,18299.233397748594,7172.8829507228775,0.0,0.0,8940,18574,OPTIMAL,60630.965396519874,18299.233397748594,42331.731998773335,0.0,0.0,245294,516862,217307.61998216007,0.0,0.00360875,0.0180315,0.02670325,0.080539959,0.056099625,0.047944583
sienna/5bus_10_24_hierarchical_conical_bounded_0.01_economic,570629,10,24,hierarchical,conical_bounded,economic,0.01,103286.46748358755,57319.540357789374,1516.4346238862136,37.798886582327455,1.1960997422261825,10,0.9294693937469803,1.0,0.0,0.3698630136986301,0.3178082191780822,114220,902,0,0,OPTIMAL,24912.151991155246,17623.780379470238,7288.371611684967,0.0,0.0,8940,18574,OPTIMAL,58965.29278688601,17623.780379470238,41341.51240741534,0.0,0.0,245294,516862,213288.4259898177,0.0,0.003624917,0.018483542,0.043783958,0.081601792,0.051977416,0.047944583
sienna/5bus_10_24_chronological_dirac_0.01_economic,570629,10,24,chronological,dirac,economic,0.01,231088.2918494902,27559.443189826496,982.9330400301776,28.037966033759915,1.321579248245148,10,1.0,1.0,0.0,0.0,0.1,0,0,0,0,OPTIMAL,25756.255563784573,16631.444232323003,9124.811331461657,0.0,0.0,8940,18574,OPTIMAL,54317.90348945429,16631.444232323003,37686.45925713723,0.0,0.0,245294,516862,197385.42586194805,0.0,0.003496334,0.0171925,1.375e-6,0.077270083,0.03308075,0.047944583
sienna/5bus_10_24_chronological_convex_0.01_economic,570629,10,24,chronological,convex,economic,0.01,169513.80638029758,27559.443189826496,982.9330400301776,28.037966033759915,1.321579248245148,10,1.0,1.0000000000000002,0.0,0.0,0.28465753424657536,61886,521,0,0,OPTIMAL,27685.85655280956,16083.512379937903,11602.344172871626,0.0,0.0,8940,18574,OPTIMAL,51512.1297755631,16083.512379937903,35428.61739562787,0.0,0.0,245294,516862,180730.47600247306,0.0,0.003627666,0.246022416,0.019860625,0.079396875,0.046014625,0.047944583
sienna/5bus_10_24_chronological_conical_0.01_economic,570629,10,24,chronological,conical,economic,0.01,126364.9780655519,27559.443189826496,982.9330400301776,28.037966033759915,1.321579248245148,10,1.2900741001353409,2.530321024172794,0.7232876712328767,0.2493150684931507,0.32575342465753426,85082,586,0,0,OPTIMAL,31175.18196552285,18382.81551402419,12792.36645149867,0.0,0.0,8940,18574,OPTIMAL,54430.46893948935,18382.81551402419,36047.653425465476,0.0,0.0,245294,516862,206877.8280716888,0.0,0.003495334,0.017342333,0.019226959,0.080321958,0.0669345,0.047944583
sienna/5bus_10_24_chronological_conical_bounded_0.01_economic,570629,10,24,chronological,conical_bounded,economic,0.01,169012.78739951234,27559.443189826496,982.9330400301776,28.037966033759915,1.321579248245148,10,0.9532274550910215,1.0,0.0,0.2876712328767123,0.28465753424657536,66792,556,0,0,OPTIMAL,26900.08052566521,16022.880184513033,10877.20034115219,0.0,0.0,8940,18574,OPTIMAL,51489.70665013822,16022.880184513033,35466.82646562753,0.0,0.0,245294,516862,180482.4159469364,0.0,0.003539458,0.017553167,0.025032833,0.080307666,0.047332166,0.047944583
sienna/5bus_10_24_convex_hull_dirac_0.01_economic,570629,10,24,convex_hull,dirac,economic,0.01,162240.91702594532,60866.66467238132,2397.7156164778844,25.385272654557415,1.3868480441792759,10,1.0,1.0,0.0,0.0,0.1,0,0,1173,2067,OPTIMAL,75081.09203832087,18433.76745205176,56647.32458626919,0.0,0.0,8940,18574,OPTIMAL,38445.82964247298,18433.76745205176,20012.062190422228,0.0,0.0,245294,516862,205164.7512224142,0.0,0.003509042,0.054728375,9.58e-7,0.06325825,0.053413541,0.047944583
sienna/5bus_10_24_convex_hull_convex_0.01_economic,570629,10,24,convex_hull,convex,economic,0.01,96011.85289629435,60866.66467238132,2397.7156164778844,25.385272654557415,1.3868480441792759,10,1.0,1.0000000000000002,0.0,0.0,0.41835616438356166,58276,350,1173,2067,OPTIMAL,64137.64533807877,18438.54625781348,45699.09908026527,0.0,0.0,8940,18574,OPTIMAL,38519.478975554426,18438.54625781348,20080.932717741536,0.0,0.0,245294,516862,204426.48856153272,0.0,0.003489375,0.0554995,0.020184625,0.066828542,0.056387958,0.047944583
sienna/5bus_10_24_convex_hull_conical_0.01_economic,570629,10,24,convex_hull,conical,economic,0.01,86132.91526268562,60866.66467238132,2397.7156164778844,25.385272654557415,1.3868480441792759,10,0.9420802486182771,1.6903727573851501,0.4273972602739726,0.5452054794520548,0.4312328767123288,75867,552,1173,2067,OPTIMAL,55955.16809162721,17997.51828099469,37957.649810632596,0.0,0.0,8940,18574,OPTIMAL,38519.834656421466,17997.51828099469,20522.31637542668,0.0,0.0,245294,516862,202572.85162857064,0.0,0.00362575,0.055256959,0.016570834,0.066754916,0.056338291,0.047944583
sienna/5bus_10_24_convex_hull_conical_bounded_0.01_economic,570629,10,24,convex_hull,conical_bounded,economic,0.01,89663.13417127218,60866.66467238132,2397.7156164778844,25.385272654557415,1.3868480441792759,10,0.8656310275927048,1.0,0.0,0.6246575342465753,0.40328767123287673,72413,420,1173,2067,OPTIMAL,52771.63384735581,18061.666774313726,34709.96707304209,0.0,0.0,8940,18574,OPTIMAL,38410.88699721983,18061.666774313726,20349.220222903885,0.0,0.0,245294,516862,200251.8639502299,0.0,0.003485291,0.054207375,0.027111375,0.066828375,0.049004667,0.047944583
sienna/5bus_10_24_convex_hull_with_null_dirac_0.01_economic,570629,10,24,convex_hull_with_null,dirac,economic,0.01,240075.96943837943,63078.27696252012,3208.42257759307,19.660214774401968,1.399727185623997,10,1.0,1.0,0.0,0.0,0.1,0,0,964,2641,OPTIMAL,22994.359486121415,16399.08916351567,6595.270322605642,0.0,0.0,8940,18574,OPTIMAL,53250.54007253752,16399.08916351567,36851.45090901974,0.0,0.0,245294,516862,188329.39489083033,0.0,0.003532583,0.149224583,1.084e-6,0.062643667,0.054879791,0.047944583
sienna/5bus_10_24_convex_hull_with_null_convex_0.01_economic,570629,10,24,convex_hull_with_null,convex,economic,0.01,168002.94187195945,63078.27696252012,3208.42257759307,19.660214774401968,1.399727185623997,10,1.0,1.0000000000000002,0.0,0.0,0.39013698630136984,59905,362,964,2641,OPTIMAL,23122.474890295336,17377.468661597566,5745.006228697826,0.0,0.0,8940,18574,OPTIMAL,50627.0025904145,17377.468661597566,33249.533928819146,0.0,0.0,245294,516862,199684.25017629465,0.0,0.003468792,0.081151917,0.235107458,0.064437334,0.060277541,0.047944583
sienna/5bus_10_24_convex_hull_with_null_conical_0.01_economic,570629,10,24,convex_hull_with_null,conical,economic,0.01,105129.0630373199,63078.27696252012,3208.42257759307,19.660214774401968,1.399727185623997,10,0.6605219938768003,1.4387194949848794,0.20821917808219179,0.7643835616438356,0.40465753424657536,70193,447,964,2641,OPTIMAL,20823.594014607774,14573.508758450378,6250.085256157398,0.0,0.0,8940,18574,OPTIMAL,60562.169452822636,14573.508758450378,45988.66069437749,0.0,0.0,245294,516862,170142.0664015603,0.0,0.003457292,0.08288575,0.015378,0.066812125,0.0481995,0.047944583
sienna/5bus_10_24_convex_hull_with_null_conical_bounded_0.01_economic,570629,10,24,convex_hull_with_null,conical_bounded,economic,0.01,106683.3659177915,63078.27696252012,3208.42257759307,19.660214774401968,1.399727185623997,10,0.6266697401491379,1.0,0.0,0.8,0.3838356164383562,67680,436,964,2641,OPTIMAL,20592.61741316862,14162.596596720457,6430.020816448189,0.0,0.0,8940,18574,OPTIMAL,64142.41969458209,14162.596596720457,49979.82309786137,0.0,0.0,245294,516862,165822.4637508154,0.0,0.003455583,0.3109885,0.025451125,0.065812209,0.04375375,0.047944583
sienna/5bus_10_24_conical_hull_dirac_0.01_economic,570629,10,24,conical_hull,dirac,economic,0.01,218478.22500140945,22446.737845052754,1448.0393792465468,15.501469205024234,2.2984966971676144,10,1.0,1.0,0.0,0.0,0.1,0,0,448,2792,OPTIMAL,42319.21985447601,17444.07606360715,24875.14379086888,0.0,0.0,8940,18574,OPTIMAL,37996.82344546973,17444.07606360715,20552.747381860765,0.0,0.0,245294,516862,191273.24180177413,0.0,0.003643542,0.030465042,1.0e-6,0.063524666,0.051660833,0.047944583
sienna/5bus_10_24_conical_hull_convex_0.01_economic,570629,10,24,conical_hull,convex,economic,0.01,194630.2599109186,22446.737845052754,1448.0393792465468,15.501469205024234,2.2984966971676144,10,1.0,1.0000000000000002,0.0,0.0,0.4043835616438356,33825,236,448,2792,OPTIMAL,43113.48948568748,17558.710622790826,25554.77886289662,0.0,0.0,8940,18574,OPTIMAL,38004.0566794529,17558.710622790826,20445.34605666404,0.0,0.0,245294,516862,190897.46742118686,0.0,0.003419334,0.029549708,0.012715,0.06622375,0.042699667,0.047944583
sienna/5bus_10_24_conical_hull_conical_0.01_economic,570629,10,24,conical_hull,conical,economic,0.01,115292.19780071471,22446.737845052754,1448.0393792465468,15.501469205024234,2.2984966971676144,10,1.8282831352935032,3.8539303413791846,0.9397260273972603,0.03287671232876712,0.5463013698630137,54370,333,448,2792,OPTIMAL,60158.89221668311,22545.818867472768,37613.07334921038,0.0,0.0,8940,18574,OPTIMAL,41550.56840210837,22545.818867472768,19004.749534635564,0.0,0.0,245294,516862,233989.72566728372,0.0,0.0034695,0.077699958,0.012619375,0.067640292,0.053800708,0.047944583
sienna/5bus_10_24_conical_hull_conical_bounded_0.01_economic,570629,10,24,conical_hull,conical_bounded,economic,0.01,194634.90992439966,22446.737845052754,1448.0393792465468,15.501469205024234,2.2984966971676144,10,0.9924486884789187,1.0,0.0,0.20821917808219179,0.403013698630137,34578,259,448,2792,OPTIMAL,42972.492796044666,17552.430119505418,25420.062676539288,0.0,0.0,8940,18574,OPTIMAL,37999.84338849648,17552.430119505418,20447.413268989392,0.0,0.0,245294,516862,190897.46742118686,0.0,0.0036145,0.028096667,0.014114125,0.066911333,0.050176459,0.047944583
sienna/5bus_10_24_k_means_dirac_0.01,570629,10,24,k_means,dirac,unscaled,0.01,31.55009794346947,20.56698669189075,0.24540159723413837,83.80950622855046,1.073581567882633,10,1.0,1.0,0.0,0.0,0.1,0,0,0,0,OPTIMAL,24945.826703796807,17915.977003252152,7029.849700544652,0.0,0.0,8940,18574,OPTIMAL,53721.199536411936,17915.977003252152,35805.22253316269,0.0,0.0,245294,516862,206328.48923046034,0.0,0.003526333,0.065794417,8.75e-7,0.063194625,0.041491167,0.047944583
sienna/5bus_10_24_k_means_convex_0.01,570629,10,24,k_means,convex,unscaled,0.01,28.553161989059042,20.56698669189075,0.24540159723413837,83.80950622855046,1.073581567882633,10,1.0,1.0000000000000002,0.0,0.0,0.273972602739726,35790,384,0,0,OPTIMAL,25229.384855750908,17722.934136425254,7506.45071932573,0.0,0.0,8940,18574,OPTIMAL,52413.901087216655,17722.934136425254,34690.96695079192,0.0,0.0,245294,516862,202554.53625352666,0.0,0.0035005,0.015061541,0.012973334,0.065567583,0.054053416,0.047944583
sienna/5bus_10_24_k_means_conical_0.01,570629,10,24,k_means,conical,unscaled,0.01,27.42822450231996,20.56698669189075,0.24540159723413837,83.80950622855046,1.073581567882633,10,1.016430213835985,1.3218471253017858,0.6109589041095891,0.38904109589041097,0.27945205479452057,41820,402,0,0,OPTIMAL,25334.176623547926,17708.672140836374,7625.504482711551,0.0,0.0,8940,18574,OPTIMAL,52706.31312226313,17708.672140836374,34997.640981427,0.0,0.0,245294,516862,202763.7949624943,0.0,0.00352525,0.015101542,0.009518708,0.06439725,0.051975583,0.047944583
sienna/5bus_10_24_k_means_conical_bounded_0.01,570629,10,24,k_means,conical_bounded,unscaled,0.01,28.27510372078892,20.56698669189075,0.24540159723413837,83.80950622855046,1.073581567882633,10,0.9780132316671867,1.0,0.0,0.4465753424657534,0.26575342465753427,37361,384,0,0,OPTIMAL,24929.66758234836,17560.330210991004,7369.337371357325,0.0,0.0,8940,18574,OPTIMAL,52257.6049719858,17560.330210991004,34697.274760992455,0.0,0.0,245294,516862,202543.90431739544,0.0,0.003455583,0.015041458,0.065778791,0.064591208,0.065085041,0.047944583
sienna/5bus_10_24_k_medoids_dirac_0.01,570629,10,24,k_medoids,dirac,unscaled,0.01,36.082555175594266,20.97104847172063,0.5024308814188005,41.73917099303504,1.1053064230590188,10,1.0,1.0,0.0,0.0,0.1,0,0,0,0,OPTIMAL,25390.445772655803,17522.12835706342,7868.317415592288,0.0,0.0,8940,18574,OPTIMAL,58676.55975679378,17522.12835706342,41154.43139973177,0.0,0.0,245294,516862,202266.85648211173,0.0,0.003627583,0.014990208,1.667e-6,0.077666792,0.040581292,0.047944583
sienna/5bus_10_24_k_medoids_convex_0.01,570629,10,24,k_medoids,convex,unscaled,0.01,29.597703120616377,20.97104847172063,0.5024308814188005,41.73917099303504,1.1053064230590188,10,1.0,1.0000000000000002,0.0,0.0,0.37123287671232874,40793,266,0,0,OPTIMAL,25889.13733396138,17517.95648013364,8371.180853827807,0.0,0.0,8940,18574,OPTIMAL,57479.99489204428,17517.95648013364,39962.038411911715,0.0,0.0,245294,516862,199884.33190404475,0.0,0.003380958,0.014916333,0.014594708,0.080917791,0.059955666,0.047944583
sienna/5bus_10_24_k_medoids_conical_0.01,570629,10,24,k_medoids,conical,unscaled,0.01,28.59543090605374,20.97104847172063,0.5024308814188005,41.73917099303504,1.1053064230590188,10,0.9991806636303447,1.3332241502227886,0.5068493150684932,0.4657534246575342,0.3736986301369863,46177,302,0,0,OPTIMAL,25837.269864813752,17658.408656015847,8178.861208797886,0.0,0.0,8940,18574,OPTIMAL,58063.845567690725,17658.408656015847,40405.43691167278,0.0,0.0,245294,516862,204518.2614175284,0.0,0.003510125,0.015041334,0.011275125,0.080747083,0.048826708,0.047944583
sienna/5bus_10_24_k_medoids_conical_bounded_0.01,570629,10,24,k_medoids,conical_bounded,unscaled,0.01,29.197827361319984,20.97104847172063,0.5024308814188005,41.73917099303504,1.1053064230590188,10,0.9681704339333244,1.0,0.0,0.5424657534246575,0.36164383561643837,42101,251,0,0,OPTIMAL,25475.473037902317,17119.430739777225,8356.042298125034,0.0,0.0,8940,18574,OPTIMAL,57102.32411811235,17119.430739777225,39982.89337833518,0.0,0.0,245294,516862,198966.76418340922,0.0,0.003374666,0.014922459,0.017347916,0.080557292,0.053187959,0.047944583
sienna/5bus_10_24_hierarchical_dirac_0.01,570629,10,24,hierarchical,dirac,unscaled,0.01,37.374004428211045,19.961268467012466,0.7436283547900963,26.843070652741485,1.1255540471726138,10,1.0,1.0,0.0,0.0,0.1,0,0,0,0,OPTIMAL,24722.564722786406,16202.789566321695,8519.775156464764,0.0,0.0,8940,18574,OPTIMAL,72210.47379166704,16202.789566321695,56007.684225345074,0.0,0.0,245294,516862,191065.09995907464,0.0,0.003848875,0.015509125,6.66e-7,0.078008916,0.0431385,0.047944583
sienna/5bus_10_24_hierarchical_convex_0.01,570629,10,24,hierarchical,convex,unscaled,0.01,29.64626703088952,19.961268467012466,0.7436283547900963,26.843070652741485,1.1255540471726138,10,1.0,1.0000000000000002,0.0,0.0,0.37972602739726025,36193,205,0,0,OPTIMAL,25303.47715061959,16417.07822102615,8886.398929593395,0.0,0.0,8940,18574,OPTIMAL,72554.46569991067,16417.07822102615,56137.387478880126,0.0,0.0,245294,516862,189000.86535905112,0.0,0.003534917,0.24309975,0.012027958,0.081005208,0.050408209,0.047944583
sienna/5bus_10_24_hierarchical_conical_0.01,570629,10,24,hierarchical,conical,unscaled,0.01,28.70604419714732,19.961268467012466,0.7436283547900963,26.843070652741485,1.1255540471726138,10,1.0189310514574768,1.2711227589548053,0.5835616438356165,0.38904109589041097,0.383013698630137,39978,228,0,0,OPTIMAL,25582.231866819206,16541.664495285193,9040.567371534033,0.0,0.0,8940,18574,OPTIMAL,72373.45168963306,16541.664495285193,55831.78719434922,0.0,0.0,245294,516862,189940.54314233424,0.0,0.00336425,0.015208084,0.009528417,0.07918625,0.047384583,0.047944583
sienna/5bus_10_24_hierarchical_conical_bounded_0.01,570629,10,24,hierarchical,conical_bounded,unscaled,0.01,29.396985531232758,19.961268467012466,0.7436283547900963,26.843070652741485,1.1255540471726138,10,0.977444559150483,1.0,0.0,0.4931506849315068,0.36904109589041095,37178,212,0,0,OPTIMAL,24981.933498260096,16329.941176893242,8651.992321366815,0.0,0.0,8940,18574,OPTIMAL,72708.71702715618,16329.941176893242,56378.77585026099,0.0,0.0,245294,516862,187994.83026455424,0.0,0.0034905,0.015214459,0.0134835,0.080805917,0.048233125,0.047944583
sienna/5bus_10_24_chronological_dirac_0.01,570629,10,24,chronological,dirac,unscaled,0.01,44.578686970345096,20.5790592221683,0.581455849263556,35.39229891355078,1.0649899679024366,10,1.0,1.0,0.0,0.0,0.1,0,0,0,0,OPTIMAL,44308.69868475877,17442.20372165374,26866.49496310512,0.0,0.0,8940,18574,OPTIMAL,56408.646520297916,17442.20372165374,38966.44279864384,0.0,0.0,245294,516862,202371.00653021343,0.0,0.003332083,0.241232791,1.458e-6,0.07782425,0.039046375,0.047944583
sienna/5bus_10_24_chronological_convex_0.01,570629,10,24,chronological,convex,unscaled,0.01,35.8194410781036,20.5790592221683,0.581455849263556,35.39229891355078,1.0649899679024366,10,1.0,1.0000000000000002,0.0,0.0,0.3558904109589041,47112,253,0,0,OPTIMAL,49788.29567733436,17881.71207250272,31906.58360483164,0.0,0.0,8940,18574,OPTIMAL,55540.89612929081,17881.71207250272,37659.18405678868,0.0,0.0,245294,516862,203057.22290429357,0.0,0.003613875,0.015208541,0.017064792,0.081243875,0.047682,0.047944583
sienna/5bus_10_24_chronological_conical_0.01,570629,10,24,chronological,conical,unscaled,0.01,34.08286298921085,20.5790592221683,0.581455849263556,35.39229891355078,1.0649899679024366,10,1.0544780038654895,1.44653017871831,0.6410958904109589,0.3315068493150685,0.36904109589041095,50142,286,0,0,OPTIMAL,46736.91035757159,18026.378327064675,28710.53203050698,0.0,0.0,8940,18574,OPTIMAL,55428.50765907992,18026.378327064675,37402.129332016346,0.0,0.0,245294,516862,204741.41005452417,0.0,0.003531958,0.014920084,0.010357583,0.079770041,0.052884625,0.047944583
sienna/5bus_10_24_chronological_conical_bounded_0.01,570629,10,24,chronological,conical_bounded,unscaled,0.01,35.601585264739796,20.5790592221683,0.581455849263556,35.39229891355078,1.0649899679024366,10,0.9793007195549581,1.0,0.0,0.41643835616438357,0.35315068493150686,47730,251,0,0,OPTIMAL,50765.008408000016,17820.693904252465,32944.31450374751,0.0,0.0,8940,18574,OPTIMAL,55483.23791143193,17820.693904252465,37662.54400717905,0.0,0.0,245294,516862,202764.52953917388,0.0,0.003647958,0.243104083,0.016793459,0.08136,0.048322291,0.047944583
sienna/5bus_10_24_convex_hull_dirac_0.01,570629,10,24,convex_hull,dirac,unscaled,0.01,47.68350241959869,21.322282309224875,0.9956012864506666,21.416487302099746,1.1935960997188404,10,1.0,1.0,0.0,0.0,0.1,0,0,879,2361,OPTIMAL,29836.343469848194,17546.29036057836,12290.05310926988,0.0,0.0,8940,18574,OPTIMAL,34344.68052936609,17546.29036057836,16798.390168787766,0.0,0.0,245294,516862,177051.4032005807,0.0,0.003352917,0.041305042,1.041e-6,0.062949292,0.036018417,0.047944583
sienna/5bus_10_24_convex_hull_convex_0.01,570629,10,24,convex_hull,convex,unscaled,0.01,28.55658317961472,21.322282309224875,0.9956012864506666,21.416487302099746,1.1935960997188404,10,1.0,1.0000000000000002,0.0,0.0,0.47726027397260273,31230,169,879,2361,OPTIMAL,30097.146154672984,17913.174159721435,12183.97199495152,0.0,0.0,8940,18574,OPTIMAL,34312.698113602455,17913.174159721435,16399.523953880136,0.0,0.0,245294,516862,178658.33447309496,0.0,0.003643,0.040366875,0.011917375,0.066519292,0.046732917,0.047944583
sienna/5bus_10_24_convex_hull_conical_0.01,570629,10,24,convex_hull,conical,unscaled,0.01,27.049343258952035,21.322282309224875,0.9956012864506666,21.416487302099746,1.1935960997188404,10,1.0388424957390754,1.3210826051906277,0.663013698630137,0.3095890410958904,0.49753424657534245,32852,165,879,2361,OPTIMAL,30312.60910389042,17908.45894402632,12404.150159864055,0.0,0.0,8940,18574,OPTIMAL,34301.54762492985,17908.45894402632,16393.08868090243,0.0,0.0,245294,516862,179377.077927302,0.0,0.003383375,0.040247042,0.008109584,0.067339917,0.048662416,0.047944583
sienna/5bus_10_24_convex_hull_conical_bounded_0.01,570629,10,24,convex_hull,conical_bounded,unscaled,0.01,28.189025639920917,21.322282309224875,0.9956012864506666,21.416487302099746,1.1935960997188404,10,0.9739271333186534,1.0,0.0,0.42191780821917807,0.47835616438356166,31470,170,879,2361,OPTIMAL,29909.503836221083,17858.764796136886,12050.739040084205,0.0,0.0,8940,18574,OPTIMAL,34200.36815700638,17858.764796136886,16341.603360868043,0.0,0.0,245294,516862,180244.5114951954,0.0,0.00343325,0.041238417,0.012966667,0.065913167,0.04889575,0.047944583
sienna/5bus_10_24_convex_hull_with_null_dirac_0.01,570629,10,24,convex_hull_with_null,dirac,unscaled,0.01,51.71837763310516,22.536509669055242,0.9656415345073575,23.338380614036783,1.1824213182988903,10,1.0,1.0,0.0,0.0,0.1,0,0,963,2642,OPTIMAL,54239.12732968768,18995.208391895972,35243.91893779169,0.0,0.0,8940,18574,OPTIMAL,34480.57552812313,18995.208391895972,15485.36713622711,0.0,0.0,245294,516862,188679.48001786566,0.0,0.003403208,0.042902458,6.67e-7,0.063154917,0.047098584,0.047944583
sienna/5bus_10_24_convex_hull_with_null_convex_0.01,570629,10,24,convex_hull_with_null,convex,unscaled,0.01,33.77449418266288,22.536509669055242,0.9656415345073575,23.338380614036783,1.1824213182988903,10,1.0,1.0000000000000002,0.0,0.0,0.48027397260273974,34284,164,963,2642,OPTIMAL,51231.287279389406,18786.19881411484,32445.088465274577,0.0,0.0,8940,18574,OPTIMAL,34517.26231992752,18786.19881411484,15731.063505812714,0.0,0.0,245294,516862,185179.13249512878,0.0,0.003407708,0.043305,0.012551834,0.066207875,0.061196917,0.047944583
sienna/5bus_10_24_convex_hull_with_null_conical_0.01,570629,10,24,convex_hull_with_null,conical,unscaled,0.01,29.489785176256124,22.536509669055242,0.9656415345073575,23.338380614036783,1.1824213182988903,10,0.9241118420420249,1.2960847271448128,0.3178082191780822,0.6547945205479452,0.47342465753424656,35159,189,963,2642,OPTIMAL,50427.89483262538,18305.906545074467,32121.988287550896,0.0,0.0,8940,18574,OPTIMAL,34449.75827598002,18305.906545074467,16143.85173090258,0.0,0.0,245294,516862,185742.72457821763,0.0,0.003575583,0.043348459,0.008570083,0.066727333,0.062166,0.047944583
sienna/5bus_10_24_convex_hull_with_null_conical_bounded_0.01,570629,10,24,convex_hull_with_null,conical_bounded,unscaled,0.01,29.87395614968039,22.536509669055242,0.9656415345073575,23.338380614036783,1.1824213182988903,10,0.9064373644793073,1.0,0.0,0.726027397260274,0.46301369863013697,35097,195,963,2642,OPTIMAL,50272.896951285504,18279.89466694316,31993.00228434233,0.0,0.0,8940,18574,OPTIMAL,34503.427348378675,18279.89466694316,16223.532681437055,0.0,0.0,245294,516862,185444.16200523163,0.0,0.003509916,0.041637417,0.014132792,0.066912042,0.057044291,0.047944583
sienna/5bus_10_24_conical_hull_dirac_0.01,570629,10,24,conical_hull,dirac,unscaled,0.01,51.01355561024983,16.559291857568624,0.7695303392089834,21.518699151732307,1.31170310131039,10,1.0,1.0,0.0,0.0,0.1,0,0,1040,2200,OPTIMAL,27531.680818445908,16230.76269636007,11300.918122085817,0.0,0.0,8940,18574,OPTIMAL,43090.531104714515,16230.76269636007,26859.768408357013,0.0,0.0,245294,516862,179512.94770395267,0.0,0.003491333,0.028901708,8.75e-7,0.06281625,0.041462042,0.047944583
sienna/5bus_10_24_conical_hull_convex_0.01,570629,10,24,conical_hull,convex,unscaled,0.01,36.564576376100774,16.559291857568624,0.7695303392089834,21.518699151732307,1.31170310131039,10,1.0,1.0000000000000002,0.0,0.0,0.41726027397260274,24500,144,1040,2200,OPTIMAL,27272.487232506755,16288.760797015073,10983.726435491684,0.0,0.0,8940,18574,OPTIMAL,43176.77021971667,16288.760797015073,26888.009422700423,0.0,0.0,245294,516862,179069.3392244217,0.0,0.003591084,0.028641542,0.010261333,0.066120375,0.048553083,0.047944583
sienna/5bus_10_24_conical_hull_conical_0.01,570629,10,24,conical_hull,conical,unscaled,0.01,31.480272954991058,16.559291857568624,0.7695303392089834,21.518699151732307,1.31170310131039,10,1.1473072763859675,1.5423551027570175,0.8575342465753425,0.11506849315068493,0.4794520547945205,29131,151,1040,2200,OPTIMAL,29567.10732960353,16833.95224431693,12733.155085286653,0.0,0.0,8940,18574,OPTIMAL,42441.37060211261,16833.95224431693,25607.418357794504,0.0,0.0,245294,516862,182381.34496504295,0.0,0.003391584,0.028849166,0.007669542,0.06617625,0.056701667,0.047944583
sienna/5bus_10_24_conical_hull_conical_bounded_0.01,570629,10,24,conical_hull,conical_bounded,unscaled,0.01,36.54132450354305,16.559291857568624,0.7695303392089834,21.518699151732307,1.31170310131039,10,0.9936382439110076,1.0,0.0,0.22465753424657534,0.41424657534246573,24599,130,1040,2200,OPTIMAL,27152.59500394109,16289.636870881493,10862.958133059728,0.0,0.0,8940,18574,OPTIMAL,43177.38647139272,16289.636870881493,26887.749600509997,0.0,0.0,245294,516862,179069.3392244217,0.0,0.003491125,0.028926083,0.010941834,0.065479625,0.066541417,0.047944583
sienna/5bus_20_24_k_means_dirac_0.01_economic,570629,20,24,k_means,dirac,economic,0.01,103384.3783683889,72747.45195574776,243.1251495211707,299.2181273678275,1.1981505821446554,20,1.0,1.0,0.0,0.0,0.05,0,0,0,0,OPTIMAL,22253.857802619583,17528.02048172896,4725.837320890572,0.0,0.0,15680,32754,OPTIMAL,416148.23257078824,17528.02048172896,389539.42941811215,0.0,9080.782670976889,245294,516862,217632.90023365305,908.0782670976889,0.003581916,0.068831667,1.334e-6,0.082273958,0.131209459,0.047944583
sienna/5bus_20_24_k_means_convex_0.01_economic,570629,20,24,k_means,convex,economic,0.01,88936.31890605106,72747.45195574776,243.1251495211707,299.2181273678275,1.1981505821446554,20,1.0,1.0000000000000002,0.0,0.0,0.15547945205479452,154759,1661,0,0,OPTIMAL,22374.229467565518,17536.54979212484,4837.679675440706,0.0,0.0,15680,32754,OPTIMAL,396018.40981518745,17536.54979212484,376626.3724592713,0.0,1855.4875638026942,245294,516862,218965.52239844858,185.54875638026942,0.003654625,0.017864875,0.1558625,0.310860583,0.125106292,0.047944583
sienna/5bus_20_24_k_means_conical_0.01_economic,570629,20,24,k_means,conical,economic,0.01,82499.63740352393,72747.45195574776,243.1251495211707,299.2181273678275,1.1981505821446554,20,1.0740664036655525,1.6554024097102398,0.6465753424657534,0.35342465753424657,0.16671232876712327,201524,1902,0,0,OPTIMAL,22356.887694809404,17809.76832914812,4547.119365661303,0.0,0.0,15680,32754,OPTIMAL,467030.6226322123,17809.76832914812,420668.742453288,0.0,28552.111849789166,245294,516862,222453.1870522604,2855.211184978916,0.003414334,0.017822541,0.061259583,0.087376041,0.163924708,0.047944583
sienna/5bus_20_24_k_means_conical_bounded_0.01_economic,570629,20,24,k_means,conical_bounded,economic,0.01,88207.48554455975,72747.45195574776,243.1251495211707,299.2181273678275,1.1981505821446554,20,0.947245706897432,1.0000000000000002,0.0,0.43561643835616437,0.15246575342465754,171752,1661,0,0,OPTIMAL,21744.132056856368,16957.67570427363,4786.456352582762,0.0,0.0,15680,32754,OPTIMAL,379784.3138639022,16957.67570427363,362316.0275176411,0.0,510.6106419841477,245294,516862,215390.3608391764,51.06106419841477,0.00366475,0.018055959,0.351002667,0.082291417,0.133204,0.047944583
sienna/5bus_20_24_k_medoids_dirac_0.01_economic,570629,20,24,k_medoids,dirac,economic,0.01,121827.94614715711,74337.0451062265,941.1857335236659,78.98233309159835,1.2391887959488777,20,1.0,1.0,0.0,0.0,0.05,0,0,0,0,OPTIMAL,26252.079057931696,18012.134526073165,8239.94453185857,0.0,0.0,15680,32754,OPTIMAL,41615.896283872935,18012.134526073165,23603.76175780181,0.0,0.0,245294,516862,203190.60755207756,0.0,0.003427,0.017702833,7.09e-7,0.10646525,0.136956917,0.047944583
sienna/5bus_20_24_k_medoids_convex_0.01_economic,570629,20,24,k_medoids,convex,economic,0.01,92211.5929209389,74337.0451062265,941.1857335236659,78.98233309159835,1.2391887959488777,20,1.0,1.0000000000000002,0.0,0.0,0.1943835616438356,164401,1258,0,0,OPTIMAL,26652.331235661346,17414.57567559774,9237.755560063622,0.0,0.0,15680,32754,OPTIMAL,41060.574691246555,17414.57567559774,23645.999015646692,0.0,0.0,245294,516862,193752.94199542396,0.0,0.003690542,0.017654125,0.136515375,0.107316709,0.117818333,0.047944583
sienna/5bus_20_24_k_medoids_conical_0.01_economic,570629,20,24,k_medoids,conical,economic,0.01,87182.58500786888,74337.0451062265,941.1857335236659,78.98233309159835,1.2391887959488777,20,1.028356744249712,1.6150489202696794,0.5589041095890411,0.3863013698630137,0.20767123287671233,197880,1436,0,0,OPTIMAL,27005.556434618564,18172.775463628488,8832.780970990107,0.0,0.0,15680,32754,OPTIMAL,41548.7809951079,18172.775463628488,23376.005531475952,0.0,0.0,245294,516862,203563.60233007628,0.0,0.003661458,0.017581375,0.129822833,0.107425541,0.124188709,0.047944583
sienna/5bus_20_24_k_medoids_conical_bounded_0.01_economic,570629,20,24,k_medoids,conical_bounded,economic,0.01,90727.6055809939,74337.0451062265,941.1857335236659,78.98233309159835,1.2391887959488777,20,0.9269291264874302,1.0000000000000002,0.0,0.5123287671232877,0.19232876712328767,175957,1258,0,0,OPTIMAL,25556.952999117537,17069.96015564382,8486.992843473787,0.0,0.0,15680,32754,OPTIMAL,40938.17072019454,17069.96015564382,23868.21056455023,0.0,0.0,245294,516862,192355.0086229828,0.0,0.003443208,0.084304417,0.316397709,0.081825334,0.113610708,0.047944583
sienna/5bus_20_24_hierarchical_dirac_0.01_economic,570629,20,24,hierarchical,dirac,economic,0.01,123563.23355333105,76599.75361206118,784.6768833614758,97.61948546759227,1.243224849947191,20,1.0,1.0,0.0,0.0,0.05,0,0,0,0,OPTIMAL,24196.140431919303,17397.604896073968,6798.535535845308,0.0,0.0,15680,32754,OPTIMAL,51576.15224759004,17397.604896073968,34178.54735151653,0.0,0.0,245294,516862,203368.48974986313,0.0,0.003641541,0.017694083,7.5e-7,0.103753417,0.133834542,0.047944583
sienna/5bus_20_24_hierarchical_convex_0.01_economic,570629,20,24,hierarchical,convex,economic,0.01,88774.85177019179,76599.75361206118,784.6768833614758,97.61948546759227,1.243224849947191,20,1.0,1.0000000000000002,0.0,0.0,0.21013698630136987,173666,1351,0,0,OPTIMAL,23616.796333656763,16757.289325811133,6859.507007845647,0.0,0.0,15680,32754,OPTIMAL,54019.644988091604,16757.289325811133,37262.355662282615,0.0,0.0,245294,516862,191337.1138109172,0.0,0.003565875,0.018135333,0.352577042,0.083539709,0.123898667,0.047944583
sienna/5bus_20_24_hierarchical_conical_0.01_economic,570629,20,24,hierarchical,conical,economic,0.01,83708.98575149447,76599.75361206118,784.6768833614758,97.61948546759227,1.243224849947191,20,1.0698233760324143,1.5992349907646641,0.6410958904109589,0.3041095890410959,0.22452054794520548,210243,1677,0,0,OPTIMAL,24392.07549770006,16993.667955806548,7398.407541893487,0.0,0.0,15680,32754,OPTIMAL,53093.947808513156,16993.667955806548,36100.27985270903,0.0,0.0,245294,516862,195071.83904951598,0.0,0.003450458,0.018328458,0.108731542,0.106752959,0.129216042,0.047944583
sienna/5bus_20_24_hierarchical_conical_bounded_0.01_economic,570629,20,24,hierarchical,conical_bounded,economic,0.01,87679.16303477462,76599.75361206118,784.6768833614758,97.61948546759227,1.243224849947191,20,0.9431554983984801,1.0000000000000002,0.0,0.44931506849315067,0.20534246575342466,180681,1476,0,0,OPTIMAL,22908.54703138793,16461.577808773647,6446.969222614276,0.0,0.0,15680,32754,OPTIMAL,54242.52103957831,16461.577808773647,37780.94323080552,0.0,0.0,245294,516862,190643.07640662492,0.0,0.003436292,0.01809575,0.152402584,0.106063791,0.117666417,0.047944583
sienna/5bus_20_24_chronological_dirac_0.01_economic,570629,20,24,chronological,dirac,economic,0.01,231246.80483045967,52625.9212337888,661.0883762766005,79.60497132046083,1.2709025598232297,20,1.0,1.0,0.0,0.0,0.05,0,0,0,0,OPTIMAL,28457.166951799365,18005.112454966067,10452.05449683323,0.0,0.0,15680,32754,OPTIMAL,41968.71392528472,18005.112454966067,23963.601470315032,0.0,0.0,245294,516862,202370.23196765952,0.0,0.003649667,0.017541042,9.958e-6,0.105448041,0.0951915,0.047944583
sienna/5bus_20_24_chronological_convex_0.01_economic,570629,20,24,chronological,convex,economic,0.01,123603.09508187983,52625.9212337888,661.0883762766005,79.60497132046083,1.2709025598232297,20,1.0,1.0000000000000002,0.0,0.0,0.2002739726027397,160499,1403,0,0,OPTIMAL,28688.671208893928,17894.48368813061,10794.187520763315,0.0,0.0,15680,32754,OPTIMAL,41895.68339007973,17894.48368813061,24001.199701951824,0.0,0.0,245294,516862,202893.45064793734,0.0,0.003411541,0.016987166,0.157491792,0.106770416,0.123248792,0.047944583
sienna/5bus_20_24_chronological_conical_0.01_economic,570629,20,24,chronological,conical,economic,0.01,113363.77202680024,52625.9212337888,661.0883762766005,79.60497132046083,1.2709025598232297,20,1.1907070873323915,2.7273629705065714,0.6602739726027397,0.28493150684931506,0.21972602739726027,189596,1265,0,0,OPTIMAL,32084.727667675797,18691.013473012405,13393.714194663415,0.0,0.0,15680,32754,OPTIMAL,42009.18419922554,18691.013473012405,23318.17072621324,0.0,0.0,245294,516862,206495.26908769167,0.0,0.003432417,0.017486292,0.270616333,0.083278917,0.099900083,0.047944583
sienna/5bus_20_24_chronological_conical_bounded_0.01_economic,570629,20,24,chronological,conical_bounded,economic,0.01,122797.48095743464,52625.9212337888,661.0883762766005,79.60497132046083,1.2709025598232297,20,0.9435909750963327,1.0000000000000002,0.0,0.34794520547945207,0.19794520547945205,160406,1258,0,0,OPTIMAL,27731.615926951523,17519.32041486351,10212.295512087925,0.0,0.0,15680,32754,OPTIMAL,41767.43417119943,17519.32041486351,24248.11375633175,0.0,0.0,245294,516862,200643.29373338903,0.0,0.003445625,0.017445458,0.140295042,0.108257666,0.118392041,0.047944583
sienna/5bus_20_24_convex_hull_dirac_0.01_economic,570629,20,24,convex_hull,dirac,economic,0.01,148022.6060371448,86166.31795366379,1051.234161443589,81.966816827316,1.3663914362943355,20,1.0,1.0,0.0,0.0,0.05,0,0,3760,2985,OPTIMAL,73592.4816405444,18321.37535861818,55271.10628192643,0.0,0.0,15680,32754,OPTIMAL,38357.7209039014,18321.37535861818,20036.345545284275,0.0,0.0,245294,516862,199987.6848500985,0.0,0.003412666,0.210835875,1.042e-6,0.082782541,0.10439675,0.047944583
sienna/5bus_20_24_convex_hull_convex_0.01_economic,570629,20,24,convex_hull,convex,economic,0.01,82060.96917500148,86166.31795366379,1051.234161443589,81.966816827316,1.3663914362943355,20,1.0,1.0000000000000002,0.0,0.0,0.2395890410958904,111437,793,3760,2985,OPTIMAL,62094.4597008611,18221.28255565949,43873.177145201655,0.0,0.0,15680,32754,OPTIMAL,38271.14948076121,18221.28255565949,20049.866925103543,0.0,0.0,245294,516862,198936.09446383754,0.0,0.003441334,0.22518875,0.276099292,0.083270666,0.11693625,0.047944583
sienna/5bus_20_24_convex_hull_conical_0.01_economic,570629,20,24,convex_hull,conical,economic,0.01,73121.24341224313,86166.31795366379,1051.234161443589,81.966816827316,1.3663914362943355,20,1.012592919974923,1.863790665931684,0.4684931506849315,0.4767123287671233,0.263972602739726,151307,1329,3760,2985,OPTIMAL,60583.180633595155,17959.372979079595,42623.807654515505,0.0,0.0,15680,32754,OPTIMAL,38087.79472649052,17959.372979079595,20128.421747411012,0.0,0.0,245294,516862,196654.90592091036,0.0,0.003419334,0.218853916,0.062573583,0.087123792,0.10799425,0.047944583
sienna/5bus_20_24_convex_hull_conical_bounded_0.01_economic,570629,20,24,convex_hull,conical_bounded,economic,0.01,78597.38159582039,86166.31795366379,1051.234161443589,81.966816827316,1.3663914362943355,20,0.8884227150056277,1.0000000000000002,0.0,0.6328767123287671,0.23068493150684932,131146,884,3760,2985,OPTIMAL,54542.07279150986,18002.45761033878,36539.615181171044,0.0,0.0,15680,32754,OPTIMAL,38156.23685647329,18002.45761033878,20153.77924613791,0.0,0.0,245294,516862,197525.24189539053,0.0,0.003549167,0.231515458,0.297506917,0.085330458,0.102334,0.047944583
sienna/5bus_20_24_convex_hull_with_null_dirac_0.01_economic,570629,20,24,convex_hull_with_null,dirac,economic,0.01,163103.4602577981,86665.36589238638,1010.1914952791885,85.7910270452579,1.3836276079320313,20,1.0,1.0,0.0,0.0,0.05,0,0,3676,3434,OPTIMAL,21859.124802150556,14364.388273975152,7494.736528175363,0.0,0.0,15680,32754,OPTIMAL,56498.329635870425,14364.388273975152,42133.94136189878,0.0,0.0,245294,516862,165932.89148370718,0.0,0.003694708,0.278065542,8.33e-7,0.0791335,0.117990417,0.047944583
sienna/5bus_20_24_convex_hull_with_null_convex_0.01_economic,570629,20,24,convex_hull_with_null,convex,economic,0.01,104771.62244172761,86665.36589238638,1010.1914952791885,85.7910270452579,1.3836276079320313,20,1.0,1.0000000000000002,0.0,0.0,0.2252054794520548,114088,700,3676,3434,OPTIMAL,22875.862863444127,15409.097849957641,7466.76501348644,0.0,0.0,15680,32754,OPTIMAL,53242.308627700935,15409.097849957641,37833.21077774351,0.0,0.0,245294,516862,175454.77673547107,0.0,0.003435583,0.309092417,0.279618834,0.083459917,0.111060541,0.047944583
sienna/5bus_20_24_convex_hull_with_null_conical_0.01_economic,570629,20,24,convex_hull_with_null,conical,economic,0.01,77860.90090477253,86665.36589238638,1010.1914952791885,85.7910270452579,1.3836276079320313,20,0.8319829950696759,1.576686037640659,0.3041095890410959,0.6410958904109589,0.24383561643835616,137860,1328,3676,3434,OPTIMAL,22274.27773357547,14884.729080061612,7389.548653513893,0.0,0.0,15680,32754,OPTIMAL,54966.26065927011,14884.729080061612,40081.531579212104,0.0,0.0,245294,516862,171461.0831015639,0.0,0.003666167,0.438714666,0.054953708,0.086432458,0.132182375,0.047944583
sienna/5bus_20_24_convex_hull_with_null_conical_bounded_0.01_economic,570629,20,24,convex_hull_with_null,conical_bounded,economic,0.01,81436.3556154195,86665.36589238638,1010.1914952791885,85.7910270452579,1.3836276079320313,20,0.7692930657356092,1.0000000000000002,0.0,0.736986301369863,0.21506849315068494,120476,905,3676,3434,OPTIMAL,21370.802418446467,14442.279168770077,6928.523249676347,0.0,0.0,15680,32754,OPTIMAL,56468.56113688893,14442.279168770077,42026.28196811497,0.0,0.0,245294,516862,167788.24080631204,0.0,0.003668334,0.537638333,0.073525167,0.109555667,0.112685833,0.047944583
sienna/5bus_20_24_conical_hull_dirac_0.01_economic,570629,20,24,conical_hull,dirac,economic,0.01,184044.041867107,36028.81120579966,488.8145616522812,73.70650146758271,2.037665095844245,20,1.0,1.0,0.0,0.0,0.05,0,0,2374,4371,OPTIMAL,44904.37202604603,18472.998254624275,26431.373771421524,0.0,0.0,15680,32754,OPTIMAL,34158.453407396184,18472.998254624275,15685.455152771896,0.0,0.0,245294,516862,186039.59144526414,0.0,0.003412417,0.270821041,1.333e-6,0.0799325,0.092987084,0.047944583
sienna/5bus_20_24_conical_hull_convex_0.01_economic,570629,20,24,conical_hull,convex,economic,0.01,151068.1447678256,36028.81120579966,488.8145616522812,73.70650146758271,2.037665095844245,20,1.0,1.0000000000000002,0.0,0.0,0.2463013698630137,73269,637,2374,4371,OPTIMAL,45280.632062904966,18609.9898559902,26670.64220691471,0.0,0.0,15680,32754,OPTIMAL,34121.65827572911,18609.9898559902,15511.668419738877,0.0,0.0,245294,516862,187674.93177065745,0.0,0.00345525,0.055275459,0.044261792,0.088317291,0.109848291,0.047944583
sienna/5bus_20_24_conical_hull_conical_0.01_economic,570629,20,24,conical_hull,conical,economic,0.01,83841.7299164222,36028.81120579966,488.8145616522812,73.70650146758271,2.037665095844245,20,1.6736036357838133,3.4161488040284724,0.873972602739726,0.07123287671232877,0.3510958904109589,114938,817,2374,4371,OPTIMAL,60191.26908186562,21345.266804081297,38846.002277784195,0.0,0.0,15680,32754,OPTIMAL,34957.43920654631,21345.266804081297,13612.172402465467,0.0,0.0,245294,516862,216406.82219661248,0.0,0.003581458,0.296353375,0.034776708,0.089132208,0.108469792,0.047944583
sienna/5bus_20_24_conical_hull_conical_bounded_0.01_economic,570629,20,24,conical_hull,conical_bounded,economic,0.01,151121.58594155032,36028.81120579966,488.8145616522812,73.70650146758271,2.037665095844245,20,0.9905479585286968,1.0000000000000002,0.0,0.37534246575342467,0.24602739726027398,75423,842,2374,4371,OPTIMAL,45096.14033106316,18581.346679279595,26514.79365178349,0.0,0.0,15680,32754,OPTIMAL,34103.061025366726,18581.346679279595,15521.714346087152,0.0,0.0,245294,516862,187483.07666335403,0.0,0.003563167,0.057893792,0.093331584,0.090224583,0.106914333,0.047944583
sienna/5bus_20_24_k_means_dirac_0.01,570629,20,24,k_means,dirac,unscaled,0.01,28.5073847427906,28.733122713697227,0.121644716437954,236.2052669040732,1.0921252175181562,20,1.0,1.0,0.0,0.0,0.05,0,0,0,0,OPTIMAL,25278.69908895727,17684.965256397663,7593.733832559618,0.0,0.0,15680,32754,OPTIMAL,46242.077304040344,17684.965256397663,28557.112047643335,0.0,0.0,245294,516862,203041.36265341027,0.0,0.003484959,0.015646333,7.5e-7,0.084255167,0.089471416,0.047944583
sienna/5bus_20_24_k_means_convex_0.01,570629,20,24,k_means,convex,unscaled,0.01,25.280041345445316,28.733122713697227,0.121644716437954,236.2052669040732,1.0921252175181562,20,1.0,1.0000000000000002,0.0,0.0,0.1645205479452055,63477,539,0,0,OPTIMAL,25574.1227591198,17549.77091313283,8024.351845987018,0.0,0.0,15680,32754,OPTIMAL,45463.27956233998,17549.77091313283,27913.508649207328,0.0,0.0,245294,516862,200433.63117847143,0.0,0.003598792,0.015803333,0.26735975,0.082386458,0.121803666,0.047944583
sienna/5bus_20_24_k_means_conical_0.01,570629,20,24,k_means,conical,unscaled,0.01,24.453260390966683,28.733122713697227,0.121644716437954,236.2052669040732,1.0921252175181562,20,1.0319977256794306,1.2706371922168667,0.6931506849315069,0.3041095890410959,0.1728767123287671,73708,477,0,0,OPTIMAL,25858.562031150326,17746.071663807026,8112.490367343319,0.0,0.0,15680,32754,OPTIMAL,45763.13483585889,17746.071663807026,28017.063172051192,0.0,0.0,245294,516862,201370.2059165115,0.0,0.0037115,0.015460458,0.024095958,0.0858295,0.107912042,0.047944583
sienna/5bus_20_24_k_means_conical_bounded_0.01,570629,20,24,k_means,conical_bounded,unscaled,0.01,25.211326187726304,28.733122713697227,0.121644716437954,236.2052669040732,1.0921252175181562,20,0.9882008915535828,1.0000000000000002,0.0,0.4410958904109589,0.1636986301369863,64758,493,0,0,OPTIMAL,25409.509618073538,17418.307102847655,7991.202515225885,0.0,0.0,15680,32754,OPTIMAL,45544.89122242439,17418.307102847655,28126.58411957658,0.0,0.0,245294,516862,200364.29201411322,0.0,0.003400958,0.015635833,0.038496458,0.085844,0.124094833,0.047944583
sienna/5bus_20_24_k_medoids_dirac_0.01,570629,20,24,k_medoids,dirac,unscaled,0.01,33.66513101118159,28.081851527851004,0.31609105904883067,88.84101819378839,1.1454594830419425,20,1.0,1.0,0.0,0.0,0.05,0,0,0,0,OPTIMAL,27878.90234560465,17349.357102318412,10529.54524328622,0.0,0.0,15680,32754,OPTIMAL,40071.79036215456,17349.357102318412,22722.433259836467,0.0,0.0,245294,516862,193815.19000589973,0.0,0.003442208,0.015063625,1.666e-6,0.105356458,0.107979417,0.047944583
sienna/5bus_20_24_k_medoids_convex_0.01,570629,20,24,k_medoids,convex,unscaled,0.01,25.93530612172382,28.081851527851004,0.31609105904883067,88.84101819378839,1.1454594830419425,20,1.0,1.0000000000000002,0.0,0.0,0.2452054794520548,65666,416,0,0,OPTIMAL,28640.863479440322,17362.300975784234,11278.562503656012,0.0,0.0,15680,32754,OPTIMAL,36647.83932911593,17362.300975784234,19285.53835333363,0.0,0.0,245294,516862,188305.08720186085,0.0,0.003963125,0.015701917,0.09570575,0.119503833,0.126149458,0.047944583
sienna/5bus_20_24_k_medoids_conical_0.01,570629,20,24,k_medoids,conical,unscaled,0.01,24.73611404307221,28.081851527851004,0.31609105904883067,88.84101819378839,1.1454594830419425,20,1.0431168735547256,1.3893283663384517,0.6547945205479452,0.29041095890410956,0.2656164383561644,72667,403,0,0,OPTIMAL,29364.983845226066,17574.213387212618,11790.77045801337,0.0,0.0,15680,32754,OPTIMAL,36644.323727050796,17574.213387212618,19070.110339839033,0.0,0.0,245294,516862,189565.70056345052,0.0,0.003452542,0.015783875,0.0248495,0.109610167,0.185254875,0.047944583
sienna/5bus_20_24_k_medoids_conical_bounded_0.01,570629,20,24,k_medoids,conical_bounded,unscaled,0.01,25.85250651826395,28.081851527851004,0.31609105904883067,88.84101819378839,1.1454594830419425,20,0.9849543881374777,1.0000000000000002,0.0,0.4438356164383562,0.24178082191780823,66372,401,0,0,OPTIMAL,28565.130177258117,17372.354419287163,11192.775757970841,0.0,0.0,15680,32754,OPTIMAL,36657.89277261813,17372.354419287163,19285.538353332868,0.0,0.0,245294,516862,188305.08720186085,0.0,0.0035645,0.014979583,0.089599333,0.1074315,0.123482208,0.047944583
sienna/5bus_20_24_hierarchical_dirac_0.01,570629,20,24,hierarchical,dirac,unscaled,0.01,34.53374080518777,29.12627160896567,0.4192490724878996,69.4724771509335,1.125679105236172,20,1.0,1.0,0.0,0.0,0.05,0,0,0,0,OPTIMAL,26591.46872897466,17995.677013737724,8595.791715236955,0.0,0.0,15680,32754,OPTIMAL,34439.51381026456,17995.677013737724,16443.83679653031,0.0,0.0,245294,516862,194621.58840073124,0.0,0.003463209,0.066712917,1.542e-6,0.100256916,0.115830416,0.047944583
sienna/5bus_20_24_hierarchical_convex_0.01,570629,20,24,hierarchical,convex,unscaled,0.01,26.377958582399298,29.12627160896567,0.4192490724878996,69.4724771509335,1.125679105236172,20,1.0,1.0000000000000002,0.0,0.0,0.23315068493150684,70044,408,0,0,OPTIMAL,27214.71398674603,17960.4174269912,9254.29655975493,0.0,0.0,15680,32754,OPTIMAL,34491.28945863352,17960.4174269912,16530.872031641407,0.0,0.0,245294,516862,191743.55638961063,0.0,0.003706333,0.015445958,0.088988625,0.10680575,0.107491042,0.047944583
sienna/5bus_20_24_hierarchical_conical_0.01,570629,20,24,hierarchical,conical,unscaled,0.01,25.262111527325665,29.12627160896567,0.4192490724878996,69.4724771509335,1.125679105236172,20,1.0208989302864944,1.2855502471798872,0.6164383561643836,0.3287671232876712,0.24178082191780823,75424,431,0,0,OPTIMAL,27401.82075901273,17974.551000627387,9427.269758385344,0.0,0.0,15680,32754,OPTIMAL,34492.14090929207,17974.551000627387,16517.58990866584,0.0,0.0,245294,516862,192187.82552583583,0.0,0.003658167,0.01562075,0.074398833,0.106626375,0.108983375,0.047944583
sienna/5bus_20_24_hierarchical_conical_bounded_0.01,570629,20,24,hierarchical,conical_bounded,unscaled,0.01,26.150061558998477,29.12627160896567,0.4192490724878996,69.4724771509335,1.125679105236172,20,0.980585762648581,1.0000000000000002,0.0,0.4931506849315068,0.2310958904109589,69535,404,0,0,OPTIMAL,26984.563464790976,17948.90580815881,9035.657656632164,0.0,0.0,15680,32754,OPTIMAL,34488.29913243292,17948.90580815881,16539.39332427528,0.0,0.0,245294,516862,191378.33816009667,0.0,0.003678,0.01561625,0.04111275,0.1084305,0.10677875,0.047944583
sienna/5bus_20_24_chronological_dirac_0.01,570629,20,24,chronological,dirac,unscaled,0.01,43.44630883055275,29.469275919603,0.34958037407946535,84.29899990010351,1.0810169887651542,20,1.0,1.0,0.0,0.0,0.05,0,0,0,0,OPTIMAL,36067.591687281696,18791.18383483307,17276.407852448447,0.0,0.0,15680,32754,OPTIMAL,35014.132886367544,18791.18383483307,16222.94905153807,0.0,0.0,245294,516862,204410.94597747736,0.0,0.003563083,0.014840917,1.792e-6,0.105410834,0.077051125,0.047944583
sienna/5bus_20_24_chronological_convex_0.01,570629,20,24,chronological,convex,unscaled,0.01,30.35032519712339,29.469275919603,0.34958037407946535,84.29899990010351,1.0810169887651542,20,1.0,1.0000000000000002,0.0,0.0,0.22041095890410958,77281,448,0,0,OPTIMAL,36179.19016443503,18450.120937804848,17729.069226630203,0.0,0.0,15680,32754,OPTIMAL,34854.81234082694,18450.120937804848,16404.691403022865,0.0,0.0,245294,516862,199890.59254902805,0.0,0.003447375,0.015265041,0.046566917,0.178658375,0.095763792,0.047944583
sienna/5bus_20_24_chronological_conical_0.01,570629,20,24,chronological,conical,unscaled,0.01,29.11082129140901,29.469275919603,0.34958037407946535,84.29899990010351,1.0810169887651542,20,1.0266116090301485,1.3227870715778707,0.5945205479452055,0.3506849315068493,0.22219178082191782,81684,439,0,0,OPTIMAL,37227.31581368933,18698.54527193227,18528.77054175705,0.0,0.0,15680,32754,OPTIMAL,35032.60180263808,18698.54527193227,16334.056530706528,0.0,0.0,245294,516862,201730.38377932418,0.0,0.003703375,0.014802417,0.0941015,0.105851542,0.108824709,0.047944583
sienna/5bus_20_24_chronological_conical_bounded_0.01,570629,20,24,chronological,conical_bounded,unscaled,0.01,30.07983374112614,29.469275919603,0.34958037407946535,84.29899990010351,1.0810169887651542,20,0.9770347065281413,1.0000000000000002,0.0,0.4712328767123288,0.21547945205479452,77615,432,0,0,OPTIMAL,36623.74364277916,18409.853351777117,18213.890291002004,0.0,0.0,15680,32754,OPTIMAL,34838.59194030117,18409.853351777117,16428.738588524055,0.0,0.0,245294,516862,200244.09441840346,0.0,0.003437916,0.014687208,0.047454584,0.106261416,0.095821,0.047944583
sienna/5bus_20_24_convex_hull_dirac_0.01,570629,20,24,convex_hull,dirac,unscaled,0.01,43.276833051874185,29.85953645855511,0.5638776649088553,52.95392656380809,1.189339932499414,20,1.0,1.0,0.0,0.0,0.05,0,0,3388,3357,OPTIMAL,32790.80859190158,18613.679455461504,14177.129136440035,0.0,0.0,15680,32754,OPTIMAL,33986.104388001746,18613.679455461504,15372.424932543525,0.0,0.0,245294,516862,187451.88877732525,0.0,0.003432292,0.167158583,1.25e-6,0.084115167,0.079346,0.047944583
sienna/5bus_20_24_convex_hull_convex_0.01,570629,20,24,convex_hull,convex,unscaled,0.01,25.448463891325286,29.85953645855511,0.5638776649088553,52.95392656380809,1.189339932499414,20,1.0,1.0000000000000002,0.0,0.0,0.2924657534246575,56295,316,3388,3357,OPTIMAL,32420.847549277514,18256.899895548093,14163.947653729463,0.0,0.0,15680,32754,OPTIMAL,34181.59471444603,18256.899895548093,15924.694818897891,0.0,0.0,245294,516862,182196.6948160145,0.0,0.003546958,0.160380959,0.249483458,0.085453458,0.108633833,0.047944583
sienna/5bus_20_24_convex_hull_conical_0.01,570629,20,24,convex_hull,conical,unscaled,0.01,24.504757619952198,29.85953645855511,0.5638776649088553,52.95392656380809,1.189339932499414,20,1.0395324390845915,1.2739312412105361,0.6712328767123288,0.273972602739726,0.3017808219178082,59715,280,3388,3357,OPTIMAL,31966.299111916735,17970.05300264158,13996.246109275242,0.0,0.0,15680,32754,OPTIMAL,34228.00330467869,17970.05300264158,16257.950302037169,0.0,0.0,245294,516862,180034.18880973614,0.0,0.0034225,0.307360958,0.020312417,0.089410875,0.104200083,0.047944583
sienna/5bus_20_24_convex_hull_conical_bounded_0.01,570629,20,24,convex_hull,conical_bounded,unscaled,0.01,25.32586623190027,29.85953645855511,0.5638776649088553,52.95392656380809,1.189339932499414,20,0.9836558160929573,1.0000000000000002,0.0,0.4794520547945205,0.2928767123287671,57677,312,3388,3357,OPTIMAL,32304.198437075374,18248.698937372123,14055.499499703223,0.0,0.0,15680,32754,OPTIMAL,34155.695242643225,18248.698937372123,15906.99630527356,0.0,0.0,245294,516862,182295.1189755025,0.0,0.003667917,0.097288125,0.080615291,0.089610292,0.114617167,0.047944583
sienna/5bus_20_24_convex_hull_with_null_dirac_0.01,570629,20,24,convex_hull_with_null,dirac,unscaled,0.01,43.94264366193617,30.460754231372817,0.502328798980805,60.63907602585371,1.1813238507960153,20,1.0,1.0,0.0,0.0,0.05,0,0,3353,3757,OPTIMAL,46527.27605390658,18812.950520854854,27714.325533051713,0.0,0.0,15680,32754,OPTIMAL,34180.105017317925,18812.950520854854,15367.1544964597,0.0,0.0,245294,516862,188217.0679658111,0.0,0.003695416,0.159187,9.58e-7,0.084220083,0.08168275,0.047944583
sienna/5bus_20_24_convex_hull_with_null_convex_0.01,570629,20,24,convex_hull_with_null,convex,unscaled,0.01,26.250318103057488,30.460754231372817,0.502328798980805,60.63907602585371,1.1813238507960153,20,1.0,1.0000000000000002,0.0,0.0,0.29191780821917807,56836,260,3353,3757,OPTIMAL,44066.814813842706,18674.221455591076,25392.593358251554,0.0,0.0,15680,32754,OPTIMAL,34258.19848905688,18674.221455591076,15583.977033465728,0.0,0.0,245294,516862,185339.17489626646,0.0,0.003471709,0.2254245,0.034775125,0.089563667,0.325325875,0.047944583
sienna/5bus_20_24_convex_hull_with_null_conical_0.01,570629,20,24,convex_hull_with_null,conical,unscaled,0.01,24.91647061119707,30.460754231372817,0.502328798980805,60.63907602585371,1.1813238507960153,20,0.9905849336595973,1.2261357317597168,0.473972602739726,0.4712328767123288,0.3058904109589041,59973,348,3353,3757,OPTIMAL,42363.56102140628,18599.046726760072,23764.514294646284,0.0,0.0,15680,32754,OPTIMAL,34233.12193816902,18599.046726760072,15634.07521140967,0.0,0.0,245294,516862,185807.77707136783,0.0,0.003660209,0.110755083,0.063481708,0.088361458,0.11335775,0.047944583
sienna/5bus_20_24_convex_hull_with_null_conical_bounded_0.01,570629,20,24,convex_hull_with_null,conical_bounded,unscaled,0.01,25.517376177512727,30.460754231372817,0.502328798980805,60.63907602585371,1.1813238507960153,20,0.9531675514142636,1.0000000000000002,0.0,0.6191780821917808,0.2912328767123288,57921,313,3353,3757,OPTIMAL,44545.41582077549,18497.113252434778,26048.30256834072,0.0,0.0,15680,32754,OPTIMAL,34255.44526181651,18497.113252434778,15758.33200938448,0.0,0.0,245294,516862,186119.88319589882,0.0,0.003676041,0.156661958,0.034230792,0.087657791,0.112327542,0.047944583
sienna/5bus_20_24_conical_hull_dirac_0.01,570629,20,24,conical_hull,dirac,unscaled,0.01,45.416266623313525,24.320951305325963,0.45042703024354014,53.99531926886345,1.2706215125393578,20,1.0,1.0,0.0,0.0,0.05,0,0,3095,3650,OPTIMAL,34326.05894136812,17234.098124207183,17091.96081716092,0.0,0.0,15680,32754,OPTIMAL,34374.13846293568,17234.098124207183,17140.04033872852,0.0,0.0,245294,516862,181902.88056467313,0.0,0.003580417,0.073698458,1.042e-6,0.158233334,0.096582167,0.047944583
sienna/5bus_20_24_conical_hull_convex_0.01,570629,20,24,conical_hull,convex,unscaled,0.01,30.473822106227882,24.320951305325963,0.45042703024354014,53.99531926886345,1.2706215125393578,20,1.0,1.0000000000000002,0.0,0.0,0.2635616438356164,46467,265,3095,3650,OPTIMAL,37219.01770600381,17381.165612203855,19837.852093800033,0.0,0.0,15680,32754,OPTIMAL,34384.88350265901,17381.165612203855,17003.717890453103,0.0,0.0,245294,516862,183100.87680398085,0.0,0.003441459,0.138641042,0.244018333,0.085231292,0.106514792,0.047944583
sienna/5bus_20_24_conical_hull_conical_0.01,570629,20,24,conical_hull,conical,unscaled,0.01,25.784056971104228,24.320951305325963,0.45042703024354014,53.99531926886345,1.2706215125393578,20,1.1297499129555286,1.5137803128164822,0.863013698630137,0.0821917808219178,0.29726027397260274,52385,294,3095,3650,OPTIMAL,35436.049028873684,17816.699111149926,17619.349917723743,0.0,0.0,15680,32754,OPTIMAL,34542.68501029247,17816.699111149926,16725.98589914257,0.0,0.0,245294,516862,185516.48154701735,0.0,0.003612667,0.074360334,0.01859625,0.089309666,0.122556083,0.047944583
sienna/5bus_20_24_conical_hull_conical_bounded_0.01,570629,20,24,conical_hull,conical_bounded,unscaled,0.01,30.496127924421888,24.320951305325963,0.45042703024354014,53.99531926886345,1.2706215125393578,20,0.9948630754145177,1.0000000000000002,0.0,0.30684931506849317,0.26246575342465756,46737,263,3095,3650,OPTIMAL,37216.80583837876,17378.087043882322,19838.718794496403,0.0,0.0,15680,32754,OPTIMAL,34382.81032115697,17378.087043882322,17004.723277271278,0.0,0.0,245294,516862,183100.87680398085,0.0,0.003670584,0.303352334,0.031081417,0.087668375,0.153442542,0.047944583
sienna/5bus_40_24_k_means_dirac_0.01_economic,570629,40,24,k_means,dirac,economic,0.01,88661.44021480907,107172.86405935517,115.93696084804147,924.4063607965936,1.2297858106826196,40,1.0,1.0,0.0,0.0,0.025,0,0,0,0,OPTIMAL,24340.964328128677,18027.655437651083,6313.308890477586,0.0,0.0,29160,61114,OPTIMAL,47598.304950970654,18027.655437651083,29570.64951331846,0.0,0.0,245294,516862,208932.07152562268,0.0,0.003438917,0.018479,1.75e-6,0.15342775,0.260530292,0.047944583
sienna/5bus_40_24_k_means_convex_0.01_economic,570629,40,24,k_means,convex,economic,0.01,72736.64070972726,107172.86405935517,115.93696084804147,924.4063607965936,1.2297858106826196,40,1.0,1.0000000000000002,0.0,0.0,0.09397260273972603,288305,2547,0,0,OPTIMAL,24807.389938318152,18003.403961734148,6803.9859765841575,0.0,0.0,29160,61114,OPTIMAL,46905.233461887095,18003.403961734148,28901.829500153613,0.0,0.0,245294,516862,205695.07952227196,0.0,0.003712458,0.019466166,0.373319209,0.118271625,0.259742958,0.047944583
sienna/5bus_40_24_k_means_conical_0.01_economic,570629,40,24,k_means,conical,economic,0.01,66386.59608569923,107172.86405935517,115.93696084804147,924.4063607965936,1.2297858106826196,40,1.1082121696127307,1.7129385999940507,0.7068493150684931,0.2876712328767123,0.11082191780821918,393373,2991,0,0,OPTIMAL,26109.785839102176,18804.603177445286,7305.182661656919,0.0,0.0,29160,61114,OPTIMAL,45383.1706667554,18804.603177445286,26578.567489310626,0.0,0.0,245294,516862,215113.44324897128,0.0,0.004026958,0.019324792,0.612472959,0.118141041,0.257202875,0.047944583
sienna/5bus_40_24_k_means_conical_bounded_0.01_economic,570629,40,24,k_means,conical_bounded,economic,0.01,72384.05482956413,107172.86405935517,115.93696084804147,924.4063607965936,1.2297858106826196,40,0.9652820380279186,1.0000000000000002,0.0,0.4465753424657534,0.0936986301369863,307853,3453,0,0,OPTIMAL,24330.018355922693,17575.55378968815,6754.464566234278,0.0,0.0,29160,61114,OPTIMAL,47633.654900761045,17575.55378968815,30058.10111107015,0.0,0.0,245294,516862,201222.73533722863,0.0,0.003721709,0.019564125,0.688682083,0.135576916,0.24876925,0.047944583
sienna/5bus_40_24_k_medoids_dirac_0.01_economic,570629,40,24,k_medoids,dirac,economic,0.01,107327.01631564762,102502.98040549099,271.8008001660889,377.12538131916705,1.2840299952449166,40,1.0,1.0,0.0,0.0,0.025,0,0,0,0,OPTIMAL,25585.24766437265,17788.691738640766,7796.555925731857,0.0,0.0,29160,61114,OPTIMAL,41897.23088624824,17788.691738640766,24108.53914760775,0.0,0.0,245294,516862,202562.06835946089,0.0,0.003741,0.018317,5.84e-7,0.155019917,0.283806875,0.047944583
sienna/5bus_40_24_k_medoids_convex_0.01_economic,570629,40,24,k_medoids,convex,economic,0.01,76302.13166078388,102502.98040549099,271.8008001660889,377.12538131916705,1.2840299952449166,40,1.0,1.0000000000000002,0.0,0.0,0.12116438356164383,287835,2719,0,0,OPTIMAL,25259.061451324018,17644.16311555012,7614.898335773871,0.0,0.0,29160,61114,OPTIMAL,41630.10478548702,17644.16311555012,23985.941669937918,0.0,0.0,245294,516862,200365.1062198875,0.0,0.003618292,0.018433584,0.598847041,0.117994375,0.308344875,0.047944583
sienna/5bus_40_24_k_medoids_conical_0.01_economic,570629,40,24,k_medoids,conical,economic,0.01,70423.807236916,102502.98040549099,271.8008001660889,377.12538131916705,1.2840299952449166,40,1.0971310222330892,1.6831853483008072,0.5835616438356165,0.30684931506849317,0.13445205479452055,352836,2361,0,0,OPTIMAL,26272.666175018556,18343.178393926595,7929.487781091852,0.0,0.0,29160,61114,OPTIMAL,42127.98275476778,18343.178393926595,23784.80436083886,0.0,0.0,245294,516862,207150.50966498433,0.0,0.003646541,0.018356375,0.574356333,0.1203105,0.309077042,0.047944583
sienna/5bus_40_24_k_medoids_conical_bounded_0.01_economic,570629,40,24,k_medoids,conical_bounded,economic,0.01,75914.95063281231,102502.98040549099,271.8008001660889,377.12538131916705,1.2840299952449166,40,0.9597781054864555,1.0000000000000002,0.0,0.44931506849315067,0.11815068493150685,295550,2289,0,0,OPTIMAL,24596.317353228467,17075.462707387043,7520.854645841533,0.0,0.0,29160,61114,OPTIMAL,41279.36372484073,17075.462707387043,24203.901017453496,0.0,0.0,245294,516862,191806.2442837958,0.0,0.003766,0.0188315,0.4210095,0.127849792,0.292825625,0.047944583
sienna/5bus_40_24_hierarchical_dirac_0.01_economic,570629,40,24,hierarchical,dirac,economic,0.01,106951.67118344245,113493.02990176296,213.26716224746798,532.1636425680457,1.266412634838311,40,1.0,1.0,0.0,0.0,0.025,0,0,0,0,OPTIMAL,38425.64916406385,19022.250665658503,19403.398498405397,0.0,0.0,29160,61114,OPTIMAL,36321.91428328368,19022.250665658503,17299.66361762262,0.0,0.0,245294,516862,210904.49300338846,0.0,0.003699833,0.019198292,2.333e-6,0.155878167,0.251108,0.047944583
sienna/5bus_40_24_hierarchical_convex_0.01_economic,570629,40,24,hierarchical,convex,economic,0.01,71252.70010524672,113493.02990176296,213.26716224746798,532.1636425680457,1.266412634838311,40,1.0,1.0000000000000002,0.0,0.0,0.12356164383561644,304853,2497,0,0,OPTIMAL,40340.05203579759,18734.5938711493,21605.458164648317,0.0,0.0,29160,61114,OPTIMAL,35871.971421828726,18734.5938711493,17137.377550681394,0.0,0.0,245294,516862,203680.63055943788,0.0,0.003588458,0.018855458,0.666357,0.119456959,0.282373834,0.047944583
sienna/5bus_40_24_hierarchical_conical_0.01_economic,570629,40,24,hierarchical,conical,economic,0.01,66432.61266610933,113493.02990176296,213.26716224746798,532.1636425680457,1.266412634838311,40,1.0518148405797252,1.6009978925170327,0.5534246575342465,0.336986301369863,0.13321917808219177,362498,2379,0,0,OPTIMAL,39733.7167062378,18733.955503195604,20999.76120304227,0.0,0.0,29160,61114,OPTIMAL,35803.559913030025,18733.955503195604,17069.604409834064,0.0,0.0,245294,516862,205531.20620155643,0.0,0.003681375,0.018820875,0.303900166,0.119209375,0.2549515,0.047944583
sienna/5bus_40_24_hierarchical_conical_bounded_0.01_economic,570629,40,24,hierarchical,conical_bounded,economic,0.01,70475.60678527903,113493.02990176296,213.26716224746798,532.1636425680457,1.266412634838311,40,0.9455558001237381,1.0000000000000002,0.0,0.5260273972602739,0.1215068493150685,322005,2497,0,0,OPTIMAL,39810.396685861444,18446.164094530228,21364.232591331347,0.0,0.0,29160,61114,OPTIMAL,35643.04290951966,18446.164094530228,17196.87881498859,0.0,0.0,245294,516862,199967.77303716505,0.0,0.003690375,0.018752625,0.723478416,0.118445625,0.273649708,0.047944583
sienna/5bus_40_24_chronological_dirac_0.01_economic,570629,40,24,chronological,dirac,economic,0.01,221463.7282199563,79402.09377730144,214.55760438269556,370.0735474081634,1.3240300036438748,40,1.0,1.0,0.0,0.0,0.025,0,0,0,0,OPTIMAL,32101.218235511835,18114.162039806488,13987.0561957056,0.0,0.0,29160,61114,OPTIMAL,41676.34462529096,18114.162039806488,23562.182585486273,0.0,0.0,245294,516862,202762.20419773296,0.0,0.003663583,0.01846475,7.09e-7,0.152476042,0.190187958,0.047944583
sienna/5bus_40_24_chronological_convex_0.01_economic,570629,40,24,chronological,convex,economic,0.01,96670.54508820365,79402.09377730144,214.55760438269556,370.0735474081634,1.3240300036438748,40,1.0,1.0000000000000002,0.0,0.0,0.12013698630136986,257073,2176,0,0,OPTIMAL,30143.366475414416,18102.211157544618,12041.155317869685,0.0,0.0,29160,61114,OPTIMAL,41833.27378161869,18102.211157544618,23731.06262407415,0.0,0.0,245294,516862,203653.07210394574,0.0,0.003753416,0.018506208,0.557038,0.121720083,0.282206458,0.047944583
sienna/5bus_40_24_chronological_conical_0.01_economic,570629,40,24,chronological,conical,economic,0.01,87678.98504677598,79402.09377730144,214.55760438269556,370.0735474081634,1.3240300036438748,40,1.2072130266552392,2.1818451065863416,0.726027397260274,0.1643835616438356,0.13643835616438357,324129,2250,0,0,OPTIMAL,33199.62577208517,19555.805961336555,13643.819810748664,0.0,0.0,29160,61114,OPTIMAL,42893.139128793184,19555.805961336555,23337.333167457462,0.0,0.0,245294,516862,218557.91570704352,0.0,0.003679166,0.018412375,0.559278042,0.119975958,0.278397958,0.047944583
sienna/5bus_40_24_chronological_conical_bounded_0.01_economic,570629,40,24,chronological,conical_bounded,economic,0.01,96390.19728601098,79402.09377730144,214.55760438269556,370.0735474081634,1.3240300036438748,40,0.9712482246898455,1.0000000000000002,0.0,0.3506849315068493,0.11986301369863013,262894,2560,0,0,OPTIMAL,29853.89337814515,17918.77933013196,11935.114048013185,0.0,0.0,29160,61114,OPTIMAL,41776.918963220196,17918.77933013196,23858.139633085048,0.0,0.0,245294,516862,202032.69557288403,0.0,0.004072708,0.018125958,0.387444417,0.130779208,0.287265541,0.047944583
sienna/5bus_40_24_convex_hull_dirac_0.01_economic,570629,40,24,convex_hull,dirac,economic,0.01,128745.44907738401,117861.36067057267,230.39814484501923,511.5551635619891,1.356109712646857,40,1.0,1.0,0.0,0.0,0.025,0,0,9292,4163,OPTIMAL,64157.29417141786,18289.938346132367,45867.35582528563,0.0,0.0,29160,61114,OPTIMAL,38340.527529064544,18289.938346132367,20050.589182934847,0.0,0.0,245294,516862,202386.23394641923,0.0,0.003700459,1.028654125,1.125e-6,0.112396541,0.203132666,0.047944583
sienna/5bus_40_24_convex_hull_convex_0.01_economic,570629,40,24,convex_hull,convex,economic,0.01,67579.9585063576,117861.36067057267,230.39814484501923,511.5551635619891,1.356109712646857,40,1.0,1.0000000000000002,0.0,0.0,0.14006849315068493,208600,1837,9292,4163,OPTIMAL,54011.346248275564,18327.866333090697,35683.479915184755,0.0,0.0,29160,61114,OPTIMAL,38364.22573324571,18327.866333090697,20036.35940015496,0.0,0.0,245294,516862,201966.9210138024,0.0,0.003737458,0.8056775,0.239197875,0.12445525,0.239674334,0.047944583
sienna/5bus_40_24_convex_hull_conical_0.01_economic,570629,40,24,convex_hull,conical,economic,0.01,58887.88682465213,117861.36067057267,230.39814484501923,511.5551635619891,1.356109712646857,40,1.0424294054095309,1.7650640480412385,0.4904109589041096,0.4,0.1567123287671233,271403,2318,9292,4163,OPTIMAL,54491.034436943126,18070.702971832063,36420.33146511099,0.0,0.0,29160,61114,OPTIMAL,38159.7128221716,18070.702971832063,20089.009850341594,0.0,0.0,245294,516862,198373.73361531412,0.0,0.003699916,1.097087458,0.182389292,0.137927584,0.254765,0.047944583
sienna/5bus_40_24_convex_hull_conical_bounded_0.01_economic,570629,40,24,convex_hull,conical_bounded,economic,0.01,64631.885938866915,117861.36067057267,230.39814484501923,511.5551635619891,1.356109712646857,40,0.9093732979835647,1.0000000000000004,0.0,0.6191780821917808,0.13424657534246576,224974,1850,9292,4163,OPTIMAL,48598.52937596563,18049.302374802162,30549.22700116356,0.0,0.0,29160,61114,OPTIMAL,38200.26598296029,18049.302374802162,20150.96360816144,0.0,0.0,245294,516862,198950.72398665044,0.0,0.003708042,0.803017292,0.264781833,0.120551834,0.267226709,0.047944583
sienna/5bus_40_24_convex_hull_with_null_dirac_0.01_economic,570629,40,24,convex_hull_with_null,dirac,economic,0.01,144410.75852200945,118985.93294491878,208.58770648412056,570.4359808662884,1.360204055275727,40,1.0,1.0,0.0,0.0,0.025,0,0,9222,4598,OPTIMAL,23594.663835594343,14745.86323931106,8848.800596283401,0.0,0.0,29160,61114,OPTIMAL,57511.707657418236,14745.86323931106,42765.8444181076,0.0,0.0,245294,516862,170134.8505502492,0.0,0.00367125,1.147722167,8.75e-7,0.112458042,0.239320666,0.047944583
sienna/5bus_40_24_convex_hull_with_null_convex_0.01_economic,570629,40,24,convex_hull_with_null,convex,economic,0.01,78339.28252252616,118985.93294491878,208.58770648412056,570.4359808662884,1.360204055275727,40,1.0,1.0000000000000002,0.0,0.0,0.13397260273972603,189045,1635,9222,4598,OPTIMAL,24884.937807707225,15515.501417229601,9369.436390477764,0.0,0.0,29160,61114,OPTIMAL,54822.608663299674,15515.501417229601,39307.10724607065,0.0,0.0,245294,516862,175902.13096891262,0.0,0.003721958,0.844324417,0.211436916,0.129215083,0.331189958,0.047944583
sienna/5bus_40_24_convex_hull_with_null_conical_0.01_economic,570629,40,24,convex_hull_with_null,conical,economic,0.01,65044.72661020622,118985.93294491878,208.58770648412056,570.4359808662884,1.360204055275727,40,0.9121896984702708,1.6303511607166736,0.33424657534246577,0.5561643835616439,0.14815068493150685,240720,2173,9222,4598,OPTIMAL,23747.725884352014,15003.029967849401,8744.695916502562,0.0,0.0,29160,61114,OPTIMAL,54687.60493802502,15003.029967849401,39684.57497017337,0.0,0.0,245294,516862,172496.5018944291,0.0,0.003620334,1.151035458,0.161088791,0.146604583,0.345290709,0.047944583
sienna/5bus_40_24_convex_hull_with_null_conical_bounded_0.01_economic,570629,40,24,convex_hull_with_null,conical_bounded,economic,0.01,68967.51944054525,118985.93294491878,208.58770648412056,570.4359808662884,1.360204055275727,40,0.8292476824478522,1.0000000000000004,0.0,0.7095890410958904,0.12890410958904108,205515,1808,9222,4598,OPTIMAL,22336.390449876406,14515.128276189003,7821.262173687393,0.0,0.0,29160,61114,OPTIMAL,57124.973697958005,14515.128276189003,42609.84542176966,0.0,0.0,245294,516862,168058.143930343,0.0,0.004021959,0.843557792,0.241110125,0.12870825,0.293585209,0.047944583
sienna/5bus_40_24_conical_hull_dirac_0.01_economic,570629,40,24,conical_hull,dirac,economic,0.01,172488.13780825064,48997.197865717775,191.80787407867362,255.44935577368764,2.070024930131311,40,1.0,1.0,0.0,0.0,0.025,0,0,7396,6059,OPTIMAL,39313.765118987576,18738.17138318128,20575.593735806353,0.0,0.0,29160,61114,OPTIMAL,34087.93234601757,18738.17138318128,15349.76096283756,0.0,0.0,245294,516862,189342.64409598903,0.0,0.003750584,0.260829834,5.709e-6,0.334158666,0.176848125,0.047944583
sienna/5bus_40_24_conical_hull_convex_0.01_economic,570629,40,24,conical_hull,convex,economic,0.01,135581.41045672024,48997.197865717775,191.80787407867362,255.44935577368764,2.070024930131311,40,1.0,1.0000000000000002,0.0,0.0,0.14095890410958903,129341,1585,7396,6059,OPTIMAL,39463.07733243313,18750.39963887539,20712.677693557733,0.0,0.0,29160,61114,OPTIMAL,34074.93172834085,18750.39963887539,15324.532089466667,0.0,0.0,245294,516862,189246.0553534482,0.0,0.003670042,0.417646917,0.181383625,0.135716042,0.284294291,0.047944583
sienna/5bus_40_24_conical_hull_conical_0.01_economic,570629,40,24,conical_hull,conical,economic,0.01,66305.31008532828,48997.197865717775,191.80787407867362,255.44935577368764,2.070024930131311,40,1.5784085857264303,3.072590539307657,0.8383561643835616,0.052054794520547946,0.2036986301369863,213993,1730,7396,6059,OPTIMAL,49594.04128429806,21227.0793036216,28366.961980676577,0.0,0.0,29160,61114,OPTIMAL,34839.60435295941,21227.0793036216,13612.525049337912,0.0,0.0,245294,516862,215819.360803123,0.0,0.003726125,0.297999709,0.371921416,0.123581042,0.285691042,0.047944583
sienna/5bus_40_24_conical_hull_conical_bounded_0.01_economic,570629,40,24,conical_hull,conical_bounded,economic,0.01,135667.25715063684,48997.197865717775,191.80787407867362,255.44935577368764,2.070024930131311,40,0.995758335848045,1.0000000000000002,0.0,0.336986301369863,0.14095890410958903,131771,2037,7396,6059,OPTIMAL,39388.45920204458,18721.14397835565,20667.315223688904,0.0,0.0,29160,61114,OPTIMAL,34063.75046502165,18721.14397835565,15342.606486666924,0.0,0.0,245294,516862,189272.91699861406,0.0,0.003711834,0.243025333,0.194178625,0.137035625,0.255962833,0.047944583
sienna/5bus_40_24_k_means_dirac_0.01,570629,40,24,k_means,dirac,unscaled,0.01,25.31131625816219,40.46424873208204,0.0677483151554503,597.2731371877774,1.118463564910135,40,1.0,1.0,0.0,0.0,0.025,0,0,0,0,OPTIMAL,27403.40969865669,17748.15030666294,9655.25939199387,0.0,0.0,29160,61114,OPTIMAL,40276.45427245902,17748.15030666294,22528.303965791907,0.0,0.0,245294,516862,200078.4154155436,0.0,0.003777125,0.01629175,6.25e-7,0.154759833,0.250277542,0.047944583
sienna/5bus_40_24_k_means_convex_0.01,570629,40,24,k_means,convex,unscaled,0.01,21.996737858144247,40.46424873208204,0.0677483151554503,597.2731371877774,1.118463564910135,40,1.0,1.0000000000000002,0.0,0.0,0.10205479452054794,116002,1110,0,0,OPTIMAL,29928.65907540069,17529.323184950485,12399.33589045003,0.0,0.0,29160,61114,OPTIMAL,39447.282877581325,17529.323184950485,21917.95969263107,0.0,0.0,245294,516862,194859.47552644764,0.0,0.003689083,0.01613625,0.209993875,0.130976375,0.486596375,0.047944583
sienna/5bus_40_24_k_means_conical_0.01,570629,40,24,k_means,conical,unscaled,0.01,21.31933526943879,40.46424873208204,0.0677483151554503,597.2731371877774,1.118463564910135,40,1.0265891540167666,1.316689802571177,0.6904109589041096,0.3013698630136986,0.10643835616438356,127153,972,0,0,OPTIMAL,29838.698382787257,17694.760408536684,12143.937974250523,0.0,0.0,29160,61114,OPTIMAL,39418.9039839229,17694.760408536684,21724.143575388385,0.0,0.0,245294,516862,196689.09506819802,0.0,0.003641416,0.016238333,0.301108833,0.118331708,0.278987875,0.047944583
sienna/5bus_40_24_k_means_conical_bounded_0.01,570629,40,24,k_means,conical_bounded,unscaled,0.01,21.946136756217975,40.46424873208204,0.0677483151554503,597.2731371877774,1.118463564910135,40,0.9889053459803169,1.0000000000000002,0.0,0.5041095890410959,0.10191780821917808,116716,1110,0,0,OPTIMAL,29867.50727708017,17439.862718115426,12427.644558964708,0.0,0.0,29160,61114,OPTIMAL,39435.103964516755,17439.862718115426,21995.241246401998,0.0,0.0,245294,516862,194389.67708111857,0.0,0.003540375,0.016296167,0.179319292,0.136208208,0.273873458,0.047944583
sienna/5bus_40_24_k_medoids_dirac_0.01,570629,40,24,k_medoids,dirac,unscaled,0.01,30.796211877437603,39.826369800088095,0.17141691120310412,232.33629354632131,1.1498209009170248,40,1.0,1.0,0.0,0.0,0.025,0,0,0,0,OPTIMAL,32191.083914274797,17636.670023874834,14554.413890399948,0.0,0.0,29160,61114,OPTIMAL,38068.07267278924,17636.670023874834,20431.40264891776,0.0,0.0,245294,516862,194501.1590385741,0.0,0.003729333,0.015379208,1.75e-6,0.156240292,0.237258791,0.047944583
sienna/5bus_40_24_k_medoids_convex_0.01,570629,40,24,k_medoids,convex,unscaled,0.01,22.762614454259403,39.826369800088095,0.17141691120310412,232.33629354632131,1.1498209009170248,40,1.0,1.0000000000000002,0.0,0.0,0.1402054794520548,102955,645,0,0,OPTIMAL,38333.67747616201,17484.82977187931,20848.8477042826,0.0,0.0,29160,61114,OPTIMAL,36339.442745779896,17484.82977187931,18854.612973904597,0.0,0.0,245294,516862,190089.05173287564,0.0,0.003676625,0.014957292,0.18878125,0.333300125,0.284101792,0.047944583
sienna/5bus_40_24_k_medoids_conical_0.01,570629,40,24,k_medoids,conical,unscaled,0.01,21.589782735990774,39.826369800088095,0.17141691120310412,232.33629354632131,1.1498209009170248,40,1.0350251488704907,1.3623996318392595,0.6301369863013698,0.2602739726027397,0.14767123287671233,108725,642,0,0,OPTIMAL,36101.364581462716,17736.73037661264,18364.6342048501,0.0,0.0,29160,61114,OPTIMAL,36243.734098019566,17736.73037661264,18507.003721407396,0.0,0.0,245294,516862,193357.4689874548,0.0,0.003920959,0.015077792,0.07809525,0.203072833,0.24590225,0.047944583
sienna/5bus_40_24_k_medoids_conical_bounded_0.01,570629,40,24,k_medoids,conical_bounded,unscaled,0.01,22.671707912102963,39.826369800088095,0.17141691120310412,232.33629354632131,1.1498209009170248,40,0.9862101724835678,1.0000000000000002,0.0,0.4684931506849315,0.13835616438356163,102940,643,0,0,OPTIMAL,38387.01919594824,17449.040015747898,20937.97918020037,0.0,0.0,29160,61114,OPTIMAL,36339.77120329087,17449.040015747898,18890.731187542617,0.0,0.0,245294,516862,190224.6255001899,0.0,0.003708,0.01541675,0.160541916,0.14746675,0.267503833,0.047944583
sienna/5bus_40_24_hierarchical_dirac_0.01,570629,40,24,hierarchical,dirac,unscaled,0.01,31.049118667042062,41.03821669138768,0.14650884670119887,280.1074311579566,1.1347042356552453,40,1.0,1.0,0.0,0.0,0.025,0,0,0,0,OPTIMAL,27200.45481482578,18191.400018359494,9009.054796466407,0.0,0.0,29160,61114,OPTIMAL,34376.05784843821,18191.400018359494,16184.657830078633,0.0,0.0,245294,516862,196586.7271544311,0.0,0.003994917,0.015757792,1.0375e-5,0.151931583,0.223888125,0.047944583
sienna/5bus_40_24_hierarchical_convex_0.01,570629,40,24,hierarchical,convex,unscaled,0.01,22.226310603587443,41.03821669138768,0.14650884670119887,280.1074311579566,1.1347042356552453,40,1.0,1.0000000000000002,0.0,0.0,0.13472602739726028,113407,646,0,0,OPTIMAL,27887.393203221898,17666.044485452163,10221.348717769866,0.0,0.0,29160,61114,OPTIMAL,34440.46744568141,17666.044485452163,16774.422960234006,0.0,0.0,245294,516862,191415.17080453364,0.0,0.003764791,0.015434667,0.198117625,0.134887209,0.501487167,0.047944583
sienna/5bus_40_24_hierarchical_conical_0.01,570629,40,24,hierarchical,conical,unscaled,0.01,21.310528848640132,41.03821669138768,0.14650884670119887,280.1074311579566,1.1347042356552453,40,1.0290128306934017,1.2604151913664945,0.5972602739726027,0.29315068493150687,0.14253424657534247,119217,756,0,0,OPTIMAL,27973.999237617973,17788.757838817055,10185.241398800947,0.0,0.0,29160,61114,OPTIMAL,34428.89274203571,17788.757838817055,16640.134903218506,0.0,0.0,245294,516862,190745.19834073394,0.0,0.003778375,0.015496834,0.083174708,0.158039959,0.282375917,0.047944583
sienna/5bus_40_24_hierarchical_conical_bounded_0.01,570629,40,24,hierarchical,conical_bounded,unscaled,0.01,22.122476782195797,41.03821669138768,0.14650884670119887,280.1074311579566,1.1347042356552453,40,0.9850111535759307,1.0000000000000004,0.0,0.5506849315068493,0.13267123287671234,111779,756,0,0,OPTIMAL,27680.349862443614,17650.0242616174,10030.325600826298,0.0,0.0,29160,61114,OPTIMAL,34441.03399663267,17650.0242616174,16791.009735015374,0.0,0.0,245294,516862,191535.20259736865,0.0,0.003605833,0.015211167,0.167023333,0.143127583,0.268280042,0.047944583
sienna/5bus_40_24_chronological_dirac_0.01,570629,40,24,chronological,dirac,unscaled,0.01,41.76587786698405,41.64858118319492,0.14703121378186854,283.26353372137436,1.1036647227936063,40,1.0,1.0,0.0,0.0,0.025,0,0,0,0,OPTIMAL,37179.05437986922,18306.928958298016,18872.12542157143,0.0,0.0,29160,61114,OPTIMAL,34925.23512333696,18306.928958298016,16618.306165043425,0.0,0.0,245294,516862,201334.10485450533,0.0,0.003572792,0.014929458,6.67e-7,0.151327042,0.192364459,0.047944583
sienna/5bus_40_24_chronological_convex_0.01,570629,40,24,chronological,convex,unscaled,0.01,25.377928114422367,41.64858118319492,0.14703121378186854,283.26353372137436,1.1036647227936063,40,1.0,1.0000000000000002,0.0,0.0,0.12986301369863013,128740,817,0,0,OPTIMAL,43386.95166413425,18439.287347781174,24947.664316353144,0.0,0.0,29160,61114,OPTIMAL,34861.59731907054,18439.287347781174,16422.309971291477,0.0,0.0,245294,516862,199793.9613287579,0.0,0.003652041,0.015086416,0.212650875,0.118748083,0.246008125,0.047944583
sienna/5bus_40_24_chronological_conical_0.01,570629,40,24,chronological,conical,unscaled,0.01,24.13449205356128,41.64858118319492,0.14703121378186854,283.26353372137436,1.1036647227936063,40,1.0242543902386412,1.3264119377882615,0.5753424657534246,0.3150684931506849,0.1360958904109589,133915,789,0,0,OPTIMAL,43551.991536729154,18652.446027574668,24899.54550915451,0.0,0.0,29160,61114,OPTIMAL,34941.29497532474,18652.446027574668,16288.848947748882,0.0,0.0,245294,516862,202737.85608672546,0.0,0.003706625,0.015513042,0.306863209,0.119354333,0.238976833,0.047944583
sienna/5bus_40_24_chronological_conical_bounded_0.01,570629,40,24,chronological,conical_bounded,unscaled,0.01,25.086251233438517,41.64858118319492,0.14703121378186854,283.26353372137436,1.1036647227936063,40,0.9789375922053468,1.0000000000000002,0.0,0.5068493150684932,0.1293835616438356,129424,817,0,0,OPTIMAL,43953.41335194362,18363.116759199977,25590.296592743634,0.0,0.0,29160,61114,OPTIMAL,34821.60661981424,18363.116759199977,16458.489860613765,0.0,0.0,245294,516862,200092.0846473825,0.0,0.003765458,0.016174417,0.192666791,0.159842542,0.268063417,0.047944583
sienna/5bus_40_24_convex_hull_dirac_0.01,570629,40,24,convex_hull,dirac,unscaled,0.01,36.9716659754479,41.25544332772382,0.19579151471251152,210.71108923336553,1.1805265099724989,40,1.0,1.0,0.0,0.0,0.025,0,0,8435,5020,OPTIMAL,32350.010843453263,18462.56236237401,13887.44848107935,0.0,0.0,29160,61114,OPTIMAL,33944.716030788826,18462.56236237401,15482.153668414785,0.0,0.0,245294,516862,187522.27955307037,0.0,0.003738,0.751051959,9.17e-7,0.112482458,0.208314667,0.047944583
sienna/5bus_40_24_convex_hull_convex_0.01,570629,40,24,convex_hull,convex,unscaled,0.01,20.56313859597073,41.25544332772382,0.19579151471251152,210.71108923336553,1.1805265099724989,40,1.0,1.0000000000000002,0.0,0.0,0.1684931506849315,95397,508,8435,5020,OPTIMAL,32389.471854092128,18425.51032947619,13963.961524615908,0.0,0.0,29160,61114,OPTIMAL,34011.00647212531,18425.51032947619,15585.496142650956,0.0,0.0,245294,516862,185418.36392650267,0.0,0.00372025,0.686199625,0.110802,0.163357334,0.275368,0.047944583
sienna/5bus_40_24_convex_hull_conical_0.01,570629,40,24,convex_hull,conical,unscaled,0.01,19.62115176034747,41.25544332772382,0.19579151471251152,210.71108923336553,1.1805265099724989,40,1.044845165104375,1.2404706023477627,0.6712328767123288,0.2191780821917808,0.17376712328767124,101080,578,8435,5020,OPTIMAL,31633.756838357414,18352.34549638217,13281.411341975378,0.0,0.0,29160,61114,OPTIMAL,34071.43900248899,18352.34549638217,15719.093506108378,0.0,0.0,245294,516862,184690.96316890014,0.0,0.003765209,0.805505167,0.088512875,0.176995125,0.288692541,0.047944583
sienna/5bus_40_24_convex_hull_conical_bounded_0.01,570629,40,24,convex_hull,conical_bounded,unscaled,0.01,20.56264333923918,41.25544332772382,0.19579151471251152,210.71108923336553,1.1805265099724989,40,0.990240753777963,1.0000000000000002,0.0,0.5232876712328767,0.16739726027397261,95893,521,8435,5020,OPTIMAL,32306.369968729618,18421.991639220552,13884.378329509183,0.0,0.0,29160,61114,OPTIMAL,34008.67007868294,18421.991639220552,15586.678439465768,0.0,0.0,245294,516862,185509.37559309785,0.0,0.003587208,0.52283675,0.122055417,0.169519,0.277567709,0.047944583
sienna/5bus_40_24_convex_hull_with_null_dirac_0.01,570629,40,24,convex_hull_with_null,dirac,unscaled,0.01,36.75237370565366,41.801681587571196,0.2121449772725854,197.0429944889063,1.1803461354774345,40,1.0,1.0,0.0,0.0,0.025,0,0,8340,5480,OPTIMAL,38943.56795836248,18899.081958215513,20044.48600014689,0.0,0.0,29160,61114,OPTIMAL,34035.40581770174,18899.081958215513,15136.32385948458,0.0,0.0,245294,516862,190321.82067240952,0.0,0.0037335,0.800840583,1.084e-6,0.112780042,0.197327334,0.047944583
sienna/5bus_40_24_convex_hull_with_null_convex_0.01,570629,40,24,convex_hull_with_null,convex,unscaled,0.01,20.701567410429384,41.801681587571196,0.2121449772725854,197.0429944889063,1.1803461354774345,40,1.0,1.0000000000000002,0.0,0.0,0.17082191780821918,95136,654,8340,5480,OPTIMAL,40164.83253666101,18771.12490454006,21393.707632121,0.0,0.0,29160,61114,OPTIMAL,34082.256170144545,18771.12490454006,15311.131265603062,0.0,0.0,245294,516862,187911.88742658548,0.0,0.00370675,0.567127,0.110860125,0.15720875,0.298787666,0.047944583
sienna/5bus_40_24_convex_hull_with_null_conical_0.01,570629,40,24,convex_hull_with_null,conical,unscaled,0.01,19.731469229085288,41.801681587571196,0.2121449772725854,197.0429944889063,1.1803461354774345,40,1.0199149657663187,1.2164894507215496,0.5506849315068493,0.33972602739726027,0.17616438356164382,102422,674,8340,5480,OPTIMAL,38703.75592662442,18765.138927817177,19938.61699880708,0.0,0.0,29160,61114,OPTIMAL,34056.43323924837,18765.138927817177,15291.29431142796,0.0,0.0,245294,516862,188013.50019473562,0.0,0.003732791,0.796755542,0.098109209,0.161401125,0.302047333,0.047944583
sienna/5bus_40_24_convex_hull_with_null_conical_bounded_0.01,570629,40,24,convex_hull_with_null,conical_bounded,unscaled,0.01,20.48036433136781,41.801681587571196,0.2121449772725854,197.0429944889063,1.1803461354774345,40,0.9781080730343198,1.0000000000000002,0.0,0.5808219178082191,0.168013698630137,97777,654,8340,5480,OPTIMAL,40256.32767073449,18706.27318540958,21550.054485324985,0.0,0.0,29160,61114,OPTIMAL,34021.043832033996,18706.27318540958,15314.770646622595,0.0,0.0,245294,516862,186846.14053684764,0.0,0.003948583,0.5658895,0.118977791,0.168844,0.278410959,0.047944583
sienna/5bus_40_24_conical_hull_dirac_0.01,570629,40,24,conical_hull,dirac,unscaled,0.01,40.29494575005926,34.969322067008,0.16538977742234892,211.43581309568071,1.2515823087064482,40,1.0,1.0,0.0,0.0,0.025,0,0,8310,5145,OPTIMAL,33573.89098864953,17406.774403938998,16167.116584710566,0.0,0.0,29160,61114,OPTIMAL,34201.7936074332,17406.774403938998,16795.01920349419,0.0,0.0,245294,516862,176631.90890759023,0.0,0.003704875,0.485636916,9.16e-7,0.113541208,0.175029792,0.047944583
sienna/5bus_40_24_conical_hull_convex_0.01,570629,40,24,conical_hull,convex,unscaled,0.01,25.19934742364975,34.969322067008,0.16538977742234892,211.43581309568071,1.2515823087064482,40,1.0,1.0000000000000002,0.0,0.0,0.15698630136986302,76261,515,8310,5145,OPTIMAL,35916.35199976094,17729.694925710184,18186.657074050752,0.0,0.0,29160,61114,OPTIMAL,34169.67081850834,17729.694925710184,16439.975892802067,0.0,0.0,245294,516862,180033.1481670002,0.0,0.003960125,0.324285375,0.108007833,0.157094625,0.276483458,0.047944583
sienna/5bus_40_24_conical_hull_conical_0.01,570629,40,24,conical_hull,conical,unscaled,0.01,20.967135895312694,34.969322067008,0.16538977742234892,211.43581309568071,1.2515823087064482,40,1.1089262745916173,1.4707018470935396,0.8082191780821918,0.0821917808219178,0.17636986301369864,87910,553,8310,5145,OPTIMAL,34748.86392086096,17879.186943424887,16869.676977436102,0.0,0.0,29160,61114,OPTIMAL,34195.09540246058,17879.186943424887,16315.908459034245,0.0,0.0,245294,516862,180347.86251108022,0.0,0.003711166,0.566912125,0.064745833,0.159394958,0.311460334,0.047944583
sienna/5bus_40_24_conical_hull_conical_bounded_0.01,570629,40,24,conical_hull,conical_bounded,unscaled,0.01,25.260768079868086,34.969322067008,0.16538977742234892,211.43581309568071,1.2515823087064482,40,0.9951764663488942,1.0000000000000002,0.0,0.3863013698630137,0.15602739726027398,77054,515,8310,5145,OPTIMAL,35841.80066667547,17719.14428466952,18122.656382006,0.0,0.0,29160,61114,OPTIMAL,34169.40484679514,17719.14428466952,16450.26056212547,0.0,0.0,245294,516862,180138.02108059256,0.0,0.003719667,0.277940792,0.10639325,0.174044584,0.275342291,0.047944583
sienna/5bus_80_24_k_means_dirac_0.01_economic,570629,80,24,k_means,dirac,economic,0.01,71767.41089193277,156134.31007266048,0.05164404094557455,3.0232783340328415e6,1.263264858699249,80,1.0,1.0,0.0,0.0,0.0125,0,0,0,0,OPTIMAL,24693.538598223946,17532.761817177055,7160.776781047448,0.0,0.0,56120,117834,OPTIMAL,46578.80905967033,17532.761817177055,29046.047242493383,0.0,0.0,245294,516862,202949.57413443452,0.0,0.003778125,0.019889375,7.92e-7,0.253772166,0.4845365,0.047944583
sienna/5bus_80_24_k_means_convex_0.01_economic,570629,80,24,k_means,convex,economic,0.01,57145.70028187818,156134.31007266048,0.05164404094557455,3.0232783340328415e6,1.263264858699249,80,1.0,1.0000000000000002,0.0,0.0,0.055136986301369866,492881,4770,0,0,OPTIMAL,25091.309606782692,17264.959274319328,7826.3503324633675,0.0,0.0,56120,117834,OPTIMAL,47045.63465092292,17264.959274319328,29780.675376604013,0.0,0.0,245294,516862,199724.21367146782,0.0,0.003692834,0.019543709,1.583868667,0.199875875,0.721761917,0.047944583
sienna/5bus_80_24_k_means_conical_0.01_economic,570629,80,24,k_means,conical,economic,0.01,52043.69138483068,156134.31007266048,0.05164404094557455,3.0232783340328415e6,1.263264858699249,80,1.0764558442968672,1.6174423753605662,0.6547945205479452,0.2876712328767123,0.06441780821917809,607722,4595,0,0,OPTIMAL,26137.58047284091,17876.19462114459,8261.385851696465,0.0,0.0,56120,117834,OPTIMAL,43145.43774353212,17876.19462114459,25269.24312238565,0.0,0.0,245294,516862,203877.84836232933,0.0,0.00371425,0.019530625,1.050679916,0.209782875,0.6711385,0.047944583
sienna/5bus_80_24_k_means_conical_bounded_0.01_economic,570629,80,24,k_means,conical_bounded,economic,0.01,56901.85670954115,156134.31007266048,0.05164404094557455,3.0232783340328415e6,1.263264858699249,80,0.9634101793548621,1.0000000000000002,0.0,0.5342465753424658,0.055273972602739724,512390,4665,0,0,OPTIMAL,24478.147479576484,17124.894786519257,7353.252693057143,0.0,0.0,56120,117834,OPTIMAL,47216.79685924713,17124.894786519257,30091.902072731686,0.0,0.0,245294,516862,199065.36089506705,0.0,0.00401675,0.019392708,1.668248541,0.198987792,0.601768334,0.047944583
sienna/5bus_80_24_k_medoids_dirac_0.01_economic,570629,80,24,k_medoids,dirac,economic,0.01,92794.76006051167,136413.36827525074,0.11929428330531515,1.143502978479882e6,1.3371319391597913,80,1.0,1.0,0.0,0.0,0.0125,0,0,0,0,OPTIMAL,29615.42017253593,17848.670796306702,11766.749376229487,0.0,0.0,56120,117834,OPTIMAL,37199.686951866446,17848.670796306702,19351.016155563764,0.0,0.0,245294,516862,196797.1292275491,0.0,0.003674791,0.018752667,1.834e-6,0.31399675,0.460889375,0.047944583
sienna/5bus_80_24_k_medoids_convex_0.01_economic,570629,80,24,k_medoids,convex,economic,0.01,60810.989581598704,136413.36827525074,0.11929428330531515,1.143502978479882e6,1.3371319391597913,80,1.0,1.0000000000000002,0.0,0.0,0.06856164383561644,458818,6589,0,0,OPTIMAL,31250.173897365337,17607.795597850483,13642.37829951485,0.0,0.0,56120,117834,OPTIMAL,36997.81368061101,17607.795597850483,19390.01808276285,0.0,0.0,245294,516862,193284.662326302,0.0,0.003987042,0.019299,1.490203292,0.201469375,0.471273667,0.047944583
sienna/5bus_80_24_k_medoids_conical_0.01_economic,570629,80,24,k_medoids,conical,economic,0.01,52258.13244122456,136413.36827525074,0.11929428330531515,1.143502978479882e6,1.3371319391597913,80,1.124739701189397,1.8880481617772944,0.5424657534246575,0.23835616438356164,0.08116438356164384,549887,5732,0,0,OPTIMAL,33725.034709779065,18245.112892001966,15479.92181777701,0.0,0.0,56120,117834,OPTIMAL,37160.362447412874,18245.112892001966,18915.24955541008,0.0,0.0,245294,516862,196067.39076832094,0.0,0.003695208,0.018770459,1.271017292,0.196100458,0.495922291,0.047944583
sienna/5bus_80_24_k_medoids_conical_bounded_0.01_economic,570629,80,24,k_medoids,conical_bounded,economic,0.01,60680.52959926091,136413.36827525074,0.11929428330531515,1.143502978479882e6,1.3371319391597913,80,0.9736528116845957,1.0000000000000002,0.0,0.4849315068493151,0.06753424657534246,458935,5439,0,0,OPTIMAL,30953.12209986144,17451.71746996695,13501.404629894581,0.0,0.0,56120,117834,OPTIMAL,36975.12100306021,17451.71746996695,19523.403533090324,0.0,0.0,245294,516862,191629.0819683015,0.0,0.003726291,0.018471375,1.295916916,0.198495833,0.517112583,0.047944583
sienna/5bus_80_24_hierarchical_dirac_0.01_economic,570629,80,24,hierarchical,dirac,economic,0.01,85315.78234533497,158019.99088123682,0.08256812069603554,1.913813582641273e6,1.2922031647332552,80,1.0,1.0,0.0,0.0,0.0125,0,0,0,0,OPTIMAL,43343.0179229598,19076.308625491278,24266.70929746836,0.0,0.0,56120,117834,OPTIMAL,36310.07675206299,19076.308625491278,17233.768126573214,0.0,0.0,245294,516862,211986.07235321443,0.0,0.0037225,0.019297958,7.5e-7,0.2598545,0.395435583,0.047944583
sienna/5bus_80_24_hierarchical_convex_0.01_economic,570629,80,24,hierarchical,convex,economic,0.01,54226.113746609546,158019.99088123682,0.08256812069603554,1.913813582641273e6,1.2922031647332552,80,1.0,1.0000000000000004,0.0,0.0,0.0626027397260274,454810,3778,0,0,OPTIMAL,41635.55535894782,18748.5827403159,22886.972618631768,0.0,0.0,56120,117834,OPTIMAL,35879.6053835341,18748.5827403159,17131.022643218148,0.0,0.0,245294,516862,204422.71695385323,0.0,0.003673084,0.029691875,1.536279292,0.198780709,0.498429,0.047944583
sienna/5bus_80_24_hierarchical_conical_0.01_economic,570629,80,24,hierarchical,conical,economic,0.01,48124.246017180565,158019.99088123682,0.08256812069603554,1.913813582641273e6,1.2922031647332552,80,1.0828267854721176,1.7002370765741008,0.5232876712328767,0.25753424657534246,0.07349315068493151,584080,3992,0,0,OPTIMAL,40090.87829218405,19429.09529423049,20661.782997953636,0.0,0.0,56120,117834,OPTIMAL,36428.78597374703,19429.09529423049,16999.690679516083,0.0,0.0,245294,516862,213073.53637667265,0.0,0.003676833,0.019094709,1.317718833,0.198207584,0.500972666,0.047944583
sienna/5bus_80_24_hierarchical_conical_bounded_0.01_economic,570629,80,24,hierarchical,conical_bounded,economic,0.01,53608.36516788231,158019.99088123682,0.08256812069603554,1.913813582641273e6,1.2922031647332552,80,0.9589876487977035,1.0000000000000002,0.0,0.4904109589041096,0.061952054794520546,482079,3778,0,0,OPTIMAL,41461.20156614321,18432.115782748308,23029.08578339485,0.0,0.0,56120,117834,OPTIMAL,35625.45169059823,18432.115782748308,17193.335907850986,0.0,0.0,245294,516862,201567.5996463842,0.0,0.003642583,0.018760542,1.350426875,0.233557583,0.448369708,0.047944583
sienna/5bus_80_24_chronological_dirac_0.01_economic,570629,80,24,chronological,dirac,economic,0.01,195678.49887856,110333.26647342902,0.11111641950065981,992951.9594786246,1.339964573395439,80,1.0,1.0,0.0,0.0,0.0125,0,0,0,0,OPTIMAL,31451.04026488089,18729.65011841877,12721.390146462072,0.0,0.0,56120,117834,OPTIMAL,33751.42647680896,18729.65011841877,15021.776358390167,0.0,0.0,245294,516862,196617.32073796447,0.0,0.003570625,0.018770625,1.375e-6,0.251696834,0.358067042,0.047944583
sienna/5bus_80_24_chronological_convex_0.01_economic,570629,80,24,chronological,convex,economic,0.01,81935.01272154252,110333.26647342902,0.11111641950065981,992951.9594786246,1.339964573395439,80,1.0,1.0000000000000002,0.0,0.0,0.0642123287671233,384381,4395,0,0,OPTIMAL,29408.58848120456,18609.479959757016,10799.108521447492,0.0,0.0,56120,117834,OPTIMAL,33767.553749412466,18609.479959757016,15158.0737896534,0.0,0.0,245294,516862,194824.78712407767,0.0,0.003769458,0.018660959,1.383565875,0.199322334,0.451449792,0.047944583
sienna/5bus_80_24_chronological_conical_0.01_economic,570629,80,24,chronological,conical,economic,0.01,73570.94992252937,110333.26647342902,0.11111641950065981,992951.9594786246,1.339964573395439,80,1.1643147822847066,1.9637207941776968,0.6,0.18082191780821918,0.07311643835616438,443970,4323,0,0,OPTIMAL,32332.937011328446,19689.652059031534,12643.284952296946,0.0,0.0,56120,117834,OPTIMAL,33937.634594987554,19689.652059031534,14247.982535957275,0.0,0.0,245294,516862,205540.27016150442,0.0,0.0036625,0.018586875,0.824445084,0.201191334,0.483022334,0.047944583
sienna/5bus_80_24_chronological_conical_bounded_0.01_economic,570629,80,24,chronological,conical_bounded,economic,0.01,81629.18344471866,110333.26647342902,0.11111641950065981,992951.9594786246,1.339964573395439,80,0.9718944349324605,1.0000000000000002,0.0,0.39452054794520547,0.06342465753424657,385363,4628,0,0,OPTIMAL,28956.94893380723,18348.68258978884,10608.266344018408,0.0,0.0,56120,117834,OPTIMAL,33778.019931410774,18348.68258978884,15429.337341619594,0.0,0.0,245294,516862,193630.1855381258,0.0,0.003686417,0.018447792,1.441525,0.201204583,0.416820041,0.047944583
sienna/5bus_80_24_convex_hull_dirac_0.01_economic,570629,80,24,convex_hull,dirac,economic,0.01,102551.2361465327,172780.07853302968,0.09788783725853578,1.7650821937836136e6,1.2914579382576663,80,1.0,1.0,0.0,0.0,0.0125,0,0,20253,5422,OPTIMAL,59284.50911663004,18832.008456257197,40452.50066037357,0.0,0.0,56120,117834,OPTIMAL,33794.29576895007,18832.008456257197,14962.28731269654,0.0,0.0,245294,516862,196039.7219491934,0.0,0.003696208,3.163744167,1.833e-6,0.259300542,0.412959,0.047944583
sienna/5bus_80_24_convex_hull_convex_0.01_economic,570629,80,24,convex_hull,convex,economic,0.01,51658.29470457055,172780.07853302968,0.09788783725853578,1.7650821937836136e6,1.2914579382576663,80,1.0,1.0000000000000002,0.0,0.0,0.07366438356164384,359278,2942,20253,5422,OPTIMAL,50096.30861438523,18859.317398725536,31236.99121565994,0.0,0.0,56120,117834,OPTIMAL,33800.345824316,18859.317398725536,14941.028425593853,0.0,0.0,245294,516862,196137.43767557747,0.0,0.003647833,3.446069125,0.93251325,0.200509084,0.462030708,0.047944583
sienna/5bus_80_24_convex_hull_conical_0.01_economic,570629,80,24,convex_hull,conical,economic,0.01,45047.791137385095,172780.07853302968,0.09788783725853578,1.7650821937836136e6,1.2914579382576663,80,1.0287702558144556,1.7293596730500325,0.4273972602739726,0.35342465753424657,0.08126712328767123,444601,4636,20253,5422,OPTIMAL,50839.79609011113,18944.490587079523,31895.305503031697,0.0,0.0,56120,117834,OPTIMAL,33906.43104834456,18944.490587079523,14961.940461266264,0.0,0.0,245294,516862,194793.5592665621,0.0,0.0037765,3.597561542,0.7182685,0.199282917,0.530833542,0.047944583
sienna/5bus_80_24_convex_hull_conical_bounded_0.01_economic,570629,80,24,convex_hull,conical_bounded,economic,0.01,49141.76683949798,172780.07853302968,0.09788783725853578,1.7650821937836136e6,1.2914579382576663,80,0.9248690359924922,1.0000000000000002,0.0,0.589041095890411,0.0714041095890411,380561,3072,20253,5422,OPTIMAL,46194.90356220431,18612.1942707128,27582.70929149175,0.0,0.0,56120,117834,OPTIMAL,33802.752168042476,18612.1942707128,15190.557897327426,0.0,0.0,245294,516862,194156.14225224897,0.0,0.003666958,3.428844042,1.004994292,0.201241208,0.491352875,0.047944583
sienna/5bus_80_24_convex_hull_with_null_dirac_0.01_economic,570629,80,24,convex_hull_with_null,dirac,economic,0.01,102453.31657343608,173489.23998448494,0.12345451216009254,1.4052887735647012e6,1.2922679719671235,80,1.0,1.0,0.0,0.0,0.0125,0,0,20303,5737,OPTIMAL,57812.62766415073,18839.917946703703,38972.70971744739,0.0,0.0,56120,117834,OPTIMAL,33782.903373326306,18839.917946703703,14942.98542662662,0.0,0.0,245294,516862,197628.9579514048,0.0,0.003670583,3.225678667,1.667e-6,0.26757775,0.377469917,0.047944583
sienna/5bus_80_24_convex_hull_with_null_convex_0.01_economic,570629,80,24,convex_hull_with_null,convex,economic,0.01,52808.46158058652,173489.23998448494,0.12345451216009254,1.4052887735647012e6,1.2922679719671235,80,1.0,1.0000000000000002,0.0,0.0,0.07184931506849315,362703,3111,20303,5737,OPTIMAL,49865.337005420784,18851.786673565344,31013.55033185559,0.0,0.0,56120,117834,OPTIMAL,33798.44254161592,18851.786673565344,14946.655868052407,0.0,0.0,245294,516862,196000.7195489011,0.0,0.003670375,3.697249209,0.94428975,0.201971167,0.47688525,0.047944583
sienna/5bus_80_24_convex_hull_with_null_conical_0.01_economic,570629,80,24,convex_hull_with_null,conical,economic,0.01,45005.355757057856,173489.23998448494,0.12345451216009254,1.4052887735647012e6,1.2922679719671235,80,0.9816757217237836,1.7259363686370073,0.3287671232876712,0.4520547945205479,0.07965753424657535,449302,4513,20303,5737,OPTIMAL,46362.0145478343,18684.416750344037,27677.597797490598,0.0,0.0,56120,117834,OPTIMAL,33815.12897755619,18684.416750344037,15130.712227212121,0.0,0.0,245294,516862,193598.8163887546,0.0,0.003669,3.303165458,0.7252725,0.202775584,0.469602291,0.047944583
sienna/5bus_80_24_convex_hull_with_null_conical_bounded_0.01_economic,570629,80,24,convex_hull_with_null,conical_bounded,economic,0.01,48395.835168180005,173489.23998448494,0.12345451216009254,1.4052887735647012e6,1.2922679719671235,80,0.9048979757727508,1.0000000000000002,0.0,0.6328767123287671,0.07003424657534246,386852,2933,20303,5737,OPTIMAL,43402.40522240273,18241.74549426374,25160.659728138882,0.0,0.0,56120,117834,OPTIMAL,33797.59862588728,18241.74549426374,15555.853131626522,0.0,0.0,245294,516862,191177.13837180735,0.0,0.003740333,3.419953792,1.022785791,0.195233667,0.513244542,0.047944583
sienna/5bus_80_24_conical_hull_dirac_0.01_economic,570629,80,24,conical_hull,dirac,economic,0.01,151492.41759702374,73738.27620079042,0.13319671901813435,553604.2985469572,1.8814138697881455,80,1.0,1.0,0.0,0.0,0.0125,0,0,17880,7795,OPTIMAL,34266.22951718143,18508.268503025563,15757.961014155513,0.0,0.0,56120,117834,OPTIMAL,34004.39083913448,18508.268503025563,15496.12233610559,0.0,0.0,245294,516862,186358.06219552102,0.0,0.003680041,1.128531083,1.667e-6,0.253292208,0.384726541,0.047944583
sienna/5bus_80_24_conical_hull_convex_0.01_economic,570629,80,24,conical_hull,convex,economic,0.01,120203.79380373325,73738.27620079042,0.13319671901813435,553604.2985469572,1.8814138697881455,80,1.0,1.0000000000000004,0.0,0.0,0.07352739726027398,218971,3525,17880,7795,OPTIMAL,34851.90950906449,18652.558689807636,16199.35081925688,0.0,0.0,56120,117834,OPTIMAL,34019.454347072504,18652.558689807636,15366.895657262461,0.0,0.0,245294,516862,186618.57576107688,0.0,0.004009792,0.852596791,0.581212458,0.199993917,0.480333833,0.047944583
sienna/5bus_80_24_conical_hull_conical_0.01_economic,570629,80,24,conical_hull,conical,economic,0.01,52859.23462331166,73738.27620079042,0.13319671901813435,553604.2985469572,1.8814138697881455,80,1.4154024927893571,2.703310869854445,0.7452054794520548,0.03561643835616438,0.10191780821917808,330772,3097,17880,7795,OPTIMAL,44244.15486623876,20998.74975524712,23245.40511099165,0.0,0.0,56120,117834,OPTIMAL,34632.774854501055,20998.74975524712,13634.025099255496,0.0,0.0,245294,516862,211877.34029816792,0.0,0.003870792,1.113605875,0.538392041,0.213793125,0.436881,0.047944583
sienna/5bus_80_24_conical_hull_conical_bounded_0.01_economic,570629,80,24,conical_hull,conical_bounded,economic,0.01,120335.0414603978,73738.27620079042,0.13319671901813435,553604.2985469572,1.8814138697881455,80,0.9954782263002191,1.0000000000000002,0.0,0.3726027397260274,0.07352739726027398,219053,3428,17880,7795,OPTIMAL,34769.709042723734,18626.78410603324,16142.924936690502,0.0,0.0,56120,117834,OPTIMAL,34016.93603808936,18626.78410603324,15390.151932056086,0.0,0.0,245294,516862,186150.64710990342,0.0,0.0035825,0.803208458,0.594879041,0.201023417,0.487635792,0.047944583
sienna/5bus_80_24_k_means_dirac_0.01,570629,80,24,k_means,dirac,unscaled,0.01,22.061359302104673,57.16888159369889,0.010105191816423895,5657.377181181531,1.1302205861922017,80,1.0,1.0,0.0,0.0,0.0125,0,0,0,0,OPTIMAL,29247.732944913092,18077.101129223454,11170.631815689783,0.0,0.0,56120,117834,OPTIMAL,38477.51149858422,18077.101129223454,20400.41036936311,0.0,0.0,245294,516862,203510.54099992104,0.0,0.003725417,0.01606675,1.333e-6,0.255359917,0.48528025,0.047944583
sienna/5bus_80_24_k_means_convex_0.01,570629,80,24,k_means,convex,unscaled,0.01,18.46715634930529,57.16888159369889,0.010105191816423895,5657.377181181531,1.1302205861922017,80,1.0,1.0000000000000002,0.0,0.0,0.06243150684931507,186986,1314,0,0,OPTIMAL,34381.462589667,18000.73686925642,16380.725720410635,0.0,0.0,56120,117834,OPTIMAL,38102.7020401346,18000.73686925642,20101.965170878164,0.0,0.0,245294,516862,199276.6286519216,0.0,0.003626,0.016642583,0.821244375,0.197974541,0.557989417,0.047944583
sienna/5bus_80_24_k_means_conical_0.01,570629,80,24,k_means,conical,unscaled,0.01,17.8486249209924,57.16888159369889,0.010105191816423895,5657.377181181531,1.1302205861922017,80,1.0313575502733985,1.2561434954952866,0.7232876712328767,0.2410958904109589,0.06592465753424658,201753,1584,0,0,OPTIMAL,32893.528939656724,18122.149976459565,14771.378963197094,0.0,0.0,56120,117834,OPTIMAL,38186.98591015107,18122.149976459565,20064.835933691626,0.0,0.0,245294,516862,201203.59392097616,0.0,0.009305792,0.027548167,0.410226708,0.190724,0.581003084,0.047944583
sienna/5bus_80_24_k_means_conical_bounded_0.01,570629,80,24,k_means,conical_bounded,unscaled,0.01,18.47336951545378,57.16888159369889,0.010105191816423895,5657.377181181531,1.1302205861922017,80,0.9913804909091342,1.0000000000000002,0.0,0.5452054794520548,0.06095890410958904,186886,1444,0,0,OPTIMAL,34332.08793995575,17950.559837316123,16381.528102639679,0.0,0.0,56120,117834,OPTIMAL,38101.51951084933,17950.559837316123,20150.959673530764,0.0,0.0,245294,516862,198912.1421771082,0.0,0.00366975,0.015849,0.814119583,0.198194875,0.567433334,0.047944583
sienna/5bus_80_24_k_medoids_dirac_0.01,570629,80,24,k_medoids,dirac,unscaled,0.01,27.058401615765376,57.07001570308146,0.020091983616203273,2840.4371013450896,1.1521476221606841,80,1.0,1.0,0.0,0.0,0.0125,0,0,0,0,OPTIMAL,30415.89599582719,18992.71801764679,11423.177978180422,0.0,0.0,56120,117834,OPTIMAL,33840.68301141628,18992.71801764679,14847.964993771804,0.0,0.0,245294,516862,196799.69986805966,0.0,0.003970458,0.015511625,1.708e-6,0.254267834,0.3432495,0.047944583
sienna/5bus_80_24_k_medoids_convex_0.01,570629,80,24,k_medoids,convex,unscaled,0.01,18.82856191737352,57.07001570308146,0.020091983616203273,2840.4371013450896,1.1521476221606841,80,1.0,1.0000000000000002,0.0,0.0,0.07606164383561644,158060,1207,0,0,OPTIMAL,34971.54540267263,18787.69000270359,16183.855399968912,0.0,0.0,56120,117834,OPTIMAL,33853.35693008976,18787.69000270359,15065.66692738448,0.0,0.0,245294,516862,192425.6591735744,0.0,0.003624541,0.015348375,0.746228166,0.212724708,0.417363959,0.047944583
sienna/5bus_80_24_k_medoids_conical_0.01,570629,80,24,k_medoids,conical,unscaled,0.01,18.024293338351434,57.07001570308146,0.020091983616203273,2840.4371013450896,1.1521476221606841,80,1.0266627253329446,1.3322096089808402,0.5232876712328767,0.25753424657534246,0.07962328767123288,169294,1114,0,0,OPTIMAL,33277.15616333825,18895.172637301155,14381.983526037442,0.0,0.0,56120,117834,OPTIMAL,33864.969756149025,18895.172637301155,14969.797118849789,0.0,0.0,245294,516862,192521.4052339107,0.0,0.003531,0.015380291,0.345093,0.216918625,0.457563542,0.047944583
sienna/5bus_80_24_k_medoids_conical_bounded_0.01,570629,80,24,k_medoids,conical_bounded,unscaled,0.01,18.786802215691008,57.07001570308146,0.020091983616203273,2840.4371013450896,1.1521476221606841,80,0.9877288343710251,1.0000000000000002,0.0,0.5068493150684932,0.07486301369863013,159208,1033,0,0,OPTIMAL,34848.17623892404,18730.962246211675,16117.213992712403,0.0,0.0,56120,117834,OPTIMAL,33852.6803683686,18730.962246211675,15121.718122156899,0.0,0.0,245294,516862,192008.32793857894,0.0,0.003711417,0.015287,1.402699167,0.206538667,0.444502208,0.047944583
sienna/5bus_80_24_hierarchical_dirac_0.01,570629,80,24,hierarchical,dirac,unscaled,0.01,26.468210857556894,58.019599833483504,0.02270969090573573,2554.8388163587747,1.141827843232445,80,1.0,1.0,0.0,0.0,0.0125,0,0,0,0,OPTIMAL,30393.689690024064,19034.5515146923,11359.138175332237,0.0,0.0,56120,117834,OPTIMAL,33849.32404295695,19034.5515146923,14814.772528268919,0.0,0.0,245294,516862,197334.3768681323,0.0,0.003712458,0.015781291,1.666e-6,0.252990208,0.343854667,0.047944583
sienna/5bus_80_24_hierarchical_convex_0.01,570629,80,24,hierarchical,convex,unscaled,0.01,18.067720911576796,58.019599833483504,0.02270969090573573,2554.8388163587747,1.141827843232445,80,1.0,1.0000000000000002,0.0,0.0,0.07363013698630137,160901,1212,0,0,OPTIMAL,34690.94321146074,18738.423257584236,15952.519953876616,0.0,0.0,56120,117834,OPTIMAL,33843.36404459815,18738.423257584236,15104.94078701567,0.0,0.0,245294,516862,192222.67530338338,0.0,0.003680417,0.015547709,0.732184917,0.202903375,0.439955042,0.047944583
sienna/5bus_80_24_hierarchical_conical_0.01,570629,80,24,hierarchical,conical,unscaled,0.01,17.321374513765544,58.019599833483504,0.02270969090573573,2554.8388163587747,1.141827843232445,80,1.0198456068591262,1.2817503007510611,0.5342465753424658,0.2465753424657534,0.07794520547945205,168943,1227,0,0,OPTIMAL,33654.40921745265,18781.952699340312,14872.456518112358,0.0,0.0,56120,117834,OPTIMAL,33842.8305194004,18781.952699340312,15060.877820056206,0.0,0.0,245294,516862,192910.70963782992,0.0,0.003714958,0.015648708,0.342395958,0.193999209,0.475303959,0.047944583
sienna/5bus_80_24_hierarchical_conical_bounded_0.01,570629,80,24,hierarchical,conical_bounded,unscaled,0.01,17.97339018794887,58.019599833483504,0.02270969090573573,2554.8388163587747,1.141827843232445,80,0.9863582037324502,1.0000000000000002,0.0,0.5150684931506849,0.07297945205479452,158950,1276,0,0,OPTIMAL,34575.85470518054,18705.04759557818,15870.807109602392,0.0,0.0,56120,117834,OPTIMAL,33842.7595203602,18705.04759557818,15137.711924782105,0.0,0.0,245294,516862,192262.0796415931,0.0,0.003753125,0.015688375,0.759832959,0.211329834,0.402015666,0.047944583
sienna/5bus_80_24_chronological_dirac_0.01,570629,80,24,chronological,dirac,unscaled,0.01,38.086327783075085,58.55402357717848,0.025428401021932143,2302.701751741106,1.1144034009085833,80,1.0,1.0,0.0,0.0,0.0125,0,0,0,0,OPTIMAL,34640.70250369634,18621.08618424383,16019.616319453435,0.0,0.0,56120,117834,OPTIMAL,33750.78530084526,18621.08618424383,15129.69911660129,0.0,0.0,245294,516862,195459.16187075418,0.0,0.003664,0.015722167,1.458e-6,0.304148667,0.3351475,0.047944583
sienna/5bus_80_24_chronological_convex_0.01,570629,80,24,chronological,convex,unscaled,0.01,21.32682165364962,58.55402357717848,0.025428401021932143,2302.701751741106,1.1144034009085833,80,1.0,1.0000000000000002,0.0,0.0,0.06904109589041096,181206,1093,0,0,OPTIMAL,37516.99221111605,18277.801880298914,19239.190330817088,0.0,0.0,56120,117834,OPTIMAL,33770.19402968717,18277.801880298914,15492.392149391993,0.0,0.0,245294,516862,189506.1657257005,0.0,0.003735625,0.015427833,0.831380917,0.206987958,0.51658675,0.047944583
sienna/5bus_80_24_chronological_conical_0.01,570629,80,24,chronological,conical,unscaled,0.01,20.31397496764784,58.55402357717848,0.025428401021932143,2302.701751741106,1.1144034009085833,80,1.018577846065518,1.324337619552574,0.4849315068493151,0.2958904109589041,0.07136986301369863,185194,1225,0,0,OPTIMAL,36432.526875036514,18360.280489508776,18072.24638552762,0.0,0.0,56120,117834,OPTIMAL,33762.890395894836,18360.280489508776,15402.609906383967,0.0,0.0,245294,516862,190622.19753464675,0.0,0.003675458,0.015057333,0.3933425,0.197696875,0.537349834,0.047944583
sienna/5bus_80_24_chronological_conical_bounded_0.01,570629,80,24,chronological,conical_bounded,unscaled,0.01,21.173171064619908,58.55402357717848,0.025428401021932143,2302.701751741106,1.1144034009085833,80,0.9836046650082185,1.0000000000000002,0.0,0.5178082191780822,0.06804794520547945,181275,1222,0,0,OPTIMAL,37652.44729991219,18270.648496453206,19381.79880345919,0.0,0.0,56120,117834,OPTIMAL,33766.46681074159,18270.648496453206,15495.818314288363,0.0,0.0,245294,516862,190490.50178738282,0.0,0.003696833,0.015217416,0.860869583,0.202911833,0.667602666,0.047944583
sienna/5bus_80_24_convex_hull_dirac_0.01,570629,80,24,convex_hull,dirac,unscaled,0.01,31.263428282899685,59.50011024468132,0.01628355826789432,3653.9992835592607,1.1653852782034975,80,1.0,1.0,0.0,0.0,0.0125,0,0,19089,6586,OPTIMAL,42357.524856147,18215.877769058086,24141.64708708875,0.0,0.0,56120,117834,OPTIMAL,33892.54712031906,18215.877769058086,15676.66935125836,0.0,0.0,245294,516862,187156.2748917206,0.0,0.003729083,2.132957792,1.875e-6,0.261950625,0.37807025,0.047944583
sienna/5bus_80_24_convex_hull_convex_0.01,570629,80,24,convex_hull,convex,unscaled,0.01,16.344438051648524,59.50011024468132,0.01628355826789432,3653.9992835592607,1.1653852782034975,80,1.0,1.0000000000000002,0.0,0.0,0.08715753424657534,148165,1056,19089,6586,OPTIMAL,40611.07572683014,18397.634310690722,22213.44141613965,0.0,0.0,56120,117834,OPTIMAL,33923.861157984546,18397.634310690722,15526.226847293829,0.0,0.0,245294,516862,186700.04018874984,0.0,0.003681125,1.7884055,0.408721041,0.208166875,0.460011125,0.047944583
sienna/5bus_80_24_convex_hull_conical_0.01,570629,80,24,convex_hull,conical,unscaled,0.01,15.664574004641823,59.50011024468132,0.01628355826789432,3653.9992835592607,1.1653852782034975,80,1.031823912678686,1.2522343753035101,0.5835616438356165,0.19726027397260273,0.09191780821917808,156282,950,19089,6586,OPTIMAL,38152.39126480279,18352.827848145695,19799.56341665715,0.0,0.0,56120,117834,OPTIMAL,33955.121120876334,18352.827848145695,15602.293272730667,0.0,0.0,245294,516862,186052.3677452782,0.0,0.003581875,2.037156333,0.258678042,0.207234083,0.476994084,0.047944583
sienna/5bus_80_24_convex_hull_conical_bounded_0.01,570629,80,24,convex_hull,conical_bounded,unscaled,0.01,16.37788597337722,59.50011024468132,0.01628355826789432,3653.9992835592607,1.1653852782034975,80,0.9907612139514296,1.0000000000000002,0.0,0.5287671232876713,0.08654109589041097,148843,926,19089,6586,OPTIMAL,40586.9779059024,18379.37498026396,22207.602925638497,0.0,0.0,56120,117834,OPTIMAL,33923.38397137421,18379.37498026396,15544.008991112025,0.0,0.0,245294,516862,186462.82210092866,0.0,0.003750958,2.110193917,0.412155917,0.200251708,0.494223625,0.047944583
sienna/5bus_80_24_convex_hull_with_null_dirac_0.01,570629,80,24,convex_hull_with_null,dirac,unscaled,0.01,30.37647132239041,59.177600626524814,0.022529269640868398,2626.6985823266928,1.166611187071987,80,1.0,1.0,0.0,0.0,0.0125,0,0,18905,7135,OPTIMAL,38963.016529301145,18134.75999440382,20828.256534897384,0.0,0.0,56120,117834,OPTIMAL,33896.31451624378,18134.75999440382,15761.554521844491,0.0,0.0,245294,516862,184992.5520513462,0.0,0.0037215,2.387665875,1.958e-6,0.219354333,0.338759875,0.047944583
sienna/5bus_80_24_convex_hull_with_null_convex_0.01,570629,80,24,convex_hull_with_null,convex,unscaled,0.01,16.080281682064253,59.177600626524814,0.022529269640868398,2626.6985823266928,1.166611187071987,80,1.0,1.0000000000000002,0.0,0.0,0.0859931506849315,145315,878,18905,7135,OPTIMAL,39907.65036381575,18372.016521281133,21535.633842534728,0.0,0.0,56120,117834,OPTIMAL,33933.507853775525,18372.016521281133,15561.49133249817,0.0,0.0,245294,516862,185801.4016304806,0.0,0.003732917,2.054243792,0.393620958,0.202201667,0.480854416,0.047944583
sienna/5bus_80_24_convex_hull_with_null_conical_0.01,570629,80,24,convex_hull_with_null,conical,unscaled,0.01,15.443275724408632,59.177600626524814,0.022529269640868398,2626.6985823266928,1.166611187071987,80,1.0270200117775143,1.2058005626495754,0.5506849315068493,0.23013698630136986,0.09154109589041096,156567,1134,18905,7135,OPTIMAL,37515.92764087071,18327.147917933264,19188.779722937597,0.0,0.0,56120,117834,OPTIMAL,33952.12902532583,18327.147917933264,15624.981107396428,0.0,0.0,245294,516862,184970.1314889666,0.0,0.004019333,2.371558417,0.260550875,0.203909625,0.481587708,0.047944583
sienna/5bus_80_24_convex_hull_with_null_conical_bounded_0.01,570629,80,24,convex_hull_with_null,conical_bounded,unscaled,0.01,16.0992861576451,59.177600626524814,0.022529269640868398,2626.6985823266928,1.166611187071987,80,0.9892545119258476,1.0000000000000002,0.0,0.5643835616438356,0.0851027397260274,148020,855,18905,7135,OPTIMAL,39853.17054230181,18334.226317783454,21518.944224518254,0.0,0.0,56120,117834,OPTIMAL,33934.07837695538,18334.226317783454,15599.852059171952,0.0,0.0,245294,516862,185843.83890048455,0.0,0.003604458,2.022835375,0.41302225,0.20442125,0.505453833,0.047944583
sienna/5bus_80_24_conical_hull_dirac_0.01,570629,80,24,conical_hull,dirac,unscaled,0.01,33.229107767138004,50.63221941939174,0.01526450549803573,3316.990480032727,1.228441707140947,80,1.0,1.0,0.0,0.0,0.0125,0,0,18627,7048,OPTIMAL,31256.381842677376,18046.041974392232,13210.339868285679,0.0,0.0,56120,117834,OPTIMAL,33939.693759348105,18046.041974392232,15893.651784955882,0.0,0.0,245294,516862,183844.58254602118,0.0,0.003705042,1.273698667,1.875e-6,0.257836792,0.320402167,0.047944583
sienna/5bus_80_24_conical_hull_convex_0.01,570629,80,24,conical_hull,convex,unscaled,0.01,19.034203104914344,50.63221941939174,0.01526450549803573,3316.990480032727,1.228441707140947,80,1.0,1.0000000000000002,0.0,0.0,0.08215753424657535,119182,1018,18627,7048,OPTIMAL,34488.348720600574,18311.19467079871,16177.1540498018,0.0,0.0,56120,117834,OPTIMAL,34009.411089244946,18311.19467079871,15698.216418448335,0.0,0.0,245294,516862,185006.60101198638,0.0,0.003718875,1.267745167,0.325851208,0.199548416,0.453357792,0.047944583
sienna/5bus_80_24_conical_hull_conical_0.01,570629,80,24,conical_hull,conical,unscaled,0.01,16.6960894801511,50.63221941939174,0.01526450549803573,3316.990480032727,1.228441707140947,80,1.0780433515956196,1.370360739903139,0.7041095890410959,0.07671232876712329,0.09585616438356165,142742,1072,18627,7048,OPTIMAL,33101.89622171047,18226.678824589973,14875.217397120554,0.0,0.0,56120,117834,OPTIMAL,34039.045539876985,18226.678824589973,15812.366715283524,0.0,0.0,245294,516862,183866.57266360972,0.0,0.003632959,1.256922542,0.274459084,0.204803416,0.441226,0.047944583
sienna/5bus_80_24_conical_hull_conical_bounded_0.01,570629,80,24,conical_hull,conical_bounded,unscaled,0.01,19.118600862277596,50.63221941939174,0.01526450549803573,3316.990480032727,1.228441707140947,80,0.9953003345388878,1.0000000000000002,0.0,0.4520547945205479,0.08205479452054794,120462,968,18627,7048,OPTIMAL,34432.874885345016,18257.960240238812,16174.914645106186,0.0,0.0,56120,117834,OPTIMAL,34006.19518468639,18257.960240238812,15748.234944447368,0.0,0.0,245294,516862,185033.20610617797,0.0,0.003684208,1.265591416,0.341061291,0.197826083,0.486936,0.047944583
sienna/5bus_1_8760_k_means_dirac_0.01_economic,932178,1,8760,k_means,dirac,economic,0.01,0.0,1.0,1.0,1.0,1.0,1,1.0,1.0,0.0,0.0,1.0,0,0,0,0,OPTIMAL,33746.70401607637,18577.455697202462,15169.248318875589,0.0,0.0,245294,516862,N/A,,,,,,0,0,0.0,0.0,0.003497833,0.019538375,1.0e-6,0.72011475,2.380461166,0.048124625
sienna/5bus_10_24_k_means_dirac_0.01_economic,932178,10,24,k_means,dirac,economic,0.01,116402.61694205551,56493.06742726127,367.82887459330146,153.58518955240842,1.1221393556778367,10,1.0,1.0,0.0,0.0,0.1,0,0,0,0,OPTIMAL,22236.179601665845,17745.00399932967,4491.175602336068,0.0,0.0,8940,18574,OPTIMAL,350580.5448006053,17745.00399932967,324072.6577067742,0.0,8762.88309449085,245294,516862,218530.99246835744,876.288309449085,0.003556208,0.017568,9.17e-7,0.0625735,0.060457666,0.048124625
sienna/5bus_10_24_k_means_convex_0.01_economic,932178,10,24,k_means,convex,economic,0.01,101253.51146935116,56493.06742726127,367.82887459330146,153.58518955240842,1.1221393556778367,10,1.0,1.0000000000000002,0.0,0.0,0.2534246575342466,85599,784,0,0,OPTIMAL,22521.9199479902,17626.750785166318,4895.169162823849,0.0,0.0,8940,18574,OPTIMAL,332042.80846858927,17626.750785166318,314416.05768341443,0.0,0.0,245294,516862,217318.26527160095,0.0,0.003620167,0.017482459,0.096650583,0.064040875,0.055484041,0.048124625
sienna/5bus_10_24_k_means_conical_0.01_economic,932178,10,24,k_means,conical,economic,0.01,95549.85814690634,56493.06742726127,367.82887459330146,153.58518955240842,1.1221393556778367,10,1.0412725141435686,1.7066298870851289,0.6027397260273972,0.3972602739726027,0.2556164383561644,118663,995,0,0,OPTIMAL,22047.822056322846,17567.49800165402,4480.324054668826,0.0,0.0,8940,18574,OPTIMAL,379098.92159440304,17567.49800165402,332802.1411224284,0.0,28729.282470319242,245294,516862,220516.2943749135,2872.928247031924,0.00348975,0.0178645,0.089433125,0.064159833,0.067851125,0.048124625
sienna/5bus_10_24_k_means_conical_bounded_0.01_economic,932178,10,24,k_means,conical_bounded,economic,0.01,100245.71265526165,56493.06742726127,367.82887459330146,153.58518955240842,1.1221393556778367,10,0.9287970856784115,1.0,0.0,0.4465753424657534,0.24,103084,784,0,0,OPTIMAL,21607.53287115527,17139.567334535757,4467.965536619484,0.0,0.0,8940,18574,OPTIMAL,336821.6525255339,17139.567334535757,319406.75502017204,0.0,275.33017081633164,245294,516862,214270.3141157414,27.53301708163316,0.003589958,0.017720959,0.036392083,0.066004583,0.062916417,0.048124625
sienna/5bus_10_24_k_medoids_dirac_0.01_economic,932178,10,24,k_medoids,dirac,economic,0.01,136108.91350394458,43815.208367510924,1341.278980184727,32.66673750562802,1.2911399720119647,10,1.0,1.0,0.0,0.0,0.1,0,0,0,0,OPTIMAL,26427.234794043397,18389.483882638106,8037.750911405319,0.0,0.0,8940,18574,OPTIMAL,43643.678612466916,18389.483882638106,25254.19472982967,0.0,0.0,245294,516862,212286.36892439087,0.0,0.003601334,0.223991667,7.92e-7,0.078735208,0.052468583,0.048124625
sienna/5bus_10_24_k_medoids_convex_0.01_economic,932178,10,24,k_medoids,convex,economic,0.01,106112.71637358482,43815.208367510924,1341.278980184727,32.66673750562802,1.2911399720119647,10,1.0,1.0000000000000002,0.0,0.0,0.33616438356164385,90411,687,0,0,OPTIMAL,27603.22192092994,18234.686585368676,9368.53533556127,0.0,0.0,8940,18574,OPTIMAL,43011.62308740246,18234.686585368676,24776.936502032855,0.0,0.0,245294,516862,210132.1823175453,0.0,0.003576875,0.017729666,0.030595625,0.0809915,0.059992916,0.048124625
sienna/5bus_10_24_k_medoids_conical_0.01_economic,932178,10,24,k_medoids,conical,economic,0.01,100233.80224195812,43815.208367510924,1341.278980184727,32.66673750562802,1.2911399720119647,10,1.1094040451374725,1.8384275321410917,0.6821917808219178,0.29041095890410956,0.35698630136986303,112467,835,0,0,OPTIMAL,28509.239069039744,18671.467330900672,9837.771738139094,0.0,0.0,8940,18574,OPTIMAL,43320.504976787786,18671.467330900672,24649.037645886376,0.0,0.0,245294,516862,213926.00926311294,0.0,0.003492292,0.246714084,0.021800542,0.081102833,0.07199625,0.048124625
sienna/5bus_10_24_k_medoids_conical_bounded_0.01_economic,932178,10,24,k_medoids,conical_bounded,economic,0.01,105187.49490196306,43815.208367510924,1341.278980184727,32.66673750562802,1.2911399720119647,10,0.9460638712427006,1.0000000000000002,0.0,0.3780821917808219,0.3304109589041096,98038,802,0,0,OPTIMAL,27171.4300096249,17978.898634245415,9192.531375379449,0.0,0.0,8940,18574,OPTIMAL,42650.2856692809,17978.898634245415,24671.387035038857,0.0,0.0,245294,516862,206285.646591017,0.0,0.003612291,0.017723959,0.037324334,0.081381708,0.068529166,0.048124625
sienna/5bus_10_24_hierarchical_dirac_0.01_economic,932178,10,24,hierarchical,dirac,economic,0.01,137230.32363714508,57319.540357789374,1516.4346238862136,37.798886582327455,1.1960997422261825,10,1.0,1.0,0.0,0.0,0.1,0,0,0,0,OPTIMAL,25798.29459256151,18800.912616991853,6997.381975569618,0.0,0.0,8940,18574,OPTIMAL,61076.77987114383,18800.912616991853,42275.86725415177,0.0,0.0,245294,516862,218090.36839238447,0.0,0.00344725,0.017850125,1.625e-6,0.078846709,0.059057791,0.048124625
sienna/5bus_10_24_hierarchical_convex_0.01_economic,932178,10,24,hierarchical,convex,economic,0.01,105149.03357961544,57319.540357789374,1516.4346238862136,37.798886582327455,1.1960997422261825,10,1.0,1.0000000000000002,0.0,0.0,0.32054794520547947,101689,737,0,0,OPTIMAL,25505.603864967114,18675.30980785937,6830.294057107754,0.0,0.0,8940,18574,OPTIMAL,61270.503518072546,18675.30980785937,42595.19371021706,0.0,0.0,245294,516862,217555.04973938674,0.0,0.003631708,0.018230584,0.265482917,0.065150875,0.053581,0.048124625
sienna/5bus_10_24_hierarchical_conical_0.01_economic,932178,10,24,hierarchical,conical,economic,0.01,99952.16590911608,57319.540357789374,1516.4346238862136,37.798886582327455,1.1960997422261825,10,1.053282145657044,1.5071951359204454,0.6465753424657534,0.32602739726027397,0.32246575342465755,122592,934,0,0,OPTIMAL,25472.11634847148,18299.233397748594,7172.8829507228775,0.0,0.0,8940,18574,OPTIMAL,60630.965396519874,18299.233397748594,42331.731998773335,0.0,0.0,245294,516862,217307.61998216007,0.0,0.003489541,0.017634083,0.026023209,0.081534917,0.056166542,0.048124625
sienna/5bus_10_24_hierarchical_conical_bounded_0.01_economic,932178,10,24,hierarchical,conical_bounded,economic,0.01,103286.46748358755,57319.540357789374,1516.4346238862136,37.798886582327455,1.1960997422261825,10,0.9294693937469803,1.0,0.0,0.3698630136986301,0.3178082191780822,114220,902,0,0,OPTIMAL,24912.151991155246,17623.780379470238,7288.371611684967,0.0,0.0,8940,18574,OPTIMAL,58965.29278688601,17623.780379470238,41341.51240741534,0.0,0.0,245294,516862,213288.4259898177,0.0,0.003590666,0.018369,0.042767625,0.081465125,0.051959334,0.048124625
sienna/5bus_10_24_chronological_dirac_0.01_economic,932178,10,24,chronological,dirac,economic,0.01,231088.2918494902,27559.443189826496,982.9330400301776,28.037966033759915,1.321579248245148,10,1.0,1.0,0.0,0.0,0.1,0,0,0,0,OPTIMAL,25756.255563784573,16631.444232323003,9124.811331461657,0.0,0.0,8940,18574,OPTIMAL,54317.90348945429,16631.444232323003,37686.45925713723,0.0,0.0,245294,516862,197385.42586194805,0.0,0.003509375,0.01762225,1.708e-6,0.077584625,0.033150375,0.048124625
sienna/5bus_10_24_chronological_convex_0.01_economic,932178,10,24,chronological,convex,economic,0.01,169513.80638029758,27559.443189826496,982.9330400301776,28.037966033759915,1.321579248245148,10,1.0,1.0000000000000002,0.0,0.0,0.28465753424657536,61886,521,0,0,OPTIMAL,27685.85655280956,16083.512379937903,11602.344172871626,0.0,0.0,8940,18574,OPTIMAL,51512.1297755631,16083.512379937903,35428.61739562787,0.0,0.0,245294,516862,180730.47600247306,0.0,0.003461375,0.017731166,0.256110625,0.06582725,0.043557292,0.048124625
sienna/5bus_10_24_chronological_conical_0.01_economic,932178,10,24,chronological,conical,economic,0.01,126364.9780655519,27559.443189826496,982.9330400301776,28.037966033759915,1.321579248245148,10,1.2900741001353409,2.530321024172794,0.7232876712328767,0.2493150684931507,0.32575342465753426,85082,586,0,0,OPTIMAL,31175.18196552285,18382.81551402419,12792.36645149867,0.0,0.0,8940,18574,OPTIMAL,54430.46893948935,18382.81551402419,36047.653425465476,0.0,0.0,245294,516862,206877.8280716888,0.0,0.003595833,0.017346708,0.018380583,0.081239375,0.063266666,0.048124625
sienna/5bus_10_24_chronological_conical_bounded_0.01_economic,932178,10,24,chronological,conical_bounded,economic,0.01,169012.78739951234,27559.443189826496,982.9330400301776,28.037966033759915,1.321579248245148,10,0.9532274550910215,1.0,0.0,0.2876712328767123,0.28465753424657536,66792,556,0,0,OPTIMAL,26900.08052566521,16022.880184513033,10877.20034115219,0.0,0.0,8940,18574,OPTIMAL,51489.70665013822,16022.880184513033,35466.82646562753,0.0,0.0,245294,516862,180482.4159469364,0.0,0.003508042,0.017632292,0.02348175,0.081036292,0.04753075,0.048124625
sienna/5bus_10_24_convex_hull_dirac_0.01_economic,932178,10,24,convex_hull,dirac,economic,0.01,162240.91702594532,60866.66467238132,2397.7156164778844,25.385272654557415,1.3868480441792759,10,1.0,1.0,0.0,0.0,0.1,0,0,1173,2067,OPTIMAL,75081.09203832087,18433.76745205176,56647.32458626919,0.0,0.0,8940,18574,OPTIMAL,38445.82964247298,18433.76745205176,20012.062190422228,0.0,0.0,245294,516862,205164.7512224142,0.0,0.003380167,0.289224125,1.042e-6,0.062059083,0.052624375,0.048124625
sienna/5bus_10_24_convex_hull_convex_0.01_economic,932178,10,24,convex_hull,convex,economic,0.01,96011.85289629435,60866.66467238132,2397.7156164778844,25.385272654557415,1.3868480441792759,10,1.0,1.0000000000000002,0.0,0.0,0.41835616438356166,58276,350,1173,2067,OPTIMAL,64137.64533807877,18438.54625781348,45699.09908026527,0.0,0.0,8940,18574,OPTIMAL,38519.478975554426,18438.54625781348,20080.932717741536,0.0,0.0,245294,516862,204426.48856153272,0.0,0.003632458,0.055608,0.020636792,0.066803208,0.05610825,0.048124625
sienna/5bus_10_24_convex_hull_conical_0.01_economic,932178,10,24,convex_hull,conical,economic,0.01,86132.91526268562,60866.66467238132,2397.7156164778844,25.385272654557415,1.3868480441792759,10,0.9420802486182771,1.6903727573851501,0.4273972602739726,0.5452054794520548,0.4312328767123288,75867,552,1173,2067,OPTIMAL,55955.16809162721,17997.51828099469,37957.649810632596,0.0,0.0,8940,18574,OPTIMAL,38519.834656421466,17997.51828099469,20522.31637542668,0.0,0.0,245294,516862,202572.85162857064,0.0,0.003548833,0.05536025,0.016241625,0.066597583,0.056182125,0.048124625
sienna/5bus_10_24_convex_hull_conical_bounded_0.01_economic,932178,10,24,convex_hull,conical_bounded,economic,0.01,89663.13417127218,60866.66467238132,2397.7156164778844,25.385272654557415,1.3868480441792759,10,0.8656310275927048,1.0,0.0,0.6246575342465753,0.40328767123287673,72413,420,1173,2067,OPTIMAL,52771.63384735581,18061.666774313726,34709.96707304209,0.0,0.0,8940,18574,OPTIMAL,38410.88699721983,18061.666774313726,20349.220222903885,0.0,0.0,245294,516862,200251.8639502299,0.0,0.003617542,0.055182542,0.026723208,0.06654625,0.048762417,0.048124625
sienna/5bus_10_24_convex_hull_with_null_dirac_0.01_economic,932178,10,24,convex_hull_with_null,dirac,economic,0.01,240075.96943837943,63078.27696252012,3208.42257759307,19.660214774401968,1.399727185623997,10,1.0,1.0,0.0,0.0,0.1,0,0,964,2641,OPTIMAL,22994.359486121415,16399.08916351567,6595.270322605642,0.0,0.0,8940,18574,OPTIMAL,53250.54007253752,16399.08916351567,36851.45090901974,0.0,0.0,245294,516862,188329.39489083033,0.0,0.003506042,0.147765417,9.58e-7,0.063247625,0.054839375,0.048124625
sienna/5bus_10_24_convex_hull_with_null_convex_0.01_economic,932178,10,24,convex_hull_with_null,convex,economic,0.01,168002.94187195945,63078.27696252012,3208.42257759307,19.660214774401968,1.399727185623997,10,1.0,1.0000000000000002,0.0,0.0,0.39013698630136984,59905,362,964,2641,OPTIMAL,23122.474890295336,17377.468661597566,5745.006228697826,0.0,0.0,8940,18574,OPTIMAL,50627.0025904145,17377.468661597566,33249.533928819146,0.0,0.0,245294,516862,199684.25017629465,0.0,0.003516584,0.147838083,0.021703959,0.066419375,0.277535042,0.048124625
sienna/5bus_10_24_convex_hull_with_null_conical_0.01_economic,932178,10,24,convex_hull_with_null,conical,economic,0.01,105129.0630373199,63078.27696252012,3208.42257759307,19.660214774401968,1.399727185623997,10,0.6605219938768003,1.4387194949848794,0.20821917808219179,0.7643835616438356,0.40465753424657536,70193,447,964,2641,OPTIMAL,20823.594014607774,14573.508758450378,6250.085256157398,0.0,0.0,8940,18574,OPTIMAL,60562.169452822636,14573.508758450378,45988.66069437749,0.0,0.0,245294,516862,170142.0664015603,0.0,0.003414125,0.080822333,0.229601792,0.064648208,0.047397625,0.048124625
sienna/5bus_10_24_convex_hull_with_null_conical_bounded_0.01_economic,932178,10,24,convex_hull_with_null,conical_bounded,economic,0.01,106683.3659177915,63078.27696252012,3208.42257759307,19.660214774401968,1.399727185623997,10,0.6266697401491379,1.0,0.0,0.8,0.3838356164383562,67680,436,964,2641,OPTIMAL,20592.61741316862,14162.596596720457,6430.020816448189,0.0,0.0,8940,18574,OPTIMAL,64142.41969458209,14162.596596720457,49979.82309786137,0.0,0.0,245294,516862,165822.4637508154,0.0,0.003459417,0.081469291,0.025569584,0.066282125,0.043421667,0.048124625
sienna/5bus_10_24_conical_hull_dirac_0.01_economic,932178,10,24,conical_hull,dirac,economic,0.01,218478.22500140945,22446.737845052754,1448.0393792465468,15.501469205024234,2.2984966971676144,10,1.0,1.0,0.0,0.0,0.1,0,0,448,2792,OPTIMAL,42319.21985447601,17444.07606360715,24875.14379086888,0.0,0.0,8940,18574,OPTIMAL,37996.82344546973,17444.07606360715,20552.747381860765,0.0,0.0,245294,516862,191273.24180177413,0.0,0.003540125,0.030520208,9.17e-7,0.063966042,0.05392725,0.048124625
sienna/5bus_10_24_conical_hull_convex_0.01_economic,932178,10,24,conical_hull,convex,economic,0.01,194630.2599109186,22446.737845052754,1448.0393792465468,15.501469205024234,2.2984966971676144,10,1.0,1.0000000000000002,0.0,0.0,0.4043835616438356,33825,236,448,2792,OPTIMAL,43113.48948568748,17558.710622790826,25554.77886289662,0.0,0.0,8940,18574,OPTIMAL,38004.0566794529,17558.710622790826,20445.34605666404,0.0,0.0,245294,516862,190897.46742118686,0.0,0.003386875,0.028715625,0.013096041,0.066915292,0.042753125,0.048124625
sienna/5bus_10_24_conical_hull_conical_0.01_economic,932178,10,24,conical_hull,conical,economic,0.01,115292.19780071471,22446.737845052754,1448.0393792465468,15.501469205024234,2.2984966971676144,10,1.8282831352935032,3.8539303413791846,0.9397260273972603,0.03287671232876712,0.5463013698630137,54370,333,448,2792,OPTIMAL,60158.89221668311,22545.818867472768,37613.07334921038,0.0,0.0,8940,18574,OPTIMAL,41550.56840210837,22545.818867472768,19004.749534635564,0.0,0.0,245294,516862,233989.72566728372,0.0,0.003488583,0.029525,0.012690375,0.068754167,0.054030709,0.048124625
sienna/5bus_10_24_conical_hull_conical_bounded_0.01_economic,932178,10,24,conical_hull,conical_bounded,economic,0.01,194634.90992439966,22446.737845052754,1448.0393792465468,15.501469205024234,2.2984966971676144,10,0.9924486884789187,1.0,0.0,0.20821917808219179,0.403013698630137,34578,259,448,2792,OPTIMAL,42972.492796044666,17552.430119505418,25420.062676539288,0.0,0.0,8940,18574,OPTIMAL,37999.84338849648,17552.430119505418,20447.413268989392,0.0,0.0,245294,516862,190897.46742118686,0.0,0.003554458,0.029633667,0.014111084,0.066434791,0.05036025,0.048124625
sienna/5bus_10_24_k_means_dirac_0.01,932178,10,24,k_means,dirac,unscaled,0.01,31.300884841127264,20.44321872659832,0.2043828671775799,100.0241312244438,1.0818281415418014,10,1.0,1.0,0.0,0.0,0.1,0,0,0,0,OPTIMAL,24473.498176836707,17271.082236023554,7202.415940813152,0.0,0.0,8940,18574,OPTIMAL,82988.2966212296,17271.082236023554,65717.21438520073,0.0,0.0,245294,516862,203754.28316581008,0.0,0.0035215,0.0152395,7.5e-7,0.063405333,0.041507708,0.048124625
sienna/5bus_10_24_k_means_convex_0.01,932178,10,24,k_means,convex,unscaled,0.01,28.48056864744937,20.44321872659832,0.2043828671775799,100.0241312244438,1.0818281415418014,10,1.0,1.0000000000000002,0.0,0.0,0.27013698630136984,37722,361,0,0,OPTIMAL,24908.42513149011,17504.853937397886,7403.571194092294,0.0,0.0,8940,18574,OPTIMAL,82914.39185240887,17504.853937397886,65409.53791500842,0.0,0.0,245294,516862,204267.59067640846,0.0,0.00353025,0.015323833,0.240301375,0.063973917,0.050530708,0.048124625
sienna/5bus_10_24_k_means_conical_0.01,932178,10,24,k_means,conical,unscaled,0.01,27.36126019825259,20.44321872659832,0.2043828671775799,100.0241312244438,1.0818281415418014,10,1.0166571711652233,1.3399651627098597,0.6164383561643836,0.3835616438356164,0.27424657534246577,43568,431,0,0,OPTIMAL,25054.664895587423,17513.85374017333,7540.8111554141,0.0,0.0,8940,18574,OPTIMAL,82920.35652596687,17513.85374017333,65406.502785789766,0.0,0.0,245294,516862,204267.59067640846,0.0,0.003545125,0.015345333,0.009285667,0.064392708,0.046983542,0.048124625
sienna/5bus_10_24_k_means_conical_bounded_0.01,932178,10,24,k_means,conical_bounded,unscaled,0.01,28.168006360257163,20.44321872659832,0.2043828671775799,100.0241312244438,1.0818281415418014,10,0.9788734266608261,1.0,0.0,0.4383561643835616,0.26465753424657534,38145,410,0,0,OPTIMAL,24620.333144155837,17162.749910944316,7457.5832332115715,0.0,0.0,8940,18574,OPTIMAL,83159.00737901127,17162.749910944316,65996.25746806682,0.0,0.0,245294,516862,202460.25982872033,0.0,0.003475292,0.01539625,0.243823292,0.063929166,0.04818925,0.048124625
sienna/5bus_10_24_k_medoids_dirac_0.01,932178,10,24,k_medoids,dirac,unscaled,0.01,35.71110012306989,20.720066079896903,0.7320014603250399,28.30604473206421,1.108297065974488,10,1.0,1.0,0.0,0.0,0.1,0,0,0,0,OPTIMAL,24899.084550830015,16379.132857450624,8519.951693379338,0.0,0.0,8940,18574,OPTIMAL,71403.88371799576,16379.132857450624,55024.75086054976,0.0,0.0,245294,516862,193061.85254311026,0.0,0.003539417,0.014717125,1.834e-6,0.077105625,0.043406292,0.048124625
sienna/5bus_10_24_k_medoids_convex_0.01,932178,10,24,k_medoids,convex,unscaled,0.01,29.285200093613845,20.720066079896903,0.7320014603250399,28.30604473206421,1.108297065974488,10,1.0,1.0000000000000002,0.0,0.0,0.36383561643835616,36004,187,0,0,OPTIMAL,25101.94622202919,16435.240305947584,8666.705916081582,0.0,0.0,8940,18574,OPTIMAL,72295.4828660448,16435.240305947584,55860.24256009535,0.0,0.0,245294,516862,191065.09995907464,0.0,0.003413625,0.015252083,0.013756166,0.080960834,0.285922,0.048124625
sienna/5bus_10_24_k_medoids_conical_0.01,932178,10,24,k_medoids,conical,unscaled,0.01,28.306697643474607,20.720066079896903,0.7320014603250399,28.30604473206421,1.108297065974488,10,1.0069309349068518,1.2928298552116833,0.5095890410958904,0.46301369863013697,0.37123287671232874,38948,231,0,0,OPTIMAL,25241.946270423003,16437.385299935642,8804.560970487295,0.0,0.0,8940,18574,OPTIMAL,72297.627860028,16437.385299935642,55860.24256009418,0.0,0.0,245294,516862,191065.09995907464,0.0,0.003482458,0.015319583,0.008264792,0.079682875,0.052537083,0.048124625
sienna/5bus_10_24_k_medoids_conical_bounded_0.01,932178,10,24,k_medoids,conical_bounded,unscaled,0.01,28.913416905666498,20.720066079896903,0.7320014603250399,28.30604473206421,1.108297065974488,10,0.9726801042938071,1.0,0.0,0.5178082191780822,0.3589041095890411,37212,211,0,0,OPTIMAL,24725.096764470614,16327.539547211247,8397.557217259318,0.0,0.0,8940,18574,OPTIMAL,72525.29669842962,16327.539547211247,56197.757151213795,0.0,0.0,245294,516862,189905.00593127782,0.0,0.003446208,0.015895458,0.246237333,0.066275417,0.050923083,0.048124625
sienna/5bus_10_24_hierarchical_dirac_0.01,932178,10,24,hierarchical,dirac,unscaled,0.01,37.374004428211045,19.961268467012466,0.7436283547900963,26.843070652741485,1.1255540471726138,10,1.0,1.0,0.0,0.0,0.1,0,0,0,0,OPTIMAL,24722.564722786406,16202.789566321695,8519.775156464764,0.0,0.0,8940,18574,OPTIMAL,72210.47379166704,16202.789566321695,56007.684225345074,0.0,0.0,245294,516862,191065.09995907464,0.0,0.003561708,0.015488083,1.708e-6,0.077141083,0.043019083,0.048124625
sienna/5bus_10_24_hierarchical_convex_0.01,932178,10,24,hierarchical,convex,unscaled,0.01,29.64626703088952,19.961268467012466,0.7436283547900963,26.843070652741485,1.1255540471726138,10,1.0,1.0000000000000002,0.0,0.0,0.37972602739726025,36193,205,0,0,OPTIMAL,25303.47715061959,16417.07822102615,8886.398929593395,0.0,0.0,8940,18574,OPTIMAL,72554.46569991067,16417.07822102615,56137.387478880126,0.0,0.0,245294,516862,189000.86535905112,0.0,0.003398042,0.015974125,0.248085917,0.067278916,0.047868167,0.048124625
sienna/5bus_10_24_hierarchical_conical_0.01,932178,10,24,hierarchical,conical,unscaled,0.01,28.70604419714732,19.961268467012466,0.7436283547900963,26.843070652741485,1.1255540471726138,10,1.0189310514574768,1.2711227589548053,0.5835616438356165,0.38904109589041097,0.383013698630137,39978,228,0,0,OPTIMAL,25582.231866819206,16541.664495285193,9040.567371534033,0.0,0.0,8940,18574,OPTIMAL,72373.45168963306,16541.664495285193,55831.78719434922,0.0,0.0,245294,516862,189940.54314233424,0.0,0.003625,0.015033,0.00894125,0.081437708,0.047685333,0.048124625
sienna/5bus_10_24_hierarchical_conical_bounded_0.01,932178,10,24,hierarchical,conical_bounded,unscaled,0.01,29.396985531232758,19.961268467012466,0.7436283547900963,26.843070652741485,1.1255540471726138,10,0.977444559150483,1.0,0.0,0.4931506849315068,0.36904109589041095,37178,212,0,0,OPTIMAL,24981.933498260096,16329.941176893242,8651.992321366815,0.0,0.0,8940,18574,OPTIMAL,72708.71702715618,16329.941176893242,56378.77585026099,0.0,0.0,245294,516862,187994.83026455424,0.0,0.003573792,0.015145,0.013485625,0.079766167,0.047357583,0.048124625
sienna/5bus_10_24_chronological_dirac_0.01,932178,10,24,chronological,dirac,unscaled,0.01,44.578686970345096,20.5790592221683,0.581455849263556,35.39229891355078,1.0649899679024366,10,1.0,1.0,0.0,0.0,0.1,0,0,0,0,OPTIMAL,44308.69868475877,17442.20372165374,26866.49496310512,0.0,0.0,8940,18574,OPTIMAL,56408.646520297916,17442.20372165374,38966.44279864384,0.0,0.0,245294,516862,202371.00653021343,0.0,0.003535708,0.015085666,1.458e-6,0.077369334,0.0376475,0.048124625
sienna/5bus_10_24_chronological_convex_0.01,932178,10,24,chronological,convex,unscaled,0.01,35.8194410781036,20.5790592221683,0.581455849263556,35.39229891355078,1.0649899679024366,10,1.0,1.0000000000000002,0.0,0.0,0.3558904109589041,47112,253,0,0,OPTIMAL,49788.29567733436,17881.71207250272,31906.58360483164,0.0,0.0,8940,18574,OPTIMAL,55540.89612929081,17881.71207250272,37659.18405678868,0.0,0.0,245294,516862,203057.22290429357,0.0,0.003426959,0.220311708,0.015270625,0.079988917,0.047181125,0.048124625
sienna/5bus_10_24_chronological_conical_0.01,932178,10,24,chronological,conical,unscaled,0.01,34.08286298921085,20.5790592221683,0.581455849263556,35.39229891355078,1.0649899679024366,10,1.0544780038654895,1.44653017871831,0.6410958904109589,0.3315068493150685,0.36904109589041095,50142,286,0,0,OPTIMAL,46736.91035757159,18026.378327064675,28710.53203050698,0.0,0.0,8940,18574,OPTIMAL,55428.50765907992,18026.378327064675,37402.129332016346,0.0,0.0,245294,516862,204741.41005452417,0.0,0.003434542,0.015080083,0.011462708,0.08169175,0.052674208,0.048124625
sienna/5bus_10_24_chronological_conical_bounded_0.01,932178,10,24,chronological,conical_bounded,unscaled,0.01,35.601585264739796,20.5790592221683,0.581455849263556,35.39229891355078,1.0649899679024366,10,0.9793007195549581,1.0,0.0,0.41643835616438357,0.35315068493150686,47730,251,0,0,OPTIMAL,50765.008408000016,17820.693904252465,32944.31450374751,0.0,0.0,8940,18574,OPTIMAL,55483.23791143193,17820.693904252465,37662.54400717905,0.0,0.0,245294,516862,202764.52953917388,0.0,0.003554625,0.243887083,0.016734625,0.08148925,0.048040417,0.048124625
sienna/5bus_10_24_convex_hull_dirac_0.01,932178,10,24,convex_hull,dirac,unscaled,0.01,47.68350241959869,21.322282309224875,0.9956012864506666,21.416487302099746,1.1935960997188404,10,1.0,1.0,0.0,0.0,0.1,0,0,879,2361,OPTIMAL,29836.343469848194,17546.29036057836,12290.05310926988,0.0,0.0,8940,18574,OPTIMAL,34344.68052936609,17546.29036057836,16798.390168787766,0.0,0.0,245294,516862,177051.4032005807,0.0,0.00357625,0.041176625,1.042e-6,0.063240166,0.035997292,0.048124625
sienna/5bus_10_24_convex_hull_convex_0.01,932178,10,24,convex_hull,convex,unscaled,0.01,28.55658317961472,21.322282309224875,0.9956012864506666,21.416487302099746,1.1935960997188404,10,1.0,1.0000000000000002,0.0,0.0,0.47726027397260273,31230,169,879,2361,OPTIMAL,30097.146154672984,17913.174159721435,12183.97199495152,0.0,0.0,8940,18574,OPTIMAL,34312.698113602455,17913.174159721435,16399.523953880136,0.0,0.0,245294,516862,178658.33447309496,0.0,0.003455,0.040851125,0.011854625,0.065933583,0.0468685,0.048124625
sienna/5bus_10_24_convex_hull_conical_0.01,932178,10,24,convex_hull,conical,unscaled,0.01,27.049343258952035,21.322282309224875,0.9956012864506666,21.416487302099746,1.1935960997188404,10,1.0388424957390754,1.3210826051906277,0.663013698630137,0.3095890410958904,0.49753424657534245,32852,165,879,2361,OPTIMAL,30312.60910389042,17908.45894402632,12404.150159864055,0.0,0.0,8940,18574,OPTIMAL,34301.54762492985,17908.45894402632,16393.08868090243,0.0,0.0,245294,516862,179377.077927302,0.0,0.003613458,0.040410959,0.008509958,0.066861833,0.048717167,0.048124625
sienna/5bus_10_24_convex_hull_conical_bounded_0.01,932178,10,24,convex_hull,conical_bounded,unscaled,0.01,28.189025639920917,21.322282309224875,0.9956012864506666,21.416487302099746,1.1935960997188404,10,0.9739271333186534,1.0,0.0,0.42191780821917807,0.47835616438356166,31470,170,879,2361,OPTIMAL,29909.503836221083,17858.764796136886,12050.739040084205,0.0,0.0,8940,18574,OPTIMAL,34200.36815700638,17858.764796136886,16341.603360868043,0.0,0.0,245294,516862,180244.5114951954,0.0,0.003603583,0.040536208,0.01350675,0.066482792,0.048568083,0.048124625
sienna/5bus_10_24_convex_hull_with_null_dirac_0.01,932178,10,24,convex_hull_with_null,dirac,unscaled,0.01,51.71837763310516,22.536509669055242,0.9656415345073575,23.338380614036783,1.1824213182988903,10,1.0,1.0,0.0,0.0,0.1,0,0,963,2642,OPTIMAL,54239.12732968768,18995.208391895972,35243.91893779169,0.0,0.0,8940,18574,OPTIMAL,34480.57552812313,18995.208391895972,15485.36713622711,0.0,0.0,245294,516862,188679.48001786566,0.0,0.003376375,0.043579292,1.041e-6,0.063406792,0.043442208,0.048124625
sienna/5bus_10_24_convex_hull_with_null_convex_0.01,932178,10,24,convex_hull_with_null,convex,unscaled,0.01,33.77449418266288,22.536509669055242,0.9656415345073575,23.338380614036783,1.1824213182988903,10,1.0,1.0000000000000002,0.0,0.0,0.48027397260273974,34284,164,963,2642,OPTIMAL,51231.287279389406,18786.19881411484,32445.088465274577,0.0,0.0,8940,18574,OPTIMAL,34517.26231992752,18786.19881411484,15731.063505812714,0.0,0.0,245294,516862,185179.13249512878,0.0,0.003480333,0.043845,0.01258875,0.066063083,0.061412208,0.048124625
sienna/5bus_10_24_convex_hull_with_null_conical_0.01,932178,10,24,convex_hull_with_null,conical,unscaled,0.01,29.489785176256124,22.536509669055242,0.9656415345073575,23.338380614036783,1.1824213182988903,10,0.9241118420420249,1.2960847271448128,0.3178082191780822,0.6547945205479452,0.47342465753424656,35159,189,963,2642,OPTIMAL,50427.89483262538,18305.906545074467,32121.988287550896,0.0,0.0,8940,18574,OPTIMAL,34449.75827598002,18305.906545074467,16143.85173090258,0.0,0.0,245294,516862,185742.72457821763,0.0,0.003401292,0.043169792,0.008544291,0.065856292,0.06196125,0.048124625
sienna/5bus_10_24_convex_hull_with_null_conical_bounded_0.01,932178,10,24,convex_hull_with_null,conical_bounded,unscaled,0.01,29.87395614968039,22.536509669055242,0.9656415345073575,23.338380614036783,1.1824213182988903,10,0.9064373644793073,1.0,0.0,0.726027397260274,0.46301369863013697,35097,195,963,2642,OPTIMAL,50272.896951285504,18279.89466694316,31993.00228434233,0.0,0.0,8940,18574,OPTIMAL,34503.427348378675,18279.89466694316,16223.532681437055,0.0,0.0,245294,516862,185444.16200523163,0.0,0.003396542,0.041386792,0.014119292,0.067356125,0.057207083,0.048124625
sienna/5bus_10_24_conical_hull_dirac_0.01,932178,10,24,conical_hull,dirac,unscaled,0.01,51.01355561024983,16.559291857568624,0.7695303392089834,21.518699151732307,1.31170310131039,10,1.0,1.0,0.0,0.0,0.1,0,0,1040,2200,OPTIMAL,27531.680818445908,16230.76269636007,11300.918122085817,0.0,0.0,8940,18574,OPTIMAL,43090.531104714515,16230.76269636007,26859.768408357013,0.0,0.0,245294,516862,179512.94770395267,0.0,0.003371542,0.028709042,9.58e-7,0.064890792,0.041342625,0.048124625
sienna/5bus_10_24_conical_hull_convex_0.01,932178,10,24,conical_hull,convex,unscaled,0.01,36.564576376100774,16.559291857568624,0.7695303392089834,21.518699151732307,1.31170310131039,10,1.0,1.0000000000000002,0.0,0.0,0.41726027397260274,24500,144,1040,2200,OPTIMAL,27272.487232506755,16288.760797015073,10983.726435491684,0.0,0.0,8940,18574,OPTIMAL,43176.77021971667,16288.760797015073,26888.009422700423,0.0,0.0,245294,516862,179069.3392244217,0.0,0.003469916,0.082742833,0.009180458,0.065551792,0.046134416,0.048124625
sienna/5bus_10_24_conical_hull_conical_0.01,932178,10,24,conical_hull,conical,unscaled,0.01,31.480272954991058,16.559291857568624,0.7695303392089834,21.518699151732307,1.31170310131039,10,1.1473072763859675,1.5423551027570175,0.8575342465753425,0.11506849315068493,0.4794520547945205,29131,151,1040,2200,OPTIMAL,29567.10732960353,16833.95224431693,12733.155085286653,0.0,0.0,8940,18574,OPTIMAL,42441.37060211261,16833.95224431693,25607.418357794504,0.0,0.0,245294,516862,182381.34496504295,0.0,0.003585333,0.0314085,0.007773333,0.139254958,0.056454041,0.048124625
sienna/5bus_10_24_conical_hull_conical_bounded_0.01,932178,10,24,conical_hull,conical_bounded,unscaled,0.01,36.54132450354305,16.559291857568624,0.7695303392089834,21.518699151732307,1.31170310131039,10,0.9936382439110076,1.0,0.0,0.22465753424657534,0.41424657534246573,24599,130,1040,2200,OPTIMAL,27152.59500394109,16289.636870881493,10862.958133059728,0.0,0.0,8940,18574,OPTIMAL,43177.38647139272,16289.636870881493,26887.749600509997,0.0,0.0,245294,516862,179069.3392244217,0.0,0.003599917,0.030919791,0.07839325,0.064985042,0.066594125,0.048124625
sienna/5bus_20_24_k_means_dirac_0.01_economic,932178,20,24,k_means,dirac,economic,0.01,103475.12002031699,70366.76914065411,283.008445246905,248.6384075191256,1.196276778367844,20,1.0,1.0,0.0,0.0,0.05,0,0,0,0,OPTIMAL,22614.121831587778,17298.535438741266,5315.5863928465815,0.0,0.0,15680,32754,OPTIMAL,281976.9916754282,17298.535438741266,264678.4562366762,0.0,0.0,245294,516862,216162.6723503419,0.0,0.007481417,0.018666958,1.75e-6,0.083476042,0.126419917,0.048124625
sienna/5bus_20_24_k_means_convex_0.01_economic,932178,20,24,k_means,convex,economic,0.01,88662.5614619976,70366.76914065411,283.008445246905,248.6384075191256,1.196276778367844,20,1.0,1.0000000000000002,0.0,0.0,0.15698630136986302,160084,2127,0,0,OPTIMAL,22673.314262035732,17286.40267161925,5386.911590416545,0.0,0.0,15680,32754,OPTIMAL,282367.8416479013,17286.40267161925,265081.4389762877,0.0,0.0,245294,516862,215877.0832808055,0.0,0.003411334,0.018724583,0.3655485,0.081752,0.125583583,0.048124625
sienna/5bus_20_24_k_means_conical_0.01_economic,932178,20,24,k_means,conical,economic,0.01,82084.58348772545,70366.76914065411,283.008445246905,248.6384075191256,1.196276778367844,20,1.0817494404497507,1.5288228887286914,0.6904109589041096,0.3095890410958904,0.1695890410958904,210021,2459,0,0,OPTIMAL,22733.066977166618,17540.165525380813,5192.901451785898,0.0,0.0,15680,32754,OPTIMAL,301762.5760888358,17540.165525380813,266002.8246412164,0.0,18219.585922238908,245294,516862,219390.8426990341,1821.958592223891,0.00365925,0.017855959,0.2736115,0.08252475,0.111170167,0.048124625
sienna/5bus_20_24_k_means_conical_bounded_0.01_economic,932178,20,24,k_means,conical_bounded,economic,0.01,87941.4756358049,70366.76914065411,283.008445246905,248.6384075191256,1.196276778367844,20,0.9514627699531145,1.0000000000000002,0.0,0.39452054794520547,0.15369863013698631,171881,1706,0,0,OPTIMAL,21965.710331308037,16788.17184143517,5177.538489872864,0.0,0.0,15680,32754,OPTIMAL,289728.5112300669,16788.17184143517,272810.6953850504,0.0,129.64400358303587,245294,516862,208902.4524785496,12.964400358303585,0.003420917,0.018113,0.145372833,0.088160875,0.1264315,0.048124625
sienna/5bus_20_24_k_medoids_dirac_0.01_economic,932178,20,24,k_medoids,dirac,economic,0.01,121653.09184942745,63526.967366693396,670.0312812425897,94.81194258405526,1.3340192565481819,20,1.0,1.0,0.0,0.0,0.05,0,0,0,0,OPTIMAL,27298.005212401582,18938.567137611542,8359.43807479013,0.0,0.0,15680,32754,OPTIMAL,39458.78426550303,18938.567137611542,20520.21712789217,0.0,0.0,245294,516862,212970.75595314763,0.0,0.003683334,0.0178275,1.75e-6,0.102192541,0.127943,0.048124625
sienna/5bus_20_24_k_medoids_convex_0.01_economic,932178,20,24,k_medoids,convex,economic,0.01,91303.99096322927,63526.967366693396,670.0312812425897,94.81194258405526,1.3340192565481819,20,1.0,1.0000000000000002,0.0,0.0,0.2147945205479452,168003,1264,0,0,OPTIMAL,31650.54053249881,18407.627282308793,13242.913250190093,0.0,0.0,15680,32754,OPTIMAL,38649.384679571696,18407.627282308793,20241.757397264784,0.0,0.0,245294,516862,205335.49958233806,0.0,0.003546542,0.017560875,0.141284291,0.107348667,0.109272625,0.048124625
sienna/5bus_20_24_k_medoids_conical_0.01_economic,932178,20,24,k_medoids,conical,economic,0.01,83389.36041093105,63526.967366693396,670.0312812425897,94.81194258405526,1.3340192565481819,20,1.119709375834652,1.8839556756617655,0.6712328767123288,0.273972602739726,0.23397260273972603,203203,1300,0,0,OPTIMAL,34734.851125177636,18775.295660069933,15959.555465107816,0.0,0.0,15680,32754,OPTIMAL,38782.55212179733,18775.295660069933,20007.256461724166,0.0,0.0,245294,516862,209479.34905526758,0.0,0.003421541,0.0175905,0.132255875,0.10830575,0.111222208,0.048124625
sienna/5bus_20_24_k_medoids_conical_bounded_0.01_economic,932178,20,24,k_medoids,conical_bounded,economic,0.01,90476.1833491669,63526.967366693396,670.0312812425897,94.81194258405526,1.3340192565481819,20,0.9500816297572088,1.0000000000000002,0.0,0.4410958904109589,0.21191780821917808,171678,1436,0,0,OPTIMAL,31072.40772735896,18132.2951357065,12940.112591652303,0.0,0.0,15680,32754,OPTIMAL,38552.52724369011,18132.2951357065,20420.23210798157,0.0,0.0,245294,516862,202797.2881221665,0.0,0.003676917,0.017196292,0.14102275,0.114627167,0.104204167,0.048124625
sienna/5bus_20_24_hierarchical_dirac_0.01_economic,932178,20,24,hierarchical,dirac,economic,0.01,123563.23355333105,76599.75361206118,784.6768833614758,97.61948546759227,1.243224849947191,20,1.0,1.0,0.0,0.0,0.05,0,0,0,0,OPTIMAL,24196.140431919303,17397.604896073968,6798.535535845308,0.0,0.0,15680,32754,OPTIMAL,51576.15224759004,17397.604896073968,34178.54735151653,0.0,0.0,245294,516862,203368.48974986313,0.0,0.00340925,0.018245333,1.75e-6,0.101401208,0.129603125,0.048124625
sienna/5bus_20_24_hierarchical_convex_0.01_economic,932178,20,24,hierarchical,convex,economic,0.01,88774.85177019179,76599.75361206118,784.6768833614758,97.61948546759227,1.243224849947191,20,1.0,1.0000000000000002,0.0,0.0,0.21013698630136987,173666,1351,0,0,OPTIMAL,23616.796333656763,16757.289325811133,6859.507007845647,0.0,0.0,15680,32754,OPTIMAL,54019.644988091604,16757.289325811133,37262.355662282615,0.0,0.0,245294,516862,191337.1138109172,0.0,0.003719167,0.250299083,0.120992125,0.109101917,0.136663167,0.048124625
sienna/5bus_20_24_hierarchical_conical_0.01_economic,932178,20,24,hierarchical,conical,economic,0.01,83708.98575149447,76599.75361206118,784.6768833614758,97.61948546759227,1.243224849947191,20,1.0698233760324143,1.5992349907646641,0.6410958904109589,0.3041095890410959,0.22452054794520548,210243,1677,0,0,OPTIMAL,24392.07549770006,16993.667955806548,7398.407541893487,0.0,0.0,15680,32754,OPTIMAL,53093.947808513156,16993.667955806548,36100.27985270903,0.0,0.0,245294,516862,195071.83904951598,0.0,0.003524292,0.018621833,0.111980875,0.108329375,0.126645375,0.048124625
sienna/5bus_20_24_hierarchical_conical_bounded_0.01_economic,932178,20,24,hierarchical,conical_bounded,economic,0.01,87679.16303477462,76599.75361206118,784.6768833614758,97.61948546759227,1.243224849947191,20,0.9431554983984801,1.0000000000000002,0.0,0.44931506849315067,0.20534246575342466,180681,1476,0,0,OPTIMAL,22908.54703138793,16461.577808773647,6446.969222614276,0.0,0.0,15680,32754,OPTIMAL,54242.52103957831,16461.577808773647,37780.94323080552,0.0,0.0,245294,516862,190643.07640662492,0.0,0.003647875,0.01801025,0.385219167,0.083285208,0.116908875,0.048124625
sienna/5bus_20_24_chronological_dirac_0.01_economic,932178,20,24,chronological,dirac,economic,0.01,231246.80483045967,52625.9212337888,661.0883762766005,79.60497132046083,1.2709025598232297,20,1.0,1.0,0.0,0.0,0.05,0,0,0,0,OPTIMAL,28457.166951799365,18005.112454966067,10452.05449683323,0.0,0.0,15680,32754,OPTIMAL,41968.71392528472,18005.112454966067,23963.601470315032,0.0,0.0,245294,516862,202370.23196765952,0.0,0.003412833,0.017547458,1.584e-6,0.102985,0.088603791,0.048124625
sienna/5bus_20_24_chronological_convex_0.01_economic,932178,20,24,chronological,convex,economic,0.01,123603.09508187983,52625.9212337888,661.0883762766005,79.60497132046083,1.2709025598232297,20,1.0,1.0000000000000002,0.0,0.0,0.2002739726027397,160499,1403,0,0,OPTIMAL,28688.671208893928,17894.48368813061,10794.187520763315,0.0,0.0,15680,32754,OPTIMAL,41895.68339007973,17894.48368813061,24001.199701951824,0.0,0.0,245294,516862,202893.45064793734,0.0,0.003492709,0.017484792,0.301148084,0.083275667,0.123519833,0.048124625
sienna/5bus_20_24_chronological_conical_0.01_economic,932178,20,24,chronological,conical,economic,0.01,113363.77202680024,52625.9212337888,661.0883762766005,79.60497132046083,1.2709025598232297,20,1.1907070873323915,2.7273629705065714,0.6602739726027397,0.28493150684931506,0.21972602739726027,189596,1265,0,0,OPTIMAL,32084.72766767579,18691.013473012405,13393.714194663418,0.0,0.0,15680,32754,OPTIMAL,42009.18419922554,18691.013473012405,23318.17072621324,0.0,0.0,245294,516862,206495.26908769167,0.0,0.003434167,0.01774175,0.05945825,0.10759825,0.131571541,0.048124625
sienna/5bus_20_24_chronological_conical_bounded_0.01_economic,932178,20,24,chronological,conical_bounded,economic,0.01,122797.48095743464,52625.9212337888,661.0883762766005,79.60497132046083,1.2709025598232297,20,0.9435909750963327,1.0000000000000002,0.0,0.34794520547945207,0.19794520547945205,160406,1258,0,0,OPTIMAL,27731.615926951523,17519.32041486351,10212.295512087925,0.0,0.0,15680,32754,OPTIMAL,41767.43417119943,17519.32041486351,24248.11375633175,0.0,0.0,245294,516862,200643.29373338903,0.0,0.003670333,0.01772475,0.34184725,0.082544916,0.116654208,0.048124625
sienna/5bus_20_24_convex_hull_dirac_0.01_economic,932178,20,24,convex_hull,dirac,economic,0.01,148022.6060371448,86166.31795366379,1051.234161443589,81.966816827316,1.3663914362943355,20,1.0,1.0,0.0,0.0,0.05,0,0,3760,2985,OPTIMAL,73592.4816405444,18321.37535861818,55271.10628192643,0.0,0.0,15680,32754,OPTIMAL,38357.7209039014,18321.37535861818,20036.345545284275,0.0,0.0,245294,516862,199987.6848500985,0.0,0.003477209,0.21982625,1.292e-6,0.084017209,0.104804375,0.048124625
sienna/5bus_20_24_convex_hull_convex_0.01_economic,932178,20,24,convex_hull,convex,economic,0.01,82060.96917500148,86166.31795366379,1051.234161443589,81.966816827316,1.3663914362943355,20,1.0,1.0000000000000002,0.0,0.0,0.2395890410958904,111437,793,3760,2985,OPTIMAL,62094.4597008611,18221.28255565949,43873.177145201655,0.0,0.0,15680,32754,OPTIMAL,38271.14948076121,18221.28255565949,20049.866925103543,0.0,0.0,245294,516862,198936.09446383754,0.0,0.003424708,0.23307575,0.279238167,0.084086792,0.116862167,0.048124625
sienna/5bus_20_24_convex_hull_conical_0.01_economic,932178,20,24,convex_hull,conical,economic,0.01,73121.24341224313,86166.31795366379,1051.234161443589,81.966816827316,1.3663914362943355,20,1.012592919974923,1.863790665931684,0.4684931506849315,0.4767123287671233,0.263972602739726,151307,1329,3760,2985,OPTIMAL,60583.180633595155,17959.372979079595,42623.807654515505,0.0,0.0,15680,32754,OPTIMAL,38087.79472649052,17959.372979079595,20128.421747411012,0.0,0.0,245294,516862,196654.90592091036,0.0,0.00368125,0.216646583,0.062688709,0.091966625,0.107037042,0.048124625
sienna/5bus_20_24_convex_hull_conical_bounded_0.01_economic,932178,20,24,convex_hull,conical_bounded,economic,0.01,78597.38159582039,86166.31795366379,1051.234161443589,81.966816827316,1.3663914362943355,20,0.8884227150056277,1.0000000000000002,0.0,0.6328767123287671,0.23068493150684932,131146,884,3760,2985,OPTIMAL,54542.07279150986,18002.45761033878,36539.615181171044,0.0,0.0,15680,32754,OPTIMAL,38156.23685647329,18002.45761033878,20153.77924613791,0.0,0.0,245294,516862,197525.24189539053,0.0,0.003690667,0.24083725,0.29565725,0.084481708,0.10144775,0.048124625
sienna/5bus_20_24_convex_hull_with_null_dirac_0.01_economic,932178,20,24,convex_hull_with_null,dirac,economic,0.01,163103.4602577981,86665.36589238638,1010.1914952791885,85.7910270452579,1.3836276079320313,20,1.0,1.0,0.0,0.0,0.05,0,0,3676,3434,OPTIMAL,21859.124802150556,14364.388273975152,7494.736528175363,0.0,0.0,15680,32754,OPTIMAL,56498.329635870425,14364.388273975152,42133.94136189878,0.0,0.0,245294,516862,165932.89148370718,0.0,0.003523083,0.459785125,8.33e-7,0.079354417,0.115830875,0.048124625
sienna/5bus_20_24_convex_hull_with_null_convex_0.01_economic,932178,20,24,convex_hull_with_null,convex,economic,0.01,104771.62244172761,86665.36589238638,1010.1914952791885,85.7910270452579,1.3836276079320313,20,1.0,1.0000000000000002,0.0,0.0,0.2252054794520548,114088,700,3676,3434,OPTIMAL,22875.862863444127,15409.097849957641,7466.76501348644,0.0,0.0,15680,32754,OPTIMAL,53242.308627700935,15409.097849957641,37833.21077774351,0.0,0.0,245294,516862,175454.77673547107,0.0,0.003688541,0.281421333,0.07818925,0.087036834,0.111579417,0.048124625
sienna/5bus_20_24_convex_hull_with_null_conical_0.01_economic,932178,20,24,convex_hull_with_null,conical,economic,0.01,77860.90090477253,86665.36589238638,1010.1914952791885,85.7910270452579,1.3836276079320313,20,0.8319829950696759,1.576686037640659,0.3041095890410959,0.6410958904109589,0.24383561643835616,137860,1328,3676,3434,OPTIMAL,22274.27773357547,14884.729080061612,7389.548653513893,0.0,0.0,15680,32754,OPTIMAL,54966.26065927011,14884.729080061612,40081.531579212104,0.0,0.0,245294,516862,171461.0831015639,0.0,0.003449291,0.536291792,0.043185625,0.089730667,0.136867542,0.048124625
sienna/5bus_20_24_convex_hull_with_null_conical_bounded_0.01_economic,932178,20,24,convex_hull_with_null,conical_bounded,economic,0.01,81436.3556154195,86665.36589238638,1010.1914952791885,85.7910270452579,1.3836276079320313,20,0.7692930657356092,1.0000000000000002,0.0,0.736986301369863,0.21506849315068494,120476,905,3676,3434,OPTIMAL,21370.802418446467,14442.279168770077,6928.523249676347,0.0,0.0,15680,32754,OPTIMAL,56468.56113688893,14442.279168770077,42026.28196811497,0.0,0.0,245294,516862,167788.24080631204,0.0,0.003681042,0.458006833,0.080932583,0.105954666,0.106791375,0.048124625
sienna/5bus_20_24_conical_hull_dirac_0.01_economic,932178,20,24,conical_hull,dirac,economic,0.01,184044.041867107,36028.81120579966,488.8145616522812,73.70650146758271,2.037665095844245,20,1.0,1.0,0.0,0.0,0.05,0,0,2374,4371,OPTIMAL,44904.37202604603,18472.998254624275,26431.373771421524,0.0,0.0,15680,32754,OPTIMAL,34158.453407396184,18472.998254624275,15685.455152771896,0.0,0.0,245294,516862,186039.59144526414,0.0,0.003658875,0.057776458,8.75e-7,0.083002167,0.09249625,0.048124625
sienna/5bus_20_24_conical_hull_convex_0.01_economic,932178,20,24,conical_hull,convex,economic,0.01,151068.1447678256,36028.81120579966,488.8145616522812,73.70650146758271,2.037665095844245,20,1.0,1.0000000000000002,0.0,0.0,0.2463013698630137,73269,637,2374,4371,OPTIMAL,45280.632062904966,18609.9898559902,26670.64220691471,0.0,0.0,15680,32754,OPTIMAL,34121.65827572911,18609.9898559902,15511.668419738877,0.0,0.0,245294,516862,187674.93177065745,0.0,0.003451375,0.290329958,0.068328708,0.088032333,0.108048042,0.048124625
sienna/5bus_20_24_conical_hull_conical_0.01_economic,932178,20,24,conical_hull,conical,economic,0.01,83841.7299164222,36028.81120579966,488.8145616522812,73.70650146758271,2.037665095844245,20,1.6736036357838133,3.4161488040284724,0.873972602739726,0.07123287671232877,0.3510958904109589,114938,817,2374,4371,OPTIMAL,60191.26908186562,21345.266804081297,38846.002277784195,0.0,0.0,15680,32754,OPTIMAL,34957.43920654631,21345.266804081297,13612.172402465467,0.0,0.0,245294,516862,216406.82219661248,0.0,0.00346475,0.05799825,0.084832625,0.089225709,0.13380075,0.048124625
sienna/5bus_20_24_conical_hull_conical_bounded_0.01_economic,932178,20,24,conical_hull,conical_bounded,economic,0.01,151121.58594155032,36028.81120579966,488.8145616522812,73.70650146758271,2.037665095844245,20,0.9905479585286968,1.0000000000000002,0.0,0.37534246575342467,0.24602739726027398,75423,842,2374,4371,OPTIMAL,45096.14033106316,18581.346679279595,26514.79365178349,0.0,0.0,15680,32754,OPTIMAL,34103.061025366726,18581.346679279595,15521.714346087152,0.0,0.0,245294,516862,187483.07666335403,0.0,0.003554667,0.055848333,0.047177166,0.132123708,0.10712475,0.048124625
sienna/5bus_20_24_k_means_dirac_0.01,932178,20,24,k_means,dirac,unscaled,0.01,28.77775465599957,30.15626846390944,0.1164967626422121,258.85928312468354,1.0763717895609326,20,1.0,1.0,0.0,0.0,0.05,0,0,0,0,OPTIMAL,27024.273088509908,18127.301035434353,8896.972053075537,0.0,0.0,15680,32754,OPTIMAL,38616.66278869389,18127.301035434353,20489.361753259014,0.0,0.0,245294,516862,204024.01774014483,0.0,0.003652875,0.015507334,1.083e-6,0.088282833,0.090821791,0.048124625
sienna/5bus_20_24_k_means_convex_0.01,932178,20,24,k_means,convex,unscaled,0.01,25.381073564158317,30.15626846390944,0.1164967626422121,258.85928312468354,1.0763717895609326,20,1.0,1.0000000000000002,0.0,0.0,0.173013698630137,70564,498,0,0,OPTIMAL,27986.16968299293,18072.163938609992,9914.005744382916,0.0,0.0,15680,32754,OPTIMAL,38560.13676261966,18072.163938609992,20487.972824006985,0.0,0.0,245294,516862,200515.68779270383,0.0,0.003686083,0.015585916,0.039163458,0.087063084,0.110522709,0.048124625
sienna/5bus_20_24_k_means_conical_0.01,932178,20,24,k_means,conical,unscaled,0.01,24.570908129003236,30.15626846390944,0.1164967626422121,258.85928312468354,1.0763717895609326,20,1.0199656403731423,1.2438226494412679,0.6328767123287671,0.36712328767123287,0.17315068493150684,77907,573,0,0,OPTIMAL,28066.877160622535,18113.026613148384,9953.850547474196,0.0,0.0,15680,32754,OPTIMAL,38559.65797769403,18113.026613148384,20446.631364548837,0.0,0.0,245294,516862,200901.4308215753,0.0,0.003416959,0.015780875,0.0242825,0.087321458,0.1030335,0.048124625
sienna/5bus_20_24_k_means_conical_bounded_0.01,932178,20,24,k_means,conical_bounded,unscaled,0.01,25.22255422009757,30.15626846390944,0.1164967626422121,258.85928312468354,1.0763717895609326,20,0.9823313382853457,1.0000000000000002,0.0,0.4794520547945205,0.16876712328767124,73197,594,0,0,OPTIMAL,27819.66713833953,17950.695638334077,9868.97150000547,0.0,0.0,15680,32754,OPTIMAL,38559.54602969921,17950.695638334077,20608.850391364715,0.0,0.0,245294,516862,201337.0809859908,0.0,0.003427625,0.015071375,0.042207833,0.086729417,0.102338458,0.048124625
sienna/5bus_20_24_k_medoids_dirac_0.01,932178,20,24,k_medoids,dirac,unscaled,0.01,34.1459462308472,30.314076616572628,0.32990370645832107,91.88765092095868,1.1046454302964788,20,1.0,1.0,0.0,0.0,0.05,0,0,0,0,OPTIMAL,28789.89612189181,18022.616745604642,10767.279376287039,0.0,0.0,15680,32754,OPTIMAL,37382.460304620385,18022.616745604642,19359.843559011493,0.0,0.0,245294,516862,199469.72485113444,0.0,0.003454042,0.015007,1.792e-6,0.103807875,0.1017485,0.048124625
sienna/5bus_20_24_k_medoids_convex_0.01,932178,20,24,k_medoids,convex,unscaled,0.01,26.34066033734671,30.314076616572628,0.32990370645832107,91.88765092095868,1.1046454302964788,20,1.0,1.0000000000000002,0.0,0.0,0.2352054794520548,69440,414,0,0,OPTIMAL,28780.27816993495,19073.731552191217,9706.546617743696,0.0,0.0,15680,32754,OPTIMAL,33878.442641739915,19073.731552191217,14804.711089547234,0.0,0.0,245294,516862,197641.34045734044,0.0,0.003467625,0.068537125,0.040103708,0.106475167,0.140338125,0.048124625
sienna/5bus_20_24_k_medoids_conical_0.01,932178,20,24,k_medoids,conical,unscaled,0.01,25.325516902354515,30.314076616572628,0.32990370645832107,91.88765092095868,1.1046454302964788,20,1.0114888063670895,1.3252197274930324,0.5315068493150685,0.4136986301369863,0.24342465753424658,74257,496,0,0,OPTIMAL,28812.172219710075,19018.889823834135,9793.28239587591,0.0,0.0,15680,32754,OPTIMAL,33799.261379147574,19018.889823834135,14780.371555313364,0.0,0.0,245294,516862,197713.96270713833,0.0,0.003666792,0.014941584,0.025052625,0.107788833,0.14603325,0.048124625
sienna/5bus_20_24_k_medoids_conical_bounded_0.01,932178,20,24,k_medoids,conical_bounded,unscaled,0.01,26.051874019992773,30.314076616572628,0.32990370645832107,91.88765092095868,1.1046454302964788,20,0.9748437948387909,1.0000000000000002,0.0,0.5726027397260274,0.2345205479452055,70650,414,0,0,OPTIMAL,28602.50284013287,18654.59415437626,9947.908685756538,0.0,0.0,15680,32754,OPTIMAL,33749.34509381168,18654.59415437626,15094.750939437567,0.0,0.0,245294,516862,196309.38771857132,0.0,0.003535416,0.014981375,0.113141708,0.10604025,0.122668333,0.048124625
sienna/5bus_20_24_hierarchical_dirac_0.01,932178,20,24,hierarchical,dirac,unscaled,0.01,34.53374080518777,29.12627160896567,0.4192490724878996,69.4724771509335,1.125679105236172,20,1.0,1.0,0.0,0.0,0.05,0,0,0,0,OPTIMAL,26591.46872897466,17995.677013737724,8595.791715236955,0.0,0.0,15680,32754,OPTIMAL,34439.51381026456,17995.677013737724,16443.83679653031,0.0,0.0,245294,516862,194621.58840073124,0.0,0.003669166,0.015331958,1.709e-6,0.103878333,0.10759975,0.048124625
sienna/5bus_20_24_hierarchical_convex_0.01,932178,20,24,hierarchical,convex,unscaled,0.01,26.377958582399298,29.12627160896567,0.4192490724878996,69.4724771509335,1.125679105236172,20,1.0,1.0000000000000002,0.0,0.0,0.23315068493150684,70044,408,0,0,OPTIMAL,27214.71398674603,17960.4174269912,9254.29655975493,0.0,0.0,15680,32754,OPTIMAL,34491.28945863352,17960.4174269912,16530.872031641407,0.0,0.0,245294,516862,191743.55638961063,0.0,0.003700125,0.01565075,0.039636125,0.107824167,0.107020042,0.048124625
sienna/5bus_20_24_hierarchical_conical_0.01,932178,20,24,hierarchical,conical,unscaled,0.01,25.262111527325665,29.12627160896567,0.4192490724878996,69.4724771509335,1.125679105236172,20,1.0208989302864944,1.2855502471798872,0.6164383561643836,0.3287671232876712,0.24178082191780823,75424,431,0,0,OPTIMAL,27401.82075901273,17974.551000627387,9427.269758385344,0.0,0.0,15680,32754,OPTIMAL,34492.14090929207,17974.551000627387,16517.58990866584,0.0,0.0,245294,516862,192187.82552583583,0.0,0.003539166,0.229476125,0.022771209,0.089960584,0.10714775,0.048124625
sienna/5bus_20_24_hierarchical_conical_bounded_0.01,932178,20,24,hierarchical,conical_bounded,unscaled,0.01,26.150061558998477,29.12627160896567,0.4192490724878996,69.4724771509335,1.125679105236172,20,0.980585762648581,1.0000000000000002,0.0,0.4931506849315068,0.2310958904109589,69535,404,0,0,OPTIMAL,26984.563464790976,17948.90580815881,9035.657656632164,0.0,0.0,15680,32754,OPTIMAL,34488.29913243292,17948.90580815881,16539.39332427528,0.0,0.0,245294,516862,191378.33816009667,0.0,0.003695833,0.015789083,0.254442917,0.085144583,0.102061167,0.048124625
sienna/5bus_20_24_chronological_dirac_0.01,932178,20,24,chronological,dirac,unscaled,0.01,43.44630883055275,29.469275919603,0.34958037407946535,84.29899990010351,1.0810169887651542,20,1.0,1.0,0.0,0.0,0.05,0,0,0,0,OPTIMAL,36067.591687281696,18791.18383483307,17276.407852448447,0.0,0.0,15680,32754,OPTIMAL,35014.132886367544,18791.18383483307,16222.94905153807,0.0,0.0,245294,516862,204410.94597747736,0.0,0.003442083,0.014601167,1.875e-6,0.10216975,0.075024,0.048124625
sienna/5bus_20_24_chronological_convex_0.01,932178,20,24,chronological,convex,unscaled,0.01,30.35032519712339,29.469275919603,0.34958037407946535,84.29899990010351,1.0810169887651542,20,1.0,1.0000000000000002,0.0,0.0,0.22041095890410958,77281,448,0,0,OPTIMAL,36179.19016443503,18450.120937804848,17729.069226630203,0.0,0.0,15680,32754,OPTIMAL,34854.81234082694,18450.120937804848,16404.691403022865,0.0,0.0,245294,516862,199890.59254902805,0.0,0.003564916,0.014849875,0.25761975,0.0837355,0.091918958,0.048124625
sienna/5bus_20_24_chronological_conical_0.01,932178,20,24,chronological,conical,unscaled,0.01,29.11082129140901,29.469275919603,0.34958037407946535,84.29899990010351,1.0810169887651542,20,1.0266116090301485,1.3227870715778707,0.5945205479452055,0.3506849315068493,0.22219178082191782,81684,439,0,0,OPTIMAL,37227.31581368933,18698.54527193227,18528.77054175705,0.0,0.0,15680,32754,OPTIMAL,35032.60180263808,18698.54527193227,16334.056530706528,0.0,0.0,245294,516862,201730.38377932418,0.0,0.003456833,0.014600625,0.236876583,0.08486325,0.096012584,0.048124625
sienna/5bus_20_24_chronological_conical_bounded_0.01,932178,20,24,chronological,conical_bounded,unscaled,0.01,30.07983374112614,29.469275919603,0.34958037407946535,84.29899990010351,1.0810169887651542,20,0.9770347065281413,1.0000000000000002,0.0,0.4712328767123288,0.21547945205479452,77615,432,0,0,OPTIMAL,36623.74364277916,18409.853351777117,18213.890291002004,0.0,0.0,15680,32754,OPTIMAL,34838.59194030117,18409.853351777117,16428.738588524055,0.0,0.0,245294,516862,200244.09441840346,0.0,0.00343825,0.014516083,0.048653417,0.107982333,0.095365917,0.048124625
sienna/5bus_20_24_convex_hull_dirac_0.01,932178,20,24,convex_hull,dirac,unscaled,0.01,43.276833051874185,29.85953645855511,0.5638776649088553,52.95392656380809,1.189339932499414,20,1.0,1.0,0.0,0.0,0.05,0,0,3388,3357,OPTIMAL,32790.80859190158,18613.679455461504,14177.129136440035,0.0,0.0,15680,32754,OPTIMAL,33986.104388001746,18613.679455461504,15372.424932543525,0.0,0.0,245294,516862,187451.88877732525,0.0,0.003443334,0.329970375,1.292e-6,0.079462417,0.079125708,0.048124625
sienna/5bus_20_24_convex_hull_convex_0.01,932178,20,24,convex_hull,convex,unscaled,0.01,25.448463891325286,29.85953645855511,0.5638776649088553,52.95392656380809,1.189339932499414,20,1.0,1.0000000000000002,0.0,0.0,0.2924657534246575,56295,316,3388,3357,OPTIMAL,32420.847549277518,18256.899895548093,14163.947653729463,0.0,0.0,15680,32754,OPTIMAL,34181.59471444603,18256.899895548093,15924.694818897891,0.0,0.0,245294,516862,182196.6948160145,0.0,0.003417959,0.147035417,0.034532833,0.088460708,0.1571605,0.048124625
sienna/5bus_20_24_convex_hull_conical_0.01,932178,20,24,convex_hull,conical,unscaled,0.01,24.504757619952198,29.85953645855511,0.5638776649088553,52.95392656380809,1.189339932499414,20,1.0395324390845915,1.2739312412105361,0.6712328767123288,0.273972602739726,0.3017808219178082,59715,280,3388,3357,OPTIMAL,31966.299111916735,17970.05300264158,13996.246109275242,0.0,0.0,15680,32754,OPTIMAL,34228.00330467869,17970.05300264158,16257.950302037169,0.0,0.0,245294,516862,180034.18880973614,0.0,0.003414791,0.146694333,0.020346333,0.089644041,0.10256475,0.048124625
sienna/5bus_20_24_convex_hull_conical_bounded_0.01,932178,20,24,convex_hull,conical_bounded,unscaled,0.01,25.32586623190027,29.85953645855511,0.5638776649088553,52.95392656380809,1.189339932499414,20,0.9836558160929573,1.0000000000000002,0.0,0.4794520547945205,0.2928767123287671,57677,312,3388,3357,OPTIMAL,32304.198437075374,18248.698937372123,14055.499499703223,0.0,0.0,15680,32754,OPTIMAL,34155.695242643225,18248.698937372123,15906.99630527356,0.0,0.0,245294,516862,182295.1189755025,0.0,0.003630291,0.313946791,0.035444917,0.087062417,0.112379542,0.048124625
sienna/5bus_20_24_convex_hull_with_null_dirac_0.01,932178,20,24,convex_hull_with_null,dirac,unscaled,0.01,43.94264366193617,30.460754231372817,0.502328798980805,60.63907602585371,1.1813238507960153,20,1.0,1.0,0.0,0.0,0.05,0,0,3353,3757,OPTIMAL,46527.27605390658,18812.950520854854,27714.325533051713,0.0,0.0,15680,32754,OPTIMAL,34180.105017317925,18812.950520854854,15367.1544964597,0.0,0.0,245294,516862,188217.0679658111,0.0,0.003687541,0.164219667,1.083e-6,0.088318209,0.080004875,0.048124625
sienna/5bus_20_24_convex_hull_with_null_convex_0.01,932178,20,24,convex_hull_with_null,convex,unscaled,0.01,26.250318103057488,30.460754231372817,0.502328798980805,60.63907602585371,1.1813238507960153,20,1.0,1.0000000000000002,0.0,0.0,0.29191780821917807,56836,260,3353,3757,OPTIMAL,44066.814813842706,18674.221455591076,25392.593358251554,0.0,0.0,15680,32754,OPTIMAL,34258.19848905688,18674.221455591076,15583.977033465728,0.0,0.0,245294,516862,185339.17489626646,0.0,0.003461,0.159025459,0.033303,0.088997084,0.1051545,0.048124625
sienna/5bus_20_24_convex_hull_with_null_conical_0.01,932178,20,24,convex_hull_with_null,conical,unscaled,0.01,24.91647061119707,30.460754231372817,0.502328798980805,60.63907602585371,1.1813238507960153,20,0.9905849336595973,1.2261357317597168,0.473972602739726,0.4712328767123288,0.3058904109589041,59973,348,3353,3757,OPTIMAL,42363.56102140628,18599.046726760072,23764.514294646284,0.0,0.0,15680,32754,OPTIMAL,34233.12193816902,18599.046726760072,15634.07521140967,0.0,0.0,245294,516862,185807.77707136783,0.0,0.003438583,0.178138792,0.233603709,0.087757125,0.107123,0.048124625
sienna/5bus_20_24_convex_hull_with_null_conical_bounded_0.01,932178,20,24,convex_hull_with_null,conical_bounded,unscaled,0.01,25.517376177512727,30.460754231372817,0.502328798980805,60.63907602585371,1.1813238507960153,20,0.9531675514142636,1.0000000000000002,0.0,0.6191780821917808,0.2912328767123288,57921,313,3353,3757,OPTIMAL,44545.41582077549,18497.113252434778,26048.30256834072,0.0,0.0,15680,32754,OPTIMAL,34255.44526181651,18497.113252434778,15758.33200938448,0.0,0.0,245294,516862,186119.88319589882,0.0,0.003417666,0.112151417,0.081213833,0.090700125,0.112697583,0.048124625
sienna/5bus_20_24_conical_hull_dirac_0.01,932178,20,24,conical_hull,dirac,unscaled,0.01,45.416266623313525,24.320951305325963,0.45042703024354014,53.99531926886345,1.2706215125393578,20,1.0,1.0,0.0,0.0,0.05,0,0,3095,3650,OPTIMAL,34326.05894136812,17234.098124207183,17091.96081716092,0.0,0.0,15680,32754,OPTIMAL,34374.13846293568,17234.098124207183,17140.04033872852,0.0,0.0,245294,516862,181902.88056467313,0.0,0.003448417,0.074941333,8.75e-7,0.084938291,0.09312225,0.048124625
sienna/5bus_20_24_conical_hull_convex_0.01,932178,20,24,conical_hull,convex,unscaled,0.01,30.473822106227882,24.320951305325963,0.45042703024354014,53.99531926886345,1.2706215125393578,20,1.0,1.0000000000000002,0.0,0.0,0.2635616438356164,46467,265,3095,3650,OPTIMAL,37219.01770600382,17381.16561220386,19837.852093800033,0.0,0.0,15680,32754,OPTIMAL,34384.88350265901,17381.16561220386,17003.7178904531,0.0,0.0,245294,516862,183100.87680398085,0.0,0.003595792,0.073948,0.101965125,0.088533375,0.111771416,0.048124625
sienna/5bus_20_24_conical_hull_conical_0.01,932178,20,24,conical_hull,conical,unscaled,0.01,25.784056971104228,24.320951305325963,0.45042703024354014,53.99531926886345,1.2706215125393578,20,1.1297499129555286,1.5137803128164822,0.863013698630137,0.0821917808219178,0.29726027397260274,52385,294,3095,3650,OPTIMAL,35436.049028873684,17816.699111149926,17619.349917723743,0.0,0.0,15680,32754,OPTIMAL,34542.68501029247,17816.699111149926,16725.98589914257,0.0,0.0,245294,516862,185516.48154701735,0.0,0.003693584,0.139612,0.233042708,0.085901166,0.10192475,0.048124625
sienna/5bus_20_24_conical_hull_conical_bounded_0.01,932178,20,24,conical_hull,conical_bounded,unscaled,0.01,30.496127924421888,24.320951305325963,0.45042703024354014,53.99531926886345,1.2706215125393578,20,0.9948630754145177,1.0000000000000002,0.0,0.30684931506849317,0.26246575342465756,46737,263,3095,3650,OPTIMAL,37216.80583837876,17378.087043882322,19838.718794496403,0.0,0.0,15680,32754,OPTIMAL,34382.81032115697,17378.087043882322,17004.723277271278,0.0,0.0,245294,516862,183100.87680398085,0.0,0.003631584,0.07347925,0.076435,0.08778925,0.133727584,0.048124625
sienna/5bus_40_24_k_means_dirac_0.01_economic,932178,40,24,k_means,dirac,economic,0.01,88570.4674913929,109104.25422189923,87.76388495449226,1243.156615941426,1.2196167344368907,40,1.0,1.0,0.0,0.0,0.025,0,0,0,0,OPTIMAL,24208.003955431235,18011.80058759898,6196.203367832124,0.0,0.0,29160,61114,OPTIMAL,48650.64088138556,18011.80058759898,30638.840293784942,0.0,0.0,245294,516862,209925.53312323152,0.0,0.003439042,0.018372209,7.08e-7,0.152273375,0.238553875,0.048124625
sienna/5bus_40_24_k_means_convex_0.01_economic,932178,40,24,k_means,convex,economic,0.01,72596.2740809245,109104.25422189923,87.76388495449226,1243.156615941426,1.2196167344368907,40,1.0,1.0000000000000002,0.0,0.0,0.09486301369863014,303862,3594,0,0,OPTIMAL,24652.95982145679,17918.185620186643,6734.774201270193,0.0,0.0,29160,61114,OPTIMAL,46945.72717117688,17918.185620186643,29027.5415509892,0.0,0.0,245294,516862,208288.9018917914,0.0,0.003747417,0.019095417,0.407314958,0.129184542,0.278138458,0.048124625
sienna/5bus_40_24_k_means_conical_0.01_economic,932178,40,24,k_means,conical,economic,0.01,66475.21488685395,109104.25422189923,87.76388495449226,1243.156615941426,1.2196167344368907,40,1.0935268734627617,1.7588977413111524,0.6767123287671233,0.3178082191780822,0.10924657534246575,410631,4556,0,0,OPTIMAL,25658.019713331214,18464.252351615793,7193.767361715375,0.0,0.0,29160,61114,OPTIMAL,46053.134325559215,18464.252351615793,27588.881973941992,0.0,0.0,245294,516862,214043.06086274632,0.0,0.004015833,0.0189705,0.576133917,0.117112875,0.2797795,0.048124625
sienna/5bus_40_24_k_means_conical_bounded_0.01_economic,932178,40,24,k_means,conical_bounded,economic,0.01,72099.46154177969,109104.25422189923,87.76388495449226,1243.156615941426,1.2196167344368907,40,0.9601971148922303,1.0000000000000002,0.0,0.4821917808219178,0.09315068493150686,324346,3838,0,0,OPTIMAL,24104.890215006046,17610.788815218362,6494.101399787533,0.0,0.0,29160,61114,OPTIMAL,47465.52370092501,17610.788815218362,29854.734885704038,0.0,0.0,245294,516862,203749.21081782712,0.0,0.003749,0.0190745,0.709397084,0.117182958,0.287937417,0.048124625
sienna/5bus_40_24_k_medoids_dirac_0.01_economic,932178,40,24,k_medoids,dirac,economic,0.01,109465.86804961851,94041.12635998901,196.01250205894522,479.771062417788,1.3522450261653598,40,1.0,1.0,0.0,0.0,0.025,0,0,0,0,OPTIMAL,30247.215286876963,18515.82410572858,11731.391181148267,0.0,0.0,29160,61114,OPTIMAL,38967.8369270559,18515.82410572858,20452.012821323548,0.0,0.0,245294,516862,209699.86472276584,0.0,0.003706209,0.018082166,7.5e-7,0.154190708,0.22552475,0.048124625
sienna/5bus_40_24_k_medoids_convex_0.01_economic,932178,40,24,k_medoids,convex,economic,0.01,74914.35492771138,94041.12635998901,196.01250205894522,479.771062417788,1.3522450261653598,40,1.0,1.0000000000000002,0.0,0.0,0.12623287671232877,278258,2381,0,0,OPTIMAL,32036.305266242554,18187.459307542646,13848.845958699958,0.0,0.0,29160,61114,OPTIMAL,38655.66222584307,18187.459307542646,20468.202918299357,0.0,0.0,245294,516862,203513.5013779345,0.0,0.003583958,0.018123167,0.58641025,0.127857208,0.23442075,0.048124625
sienna/5bus_40_24_k_medoids_conical_0.01_economic,932178,40,24,k_medoids,conical,economic,0.01,67370.02062781698,94041.12635998901,196.01250205894522,479.771062417788,1.3522450261653598,40,1.0962475218978365,1.6913894993200143,0.6301369863013698,0.2602739726027397,0.14253424657534247,346082,2232,0,0,OPTIMAL,34743.81223460226,18709.15251374897,16034.659720853333,0.0,0.0,29160,61114,OPTIMAL,38902.51101574743,18709.15251374897,20193.3585019995,0.0,0.0,245294,516862,210954.3891668225,0.0,0.003755167,0.081546542,0.5119335,0.120137,0.314882208,0.048124625
sienna/5bus_40_24_k_medoids_conical_bounded_0.01_economic,932178,40,24,k_medoids,conical_bounded,economic,0.01,74322.84864750518,94041.12635998901,196.01250205894522,479.771062417788,1.3522450261653598,40,0.9577916389513782,1.0000000000000002,0.0,0.4876712328767123,0.12486301369863013,288777,2646,0,0,OPTIMAL,31599.72173600896,17965.72549892229,13633.996237086612,0.0,0.0,29160,61114,OPTIMAL,38572.41905455054,17965.72549892229,20606.693555628935,0.0,0.0,245294,516862,199807.65227231826,0.0,0.003619875,0.018367709,0.409923917,0.120772208,0.280905875,0.048124625
sienna/5bus_40_24_hierarchical_dirac_0.01_economic,932178,40,24,hierarchical,dirac,economic,0.01,106951.67118344245,113493.02990176296,213.26716224746798,532.1636425680457,1.266412634838311,40,1.0,1.0,0.0,0.0,0.025,0,0,0,0,OPTIMAL,38425.64916406385,19022.250665658503,19403.398498405397,0.0,0.0,29160,61114,OPTIMAL,36321.91428328368,19022.250665658503,17299.66361762262,0.0,0.0,245294,516862,210904.49300338846,0.0,0.003730917,0.018587709,8.33e-7,0.154852916,0.240912583,0.048124625
sienna/5bus_40_24_hierarchical_convex_0.01_economic,932178,40,24,hierarchical,convex,economic,0.01,71252.70010524672,113493.02990176296,213.26716224746798,532.1636425680457,1.266412634838311,40,1.0,1.0000000000000002,0.0,0.0,0.12356164383561644,304853,2497,0,0,OPTIMAL,40340.05203579759,18734.5938711493,21605.458164648317,0.0,0.0,29160,61114,OPTIMAL,35871.971421828726,18734.5938711493,17137.377550681394,0.0,0.0,245294,516862,203680.63055943788,0.0,0.003611083,0.257214375,0.392903542,0.11847025,0.290832708,0.048124625
sienna/5bus_40_24_hierarchical_conical_0.01_economic,932178,40,24,hierarchical,conical,economic,0.01,66432.61266610933,113493.02990176296,213.26716224746798,532.1636425680457,1.266412634838311,40,1.0518148405797252,1.6009978925170327,0.5534246575342465,0.336986301369863,0.13321917808219177,362498,2379,0,0,OPTIMAL,39733.7167062378,18733.955503195604,20999.76120304227,0.0,0.0,29160,61114,OPTIMAL,35803.559913030025,18733.955503195604,17069.604409834064,0.0,0.0,245294,516862,205531.20620155643,0.0,0.003708167,0.0187575,0.580276959,0.118386333,0.256535334,0.048124625
sienna/5bus_40_24_hierarchical_conical_bounded_0.01_economic,932178,40,24,hierarchical,conical_bounded,economic,0.01,70475.60678527903,113493.02990176296,213.26716224746798,532.1636425680457,1.266412634838311,40,0.9455558001237381,1.0000000000000002,0.0,0.5260273972602739,0.1215068493150685,322005,2497,0,0,OPTIMAL,39810.396685861444,18446.164094530228,21364.232591331347,0.0,0.0,29160,61114,OPTIMAL,35643.04290951966,18446.164094530228,17196.87881498859,0.0,0.0,245294,516862,199967.77303716505,0.0,0.003978833,0.018476209,0.4634125,0.121265667,0.292286875,0.048124625
sienna/5bus_40_24_chronological_dirac_0.01_economic,932178,40,24,chronological,dirac,economic,0.01,221463.7282199563,79402.09377730144,214.55760438269556,370.0735474081634,1.3240300036438748,40,1.0,1.0,0.0,0.0,0.025,0,0,0,0,OPTIMAL,32101.218235511835,18114.162039806488,13987.0561957056,0.0,0.0,29160,61114,OPTIMAL,41676.34462529096,18114.162039806488,23562.182585486273,0.0,0.0,245294,516862,202762.20419773296,0.0,0.003684083,0.017976333,4.125e-6,0.1534985,0.194719125,0.048124625
sienna/5bus_40_24_chronological_convex_0.01_economic,932178,40,24,chronological,convex,economic,0.01,96670.54508820365,79402.09377730144,214.55760438269556,370.0735474081634,1.3240300036438748,40,1.0,1.0000000000000002,0.0,0.0,0.12013698630136986,257073,2176,0,0,OPTIMAL,30143.366475414416,18102.211157544618,12041.155317869685,0.0,0.0,29160,61114,OPTIMAL,41833.27378161869,18102.211157544618,23731.06262407415,0.0,0.0,245294,516862,203653.07210394574,0.0,0.003751667,0.018200834,0.558870459,0.119527583,0.266874083,0.048124625
sienna/5bus_40_24_chronological_conical_0.01_economic,932178,40,24,chronological,conical,economic,0.01,87678.98504677598,79402.09377730144,214.55760438269556,370.0735474081634,1.3240300036438748,40,1.2072130266552392,2.1818451065863416,0.726027397260274,0.1643835616438356,0.13643835616438357,324129,2250,0,0,OPTIMAL,33199.62577208517,19555.805961336555,13643.819810748664,0.0,0.0,29160,61114,OPTIMAL,42893.139128793184,19555.805961336555,23337.333167457462,0.0,0.0,245294,516862,218557.91570704352,0.0,0.003757959,0.081116083,0.495276625,0.119752416,0.279097833,0.048124625
sienna/5bus_40_24_chronological_conical_bounded_0.01_economic,932178,40,24,chronological,conical_bounded,economic,0.01,96390.19728601098,79402.09377730144,214.55760438269556,370.0735474081634,1.3240300036438748,40,0.9712482246898455,1.0000000000000002,0.0,0.3506849315068493,0.11986301369863013,262894,2560,0,0,OPTIMAL,29853.89337814515,17918.77933013196,11935.114048013185,0.0,0.0,29160,61114,OPTIMAL,41776.918963220196,17918.77933013196,23858.139633085048,0.0,0.0,245294,516862,202032.69557288403,0.0,0.003718375,0.018262,0.375828125,0.118859625,0.304756458,0.048124625
sienna/5bus_40_24_convex_hull_dirac_0.01_economic,932178,40,24,convex_hull,dirac,economic,0.01,128745.44907738401,117861.36067057267,230.39814484501923,511.5551635619891,1.356109712646857,40,1.0,1.0,0.0,0.0,0.025,0,0,9292,4163,OPTIMAL,64157.29417141786,18289.938346132367,45867.35582528563,0.0,0.0,29160,61114,OPTIMAL,38340.527529064544,18289.938346132367,20050.589182934847,0.0,0.0,245294,516862,202386.23394641923,0.0,0.004027042,1.085856666,1.208e-6,0.112942125,0.184093542,0.048124625
sienna/5bus_40_24_convex_hull_convex_0.01_economic,932178,40,24,convex_hull,convex,economic,0.01,67579.9585063576,117861.36067057267,230.39814484501923,511.5551635619891,1.356109712646857,40,1.0,1.0000000000000002,0.0,0.0,0.14006849315068493,208600,1837,9292,4163,OPTIMAL,54011.346248275564,18327.866333090697,35683.479915184755,0.0,0.0,29160,61114,OPTIMAL,38364.22573324571,18327.866333090697,20036.35940015496,0.0,0.0,245294,516862,201966.9210138024,0.0,0.003692042,0.805427959,0.234437167,0.133646959,0.238421542,0.048124625
sienna/5bus_40_24_convex_hull_conical_0.01_economic,932178,40,24,convex_hull,conical,economic,0.01,58887.88682465213,117861.36067057267,230.39814484501923,511.5551635619891,1.356109712646857,40,1.0424294054095309,1.7650640480412385,0.4904109589041096,0.4,0.1567123287671233,271403,2318,9292,4163,OPTIMAL,54491.034436943126,18070.702971832063,36420.33146511099,0.0,0.0,29160,61114,OPTIMAL,38159.7128221716,18070.702971832063,20089.009850341594,0.0,0.0,245294,516862,198373.73361531412,0.0,0.003977583,1.069434458,0.181326458,0.135460625,0.241079292,0.048124625
sienna/5bus_40_24_convex_hull_conical_bounded_0.01_economic,932178,40,24,convex_hull,conical_bounded,economic,0.01,64631.885938866915,117861.36067057267,230.39814484501923,511.5551635619891,1.356109712646857,40,0.9093732979835647,1.0000000000000004,0.0,0.6191780821917808,0.13424657534246576,224974,1850,9292,4163,OPTIMAL,48598.52937596563,18049.302374802162,30549.22700116356,0.0,0.0,29160,61114,OPTIMAL,38200.26598296029,18049.302374802162,20150.96360816144,0.0,0.0,245294,516862,198950.72398665044,0.0,0.003908208,0.801302083,0.267936292,0.124301,0.258923708,0.048124625
sienna/5bus_40_24_convex_hull_with_null_dirac_0.01_economic,932178,40,24,convex_hull_with_null,dirac,economic,0.01,144410.75852200945,118985.93294491878,208.58770648412056,570.4359808662884,1.360204055275727,40,1.0,1.0,0.0,0.0,0.025,0,0,9222,4598,OPTIMAL,23594.663835594343,14745.86323931106,8848.800596283401,0.0,0.0,29160,61114,OPTIMAL,57511.707657418236,14745.86323931106,42765.8444181076,0.0,0.0,245294,516862,170134.8505502492,0.0,0.003579417,1.123889042,1.542e-6,0.112386958,0.23459575,0.048124625
sienna/5bus_40_24_convex_hull_with_null_convex_0.01_economic,932178,40,24,convex_hull_with_null,convex,economic,0.01,78339.28252252616,118985.93294491878,208.58770648412056,570.4359808662884,1.360204055275727,40,1.0,1.0000000000000002,0.0,0.0,0.13397260273972603,189045,1635,9222,4598,OPTIMAL,24884.937807707225,15515.501417229601,9369.436390477764,0.0,0.0,29160,61114,OPTIMAL,54822.608663299674,15515.501417229601,39307.10724607065,0.0,0.0,245294,516862,175902.13096891262,0.0,0.003761958,0.852906375,0.211308916,0.138616042,0.322205792,0.048124625
sienna/5bus_40_24_convex_hull_with_null_conical_0.01_economic,932178,40,24,convex_hull_with_null,conical,economic,0.01,65044.72661020622,118985.93294491878,208.58770648412056,570.4359808662884,1.360204055275727,40,0.9121896984702708,1.6303511607166736,0.33424657534246577,0.5561643835616439,0.14815068493150685,240720,2173,9222,4598,OPTIMAL,23747.725884352014,15003.029967849401,8744.695916502562,0.0,0.0,29160,61114,OPTIMAL,54687.60493802502,15003.029967849401,39684.57497017337,0.0,0.0,245294,516862,172496.5018944291,0.0,0.003671792,1.118245542,0.161600708,0.145725041,0.368143083,0.048124625
sienna/5bus_40_24_convex_hull_with_null_conical_bounded_0.01_economic,932178,40,24,convex_hull_with_null,conical_bounded,economic,0.01,68967.51944054525,118985.93294491878,208.58770648412056,570.4359808662884,1.360204055275727,40,0.8292476824478522,1.0000000000000004,0.0,0.7095890410958904,0.12890410958904108,205515,1808,9222,4598,OPTIMAL,22336.390449876406,14515.128276189003,7821.262173687393,0.0,0.0,29160,61114,OPTIMAL,57124.973697958005,14515.128276189003,42609.84542176966,0.0,0.0,245294,516862,168058.143930343,0.0,0.004031083,0.854508833,0.238419833,0.130922542,0.287736792,0.048124625
sienna/5bus_40_24_conical_hull_dirac_0.01_economic,932178,40,24,conical_hull,dirac,economic,0.01,172488.13780825064,48997.197865717775,191.80787407867362,255.44935577368764,2.070024930131311,40,1.0,1.0,0.0,0.0,0.025,0,0,7396,6059,OPTIMAL,39313.765118987576,18738.17138318128,20575.593735806353,0.0,0.0,29160,61114,OPTIMAL,34087.93234601757,18738.17138318128,15349.76096283756,0.0,0.0,245294,516862,189342.64409598903,0.0,0.003742042,0.234649083,1.584e-6,0.116272875,0.187247209,0.048124625
sienna/5bus_40_24_conical_hull_convex_0.01_economic,932178,40,24,conical_hull,convex,economic,0.01,135581.41045672024,48997.197865717775,191.80787407867362,255.44935577368764,2.070024930131311,40,1.0,1.0000000000000002,0.0,0.0,0.14095890410958903,129341,1585,7396,6059,OPTIMAL,39463.077332433146,18750.399638875388,20712.67769355773,0.0,0.0,29160,61114,OPTIMAL,34074.93172834085,18750.399638875388,15324.532089466671,0.0,0.0,245294,516862,189246.0553534482,0.0,0.003709292,0.463105708,0.185418959,0.134192834,0.282695458,0.048124625
sienna/5bus_40_24_conical_hull_conical_0.01_economic,932178,40,24,conical_hull,conical,economic,0.01,66305.31008532828,48997.197865717775,191.80787407867362,255.44935577368764,2.070024930131311,40,1.5784085857264303,3.072590539307657,0.8383561643835616,0.052054794520547946,0.2036986301369863,213993,1730,7396,6059,OPTIMAL,49594.04128429806,21227.0793036216,28366.961980676577,0.0,0.0,29160,61114,OPTIMAL,34839.60435295941,21227.0793036216,13612.525049337912,0.0,0.0,245294,516862,215819.360803123,0.0,0.003689959,0.2349585,0.181456167,0.138098041,0.276542667,0.048124625
sienna/5bus_40_24_conical_hull_conical_bounded_0.01_economic,932178,40,24,conical_hull,conical_bounded,economic,0.01,135667.25715063684,48997.197865717775,191.80787407867362,255.44935577368764,2.070024930131311,40,0.995758335848045,1.0000000000000002,0.0,0.336986301369863,0.14095890410958903,131771,2037,7396,6059,OPTIMAL,39388.459202044585,18721.14397835565,20667.3152236889,0.0,0.0,29160,61114,OPTIMAL,34063.75046502165,18721.14397835565,15342.60648666692,0.0,0.0,245294,516862,189272.91699861406,0.0,0.003709,0.309146542,0.386318916,0.1201,0.257170833,0.048124625
sienna/5bus_40_24_k_means_dirac_0.01,932178,40,24,k_means,dirac,unscaled,0.01,25.812609042873365,40.874397024809916,0.06437696174600913,634.9227412451445,1.103798972493252,40,1.0,1.0,0.0,0.0,0.025,0,0,0,0,OPTIMAL,27062.410596703674,18289.864222047545,8772.546374656209,0.0,0.0,29160,61114,OPTIMAL,35835.662585520804,18289.864222047545,17545.798363473223,0.0,0.0,245294,516862,202638.53960692522,0.0,0.003730291,0.0158025,1.625e-6,0.153515708,0.246201416,0.048124625
sienna/5bus_40_24_k_means_convex_0.01,932178,40,24,k_means,convex,unscaled,0.01,22.180283596404234,40.874397024809916,0.06437696174600913,634.9227412451445,1.103798972493252,40,1.0,1.0000000000000002,0.0,0.0,0.1078082191780822,120654,770,0,0,OPTIMAL,28399.983752040054,18201.3176526511,10198.666099389096,0.0,0.0,29160,61114,OPTIMAL,35733.40244762594,18201.3176526511,17532.084794974773,0.0,0.0,245294,516862,199694.51498057833,0.0,0.003717958,0.015603417,0.388745417,0.118598125,0.243431625,0.048124625
sienna/5bus_40_24_k_means_conical_0.01,932178,40,24,k_means,conical,unscaled,0.01,21.41358837526591,40.874397024809916,0.06437696174600913,634.9227412451445,1.103798972493252,40,1.0274226241251865,1.2374505903452044,0.6904109589041096,0.30684931506849317,0.11232876712328767,135353,856,0,0,OPTIMAL,28680.942557532315,18367.35085662497,10313.591700907338,0.0,0.0,29160,61114,OPTIMAL,35761.750751617685,18367.35085662497,17394.399894989194,0.0,0.0,245294,516862,202194.01155875146,0.0,0.00371925,0.015670458,0.14282625,0.155131417,0.269948167,0.048124625
sienna/5bus_40_24_k_means_conical_bounded_0.01,932178,40,24,k_means,conical_bounded,unscaled,0.01,22.10566159033805,40.874397024809916,0.06437696174600913,634.9227412451445,1.103798972493252,40,0.9877182457549192,1.0000000000000002,0.0,0.4931506849315068,0.10582191780821917,122755,771,0,0,OPTIMAL,28278.680972236292,18184.147660107188,10094.533312129022,0.0,0.0,29160,61114,OPTIMAL,35735.18382807481,18184.147660107188,17551.03616796454,0.0,0.0,245294,516862,199885.33244242062,0.0,0.003681417,0.016078375,0.430303916,0.118592167,0.253130917,0.048124625
sienna/5bus_40_24_k_medoids_dirac_0.01,932178,40,24,k_medoids,dirac,unscaled,0.01,30.570429650236722,41.06894078513189,0.17683504068849495,232.24435963162517,1.1280819454522086,40,1.0,1.0,0.0,0.0,0.025,0,0,0,0,OPTIMAL,27096.58235684391,17787.559689665643,9309.022667178484,0.0,0.0,29160,61114,OPTIMAL,37352.273922303175,17787.559689665643,19564.71423263373,0.0,0.0,245294,516862,198018.58327974856,0.0,0.003993583,0.015003916,1.792e-6,0.152321042,0.259201041,0.048124625
sienna/5bus_40_24_k_medoids_convex_0.01,932178,40,24,k_medoids,convex,unscaled,0.01,22.87794806783526,41.06894078513189,0.17683504068849495,232.24435963162517,1.1280819454522086,40,1.0,1.0000000000000002,0.0,0.0,0.135,110440,689,0,0,OPTIMAL,27892.669852980318,18484.715864595368,9407.953988384914,0.0,0.0,29160,61114,OPTIMAL,33794.989943392546,18484.715864595368,15310.274078798699,0.0,0.0,245294,516862,192230.48646924683,0.0,0.003711791,0.252655042,0.14625475,0.153631167,0.276301916,0.048124625
sienna/5bus_40_24_k_medoids_conical_0.01,932178,40,24,k_medoids,conical,unscaled,0.01,21.954910587192565,41.06894078513189,0.17683504068849495,232.24435963162517,1.1280819454522086,40,1.0292196769734445,1.2691192141283705,0.5945205479452055,0.2958904109589041,0.14376712328767124,114745,682,0,0,OPTIMAL,28093.661385693173,18523.837836682545,9569.823549010705,0.0,0.0,29160,61114,OPTIMAL,33811.464210493155,18523.837836682545,15287.626373813397,0.0,0.0,245294,516862,192405.7983179526,0.0,0.003759584,0.015476,0.141343625,0.204610417,0.291399667,0.048124625
sienna/5bus_40_24_k_medoids_conical_bounded_0.01,932178,40,24,k_medoids,conical_bounded,unscaled,0.01,22.773927517720363,41.06894078513189,0.17683504068849495,232.24435963162517,1.1280819454522086,40,0.9847176311498568,1.0000000000000002,0.0,0.5205479452054794,0.13424657534246576,111369,685,0,0,OPTIMAL,27680.614316912128,18460.072927652156,9220.541389259934,0.0,0.0,29160,61114,OPTIMAL,33792.34338666482,18460.072927652156,15332.270459015672,0.0,0.0,245294,516862,192496.6357923366,0.0,0.003733792,0.015289084,0.3505695,0.122189334,0.275894917,0.048124625
sienna/5bus_40_24_hierarchical_dirac_0.01,932178,40,24,hierarchical,dirac,unscaled,0.01,31.049118667042062,41.03821669138768,0.14650884670119887,280.1074311579566,1.1347042356552453,40,1.0,1.0,0.0,0.0,0.025,0,0,0,0,OPTIMAL,27200.45481482578,18191.400018359494,9009.054796466407,0.0,0.0,29160,61114,OPTIMAL,34376.05784843821,18191.400018359494,16184.657830078633,0.0,0.0,245294,516862,196586.7271544311,0.0,0.00371925,0.015896209,1.625e-6,0.1523905,0.243028542,0.048124625
sienna/5bus_40_24_hierarchical_convex_0.01,932178,40,24,hierarchical,convex,unscaled,0.01,22.226310603587443,41.03821669138768,0.14650884670119887,280.1074311579566,1.1347042356552453,40,1.0,1.0000000000000002,0.0,0.0,0.13472602739726028,113407,646,0,0,OPTIMAL,27887.393203221898,17666.044485452163,10221.348717769866,0.0,0.0,29160,61114,OPTIMAL,34440.46744568141,17666.044485452163,16774.422960234006,0.0,0.0,245294,516862,191415.17080453364,0.0,0.00394125,0.015434375,0.167778792,0.143463958,0.271066375,0.048124625
sienna/5bus_40_24_hierarchical_conical_0.01,932178,40,24,hierarchical,conical,unscaled,0.01,21.310528848640132,41.03821669138768,0.14650884670119887,280.1074311579566,1.1347042356552453,40,1.0290128306934017,1.2604151913664945,0.5972602739726027,0.29315068493150687,0.14253424657534247,119217,756,0,0,OPTIMAL,27973.999237617973,17788.757838817055,10185.241398800947,0.0,0.0,29160,61114,OPTIMAL,34428.89274203571,17788.757838817055,16640.134903218506,0.0,0.0,245294,516862,190745.19834073394,0.0,0.003704875,0.015676084,0.1562475,0.148292416,0.284663292,0.048124625
sienna/5bus_40_24_hierarchical_conical_bounded_0.01,932178,40,24,hierarchical,conical_bounded,unscaled,0.01,22.122476782195797,41.03821669138768,0.14650884670119887,280.1074311579566,1.1347042356552453,40,0.9850111535759307,1.0000000000000004,0.0,0.5506849315068493,0.13267123287671234,111779,756,0,0,OPTIMAL,27680.349862443614,17650.0242616174,10030.325600826298,0.0,0.0,29160,61114,OPTIMAL,34441.03399663267,17650.0242616174,16791.009735015374,0.0,0.0,245294,516862,191535.20259736865,0.0,0.003791334,0.015362542,0.17394625,0.140354666,0.271232458,0.048124625
sienna/5bus_40_24_chronological_dirac_0.01,932178,40,24,chronological,dirac,unscaled,0.01,41.76587786698405,41.64858118319492,0.14703121378186854,283.26353372137436,1.1036647227936063,40,1.0,1.0,0.0,0.0,0.025,0,0,0,0,OPTIMAL,37179.05437986922,18306.928958298016,18872.12542157143,0.0,0.0,29160,61114,OPTIMAL,34925.23512333696,18306.928958298016,16618.306165043425,0.0,0.0,245294,516862,201334.10485450533,0.0,0.003859,0.015275083,7.92e-7,0.154372083,0.20450625,0.048124625
sienna/5bus_40_24_chronological_convex_0.01,932178,40,24,chronological,convex,unscaled,0.01,25.377928114422367,41.64858118319492,0.14703121378186854,283.26353372137436,1.1036647227936063,40,1.0,1.0000000000000002,0.0,0.0,0.12986301369863013,128740,817,0,0,OPTIMAL,43386.95166413425,18439.287347781174,24947.664316353144,0.0,0.0,29160,61114,OPTIMAL,34861.59731907054,18439.287347781174,16422.309971291477,0.0,0.0,245294,516862,199793.9613287579,0.0,0.003733375,0.015509833,0.248704458,0.121027833,0.247947375,0.048124625
sienna/5bus_40_24_chronological_conical_0.01,932178,40,24,chronological,conical,unscaled,0.01,24.13449205356128,41.64858118319492,0.14703121378186854,283.26353372137436,1.1036647227936063,40,1.0242543902386412,1.3264119377882615,0.5753424657534246,0.3150684931506849,0.1360958904109589,133915,789,0,0,OPTIMAL,43551.991536729154,18652.446027574668,24899.54550915451,0.0,0.0,29160,61114,OPTIMAL,34941.29497532474,18652.446027574668,16288.848947748882,0.0,0.0,245294,516862,202737.85608672546,0.0,0.003706167,0.014803375,0.132660292,0.155381,0.240355667,0.048124625
sienna/5bus_40_24_chronological_conical_bounded_0.01,932178,40,24,chronological,conical_bounded,unscaled,0.01,25.086251233438517,41.64858118319492,0.14703121378186854,283.26353372137436,1.1036647227936063,40,0.9789375922053468,1.0000000000000002,0.0,0.5068493150684932,0.1293835616438356,129424,817,0,0,OPTIMAL,43953.41335194362,18363.116759199977,25590.296592743634,0.0,0.0,29160,61114,OPTIMAL,34821.60661981424,18363.116759199977,16458.489860613765,0.0,0.0,245294,516862,200092.0846473825,0.0,0.003726,0.015043625,0.205482333,0.13176025,0.27208675,0.048124625
sienna/5bus_40_24_convex_hull_dirac_0.01,932178,40,24,convex_hull,dirac,unscaled,0.01,36.9716659754479,41.25544332772382,0.19579151471251152,210.71108923336553,1.1805265099724989,40,1.0,1.0,0.0,0.0,0.025,0,0,8435,5020,OPTIMAL,32350.010843453263,18462.56236237401,13887.44848107935,0.0,0.0,29160,61114,OPTIMAL,33944.716030788826,18462.56236237401,15482.153668414785,0.0,0.0,245294,516862,187522.27955307037,0.0,0.003711166,0.740407125,1.083e-6,0.113219042,0.181245083,0.048124625
sienna/5bus_40_24_convex_hull_convex_0.01,932178,40,24,convex_hull,convex,unscaled,0.01,20.56313859597073,41.25544332772382,0.19579151471251152,210.71108923336553,1.1805265099724989,40,1.0,1.0000000000000002,0.0,0.0,0.1684931506849315,95397,508,8435,5020,OPTIMAL,32389.471854092128,18425.51032947619,13963.961524615908,0.0,0.0,29160,61114,OPTIMAL,34011.00647212531,18425.51032947619,15585.496142650956,0.0,0.0,245294,516862,185418.36392650267,0.0,0.005646417,0.5180315,0.112768042,0.16114925,0.294745625,0.048124625
sienna/5bus_40_24_convex_hull_conical_0.01,932178,40,24,convex_hull,conical,unscaled,0.01,19.62115176034747,41.25544332772382,0.19579151471251152,210.71108923336553,1.1805265099724989,40,1.044845165104375,1.2404706023477627,0.6712328767123288,0.2191780821917808,0.17376712328767124,101080,578,8435,5020,OPTIMAL,31633.756838357414,18352.34549638217,13281.411341975378,0.0,0.0,29160,61114,OPTIMAL,34071.43900248899,18352.34549638217,15719.093506108378,0.0,0.0,245294,516862,184690.96316890014,0.0,0.003737166,0.80050825,0.084683,0.15830925,0.278435958,0.048124625
sienna/5bus_40_24_convex_hull_conical_bounded_0.01,932178,40,24,convex_hull,conical_bounded,unscaled,0.01,20.56264333923918,41.25544332772382,0.19579151471251152,210.71108923336553,1.1805265099724989,40,0.990240753777963,1.0000000000000002,0.0,0.5232876712328767,0.16739726027397261,95893,521,8435,5020,OPTIMAL,32306.369968729618,18421.991639220552,13884.378329509183,0.0,0.0,29160,61114,OPTIMAL,34008.67007868294,18421.991639220552,15586.678439465768,0.0,0.0,245294,516862,185509.37559309785,0.0,0.003628333,0.5268925,0.11620025,0.171460291,0.243945375,0.048124625
sienna/5bus_40_24_convex_hull_with_null_dirac_0.01,932178,40,24,convex_hull_with_null,dirac,unscaled,0.01,36.75237370565366,41.801681587571196,0.2121449772725854,197.0429944889063,1.1803461354774345,40,1.0,1.0,0.0,0.0,0.025,0,0,8340,5480,OPTIMAL,38943.56795836248,18899.081958215513,20044.48600014689,0.0,0.0,29160,61114,OPTIMAL,34035.40581770174,18899.081958215513,15136.32385948458,0.0,0.0,245294,516862,190321.82067240952,0.0,0.004023792,0.814853,1.291e-6,0.113841834,0.198851167,0.048124625
sienna/5bus_40_24_convex_hull_with_null_convex_0.01,932178,40,24,convex_hull_with_null,convex,unscaled,0.01,20.701567410429384,41.801681587571196,0.2121449772725854,197.0429944889063,1.1803461354774345,40,1.0,1.0000000000000002,0.0,0.0,0.17082191780821918,95136,654,8340,5480,OPTIMAL,40164.83253666101,18771.12490454006,21393.707632121,0.0,0.0,29160,61114,OPTIMAL,34082.256170144545,18771.12490454006,15311.131265603062,0.0,0.0,245294,516862,187911.88742658548,0.0,0.003706292,0.587571959,0.112052708,0.159545959,0.301844834,0.048124625
sienna/5bus_40_24_convex_hull_with_null_conical_0.01,932178,40,24,convex_hull_with_null,conical,unscaled,0.01,19.731469229085288,41.801681587571196,0.2121449772725854,197.0429944889063,1.1803461354774345,40,1.0199149657663187,1.2164894507215496,0.5506849315068493,0.33972602739726027,0.17616438356164382,102422,674,8340,5480,OPTIMAL,38703.75592662442,18765.138927817177,19938.61699880708,0.0,0.0,29160,61114,OPTIMAL,34056.43323924837,18765.138927817177,15291.29431142796,0.0,0.0,245294,516862,188013.50019473562,0.0,0.00369875,0.8444005,0.083779792,0.167302583,0.273922417,0.048124625
sienna/5bus_40_24_convex_hull_with_null_conical_bounded_0.01,932178,40,24,convex_hull_with_null,conical_bounded,unscaled,0.01,20.48036433136781,41.801681587571196,0.2121449772725854,197.0429944889063,1.1803461354774345,40,0.9781080730343198,1.0000000000000002,0.0,0.5808219178082191,0.168013698630137,97777,654,8340,5480,OPTIMAL,40256.32767073449,18706.27318540958,21550.054485324985,0.0,0.0,29160,61114,OPTIMAL,34021.043832033996,18706.27318540958,15314.770646622595,0.0,0.0,245294,516862,186846.14053684764,0.0,0.003733333,0.577513583,0.118447667,0.169525167,0.288292584,0.048124625
sienna/5bus_40_24_conical_hull_dirac_0.01,932178,40,24,conical_hull,dirac,unscaled,0.01,40.29494575005926,34.969322067008,0.16538977742234892,211.43581309568071,1.2515823087064482,40,1.0,1.0,0.0,0.0,0.025,0,0,8310,5145,OPTIMAL,33573.89098864953,17406.774403938998,16167.116584710566,0.0,0.0,29160,61114,OPTIMAL,34201.7936074332,17406.774403938998,16795.01920349419,0.0,0.0,245294,516862,176631.90890759023,0.0,0.003699916,0.319723209,9.58e-7,0.1134665,0.17361225,0.048124625
sienna/5bus_40_24_conical_hull_convex_0.01,932178,40,24,conical_hull,convex,unscaled,0.01,25.19934742364975,34.969322067008,0.16538977742234892,211.43581309568071,1.2515823087064482,40,1.0,1.0000000000000002,0.0,0.0,0.15698630136986302,76261,515,8310,5145,OPTIMAL,35916.35199976094,17729.694925710184,18186.657074050752,0.0,0.0,29160,61114,OPTIMAL,34169.67081850834,17729.694925710184,16439.975892802067,0.0,0.0,245294,516862,180033.1481670002,0.0,0.003722209,0.378315625,0.102921417,0.16225975,0.283601417,0.048124625
sienna/5bus_40_24_conical_hull_conical_0.01,932178,40,24,conical_hull,conical,unscaled,0.01,20.967135895312694,34.969322067008,0.16538977742234892,211.43581309568071,1.2515823087064482,40,1.1089262745916173,1.4707018470935396,0.8082191780821918,0.0821917808219178,0.17636986301369864,87910,553,8310,5145,OPTIMAL,34748.86392086096,17879.186943424887,16869.676977436102,0.0,0.0,29160,61114,OPTIMAL,34195.09540246058,17879.186943424887,16315.908459034245,0.0,0.0,245294,516862,180347.86251108022,0.0,0.003991625,0.56002025,0.064483709,0.16009975,0.27679575,0.048124625
sienna/5bus_40_24_conical_hull_conical_bounded_0.01,932178,40,24,conical_hull,conical_bounded,unscaled,0.01,25.260768079868086,34.969322067008,0.16538977742234892,211.43581309568071,1.2515823087064482,40,0.9951764663488942,1.0000000000000002,0.0,0.3863013698630137,0.15602739726027398,77054,515,8310,5145,OPTIMAL,35841.80066667547,17719.14428466952,18122.656382006,0.0,0.0,29160,61114,OPTIMAL,34169.40484679514,17719.14428466952,16450.26056212547,0.0,0.0,245294,516862,180138.02108059256,0.0,0.003722917,0.278323041,0.104035042,0.159050375,0.274138709,0.048124625
sienna/5bus_80_24_k_means_dirac_0.01_economic,932178,80,24,k_means,dirac,economic,0.01,71812.78139201865,150645.70396347455,0.0660058229665881,2.2823093053431185e6,1.2701082681852383,80,1.0,1.0,0.0,0.0,0.0125,0,0,0,0,OPTIMAL,24803.28793028565,17451.3154546038,7351.972475681448,0.0,0.0,56120,117834,OPTIMAL,46379.17092984805,17451.3154546038,28927.855475244396,0.0,0.0,245294,516862,202024.88956727384,0.0,0.003747333,0.019676375,1.458e-6,0.256428083,0.424003958,0.048124625
sienna/5bus_80_24_k_means_convex_0.01_economic,932178,80,24,k_means,convex,economic,0.01,57331.90849791013,150645.70396347455,0.0660058229665881,2.2823093053431185e6,1.2701082681852383,80,1.0,1.0000000000000002,0.0,0.0,0.055273972602739724,510556,4956,0,0,OPTIMAL,25432.23243034539,17308.31665323225,8123.915777113269,0.0,0.0,56120,117834,OPTIMAL,46401.71069462236,17308.31665323225,29093.39404138957,0.0,0.0,245294,516862,197932.4237566939,0.0,0.00373125,0.019777708,1.624762792,0.200273375,0.634943959,0.048124625
sienna/5bus_80_24_k_means_conical_0.01_economic,932178,80,24,k_means,conical,economic,0.01,51379.439991227344,150645.70396347455,0.0660058229665881,2.2823093053431185e6,1.2701082681852383,80,1.1102705538860707,1.6710574798682332,0.7287671232876712,0.2191780821917808,0.06914383561643836,670158,5865,0,0,OPTIMAL,27215.066107177827,17989.62173321712,9225.4443739607,0.0,0.0,56120,117834,OPTIMAL,44164.801007576156,17989.62173321712,26175.179274360635,0.0,0.0,245294,516862,202954.77773788295,0.0,0.003710834,0.019655125,1.140444708,0.203908667,0.668615542,0.048124625
sienna/5bus_80_24_k_means_conical_bounded_0.01_economic,932178,80,24,k_means,conical_bounded,economic,0.01,57150.18308916062,150645.70396347455,0.0660058229665881,2.2823093053431185e6,1.2701082681852383,80,0.971407821257454,1.0000000000000002,0.0,0.4712328767123288,0.05595890410958904,548261,5363,0,0,OPTIMAL,24958.928541480727,17158.347613869882,7800.580927610963,0.0,0.0,56120,117834,OPTIMAL,46653.30659436251,17158.347613869882,29494.9589804929,0.0,0.0,245294,516862,196649.25098662934,0.0,0.003714875,0.019875667,1.811140041,0.193546458,0.525468833,0.048124625
sienna/5bus_80_24_k_medoids_dirac_0.01_economic,932178,80,24,k_medoids,dirac,economic,0.01,92032.73772920425,145100.75963630396,0.1387184385568189,1.0460091761836756e6,1.3093050994058768,80,1.0,1.0,0.0,0.0,0.0125,0,0,0,0,OPTIMAL,34833.40730674844,17420.162656440167,17413.244650308377,0.0,0.0,56120,117834,OPTIMAL,36293.27546439969,17420.162656440167,18873.11280796387,0.0,0.0,245294,516862,192060.58706190152,0.0,0.00370025,0.018568167,6.67e-7,0.258473084,0.360724208,0.048124625
sienna/5bus_80_24_k_medoids_convex_0.01_economic,932178,80,24,k_medoids,convex,economic,0.01,59395.46929595547,145100.75963630396,0.1387184385568189,1.0460091761836756e6,1.3093050994058768,80,1.0,1.0000000000000002,0.0,0.0,0.06767123287671233,475086,4363,0,0,OPTIMAL,39723.57417582027,17668.102733105086,22055.471442715156,0.0,0.0,56120,117834,OPTIMAL,36478.024398217414,17668.102733105086,18809.92166511184,0.0,0.0,245294,516862,190187.9736020241,0.0,0.003745458,0.01864975,1.550526,0.202352667,0.471108792,0.048124625
sienna/5bus_80_24_k_medoids_conical_0.01_economic,932178,80,24,k_medoids,conical,economic,0.01,53406.35319633614,145100.75963630396,0.1387184385568189,1.0460091761836756e6,1.3093050994058768,80,1.0941680703149856,1.8636132220365373,0.5287671232876713,0.25205479452054796,0.07753424657534247,571010,4229,0,0,OPTIMAL,42937.79454423283,18028.230611780422,24909.563932452606,0.0,0.0,56120,117834,OPTIMAL,36530.30157381528,18028.230611780422,18502.070962036476,0.0,0.0,245294,516862,192711.55573315828,0.0,0.003700292,0.018815875,1.006093958,0.200133583,0.4519125,0.048124625
sienna/5bus_80_24_k_medoids_conical_bounded_0.01_economic,932178,80,24,k_medoids,conical_bounded,economic,0.01,59214.65590725216,145100.75963630396,0.1387184385568189,1.0460091761836756e6,1.3093050994058768,80,0.9685313801316595,1.0000000000000004,0.0,0.5068493150684932,0.06681506849315068,487958,3799,0,0,OPTIMAL,39194.61250104578,17465.856979909982,21728.75552113582,0.0,0.0,56120,117834,OPTIMAL,36509.86387087635,17465.856979909982,19044.00689096579,0.0,0.0,245294,516862,188251.0390232565,0.0,0.003691084,0.018766708,1.604815125,0.199746417,0.476009875,0.048124625
sienna/5bus_80_24_hierarchical_dirac_0.01_economic,932178,80,24,hierarchical,dirac,economic,0.01,85315.78234533497,158019.99088123682,0.08256812069603554,1.913813582641273e6,1.2922031647332552,80,1.0,1.0,0.0,0.0,0.0125,0,0,0,0,OPTIMAL,43343.0179229598,19076.308625491278,24266.70929746836,0.0,0.0,56120,117834,OPTIMAL,36310.07675206299,19076.308625491278,17233.768126573214,0.0,0.0,245294,516862,211986.07235321443,0.0,0.003683667,0.018946416,1.667e-6,0.320516125,0.3834345,0.048124625
sienna/5bus_80_24_hierarchical_convex_0.01_economic,932178,80,24,hierarchical,convex,economic,0.01,54226.113746609546,158019.99088123682,0.08256812069603554,1.913813582641273e6,1.2922031647332552,80,1.0,1.0000000000000004,0.0,0.0,0.0626027397260274,454810,3778,0,0,OPTIMAL,41635.55535894782,18748.5827403159,22886.972618631768,0.0,0.0,56120,117834,OPTIMAL,35879.6053835341,18748.5827403159,17131.022643218148,0.0,0.0,245294,516862,204422.71695385323,0.0,0.003757416,0.018613542,1.510677958,0.202882916,0.4949555,0.048124625
sienna/5bus_80_24_hierarchical_conical_0.01_economic,932178,80,24,hierarchical,conical,economic,0.01,48124.246017180565,158019.99088123682,0.08256812069603554,1.913813582641273e6,1.2922031647332552,80,1.0828267854721176,1.7002370765741008,0.5232876712328767,0.25753424657534246,0.07349315068493151,584080,3992,0,0,OPTIMAL,40090.87829218405,19429.09529423049,20661.782997953636,0.0,0.0,56120,117834,OPTIMAL,36428.78597374703,19429.09529423049,16999.690679516083,0.0,0.0,245294,516862,213073.53637667265,0.0,0.003689167,0.018884125,1.027753083,0.203358125,0.507056708,0.048124625
sienna/5bus_80_24_hierarchical_conical_bounded_0.01_economic,932178,80,24,hierarchical,conical_bounded,economic,0.01,53608.36516788231,158019.99088123682,0.08256812069603554,1.913813582641273e6,1.2922031647332552,80,0.9589876487977035,1.0000000000000002,0.0,0.4904109589041096,0.061952054794520546,482079,3778,0,0,OPTIMAL,41461.20156614321,18432.115782748308,23029.08578339485,0.0,0.0,56120,117834,OPTIMAL,35625.45169059823,18432.115782748308,17193.335907850986,0.0,0.0,245294,516862,201567.5996463842,0.0,0.003759333,0.01948,1.626385709,0.203502458,0.461620459,0.048124625
sienna/5bus_80_24_chronological_dirac_0.01_economic,932178,80,24,chronological,dirac,economic,0.01,195678.49887856,110333.26647342902,0.11111641950065981,992951.9594786246,1.339964573395439,80,1.0,1.0,0.0,0.0,0.0125,0,0,0,0,OPTIMAL,31451.04026488089,18729.65011841877,12721.390146462072,0.0,0.0,56120,117834,OPTIMAL,33751.42647680896,18729.65011841877,15021.776358390167,0.0,0.0,245294,516862,196617.32073796447,0.0,0.007711416,0.01849,1.833e-6,0.257456084,0.364077292,0.048124625
sienna/5bus_80_24_chronological_convex_0.01_economic,932178,80,24,chronological,convex,economic,0.01,81935.01272154252,110333.26647342902,0.11111641950065981,992951.9594786246,1.339964573395439,80,1.0,1.0000000000000002,0.0,0.0,0.0642123287671233,384381,4395,0,0,OPTIMAL,29408.58848120456,18609.479959757016,10799.108521447492,0.0,0.0,56120,117834,OPTIMAL,33767.553749412466,18609.479959757016,15158.0737896534,0.0,0.0,245294,516862,194824.78712407767,0.0,0.003750375,0.018367125,1.320520083,0.201149334,0.462924125,0.048124625
sienna/5bus_80_24_chronological_conical_0.01_economic,932178,80,24,chronological,conical,economic,0.01,73570.94992252937,110333.26647342902,0.11111641950065981,992951.9594786246,1.339964573395439,80,1.1643147822847066,1.9637207941776968,0.6,0.18082191780821918,0.07311643835616438,443970,4323,0,0,OPTIMAL,32332.937011328446,19689.652059031534,12643.284952296946,0.0,0.0,56120,117834,OPTIMAL,33937.634594987554,19689.652059031534,14247.982535957275,0.0,0.0,245294,516862,205540.27016150442,0.0,0.003681834,0.018415416,1.087597625,0.202775166,0.510312333,0.048124625
sienna/5bus_80_24_chronological_conical_bounded_0.01_economic,932178,80,24,chronological,conical_bounded,economic,0.01,81629.18344471866,110333.26647342902,0.11111641950065981,992951.9594786246,1.339964573395439,80,0.9718944349324605,1.0000000000000002,0.0,0.39452054794520547,0.06342465753424657,385363,4628,0,0,OPTIMAL,28956.94893380723,18348.68258978884,10608.266344018408,0.0,0.0,56120,117834,OPTIMAL,33778.019931410774,18348.68258978884,15429.337341619594,0.0,0.0,245294,516862,193630.1855381258,0.0,0.00367125,0.018732375,1.118849,0.194885292,0.42652575,0.048124625
sienna/5bus_80_24_convex_hull_dirac_0.01_economic,932178,80,24,convex_hull,dirac,economic,0.01,102551.2361465327,172780.07853302968,0.09788783725853578,1.7650821937836136e6,1.2914579382576663,80,1.0,1.0,0.0,0.0,0.0125,0,0,20253,5422,OPTIMAL,59284.50911663004,18832.008456257197,40452.50066037357,0.0,0.0,56120,117834,OPTIMAL,33794.29576895007,18832.008456257197,14962.28731269654,0.0,0.0,245294,516862,196039.7219491934,0.0,0.003731084,3.472215584,1.958e-6,0.264155417,0.415199625,0.048124625
sienna/5bus_80_24_convex_hull_convex_0.01_economic,932178,80,24,convex_hull,convex,economic,0.01,51658.29470457055,172780.07853302968,0.09788783725853578,1.7650821937836136e6,1.2914579382576663,80,1.0,1.0000000000000002,0.0,0.0,0.07366438356164384,359278,2942,20253,5422,OPTIMAL,50096.30861438523,18859.317398725536,31236.99121565994,0.0,0.0,56120,117834,OPTIMAL,33800.345824316,18859.317398725536,14941.028425593853,0.0,0.0,245294,516862,196137.43767557747,0.0,0.003707542,3.56061325,0.928321125,0.206142208,0.559974375,0.048124625
sienna/5bus_80_24_convex_hull_conical_0.01_economic,932178,80,24,convex_hull,conical,economic,0.01,45047.791137385095,172780.07853302968,0.09788783725853578,1.7650821937836136e6,1.2914579382576663,80,1.0287702558144556,1.7293596730500325,0.4273972602739726,0.35342465753424657,0.08126712328767123,444601,4636,20253,5422,OPTIMAL,50839.79609011113,18944.490587079523,31895.305503031697,0.0,0.0,56120,117834,OPTIMAL,33906.43104834456,18944.490587079523,14961.940461266264,0.0,0.0,245294,516862,194793.5592665621,0.0,0.003753041,3.374754583,0.709682542,0.205569708,0.5444815,0.048124625
sienna/5bus_80_24_convex_hull_conical_bounded_0.01_economic,932178,80,24,convex_hull,conical_bounded,economic,0.01,49141.76683949798,172780.07853302968,0.09788783725853578,1.7650821937836136e6,1.2914579382576663,80,0.9248690359924922,1.0000000000000002,0.0,0.589041095890411,0.0714041095890411,380561,3072,20253,5422,OPTIMAL,46194.90356220431,18612.1942707128,27582.70929149175,0.0,0.0,56120,117834,OPTIMAL,33802.752168042476,18612.1942707128,15190.557897327426,0.0,0.0,245294,516862,194156.14225224897,0.0,0.003709875,3.224984042,1.011935833,0.210528042,0.478181084,0.048124625
sienna/5bus_80_24_convex_hull_with_null_dirac_0.01_economic,932178,80,24,convex_hull_with_null,dirac,economic,0.01,102453.31657343608,173489.23998448494,0.12345451216009254,1.4052887735647012e6,1.2922679719671235,80,1.0,1.0,0.0,0.0,0.0125,0,0,20303,5737,OPTIMAL,57812.62766415073,18839.917946703703,38972.70971744739,0.0,0.0,56120,117834,OPTIMAL,33782.903373326306,18839.917946703703,14942.98542662662,0.0,0.0,245294,516862,197628.9579514048,0.0,0.003666667,3.440058416,1.959e-6,0.25984825,0.382109958,0.048124625
sienna/5bus_80_24_convex_hull_with_null_convex_0.01_economic,932178,80,24,convex_hull_with_null,convex,economic,0.01,52808.46158058652,173489.23998448494,0.12345451216009254,1.4052887735647012e6,1.2922679719671235,80,1.0,1.0000000000000002,0.0,0.0,0.07184931506849315,362703,3111,20303,5737,OPTIMAL,49865.337005420784,18851.786673565344,31013.55033185559,0.0,0.0,56120,117834,OPTIMAL,33798.44254161592,18851.786673565344,14946.655868052407,0.0,0.0,245294,516862,196000.7195489011,0.0,0.003679042,3.259939458,0.932611,0.208951542,0.463548375,0.048124625
sienna/5bus_80_24_convex_hull_with_null_conical_0.01_economic,932178,80,24,convex_hull_with_null,conical,economic,0.01,45005.355757057856,173489.23998448494,0.12345451216009254,1.4052887735647012e6,1.2922679719671235,80,0.9816757217237836,1.7259363686370073,0.3287671232876712,0.4520547945205479,0.07965753424657535,449302,4513,20303,5737,OPTIMAL,46362.0145478343,18684.416750344037,27677.597797490598,0.0,0.0,56120,117834,OPTIMAL,33815.12897755619,18684.416750344037,15130.712227212121,0.0,0.0,245294,516862,193598.8163887546,0.0,0.003652125,3.515587958,0.733835042,0.203693417,0.466593833,0.048124625
sienna/5bus_80_24_convex_hull_with_null_conical_bounded_0.01_economic,932178,80,24,convex_hull_with_null,conical_bounded,economic,0.01,48395.835168180005,173489.23998448494,0.12345451216009254,1.4052887735647012e6,1.2922679719671235,80,0.9048979757727508,1.0000000000000002,0.0,0.6328767123287671,0.07003424657534246,386852,2933,20303,5737,OPTIMAL,43402.40522240273,18241.74549426374,25160.659728138882,0.0,0.0,56120,117834,OPTIMAL,33797.59862588728,18241.74549426374,15555.853131626522,0.0,0.0,245294,516862,191177.13837180735,0.0,0.003662209,3.238853375,1.01740775,0.207779875,0.509622083,0.048124625
sienna/5bus_80_24_conical_hull_dirac_0.01_economic,932178,80,24,conical_hull,dirac,economic,0.01,151492.41759702374,73738.27620079042,0.13319671901813435,553604.2985469572,1.8814138697881455,80,1.0,1.0,0.0,0.0,0.0125,0,0,17880,7795,OPTIMAL,34266.22951718143,18508.268503025563,15757.961014155513,0.0,0.0,56120,117834,OPTIMAL,34004.39083913448,18508.268503025563,15496.12233610559,0.0,0.0,245294,516862,186358.06219552102,0.0,0.004003042,1.108080292,1.958e-6,0.259355083,0.377550167,0.048124625
sienna/5bus_80_24_conical_hull_convex_0.01_economic,932178,80,24,conical_hull,convex,economic,0.01,120203.79380373325,73738.27620079042,0.13319671901813435,553604.2985469572,1.8814138697881455,80,1.0,1.0000000000000004,0.0,0.0,0.07352739726027398,218971,3525,17880,7795,OPTIMAL,34851.90950906449,18652.558689807636,16199.35081925688,0.0,0.0,56120,117834,OPTIMAL,34019.454347072504,18652.558689807636,15366.895657262461,0.0,0.0,245294,516862,186618.57576107688,0.0,0.0036005,0.804388125,0.578426667,0.200575708,0.485855375,0.048124625
sienna/5bus_80_24_conical_hull_conical_0.01_economic,932178,80,24,conical_hull,conical,economic,0.01,52859.23462331166,73738.27620079042,0.13319671901813435,553604.2985469572,1.8814138697881455,80,1.4154024927893571,2.703310869854445,0.7452054794520548,0.03561643835616438,0.10191780821917808,330772,3097,17880,7795,OPTIMAL,44244.15486623876,20998.74975524712,23245.40511099165,0.0,0.0,56120,117834,OPTIMAL,34632.774854501055,20998.74975524712,13634.025099255496,0.0,0.0,245294,516862,211877.34029816792,0.0,0.003715542,1.059584083,0.5373175,0.213655917,0.43271875,0.048124625
sienna/5bus_80_24_conical_hull_conical_bounded_0.01_economic,932178,80,24,conical_hull,conical_bounded,economic,0.01,120335.0414603978,73738.27620079042,0.13319671901813435,553604.2985469572,1.8814138697881455,80,0.9954782263002191,1.0000000000000002,0.0,0.3726027397260274,0.07352739726027398,219053,3428,17880,7795,OPTIMAL,34769.709042723734,18626.78410603324,16142.924936690502,0.0,0.0,56120,117834,OPTIMAL,34016.93603808936,18626.78410603324,15390.151932056086,0.0,0.0,245294,516862,186150.64710990342,0.0,0.00368575,0.811596375,0.5972355,0.213684208,0.493987125,0.048124625
sienna/5bus_80_24_k_means_dirac_0.01,932178,80,24,k_means,dirac,unscaled,0.01,21.84793075680877,57.594311861472306,0.010341923887325716,5569.013317923908,1.1252306592666599,80,1.0,1.0,0.0,0.0,0.0125,0,0,0,0,OPTIMAL,28109.559565850755,18086.77816023535,10022.78140561536,0.0,0.0,56120,117834,OPTIMAL,37332.83312059825,18086.77816023535,19246.054960366277,0.0,0.0,245294,516862,200319.4007487455,0.0,0.003721709,0.016275375,1.75e-6,0.247706625,0.376467417,0.048124625
sienna/5bus_80_24_k_means_convex_0.01,932178,80,24,k_means,convex,unscaled,0.01,18.262560243728203,57.594311861472306,0.010341923887325716,5569.013317923908,1.1252306592666599,80,1.0,1.0000000000000002,0.0,0.0,0.06188356164383561,176903,1339,0,0,OPTIMAL,29363.628274435447,18597.234758978666,10766.39351545668,0.0,0.0,56120,117834,OPTIMAL,33893.45128465605,18597.234758978666,15296.216525679467,0.0,0.0,245294,516862,197541.4539722401,0.0,0.003585958,0.075865459,0.78297175,0.206773834,0.4927085,0.048124625
sienna/5bus_80_24_k_means_conical_0.01,932178,80,24,k_means,conical,unscaled,0.01,17.55772304141449,57.594311861472306,0.010341923887325716,5569.013317923908,1.1252306592666599,80,1.0259302095599574,1.2261431378189285,0.684931506849315,0.27945205479452057,0.06609589041095891,191935,1349,0,0,OPTIMAL,29635.779180500936,18773.53399702433,10862.245183476623,0.0,0.0,56120,117834,OPTIMAL,33923.01630695137,18773.53399702433,15149.48230992365,0.0,0.0,245294,516862,198196.62587905224,0.0,0.00371325,0.016764417,0.652038333,0.192949541,0.589054417,0.048124625
sienna/5bus_80_24_k_means_conical_bounded_0.01,932178,80,24,k_means,conical_bounded,unscaled,0.01,18.246831985455216,57.594311861472306,0.010341923887325716,5569.013317923908,1.1252306592666599,80,0.9897690541478725,1.0000000000000002,0.0,0.6054794520547945,0.061061643835616436,178439,1395,0,0,OPTIMAL,29235.800566635353,18574.391043650743,10661.409522984552,0.0,0.0,56120,117834,OPTIMAL,33891.693778846646,18574.391043650743,15317.3027351959,0.0,0.0,245294,516862,197560.80126439474,0.0,0.003678875,0.015996583,0.549773916,0.201899,0.480409083,0.048124625
sienna/5bus_80_24_k_medoids_dirac_0.01,932178,80,24,k_medoids,dirac,unscaled,0.01,26.47688527754062,57.12526144143543,0.019322171308323182,2956.4618038982117,1.139024205431963,80,1.0,1.0,0.0,0.0,0.0125,0,0,0,0,OPTIMAL,29440.73607269272,18138.63933765685,11302.096735035851,0.0,0.0,56120,117834,OPTIMAL,35886.090122223184,18138.63933765685,17747.450784566274,0.0,0.0,245294,516862,199768.31629312225,0.0,0.003697459,0.015806291,1.75e-6,0.324299125,0.404717958,0.048124625
sienna/5bus_80_24_k_medoids_convex_0.01,932178,80,24,k_medoids,convex,unscaled,0.01,18.931718894524803,57.12526144143543,0.019322171308323182,2956.4618038982117,1.139024205431963,80,1.0,1.0000000000000002,0.0,0.0,0.07301369863013699,148758,1174,0,0,OPTIMAL,31784.861444282436,18389.016043424253,13395.845400858256,0.0,0.0,56120,117834,OPTIMAL,33777.73720136935,18389.016043424253,15388.72115794487,0.0,0.0,245294,516862,191584.28691618756,0.0,0.003677084,0.015332333,0.753622708,0.190173875,0.438223875,0.048124625
sienna/5bus_80_24_k_medoids_conical_0.01,932178,80,24,k_medoids,conical,unscaled,0.01,18.172041069130298,57.12526144143543,0.019322171308323182,2956.4618038982117,1.139024205431963,80,1.028042254437451,1.3483981789891506,0.5452054794520548,0.2356164383561644,0.07804794520547945,155215,1132,0,0,OPTIMAL,31334.25727569037,18499.789064505138,12834.46821118527,0.0,0.0,56120,117834,OPTIMAL,33790.9628764904,18499.789064505138,15291.173811981655,0.0,0.0,245294,516862,192103.97461403394,0.0,0.00353775,0.015237209,0.3187135,0.19358675,0.449119208,0.048124625
sienna/5bus_80_24_k_medoids_conical_bounded_0.01,932178,80,24,k_medoids,conical_bounded,unscaled,0.01,18.897938249592006,57.12526144143543,0.019322171308323182,2956.4618038982117,1.139024205431963,80,0.9884207428298563,1.0000000000000002,0.0,0.5123287671232877,0.07273972602739726,150804,1194,0,0,OPTIMAL,31687.398492666285,18345.231457259815,13342.167035406394,0.0,0.0,56120,117834,OPTIMAL,33766.81402189788,18345.231457259815,15421.58256463624,0.0,0.0,245294,516862,191486.06540506388,0.0,0.003821791,0.015603792,0.771221375,0.200616708,0.445215667,0.048124625
sienna/5bus_80_24_hierarchical_dirac_0.01,932178,80,24,hierarchical,dirac,unscaled,0.01,26.468210857556894,58.019599833483504,0.02270969090573573,2554.8388163587747,1.141827843232445,80,1.0,1.0,0.0,0.0,0.0125,0,0,0,0,OPTIMAL,30393.689690024064,19034.5515146923,11359.138175332237,0.0,0.0,56120,117834,OPTIMAL,33849.32404295695,19034.5515146923,14814.772528268919,0.0,0.0,245294,516862,197334.3768681323,0.0,0.0035855,0.015636375,7.08e-7,0.256973834,0.373590875,0.048124625
sienna/5bus_80_24_hierarchical_convex_0.01,932178,80,24,hierarchical,convex,unscaled,0.01,18.067720911576796,58.019599833483504,0.02270969090573573,2554.8388163587747,1.141827843232445,80,1.0,1.0000000000000002,0.0,0.0,0.07363013698630137,160901,1212,0,0,OPTIMAL,34690.94321146074,18738.423257584236,15952.519953876616,0.0,0.0,56120,117834,OPTIMAL,33843.36404459815,18738.423257584236,15104.94078701567,0.0,0.0,245294,516862,192222.67530338338,0.0,0.003730125,0.0156345,0.751160458,0.206349417,0.448431375,0.048124625
sienna/5bus_80_24_hierarchical_conical_0.01,932178,80,24,hierarchical,conical,unscaled,0.01,17.321374513765544,58.019599833483504,0.02270969090573573,2554.8388163587747,1.141827843232445,80,1.0198456068591262,1.2817503007510611,0.5342465753424658,0.2465753424657534,0.07794520547945205,168943,1227,0,0,OPTIMAL,33654.40921745265,18781.952699340312,14872.456518112358,0.0,0.0,56120,117834,OPTIMAL,33842.8305194004,18781.952699340312,15060.877820056206,0.0,0.0,245294,516862,192910.70963782992,0.0,0.003618166,0.01586375,0.338190292,0.192211458,0.479640542,0.048124625
sienna/5bus_80_24_hierarchical_conical_bounded_0.01,932178,80,24,hierarchical,conical_bounded,unscaled,0.01,17.97339018794887,58.019599833483504,0.02270969090573573,2554.8388163587747,1.141827843232445,80,0.9863582037324502,1.0000000000000002,0.0,0.5150684931506849,0.07297945205479452,158950,1276,0,0,OPTIMAL,34575.85470518054,18705.04759557818,15870.807109602392,0.0,0.0,56120,117834,OPTIMAL,33842.7595203602,18705.04759557818,15137.711924782105,0.0,0.0,245294,516862,192262.0796415931,0.0,0.003721708,0.015550458,0.735711959,0.202857,0.432695167,0.048124625
sienna/5bus_80_24_chronological_dirac_0.01,932178,80,24,chronological,dirac,unscaled,0.01,38.086327783075085,58.55402357717848,0.025428401021932143,2302.701751741106,1.1144034009085833,80,1.0,1.0,0.0,0.0,0.0125,0,0,0,0,OPTIMAL,34640.70250369634,18621.08618424383,16019.616319453435,0.0,0.0,56120,117834,OPTIMAL,33750.78530084526,18621.08618424383,15129.69911660129,0.0,0.0,245294,516862,195459.16187075418,0.0,0.003676333,0.015033375,1.5e-6,0.25532025,0.337913167,0.048124625
sienna/5bus_80_24_chronological_convex_0.01,932178,80,24,chronological,convex,unscaled,0.01,21.32682165364962,58.55402357717848,0.025428401021932143,2302.701751741106,1.1144034009085833,80,1.0,1.0000000000000002,0.0,0.0,0.06904109589041096,181206,1093,0,0,OPTIMAL,37516.99221111605,18277.801880298914,19239.190330817088,0.0,0.0,56120,117834,OPTIMAL,33770.19402968717,18277.801880298914,15492.392149391993,0.0,0.0,245294,516862,189506.1657257005,0.0,0.003735792,0.015311416,0.786463709,0.202202375,0.519046833,0.048124625
sienna/5bus_80_24_chronological_conical_0.01,932178,80,24,chronological,conical,unscaled,0.01,20.31397496764784,58.55402357717848,0.025428401021932143,2302.701751741106,1.1144034009085833,80,1.018577846065518,1.324337619552574,0.4849315068493151,0.2958904109589041,0.07136986301369863,185194,1225,0,0,OPTIMAL,36432.526875036514,18360.280489508776,18072.24638552762,0.0,0.0,56120,117834,OPTIMAL,33762.890395894836,18360.280489508776,15402.609906383967,0.0,0.0,245294,516862,190622.19753464675,0.0,0.003669333,0.015225416,0.368212625,0.207200958,0.552171208,0.048124625
sienna/5bus_80_24_chronological_conical_bounded_0.01,932178,80,24,chronological,conical_bounded,unscaled,0.01,21.173171064619908,58.55402357717848,0.025428401021932143,2302.701751741106,1.1144034009085833,80,0.9836046650082185,1.0000000000000002,0.0,0.5178082191780822,0.06804794520547945,181275,1222,0,0,OPTIMAL,37652.44729991219,18270.648496453206,19381.79880345919,0.0,0.0,56120,117834,OPTIMAL,33766.46681074159,18270.648496453206,15495.818314288363,0.0,0.0,245294,516862,190490.50178738282,0.0,0.003748083,0.015318209,0.844829209,0.201454917,0.66807125,0.048124625
sienna/5bus_80_24_convex_hull_dirac_0.01,932178,80,24,convex_hull,dirac,unscaled,0.01,31.263428282899685,59.50011024468132,0.01628355826789432,3653.9992835592607,1.1653852782034975,80,1.0,1.0,0.0,0.0,0.0125,0,0,19089,6586,OPTIMAL,42357.524856147,18215.877769058086,24141.64708708875,0.0,0.0,56120,117834,OPTIMAL,33892.54712031906,18215.877769058086,15676.66935125836,0.0,0.0,245294,516862,187156.2748917206,0.0,0.003721833,1.792961584,8.75e-7,0.258948916,0.379172958,0.048124625
sienna/5bus_80_24_convex_hull_convex_0.01,932178,80,24,convex_hull,convex,unscaled,0.01,16.344438051648524,59.50011024468132,0.01628355826789432,3653.9992835592607,1.1653852782034975,80,1.0,1.0000000000000002,0.0,0.0,0.08715753424657534,148165,1056,19089,6586,OPTIMAL,40611.07572683014,18397.634310690722,22213.44141613965,0.0,0.0,56120,117834,OPTIMAL,33923.861157984546,18397.634310690722,15526.226847293829,0.0,0.0,245294,516862,186700.04018874984,0.0,0.003563125,2.074929959,0.417623708,0.213188917,0.461627625,0.048124625
sienna/5bus_80_24_convex_hull_conical_0.01,932178,80,24,convex_hull,conical,unscaled,0.01,15.664574004641823,59.50011024468132,0.01628355826789432,3653.9992835592607,1.1653852782034975,80,1.031823912678686,1.2522343753035101,0.5835616438356165,0.19726027397260273,0.09191780821917808,156282,950,19089,6586,OPTIMAL,38152.39126480279,18352.827848145695,19799.56341665715,0.0,0.0,56120,117834,OPTIMAL,33955.121120876334,18352.827848145695,15602.293272730667,0.0,0.0,245294,516862,186052.3677452782,0.0,0.003632625,1.771713292,0.263411625,0.214427375,0.466272541,0.048124625
sienna/5bus_80_24_convex_hull_conical_bounded_0.01,932178,80,24,convex_hull,conical_bounded,unscaled,0.01,16.37788597337722,59.50011024468132,0.01628355826789432,3653.9992835592607,1.1653852782034975,80,0.9907612139514296,1.0000000000000002,0.0,0.5287671232876713,0.08654109589041097,148843,926,19089,6586,OPTIMAL,40586.9779059024,18379.37498026396,22207.602925638497,0.0,0.0,56120,117834,OPTIMAL,33923.38397137421,18379.37498026396,15544.008991112025,0.0,0.0,245294,516862,186462.82210092866,0.0,0.003746,2.14980825,0.413118875,0.20251325,0.497214666,0.048124625
sienna/5bus_80_24_convex_hull_with_null_dirac_0.01,932178,80,24,convex_hull_with_null,dirac,unscaled,0.01,30.37647132239041,59.177600626524814,0.022529269640868398,2626.6985823266928,1.166611187071987,80,1.0,1.0,0.0,0.0,0.0125,0,0,18905,7135,OPTIMAL,38963.016529301145,18134.75999440382,20828.256534897384,0.0,0.0,56120,117834,OPTIMAL,33896.31451624378,18134.75999440382,15761.554521844491,0.0,0.0,245294,516862,184992.5520513462,0.0,0.003721167,2.05203775,1.584e-6,0.225550917,0.339725209,0.048124625
sienna/5bus_80_24_convex_hull_with_null_convex_0.01,932178,80,24,convex_hull_with_null,convex,unscaled,0.01,16.080281682064253,59.177600626524814,0.022529269640868398,2626.6985823266928,1.166611187071987,80,1.0,1.0000000000000002,0.0,0.0,0.0859931506849315,145315,878,18905,7135,OPTIMAL,39907.65036381575,18372.016521281133,21535.633842534728,0.0,0.0,56120,117834,OPTIMAL,33933.507853775525,18372.016521281133,15561.49133249817,0.0,0.0,245294,516862,185801.4016304806,0.0,0.003592958,2.411736709,0.393148834,0.201346125,0.470325541,0.048124625
sienna/5bus_80_24_convex_hull_with_null_conical_0.01,932178,80,24,convex_hull_with_null,conical,unscaled,0.01,15.443275724408632,59.177600626524814,0.022529269640868398,2626.6985823266928,1.166611187071987,80,1.0270200117775143,1.2058005626495754,0.5506849315068493,0.23013698630136986,0.09154109589041096,156567,1134,18905,7135,OPTIMAL,37515.92764087071,18327.147917933264,19188.779722937597,0.0,0.0,56120,117834,OPTIMAL,33952.12902532583,18327.147917933264,15624.981107396428,0.0,0.0,245294,516862,184970.1314889666,0.0,0.003625625,2.029137334,0.263936834,0.21521575,0.489969834,0.048124625
sienna/5bus_80_24_convex_hull_with_null_conical_bounded_0.01,932178,80,24,convex_hull_with_null,conical_bounded,unscaled,0.01,16.0992861576451,59.177600626524814,0.022529269640868398,2626.6985823266928,1.166611187071987,80,0.9892545119258476,1.0000000000000002,0.0,0.5643835616438356,0.0851027397260274,148020,855,18905,7135,OPTIMAL,39853.17054230181,18334.226317783454,21518.944224518254,0.0,0.0,56120,117834,OPTIMAL,33934.07837695538,18334.226317783454,15599.852059171952,0.0,0.0,245294,516862,185843.83890048455,0.0,0.003701167,2.252210708,0.409883875,0.203511875,0.510517125,0.048124625
sienna/5bus_80_24_conical_hull_dirac_0.01,932178,80,24,conical_hull,dirac,unscaled,0.01,33.229107767138004,50.63221941939174,0.01526450549803573,3316.990480032727,1.228441707140947,80,1.0,1.0,0.0,0.0,0.0125,0,0,18627,7048,OPTIMAL,31256.381842677376,18046.041974392232,13210.339868285679,0.0,0.0,56120,117834,OPTIMAL,33939.693759348105,18046.041974392232,15893.651784955882,0.0,0.0,245294,516862,183844.58254602118,0.0,0.00370575,0.999616958,1.625e-6,0.270541959,0.323785458,0.048124625
sienna/5bus_80_24_conical_hull_convex_0.01,932178,80,24,conical_hull,convex,unscaled,0.01,19.034203104914344,50.63221941939174,0.01526450549803573,3316.990480032727,1.228441707140947,80,1.0,1.0000000000000002,0.0,0.0,0.08215753424657535,119182,1018,18627,7048,OPTIMAL,34488.348720600574,18311.19467079871,16177.1540498018,0.0,0.0,56120,117834,OPTIMAL,34009.411089244946,18311.19467079871,15698.216418448335,0.0,0.0,245294,516862,185006.60101198638,0.0,0.003587375,1.220783833,0.330155792,0.202357958,0.457478,0.048124625
sienna/5bus_80_24_conical_hull_conical_0.01,932178,80,24,conical_hull,conical,unscaled,0.01,16.6960894801511,50.63221941939174,0.01526450549803573,3316.990480032727,1.228441707140947,80,1.0780433515956196,1.370360739903139,0.7041095890410959,0.07671232876712329,0.09585616438356165,142742,1072,18627,7048,OPTIMAL,33101.89622171047,18226.678824589973,14875.217397120554,0.0,0.0,56120,117834,OPTIMAL,34039.045539876985,18226.678824589973,15812.366715283524,0.0,0.0,245294,516862,183866.57266360972,0.0,0.003644,0.962675709,0.236850333,0.2117255,0.4529715,0.048124625
sienna/5bus_80_24_conical_hull_conical_bounded_0.01,932178,80,24,conical_hull,conical_bounded,unscaled,0.01,19.118600862277596,50.63221941939174,0.01526450549803573,3316.990480032727,1.228441707140947,80,0.9953003345388878,1.0000000000000002,0.0,0.4520547945205479,0.08205479452054794,120462,968,18627,7048,OPTIMAL,34432.874885345016,18257.960240238812,16174.914645106186,0.0,0.0,56120,117834,OPTIMAL,34006.19518468639,18257.960240238812,15748.234944447368,0.0,0.0,245294,516862,185033.20610617797,0.0,0.003689833,1.194513375,0.339716875,0.201233166,0.489707,0.048124625
sienna/5bus_1_8760_k_means_dirac_0.01_economic,643543,1,8760,k_means,dirac,economic,0.01,0.0,1.0,1.0,1.0,1.0,1,1.0,1.0,0.0,0.0,1.0,0,0,0,0,OPTIMAL,33746.70401607637,18577.455697202462,15169.248318875589,0.0,0.0,245294,516862,N/A,,,,,,0,0,0.0,0.0,0.003379208,0.019574875,1.459e-6,0.656466125,2.469084,0.048064291
sienna/5bus_10_24_k_means_dirac_0.01_economic,643543,10,24,k_means,dirac,economic,0.01,114948.67979161497,53173.107934212094,454.4029034119871,117.01753561640952,1.1625034378636503,10,1.0,1.0,0.0,0.0,0.1,0,0,0,0,OPTIMAL,21290.442248839696,17542.05943974213,3748.38280909753,0.0,0.0,8940,18574,OPTIMAL,543040.4232614161,17542.05943974213,522240.7085112338,0.0,3257.655310452001,245294,516862,217777.155380526,325.7655310452001,0.003553875,0.017497959,7.08e-7,0.063546375,0.058987042,0.048064291
sienna/5bus_10_24_k_means_convex_0.01_economic,643543,10,24,k_means,convex,economic,0.01,101289.63441730064,53173.107934212094,454.4029034119871,117.01753561640952,1.1625034378636503,10,1.0,1.0000000000000002,0.0,0.0,0.24383561643835616,75348,823,0,0,OPTIMAL,21196.99941618549,17477.24091236909,3719.758503816357,0.0,0.0,8940,18574,OPTIMAL,525491.4801265078,17477.24091236909,508014.2392141077,0.0,0.0,245294,516862,218493.48281725735,0.0,0.003620833,0.017577458,0.025590625,0.065254416,0.07004575,0.048064291
sienna/5bus_10_24_k_means_conical_0.01_economic,643543,10,24,k_means,conical,economic,0.01,92940.86356368287,53173.107934212094,454.4029034119871,117.01753561640952,1.1625034378636503,10,1.0537115742507726,1.6873481557372945,0.6465753424657534,0.35342465753424657,0.2589041095890411,103663,993,0,0,OPTIMAL,21189.431844663875,16943.367210119883,4246.064634544014,0.0,0.0,8940,18574,OPTIMAL,525280.0740314829,16943.367210119883,495416.3910695376,0.0,12920.31575183529,245294,516862,212780.86023622734,1292.031575183529,0.003492708,0.017687833,0.021161125,0.065124166,0.055562917,0.048064291
sienna/5bus_10_24_k_means_conical_bounded_0.01_economic,643543,10,24,k_means,conical_bounded,economic,0.01,98867.62284962517,53173.107934212094,454.4029034119871,117.01753561640952,1.1625034378636503,10,0.9260764495023607,1.0000000000000002,0.0,0.39452054794520547,0.24383561643835616,86653,823,0,0,OPTIMAL,20667.924018710386,16715.710898619694,3952.213120090656,0.0,0.0,8940,18574,OPTIMAL,497091.16392460646,16715.710898619694,472532.03762746556,0.0,7843.415398535864,245294,516862,211235.0255063064,784.3415398535865,0.003649292,0.017378083,0.031792666,0.065364125,0.0564185,0.048064291
sienna/5bus_10_24_k_medoids_dirac_0.01_economic,643543,10,24,k_medoids,dirac,economic,0.01,134804.29155342042,55485.77889421653,1418.8881513653232,39.10511116808285,1.1962448854758188,10,1.0,1.0,0.0,0.0,0.1,0,0,0,0,OPTIMAL,23952.37357603659,19146.35677878302,4806.01679725355,0.0,0.0,8940,18574,OPTIMAL,46946.72978325524,19146.35677878302,27800.373004472098,0.0,0.0,245294,516862,218257.13995809344,0.0,0.003478792,0.017595958,1.625e-6,0.076988667,0.061067791,0.048064291
sienna/5bus_10_24_k_medoids_convex_0.01_economic,643543,10,24,k_medoids,convex,economic,0.01,104316.04598488692,55485.77889421653,1418.8881513653232,39.10511116808285,1.1962448854758188,10,1.0,1.0000000000000002,0.0,0.0,0.3320547945205479,98220,680,0,0,OPTIMAL,24207.241099450493,18934.463314431614,5272.777785018885,0.0,0.0,8940,18574,OPTIMAL,46828.7484303583,18934.463314431614,27894.28511592815,0.0,0.0,245294,516862,216150.97606198073,0.0,0.0036185,0.017948041,0.106224667,0.08511325,0.05478825,0.048064291
sienna/5bus_10_24_k_medoids_conical_0.01_economic,643543,10,24,k_medoids,conical,economic,0.01,98766.32835910407,55485.77889421653,1418.8881513653232,39.10511116808285,1.1962448854758188,10,1.0592935543544648,1.705222795288879,0.6657534246575343,0.30684931506849317,0.3424657534246575,123892,699,0,0,OPTIMAL,24048.50622679591,18699.5079500435,5348.998276752403,0.0,0.0,8940,18574,OPTIMAL,47101.19622246917,18699.5079500435,28401.688272425607,0.0,0.0,245294,516862,219778.74511829083,0.0,0.003656041,0.017607875,0.092126291,0.0807075,0.05438725,0.048064291
sienna/5bus_10_24_k_medoids_conical_bounded_0.01_economic,643543,10,24,k_medoids,conical_bounded,economic,0.01,102550.09197913301,55485.77889421653,1418.8881513653232,39.10511116808285,1.1962448854758188,10,0.9332818755555106,1.0000000000000002,0.0,0.37534246575342467,0.32821917808219175,107514,684,0,0,OPTIMAL,23606.98360762659,18217.599412014668,5389.384195611876,0.0,0.0,8940,18574,OPTIMAL,46363.14957168663,18217.599412014668,28145.550159671857,0.0,0.0,245294,516862,213562.2704877708,0.0,0.003516208,0.017533167,0.040022125,0.083907833,0.066321625,0.048064291
sienna/5bus_10_24_hierarchical_dirac_0.01_economic,643543,10,24,hierarchical,dirac,economic,0.01,137230.32363714508,57319.540357789374,1516.4346238862136,37.798886582327455,1.1960997422261825,10,1.0,1.0,0.0,0.0,0.1,0,0,0,0,OPTIMAL,25798.29459256151,18800.912616991853,6997.381975569618,0.0,0.0,8940,18574,OPTIMAL,61076.77987114383,18800.912616991853,42275.86725415177,0.0,0.0,245294,516862,218090.36839238447,0.0,0.003482166,0.018100459,1.833e-6,0.078625375,0.057856292,0.048064291
sienna/5bus_10_24_hierarchical_convex_0.01_economic,643543,10,24,hierarchical,convex,economic,0.01,105149.03357961544,57319.540357789374,1516.4346238862136,37.798886582327455,1.1960997422261825,10,1.0,1.0000000000000002,0.0,0.0,0.32054794520547947,101689,737,0,0,OPTIMAL,25505.603864967114,18675.30980785937,6830.294057107754,0.0,0.0,8940,18574,OPTIMAL,61270.503518072546,18675.30980785937,42595.19371021706,0.0,0.0,245294,516862,217555.04973938674,0.0,0.003569792,0.018412667,0.103305334,0.080214292,0.056893458,0.048064291
sienna/5bus_10_24_hierarchical_conical_0.01_economic,643543,10,24,hierarchical,conical,economic,0.01,99952.16590911608,57319.540357789374,1516.4346238862136,37.798886582327455,1.1960997422261825,10,1.053282145657044,1.5071951359204454,0.6465753424657534,0.32602739726027397,0.32246575342465755,122592,934,0,0,OPTIMAL,25472.11634847148,18299.233397748594,7172.8829507228775,0.0,0.0,8940,18574,OPTIMAL,60630.965396519874,18299.233397748594,42331.731998773335,0.0,0.0,245294,516862,217307.61998216007,0.0,0.003445417,0.01909025,0.025144542,0.081065417,0.056125708,0.048064291
sienna/5bus_10_24_hierarchical_conical_bounded_0.01_economic,643543,10,24,hierarchical,conical_bounded,economic,0.01,103286.46748358755,57319.540357789374,1516.4346238862136,37.798886582327455,1.1960997422261825,10,0.9294693937469803,1.0,0.0,0.3698630136986301,0.3178082191780822,114220,902,0,0,OPTIMAL,24912.151991155246,17623.780379470238,7288.371611684967,0.0,0.0,8940,18574,OPTIMAL,58965.29278688601,17623.780379470238,41341.51240741534,0.0,0.0,245294,516862,213288.4259898177,0.0,0.003462542,0.018151875,0.271779125,0.064586792,0.049641125,0.048064291
sienna/5bus_10_24_chronological_dirac_0.01_economic,643543,10,24,chronological,dirac,economic,0.01,231088.2918494902,27559.443189826496,982.9330400301776,28.037966033759915,1.321579248245148,10,1.0,1.0,0.0,0.0,0.1,0,0,0,0,OPTIMAL,25756.255563784573,16631.444232323003,9124.811331461657,0.0,0.0,8940,18574,OPTIMAL,54317.90348945429,16631.444232323003,37686.45925713723,0.0,0.0,245294,516862,197385.42586194805,0.0,0.003637208,0.017614834,1.625e-6,0.0786565,0.033038584,0.048064291
sienna/5bus_10_24_chronological_convex_0.01_economic,643543,10,24,chronological,convex,economic,0.01,169513.80638029758,27559.443189826496,982.9330400301776,28.037966033759915,1.321579248245148,10,1.0,1.0000000000000002,0.0,0.0,0.28465753424657536,61886,521,0,0,OPTIMAL,27685.85655280956,16083.512379937903,11602.344172871626,0.0,0.0,8940,18574,OPTIMAL,51512.1297755631,16083.512379937903,35428.61739562787,0.0,0.0,245294,516862,180730.47600247306,0.0,0.003475208,0.017337167,0.020080167,0.079862375,0.046291291,0.048064291
sienna/5bus_10_24_chronological_conical_0.01_economic,643543,10,24,chronological,conical,economic,0.01,126364.9780655519,27559.443189826496,982.9330400301776,28.037966033759915,1.321579248245148,10,1.2900741001353409,2.530321024172794,0.7232876712328767,0.2493150684931507,0.32575342465753426,85082,586,0,0,OPTIMAL,31175.18196552285,18382.81551402419,12792.36645149867,0.0,0.0,8940,18574,OPTIMAL,54430.46893948935,18382.81551402419,36047.653425465476,0.0,0.0,245294,516862,206877.8280716888,0.0,0.003585334,0.017596209,0.253816042,0.066618416,0.060214166,0.048064291
sienna/5bus_10_24_chronological_conical_bounded_0.01_economic,643543,10,24,chronological,conical_bounded,economic,0.01,169012.78739951234,27559.443189826496,982.9330400301776,28.037966033759915,1.321579248245148,10,0.9532274550910215,1.0,0.0,0.2876712328767123,0.28465753424657536,66792,556,0,0,OPTIMAL,26900.08052566521,16022.880184513033,10877.20034115219,0.0,0.0,8940,18574,OPTIMAL,51489.70665013822,16022.880184513033,35466.82646562753,0.0,0.0,245294,516862,180482.4159469364,0.0,0.003622416,0.0174645,0.025356292,0.080396833,0.04726475,0.048064291
sienna/5bus_10_24_convex_hull_dirac_0.01_economic,643543,10,24,convex_hull,dirac,economic,0.01,162240.91702594532,60866.66467238132,2397.7156164778844,25.385272654557415,1.3868480441792759,10,1.0,1.0,0.0,0.0,0.1,0,0,1173,2067,OPTIMAL,75081.09203832087,18433.76745205176,56647.32458626919,0.0,0.0,8940,18574,OPTIMAL,38445.82964247298,18433.76745205176,20012.062190422228,0.0,0.0,245294,516862,205164.7512224142,0.0,0.003481666,0.05420175,1.042e-6,0.063532875,0.053495667,0.048064291
sienna/5bus_10_24_convex_hull_convex_0.01_economic,643543,10,24,convex_hull,convex,economic,0.01,96011.85289629435,60866.66467238132,2397.7156164778844,25.385272654557415,1.3868480441792759,10,1.0,1.0000000000000002,0.0,0.0,0.41835616438356166,58276,350,1173,2067,OPTIMAL,64137.64533807877,18438.54625781348,45699.09908026527,0.0,0.0,8940,18574,OPTIMAL,38519.478975554426,18438.54625781348,20080.932717741536,0.0,0.0,245294,516862,204426.48856153272,0.0,0.003429209,0.054121875,0.020659209,0.066105459,0.056242333,0.048064291
sienna/5bus_10_24_convex_hull_conical_0.01_economic,643543,10,24,convex_hull,conical,economic,0.01,86132.91526268562,60866.66467238132,2397.7156164778844,25.385272654557415,1.3868480441792759,10,0.9420802486182771,1.6903727573851501,0.4273972602739726,0.5452054794520548,0.4312328767123288,75867,552,1173,2067,OPTIMAL,55955.16809162721,17997.51828099469,37957.649810632596,0.0,0.0,8940,18574,OPTIMAL,38519.834656421466,17997.51828099469,20522.31637542668,0.0,0.0,245294,516862,202572.85162857064,0.0,0.003513208,0.055233292,0.016363667,0.066827625,0.05633875,0.048064291
sienna/5bus_10_24_convex_hull_conical_bounded_0.01_economic,643543,10,24,convex_hull,conical_bounded,economic,0.01,89663.13417127218,60866.66467238132,2397.7156164778844,25.385272654557415,1.3868480441792759,10,0.8656310275927048,1.0,0.0,0.6246575342465753,0.40328767123287673,72413,420,1173,2067,OPTIMAL,52771.63384735581,18061.666774313726,34709.96707304209,0.0,0.0,8940,18574,OPTIMAL,38410.88699721983,18061.666774313726,20349.220222903885,0.0,0.0,245294,516862,200251.8639502299,0.0,0.003441541,0.055239083,0.026844792,0.066856,0.045445667,0.048064291
sienna/5bus_10_24_convex_hull_with_null_dirac_0.01_economic,643543,10,24,convex_hull_with_null,dirac,economic,0.01,240075.96943837943,63078.27696252012,3208.42257759307,19.660214774401968,1.399727185623997,10,1.0,1.0,0.0,0.0,0.1,0,0,964,2641,OPTIMAL,22994.359486121415,16399.08916351567,6595.270322605642,0.0,0.0,8940,18574,OPTIMAL,53250.54007253752,16399.08916351567,36851.45090901974,0.0,0.0,245294,516862,188329.39489083033,0.0,0.00342325,0.0825165,1.167e-6,0.129278667,0.055107875,0.048064291
sienna/5bus_10_24_convex_hull_with_null_convex_0.01_economic,643543,10,24,convex_hull_with_null,convex,economic,0.01,168002.94187195945,63078.27696252012,3208.42257759307,19.660214774401968,1.399727185623997,10,1.0,1.0000000000000002,0.0,0.0,0.39013698630136984,59905,362,964,2641,OPTIMAL,23122.474890295336,17377.468661597566,5745.006228697826,0.0,0.0,8940,18574,OPTIMAL,50627.0025904145,17377.468661597566,33249.533928819146,0.0,0.0,245294,516862,199684.25017629465,0.0,0.00363875,0.147817792,0.021762,0.066573625,0.060718584,0.048064291
sienna/5bus_10_24_convex_hull_with_null_conical_0.01_economic,643543,10,24,convex_hull_with_null,conical,economic,0.01,105129.0630373199,63078.27696252012,3208.42257759307,19.660214774401968,1.399727185623997,10,0.6605219938768003,1.4387194949848794,0.20821917808219179,0.7643835616438356,0.40465753424657536,70193,447,964,2641,OPTIMAL,20823.594014607774,14573.508758450378,6250.085256157398,0.0,0.0,8940,18574,OPTIMAL,60562.169452822636,14573.508758450378,45988.66069437749,0.0,0.0,245294,516862,170142.0664015603,0.0,0.003520875,0.081328667,0.231097834,0.065446125,0.047731375,0.048064291
sienna/5bus_10_24_convex_hull_with_null_conical_bounded_0.01_economic,643543,10,24,convex_hull_with_null,conical_bounded,economic,0.01,106683.3659177915,63078.27696252012,3208.42257759307,19.660214774401968,1.399727185623997,10,0.6266697401491379,1.0,0.0,0.8,0.3838356164383562,67680,436,964,2641,OPTIMAL,20592.61741316862,14162.596596720457,6430.020816448189,0.0,0.0,8940,18574,OPTIMAL,64142.41969458209,14162.596596720457,49979.82309786137,0.0,0.0,245294,516862,165822.4637508154,0.0,0.003522375,0.081579833,0.025806708,0.066578541,0.043874125,0.048064291
sienna/5bus_10_24_conical_hull_dirac_0.01_economic,643543,10,24,conical_hull,dirac,economic,0.01,218478.22500140945,22446.737845052754,1448.0393792465468,15.501469205024234,2.2984966971676144,10,1.0,1.0,0.0,0.0,0.1,0,0,448,2792,OPTIMAL,42319.21985447601,17444.07606360715,24875.14379086888,0.0,0.0,8940,18574,OPTIMAL,37996.82344546973,17444.07606360715,20552.747381860765,0.0,0.0,245294,516862,191273.24180177413,0.0,0.003598125,0.029994666,9.58e-7,0.064232667,0.051753875,0.048064291
sienna/5bus_10_24_conical_hull_convex_0.01_economic,643543,10,24,conical_hull,convex,economic,0.01,194630.2599109186,22446.737845052754,1448.0393792465468,15.501469205024234,2.2984966971676144,10,1.0,1.0000000000000002,0.0,0.0,0.4043835616438356,33825,236,448,2792,OPTIMAL,43113.48948568748,17558.710622790826,25554.77886289662,0.0,0.0,8940,18574,OPTIMAL,38004.0566794529,17558.710622790826,20445.34605666404,0.0,0.0,245294,516862,190897.46742118686,0.0,0.003484958,0.030305208,0.065731875,0.065413959,0.0426815,0.048064291
sienna/5bus_10_24_conical_hull_conical_0.01_economic,643543,10,24,conical_hull,conical,economic,0.01,115292.19780071471,22446.737845052754,1448.0393792465468,15.501469205024234,2.2984966971676144,10,1.8282831352935032,3.8539303413791846,0.9397260273972603,0.03287671232876712,0.5463013698630137,54370,333,448,2792,OPTIMAL,60158.89221668311,22545.818867472768,37613.07334921038,0.0,0.0,8940,18574,OPTIMAL,41550.56840210837,22545.818867472768,19004.749534635564,0.0,0.0,245294,516862,233989.72566728372,0.0,0.003433208,0.030404292,0.08342675,0.0657115,0.053664541,0.048064291
sienna/5bus_10_24_conical_hull_conical_bounded_0.01_economic,643543,10,24,conical_hull,conical_bounded,economic,0.01,194634.90992439966,22446.737845052754,1448.0393792465468,15.501469205024234,2.2984966971676144,10,0.9924486884789187,1.0,0.0,0.20821917808219179,0.403013698630137,34578,259,448,2792,OPTIMAL,42972.492796044666,17552.430119505418,25420.062676539288,0.0,0.0,8940,18574,OPTIMAL,37999.84338849648,17552.430119505418,20447.413268989392,0.0,0.0,245294,516862,190897.46742118686,0.0,0.003446125,0.030331959,0.013934125,0.065642625,0.122339958,0.048064291
sienna/5bus_10_24_k_means_dirac_0.01,643543,10,24,k_means,dirac,unscaled,0.01,31.501411080045784,21.08230602097523,0.229657091800103,91.79906379431814,1.0753392229310015,10,1.0,1.0,0.0,0.0,0.1,0,0,0,0,OPTIMAL,24501.572761845255,16859.8133452941,7641.759416551151,0.0,0.0,8940,18574,OPTIMAL,92974.7668204829,16859.8133452941,76114.9534751815,0.0,0.0,245294,516862,201693.6406430011,0.0,0.003419333,0.015246625,7.08e-7,0.063809583,0.041496917,0.048064291
sienna/5bus_10_24_k_means_convex_0.01,643543,10,24,k_means,convex,unscaled,0.01,28.71002959133257,21.08230602097523,0.229657091800103,91.79906379431814,1.0753392229310015,10,1.0,1.0000000000000002,0.0,0.0,0.27506849315068493,39430,320,0,0,OPTIMAL,24849.573814717358,16858.939639554403,7990.634175162888,0.0,0.0,8940,18574,OPTIMAL,93015.17688190732,16858.939639554403,76156.2372423504,0.0,0.0,245294,516862,199828.04730536666,0.0,0.00360825,0.014824459,0.012857667,0.066166792,0.05415275,0.048064291
sienna/5bus_10_24_k_means_conical_0.01,643543,10,24,k_means,conical,unscaled,0.01,27.711389023649705,21.08230602097523,0.229657091800103,91.79906379431814,1.0753392229310015,10,1.017062706064868,1.2327107710706486,0.6356164383561644,0.3643835616438356,0.28,45224,377,0,0,OPTIMAL,25064.076898591207,16984.336079492838,8079.740819098344,0.0,0.0,8940,18574,OPTIMAL,93035.66548673075,16984.336079492838,76051.32940723532,0.0,0.0,245294,516862,199842.17205637478,0.0,0.003601083,0.014894917,0.009195458,0.064638833,0.054191,0.048064291
sienna/5bus_10_24_k_means_conical_bounded_0.01,643543,10,24,k_means,conical_bounded,unscaled,0.01,28.36836724365731,21.08230602097523,0.229657091800103,91.79906379431814,1.0753392229310015,10,0.9784560428703475,1.0,0.0,0.4410958904109589,0.27506849315068493,41406,380,0,0,OPTIMAL,24626.2493291294,16833.118655309667,7793.13067381972,0.0,0.0,8940,18574,OPTIMAL,93062.50764980797,16833.118655309667,76229.38899449135,0.0,0.0,245294,516862,199368.98659668656,0.0,0.0035105,0.015166958,0.016463791,0.11859275,0.052843083,0.048064291
sienna/5bus_10_24_k_medoids_dirac_0.01,643543,10,24,k_medoids,dirac,unscaled,0.01,37.00887882657266,21.513173445946723,0.526957264794676,40.825271579336004,1.085967898640861,10,1.0,1.0,0.0,0.0,0.1,0,0,0,0,OPTIMAL,25224.89026715861,17014.217351974203,8210.67291518438,0.0,0.0,8940,18574,OPTIMAL,62731.83018882114,17014.217351974203,45717.612836849104,0.0,0.0,245294,516862,197820.88352808665,0.0,0.003527292,0.014943125,2.0e-6,0.078609208,0.041921084,0.048064291
sienna/5bus_10_24_k_medoids_convex_0.01,643543,10,24,k_medoids,convex,unscaled,0.01,30.399445565367085,21.513173445946723,0.526957264794676,40.825271579336004,1.085967898640861,10,1.0,1.0000000000000002,0.0,0.0,0.36547945205479454,43285,274,0,0,OPTIMAL,25646.19729362323,17181.735119238685,8464.462174384538,0.0,0.0,8940,18574,OPTIMAL,61460.39195128569,17181.735119238685,44278.65683204796,0.0,0.0,245294,516862,197362.34636764094,0.0,0.003636917,0.014942334,0.01567575,0.080297958,0.051603791,0.048064291
sienna/5bus_10_24_k_medoids_conical_0.01,643543,10,24,k_medoids,conical,unscaled,0.01,29.431458247741624,21.513173445946723,0.526957264794676,40.825271579336004,1.085967898640861,10,1.0007178216987935,1.2831304583668082,0.46301369863013697,0.5095890410958904,0.37534246575342467,48905,280,0,0,OPTIMAL,25576.615238552477,17165.10237915475,8411.512859397686,0.0,0.0,8940,18574,OPTIMAL,61468.05494748988,17165.10237915475,44302.952568336164,0.0,0.0,245294,516862,198437.46846911783,0.0,0.003531917,0.015157584,0.011894291,0.079144041,0.051107666,0.048064291
sienna/5bus_10_24_k_medoids_conical_bounded_0.01,643543,10,24,k_medoids,conical_bounded,unscaled,0.01,29.966882893499733,21.513173445946723,0.526957264794676,40.825271579336004,1.085967898640861,10,0.9681105457272501,1.0,0.0,0.6027397260273972,0.35863013698630136,45365,280,0,0,OPTIMAL,25149.17656842196,17038.072129026616,8111.10443939531,0.0,0.0,8940,18574,OPTIMAL,61201.41268515049,17038.072129026616,44163.340556123854,0.0,0.0,245294,516862,196727.40160218635,0.0,0.003403042,0.015235708,0.018389625,0.08069775,0.0541245,0.048064291
sienna/5bus_10_24_hierarchical_dirac_0.01,643543,10,24,hierarchical,dirac,unscaled,0.01,37.374004428211045,19.961268467012466,0.7436283547900963,26.843070652741485,1.1255540471726138,10,1.0,1.0,0.0,0.0,0.1,0,0,0,0,OPTIMAL,24722.564722786406,16202.789566321695,8519.775156464764,0.0,0.0,8940,18574,OPTIMAL,72210.47379166704,16202.789566321695,56007.684225345074,0.0,0.0,245294,516862,191065.09995907464,0.0,0.003485,0.015752167,1.583e-6,0.078360542,0.043220125,0.048064291
sienna/5bus_10_24_hierarchical_convex_0.01,643543,10,24,hierarchical,convex,unscaled,0.01,29.64626703088952,19.961268467012466,0.7436283547900963,26.843070652741485,1.1255540471726138,10,1.0,1.0000000000000002,0.0,0.0,0.37972602739726025,36193,205,0,0,OPTIMAL,25303.47715061959,16417.07822102615,8886.398929593395,0.0,0.0,8940,18574,OPTIMAL,72554.46569991067,16417.07822102615,56137.387478880126,0.0,0.0,245294,516862,189000.86535905112,0.0,0.003476792,0.01529025,0.013820708,0.080800792,0.0506635,0.048064291
sienna/5bus_10_24_hierarchical_conical_0.01,643543,10,24,hierarchical,conical,unscaled,0.01,28.70604419714732,19.961268467012466,0.7436283547900963,26.843070652741485,1.1255540471726138,10,1.0189310514574768,1.2711227589548053,0.5835616438356165,0.38904109589041097,0.383013698630137,39978,228,0,0,OPTIMAL,25582.231866819206,16541.664495285193,9040.567371534033,0.0,0.0,8940,18574,OPTIMAL,72373.45168963306,16541.664495285193,55831.78719434922,0.0,0.0,245294,516862,189940.54314233424,0.0,0.003548334,0.015398917,0.00984,0.0797215,0.047417625,0.048064291
sienna/5bus_10_24_hierarchical_conical_bounded_0.01,643543,10,24,hierarchical,conical_bounded,unscaled,0.01,29.396985531232758,19.961268467012466,0.7436283547900963,26.843070652741485,1.1255540471726138,10,0.977444559150483,1.0,0.0,0.4931506849315068,0.36904109589041095,37178,212,0,0,OPTIMAL,24981.933498260096,16329.941176893242,8651.992321366815,0.0,0.0,8940,18574,OPTIMAL,72708.71702715618,16329.941176893242,56378.77585026099,0.0,0.0,245294,516862,187994.83026455424,0.0,0.003535125,0.015726375,0.015768667,0.080529875,0.047093708,0.048064291
sienna/5bus_10_24_chronological_dirac_0.01,643543,10,24,chronological,dirac,unscaled,0.01,44.578686970345096,20.5790592221683,0.581455849263556,35.39229891355078,1.0649899679024366,10,1.0,1.0,0.0,0.0,0.1,0,0,0,0,OPTIMAL,44308.69868475877,17442.20372165374,26866.49496310512,0.0,0.0,8940,18574,OPTIMAL,56408.646520297916,17442.20372165374,38966.44279864384,0.0,0.0,245294,516862,202371.00653021343,0.0,0.003605292,0.014705834,1.708e-6,0.077439625,0.037827583,0.048064291
sienna/5bus_10_24_chronological_convex_0.01,643543,10,24,chronological,convex,unscaled,0.01,35.8194410781036,20.5790592221683,0.581455849263556,35.39229891355078,1.0649899679024366,10,1.0,1.0000000000000002,0.0,0.0,0.3558904109589041,47112,253,0,0,OPTIMAL,49788.29567733436,17881.71207250272,31906.58360483164,0.0,0.0,8940,18574,OPTIMAL,55540.89612929081,17881.71207250272,37659.18405678868,0.0,0.0,245294,516862,203057.22290429357,0.0,0.003438041,0.015248459,0.017535666,0.081570167,0.047406833,0.048064291
sienna/5bus_10_24_chronological_conical_0.01,643543,10,24,chronological,conical,unscaled,0.01,34.08286298921085,20.5790592221683,0.581455849263556,35.39229891355078,1.0649899679024366,10,1.0544780038654895,1.44653017871831,0.6410958904109589,0.3315068493150685,0.36904109589041095,50142,286,0,0,OPTIMAL,46736.91035757159,18026.378327064675,28710.53203050698,0.0,0.0,8940,18574,OPTIMAL,55428.50765907992,18026.378327064675,37402.129332016346,0.0,0.0,245294,516862,204741.41005452417,0.0,0.00351425,0.015616875,0.011290916,0.081646542,0.053131334,0.048064291
sienna/5bus_10_24_chronological_conical_bounded_0.01,643543,10,24,chronological,conical_bounded,unscaled,0.01,35.601585264739796,20.5790592221683,0.581455849263556,35.39229891355078,1.0649899679024366,10,0.9793007195549581,1.0,0.0,0.41643835616438357,0.35315068493150686,47730,251,0,0,OPTIMAL,50765.008408000016,17820.693904252465,32944.31450374751,0.0,0.0,8940,18574,OPTIMAL,55483.23791143193,17820.693904252465,37662.54400717905,0.0,0.0,245294,516862,202764.52953917388,0.0,0.00343325,0.015100708,0.017229583,0.081837,0.047127042,0.048064291
sienna/5bus_10_24_convex_hull_dirac_0.01,643543,10,24,convex_hull,dirac,unscaled,0.01,47.68350241959869,21.322282309224875,0.9956012864506666,21.416487302099746,1.1935960997188404,10,1.0,1.0,0.0,0.0,0.1,0,0,879,2361,OPTIMAL,29836.343469848194,17546.29036057836,12290.05310926988,0.0,0.0,8940,18574,OPTIMAL,34344.68052936609,17546.29036057836,16798.390168787766,0.0,0.0,245294,516862,177051.4032005807,0.0,0.003470083,0.0395755,1.0e-6,0.0630535,0.036235166,0.048064291
sienna/5bus_10_24_convex_hull_convex_0.01,643543,10,24,convex_hull,convex,unscaled,0.01,28.55658317961472,21.322282309224875,0.9956012864506666,21.416487302099746,1.1935960997188404,10,1.0,1.0000000000000002,0.0,0.0,0.47726027397260273,31230,169,879,2361,OPTIMAL,30097.146154672984,17913.174159721435,12183.97199495152,0.0,0.0,8940,18574,OPTIMAL,34312.698113602455,17913.174159721435,16399.523953880136,0.0,0.0,245294,516862,178658.33447309496,0.0,0.003456916,0.038777792,0.011931125,0.065960666,0.047271291,0.048064291
sienna/5bus_10_24_convex_hull_conical_0.01,643543,10,24,convex_hull,conical,unscaled,0.01,27.049343258952035,21.322282309224875,0.9956012864506666,21.416487302099746,1.1935960997188404,10,1.0388424957390754,1.3210826051906277,0.663013698630137,0.3095890410958904,0.49753424657534245,32852,165,879,2361,OPTIMAL,30312.60910389042,17908.45894402632,12404.150159864055,0.0,0.0,8940,18574,OPTIMAL,34301.54762492985,17908.45894402632,16393.08868090243,0.0,0.0,245294,516862,179377.077927302,0.0,0.003596917,0.0391135,0.008224666,0.066868584,0.048430041,0.048064291
sienna/5bus_10_24_convex_hull_conical_bounded_0.01,643543,10,24,convex_hull,conical_bounded,unscaled,0.01,28.189025639920917,21.322282309224875,0.9956012864506666,21.416487302099746,1.1935960997188404,10,0.9739271333186534,1.0,0.0,0.42191780821917807,0.47835616438356166,31470,170,879,2361,OPTIMAL,29909.503836221083,17858.764796136886,12050.739040084205,0.0,0.0,8940,18574,OPTIMAL,34200.36815700638,17858.764796136886,16341.603360868043,0.0,0.0,245294,516862,180244.5114951954,0.0,0.003531542,0.038729292,0.013050833,0.066664334,0.0487025,0.048064291
sienna/5bus_10_24_convex_hull_with_null_dirac_0.01,643543,10,24,convex_hull_with_null,dirac,unscaled,0.01,51.71837763310516,22.536509669055242,0.9656415345073575,23.338380614036783,1.1824213182988903,10,1.0,1.0,0.0,0.0,0.1,0,0,963,2642,OPTIMAL,54239.12732968768,18995.208391895972,35243.91893779169,0.0,0.0,8940,18574,OPTIMAL,34480.57552812313,18995.208391895972,15485.36713622711,0.0,0.0,245294,516862,188679.48001786566,0.0,0.003470208,0.041699125,9.58e-7,0.063227667,0.04349825,0.048064291
sienna/5bus_10_24_convex_hull_with_null_convex_0.01,643543,10,24,convex_hull_with_null,convex,unscaled,0.01,33.77449418266288,22.536509669055242,0.9656415345073575,23.338380614036783,1.1824213182988903,10,1.0,1.0000000000000002,0.0,0.0,0.48027397260273974,34284,164,963,2642,OPTIMAL,51231.287279389406,18786.19881411484,32445.088465274577,0.0,0.0,8940,18574,OPTIMAL,34517.26231992752,18786.19881411484,15731.063505812714,0.0,0.0,245294,516862,185179.13249512878,0.0,0.003441459,0.092830875,0.012764791,0.067161292,0.061584542,0.048064291
sienna/5bus_10_24_convex_hull_with_null_conical_0.01,643543,10,24,convex_hull_with_null,conical,unscaled,0.01,29.489785176256124,22.536509669055242,0.9656415345073575,23.338380614036783,1.1824213182988903,10,0.9241118420420249,1.2960847271448128,0.3178082191780822,0.6547945205479452,0.47342465753424656,35159,189,963,2642,OPTIMAL,50427.89483262538,18305.906545074467,32121.988287550896,0.0,0.0,8940,18574,OPTIMAL,34449.75827598002,18305.906545074467,16143.85173090258,0.0,0.0,245294,516862,185742.72457821763,0.0,0.003491583,0.042480458,0.008919125,0.066133708,0.06200825,0.048064291
sienna/5bus_10_24_convex_hull_with_null_conical_bounded_0.01,643543,10,24,convex_hull_with_null,conical_bounded,unscaled,0.01,29.87395614968039,22.536509669055242,0.9656415345073575,23.338380614036783,1.1824213182988903,10,0.9064373644793073,1.0,0.0,0.726027397260274,0.46301369863013697,35097,195,963,2642,OPTIMAL,50272.896951285504,18279.89466694316,31993.00228434233,0.0,0.0,8940,18574,OPTIMAL,34503.427348378675,18279.89466694316,16223.532681437055,0.0,0.0,245294,516862,185444.16200523163,0.0,0.003630209,0.04147175,0.014006458,0.067294291,0.056930708,0.048064291
sienna/5bus_10_24_conical_hull_dirac_0.01,643543,10,24,conical_hull,dirac,unscaled,0.01,51.01355561024983,16.559291857568624,0.7695303392089834,21.518699151732307,1.31170310131039,10,1.0,1.0,0.0,0.0,0.1,0,0,1040,2200,OPTIMAL,27531.680818445908,16230.76269636007,11300.918122085817,0.0,0.0,8940,18574,OPTIMAL,43090.531104714515,16230.76269636007,26859.768408357013,0.0,0.0,245294,516862,179512.94770395267,0.0,0.003550375,0.028521167,9.17e-7,0.064150917,0.041595666,0.048064291
sienna/5bus_10_24_conical_hull_convex_0.01,643543,10,24,conical_hull,convex,unscaled,0.01,36.564576376100774,16.559291857568624,0.7695303392089834,21.518699151732307,1.31170310131039,10,1.0,1.0000000000000002,0.0,0.0,0.41726027397260274,24500,144,1040,2200,OPTIMAL,27272.487232506755,16288.760797015073,10983.726435491684,0.0,0.0,8940,18574,OPTIMAL,43176.77021971667,16288.760797015073,26888.009422700423,0.0,0.0,245294,516862,179069.3392244217,0.0,0.003617459,0.081831292,0.008837625,0.06532025,0.046153,0.048064291
sienna/5bus_10_24_conical_hull_conical_0.01,643543,10,24,conical_hull,conical,unscaled,0.01,31.480272954991058,16.559291857568624,0.7695303392089834,21.518699151732307,1.31170310131039,10,1.1473072763859675,1.5423551027570175,0.8575342465753425,0.11506849315068493,0.4794520547945205,29131,151,1040,2200,OPTIMAL,29567.10732960353,16833.95224431693,12733.155085286653,0.0,0.0,8940,18574,OPTIMAL,42441.37060211261,16833.95224431693,25607.418357794504,0.0,0.0,245294,516862,182381.34496504295,0.0,0.00353075,0.076388208,0.007176667,0.067121792,0.056400125,0.048064291
sienna/5bus_10_24_conical_hull_conical_bounded_0.01,643543,10,24,conical_hull,conical_bounded,unscaled,0.01,36.54132450354305,16.559291857568624,0.7695303392089834,21.518699151732307,1.31170310131039,10,0.9936382439110076,1.0,0.0,0.22465753424657534,0.41424657534246573,24599,130,1040,2200,OPTIMAL,27152.59500394109,16289.636870881493,10862.958133059728,0.0,0.0,8940,18574,OPTIMAL,43177.38647139272,16289.636870881493,26887.749600509997,0.0,0.0,245294,516862,179069.3392244217,0.0,0.003412375,0.083456792,0.009669792,0.064599,0.066549334,0.048064291
sienna/5bus_20_24_k_means_dirac_0.01_economic,643543,20,24,k_means,dirac,economic,0.01,102967.59495905867,73402.4639273249,378.4834148744806,193.93838948443207,1.205131207716851,20,1.0,1.0,0.0,0.0,0.05,0,0,0,0,OPTIMAL,22693.665977512082,17693.073692981387,5000.592284530719,0.0,0.0,15680,32754,OPTIMAL,240100.37731518582,17693.073692981387,222407.30362221634,0.0,0.0,245294,516862,218215.38108047715,0.0,0.003499958,0.018330292,8.34e-7,0.084428708,0.183459458,0.048064291
sienna/5bus_20_24_k_means_convex_0.01_economic,643543,20,24,k_means,convex,economic,0.01,87576.8601640036,73402.4639273249,378.4834148744806,193.93838948443207,1.205131207716851,20,1.0,1.0000000000000002,0.0,0.0,0.15643835616438356,155291,1407,0,0,OPTIMAL,22713.111025443308,17686.926442823467,5026.184582619846,0.0,0.0,15680,32754,OPTIMAL,236426.9963356509,17686.926442823467,218740.0698928242,0.0,0.0,245294,516862,215725.04318657,0.0,0.003367959,0.018248666,0.134229209,0.090506583,0.119842583,0.048064291
sienna/5bus_20_24_k_means_conical_0.01_economic,643543,20,24,k_means,conical,economic,0.01,81151.82034328941,73402.4639273249,378.4834148744806,193.93838948443207,1.205131207716851,20,1.0811515735384474,1.8957834429056357,0.7150684931506849,0.28493150684931506,0.16808219178082193,213420,1862,0,0,OPTIMAL,23144.394810071244,17890.658712813503,5253.736097257651,0.0,0.0,15680,32754,OPTIMAL,264161.17544512445,17890.658712813503,237164.01062686247,0.0,9106.506105442091,245294,516862,219164.1636416375,910.650610544209,0.003678,0.018272792,0.134375916,0.086312916,0.139174583,0.048064291
sienna/5bus_20_24_k_means_conical_bounded_0.01_economic,643543,20,24,k_means,conical_bounded,economic,0.01,86512.27576684846,73402.4639273249,378.4834148744806,193.93838948443207,1.205131207716851,20,0.9478556094883623,1.0000000000000002,0.0,0.3589041095890411,0.15506849315068494,168182,1463,0,0,OPTIMAL,22098.02146701708,17012.79803267044,5085.223434346566,0.0,0.0,15680,32754,OPTIMAL,225637.3611310288,17012.79803267044,208624.56309835665,0.0,0.0,245294,516862,212905.55648707622,0.0,0.003681917,0.018712791,0.32702,0.082124625,0.1343015,0.048064291
sienna/5bus_20_24_k_medoids_dirac_0.01_economic,643543,20,24,k_medoids,dirac,economic,0.01,124861.01402534902,69126.42454564427,703.3932111142178,98.27564931447631,1.3357831825799003,20,1.0,1.0,0.0,0.0,0.05,0,0,0,0,OPTIMAL,33241.59932698454,17899.495805180923,15342.103521803589,0.0,0.0,15680,32754,OPTIMAL,72989.8077638603,17899.495805180923,55090.31195867661,0.0,0.0,245294,516862,212687.92174275004,0.0,0.003694,0.01775775,7.08e-7,0.104156625,0.14652025,0.048064291
sienna/5bus_20_24_k_medoids_convex_0.01_economic,643543,20,24,k_medoids,convex,economic,0.01,90177.45730626016,69126.42454564427,703.3932111142178,98.27564931447631,1.3357831825799003,20,1.0,1.0000000000000002,0.0,0.0,0.21342465753424658,178684,1203,0,0,OPTIMAL,31926.422953133482,17770.040474882913,14156.38247825059,0.0,0.0,15680,32754,OPTIMAL,70065.89225846664,17770.040474882913,52295.851783583734,0.0,0.0,245294,516862,211497.77201119132,0.0,0.003447583,0.017474709,0.140711667,0.108766958,0.122359167,0.048064291
sienna/5bus_20_24_k_medoids_conical_0.01_economic,643543,20,24,k_medoids,conical,economic,0.01,82391.42425856605,69126.42454564427,703.3932111142178,98.27564931447631,1.3357831825799003,20,1.0888319463591156,1.9399892308659041,0.6328767123287671,0.31232876712328766,0.2380821917808219,229500,1733,0,0,OPTIMAL,29717.19768536257,18278.873384261788,11438.324301100809,0.0,0.0,15680,32754,OPTIMAL,68272.79550255084,18278.873384261788,49993.92211829148,0.0,0.0,245294,516862,213148.9813933725,0.0,0.0036675,0.017302458,0.11260625,0.107872167,0.130809834,0.048064291
sienna/5bus_20_24_k_medoids_conical_bounded_0.01_economic,643543,20,24,k_medoids,conical_bounded,economic,0.01,88731.7453774357,69126.42454564427,703.3932111142178,98.27564931447631,1.3357831825799003,20,0.9345233061916383,1.0000000000000002,0.0,0.4657534246575342,0.21493150684931506,199108,1570,0,0,OPTIMAL,31864.712038607322,16963.690444075455,14901.021594531876,0.0,0.0,15680,32754,OPTIMAL,74353.8390918553,16963.690444075455,57390.14864777944,0.0,0.0,245294,516862,200837.79991656722,0.0,0.003422458,0.017237,0.397176209,0.082600709,0.138648958,0.048064291
sienna/5bus_20_24_hierarchical_dirac_0.01_economic,643543,20,24,hierarchical,dirac,economic,0.01,123563.23355333105,76599.75361206118,784.6768833614758,97.61948546759227,1.243224849947191,20,1.0,1.0,0.0,0.0,0.05,0,0,0,0,OPTIMAL,24196.140431919303,17397.604896073968,6798.535535845308,0.0,0.0,15680,32754,OPTIMAL,51576.15224759004,17397.604896073968,34178.54735151653,0.0,0.0,245294,516862,203368.48974986313,0.0,0.003420875,0.017524291,8.33e-7,0.103470375,0.137709875,0.048064291
sienna/5bus_20_24_hierarchical_convex_0.01_economic,643543,20,24,hierarchical,convex,economic,0.01,88774.85177019179,76599.75361206118,784.6768833614758,97.61948546759227,1.243224849947191,20,1.0,1.0000000000000002,0.0,0.0,0.21013698630136987,173666,1351,0,0,OPTIMAL,23616.796333656763,16757.289325811133,6859.507007845647,0.0,0.0,15680,32754,OPTIMAL,54019.644988091604,16757.289325811133,37262.355662282615,0.0,0.0,245294,516862,191337.1138109172,0.0,0.003519208,0.017617584,0.14440575,0.1073585,0.126352208,0.048064291
sienna/5bus_20_24_hierarchical_conical_0.01_economic,643543,20,24,hierarchical,conical,economic,0.01,83708.98575149447,76599.75361206118,784.6768833614758,97.61948546759227,1.243224849947191,20,1.0698233760324143,1.5992349907646641,0.6410958904109589,0.3041095890410959,0.22452054794520548,210243,1677,0,0,OPTIMAL,24392.07549770006,16993.667955806548,7398.407541893487,0.0,0.0,15680,32754,OPTIMAL,53093.947808513156,16993.667955806548,36100.27985270903,0.0,0.0,245294,516862,195071.83904951598,0.0,0.003426125,0.017534208,0.102684416,0.105990166,0.136938709,0.048064291
sienna/5bus_20_24_hierarchical_conical_bounded_0.01_economic,643543,20,24,hierarchical,conical_bounded,economic,0.01,87679.16303477462,76599.75361206118,784.6768833614758,97.61948546759227,1.243224849947191,20,0.9431554983984801,1.0000000000000002,0.0,0.44931506849315067,0.20534246575342466,180681,1476,0,0,OPTIMAL,22908.54703138793,16461.577808773647,6446.969222614276,0.0,0.0,15680,32754,OPTIMAL,54242.52103957831,16461.577808773647,37780.94323080552,0.0,0.0,245294,516862,190643.07640662492,0.0,0.003430375,0.018369042,0.220957458,0.09240975,0.117155625,0.048064291
sienna/5bus_20_24_chronological_dirac_0.01_economic,643543,20,24,chronological,dirac,economic,0.01,231246.80483045967,52625.9212337888,661.0883762766005,79.60497132046083,1.2709025598232297,20,1.0,1.0,0.0,0.0,0.05,0,0,0,0,OPTIMAL,28457.166951799365,18005.112454966067,10452.05449683323,0.0,0.0,15680,32754,OPTIMAL,41968.71392528472,18005.112454966067,23963.601470315032,0.0,0.0,245294,516862,202370.23196765952,0.0,0.003403792,0.017300916,1.584e-6,0.1042935,0.090882708,0.048064291
sienna/5bus_20_24_chronological_convex_0.01_economic,643543,20,24,chronological,convex,economic,0.01,123603.09508187983,52625.9212337888,661.0883762766005,79.60497132046083,1.2709025598232297,20,1.0,1.0000000000000002,0.0,0.0,0.2002739726027397,160499,1403,0,0,OPTIMAL,28688.671208893928,17894.48368813061,10794.187520763315,0.0,0.0,15680,32754,OPTIMAL,41895.68339007973,17894.48368813061,24001.199701951824,0.0,0.0,245294,516862,202893.45064793734,0.0,0.003398125,0.017760167,0.135290708,0.1079735,0.122102542,0.048064291
sienna/5bus_20_24_chronological_conical_0.01_economic,643543,20,24,chronological,conical,economic,0.01,113363.77202680024,52625.9212337888,661.0883762766005,79.60497132046083,1.2709025598232297,20,1.1907070873323915,2.7273629705065714,0.6602739726027397,0.28493150684931506,0.21972602739726027,189596,1265,0,0,OPTIMAL,32084.727667675797,18691.013473012405,13393.714194663415,0.0,0.0,15680,32754,OPTIMAL,42009.18419922554,18691.013473012405,23318.17072621324,0.0,0.0,245294,516862,206495.26908769167,0.0,0.003448,0.017302292,0.061215417,0.152525125,0.120122541,0.048064291
sienna/5bus_20_24_chronological_conical_bounded_0.01_economic,643543,20,24,chronological,conical_bounded,economic,0.01,122797.48095743464,52625.9212337888,661.0883762766005,79.60497132046083,1.2709025598232297,20,0.9435909750963327,1.0000000000000002,0.0,0.34794520547945207,0.19794520547945205,160406,1258,0,0,OPTIMAL,27731.615926951523,17519.32041486351,10212.295512087925,0.0,0.0,15680,32754,OPTIMAL,41767.43417119943,17519.32041486351,24248.11375633175,0.0,0.0,245294,516862,200643.29373338903,0.0,0.003426875,0.01767425,0.207076125,0.092734583,0.115788625,0.048064291
sienna/5bus_20_24_convex_hull_dirac_0.01_economic,643543,20,24,convex_hull,dirac,economic,0.01,148022.6060371448,86166.31795366379,1051.234161443589,81.966816827316,1.3663914362943355,20,1.0,1.0,0.0,0.0,0.05,0,0,3760,2985,OPTIMAL,73592.4816405444,18321.375358618185,55271.10628192643,0.0,0.0,15680,32754,OPTIMAL,38357.7209039014,18321.375358618185,20036.34554528427,0.0,0.0,245294,516862,199987.6848500985,0.0,0.0034025,0.377899375,1.083e-6,0.080689792,0.100506459,0.048064291
sienna/5bus_20_24_convex_hull_convex_0.01_economic,643543,20,24,convex_hull,convex,economic,0.01,82060.96917500148,86166.31795366379,1051.234161443589,81.966816827316,1.3663914362943355,20,1.0,1.0000000000000002,0.0,0.0,0.2395890410958904,111437,793,3760,2985,OPTIMAL,62094.4597008611,18221.28255565949,43873.177145201655,0.0,0.0,15680,32754,OPTIMAL,38271.14948076121,18221.28255565949,20049.866925103543,0.0,0.0,245294,516862,198936.09446383754,0.0,0.003562917,0.220066333,0.079593042,0.086680875,0.123723709,0.048064291
sienna/5bus_20_24_convex_hull_conical_0.01_economic,643543,20,24,convex_hull,conical,economic,0.01,73121.24341224313,86166.31795366379,1051.234161443589,81.966816827316,1.3663914362943355,20,1.012592919974923,1.863790665931684,0.4684931506849315,0.4767123287671233,0.263972602739726,151307,1329,3760,2985,OPTIMAL,60583.180633595155,17959.372979079595,42623.807654515505,0.0,0.0,15680,32754,OPTIMAL,38087.79472649052,17959.372979079595,20128.421747411012,0.0,0.0,245294,516862,196654.90592091036,0.0,0.003631625,0.280360792,0.259042042,0.08716825,0.1095685,0.048064291
sienna/5bus_20_24_convex_hull_conical_bounded_0.01_economic,643543,20,24,convex_hull,conical_bounded,economic,0.01,78597.38159582039,86166.31795366379,1051.234161443589,81.966816827316,1.3663914362943355,20,0.8884227150056277,1.0000000000000002,0.0,0.6328767123287671,0.23068493150684932,131146,884,3760,2985,OPTIMAL,54542.07279150986,18002.45761033878,36539.615181171044,0.0,0.0,15680,32754,OPTIMAL,38156.23685647329,18002.45761033878,20153.77924613791,0.0,0.0,245294,516862,197525.24189539053,0.0,0.003448583,0.376178334,0.117021042,0.087311542,0.100789792,0.048064291
sienna/5bus_20_24_convex_hull_with_null_dirac_0.01_economic,643543,20,24,convex_hull_with_null,dirac,economic,0.01,163103.4602577981,86665.36589238638,1010.1914952791885,85.7910270452579,1.3836276079320313,20,1.0,1.0,0.0,0.0,0.05,0,0,3676,3434,OPTIMAL,21859.124802150556,14364.388273975152,7494.736528175363,0.0,0.0,15680,32754,OPTIMAL,56498.329635870425,14364.388273975152,42133.94136189878,0.0,0.0,245294,516862,165932.89148370718,0.0,0.003667292,0.282342792,1.125e-6,0.07859075,0.114512209,0.048064291
sienna/5bus_20_24_convex_hull_with_null_convex_0.01_economic,643543,20,24,convex_hull_with_null,convex,economic,0.01,104771.62244172761,86665.36589238638,1010.1914952791885,85.7910270452579,1.3836276079320313,20,1.0,1.0000000000000002,0.0,0.0,0.2252054794520548,114088,700,3676,3434,OPTIMAL,22875.862863444127,15409.097849957641,7466.76501348644,0.0,0.0,15680,32754,OPTIMAL,53242.308627700935,15409.097849957641,37833.21077774351,0.0,0.0,245294,516862,175454.77673547107,0.0,0.003427375,0.311181375,0.280306083,0.083767958,0.111185,0.048064291
sienna/5bus_20_24_convex_hull_with_null_conical_0.01_economic,643543,20,24,convex_hull_with_null,conical,economic,0.01,77860.90090477253,86665.36589238638,1010.1914952791885,85.7910270452579,1.3836276079320313,20,0.8319829950696759,1.576686037640659,0.3041095890410959,0.6410958904109589,0.24383561643835616,137860,1328,3676,3434,OPTIMAL,22274.27773357547,14884.729080061612,7389.548653513893,0.0,0.0,15680,32754,OPTIMAL,54966.26065927011,14884.729080061612,40081.531579212104,0.0,0.0,245294,516862,171461.0831015639,0.0,0.003454875,0.440449208,0.055407583,0.090213084,0.130309542,0.048064291
sienna/5bus_20_24_convex_hull_with_null_conical_bounded_0.01_economic,643543,20,24,convex_hull_with_null,conical_bounded,economic,0.01,81436.3556154195,86665.36589238638,1010.1914952791885,85.7910270452579,1.3836276079320313,20,0.7692930657356092,1.0000000000000002,0.0,0.736986301369863,0.21506849315068494,120476,905,3676,3434,OPTIMAL,21370.802418446467,14442.279168770077,6928.523249676347,0.0,0.0,15680,32754,OPTIMAL,56468.56113688893,14442.279168770077,42026.28196811497,0.0,0.0,245294,516862,167788.24080631204,0.0,0.003456709,0.537365833,0.072114625,0.111937459,0.108184834,0.048064291
sienna/5bus_20_24_conical_hull_dirac_0.01_economic,643543,20,24,conical_hull,dirac,economic,0.01,184044.041867107,36028.81120579966,488.8145616522812,73.70650146758271,2.037665095844245,20,1.0,1.0,0.0,0.0,0.05,0,0,2374,4371,OPTIMAL,44904.37202604603,18472.998254624275,26431.373771421524,0.0,0.0,15680,32754,OPTIMAL,34158.453407396184,18472.998254624275,15685.455152771896,0.0,0.0,245294,516862,186039.59144526414,0.0,0.0036085,0.272587875,1.0e-6,0.079413125,0.093913625,0.048064291
sienna/5bus_20_24_conical_hull_convex_0.01_economic,643543,20,24,conical_hull,convex,economic,0.01,151068.1447678256,36028.81120579966,488.8145616522812,73.70650146758271,2.037665095844245,20,1.0,1.0000000000000002,0.0,0.0,0.2463013698630137,73269,637,2374,4371,OPTIMAL,45280.632062904966,18609.9898559902,26670.64220691471,0.0,0.0,15680,32754,OPTIMAL,34121.65827572911,18609.9898559902,15511.668419738877,0.0,0.0,245294,516862,187674.93177065745,0.0,0.003647208,0.265209667,0.045206958,0.091495333,0.146189208,0.048064291
sienna/5bus_20_24_conical_hull_conical_0.01_economic,643543,20,24,conical_hull,conical,economic,0.01,83841.7299164222,36028.81120579966,488.8145616522812,73.70650146758271,2.037665095844245,20,1.6736036357838133,3.4161488040284724,0.873972602739726,0.07123287671232877,0.3510958904109589,114938,817,2374,4371,OPTIMAL,60191.26908186562,21345.266804081297,38846.002277784195,0.0,0.0,15680,32754,OPTIMAL,34957.43920654631,21345.266804081297,13612.172402465467,0.0,0.0,245294,516862,216406.82219661248,0.0,0.003675375,0.057512417,0.036740792,0.09210575,0.135350916,0.048064291
sienna/5bus_20_24_conical_hull_conical_bounded_0.01_economic,643543,20,24,conical_hull,conical_bounded,economic,0.01,151121.58594155032,36028.81120579966,488.8145616522812,73.70650146758271,2.037665095844245,20,0.9905479585286968,1.0000000000000002,0.0,0.37534246575342467,0.24602739726027398,75423,842,2374,4371,OPTIMAL,45096.14033106316,18581.346679279595,26514.79365178349,0.0,0.0,15680,32754,OPTIMAL,34103.061025366726,18581.346679279595,15521.714346087152,0.0,0.0,245294,516862,187483.07666335403,0.0,0.003460625,0.290267667,0.04711425,0.088607167,0.109011042,0.048064291
sienna/5bus_20_24_k_means_dirac_0.01,643543,20,24,k_means,dirac,unscaled,0.01,28.791926661702057,29.02458633795101,0.10688688977090381,271.544867664883,1.092867222545075,20,1.0,1.0,0.0,0.0,0.05,0,0,0,0,OPTIMAL,25768.7773179054,17820.26138153366,7948.515936371713,0.0,0.0,15680,32754,OPTIMAL,45539.240904379396,17820.26138153366,27718.979522842852,0.0,0.0,245294,516862,205615.52886567748,0.0,0.003659792,0.015567459,7.92e-7,0.082398291,0.101180667,0.048064291
sienna/5bus_20_24_k_means_convex_0.01,643543,20,24,k_means,convex,unscaled,0.01,25.274901890780477,29.02458633795101,0.10688688977090381,271.544867664883,1.092867222545075,20,1.0,1.0000000000000002,0.0,0.0,0.17328767123287672,69020,525,0,0,OPTIMAL,26666.44005941999,17576.991109569997,9089.448949849999,0.0,0.0,15680,32754,OPTIMAL,44726.23035006237,17576.991109569997,27149.239240496703,0.0,0.0,245294,516862,201577.6347631276,0.0,0.00366525,0.015641958,0.041904708,0.08766125,0.12369075,0.048064291
sienna/5bus_20_24_k_means_conical_0.01,643543,20,24,k_means,conical,unscaled,0.01,24.339407901091167,29.02458633795101,0.10688688977090381,271.544867664883,1.092867222545075,20,1.0325910009823134,1.3141875841613169,0.6986301369863014,0.3013698630136986,0.1782191780821918,78643,656,0,0,OPTIMAL,26955.820815996947,17720.732338402813,9235.088477594103,0.0,0.0,15680,32754,OPTIMAL,44963.71681387987,17720.732338402813,27242.984475481724,0.0,0.0,245294,516862,202581.44547491553,0.0,0.003666958,0.015634084,0.025455916,0.088424791,0.128004917,0.048064291
sienna/5bus_20_24_k_means_conical_bounded_0.01,643543,20,24,k_means,conical_bounded,unscaled,0.01,25.16860833932249,29.02458633795101,0.10688688977090381,271.544867664883,1.092867222545075,20,0.9860640965870292,1.0000000000000002,0.0,0.410958904109589,0.17027397260273971,70895,593,0,0,OPTIMAL,26474.213491912764,17540.532007004385,8933.681484908318,0.0,0.0,15680,32754,OPTIMAL,44744.87913288924,17540.532007004385,27204.347125880555,0.0,0.0,245294,516862,201525.17942295576,0.0,0.003674209,0.015316334,0.112579125,0.092461458,0.11735575,0.048064291
sienna/5bus_20_24_k_medoids_dirac_0.01,643543,20,24,k_medoids,dirac,unscaled,0.01,33.93081426962715,29.179461310375988,0.30204089486110797,96.60765084077116,1.1022923296930403,20,1.0,1.0,0.0,0.0,0.05,0,0,0,0,OPTIMAL,25919.517699288943,17266.31546524151,8653.202234047318,0.0,0.0,15680,32754,OPTIMAL,53736.67899929984,17266.31546524151,36470.363534058124,0.0,0.0,245294,516862,200625.18249636318,0.0,0.003563917,0.015148375,1.917e-6,0.102657334,0.100942709,0.048064291
sienna/5bus_20_24_k_medoids_convex_0.01,643543,20,24,k_medoids,convex,unscaled,0.01,26.823662986921548,29.179461310375988,0.30204089486110797,96.60765084077116,1.1022923296930403,20,1.0,1.0000000000000002,0.0,0.0,0.2328767123287671,72679,422,0,0,OPTIMAL,26543.801455942918,17169.598146564644,9374.20330937836,0.0,0.0,15680,32754,OPTIMAL,52717.26525691282,17169.598146564644,35547.66711034443,0.0,0.0,245294,516862,197542.53541974255,0.0,0.003414583,0.225023916,0.042895625,0.107675917,0.127696791,0.048064291
sienna/5bus_20_24_k_medoids_conical_0.01,643543,20,24,k_medoids,conical,unscaled,0.01,25.9456636086856,29.179461310375988,0.30204089486110797,96.60765084077116,1.1022923296930403,20,1.0406211656750268,1.2691499456614241,0.7123287671232876,0.2328767123287671,0.24164383561643835,78153,479,0,0,OPTIMAL,26759.475139138856,17195.676485156047,9563.798653982805,0.0,0.0,15680,32754,OPTIMAL,52720.42341040214,17195.676485156047,35524.7469252428,0.0,0.0,245294,516862,196884.54698233758,0.0,0.003664666,0.015249,0.026580167,0.107773209,0.170758625,0.048064291
sienna/5bus_20_24_k_medoids_conical_bounded_0.01,643543,20,24,k_medoids,conical_bounded,unscaled,0.01,26.700149585673902,29.179461310375988,0.30204089486110797,96.60765084077116,1.1022923296930403,20,0.986187952892271,1.0000000000000002,0.0,0.4191780821917808,0.23013698630136986,73551,422,0,0,OPTIMAL,26398.576410220016,17111.96315512614,9286.613255093876,0.0,0.0,15680,32754,OPTIMAL,52727.57918129109,17111.96315512614,35615.61602616141,0.0,0.0,245294,516862,197708.95551887018,0.0,0.003494333,0.014947583,0.047746666,0.107159417,0.120111334,0.048064291
sienna/5bus_20_24_hierarchical_dirac_0.01,643543,20,24,hierarchical,dirac,unscaled,0.01,34.53374080518777,29.12627160896567,0.4192490724878996,69.4724771509335,1.125679105236172,20,1.0,1.0,0.0,0.0,0.05,0,0,0,0,OPTIMAL,26591.46872897466,17995.677013737724,8595.791715236955,0.0,0.0,15680,32754,OPTIMAL,34439.51381026456,17995.677013737724,16443.83679653031,0.0,0.0,245294,516862,194621.58840073124,0.0,0.003407917,0.015274167,8.75e-7,0.103645667,0.101075333,0.048064291
sienna/5bus_20_24_hierarchical_convex_0.01,643543,20,24,hierarchical,convex,unscaled,0.01,26.377958582399298,29.12627160896567,0.4192490724878996,69.4724771509335,1.125679105236172,20,1.0,1.0000000000000002,0.0,0.0,0.23315068493150684,70044,408,0,0,OPTIMAL,27214.71398674603,17960.4174269912,9254.29655975493,0.0,0.0,15680,32754,OPTIMAL,34491.28945863352,17960.4174269912,16530.872031641407,0.0,0.0,245294,516862,191743.55638961063,0.0,0.00353425,0.068325042,0.0398295,0.107102958,0.110883708,0.048064291
sienna/5bus_20_24_hierarchical_conical_0.01,643543,20,24,hierarchical,conical,unscaled,0.01,25.262111527325665,29.12627160896567,0.4192490724878996,69.4724771509335,1.125679105236172,20,1.0208989302864944,1.2855502471798872,0.6164383561643836,0.3287671232876712,0.24178082191780823,75424,431,0,0,OPTIMAL,27401.82075901273,17974.551000627387,9427.269758385344,0.0,0.0,15680,32754,OPTIMAL,34492.14090929207,17974.551000627387,16517.58990866584,0.0,0.0,245294,516862,192187.82552583583,0.0,0.0034085,0.014809042,0.02540825,0.108188042,0.117843167,0.048064291
sienna/5bus_20_24_hierarchical_conical_bounded_0.01,643543,20,24,hierarchical,conical_bounded,unscaled,0.01,26.150061558998477,29.12627160896567,0.4192490724878996,69.4724771509335,1.125679105236172,20,0.980585762648581,1.0000000000000002,0.0,0.4931506849315068,0.2310958904109589,69535,404,0,0,OPTIMAL,26984.563464790976,17948.90580815881,9035.657656632164,0.0,0.0,15680,32754,OPTIMAL,34488.29913243292,17948.90580815881,16539.39332427528,0.0,0.0,245294,516862,191378.33816009667,0.0,0.003519625,0.015322083,0.113719958,0.106883917,0.104076583,0.048064291
sienna/5bus_20_24_chronological_dirac_0.01,643543,20,24,chronological,dirac,unscaled,0.01,43.44630883055275,29.469275919603,0.34958037407946535,84.29899990010351,1.0810169887651542,20,1.0,1.0,0.0,0.0,0.05,0,0,0,0,OPTIMAL,36067.591687281696,18791.18383483307,17276.407852448447,0.0,0.0,15680,32754,OPTIMAL,35014.132886367544,18791.18383483307,16222.94905153807,0.0,0.0,245294,516862,204410.94597747736,0.0,0.003662375,0.01475575,1.625e-6,0.103291375,0.075639875,0.048064291
sienna/5bus_20_24_chronological_convex_0.01,643543,20,24,chronological,convex,unscaled,0.01,30.35032519712339,29.469275919603,0.34958037407946535,84.29899990010351,1.0810169887651542,20,1.0,1.0000000000000002,0.0,0.0,0.22041095890410958,77281,448,0,0,OPTIMAL,36179.19016443503,18450.120937804848,17729.069226630203,0.0,0.0,15680,32754,OPTIMAL,34854.81234082694,18450.120937804848,16404.691403022865,0.0,0.0,245294,516862,199890.59254902805,0.0,0.0034255,0.014740334,0.260695167,0.084720291,0.091876708,0.048064291
sienna/5bus_20_24_chronological_conical_0.01,643543,20,24,chronological,conical,unscaled,0.01,29.11082129140901,29.469275919603,0.34958037407946535,84.29899990010351,1.0810169887651542,20,1.0266116090301485,1.3227870715778707,0.5945205479452055,0.3506849315068493,0.22219178082191782,81684,439,0,0,OPTIMAL,37227.31581368933,18698.54527193227,18528.77054175705,0.0,0.0,15680,32754,OPTIMAL,35032.60180263808,18698.54527193227,16334.056530706528,0.0,0.0,245294,516862,201730.38377932418,0.0,0.003421916,0.01448175,0.028427375,0.108677875,0.110137292,0.048064291
sienna/5bus_20_24_chronological_conical_bounded_0.01,643543,20,24,chronological,conical_bounded,unscaled,0.01,30.07983374112614,29.469275919603,0.34958037407946535,84.29899990010351,1.0810169887651542,20,0.9770347065281413,1.0000000000000002,0.0,0.4712328767123288,0.21547945205479452,77615,432,0,0,OPTIMAL,36623.74364277916,18409.853351777117,18213.890291002004,0.0,0.0,15680,32754,OPTIMAL,34838.59194030117,18409.853351777117,16428.738588524055,0.0,0.0,245294,516862,200244.09441840346,0.0,0.003380875,0.015071625,0.048344875,0.107682416,0.092598167,0.048064291
sienna/5bus_20_24_convex_hull_dirac_0.01,643543,20,24,convex_hull,dirac,unscaled,0.01,43.276833051874185,29.85953645855511,0.5638776649088553,52.95392656380809,1.189339932499414,20,1.0,1.0,0.0,0.0,0.05,0,0,3388,3357,OPTIMAL,32790.80859190158,18613.679455461504,14177.129136440035,0.0,0.0,15680,32754,OPTIMAL,33986.104388001746,18613.679455461504,15372.424932543525,0.0,0.0,245294,516862,187451.88877732525,0.0,0.003585166,0.150827,1.292e-6,0.087393792,0.079725292,0.048064291
sienna/5bus_20_24_convex_hull_convex_0.01,643543,20,24,convex_hull,convex,unscaled,0.01,25.448463891325286,29.85953645855511,0.5638776649088553,52.95392656380809,1.189339932499414,20,1.0,1.0000000000000002,0.0,0.0,0.2924657534246575,56295,316,3388,3357,OPTIMAL,32420.847549277514,18256.899895548093,14163.947653729463,0.0,0.0,15680,32754,OPTIMAL,34181.59471444603,18256.899895548093,15924.694818897891,0.0,0.0,245294,516862,182196.6948160145,0.0,0.003541042,0.148615,0.096875125,0.094444959,0.11632625,0.048064291
sienna/5bus_20_24_convex_hull_conical_0.01,643543,20,24,convex_hull,conical,unscaled,0.01,24.504757619952198,29.85953645855511,0.5638776649088553,52.95392656380809,1.189339932499414,20,1.0395324390845915,1.2739312412105361,0.6712328767123288,0.273972602739726,0.3017808219178082,59715,280,3388,3357,OPTIMAL,31966.299111916735,17970.05300264158,13996.246109275242,0.0,0.0,15680,32754,OPTIMAL,34228.00330467869,17970.05300264158,16257.950302037169,0.0,0.0,245294,516862,180034.18880973614,0.0,0.00341925,0.09706375,0.067311333,0.089036666,0.102882167,0.048064291
sienna/5bus_20_24_convex_hull_conical_bounded_0.01,643543,20,24,convex_hull,conical_bounded,unscaled,0.01,25.32586623190027,29.85953645855511,0.5638776649088553,52.95392656380809,1.189339932499414,20,0.9836558160929573,1.0000000000000002,0.0,0.4794520547945205,0.2928767123287671,57677,312,3388,3357,OPTIMAL,32304.198437075374,18248.698937372123,14055.499499703223,0.0,0.0,15680,32754,OPTIMAL,34155.695242643225,18248.698937372123,15906.99630527356,0.0,0.0,245294,516862,182295.1189755025,0.0,0.003441083,0.095287834,0.079307375,0.09088425,0.117711375,0.048064291
sienna/5bus_20_24_convex_hull_with_null_dirac_0.01,643543,20,24,convex_hull_with_null,dirac,unscaled,0.01,43.94264366193617,30.460754231372817,0.502328798980805,60.63907602585371,1.1813238507960153,20,1.0,1.0,0.0,0.0,0.05,0,0,3353,3757,OPTIMAL,46527.27605390658,18812.950520854854,27714.325533051713,0.0,0.0,15680,32754,OPTIMAL,34180.105017317925,18812.950520854854,15367.1544964597,0.0,0.0,245294,516862,188217.0679658111,0.0,0.003691166,0.180285458,1.333e-6,0.088758292,0.079861875,0.048064291
sienna/5bus_20_24_convex_hull_with_null_convex_0.01,643543,20,24,convex_hull_with_null,convex,unscaled,0.01,26.250318103057488,30.460754231372817,0.502328798980805,60.63907602585371,1.1813238507960153,20,1.0,1.0000000000000002,0.0,0.0,0.29191780821917807,56836,260,3353,3757,OPTIMAL,44066.814813842706,18674.221455591076,25392.593358251554,0.0,0.0,15680,32754,OPTIMAL,34258.19848905688,18674.221455591076,15583.977033465728,0.0,0.0,245294,516862,185339.17489626646,0.0,0.003628583,0.329920083,0.035038208,0.094036417,0.105619041,0.048064291
sienna/5bus_20_24_convex_hull_with_null_conical_0.01,643543,20,24,convex_hull_with_null,conical,unscaled,0.01,24.91647061119707,30.460754231372817,0.502328798980805,60.63907602585371,1.1813238507960153,20,0.9905849336595973,1.2261357317597168,0.473972602739726,0.4712328767123288,0.3058904109589041,59973,348,3353,3757,OPTIMAL,42363.561021406254,18599.046726760072,23764.514294646284,0.0,0.0,15680,32754,OPTIMAL,34233.12193816902,18599.046726760072,15634.07521140967,0.0,0.0,245294,516862,185807.77707136783,0.0,0.003683458,0.161530375,0.018405916,0.09457475,0.122325875,0.048064291
sienna/5bus_20_24_convex_hull_with_null_conical_bounded_0.01,643543,20,24,convex_hull_with_null,conical_bounded,unscaled,0.01,25.517376177512727,30.460754231372817,0.502328798980805,60.63907602585371,1.1813238507960153,20,0.9531675514142636,1.0000000000000002,0.0,0.6191780821917808,0.2912328767123288,57921,313,3353,3757,OPTIMAL,44545.41582077549,18497.113252434778,26048.30256834072,0.0,0.0,15680,32754,OPTIMAL,34255.44526181651,18497.113252434778,15758.33200938448,0.0,0.0,245294,516862,186119.88319589882,0.0,0.003576666,0.156444125,0.036364417,0.087661667,0.114722792,0.048064291
sienna/5bus_20_24_conical_hull_dirac_0.01,643543,20,24,conical_hull,dirac,unscaled,0.01,45.416266623313525,24.320951305325963,0.45042703024354014,53.99531926886345,1.2706215125393578,20,1.0,1.0,0.0,0.0,0.05,0,0,3095,3650,OPTIMAL,34326.05894136812,17234.098124207183,17091.96081716092,0.0,0.0,15680,32754,OPTIMAL,34374.13846293568,17234.098124207183,17140.04033872852,0.0,0.0,245294,516862,181902.88056467313,0.0,0.003666917,0.146519583,1.125e-6,0.083242584,0.092282292,0.048064291
sienna/5bus_20_24_conical_hull_convex_0.01,643543,20,24,conical_hull,convex,unscaled,0.01,30.473822106227882,24.320951305325963,0.45042703024354014,53.99531926886345,1.2706215125393578,20,1.0,1.0000000000000002,0.0,0.0,0.2635616438356164,46467,265,3095,3650,OPTIMAL,37219.01770600381,17381.165612203855,19837.852093800033,0.0,0.0,15680,32754,OPTIMAL,34384.88350265901,17381.165612203855,17003.717890453103,0.0,0.0,245294,516862,183100.87680398085,0.0,0.003610292,0.13963875,0.242438417,0.086769959,0.103882834,0.048064291
sienna/5bus_20_24_conical_hull_conical_0.01,643543,20,24,conical_hull,conical,unscaled,0.01,25.784056971104228,24.320951305325963,0.45042703024354014,53.99531926886345,1.2706215125393578,20,1.1297499129555286,1.5137803128164822,0.863013698630137,0.0821917808219178,0.29726027397260274,52385,294,3095,3650,OPTIMAL,35436.049028873684,17816.699111149926,17619.349917723743,0.0,0.0,15680,32754,OPTIMAL,34542.68501029247,17816.699111149926,16725.98589914257,0.0,0.0,245294,516862,185516.48154701735,0.0,0.003612708,0.284821125,0.018229375,0.088795916,0.122061292,0.048064291
sienna/5bus_20_24_conical_hull_conical_bounded_0.01,643543,20,24,conical_hull,conical_bounded,unscaled,0.01,30.496127924421888,24.320951305325963,0.45042703024354014,53.99531926886345,1.2706215125393578,20,0.9948630754145177,1.0000000000000002,0.0,0.30684931506849317,0.26246575342465756,46737,263,3095,3650,OPTIMAL,37216.80583837876,17378.087043882322,19838.718794496403,0.0,0.0,15680,32754,OPTIMAL,34382.81032115697,17378.087043882322,17004.723277271278,0.0,0.0,245294,516862,183100.87680398085,0.0,0.003693917,0.074357583,0.07738375,0.089667584,0.127795666,0.048064291
sienna/5bus_40_24_k_means_dirac_0.01_economic,643543,40,24,k_means,dirac,economic,0.01,90060.04478976288,107515.98259037653,84.10539610254905,1278.3482103726512,1.2210137732763175,40,1.0,1.0,0.0,0.0,0.025,0,0,0,0,OPTIMAL,24329.628369407714,18163.16699568867,6166.461373718997,0.0,0.0,29160,61114,OPTIMAL,47520.43662594862,18163.16699568867,29357.2696302591,0.0,0.0,245294,516862,207014.53559806402,0.0,0.003555792,0.018824125,1.5e-6,0.154342959,0.248239375,0.048064291
sienna/5bus_40_24_k_means_convex_0.01_economic,643543,40,24,k_means,convex,economic,0.01,74226.47990229637,107515.98259037653,84.10539610254905,1278.3482103726512,1.2210137732763175,40,1.0,1.0000000000000002,0.0,0.0,0.09746575342465753,313255,3242,0,0,OPTIMAL,24589.897580995508,18042.377845687213,6547.519735308285,0.0,0.0,29160,61114,OPTIMAL,46476.2269270044,18042.377845687213,28433.849081316104,0.0,0.0,245294,516862,207604.71033293908,0.0,0.003603417,0.018947834,0.657440083,0.118545959,0.290541583,0.048064291
sienna/5bus_40_24_k_means_conical_0.01_economic,643543,40,24,k_means,conical,economic,0.01,67652.60095116988,107515.98259037653,84.10539610254905,1278.3482103726512,1.2210137732763175,40,1.1053454110382908,1.6588858847725478,0.736986301369863,0.25753424657534246,0.10904109589041096,401190,3185,0,0,OPTIMAL,25562.684765524133,18763.85579834339,6798.828967180716,0.0,0.0,29160,61114,OPTIMAL,45373.67427714009,18763.85579834339,26609.81847879569,0.0,0.0,245294,516862,213299.93862213317,0.0,0.003691958,0.019656625,0.510920917,0.122550333,0.259938333,0.048064291
sienna/5bus_40_24_k_means_conical_bounded_0.01_economic,643543,40,24,k_means,conical_bounded,economic,0.01,73659.25613246777,107515.98259037653,84.10539610254905,1278.3482103726512,1.2210137732763175,40,0.9593985104583252,1.0000000000000002,0.0,0.4191780821917808,0.09643835616438357,330947,3242,0,0,OPTIMAL,24057.308233725136,17672.867322001373,6384.440911723778,0.0,0.0,29160,61114,OPTIMAL,46925.22094161207,17672.867322001373,29252.353619608893,0.0,0.0,245294,516862,202338.09593090235,0.0,0.004037584,0.020095166,0.46641875,0.118065125,0.277665042,0.048064291
sienna/5bus_40_24_k_medoids_dirac_0.01_economic,643543,40,24,k_medoids,dirac,economic,0.01,109434.7228716126,101070.4981869443,320.93575191889255,314.92439711885703,1.3342583816320217,40,1.0,1.0,0.0,0.0,0.025,0,0,0,0,OPTIMAL,35741.154676513084,18895.0890766735,16846.065599839476,0.0,0.0,29160,61114,OPTIMAL,33821.31303260639,18895.0890766735,14926.223955931313,0.0,0.0,245294,516862,200003.2987266323,0.0,0.003678,0.01825275,1.708e-6,0.154765541,0.232952417,0.048064291
sienna/5bus_40_24_k_medoids_convex_0.01_economic,643543,40,24,k_medoids,convex,economic,0.01,74714.29302999532,101070.4981869443,320.93575191889255,314.92439711885703,1.3342583816320217,40,1.0,1.0000000000000002,0.0,0.0,0.12691780821917809,306088,2514,0,0,OPTIMAL,37702.09233486112,18594.447068552086,19107.64526630906,0.0,0.0,29160,61114,OPTIMAL,33787.743438166974,18594.447068552086,15193.296369613072,0.0,0.0,245294,516862,195997.46306829018,0.0,0.003906083,0.018282667,0.617555416,0.118116166,0.236849875,0.048064291
sienna/5bus_40_24_k_medoids_conical_0.01_economic,643543,40,24,k_medoids,conical,economic,0.01,68273.45138750627,101070.4981869443,320.93575191889255,314.92439711885703,1.3342583816320217,40,1.0912536108255204,2.053074939122434,0.5945205479452055,0.2958904109589041,0.14438356164383562,381909,2656,0,0,OPTIMAL,37951.723713210005,19089.959101187003,18861.764612023042,0.0,0.0,29160,61114,OPTIMAL,33787.02808536716,19089.959101187003,14697.068984181838,0.0,0.0,245294,516862,201707.11009653262,0.0,0.003794708,0.018583625,0.607296875,0.119935583,0.261674125,0.048064291
sienna/5bus_40_24_k_medoids_conical_bounded_0.01_economic,643543,40,24,k_medoids,conical_bounded,economic,0.01,73725.22636769882,101070.4981869443,320.93575191889255,314.92439711885703,1.3342583816320217,40,0.9452783132015996,1.0000000000000002,0.0,0.5342465753424658,0.12547945205479452,318260,2460,0,0,OPTIMAL,37375.74276799584,18292.73007194492,19083.012696050784,0.0,0.0,29160,61114,OPTIMAL,33776.8980098525,18292.73007194492,15484.167937905735,0.0,0.0,245294,516862,191582.89585725692,0.0,0.003717042,0.018896833,0.45535725,0.118328291,0.258829458,0.048064291
sienna/5bus_40_24_hierarchical_dirac_0.01_economic,643543,40,24,hierarchical,dirac,economic,0.01,106951.67118344245,113493.02990176296,213.26716224746798,532.1636425680457,1.266412634838311,40,1.0,1.0,0.0,0.0,0.025,0,0,0,0,OPTIMAL,38425.64916406385,19022.250665658503,19403.398498405397,0.0,0.0,29160,61114,OPTIMAL,36321.91428328368,19022.250665658503,17299.66361762262,0.0,0.0,245294,516862,210904.49300338846,0.0,0.003686167,0.018896625,7.91e-7,0.156310583,0.309269083,0.048064291
sienna/5bus_40_24_hierarchical_convex_0.01_economic,643543,40,24,hierarchical,convex,economic,0.01,71252.70010524672,113493.02990176296,213.26716224746798,532.1636425680457,1.266412634838311,40,1.0,1.0000000000000002,0.0,0.0,0.12356164383561644,304853,2497,0,0,OPTIMAL,40340.05203579759,18734.5938711493,21605.458164648317,0.0,0.0,29160,61114,OPTIMAL,35871.971421828726,18734.5938711493,17137.377550681394,0.0,0.0,245294,516862,203680.63055943788,0.0,0.003576333,0.018470542,0.657020667,0.117551458,0.283152708,0.048064291
sienna/5bus_40_24_hierarchical_conical_0.01_economic,643543,40,24,hierarchical,conical,economic,0.01,66432.61266610933,113493.02990176296,213.26716224746798,532.1636425680457,1.266412634838311,40,1.0518148405797252,1.6009978925170327,0.5534246575342465,0.336986301369863,0.13321917808219177,362498,2379,0,0,OPTIMAL,39733.7167062378,18733.955503195604,20999.76120304227,0.0,0.0,29160,61114,OPTIMAL,35803.559913030025,18733.955503195604,17069.604409834064,0.0,0.0,245294,516862,205531.20620155643,0.0,0.0035875,0.018564166,0.308702208,0.120409208,0.2585085,0.048064291
sienna/5bus_40_24_hierarchical_conical_bounded_0.01_economic,643543,40,24,hierarchical,conical_bounded,economic,0.01,70475.60678527903,113493.02990176296,213.26716224746798,532.1636425680457,1.266412634838311,40,0.9455558001237381,1.0000000000000002,0.0,0.5260273972602739,0.1215068493150685,322005,2497,0,0,OPTIMAL,39810.396685861444,18446.164094530228,21364.232591331347,0.0,0.0,29160,61114,OPTIMAL,35643.04290951966,18446.164094530228,17196.87881498859,0.0,0.0,245294,516862,199967.77303716505,0.0,0.003591167,0.0186535,0.690980292,0.120405125,0.275150959,0.048064291
sienna/5bus_40_24_chronological_dirac_0.01_economic,643543,40,24,chronological,dirac,economic,0.01,221463.7282199563,79402.09377730144,214.55760438269556,370.0735474081634,1.3240300036438748,40,1.0,1.0,0.0,0.0,0.025,0,0,0,0,OPTIMAL,32101.218235511835,18114.162039806488,13987.0561957056,0.0,0.0,29160,61114,OPTIMAL,41676.34462529096,18114.162039806488,23562.182585486273,0.0,0.0,245294,516862,202762.20419773296,0.0,0.003691416,0.018015375,1.583e-6,0.154209791,0.199207292,0.048064291
sienna/5bus_40_24_chronological_convex_0.01_economic,643543,40,24,chronological,convex,economic,0.01,96670.54508820365,79402.09377730144,214.55760438269556,370.0735474081634,1.3240300036438748,40,1.0,1.0000000000000002,0.0,0.0,0.12013698630136986,257073,2176,0,0,OPTIMAL,30143.366475414416,18102.211157544618,12041.155317869685,0.0,0.0,29160,61114,OPTIMAL,41833.27378161869,18102.211157544618,23731.06262407415,0.0,0.0,245294,516862,203653.07210394574,0.0,0.003686167,0.018474958,0.561294917,0.119604917,0.263444083,0.048064291
sienna/5bus_40_24_chronological_conical_0.01_economic,643543,40,24,chronological,conical,economic,0.01,87678.98504677598,79402.09377730144,214.55760438269556,370.0735474081634,1.3240300036438748,40,1.2072130266552392,2.1818451065863416,0.726027397260274,0.1643835616438356,0.13643835616438357,324129,2250,0,0,OPTIMAL,33199.62577208517,19555.805961336555,13643.819810748664,0.0,0.0,29160,61114,OPTIMAL,42893.139128793184,19555.805961336555,23337.333167457462,0.0,0.0,245294,516862,218557.91570704352,0.0,0.003749875,0.01892475,0.567967208,0.120356875,0.28635325,0.048064291
sienna/5bus_40_24_chronological_conical_bounded_0.01_economic,643543,40,24,chronological,conical_bounded,economic,0.01,96390.19728601098,79402.09377730144,214.55760438269556,370.0735474081634,1.3240300036438748,40,0.9712482246898455,1.0000000000000002,0.0,0.3506849315068493,0.11986301369863013,262894,2560,0,0,OPTIMAL,29853.89337814515,17918.77933013196,11935.114048013185,0.0,0.0,29160,61114,OPTIMAL,41776.918963220196,17918.77933013196,23858.139633085048,0.0,0.0,245294,516862,202032.69557288403,0.0,0.003702625,0.018098792,0.38927875,0.121973666,0.318736958,0.048064291
sienna/5bus_40_24_convex_hull_dirac_0.01_economic,643543,40,24,convex_hull,dirac,economic,0.01,128745.44907738401,117861.36067057267,230.39814484501923,511.5551635619891,1.356109712646857,40,1.0,1.0,0.0,0.0,0.025,0,0,9292,4163,OPTIMAL,64157.29417141786,18289.938346132367,45867.35582528563,0.0,0.0,29160,61114,OPTIMAL,38340.527529064544,18289.938346132367,20050.589182934847,0.0,0.0,245294,516862,202386.23394641923,0.0,0.004005209,1.078682458,8.34e-7,0.120541958,0.18681975,0.048064291
sienna/5bus_40_24_convex_hull_convex_0.01_economic,643543,40,24,convex_hull,convex,economic,0.01,67579.9585063576,117861.36067057267,230.39814484501923,511.5551635619891,1.356109712646857,40,1.0,1.0000000000000002,0.0,0.0,0.14006849315068493,208600,1837,9292,4163,OPTIMAL,54011.346248275564,18327.866333090697,35683.479915184755,0.0,0.0,29160,61114,OPTIMAL,38364.22573324571,18327.866333090697,20036.35940015496,0.0,0.0,245294,516862,201966.9210138024,0.0,0.003676,0.816595917,0.234064167,0.130773292,0.2353785,0.048064291
sienna/5bus_40_24_convex_hull_conical_0.01_economic,643543,40,24,convex_hull,conical,economic,0.01,58887.88682465213,117861.36067057267,230.39814484501923,511.5551635619891,1.356109712646857,40,1.0424294054095309,1.7650640480412385,0.4904109589041096,0.4,0.1567123287671233,271403,2318,9292,4163,OPTIMAL,54491.034436943126,18070.702971832063,36420.33146511099,0.0,0.0,29160,61114,OPTIMAL,38159.7128221716,18070.702971832063,20089.009850341594,0.0,0.0,245294,516862,198373.73361531412,0.0,0.003964083,1.080979792,0.182060375,0.1369875,0.25619925,0.048064291
sienna/5bus_40_24_convex_hull_conical_bounded_0.01_economic,643543,40,24,convex_hull,conical_bounded,economic,0.01,64631.885938866915,117861.36067057267,230.39814484501923,511.5551635619891,1.356109712646857,40,0.9093732979835647,1.0000000000000004,0.0,0.6191780821917808,0.13424657534246576,224974,1850,9292,4163,OPTIMAL,48598.52937596563,18049.302374802162,30549.22700116356,0.0,0.0,29160,61114,OPTIMAL,38200.26598296029,18049.302374802162,20150.96360816144,0.0,0.0,245294,516862,198950.72398665044,0.0,0.003659958,0.803382375,0.264358875,0.129930125,0.261007167,0.048064291
sienna/5bus_40_24_convex_hull_with_null_dirac_0.01_economic,643543,40,24,convex_hull_with_null,dirac,economic,0.01,144410.75852200945,118985.93294491878,208.58770648412056,570.4359808662884,1.360204055275727,40,1.0,1.0,0.0,0.0,0.025,0,0,9222,4598,OPTIMAL,23594.663835594343,14745.86323931106,8848.800596283401,0.0,0.0,29160,61114,OPTIMAL,57511.707657418236,14745.86323931106,42765.8444181076,0.0,0.0,245294,516862,170134.8505502492,0.0,0.00370525,1.090082875,1.125e-6,0.121783417,0.224368458,0.048064291
sienna/5bus_40_24_convex_hull_with_null_convex_0.01_economic,643543,40,24,convex_hull_with_null,convex,economic,0.01,78339.28252252616,118985.93294491878,208.58770648412056,570.4359808662884,1.360204055275727,40,1.0,1.0000000000000002,0.0,0.0,0.13397260273972603,189045,1635,9222,4598,OPTIMAL,24884.937807707225,15515.501417229601,9369.436390477764,0.0,0.0,29160,61114,OPTIMAL,54822.608663299674,15515.501417229601,39307.10724607065,0.0,0.0,245294,516862,175902.13096891262,0.0,0.003630292,0.846118667,0.2262675,0.131522333,0.318480083,0.048064291
sienna/5bus_40_24_convex_hull_with_null_conical_0.01_economic,643543,40,24,convex_hull_with_null,conical,economic,0.01,65044.72661020622,118985.93294491878,208.58770648412056,570.4359808662884,1.360204055275727,40,0.9121896984702708,1.6303511607166736,0.33424657534246577,0.5561643835616439,0.14815068493150685,240720,2173,9222,4598,OPTIMAL,23747.725884352014,15003.029967849401,8744.695916502562,0.0,0.0,29160,61114,OPTIMAL,54687.60493802502,15003.029967849401,39684.57497017337,0.0,0.0,245294,516862,172496.5018944291,0.0,0.003629334,1.115612042,0.161610041,0.145333667,0.348085292,0.048064291
sienna/5bus_40_24_convex_hull_with_null_conical_bounded_0.01_economic,643543,40,24,convex_hull_with_null,conical_bounded,economic,0.01,68967.51944054525,118985.93294491878,208.58770648412056,570.4359808662884,1.360204055275727,40,0.8292476824478522,1.0000000000000004,0.0,0.7095890410958904,0.12890410958904108,205515,1808,9222,4598,OPTIMAL,22336.390449876406,14515.128276189003,7821.262173687393,0.0,0.0,29160,61114,OPTIMAL,57124.973697958005,14515.128276189003,42609.84542176966,0.0,0.0,245294,516862,168058.143930343,0.0,0.003666666,0.839141833,0.238948667,0.130497,0.287307625,0.048064291
sienna/5bus_40_24_conical_hull_dirac_0.01_economic,643543,40,24,conical_hull,dirac,economic,0.01,172488.13780825064,48997.197865717775,191.80787407867362,255.44935577368764,2.070024930131311,40,1.0,1.0,0.0,0.0,0.025,0,0,7396,6059,OPTIMAL,39313.765118987576,18738.17138318128,20575.593735806353,0.0,0.0,29160,61114,OPTIMAL,34087.93234601757,18738.17138318128,15349.76096283756,0.0,0.0,245294,516862,189342.64409598903,0.0,0.00374875,0.440423542,1.208e-6,0.129883,0.181872542,0.048064291
sienna/5bus_40_24_conical_hull_convex_0.01_economic,643543,40,24,conical_hull,convex,economic,0.01,135581.41045672024,48997.197865717775,191.80787407867362,255.44935577368764,2.070024930131311,40,1.0,1.0000000000000002,0.0,0.0,0.14095890410958903,129341,1585,7396,6059,OPTIMAL,39463.07733243313,18750.39963887539,20712.677693557733,0.0,0.0,29160,61114,OPTIMAL,34074.93172834085,18750.39963887539,15324.532089466667,0.0,0.0,245294,516862,189246.0553534482,0.0,0.003666417,0.236916958,0.187135208,0.135514375,0.283763167,0.048064291
sienna/5bus_40_24_conical_hull_conical_0.01_economic,643543,40,24,conical_hull,conical,economic,0.01,66305.31008532828,48997.197865717775,191.80787407867362,255.44935577368764,2.070024930131311,40,1.5784085857264303,3.072590539307657,0.8383561643835616,0.052054794520547946,0.2036986301369863,213993,1730,7396,6059,OPTIMAL,49594.04128429806,21227.0793036216,28366.961980676577,0.0,0.0,29160,61114,OPTIMAL,34839.60435295941,21227.0793036216,13612.525049337912,0.0,0.0,245294,516862,215819.360803123,0.0,0.003904,0.306580708,0.362999,0.152196541,0.290056584,0.048064291
sienna/5bus_40_24_conical_hull_conical_bounded_0.01_economic,643543,40,24,conical_hull,conical_bounded,economic,0.01,135667.25715063684,48997.197865717775,191.80787407867362,255.44935577368764,2.070024930131311,40,0.995758335848045,1.0000000000000002,0.0,0.336986301369863,0.14095890410958903,131771,2037,7396,6059,OPTIMAL,39388.459202044585,18721.14397835565,20667.3152236889,0.0,0.0,29160,61114,OPTIMAL,34063.75046502165,18721.14397835565,15342.60648666692,0.0,0.0,245294,516862,189272.91699861406,0.0,0.003638042,0.233650083,0.192657875,0.135888791,0.257293166,0.048064291
sienna/5bus_40_24_k_means_dirac_0.01,643543,40,24,k_means,dirac,unscaled,0.01,25.688278919225432,40.78772221517227,0.07844025554198047,519.9845657481709,1.1173959576559813,40,1.0,1.0,0.0,0.0,0.025,0,0,0,0,OPTIMAL,27814.64773162286,17949.359589120002,9865.288142502683,0.0,0.0,29160,61114,OPTIMAL,37355.034466654084,17949.359589120002,19405.674877534264,0.0,0.0,245294,516862,199775.16087893173,0.0,0.003694417,0.015949334,2.167e-6,0.151708916,0.227406,0.048064291
sienna/5bus_40_24_k_means_convex_0.01,643543,40,24,k_means,convex,unscaled,0.01,22.29105535827978,40.78772221517227,0.07844025554198047,519.9845657481709,1.1173959576559813,40,1.0,1.0000000000000002,0.0,0.0,0.10342465753424658,118375,909,0,0,OPTIMAL,28871.795279099995,18745.339687841297,10126.455591258684,0.0,0.0,29160,61114,OPTIMAL,33756.528563209875,18745.339687841297,15011.188875366512,0.0,0.0,245294,516862,196908.5424188698,0.0,0.003681167,0.255961958,0.15639925,0.146421708,0.316141333,0.048064291
sienna/5bus_40_24_k_means_conical_0.01,643543,40,24,k_means,conical,unscaled,0.01,21.55266160295264,40.78772221517227,0.07844025554198047,519.9845657481709,1.1173959576559813,40,1.0286802453462764,1.3040283358784008,0.6794520547945205,0.3150684931506849,0.10753424657534247,128675,938,0,0,OPTIMAL,29185.228971172935,18893.140716651556,10292.088254521479,0.0,0.0,29160,61114,OPTIMAL,33794.97065340272,18893.140716651556,14901.829936750953,0.0,0.0,245294,516862,197039.20817622257,0.0,0.004003625,0.015791292,0.218461625,0.126298375,0.241824916,0.048064291
sienna/5bus_40_24_k_means_conical_bounded_0.01,643543,40,24,k_means,conical_bounded,unscaled,0.01,22.232835807793244,40.78772221517227,0.07844025554198047,519.9845657481709,1.1173959576559813,40,0.9885522826580889,1.0000000000000002,0.0,0.5095890410958904,0.10143835616438356,119403,909,0,0,OPTIMAL,28734.360985170057,18722.722977619196,10011.638007550799,0.0,0.0,29160,61114,OPTIMAL,33756.34120845391,18722.722977619196,15033.618230832646,0.0,0.0,245294,516862,197112.98989848897,0.0,0.003733083,0.016031375,0.352117959,0.145626625,0.264085167,0.048064291
sienna/5bus_40_24_k_medoids_dirac_0.01,643543,40,24,k_medoids,dirac,unscaled,0.01,31.115150168369524,41.63903699671157,0.13957635636340443,298.3244303089497,1.1313476554700959,40,1.0,1.0,0.0,0.0,0.025,0,0,0,0,OPTIMAL,34616.576183883044,18411.987004978997,16204.589178903983,0.0,0.0,29160,61114,OPTIMAL,34710.115609408,18411.987004978997,16298.128604432175,0.0,0.0,245294,516862,200411.23168390477,0.0,0.003646666,0.01538275,1.667e-6,0.15526075,0.236583958,0.048064291
sienna/5bus_40_24_k_medoids_convex_0.01,643543,40,24,k_medoids,convex,unscaled,0.01,23.036137260933288,41.63903699671157,0.13957635636340443,298.3244303089497,1.1313476554700959,40,1.0,1.0000000000000002,0.0,0.0,0.1378082191780822,108732,765,0,0,OPTIMAL,37240.15239241288,18049.250248058466,19190.902144354328,0.0,0.0,29160,61114,OPTIMAL,34634.11104768124,18049.250248058466,16584.860799619804,0.0,0.0,245294,516862,194278.98087113773,0.0,0.003690208,0.015355792,0.238876667,0.122562708,0.254856042,0.048064291
sienna/5bus_40_24_k_medoids_conical_0.01,643543,40,24,k_medoids,conical,unscaled,0.01,22.025668702629726,41.63903699671157,0.13957635636340443,298.3244303089497,1.1313476554700959,40,1.024314358475621,1.2933254967923837,0.5780821917808219,0.31232876712328766,0.14376712328767124,116648,769,0,0,OPTIMAL,35653.108767965845,18036.309043697063,17616.799724268676,0.0,0.0,29160,61114,OPTIMAL,34631.85484888783,18036.309043697063,16595.545805190697,0.0,0.0,245294,516862,194105.74753794246,0.0,0.003944583,0.014995375,0.150555875,0.150925625,0.270220375,0.048064291
sienna/5bus_40_24_k_medoids_conical_bounded_0.01,643543,40,24,k_medoids,conical_bounded,unscaled,0.01,22.829611141391823,41.63903699671157,0.13957635636340443,298.3244303089497,1.1313476554700959,40,0.9820709682091027,1.0000000000000002,0.0,0.5315068493150685,0.13678082191780822,108743,718,0,0,OPTIMAL,37278.00378702901,18046.684920533673,19231.318866495345,0.0,0.0,29160,61114,OPTIMAL,34632.8080993294,18046.684920533673,16586.123178794882,0.0,0.0,245294,516862,194429.41247302297,0.0,0.003994625,0.015219625,0.171737708,0.140980583,0.278005333,0.048064291
sienna/5bus_40_24_hierarchical_dirac_0.01,643543,40,24,hierarchical,dirac,unscaled,0.01,31.049118667042062,41.03821669138768,0.14650884670119887,280.1074311579566,1.1347042356552453,40,1.0,1.0,0.0,0.0,0.025,0,0,0,0,OPTIMAL,27200.45481482578,18191.400018359494,9009.054796466407,0.0,0.0,29160,61114,OPTIMAL,34376.05784843821,18191.400018359494,16184.657830078633,0.0,0.0,245294,516862,196586.7271544311,0.0,0.0035795,0.01583675,1.709e-6,0.153528792,0.220067958,0.048064291
sienna/5bus_40_24_hierarchical_convex_0.01,643543,40,24,hierarchical,convex,unscaled,0.01,22.226310603587443,41.03821669138768,0.14650884670119887,280.1074311579566,1.1347042356552453,40,1.0,1.0000000000000002,0.0,0.0,0.13472602739726028,113407,646,0,0,OPTIMAL,27887.393203221898,17666.044485452163,10221.348717769866,0.0,0.0,29160,61114,OPTIMAL,34440.46744568141,17666.044485452163,16774.422960234006,0.0,0.0,245294,516862,191415.17080453364,0.0,0.003600958,0.015605542,0.205408333,0.132569167,0.260173667,0.048064291
sienna/5bus_40_24_hierarchical_conical_0.01,643543,40,24,hierarchical,conical,unscaled,0.01,21.310528848640132,41.03821669138768,0.14650884670119887,280.1074311579566,1.1347042356552453,40,1.0290128306934017,1.2604151913664945,0.5972602739726027,0.29315068493150687,0.14253424657534247,119217,756,0,0,OPTIMAL,27973.999237617973,17788.757838817055,10185.241398800947,0.0,0.0,29160,61114,OPTIMAL,34428.89274203571,17788.757838817055,16640.134903218506,0.0,0.0,245294,516862,190745.19834073394,0.0,0.004081666,0.015808458,0.29380425,0.118655542,0.312094083,0.048064291
sienna/5bus_40_24_hierarchical_conical_bounded_0.01,643543,40,24,hierarchical,conical_bounded,unscaled,0.01,22.122476782195797,41.03821669138768,0.14650884670119887,280.1074311579566,1.1347042356552453,40,0.9850111535759307,1.0000000000000004,0.0,0.5506849315068493,0.13267123287671234,111779,756,0,0,OPTIMAL,27680.349862443614,17650.0242616174,10030.325600826298,0.0,0.0,29160,61114,OPTIMAL,34441.03399663267,17650.0242616174,16791.009735015374,0.0,0.0,245294,516862,191535.20259736865,0.0,0.003718,0.015194167,0.17447525,0.139768417,0.269345291,0.048064291
sienna/5bus_40_24_chronological_dirac_0.01,643543,40,24,chronological,dirac,unscaled,0.01,41.76587786698405,41.64858118319492,0.14703121378186854,283.26353372137436,1.1036647227936063,40,1.0,1.0,0.0,0.0,0.025,0,0,0,0,OPTIMAL,37179.05437986922,18306.928958298016,18872.12542157143,0.0,0.0,29160,61114,OPTIMAL,34925.23512333696,18306.928958298016,16618.306165043425,0.0,0.0,245294,516862,201334.10485450533,0.0,0.003658542,0.0157255,1.75e-6,0.15220725,0.193876459,0.048064291
sienna/5bus_40_24_chronological_convex_0.01,643543,40,24,chronological,convex,unscaled,0.01,25.377928114422367,41.64858118319492,0.14703121378186854,283.26353372137436,1.1036647227936063,40,1.0,1.0000000000000002,0.0,0.0,0.12986301369863013,128740,817,0,0,OPTIMAL,43386.95166413425,18439.287347781174,24947.664316353144,0.0,0.0,29160,61114,OPTIMAL,34861.59731907054,18439.287347781174,16422.309971291477,0.0,0.0,245294,516862,199793.9613287579,0.0,0.003996417,0.015121125,0.251518625,0.120554541,0.246379333,0.048064291
sienna/5bus_40_24_chronological_conical_0.01,643543,40,24,chronological,conical,unscaled,0.01,24.13449205356128,41.64858118319492,0.14703121378186854,283.26353372137436,1.1036647227936063,40,1.0242543902386412,1.3264119377882615,0.5753424657534246,0.3150684931506849,0.1360958904109589,133915,789,0,0,OPTIMAL,43551.991536729154,18652.446027574668,24899.54550915451,0.0,0.0,29160,61114,OPTIMAL,34941.29497532474,18652.446027574668,16288.848947748882,0.0,0.0,245294,516862,202737.85608672546,0.0,0.003636167,0.015169416,0.308890792,0.120317584,0.237387041,0.048064291
sienna/5bus_40_24_chronological_conical_bounded_0.01,643543,40,24,chronological,conical_bounded,unscaled,0.01,25.086251233438517,41.64858118319492,0.14703121378186854,283.26353372137436,1.1036647227936063,40,0.9789375922053468,1.0000000000000002,0.0,0.5068493150684932,0.1293835616438356,129424,817,0,0,OPTIMAL,43953.41335194362,18363.116759199977,25590.296592743634,0.0,0.0,29160,61114,OPTIMAL,34821.60661981424,18363.116759199977,16458.489860613765,0.0,0.0,245294,516862,200092.0846473825,0.0,0.003761708,0.01555075,0.192912584,0.13358425,0.295342792,0.048064291
sienna/5bus_40_24_convex_hull_dirac_0.01,643543,40,24,convex_hull,dirac,unscaled,0.01,36.9716659754479,41.25544332772382,0.19579151471251152,210.71108923336553,1.1805265099724989,40,1.0,1.0,0.0,0.0,0.025,0,0,8435,5020,OPTIMAL,32350.010843453263,18462.56236237401,13887.44848107935,0.0,0.0,29160,61114,OPTIMAL,33944.716030788826,18462.56236237401,15482.153668414785,0.0,0.0,245294,516862,187522.27955307037,0.0,0.003744833,0.756883917,1.542e-6,0.113377375,0.203726375,0.048064291
sienna/5bus_40_24_convex_hull_convex_0.01,643543,40,24,convex_hull,convex,unscaled,0.01,20.56313859597073,41.25544332772382,0.19579151471251152,210.71108923336553,1.1805265099724989,40,1.0,1.0000000000000002,0.0,0.0,0.1684931506849315,95397,508,8435,5020,OPTIMAL,32389.471854092128,18425.51032947619,13963.961524615906,0.0,0.0,29160,61114,OPTIMAL,34011.00647212531,18425.51032947619,15585.496142650956,0.0,0.0,245294,516862,185418.36392650267,0.0,0.003609542,0.677367375,0.1126235,0.159710584,0.290212792,0.048064291
sienna/5bus_40_24_convex_hull_conical_0.01,643543,40,24,convex_hull,conical,unscaled,0.01,19.62115176034747,41.25544332772382,0.19579151471251152,210.71108923336553,1.1805265099724989,40,1.044845165104375,1.2404706023477627,0.6712328767123288,0.2191780821917808,0.17376712328767124,101080,578,8435,5020,OPTIMAL,31633.756838357414,18352.34549638217,13281.411341975378,0.0,0.0,29160,61114,OPTIMAL,34071.43900248899,18352.34549638217,15719.093506108378,0.0,0.0,245294,516862,184690.96316890014,0.0,0.003582292,0.516734208,0.071305167,0.159411625,0.284399667,0.048064291
sienna/5bus_40_24_convex_hull_conical_bounded_0.01,643543,40,24,convex_hull,conical_bounded,unscaled,0.01,20.56264333923918,41.25544332772382,0.19579151471251152,210.71108923336553,1.1805265099724989,40,0.990240753777963,1.0000000000000002,0.0,0.5232876712328767,0.16739726027397261,95893,521,8435,5020,OPTIMAL,32306.369968729618,18421.991639220552,13884.378329509183,0.0,0.0,29160,61114,OPTIMAL,34008.67007868294,18421.991639220552,15586.678439465768,0.0,0.0,245294,516862,185509.37559309785,0.0,0.003564625,0.791325958,0.13731825,0.167052167,0.281288291,0.048064291
sienna/5bus_40_24_convex_hull_with_null_dirac_0.01,643543,40,24,convex_hull_with_null,dirac,unscaled,0.01,36.75237370565366,41.801681587571196,0.2121449772725854,197.0429944889063,1.1803461354774345,40,1.0,1.0,0.0,0.0,0.025,0,0,8340,5480,OPTIMAL,38943.56795836248,18899.081958215513,20044.48600014689,0.0,0.0,29160,61114,OPTIMAL,34035.40581770174,18899.081958215513,15136.32385948458,0.0,0.0,245294,516862,190321.82067240952,0.0,0.003608583,0.584891625,8.75e-7,0.121434209,0.198886333,0.048064291
sienna/5bus_40_24_convex_hull_with_null_convex_0.01,643543,40,24,convex_hull_with_null,convex,unscaled,0.01,20.701567410429384,41.801681587571196,0.2121449772725854,197.0429944889063,1.1803461354774345,40,1.0,1.0000000000000002,0.0,0.0,0.17082191780821918,95136,654,8340,5480,OPTIMAL,40164.83253666101,18771.12490454006,21393.707632121,0.0,0.0,29160,61114,OPTIMAL,34082.256170144545,18771.12490454006,15311.131265603062,0.0,0.0,245294,516862,187911.88742658548,0.0,0.003597333,0.804152625,0.130229042,0.171608584,0.2769925,0.048064291
sienna/5bus_40_24_convex_hull_with_null_conical_0.01,643543,40,24,convex_hull_with_null,conical,unscaled,0.01,19.731469229085288,41.801681587571196,0.2121449772725854,197.0429944889063,1.1803461354774345,40,1.0199149657663187,1.2164894507215496,0.5506849315068493,0.33972602739726027,0.17616438356164382,102422,674,8340,5480,OPTIMAL,38703.75592662442,18765.138927817177,19938.61699880708,0.0,0.0,29160,61114,OPTIMAL,34056.43323924837,18765.138927817177,15291.29431142796,0.0,0.0,245294,516862,188013.50019473562,0.0,0.003608583,0.568766833,0.072327791,0.159828792,0.298953125,0.048064291
sienna/5bus_40_24_convex_hull_with_null_conical_bounded_0.01,643543,40,24,convex_hull_with_null,conical_bounded,unscaled,0.01,20.48036433136781,41.801681587571196,0.2121449772725854,197.0429944889063,1.1803461354774345,40,0.9781080730343198,1.0000000000000002,0.0,0.5808219178082191,0.168013698630137,97777,654,8340,5480,OPTIMAL,40256.32767073449,18706.27318540958,21550.054485324985,0.0,0.0,29160,61114,OPTIMAL,34021.043832033996,18706.27318540958,15314.770646622595,0.0,0.0,245294,516862,186846.14053684764,0.0,0.003732584,0.853875,0.138341291,0.1574325,0.284546042,0.048064291
sienna/5bus_40_24_conical_hull_dirac_0.01,643543,40,24,conical_hull,dirac,unscaled,0.01,40.29494575005926,34.969322067008,0.16538977742234892,211.43581309568071,1.2515823087064482,40,1.0,1.0,0.0,0.0,0.025,0,0,8310,5145,OPTIMAL,33573.89098864953,17406.774403938998,16167.116584710566,0.0,0.0,29160,61114,OPTIMAL,34201.7936074332,17406.774403938998,16795.01920349419,0.0,0.0,245294,516862,176631.90890759023,0.0,0.003560375,0.276057084,6.25e-7,0.131012625,0.177016875,0.048064291
sienna/5bus_40_24_conical_hull_convex_0.01,643543,40,24,conical_hull,convex,unscaled,0.01,25.19934742364975,34.969322067008,0.16538977742234892,211.43581309568071,1.2515823087064482,40,1.0,1.0000000000000002,0.0,0.0,0.15698630136986302,76261,515,8310,5145,OPTIMAL,35916.35199976094,17729.694925710184,18186.657074050752,0.0,0.0,29160,61114,OPTIMAL,34169.67081850834,17729.694925710184,16439.975892802067,0.0,0.0,245294,516862,180033.1481670002,0.0,0.004063834,0.515162042,0.218551042,0.131088708,0.274201625,0.048064291
sienna/5bus_40_24_conical_hull_conical_0.01,643543,40,24,conical_hull,conical,unscaled,0.01,20.967135895312694,34.969322067008,0.16538977742234892,211.43581309568071,1.2515823087064482,40,1.1089262745916173,1.4707018470935396,0.8082191780821918,0.0821917808219178,0.17636986301369864,87910,553,8310,5145,OPTIMAL,34748.86392086096,17879.186943424887,16869.676977436102,0.0,0.0,29160,61114,OPTIMAL,34195.09540246058,17879.186943424887,16315.908459034245,0.0,0.0,245294,516862,180347.86251108022,0.0,0.003683584,0.287987,0.072969459,0.161046959,0.267597542,0.048064291
sienna/5bus_40_24_conical_hull_conical_bounded_0.01,643543,40,24,conical_hull,conical_bounded,unscaled,0.01,25.260768079868086,34.969322067008,0.16538977742234892,211.43581309568071,1.2515823087064482,40,0.9951764663488942,1.0000000000000002,0.0,0.3863013698630137,0.15602739726027398,77054,515,8310,5145,OPTIMAL,35841.80066667547,17719.14428466952,18122.656382006,0.0,0.0,29160,61114,OPTIMAL,34169.40484679514,17719.14428466952,16450.26056212547,0.0,0.0,245294,516862,180138.02108059256,0.0,0.003758167,0.55178625,0.097163584,0.155987542,0.277808167,0.048064291
sienna/5bus_80_24_k_means_dirac_0.01_economic,643543,80,24,k_means,dirac,economic,0.01,72673.08906083029,150465.5527586997,0.05091173169764663,2.955420052342374e6,1.2697070522698033,80,1.0,1.0,0.0,0.0,0.0125,0,0,0,0,OPTIMAL,25236.014493265156,17691.193700594347,7544.8207926704,0.0,0.0,56120,117834,OPTIMAL,46492.582571461855,17691.193700594347,28801.38887086641,0.0,0.0,245294,516862,204519.33136186659,0.0,0.004064166,0.019824042,7.5e-7,0.253150791,0.413335916,0.048064291
sienna/5bus_80_24_k_means_convex_0.01_economic,643543,80,24,k_means,convex,economic,0.01,57660.95252997551,150465.5527586997,0.05091173169764663,2.955420052342374e6,1.2697070522698033,80,1.0,1.0000000000000002,0.0,0.0,0.05876712328767123,513507,4113,0,0,OPTIMAL,25946.897274198953,17409.38818524025,8537.509088958685,0.0,0.0,56120,117834,OPTIMAL,43867.35048032871,17409.38818524025,26457.96229509174,0.0,0.0,245294,516862,196951.47059972907,0.0,0.003728958,0.019820875,1.644712209,0.21027425,0.630979,0.048064291
sienna/5bus_80_24_k_means_conical_0.01_economic,643543,80,24,k_means,conical,economic,0.01,52067.84703009773,150465.5527586997,0.05091173169764663,2.955420052342374e6,1.2697070522698033,80,1.1028876424889775,1.743018578736815,0.7013698630136986,0.2547945205479452,0.06914383561643836,667180,6399,0,0,OPTIMAL,27711.87758967925,17955.63403529078,9756.243554388062,0.0,0.0,56120,117834,OPTIMAL,43114.544676356316,17955.63403529078,25158.910641062703,0.0,0.0,245294,516862,202055.7902098057,0.0,0.003649375,0.019792458,1.149182958,0.214136958,0.596084875,0.048064291
sienna/5bus_80_24_k_means_conical_bounded_0.01_economic,643543,80,24,k_means,conical_bounded,economic,0.01,57367.12457122243,150465.5527586997,0.05091173169764663,2.955420052342374e6,1.2697070522698033,80,0.9665143928094992,1.0000000000000002,0.0,0.5232876712328767,0.05828767123287671,547772,6124,0,0,OPTIMAL,25452.097648829258,17246.831501151224,8205.266147677936,0.0,0.0,56120,117834,OPTIMAL,44072.443737694804,17246.831501151224,26825.6122365463,0.0,0.0,245294,516862,196872.18742913468,0.0,0.0036145,0.020955875,1.805864667,0.195070375,0.585541834,0.048064291
sienna/5bus_80_24_k_medoids_dirac_0.01_economic,643543,80,24,k_medoids,dirac,economic,0.01,93285.51794585715,144706.97764085443,0.11303335320592439,1.2802148528428327e6,1.3006562962442338,80,1.0,1.0,0.0,0.0,0.0125,0,0,0,0,OPTIMAL,33455.9426957149,18388.424985040056,15067.517710674261,0.0,0.0,56120,117834,OPTIMAL,33792.29771916691,18388.424985040056,15403.872734121998,0.0,0.0,245294,516862,194885.02031955853,0.0,0.004027709,0.018333125,7.92e-7,0.306234458,0.377743334,0.048064291
sienna/5bus_80_24_k_medoids_convex_0.01_economic,643543,80,24,k_medoids,convex,economic,0.01,60810.35384843487,144706.97764085443,0.11303335320592439,1.2802148528428327e6,1.3006562962442338,80,1.0,1.0000000000000004,0.0,0.0,0.06732876712328767,473434,4012,0,0,OPTIMAL,34358.470383321444,18127.151193459867,16231.31918986156,0.0,0.0,56120,117834,OPTIMAL,33825.08983115416,18127.151193459867,15697.938637694246,0.0,0.0,245294,516862,189305.08938345805,0.0,0.003728458,0.018333458,1.536103125,0.207526375,0.48861325,0.048064291
sienna/5bus_80_24_k_medoids_conical_0.01_economic,643543,80,24,k_medoids,conical,economic,0.01,53512.39598665888,144706.97764085443,0.11303335320592439,1.2802148528428327e6,1.3006562962442338,80,1.0948222987207017,1.8498447434437608,0.5123287671232877,0.2684931506849315,0.07643835616438356,563884,4642,0,0,OPTIMAL,34115.38159257777,18409.589535535553,15705.792057042212,0.0,0.0,56120,117834,OPTIMAL,33803.54832037736,18409.589535535553,15393.958784840168,0.0,0.0,245294,516862,191413.38320173527,0.0,0.003712291,0.018374083,0.993674625,0.203355875,0.431440417,0.048064291
sienna/5bus_80_24_k_medoids_conical_bounded_0.01_economic,643543,80,24,k_medoids,conical_bounded,economic,0.01,60306.687878233846,144706.97764085443,0.11303335320592439,1.2802148528428327e6,1.3006562962442338,80,0.9612434300794649,1.0000000000000002,0.0,0.4767123287671233,0.0663013698630137,480280,3661,0,0,OPTIMAL,33955.25611741068,17652.255962563737,16303.000154847088,0.0,0.0,56120,117834,OPTIMAL,33941.62509834284,17652.255962563737,16289.369135776822,0.0,0.0,245294,516862,187961.94319071033,0.0,0.00373425,0.018616083,1.635661833,0.2026095,0.422001208,0.048064291
sienna/5bus_80_24_hierarchical_dirac_0.01_economic,643543,80,24,hierarchical,dirac,economic,0.01,85315.78234533497,158019.99088123682,0.08256812069603554,1.913813582641273e6,1.2922031647332552,80,1.0,1.0,0.0,0.0,0.0125,0,0,0,0,OPTIMAL,43343.0179229598,19076.308625491278,24266.70929746836,0.0,0.0,56120,117834,OPTIMAL,36310.07675206299,19076.308625491278,17233.768126573214,0.0,0.0,245294,516862,211986.07235321443,0.0,0.003969875,0.019204458,1.75e-6,0.255204416,0.402008625,0.048064291
sienna/5bus_80_24_hierarchical_convex_0.01_economic,643543,80,24,hierarchical,convex,economic,0.01,54226.113746609546,158019.99088123682,0.08256812069603554,1.913813582641273e6,1.2922031647332552,80,1.0,1.0000000000000004,0.0,0.0,0.0626027397260274,454810,3778,0,0,OPTIMAL,41635.55535894782,18748.5827403159,22886.972618631768,0.0,0.0,56120,117834,OPTIMAL,35879.6053835341,18748.5827403159,17131.022643218148,0.0,0.0,245294,516862,204422.71695385323,0.0,0.003756584,0.019158458,1.485762958,0.207050875,0.490506834,0.048064291
sienna/5bus_80_24_hierarchical_conical_0.01_economic,643543,80,24,hierarchical,conical,economic,0.01,48124.246017180565,158019.99088123682,0.08256812069603554,1.913813582641273e6,1.2922031647332552,80,1.0828267854721176,1.7002370765741008,0.5232876712328767,0.25753424657534246,0.07349315068493151,584080,3992,0,0,OPTIMAL,40090.87829218405,19429.09529423049,20661.782997953636,0.0,0.0,56120,117834,OPTIMAL,36428.78597374703,19429.09529423049,16999.690679516083,0.0,0.0,245294,516862,213073.53637667265,0.0,0.003642417,0.018574042,1.012669333,0.202663416,0.481206916,0.048064291
sienna/5bus_80_24_hierarchical_conical_bounded_0.01_economic,643543,80,24,hierarchical,conical_bounded,economic,0.01,53608.36516788231,158019.99088123682,0.08256812069603554,1.913813582641273e6,1.2922031647332552,80,0.9589876487977035,1.0000000000000002,0.0,0.4904109589041096,0.061952054794520546,482079,3778,0,0,OPTIMAL,41461.20156614321,18432.115782748308,23029.08578339485,0.0,0.0,56120,117834,OPTIMAL,35625.45169059823,18432.115782748308,17193.335907850986,0.0,0.0,245294,516862,201567.5996463842,0.0,0.003740834,0.018931292,1.611941875,0.202437167,0.464469708,0.048064291
sienna/5bus_80_24_chronological_dirac_0.01_economic,643543,80,24,chronological,dirac,economic,0.01,195678.49887856,110333.26647342902,0.11111641950065981,992951.9594786246,1.339964573395439,80,1.0,1.0,0.0,0.0,0.0125,0,0,0,0,OPTIMAL,31451.04026488089,18729.65011841877,12721.390146462072,0.0,0.0,56120,117834,OPTIMAL,33751.42647680896,18729.65011841877,15021.776358390167,0.0,0.0,245294,516862,196617.32073796447,0.0,0.003643708,0.018084917,1.583e-6,0.256547833,0.368051833,0.048064291
sienna/5bus_80_24_chronological_convex_0.01_economic,643543,80,24,chronological,convex,economic,0.01,81935.01272154252,110333.26647342902,0.11111641950065981,992951.9594786246,1.339964573395439,80,1.0,1.0000000000000002,0.0,0.0,0.0642123287671233,384381,4395,0,0,OPTIMAL,29408.58848120456,18609.479959757016,10799.108521447492,0.0,0.0,56120,117834,OPTIMAL,33767.553749412466,18609.479959757016,15158.0737896534,0.0,0.0,245294,516862,194824.78712407767,0.0,0.003732708,0.018210791,1.316364375,0.200006041,0.461670291,0.048064291
sienna/5bus_80_24_chronological_conical_0.01_economic,643543,80,24,chronological,conical,economic,0.01,73570.94992252937,110333.26647342902,0.11111641950065981,992951.9594786246,1.339964573395439,80,1.1643147822847066,1.9637207941776968,0.6,0.18082191780821918,0.07311643835616438,443970,4323,0,0,OPTIMAL,32332.937011328446,19689.652059031534,12643.284952296946,0.0,0.0,56120,117834,OPTIMAL,33937.634594987554,19689.652059031534,14247.982535957275,0.0,0.0,245294,516862,205540.27016150442,0.0,0.003701917,0.01860725,0.793574542,0.206001667,0.505654292,0.048064291
sienna/5bus_80_24_chronological_conical_bounded_0.01_economic,643543,80,24,chronological,conical_bounded,economic,0.01,81629.18344471866,110333.26647342902,0.11111641950065981,992951.9594786246,1.339964573395439,80,0.9718944349324605,1.0000000000000002,0.0,0.39452054794520547,0.06342465753424657,385363,4628,0,0,OPTIMAL,28956.94893380723,18348.68258978884,10608.266344018408,0.0,0.0,56120,117834,OPTIMAL,33778.019931410774,18348.68258978884,15429.337341619594,0.0,0.0,245294,516862,193630.1855381258,0.0,0.003570125,0.018362041,1.387546416,0.200319666,0.404074958,0.048064291
sienna/5bus_80_24_convex_hull_dirac_0.01_economic,643543,80,24,convex_hull,dirac,economic,0.01,102551.2361465327,172780.07853302968,0.09788783725853578,1.7650821937836136e6,1.2914579382576663,80,1.0,1.0,0.0,0.0,0.0125,0,0,20253,5422,OPTIMAL,59284.50911663004,18832.008456257197,40452.50066037357,0.0,0.0,56120,117834,OPTIMAL,33794.29576895007,18832.008456257197,14962.28731269654,0.0,0.0,245294,516862,196039.7219491934,0.0,0.00366575,3.586891042,1.459e-6,0.232397125,0.398629292,0.048064291
sienna/5bus_80_24_convex_hull_convex_0.01_economic,643543,80,24,convex_hull,convex,economic,0.01,51658.29470457055,172780.07853302968,0.09788783725853578,1.7650821937836136e6,1.2914579382576663,80,1.0,1.0000000000000002,0.0,0.0,0.07366438356164384,359278,2942,20253,5422,OPTIMAL,50096.30861438523,18859.317398725536,31236.99121565994,0.0,0.0,56120,117834,OPTIMAL,33800.345824316,18859.317398725536,14941.028425593853,0.0,0.0,245294,516862,196137.43767557747,0.0,0.003647709,3.165885459,0.922591583,0.203970584,0.467477417,0.048064291
sienna/5bus_80_24_convex_hull_conical_0.01_economic,643543,80,24,convex_hull,conical,economic,0.01,45047.791137385095,172780.07853302968,0.09788783725853578,1.7650821937836136e6,1.2914579382576663,80,1.0287702558144556,1.7293596730500325,0.4273972602739726,0.35342465753424657,0.08126712328767123,444601,4636,20253,5422,OPTIMAL,50839.79609011113,18944.490587079523,31895.305503031697,0.0,0.0,56120,117834,OPTIMAL,33906.43104834456,18944.490587079523,14961.940461266264,0.0,0.0,245294,516862,194793.5592665621,0.0,0.00367425,3.417939458,0.7192595,0.208652958,0.536027083,0.048064291
sienna/5bus_80_24_convex_hull_conical_bounded_0.01_economic,643543,80,24,convex_hull,conical_bounded,economic,0.01,49141.76683949798,172780.07853302968,0.09788783725853578,1.7650821937836136e6,1.2914579382576663,80,0.9248690359924922,1.0000000000000002,0.0,0.589041095890411,0.0714041095890411,380561,3072,20253,5422,OPTIMAL,46194.90356220431,18612.1942707128,27582.70929149175,0.0,0.0,56120,117834,OPTIMAL,33802.752168042476,18612.1942707128,15190.557897327426,0.0,0.0,245294,516862,194156.14225224897,0.0,0.003691166,3.247634791,1.023237875,0.20451675,0.493558959,0.048064291
sienna/5bus_80_24_convex_hull_with_null_dirac_0.01_economic,643543,80,24,convex_hull_with_null,dirac,economic,0.01,102453.31657343608,173489.23998448494,0.12345451216009254,1.4052887735647012e6,1.2922679719671235,80,1.0,1.0,0.0,0.0,0.0125,0,0,20303,5737,OPTIMAL,57812.62766415073,18839.917946703703,38972.70971744739,0.0,0.0,56120,117834,OPTIMAL,33782.903373326306,18839.917946703703,14942.98542662662,0.0,0.0,245294,516862,197628.9579514048,0.0,0.003715458,3.511064875,2.084e-6,0.256923458,0.371216583,0.048064291
sienna/5bus_80_24_convex_hull_with_null_convex_0.01_economic,643543,80,24,convex_hull_with_null,convex,economic,0.01,52808.46158058652,173489.23998448494,0.12345451216009254,1.4052887735647012e6,1.2922679719671235,80,1.0,1.0000000000000002,0.0,0.0,0.07184931506849315,362703,3111,20303,5737,OPTIMAL,49865.337005420784,18851.786673565344,31013.55033185559,0.0,0.0,56120,117834,OPTIMAL,33798.44254161592,18851.786673565344,14946.655868052407,0.0,0.0,245294,516862,196000.7195489011,0.0,0.003624625,3.496609625,0.933146,0.200982792,0.477857125,0.048064291
sienna/5bus_80_24_convex_hull_with_null_conical_0.01_economic,643543,80,24,convex_hull_with_null,conical,economic,0.01,45005.355757057856,173489.23998448494,0.12345451216009254,1.4052887735647012e6,1.2922679719671235,80,0.9816757217237836,1.7259363686370073,0.3287671232876712,0.4520547945205479,0.07965753424657535,449302,4513,20303,5737,OPTIMAL,46362.0145478343,18684.416750344037,27677.597797490598,0.0,0.0,56120,117834,OPTIMAL,33815.12897755619,18684.416750344037,15130.712227212121,0.0,0.0,245294,516862,193598.8163887546,0.0,0.00376825,3.331938541,0.720981375,0.2132985,0.477613875,0.048064291
sienna/5bus_80_24_convex_hull_with_null_conical_bounded_0.01_economic,643543,80,24,convex_hull_with_null,conical_bounded,economic,0.01,48395.835168180005,173489.23998448494,0.12345451216009254,1.4052887735647012e6,1.2922679719671235,80,0.9048979757727508,1.0000000000000002,0.0,0.6328767123287671,0.07003424657534246,386852,2933,20303,5737,OPTIMAL,43402.40522240273,18241.74549426374,25160.659728138882,0.0,0.0,56120,117834,OPTIMAL,33797.59862588728,18241.74549426374,15555.853131626522,0.0,0.0,245294,516862,191177.13837180735,0.0,0.003715125,3.500822667,1.021659875,0.201170208,0.508904417,0.048064291
sienna/5bus_80_24_conical_hull_dirac_0.01_economic,643543,80,24,conical_hull,dirac,economic,0.01,151492.41759702374,73738.27620079042,0.13319671901813435,553604.2985469572,1.8814138697881455,80,1.0,1.0,0.0,0.0,0.0125,0,0,17880,7795,OPTIMAL,34266.22951718143,18508.268503025563,15757.961014155513,0.0,0.0,56120,117834,OPTIMAL,34004.39083913448,18508.268503025563,15496.12233610559,0.0,0.0,245294,516862,186358.06219552102,0.0,0.003740917,0.81075825,3.0e-6,0.259233,0.384184625,0.048064291
sienna/5bus_80_24_conical_hull_convex_0.01_economic,643543,80,24,conical_hull,convex,economic,0.01,120203.79380373325,73738.27620079042,0.13319671901813435,553604.2985469572,1.8814138697881455,80,1.0,1.0000000000000004,0.0,0.0,0.07352739726027398,218971,3525,17880,7795,OPTIMAL,34851.90950906449,18652.558689807636,16199.35081925688,0.0,0.0,56120,117834,OPTIMAL,34019.454347072504,18652.558689807636,15366.895657262461,0.0,0.0,245294,516862,186618.57576107688,0.0,0.003701209,1.127077083,0.586119958,0.21108,0.501255667,0.048064291
sienna/5bus_80_24_conical_hull_conical_0.01_economic,643543,80,24,conical_hull,conical,economic,0.01,52859.23462331166,73738.27620079042,0.13319671901813435,553604.2985469572,1.8814138697881455,80,1.4154024927893571,2.703310869854445,0.7452054794520548,0.03561643835616438,0.10191780821917808,330772,3097,17880,7795,OPTIMAL,44244.15486623876,20998.74975524712,23245.40511099165,0.0,0.0,56120,117834,OPTIMAL,34632.774854501055,20998.74975524712,13634.025099255496,0.0,0.0,245294,516862,211877.34029816792,0.0,0.003720667,0.811231458,0.542042542,0.208418625,0.42661875,0.048064291
sienna/5bus_80_24_conical_hull_conical_bounded_0.01_economic,643543,80,24,conical_hull,conical_bounded,economic,0.01,120335.0414603978,73738.27620079042,0.13319671901813435,553604.2985469572,1.8814138697881455,80,0.9954782263002191,1.0000000000000002,0.0,0.3726027397260274,0.07352739726027398,219053,3428,17880,7795,OPTIMAL,34769.709042723734,18626.78410603324,16142.924936690502,0.0,0.0,56120,117834,OPTIMAL,34016.93603808936,18626.78410603324,15390.151932056086,0.0,0.0,245294,516862,186150.64710990342,0.0,0.00372925,1.103381333,0.603194333,0.21172225,0.485237541,0.048064291
sienna/5bus_80_24_k_means_dirac_0.01,643543,80,24,k_means,dirac,unscaled,0.01,22.226926189594387,57.90890013787722,0.012319846410645001,4700.4563374946665,1.125176038141044,80,1.0,1.0,0.0,0.0,0.0125,0,0,0,0,OPTIMAL,28007.375602997276,18382.178471410894,9625.19713158627,0.0,0.0,56120,117834,OPTIMAL,34676.13563860926,18382.178471410894,16293.957167194221,0.0,0.0,245294,516862,201646.79138670614,0.0,0.003598083,0.015857,1.625e-6,0.25285775,0.365609042,0.048064291
sienna/5bus_80_24_k_means_convex_0.01,643543,80,24,k_means,convex,unscaled,0.01,18.40243204675871,57.90890013787722,0.012319846410645001,4700.4563374946665,1.125176038141044,80,1.0,1.0000000000000002,0.0,0.0,0.0614041095890411,186768,1649,0,0,OPTIMAL,29323.086874160093,18529.756084361605,10793.330789798663,0.0,0.0,56120,117834,OPTIMAL,33890.28788545177,18529.756084361605,15360.53180109186,0.0,0.0,245294,516862,197396.81045541906,0.0,0.00365025,0.016136417,0.813340625,0.205461959,0.483336458,0.048064291
sienna/5bus_80_24_k_means_conical_0.01,643543,80,24,k_means,conical,unscaled,0.01,17.84124228198876,57.90890013787722,0.012319846410645001,4700.4563374946665,1.125176038141044,80,1.0245641450908134,1.1907636050039625,0.673972602739726,0.28493150684931506,0.0645890410958904,198096,1486,0,0,OPTIMAL,29030.190807451803,18641.653466210624,10388.537341241226,0.0,0.0,56120,117834,OPTIMAL,33897.81934609557,18641.653466210624,15256.165879882472,0.0,0.0,245294,516862,196895.00327411556,0.0,0.004007916,0.016778042,0.655178042,0.19249625,0.524683292,0.048064291
sienna/5bus_80_24_k_means_conical_bounded_0.01,643543,80,24,k_means,conical_bounded,unscaled,0.01,18.390276209293074,57.90890013787722,0.012319846410645001,4700.4563374946665,1.125176038141044,80,0.9893268229009489,1.0000000000000002,0.0,0.6054794520547945,0.060376712328767124,187785,1454,0,0,OPTIMAL,29212.663382480194,18491.174574392695,10721.488808087353,0.0,0.0,56120,117834,OPTIMAL,33889.03046128922,18491.174574392695,15397.85588689465,0.0,0.0,245294,516862,196136.9760752006,0.0,0.003771083,0.015946833,0.577648834,0.199368917,0.55128475,0.048064291
sienna/5bus_80_24_k_medoids_dirac_0.01,643543,80,24,k_medoids,dirac,unscaled,0.01,26.826924106201727,58.76450286231164,0.013908194891383417,4225.171082317675,1.1405056814073589,80,1.0,1.0,0.0,0.0,0.0125,0,0,0,0,OPTIMAL,32635.44914829366,19061.759932446126,13573.689215847391,0.0,0.0,56120,117834,OPTIMAL,33843.38123475859,19061.759932446126,14781.62130230823,0.0,0.0,245294,516862,197170.04475775367,0.0,0.003609292,0.015717167,9.333e-6,0.25656725,0.441916584,0.048064291
sienna/5bus_80_24_k_medoids_convex_0.01,643543,80,24,k_medoids,convex,unscaled,0.01,18.43139371630569,58.76450286231164,0.013908194891383417,4225.171082317675,1.1405056814073589,80,1.0,1.0000000000000002,0.0,0.0,0.07267123287671233,158759,1108,0,0,OPTIMAL,37674.126328047656,18564.110772854314,19110.015555193335,0.0,0.0,56120,117834,OPTIMAL,33857.26410325185,18564.110772854314,15293.153330397558,0.0,0.0,245294,516862,190017.80142775193,0.0,0.003835917,0.015665542,0.755044917,0.212397417,0.470588208,0.048064291
sienna/5bus_80_24_k_medoids_conical_0.01,643543,80,24,k_medoids,conical,unscaled,0.01,17.697301441071712,58.76450286231164,0.013908194891383417,4225.171082317675,1.1405056814073589,80,1.0149667760490089,1.2194178330245935,0.5095890410958904,0.27123287671232876,0.07667808219178082,165066,1041,0,0,OPTIMAL,35811.151646723345,18635.7694248228,17175.382221900487,0.0,0.0,56120,117834,OPTIMAL,33858.61328723079,18635.7694248228,15222.843862404321,0.0,0.0,245294,516862,190245.11306997368,0.0,0.003703333,0.016046583,0.33355275,0.192446792,0.517045,0.048064291
sienna/5bus_80_24_k_medoids_conical_bounded_0.01,643543,80,24,k_medoids,conical_bounded,unscaled,0.01,18.250398143751696,58.76450286231164,0.013908194891383417,4225.171082317675,1.1405056814073589,80,0.9844231998428025,1.0000000000000002,0.0,0.5260273972602739,0.0723972602739726,157384,971,0,0,OPTIMAL,37651.87322330837,18550.28412447879,19101.589098829594,0.0,0.0,56120,117834,OPTIMAL,33856.36986762351,18550.28412447879,15306.085743148737,0.0,0.0,245294,516862,189688.39777949112,0.0,0.004026,0.015725,0.749289792,0.201367625,0.426876,0.048064291
sienna/5bus_80_24_hierarchical_dirac_0.01,643543,80,24,hierarchical,dirac,unscaled,0.01,26.468210857556894,58.019599833483504,0.02270969090573573,2554.8388163587747,1.141827843232445,80,1.0,1.0,0.0,0.0,0.0125,0,0,0,0,OPTIMAL,30393.689690024064,19034.5515146923,11359.138175332237,0.0,0.0,56120,117834,OPTIMAL,33849.32404295695,19034.5515146923,14814.772528268919,0.0,0.0,245294,516862,197334.3768681323,0.0,0.003992042,0.015673916,8.33e-7,0.253843875,0.348947625,0.048064291
sienna/5bus_80_24_hierarchical_convex_0.01,643543,80,24,hierarchical,convex,unscaled,0.01,18.067720911576796,58.019599833483504,0.02270969090573573,2554.8388163587747,1.141827843232445,80,1.0,1.0000000000000002,0.0,0.0,0.07363013698630137,160901,1212,0,0,OPTIMAL,34690.94321146074,18738.423257584236,15952.519953876616,0.0,0.0,56120,117834,OPTIMAL,33843.36404459815,18738.423257584236,15104.94078701567,0.0,0.0,245294,516862,192222.67530338338,0.0,0.003700042,0.015537,0.741635292,0.211897542,0.452365333,0.048064291
sienna/5bus_80_24_hierarchical_conical_0.01,643543,80,24,hierarchical,conical,unscaled,0.01,17.321374513765544,58.019599833483504,0.02270969090573573,2554.8388163587747,1.141827843232445,80,1.0198456068591262,1.2817503007510611,0.5342465753424658,0.2465753424657534,0.07794520547945205,168943,1227,0,0,OPTIMAL,33654.40921745265,18781.952699340312,14872.456518112358,0.0,0.0,56120,117834,OPTIMAL,33842.8305194004,18781.952699340312,15060.877820056206,0.0,0.0,245294,516862,192910.70963782992,0.0,0.003747042,0.015873625,0.341641708,0.211002125,0.456331875,0.048064291
sienna/5bus_80_24_hierarchical_conical_bounded_0.01,643543,80,24,hierarchical,conical_bounded,unscaled,0.01,17.97339018794887,58.019599833483504,0.02270969090573573,2554.8388163587747,1.141827843232445,80,0.9863582037324502,1.0000000000000002,0.0,0.5150684931506849,0.07297945205479452,158950,1276,0,0,OPTIMAL,34575.85470518054,18705.04759557818,15870.807109602392,0.0,0.0,56120,117834,OPTIMAL,33842.7595203602,18705.04759557818,15137.711924782105,0.0,0.0,245294,516862,192262.0796415931,0.0,0.003698917,0.015956875,0.748419833,0.207223833,0.446427459,0.048064291
sienna/5bus_80_24_chronological_dirac_0.01,643543,80,24,chronological,dirac,unscaled,0.01,38.086327783075085,58.55402357717848,0.025428401021932143,2302.701751741106,1.1144034009085833,80,1.0,1.0,0.0,0.0,0.0125,0,0,0,0,OPTIMAL,34640.70250369634,18621.08618424383,16019.616319453435,0.0,0.0,56120,117834,OPTIMAL,33750.78530084526,18621.08618424383,15129.69911660129,0.0,0.0,245294,516862,195459.16187075418,0.0,0.003706125,0.015473333,1.541e-6,0.298361792,0.335547666,0.048064291
sienna/5bus_80_24_chronological_convex_0.01,643543,80,24,chronological,convex,unscaled,0.01,21.32682165364962,58.55402357717848,0.025428401021932143,2302.701751741106,1.1144034009085833,80,1.0,1.0000000000000002,0.0,0.0,0.06904109589041096,181206,1093,0,0,OPTIMAL,37516.99221111605,18277.801880298914,19239.190330817088,0.0,0.0,56120,117834,OPTIMAL,33770.19402968717,18277.801880298914,15492.392149391993,0.0,0.0,245294,516862,189506.1657257005,0.0,0.003743208,0.015510792,0.79513175,0.206346458,0.515266417,0.048064291
sienna/5bus_80_24_chronological_conical_0.01,643543,80,24,chronological,conical,unscaled,0.01,20.31397496764784,58.55402357717848,0.025428401021932143,2302.701751741106,1.1144034009085833,80,1.018577846065518,1.324337619552574,0.4849315068493151,0.2958904109589041,0.07136986301369863,185194,1225,0,0,OPTIMAL,36432.526875036514,18360.280489508776,18072.24638552762,0.0,0.0,56120,117834,OPTIMAL,33762.890395894836,18360.280489508776,15402.609906383967,0.0,0.0,245294,516862,190622.19753464675,0.0,0.003722333,0.015236792,0.389311708,0.197836125,0.541892833,0.048064291
sienna/5bus_80_24_chronological_conical_bounded_0.01,643543,80,24,chronological,conical_bounded,unscaled,0.01,21.173171064619908,58.55402357717848,0.025428401021932143,2302.701751741106,1.1144034009085833,80,0.9836046650082185,1.0000000000000002,0.0,0.5178082191780822,0.06804794520547945,181275,1222,0,0,OPTIMAL,37652.44729991219,18270.648496453206,19381.79880345919,0.0,0.0,56120,117834,OPTIMAL,33766.46681074159,18270.648496453206,15495.818314288363,0.0,0.0,245294,516862,190490.50178738282,0.0,0.003641166,0.015192292,0.851141458,0.201819,0.672796833,0.048064291
sienna/5bus_80_24_convex_hull_dirac_0.01,643543,80,24,convex_hull,dirac,unscaled,0.01,31.263428282899685,59.50011024468132,0.01628355826789432,3653.9992835592607,1.1653852782034975,80,1.0,1.0,0.0,0.0,0.0125,0,0,19089,6586,OPTIMAL,42357.524856147,18215.877769058086,24141.64708708875,0.0,0.0,56120,117834,OPTIMAL,33892.54712031906,18215.877769058086,15676.66935125836,0.0,0.0,245294,516862,187156.2748917206,0.0,0.003690291,1.769630291,1.542e-6,0.255730208,0.375791625,0.048064291
sienna/5bus_80_24_convex_hull_convex_0.01,643543,80,24,convex_hull,convex,unscaled,0.01,16.344438051648524,59.50011024468132,0.01628355826789432,3653.9992835592607,1.1653852782034975,80,1.0,1.0000000000000002,0.0,0.0,0.08715753424657534,148165,1056,19089,6586,OPTIMAL,40611.07572683014,18397.634310690722,22213.44141613965,0.0,0.0,56120,117834,OPTIMAL,33923.861157984546,18397.634310690722,15526.226847293829,0.0,0.0,245294,516862,186700.04018874984,0.0,0.003923042,2.025591583,0.4026355,0.210797875,0.455700917,0.048064291
sienna/5bus_80_24_convex_hull_conical_0.01,643543,80,24,convex_hull,conical,unscaled,0.01,15.664574004641823,59.50011024468132,0.01628355826789432,3653.9992835592607,1.1653852782034975,80,1.031823912678686,1.2522343753035101,0.5835616438356165,0.19726027397260273,0.09191780821917808,156282,950,19089,6586,OPTIMAL,38152.39126480279,18352.827848145695,19799.56341665715,0.0,0.0,56120,117834,OPTIMAL,33955.121120876334,18352.827848145695,15602.293272730667,0.0,0.0,245294,516862,186052.3677452782,0.0,0.003720625,1.785380417,0.262389042,0.207409834,0.462139417,0.048064291
sienna/5bus_80_24_convex_hull_conical_bounded_0.01,643543,80,24,convex_hull,conical_bounded,unscaled,0.01,16.37788597337722,59.50011024468132,0.01628355826789432,3653.9992835592607,1.1653852782034975,80,0.9907612139514296,1.0000000000000002,0.0,0.5287671232876713,0.08654109589041097,148843,926,19089,6586,OPTIMAL,40586.9779059024,18379.37498026396,22207.602925638497,0.0,0.0,56120,117834,OPTIMAL,33923.38397137421,18379.37498026396,15544.008991112025,0.0,0.0,245294,516862,186462.82210092866,0.0,0.003680708,2.019731542,0.415785583,0.206624583,0.48494025,0.048064291
sienna/5bus_80_24_convex_hull_with_null_dirac_0.01,643543,80,24,convex_hull_with_null,dirac,unscaled,0.01,30.37647132239041,59.177600626524814,0.022529269640868398,2626.6985823266928,1.166611187071987,80,1.0,1.0,0.0,0.0,0.0125,0,0,18905,7135,OPTIMAL,38963.016529301145,18134.75999440382,20828.256534897384,0.0,0.0,56120,117834,OPTIMAL,33896.31451624378,18134.75999440382,15761.554521844491,0.0,0.0,245294,516862,184992.5520513462,0.0,0.003590917,2.026905709,2.0e-6,0.22497575,0.33891825,0.048064291
sienna/5bus_80_24_convex_hull_with_null_convex_0.01,643543,80,24,convex_hull_with_null,convex,unscaled,0.01,16.080281682064253,59.177600626524814,0.022529269640868398,2626.6985823266928,1.166611187071987,80,1.0,1.0000000000000002,0.0,0.0,0.0859931506849315,145315,878,18905,7135,OPTIMAL,39907.65036381575,18372.016521281133,21535.633842534728,0.0,0.0,56120,117834,OPTIMAL,33933.507853775525,18372.016521281133,15561.49133249817,0.0,0.0,245294,516862,185801.4016304806,0.0,0.003738125,2.388917792,0.402606125,0.200952625,0.454127542,0.048064291
sienna/5bus_80_24_convex_hull_with_null_conical_0.01,643543,80,24,convex_hull_with_null,conical,unscaled,0.01,15.443275724408632,59.177600626524814,0.022529269640868398,2626.6985823266928,1.166611187071987,80,1.0270200117775143,1.2058005626495754,0.5506849315068493,0.23013698630136986,0.09154109589041096,156567,1134,18905,7135,OPTIMAL,37515.92764087071,18327.147917933264,19188.779722937597,0.0,0.0,56120,117834,OPTIMAL,33952.12902532583,18327.147917933264,15624.981107396428,0.0,0.0,245294,516862,184970.1314889666,0.0,0.003690792,2.319192208,0.257026959,0.209627791,0.485008709,0.048064291
sienna/5bus_80_24_convex_hull_with_null_conical_bounded_0.01,643543,80,24,convex_hull_with_null,conical_bounded,unscaled,0.01,16.0992861576451,59.177600626524814,0.022529269640868398,2626.6985823266928,1.166611187071987,80,0.9892545119258476,1.0000000000000002,0.0,0.5643835616438356,0.0851027397260274,148020,855,18905,7135,OPTIMAL,39853.17054230181,18334.226317783454,21518.944224518254,0.0,0.0,56120,117834,OPTIMAL,33934.07837695538,18334.226317783454,15599.852059171952,0.0,0.0,245294,516862,185843.83890048455,0.0,0.003640375,2.031452875,0.412896667,0.2041475,0.508626542,0.048064291
sienna/5bus_80_24_conical_hull_dirac_0.01,643543,80,24,conical_hull,dirac,unscaled,0.01,33.229107767138004,50.63221941939174,0.01526450549803573,3316.990480032727,1.228441707140947,80,1.0,1.0,0.0,0.0,0.0125,0,0,18627,7048,OPTIMAL,31256.381842677376,18046.041974392232,13210.339868285679,0.0,0.0,56120,117834,OPTIMAL,33939.693759348105,18046.041974392232,15893.651784955882,0.0,0.0,245294,516862,183844.58254602118,0.0,0.003743,1.327411875,9.17e-7,0.258591667,0.318411167,0.048064291
sienna/5bus_80_24_conical_hull_convex_0.01,643543,80,24,conical_hull,convex,unscaled,0.01,19.034203104914344,50.63221941939174,0.01526450549803573,3316.990480032727,1.228441707140947,80,1.0,1.0000000000000002,0.0,0.0,0.08215753424657535,119182,1018,18627,7048,OPTIMAL,34488.348720600574,18311.19467079871,16177.1540498018,0.0,0.0,56120,117834,OPTIMAL,34009.411089244946,18311.19467079871,15698.216418448335,0.0,0.0,245294,516862,185006.60101198638,0.0,0.003665292,1.228674542,0.327728625,0.200946,0.453481417,0.048064291
sienna/5bus_80_24_conical_hull_conical_0.01,643543,80,24,conical_hull,conical,unscaled,0.01,16.6960894801511,50.63221941939174,0.01526450549803573,3316.990480032727,1.228441707140947,80,1.0780433515956196,1.370360739903139,0.7041095890410959,0.07671232876712329,0.09585616438356165,142742,1072,18627,7048,OPTIMAL,33101.89622171047,18226.678824589973,14875.217397120554,0.0,0.0,56120,117834,OPTIMAL,34039.045539876985,18226.678824589973,15812.366715283524,0.0,0.0,245294,516862,183866.57266360972,0.0,0.00368075,1.264983916,0.252865541,0.202271875,0.4500635,0.048064291
sienna/5bus_80_24_conical_hull_conical_bounded_0.01,643543,80,24,conical_hull,conical_bounded,unscaled,0.01,19.118600862277596,50.63221941939174,0.01526450549803573,3316.990480032727,1.228441707140947,80,0.9953003345388878,1.0000000000000002,0.0,0.4520547945205479,0.08205479452054794,120462,968,18627,7048,OPTIMAL,34432.874885345016,18257.960240238812,16174.914645106186,0.0,0.0,56120,117834,OPTIMAL,34006.19518468639,18257.960240238812,15748.234944447368,0.0,0.0,245294,516862,185033.20610617797,0.0,0.003705417,1.276112375,0.338328083,0.208804916,0.471696375,0.048064291
