case_study,problem_class,source,n_rep_periods,clustering_type,weight_type,normalization,n_seeds,regret_mean_pct,regret_sd_pct,mismatch_mean_pct,time_mean_s,time_sd_s,is_deterministic,pareto_frontier,reasonable_in_group
gep,investment,tyndp,10,k_means,dirac,economic,5,431.656158211914,144.9,84.70912509834663,1.6624405581999997,0.0,false,false,false
gep,investment,tyndp,10,k_means,convex,economic,5,437.69983448154545,139.7,84.86353592582654,1.9885853754,0.2,false,false,false
gep,investment,tyndp,10,k_means,conical,economic,5,419.66466435303835,150.2,83.87722265000835,2.0656213414,0.3,false,false,false
gep,investment,tyndp,10,k_means,conical_bounded,economic,5,441.1210078589579,138.5,85.08165396374984,2.0989607753999997,0.3,false,false,false
gep,investment,tyndp,10,k_medoids,dirac,economic,5,341.34667937686584,272.3,71.74277978005303,1.8166866754000002,0.2,false,false,false
gep,investment,tyndp,10,k_medoids,convex,economic,5,369.8111278705339,309.2,72.08889534055884,2.2506146666,0.4,false,false,false
gep,investment,tyndp,10,k_medoids,conical,economic,5,348.37400334387615,266.4,72.08983756578205,1.970975884,0.1,false,false,false
gep,investment,tyndp,10,k_medoids,conical_bounded,economic,5,377.347167459175,293.1,73.16635596646508,2.2821314414,0.5,false,false,false
gep,investment,tyndp,10,hierarchical,dirac,economic,5,255.9695831425724,0.0,77.43133395402258,1.8218285746,0.2,true,false,false
gep,investment,tyndp,10,hierarchical,convex,economic,5,273.66442004445156,0.0,78.3072756800002,2.055824617,0.1,true,false,false
gep,investment,tyndp,10,hierarchical,conical,economic,5,298.80645668700583,0.0,79.66095437162251,2.0595381334000002,0.2,true,false,false
gep,investment,tyndp,10,hierarchical,conical_bounded,economic,5,289.78444095839325,0.0,79.37619790313747,2.3965985911999996,0.3,true,false,false
gep,investment,tyndp,10,chronological,dirac,economic,5,265.21862205635335,0.0,77.69635928310528,1.3579075498,0.3,true,true,false
gep,investment,tyndp,10,chronological,convex,economic,5,249.3568921590999,0.0,76.63874833149112,1.9875313086000002,0.2,true,false,false
gep,investment,tyndp,10,chronological,conical,economic,5,257.41205185588365,0.0,77.21045225454046,2.27904445,0.3,true,false,false
gep,investment,tyndp,10,chronological,conical_bounded,economic,5,258.3874533983377,0.0,77.4652024694951,2.3264145004,0.3,true,false,false
gep,investment,tyndp,10,convex_hull,dirac,economic,5,85.01502615019176,0.0,42.273047245426746,2.4401266747999997,0.3,true,false,false
gep,investment,tyndp,10,convex_hull,convex,economic,5,86.22847197879715,0.0,39.86674713819059,2.224279675,0.3,true,false,false
gep,investment,tyndp,10,convex_hull,conical,economic,5,89.39592810222669,0.0,41.00596026760372,2.7805197088,0.1,true,false,false
gep,investment,tyndp,10,convex_hull,conical_bounded,economic,5,88.53291382388235,0.0,41.55188142070444,2.61369795,0.4,true,false,false
gep,investment,tyndp,10,convex_hull_with_null,dirac,economic,5,18.236668459523546,2.1,26.756128086237037,2.6394319088,0.1,false,false,false
gep,investment,tyndp,10,convex_hull_with_null,convex,economic,5,22.12823683591507,0.0,29.08939302040654,2.4572748081999998,0.3,true,false,false
gep,investment,tyndp,10,convex_hull_with_null,conical,economic,5,20.753654026722245,0.0,16.619088405773716,2.5161829838,0.4,true,false,false
gep,investment,tyndp,10,convex_hull_with_null,conical_bounded,economic,5,22.32030028373748,0.0,11.220712403364901,2.8935553248,0.3,true,false,false
gep,investment,tyndp,10,conical_hull,dirac,economic,5,14.171698315556336,0.0,11.602369586291008,1.855769817,0.2,true,true,true
gep,investment,tyndp,10,conical_hull,convex,economic,5,18.685738066990076,0.0,29.47595252182972,2.4840590838,0.3,true,false,false
gep,investment,tyndp,10,conical_hull,conical,economic,5,17.05176188564248,0.0,26.33793531159848,2.7411898752,0.3,true,true,true
gep,investment,tyndp,10,conical_hull,conical_bounded,economic,5,21.062988218828593,0.0,27.282150129327512,2.6722462422,0.4,true,false,false
gep,investment,tyndp,20,k_means,dirac,economic,5,172.52191466163228,54.1,69.93691868544879,5.3943953336,0.8,false,false,false
gep,investment,tyndp,20,k_means,convex,economic,5,179.93722560395375,50.5,70.57744073057208,12.058500516999999,2.0,false,false,false
gep,investment,tyndp,20,k_means,conical,economic,5,179.22664978345756,49.9,70.34793283675545,10.037580974599999,1.2,false,false,false
gep,investment,tyndp,20,k_means,conical_bounded,economic,5,182.08571686688032,49.2,70.98793625125577,12.498063641599998,1.5,false,false,false
gep,investment,tyndp,20,k_medoids,dirac,economic,5,109.66396495182411,101.4,49.13487385720005,5.8708174082,0.6,false,false,false
gep,investment,tyndp,20,k_medoids,convex,economic,5,111.33253497493885,102.9,47.83670408261362,14.232300758400001,4.2,false,false,false
gep,investment,tyndp,20,k_medoids,conical,economic,5,105.45719871006266,91.6,47.364952237101534,17.1500078586,2.8,false,false,false
gep,investment,tyndp,20,k_medoids,conical_bounded,economic,5,120.7559629230501,111.9,49.37460983637347,18.0988135834,1.6,false,false,false
gep,investment,tyndp,20,hierarchical,dirac,economic,5,43.53273899826671,0.0,34.17489142230769,5.609281558,0.1,true,false,false
gep,investment,tyndp,20,hierarchical,convex,economic,5,47.35066368895906,0.0,34.49679309425465,14.1384981506,0.3,true,false,false
gep,investment,tyndp,20,hierarchical,conical,economic,5,41.924695453767846,0.0,31.503829235818746,17.389330208,0.2,true,false,false
gep,investment,tyndp,20,hierarchical,conical_bounded,economic,5,48.26017029961118,0.0,35.508745910147155,22.083787049999994,0.4,true,false,false
gep,investment,tyndp,20,chronological,dirac,economic,5,165.03362158623736,0.0,63.96431609257602,3.145205008,0.2,true,false,false
gep,investment,tyndp,20,chronological,convex,economic,5,113.90407866720288,0.0,54.257859851848,17.4798293912,0.3,true,false,false
gep,investment,tyndp,20,chronological,conical,economic,5,102.79794978449836,0.0,52.27742206276015,15.7855829664,0.3,true,false,false
gep,investment,tyndp,20,chronological,conical_bounded,economic,5,129.82556070402427,0.0,58.74981996100411,15.087326683399999,0.3,true,false,false
gep,investment,tyndp,20,convex_hull,dirac,economic,5,5.112395640300681,0.0,0.21424160815678772,7.223789775199999,0.2,true,false,false
gep,investment,tyndp,20,convex_hull,convex,economic,5,4.990122935112407,0.0,5.163568132371352,13.246873166199999,0.4,true,false,false
gep,investment,tyndp,20,convex_hull,conical,economic,5,5.669409686840665,0.0,6.919486063539409,14.5228755086,0.2,true,false,false
gep,investment,tyndp,20,convex_hull,conical_bounded,economic,5,5.298466667194179,0.0,5.4751772530673,19.0794741502,0.0,true,false,false
gep,investment,tyndp,20,convex_hull_with_null,dirac,economic,5,1.8566117625454346,0.0,4.182351097855215,6.590573941200001,0.5,true,true,true
gep,investment,tyndp,20,convex_hull_with_null,convex,economic,5,7.870468254153873,0.0,23.439252538210415,18.1287724668,0.2,true,false,false
gep,investment,tyndp,20,convex_hull_with_null,conical,economic,5,5.797863043044571,0.0,18.85672362981975,20.6586679832,0.3,true,false,false
gep,investment,tyndp,20,convex_hull_with_null,conical_bounded,economic,5,4.356331198155972,0.0,15.729491653493628,19.251033691999996,0.4,true,false,false
gep,investment,tyndp,20,conical_hull,dirac,economic,5,6.680006574935193,0.0,13.304894092331498,5.5451985574,0.1,true,true,false
gep,investment,tyndp,20,conical_hull,convex,economic,5,9.540347595810461,0.0,22.471642801861353,7.8106851829999995,0.3,true,false,false
gep,investment,tyndp,20,conical_hull,conical,economic,5,7.231254557996225,0.0,19.071884311169015,16.9249993918,0.5,true,false,false
gep,investment,tyndp,20,conical_hull,conical_bounded,economic,5,10.223630711389763,0.0,21.85378991852328,7.825392491600001,0.3,true,false,false
gep,investment,tyndp,40,k_means,dirac,economic,5,82.39496519242415,30.1,54.14787966407234,11.5955165,1.9,false,false,false
gep,investment,tyndp,40,k_means,convex,economic,5,79.67001390535326,33.5,52.54601964969352,26.4029529588,8.4,false,false,false
gep,investment,tyndp,40,k_means,conical,economic,5,75.55134409844378,27.9,51.471715517720895,23.658804816799996,3.8,false,false,false
gep,investment,tyndp,40,k_means,conical_bounded,economic,5,80.06796584749645,33.5,52.79154679299063,24.740673225000002,5.6,false,false,false
gep,investment,tyndp,40,k_medoids,dirac,economic,5,29.86354015223692,21.0,26.55152821943928,14.741887041999998,3.4,false,false,false
gep,investment,tyndp,40,k_medoids,convex,economic,5,28.698398605035358,22.0,25.44406470189826,30.229276166,5.4,false,false,false
gep,investment,tyndp,40,k_medoids,conical,economic,5,27.51869101826149,21.1,24.79466482308319,27.4997632254,2.8,false,false,false
gep,investment,tyndp,40,k_medoids,conical_bounded,economic,5,29.285756197944284,22.2,26.048548175268763,27.2984373666,3.8,false,false,false
gep,investment,tyndp,40,hierarchical,dirac,economic,5,15.955999425794932,0.0,16.72675322690189,12.9557120082,0.1,true,false,false
gep,investment,tyndp,40,hierarchical,convex,economic,5,20.889605612151275,0.0,19.615123965433853,25.0470694002,0.4,true,false,false
gep,investment,tyndp,40,hierarchical,conical,economic,5,17.099381530897073,0.0,16.466122532658016,26.882207625,0.3,true,false,false
gep,investment,tyndp,40,hierarchical,conical_bounded,economic,5,20.884150441369265,0.0,20.565676962599436,25.0636198336,0.3,true,false,false
gep,investment,tyndp,40,chronological,dirac,economic,5,38.595455487850394,0.0,29.076812202309014,6.5789072748,0.1,true,false,false
gep,investment,tyndp,40,chronological,convex,economic,5,38.86943970204766,0.0,30.132718552790703,27.9505078332,0.3,true,false,false
gep,investment,tyndp,40,chronological,conical,economic,5,36.702656955098334,0.0,29.139284608694016,31.513748250200003,0.3,true,false,false
gep,investment,tyndp,40,chronological,conical_bounded,economic,5,42.03315092342827,0.0,32.708605661697554,30.444801691200002,0.4,true,false,false
gep,investment,tyndp,40,convex_hull,dirac,economic,5,2.3157565911180455,0.0,3.6428528168908736,19.5586414586,0.3,true,false,false
gep,investment,tyndp,40,convex_hull,convex,economic,5,3.075797126790536,0.0,9.042080047503372,23.704094025,0.2,true,false,false
gep,investment,tyndp,40,convex_hull,conical,economic,5,2.9065220386787383,0.0,12.538198077827804,29.114291892,0.4,true,false,false
gep,investment,tyndp,40,convex_hull,conical_bounded,economic,5,3.250862246713781,0.0,8.850994395150646,28.651955199599996,0.2,true,false,false
gep,investment,tyndp,40,convex_hull_with_null,dirac,economic,5,1.2961734368933442,0.0,1.2039398387227511,19.908690900199996,0.4,true,true,true
gep,investment,tyndp,40,convex_hull_with_null,convex,economic,5,2.249849766769829,0.0,7.935006542935179,40.3280759584,0.6,true,true,true
gep,investment,tyndp,40,convex_hull_with_null,conical,economic,5,2.631054833359703,0.0,8.754835666549532,33.5065846166,0.4,true,false,false
gep,investment,tyndp,40,convex_hull_with_null,conical_bounded,economic,5,2.6715955570255634,0.0,5.466054131586026,30.9769636994,0.5,true,false,false
gep,investment,tyndp,40,conical_hull,dirac,economic,5,12.656704730309443,0.0,0.17038282614265218,10.987074425000001,0.3,true,false,false
gep,investment,tyndp,40,conical_hull,convex,economic,5,13.277724057778851,0.0,11.221388498568162,25.585668016600003,0.6,true,false,false
gep,investment,tyndp,40,conical_hull,conical,economic,5,9.730625780901736,0.0,14.443773105052262,25.635612641799998,0.2,true,false,false
gep,investment,tyndp,40,conical_hull,conical_bounded,economic,5,13.424136729668245,0.0,11.10321405782705,21.7676821002,0.4,true,false,false
gep,investment,tyndp,80,k_means,dirac,economic,5,27.611052130530048,9.9,32.024051492604954,30.7103906,4.0,false,false,false
gep,investment,tyndp,80,k_means,convex,economic,5,20.240150246126536,9.0,24.926328941784185,108.9643169586,15.0,false,false,false
gep,investment,tyndp,80,k_means,conical,economic,5,19.2042790894314,9.5,23.303433353949693,106.52640629160001,5.5,false,false,false
gep,investment,tyndp,80,k_means,conical_bounded,economic,5,20.13276246001087,8.7,24.966485846951546,108.3134416162,18.2,false,false,false
gep,investment,tyndp,80,k_medoids,dirac,economic,5,4.098821702401247,2.4,6.535593485669634,33.9940278998,3.6,false,false,false
gep,investment,tyndp,80,k_medoids,convex,economic,5,3.3196742700217903,2.6,3.6236539432484305,95.9535361666,21.5,false,false,false
gep,investment,tyndp,80,k_medoids,conical,economic,5,2.8961254787903634,2.1,3.773353343400209,94.23918725800002,16.3,false,false,false
gep,investment,tyndp,80,k_medoids,conical_bounded,economic,5,3.5124867421647155,3.0,3.7363492929081823,98.4487867168,18.3,false,false,false
gep,investment,tyndp,80,hierarchical,dirac,economic,5,2.3522168015970513,0.0,4.303797372771964,47.9898799502,0.4,true,false,false
gep,investment,tyndp,80,hierarchical,convex,economic,5,2.5021168266561977,0.0,0.8588978628804822,120.73846866660001,0.5,true,false,false
gep,investment,tyndp,80,hierarchical,conical,economic,5,2.7713267742196512,0.0,0.36780067248465614,129.5882285332,1.4,true,false,false
gep,investment,tyndp,80,hierarchical,conical_bounded,economic,5,3.2432390868679883,0.0,2.196093032396081,118.29214688340001,1.1,true,false,false
gep,investment,tyndp,80,chronological,dirac,economic,5,4.647241812660896,0.0,7.947765359718128,12.4934042498,0.3,true,false,false
gep,investment,tyndp,80,chronological,convex,economic,5,4.475582542833623,0.0,8.919571033930563,111.14339356659998,0.8,true,false,false
gep,investment,tyndp,80,chronological,conical,economic,5,4.465748339971953,0.0,8.45956917376134,128.99895725,0.4,true,false,false
gep,investment,tyndp,80,chronological,conical_bounded,economic,5,4.429045861874159,0.0,9.32464427383611,146.93563043299997,1.2,true,false,false
gep,investment,tyndp,80,convex_hull,dirac,economic,5,1.3161555589601193,0.0,2.213505850144467,49.2326940082,0.5,true,true,true
gep,investment,tyndp,80,convex_hull,convex,economic,5,1.3785403344528824,0.0,6.489756744277844,83.9756104828,0.4,true,true,true
gep,investment,tyndp,80,convex_hull,conical,economic,5,2.3503299965780045,0.0,8.329957368177439,120.5337608666,0.8,true,false,false
gep,investment,tyndp,80,convex_hull,conical_bounded,economic,5,1.5149175942260618,0.0,6.18214706889172,99.9933995498,0.7,true,true,true
gep,investment,tyndp,80,convex_hull_with_null,dirac,economic,5,1.7184827194827392,0.0,1.1426254864626069,55.2401798,0.5,true,false,true
gep,investment,tyndp,80,convex_hull_with_null,convex,economic,5,1.711194893467738,0.0,5.447873365694936,104.609879475,0.4,true,true,true
gep,investment,tyndp,80,convex_hull_with_null,conical,economic,5,2.411367841871037,0.0,5.8719805294534755,86.7931241502,0.3,true,false,false
gep,investment,tyndp,80,convex_hull_with_null,conical_bounded,economic,5,1.653611493943408,0.0,4.146525509729416,115.2912683412,1.0,true,false,true
gep,investment,tyndp,80,conical_hull,dirac,economic,5,3.649384412585821,0.0,0.4232605600049769,28.0862311582,0.8,true,false,false
gep,investment,tyndp,80,conical_hull,convex,economic,5,3.8834458860447008,0.0,10.396524771632592,113.5129988088,0.9,true,false,false
gep,investment,tyndp,80,conical_hull,conical,economic,5,3.6880124030530537,0.0,11.695730994261309,105.647090808,1.1,true,false,false
gep,investment,tyndp,80,conical_hull,conical_bounded,economic,5,3.904138698698234,0.0,10.237151792911959,122.8564733918,1.7,true,false,false
gep,investment,tyndp,10,k_means,dirac,unscaled,5,416.41712700442423,45.3,84.87290206480068,1.62824415,0.0,false,false,false
gep,investment,tyndp,10,k_means,convex,unscaled,5,411.76316808248185,32.5,84.76526654298166,2.1567401,0.4,false,false,false
gep,investment,tyndp,10,k_means,conical,unscaled,5,419.8648489848221,42.9,84.89152490850465,2.0983296332,0.4,false,false,false
gep,investment,tyndp,10,k_means,conical_bounded,unscaled,5,417.2669171992575,34.2,85.03676054160071,2.0982315498,0.5,false,false,false
gep,investment,tyndp,10,k_medoids,dirac,unscaled,5,133.89298451998576,68.9,59.148541547870686,1.7665947166000002,0.1,false,false,false
gep,investment,tyndp,10,k_medoids,convex,unscaled,5,137.5973541542575,73.5,59.39986624364176,2.0896130164000004,0.1,false,false,false
gep,investment,tyndp,10,k_medoids,conical,unscaled,5,139.01390924551637,76.7,59.39487922157235,2.0429156586,0.4,false,false,false
gep,investment,tyndp,10,k_medoids,conical_bounded,unscaled,5,146.84609493072364,82.5,60.6050846506403,2.1574750082,0.4,false,false,false
gep,investment,tyndp,10,hierarchical,dirac,unscaled,5,79.299128331738,0.0,52.22339260386201,1.7711944502,0.2,true,false,false
gep,investment,tyndp,10,hierarchical,convex,unscaled,5,80.49633447257321,0.0,52.201299477498175,1.8738959168,0.3,true,false,false
gep,investment,tyndp,10,hierarchical,conical,unscaled,5,82.82099820820031,0.0,52.78828839276515,2.0530447834000003,0.1,true,false,false
gep,investment,tyndp,10,hierarchical,conical_bounded,unscaled,5,81.10621835947629,0.0,52.62865282321154,2.3499563498000002,0.3,true,false,false
gep,investment,tyndp,10,chronological,dirac,unscaled,5,200.33240297697859,0.0,70.17875189111744,1.2196061496,0.1,true,true,false
gep,investment,tyndp,10,chronological,convex,unscaled,5,194.74271700035345,0.0,69.71607061399143,1.8232137502,0.2,true,false,false
gep,investment,tyndp,10,chronological,conical,unscaled,5,183.43711178202207,0.0,68.4197221575674,2.1714404586000002,0.3,true,false,false
gep,investment,tyndp,10,chronological,conical_bounded,unscaled,5,195.22077970629482,0.0,69.865414031921,1.863421967,0.1,true,false,false
gep,investment,tyndp,10,convex_hull,dirac,unscaled,5,22.739336655277718,0.0,8.587361781576593,2.0778569416000003,0.3,true,false,false
gep,investment,tyndp,10,convex_hull,convex,unscaled,5,22.379804673607474,0.0,13.126009807471618,2.6480461416,0.3,true,false,false
gep,investment,tyndp,10,convex_hull,conical,unscaled,5,25.865767157996423,0.0,12.974397410514976,2.9331200754,0.3,true,false,false
gep,investment,tyndp,10,convex_hull,conical_bounded,unscaled,5,19.638156102195016,0.0,12.8272671870232,2.9445267414,0.3,true,false,false
gep,investment,tyndp,10,convex_hull_with_null,dirac,unscaled,5,12.699736290378505,0.0,6.2779860855189575,2.4299745502,0.1,true,true,true
gep,investment,tyndp,10,convex_hull_with_null,convex,unscaled,5,14.62805338066433,0.0,11.917960164971886,2.2097625748,0.3,true,true,true
gep,investment,tyndp,10,convex_hull_with_null,conical,unscaled,5,12.8775352913858,0.0,8.482057796762565,2.5411010248000006,0.3,true,true,true
gep,investment,tyndp,10,convex_hull_with_null,conical_bounded,unscaled,5,12.37281405276347,0.0,7.024141228709974,2.588299375,0.3,true,true,true
gep,investment,tyndp,10,conical_hull,dirac,unscaled,5,22.491013018817483,0.0,0.20234933616268996,2.0651821168,0.4,true,false,false
gep,investment,tyndp,10,conical_hull,convex,unscaled,5,26.16422834075367,0.0,3.6623077757448117,2.4378482416000002,0.4,true,false,false
gep,investment,tyndp,10,conical_hull,conical,unscaled,5,20.2836781097945,0.0,10.577524865456247,2.1228597084,0.2,true,false,false
gep,investment,tyndp,10,conical_hull,conical_bounded,unscaled,5,25.604394575139942,0.0,4.166761389586299,2.3965640002,0.3,true,false,false
gep,investment,tyndp,20,k_means,dirac,unscaled,5,223.5153043692973,79.4,74.31099451752242,5.067418008600001,0.4,false,false,false
gep,investment,tyndp,20,k_means,convex,unscaled,5,226.00719845890958,80.0,74.41582904379194,9.8683852586,1.2,false,false,false
gep,investment,tyndp,20,k_means,conical,unscaled,5,225.2604210198022,83.3,74.14103192544783,9.531114133,1.6,false,false,false
gep,investment,tyndp,20,k_means,conical_bounded,unscaled,5,230.03537889042863,84.5,74.74577265816721,9.4221510504,1.1,false,false,false
gep,investment,tyndp,20,k_medoids,dirac,unscaled,5,42.71747140786996,11.4,32.78273262457678,5.041334608200001,0.6,false,false,false
gep,investment,tyndp,20,k_medoids,convex,unscaled,5,50.6770650473856,14.7,36.153572038501025,17.999643475200003,0.8,false,false,false
gep,investment,tyndp,20,k_medoids,conical,unscaled,5,50.21319657250531,13.3,36.230215832508165,18.0246803418,2.5,false,false,false
gep,investment,tyndp,20,k_medoids,conical_bounded,unscaled,5,52.09274192469625,13.8,37.54892846503612,17.613309983599997,2.4,false,false,false
gep,investment,tyndp,20,hierarchical,dirac,unscaled,5,37.56991901848463,0.0,34.36019739978195,4.6392545998,0.3,true,false,false
gep,investment,tyndp,20,hierarchical,convex,unscaled,5,38.99053637161407,0.0,34.17092991747723,13.2129583828,0.1,true,false,false
gep,investment,tyndp,20,hierarchical,conical,unscaled,5,36.43497151003301,0.0,32.646073202112824,18.4566164754,0.3,true,false,false
gep,investment,tyndp,20,hierarchical,conical_bounded,unscaled,5,39.77253401614775,0.0,34.943829280045044,7.3007871918,0.2,true,false,false
gep,investment,tyndp,20,chronological,dirac,unscaled,5,130.65070581301387,0.0,57.8282115292799,2.7526652418,0.3,true,false,false
gep,investment,tyndp,20,chronological,convex,unscaled,5,120.85145694195712,0.0,55.7771428739516,15.5095397416,0.3,true,false,false
gep,investment,tyndp,20,chronological,conical,unscaled,5,128.61215167135063,0.0,57.37231288418926,19.2797570248,0.4,true,false,false
gep,investment,tyndp,20,chronological,conical_bounded,unscaled,5,127.9474631591102,0.0,57.858411635735465,18.1022720086,0.4,true,false,false
gep,investment,tyndp,20,convex_hull,dirac,unscaled,5,5.4252465823242435,0.0,4.471318814042069,6.2702177919999995,0.3,true,false,true
gep,investment,tyndp,20,convex_hull,convex,unscaled,5,7.173857369357295,0.0,13.1195951393349,15.123075424799998,0.4,true,false,false
gep,investment,tyndp,20,convex_hull,conical,unscaled,5,7.298371830293826,0.0,14.853948036650369,8.7351226172,0.3,true,false,false
gep,investment,tyndp,20,convex_hull,conical_bounded,unscaled,5,7.352237036288488,0.0,11.279638749014927,16.019208808400002,0.4,true,false,false
gep,investment,tyndp,20,convex_hull_with_null,dirac,unscaled,5,4.99125694151088,0.0,2.0610382706854926,6.041103341,0.4,true,true,true
gep,investment,tyndp,20,convex_hull_with_null,convex,unscaled,5,6.802382191275113,0.0,12.957822593946739,15.4773363744,0.2,true,false,false
gep,investment,tyndp,20,convex_hull_with_null,conical,unscaled,5,6.489953901989809,0.0,10.375519699108095,22.2765106746,0.4,true,false,false
gep,investment,tyndp,20,convex_hull_with_null,conical_bounded,unscaled,5,6.552090564410262,0.0,8.57188596346232,16.2115292836,0.3,true,false,false
gep,investment,tyndp,20,conical_hull,dirac,unscaled,5,9.450560359270966,0.0,4.666550222359986,6.118764316399999,0.3,true,false,false
gep,investment,tyndp,20,conical_hull,convex,unscaled,5,28.492407701150647,0.0,3.189784692949576,13.904437375199999,0.6,true,false,false
gep,investment,tyndp,20,conical_hull,conical,unscaled,5,24.142984710591154,0.0,1.90922208383092,18.392325899999996,0.3,true,false,false
gep,investment,tyndp,20,conical_hull,conical_bounded,unscaled,5,29.999936597563412,0.0,4.399294668450717,14.7564543252,0.6,true,false,false
gep,investment,tyndp,40,k_means,dirac,unscaled,5,79.75371378684939,27.2,53.303702778957984,11.095539532999998,1.0,false,false,false
gep,investment,tyndp,40,k_means,convex,unscaled,5,72.17226567331389,31.3,50.08156367063576,23.605584642000004,0.9,false,false,false
gep,investment,tyndp,40,k_means,conical,unscaled,5,69.66386275948466,33.6,48.73981049939693,20.842280866800003,1.5,false,false,false
gep,investment,tyndp,40,k_means,conical_bounded,unscaled,5,72.73329364926056,30.7,50.49436387011514,22.8646374834,2.5,false,false,false
gep,investment,tyndp,40,k_medoids,dirac,unscaled,5,21.769952586217553,26.9,19.523023695725715,13.3273581084,2.6,false,false,false
gep,investment,tyndp,40,k_medoids,convex,unscaled,5,20.841783675743912,24.2,17.467757394738914,26.617015308400006,2.9,false,false,false
gep,investment,tyndp,40,k_medoids,conical,unscaled,5,20.33594822067194,24.5,16.58914089585922,26.089886675000002,4.1,false,false,false
gep,investment,tyndp,40,k_medoids,conical_bounded,unscaled,5,21.034095301448634,24.4,18.167275039452957,28.304708408199996,3.0,false,false,false
gep,investment,tyndp,40,hierarchical,dirac,unscaled,5,22.313441387721976,0.0,25.669187143709202,12.7688139832,0.3,true,false,false
gep,investment,tyndp,40,hierarchical,convex,unscaled,5,20.411546187122866,0.0,24.85582079899521,28.018541841599994,0.2,true,false,false
gep,investment,tyndp,40,hierarchical,conical,unscaled,5,18.113969042583,0.0,23.276105284116436,23.498103117000003,0.5,true,false,false
gep,investment,tyndp,40,hierarchical,conical_bounded,unscaled,5,20.856509158161217,0.0,25.277682905924085,21.845570400200003,0.4,true,false,false
gep,investment,tyndp,40,chronological,dirac,unscaled,5,15.716839730226685,0.0,13.20905258538826,6.8866303582,0.3,true,false,false
gep,investment,tyndp,40,chronological,convex,unscaled,5,16.282795917722105,0.0,15.886058568392238,27.247260933399996,0.3,true,false,false
gep,investment,tyndp,40,chronological,conical,unscaled,5,15.153377507337694,0.0,14.758235743077382,26.8475044498,0.4,true,false,false
gep,investment,tyndp,40,chronological,conical_bounded,unscaled,5,13.680954922813607,0.0,14.383127267647016,21.011512642000003,0.3,true,false,false
gep,investment,tyndp,40,convex_hull,dirac,unscaled,5,4.016207553159257,0.0,0.1050151130885788,16.074679491599998,0.3,true,false,false
gep,investment,tyndp,40,convex_hull,convex,unscaled,5,2.9872820735925343,0.0,8.421450852778353,27.342989132999996,0.4,true,true,true
gep,investment,tyndp,40,convex_hull,conical,unscaled,5,2.6891996631315918,0.0,10.544451110308218,32.5722786834,0.3,true,true,true
gep,investment,tyndp,40,convex_hull,conical_bounded,unscaled,5,3.005338533060331,0.0,7.544787745044698,28.8610543828,0.5,true,true,true
gep,investment,tyndp,40,convex_hull_with_null,dirac,unscaled,5,2.1750462139735083,0.0,1.4302586848334182,14.4026239836,0.4,true,true,true
gep,investment,tyndp,40,convex_hull_with_null,convex,unscaled,5,2.968523037023596,0.0,10.416869861190383,31.735641233599996,0.4,true,true,true
gep,investment,tyndp,40,convex_hull_with_null,conical,unscaled,5,3.1623606089113077,0.0,11.055896509861931,29.058544649999998,0.3,true,true,true
gep,investment,tyndp,40,convex_hull_with_null,conical_bounded,unscaled,5,3.036415771114487,0.0,8.702862277156223,28.1692718588,0.4,true,true,true
gep,investment,tyndp,40,conical_hull,dirac,unscaled,5,8.55538311547932,0.0,2.1103078857827193,13.019197649600002,0.2,true,false,false
gep,investment,tyndp,40,conical_hull,convex,unscaled,5,11.39639503126897,0.0,3.3650127347544427,29.181643008600002,0.6,true,false,false
gep,investment,tyndp,40,conical_hull,conical,unscaled,5,11.884201179828047,0.0,6.422433379176399,23.9630629418,0.2,true,false,false
gep,investment,tyndp,40,conical_hull,conical_bounded,unscaled,5,10.477647882339959,0.0,4.088932944127114,28.6774774746,0.4,true,false,false
gep,investment,tyndp,80,k_means,dirac,unscaled,5,30.65665363012971,13.2,33.72987143815114,33.9260028746,5.0,false,false,false
gep,investment,tyndp,80,k_means,convex,unscaled,5,25.585381029477478,11.2,29.249950724927544,109.50087967459999,11.3,false,false,false
gep,investment,tyndp,80,k_means,conical,unscaled,5,24.59788492100732,11.2,28.10801854319132,118.03339720780002,17.0,false,false,false
gep,investment,tyndp,80,k_means,conical_bounded,unscaled,5,25.790796444704256,11.4,29.605684088739288,116.10511322519999,7.7,false,false,false
gep,investment,tyndp,80,k_medoids,dirac,unscaled,5,2.8519751706165897,1.5,5.596103743738579,37.9773229334,6.0,false,false,false
gep,investment,tyndp,80,k_medoids,convex,unscaled,5,2.517767083769291,1.6,2.6042820001480096,110.33894187519999,17.3,false,false,false
gep,investment,tyndp,80,k_medoids,conical,unscaled,5,2.6001544230238016,1.5,2.7743966852587696,94.91686451620001,11.6,false,false,false
gep,investment,tyndp,80,k_medoids,conical_bounded,unscaled,5,2.878600857746547,1.7,3.23384755293421,87.13148372479999,14.1,false,false,false
gep,investment,tyndp,80,hierarchical,dirac,unscaled,5,3.920402901725706,0.0,5.271262280290844,35.493178333399996,0.3,true,false,false
gep,investment,tyndp,80,hierarchical,convex,unscaled,5,3.0285895017310827,0.0,3.3253310051953706,73.6923272496,0.4,true,false,false
gep,investment,tyndp,80,hierarchical,conical,unscaled,5,2.9158311925461478,0.0,2.509631583189534,87.6422696092,0.6,true,false,false
gep,investment,tyndp,80,hierarchical,conical_bounded,unscaled,5,2.7722696858897056,0.0,3.6513629632727422,104.013541308,0.7,true,false,false
gep,investment,tyndp,80,chronological,dirac,unscaled,5,4.700643621480927,0.0,8.332536919776132,13.2419251084,0.2,true,false,false
gep,investment,tyndp,80,chronological,convex,unscaled,5,3.747605892182282,0.0,8.132575905089444,73.5522852748,0.6,true,false,false
gep,investment,tyndp,80,chronological,conical,unscaled,5,3.837108855053239,0.0,7.918306883062948,86.6918966168,0.4,true,false,false
gep,investment,tyndp,80,chronological,conical_bounded,unscaled,5,3.804825641580112,0.0,8.434575618730435,73.8937603244,0.7,true,false,false
gep,investment,tyndp,80,convex_hull,dirac,unscaled,5,0.991577704455171,0.0,0.4875107658791077,40.3736799502,0.4,true,true,true
gep,investment,tyndp,80,convex_hull,convex,unscaled,5,1.5227765849334718,0.0,6.707166960622682,118.5834453664,0.4,true,true,true
gep,investment,tyndp,80,convex_hull,conical,unscaled,5,1.5929869942217234,0.0,8.157854292002801,79.77316907499998,0.3,true,true,true
gep,investment,tyndp,80,convex_hull,conical_bounded,unscaled,5,1.5374300680640385,0.0,5.944363622750177,113.0241178922,0.8,true,true,true
gep,investment,tyndp,80,convex_hull_with_null,dirac,unscaled,5,1.0148349835394255,0.0,1.3330687519680484,38.3822005,0.3,true,true,true
gep,investment,tyndp,80,convex_hull_with_null,convex,unscaled,5,1.5729772574356593,0.0,9.14483818574404,66.90329315,0.4,true,true,true
gep,investment,tyndp,80,convex_hull_with_null,conical,unscaled,5,1.5975072209447827,0.0,9.715018525028059,125.6957966002,1.0,true,true,true
gep,investment,tyndp,80,convex_hull_with_null,conical_bounded,unscaled,5,1.4956958707932788,0.0,7.306120033683681,88.83348711720001,0.4,true,true,true
gep,investment,tyndp,80,conical_hull,dirac,unscaled,5,3.0013974021642076,0.0,1.8751933307956175,37.2739879004,0.3,true,false,false
gep,investment,tyndp,80,conical_hull,convex,unscaled,5,2.9846315232069376,0.0,5.6951193881567965,101.581339166,0.4,true,false,false
gep,investment,tyndp,80,conical_hull,conical,unscaled,5,3.202209397697242,0.0,9.825594877724715,75.3569873992,0.5,true,false,false
gep,investment,tyndp,80,conical_hull,conical_bounded,unscaled,5,2.8430790554552887,0.0,5.67192094530476,103.3384324248,0.8,true,false,false
5bus,investment,sienna,10,k_means,dirac,economic,5,1097.9786494196971,667.7,88.42979272578175,0.1040560578,0.1,false,false,false
5bus,investment,sienna,10,k_means,convex,economic,5,1044.2988736078248,652.4,86.48694949660886,0.13425006639999998,0.0,false,false,false
5bus,investment,sienna,10,k_means,conical,economic,5,1161.4290614377521,696.0,87.17117944756203,0.118199642,0.0,false,false,false
5bus,investment,sienna,10,k_means,conical_bounded,economic,5,1013.9385328406281,619.3,87.08516991213185,0.108450333,0.0,false,false,false
5bus,investment,sienna,10,k_medoids,dirac,economic,5,36.62942564032735,8.5,44.68555878860132,0.11665239999999999,0.1,false,false,false
5bus,investment,sienna,10,k_medoids,convex,economic,5,35.97626979746854,8.7,43.33026005274856,0.17889266620000002,0.1,false,false,false
5bus,investment,sienna,10,k_medoids,conical,economic,5,35.45828972113809,7.8,41.972660835303955,0.1748004168,0.1,false,false,false
5bus,investment,sienna,10,k_medoids,conical_bounded,economic,5,35.39376264618141,10.5,44.144588740437385,0.12832199160000002,0.0,false,false,false
5bus,investment,sienna,10,hierarchical,dirac,economic,5,80.985911519086,0.0,57.76087958960962,0.0769168748,0.0,true,false,false
5bus,investment,sienna,10,hierarchical,convex,economic,5,81.55996357121067,0.0,58.372132754802806,0.1888949252,0.1,true,false,false
5bus,investment,sienna,10,hierarchical,conical,economic,5,79.66485072923355,0.0,57.988271864241916,0.11597785820000002,0.0,true,false,false
5bus,investment,sienna,10,hierarchical,conical_bounded,economic,5,74.72904245343759,0.0,57.75116036276894,0.1717255588,0.1,true,false,false
5bus,investment,sienna,10,chronological,dirac,economic,5,60.95765519375802,0.0,52.58238277037865,0.0508390254,0.0,true,false,false
5bus,investment,sienna,10,chronological,convex,economic,5,52.643439640871534,0.0,46.25371407970111,0.18748539999999997,0.1,true,false,false
5bus,investment,sienna,10,chronological,conical,economic,5,61.29121502816861,0.0,42.72475954564994,0.15938677499999998,0.1,true,false,false
5bus,investment,sienna,10,chronological,conical_bounded,economic,5,52.57699426174886,0.0,47.75639195529774,0.10180673339999999,0.0,true,false,false
5bus,investment,sienna,10,convex_hull,dirac,economic,5,13.924695058095216,0.0,95.29060170254498,0.1672405832,0.1,true,false,true
5bus,investment,sienna,10,convex_hull,convex,economic,5,14.14293661746755,0.0,66.50704278420373,0.1330498082,0.0,true,true,true
5bus,investment,sienna,10,convex_hull,conical,economic,5,14.14399058963285,0.0,45.263261358000605,0.12782384200000002,0.0,true,true,true
5bus,investment,sienna,10,convex_hull,conical_bounded,economic,5,13.821151182413317,0.0,37.387178409015675,0.1752046086,0.1,true,false,true
5bus,investment,sienna,10,convex_hull_with_null,dirac,economic,5,57.79478803965522,0.0,56.81854220671066,0.1787501998,0.0,true,false,false
5bus,investment,sienna,10,convex_hull_with_null,convex,economic,5,50.02058442891677,0.0,54.32778219686021,0.30358587559999994,0.1,true,false,false
5bus,investment,sienna,10,convex_hull_with_null,conical,economic,5,79.46099098736225,0.0,65.6161689669503,0.2875364670000001,0.1,true,false,false
5bus,investment,sienna,10,convex_hull_with_null,conical_bounded,economic,5,90.07017593192418,0.0,67.89547773342262,0.197758125,0.1,true,false,false
5bus,investment,sienna,10,conical_hull,dirac,economic,5,12.594176389399902,0.0,11.37567832534598,0.0828009832,0.0,true,true,true
5bus,investment,sienna,10,conical_hull,convex,economic,5,12.615610287002843,0.0,13.44444054836131,0.1074559496,0.0,true,true,true
5bus,investment,sienna,10,conical_hull,conical,economic,5,23.12481948552478,0.0,44.78476355483625,0.1299238748,0.0,true,false,false
5bus,investment,sienna,10,conical_hull,conical_bounded,economic,5,12.603125242672553,0.0,13.08597342549451,0.153424117,0.1,true,false,true
5bus,investment,sienna,20,k_means,dirac,economic,5,662.3589713327694,382.6,85.82629881720717,0.1682710508,0.0,false,false,false
5bus,investment,sienna,20,k_means,convex,economic,5,637.6424766623371,374.9,83.8375968741037,0.42078150799999997,0.1,false,false,false
5bus,investment,sienna,20,k_means,conical,economic,5,722.8834987054081,445.4,84.04253603692857,0.3121819416,0.1,false,false,false
5bus,investment,sienna,20,k_means,conical_bounded,economic,5,621.4241309660235,361.1,84.30410483841437,0.40754144999999997,0.1,false,false,false
5bus,investment,sienna,20,k_medoids,dirac,economic,5,38.54497771865331,45.3,35.553910733467056,0.16007155820000002,0.0,false,false,false
5bus,investment,sienna,20,k_medoids,convex,economic,5,35.93775227604791,42.1,32.38020820573539,0.27258195020000003,0.0,false,false,false
5bus,investment,sienna,20,k_medoids,conical,economic,5,35.21403710716213,39.6,30.334920182184426,0.26673920819999997,0.0,false,false,false
5bus,investment,sienna,20,k_medoids,conical_bounded,economic,5,38.496074168872596,47.6,34.51063739674356,0.46614188360000003,0.1,false,false,false
5bus,investment,sienna,20,hierarchical,dirac,economic,5,52.83315438159535,0.0,53.0865731980813,0.1538891164,0.0,true,false,false
5bus,investment,sienna,20,hierarchical,convex,economic,5,60.07383998851425,0.0,56.28109674015261,0.4499663,0.1,true,false,false
5bus,investment,sienna,20,hierarchical,conical,economic,5,57.3307656452022,0.0,54.05865168348057,0.2881398748,0.1,true,false,false
5bus,investment,sienna,20,hierarchical,conical_bounded,economic,5,60.734277971970435,0.0,57.76644117504678,0.3991856588,0.1,true,false,false
5bus,investment,sienna,20,chronological,dirac,economic,5,24.363890189962014,0.0,32.19433170513502,0.1111625082,0.0,true,false,false
5bus,investment,sienna,20,chronological,convex,economic,5,24.14748228485164,0.0,31.523563079801733,0.3443784586,0.1,true,false,false
5bus,investment,sienna,20,chronological,conical,economic,5,24.483813824345813,0.0,23.624492407383407,0.2432154498,0.1,true,false,false
5bus,investment,sienna,20,chronological,conical_bounded,economic,5,23.767447485544402,0.0,33.60469351963748,0.32843539159999996,0.1,true,false,false
5bus,investment,sienna,20,convex_hull,dirac,economic,5,13.663606631416258,0.0,91.85832710164811,0.3984321918,0.1,true,false,false
5bus,investment,sienna,20,convex_hull,convex,economic,5,13.40707365830296,0.0,62.24874492488343,0.5728923502,0.1,true,false,false
5bus,investment,sienna,20,convex_hull,conical,economic,5,12.863747251720124,0.0,59.06192802351673,0.4393040082,0.1,true,false,false
5bus,investment,sienna,20,convex_hull,conical_bounded,economic,5,13.066558554270324,0.0,42.94405655534838,0.5925326254,0.1,true,false,false
5bus,investment,sienna,20,convex_hull_with_null,dirac,economic,5,67.4188080973939,0.0,61.310139710267926,0.41812939179999997,0.1,true,false,false
5bus,investment,sienna,20,convex_hull_with_null,convex,economic,5,57.770396191394504,0.0,57.034427219517184,0.5565905663999999,0.1,true,false,false
5bus,investment,sienna,20,convex_hull_with_null,conical,economic,5,62.87890110123078,0.0,59.476454344145225,0.6774271082,0.0,true,false,false
5bus,investment,sienna,20,convex_hull_with_null,conical_bounded,economic,5,67.33059652281372,0.0,62.15451219548487,0.6391475248,0.1,true,false,false
5bus,investment,sienna,20,conical_hull,dirac,economic,5,1.220117351678729,0.0,31.45903150381826,0.23643191659999996,0.1,true,true,true
5bus,investment,sienna,20,conical_hull,convex,economic,5,1.1110840912763376,0.0,32.70349200792882,0.3247427582,0.1,true,false,true
5bus,investment,sienna,20,conical_hull,conical,economic,5,3.587713899091205,0.0,72.18443469564524,0.2978119166,0.1,true,false,false
5bus,investment,sienna,20,conical_hull,conical_bounded,economic,5,1.0559757454256635,0.0,32.2348756245649,0.32394619160000004,0.1,true,false,true
5bus,investment,sienna,40,k_means,dirac,economic,5,51.666117723617575,18.5,52.08799125434265,0.265028425,0.0,false,false,false
5bus,investment,sienna,40,k_means,convex,economic,5,41.695145378741756,5.0,48.50307697568195,0.8341311246,0.1,false,false,false
5bus,investment,sienna,40,k_means,conical,economic,5,38.08355838873589,4.6,45.06709021263333,0.7628048586,0.1,false,false,false
5bus,investment,sienna,40,k_means,conical_bounded,economic,5,43.51550837630316,5.0,50.258367016951986,0.9502112333999999,0.1,false,false,false
5bus,investment,sienna,40,k_medoids,dirac,economic,5,14.966036435811478,15.1,20.637234554547824,0.2662403002,0.0,false,false,false
5bus,investment,sienna,40,k_medoids,convex,economic,5,14.557509366323648,14.9,20.635238807914547,0.8846897662,0.0,false,false,false
5bus,investment,sienna,40,k_medoids,conical,economic,5,14.994806307018482,15.1,19.69319623653089,0.8180394249999999,0.1,false,false,false
5bus,investment,sienna,40,k_medoids,conical_bounded,economic,5,14.351900161532049,14.9,20.844689165936913,0.7654542002000001,0.1,false,false,false
5bus,investment,sienna,40,hierarchical,dirac,economic,5,7.6309978775424225,0.0,5.791916319092145,0.26299388339999996,0.0,true,false,false
5bus,investment,sienna,40,hierarchical,convex,economic,5,6.297703635708873,0.0,12.455631616750116,0.9465118499999999,0.0,true,false,false
5bus,investment,sienna,40,hierarchical,conical,economic,5,6.09498307145433,0.0,10.977000060202025,0.6948502,0.2,true,false,false
5bus,investment,sienna,40,hierarchical,conical_bounded,economic,5,5.619330683494028,0.0,11.691913585831232,0.9021639502,0.1,true,false,false
5bus,investment,sienna,40,chronological,dirac,economic,5,23.49752617451779,0.0,22.974966916768746,0.2122276248,0.0,true,false,false
5bus,investment,sienna,40,chronological,convex,economic,5,23.96254686588062,0.0,27.94404130843032,0.8484123499999999,0.0,true,false,false
5bus,investment,sienna,40,chronological,conical,economic,5,27.10319534719481,0.0,22.599216456510124,0.8553948664,0.0,true,false,false
5bus,investment,sienna,40,chronological,conical_bounded,economic,5,23.795553317794727,0.0,28.539743669397705,0.6999286166,0.0,true,false,false
5bus,investment,sienna,40,convex_hull,dirac,economic,5,13.612658323016523,0.0,67.33544973470325,1.2511525749999999,0.0,true,false,false
5bus,investment,sienna,40,convex_hull,convex,economic,5,13.682882082260917,0.0,40.785706516866725,1.2733524504,0.0,true,false,false
5bus,investment,sienna,40,convex_hull,conical,economic,5,13.07685871779638,0.0,42.79728647560127,1.5114138084,0.0,true,false,false
5bus,investment,sienna,40,convex_hull,conical_bounded,economic,5,13.19702796682698,0.0,27.220395265424617,1.32746875,0.0,true,false,false
5bus,investment,sienna,40,convex_hull_with_null,dirac,economic,5,70.42170290177259,0.0,58.97415535608609,1.3495373750000002,0.0,true,false,false
5bus,investment,sienna,40,convex_hull_with_null,convex,economic,5,62.453223986505726,0.0,54.60825667647198,1.4086213332,0.1,true,false,false
5bus,investment,sienna,40,convex_hull_with_null,conical,economic,5,62.05317388024842,0.0,56.575670279829886,1.5900153333999998,0.1,true,false,false
5bus,investment,sienna,40,convex_hull_with_null,conical_bounded,economic,5,69.27571258735257,0.0,60.89907967751967,1.4237277335999998,0.1,true,false,false
5bus,investment,sienna,40,conical_hull,dirac,economic,5,1.0111456507831074,0.0,15.330448089147675,0.5067413172,0.1,true,true,true
5bus,investment,sienna,40,conical_hull,convex,economic,5,0.9726215398935478,0.0,15.812638003353195,0.8186383832,0.1,true,true,true
5bus,investment,sienna,40,conical_hull,conical,economic,5,3.238539492219439,0.0,42.34961103995818,0.8496024585999999,0.1,true,false,false
5bus,investment,sienna,40,conical_hull,conical_bounded,economic,5,0.9394886350804654,0.0,15.631598588918177,0.7973662414,0.1,true,true,true
5bus,investment,sienna,80,k_means,dirac,economic,5,40.20674932732765,5.8,47.411321840044835,0.4566884164,0.0,false,false,false
5bus,investment,sienna,80,k_means,convex,economic,5,37.98739342605649,10.6,45.28299921359074,2.176541592,0.2,false,false,false
5bus,investment,sienna,80,k_means,conical,economic,5,32.823868906209185,10.4,39.75504285364329,1.7759591915999997,0.1,false,false,false
5bus,investment,sienna,80,k_means,conical_bounded,economic,5,38.86845777394278,10.6,46.72336624392078,2.2494389168,0.2,false,false,false
5bus,investment,sienna,80,k_medoids,dirac,economic,5,4.016994896979375,4.6,9.632691612187736,0.408973767,0.0,false,false,false
5bus,investment,sienna,80,k_medoids,convex,economic,5,4.1059863960754495,4.4,9.683191602875398,1.9948165668000002,0.0,false,false,false
5bus,investment,sienna,80,k_medoids,conical,economic,5,4.367403088347151,4.5,10.82937705580243,1.5175982834000001,0.2,false,false,false
5bus,investment,sienna,80,k_medoids,conical_bounded,economic,5,4.130743359814998,4.4,9.403261050725124,2.0282316828,0.1,false,false,false
5bus,investment,sienna,80,hierarchical,dirac,economic,5,7.595920285327628,0.0,19.369116785183408,0.416434733,0.0,true,false,false
5bus,investment,sienna,80,hierarchical,convex,economic,5,6.320324990676562,0.0,16.04240044974198,2.0055877086,0.0,true,false,false
5bus,investment,sienna,80,hierarchical,conical,economic,5,7.947685665518489,0.0,10.0527432373842,1.5941537998000002,0.1,true,false,false
5bus,investment,sienna,80,hierarchical,conical_bounded,economic,5,5.5672034626755185,0.0,16.380844588940516,2.0344006836,0.1,true,false,false
5bus,investment,sienna,80,chronological,dirac,economic,5,0.013993842866377726,0.0,6.8156710754394325,0.3826369586,0.0,true,true,true
5bus,investment,sienna,80,chronological,convex,economic,5,0.06178302131716329,0.0,12.908738668354825,1.8056621575999998,0.0,true,true,true
5bus,investment,sienna,80,chronological,conical,economic,5,0.5657754867563591,0.0,4.728371917517538,1.3814361416,0.1,true,true,true
5bus,investment,sienna,80,chronological,conical_bounded,economic,5,0.09279695972526092,0.0,14.272805236639536,1.7657418831999998,0.1,true,true,true
5bus,investment,sienna,80,convex_hull,dirac,economic,5,0.14102637357125136,0.0,75.42756186415394,3.7583722672,0.2,true,true,true
5bus,investment,sienna,80,convex_hull,convex,economic,5,0.15895421435550006,0.0,48.212414378156744,4.893499767,0.4,true,true,true
5bus,investment,sienna,80,convex_hull,conical,economic,5,0.4733115038200397,0.0,49.941455111045435,4.6738272832,0.1,true,true,true
5bus,investment,sienna,80,convex_hull,conical_bounded,economic,5,0.16608481805928665,0.0,36.660184746369616,4.8810146584,0.2,true,true,true
5bus,investment,sienna,80,convex_hull_with_null,dirac,economic,5,0.10726783046037802,0.0,71.12983755504382,3.7186618001999996,0.1,true,true,true
5bus,investment,sienna,80,convex_hull_with_null,convex,economic,5,0.1533143074206711,0.0,47.537381179685255,4.8711071418000005,0.2,true,true,true
5bus,investment,sienna,80,convex_hull_with_null,conical,economic,5,0.20276042794349358,0.0,37.10435520918976,4.5472710166,0.1,true,true,true
5bus,investment,sienna,80,convex_hull_with_null,conical_bounded,economic,5,0.15081357215407376,0.0,28.418606608218163,4.9957746998,0.2,true,true,true
5bus,investment,sienna,80,conical_hull,dirac,economic,5,0.7635910841407023,0.0,0.7700143175204619,1.3109169666,0.2,true,true,true
5bus,investment,sienna,80,conical_hull,convex,economic,5,0.8082280594460478,0.0,2.4469973959580082,2.0534385326,0.2,true,true,true
5bus,investment,sienna,80,conical_hull,conical,economic,5,2.625651494743231,0.0,27.75226660906311,1.9100744748,0.1,true,false,false
5bus,investment,sienna,80,conical_hull,conical_bounded,economic,5,0.8007656744322578,0.0,2.2129359440000065,2.0788949332,0.2,true,true,true
5bus,investment,sienna,10,k_means,dirac,unscaled,5,151.29841937906517,66.4,69.10722244769734,0.0660098836,0.0,false,false,false
5bus,investment,sienna,10,k_means,convex,unscaled,5,124.04250722521815,45.7,65.7978247629233,0.16892994160000002,0.1,false,false,false
5bus,investment,sienna,10,k_means,conical,unscaled,5,123.85997501398,45.2,65.68584138104379,0.0874042584,0.0,false,false,false
5bus,investment,sienna,10,k_means,conical_bounded,unscaled,5,124.75615725706567,45.9,66.311081350258,0.1856595328,0.1,false,false,false
5bus,investment,sienna,10,k_medoids,dirac,unscaled,5,106.1711703988608,27.7,63.53395378894237,0.0574612084,0.0,false,false,false
5bus,investment,sienna,10,k_medoids,convex,unscaled,5,103.45967196065612,26.7,62.518463164126345,0.1311311662,0.1,false,false,false
5bus,investment,sienna,10,k_medoids,conical,unscaled,5,104.02181871915077,26.2,62.58953725216069,0.08035499980000001,0.0,false,false,false
5bus,investment,sienna,10,k_medoids,conical_bounded,unscaled,5,100.7906774783098,24.0,62.7256752364126,0.17676304159999998,0.1,false,false,false
5bus,investment,sienna,10,hierarchical,dirac,unscaled,5,113.97785619972596,0.0,65.76318721559288,0.069568133,0.0,true,false,false
5bus,investment,sienna,10,hierarchical,convex,unscaled,5,114.99719103040972,0.0,65.12485219686381,0.17135720019999998,0.1,true,false,false
5bus,investment,sienna,10,hierarchical,conical,unscaled,5,114.46080083896652,0.0,64.65246403263137,0.07201564159999999,0.0,true,false,false
5bus,investment,sienna,10,hierarchical,conical_bounded,unscaled,5,115.45427663845024,0.0,65.64107507366754,0.0779920086,0.0,true,false,false
5bus,investment,sienna,10,chronological,dirac,unscaled,5,67.15305439436625,0.0,21.45051970212605,0.1086999246,0.1,true,false,false
5bus,investment,sienna,10,chronological,convex,unscaled,5,64.58169100849686,0.0,10.357413820917234,0.12058691660000001,0.1,true,false,false
5bus,investment,sienna,10,chronological,conical,unscaled,5,64.24865560996622,0.0,15.680734821451631,0.125188075,0.1,true,false,false
5bus,investment,sienna,10,chronological,conical_bounded,unscaled,5,64.4108351588962,0.0,8.503882759985341,0.17206898340000001,0.1,true,false,false
5bus,investment,sienna,10,convex_hull,dirac,unscaled,5,1.7719553085979947,0.0,13.126740415194963,0.0760557,0.0,true,false,true
5bus,investment,sienna,10,convex_hull,convex,unscaled,5,1.6771833399091385,0.0,12.285690693785211,0.14333364999999998,0.1,true,true,true
5bus,investment,sienna,10,convex_hull,conical,unscaled,5,1.6441416281399277,0.0,11.629033665350807,0.09710035,0.0,true,false,true
5bus,investment,sienna,10,convex_hull,conical_bounded,unscaled,5,1.3443213319851655,0.0,12.546251844678629,0.1018512586,0.0,true,true,true
5bus,investment,sienna,10,convex_hull_with_null,dirac,unscaled,5,2.174646483096998,0.0,57.30342808648605,0.0866249916,0.0,true,true,true
5bus,investment,sienna,10,convex_hull_with_null,convex,unscaled,5,2.283358705146621,0.0,48.422220755939094,0.1338059082,0.0,true,true,true
5bus,investment,sienna,10,convex_hull_with_null,conical,unscaled,5,2.0833271882454873,0.0,46.380983078729074,0.11350331659999999,0.0,true,true,true
5bus,investment,sienna,10,convex_hull_with_null,conical_bounded,unscaled,5,2.2423621931842996,0.0,45.7040671458044,0.11614800839999999,0.0,true,true,true
5bus,investment,sienna,10,conical_hull,dirac,unscaled,5,27.688117583829516,0.0,36.10735325693473,0.07045987499999999,0.0,true,false,false
5bus,investment,sienna,10,conical_hull,convex,unscaled,5,27.94366584407168,0.0,36.8352771786233,0.11789539959999999,0.0,true,false,false
5bus,investment,sienna,10,conical_hull,conical,unscaled,5,25.764491198590076,0.0,30.3342307042936,0.1181954332,0.0,true,false,false
5bus,investment,sienna,10,conical_hull,conical_bounded,unscaled,5,27.945491953299275,0.0,37.113852358963165,0.13155227519999999,0.0,true,false,false
5bus,investment,sienna,20,k_means,dirac,unscaled,5,41.20427799671281,19.9,44.492200172179665,0.1133433248,0.0,false,false,false
5bus,investment,sienna,20,k_means,convex,unscaled,5,38.28050026026226,17.5,41.55708593283592,0.2675221832,0.1,false,false,false
5bus,investment,sienna,20,k_means,conical,unscaled,5,38.68323656510455,17.4,41.25866191768286,0.1574328746,0.0,false,false,false
5bus,investment,sienna,20,k_means,conical_bounded,unscaled,5,37.836429308075076,16.8,41.78607104806931,0.18869466659999998,0.0,false,false,false
5bus,investment,sienna,20,k_medoids,dirac,unscaled,5,37.21237193727833,32.2,36.712351943938835,0.11800116680000002,0.0,false,false,false
5bus,investment,sienna,20,k_medoids,convex,unscaled,5,31.07382686813876,33.4,28.50829070074958,0.33289775759999995,0.1,false,false,false
5bus,investment,sienna,20,k_medoids,conical,unscaled,5,30.930426395715802,33.3,27.881121238128024,0.18804739180000002,0.0,false,false,false
5bus,investment,sienna,20,k_medoids,conical_bounded,unscaled,5,30.96131238428896,33.4,28.840582781229283,0.20510596639999998,0.0,false,false,false
5bus,investment,sienna,20,hierarchical,dirac,unscaled,5,2.05297025113369,0.0,22.78790904112827,0.1373434582,0.0,true,true,false
5bus,investment,sienna,20,hierarchical,convex,unscaled,5,2.2063945628658654,0.0,21.096849628119916,0.24381605860000005,0.1,true,false,false
5bus,investment,sienna,20,hierarchical,conical,unscaled,5,2.208917626031237,0.0,20.556335337158593,0.217524342,0.1,true,false,false
5bus,investment,sienna,20,hierarchical,conical_bounded,unscaled,5,2.1975334717229345,0.0,21.75733757941517,0.23144795,0.1,true,false,false
5bus,investment,sienna,20,chronological,dirac,unscaled,5,3.755711579084564,0.0,3.0086673981988197,0.0902122834,0.0,true,false,false
5bus,investment,sienna,20,chronological,convex,unscaled,5,3.2836045980155104,0.0,3.799698620258501,0.25167069160000005,0.1,true,false,false
5bus,investment,sienna,20,chronological,conical,unscaled,5,3.8104396386358985,0.0,6.264775946175901,0.2105996918,0.1,true,false,false
5bus,investment,sienna,20,chronological,conical_bounded,unscaled,5,3.2355394580301677,0.0,5.124063870138597,0.158842667,0.0,true,false,false
5bus,investment,sienna,20,convex_hull,dirac,unscaled,5,0.7094037148378307,0.0,3.5170132547528654,0.27283319199999995,0.1,true,true,true
5bus,investment,sienna,20,convex_hull,convex,unscaled,5,1.2886908841897027,0.0,5.151155702002331,0.3596266998,0.1,true,false,true
5bus,investment,sienna,20,convex_hull,conical,unscaled,5,1.426211248283793,0.0,6.607759654074829,0.2999524666,0.1,true,false,true
5bus,investment,sienna,20,convex_hull,conical_bounded,unscaled,5,1.211944213491245,0.0,5.420755725845293,0.3249825164,0.1,true,false,true
5bus,investment,sienna,20,convex_hull_with_null,dirac,unscaled,5,1.284276535673201,0.0,36.12385342389309,0.2507154248,0.0,true,false,true
5bus,investment,sienna,20,convex_hull_with_null,convex,unscaled,5,1.515687199368676,0.0,28.631442274814894,0.39006443339999997,0.1,true,false,true
5bus,investment,sienna,20,convex_hull_with_null,conical,unscaled,5,1.4413790510057645,0.0,23.750212142270414,0.34750149999999996,0.1,true,false,true
5bus,investment,sienna,20,convex_hull_with_null,conical_bounded,unscaled,5,1.5075286922769715,0.0,30.038933898865103,0.34018357539999994,0.1,true,false,true
5bus,investment,sienna,20,conical_hull,dirac,unscaled,5,1.859246599491349,0.0,0.13987120468314584,0.222459617,0.1,true,false,false
5bus,investment,sienna,20,conical_hull,convex,unscaled,5,1.8910868637085798,0.0,8.242384195152617,0.403725617,0.1,true,false,false
5bus,investment,sienna,20,conical_hull,conical,unscaled,5,2.358692552128683,0.0,2.5862610805008956,0.35588023300000005,0.1,true,false,false
5bus,investment,sienna,20,conical_hull,conical_bounded,unscaled,5,1.884943503749481,0.0,8.242477827584473,0.3191754914,0.1,true,false,false
5bus,investment,sienna,40,k_means,dirac,unscaled,5,19.634843032194325,13.8,31.231020164734087,0.2508673836,0.0,false,false,false
5bus,investment,sienna,40,k_means,convex,unscaled,5,12.629451054192943,16.9,20.882660620009606,0.6793484166000001,0.0,false,false,false
5bus,investment,sienna,40,k_means,conical,unscaled,5,12.711522592063375,17.0,21.32333816732888,0.454389958,0.1,false,false,false
5bus,investment,sienna,40,k_means,conical_bounded,unscaled,5,12.588843571911292,16.8,21.142129112561726,0.6326751500000001,0.1,false,false,false
5bus,investment,sienna,40,k_medoids,dirac,unscaled,5,11.466693786669117,5.4,11.45352753176336,0.25743166659999994,0.0,false,false,false
5bus,investment,sienna,40,k_medoids,convex,unscaled,5,6.108522550839441,4.9,11.340377152909271,0.6080791084,0.1,false,false,false
5bus,investment,sienna,40,k_medoids,conical,unscaled,5,6.057917336764954,4.9,6.9258202103457105,0.41944047520000005,0.0,false,false,false
5bus,investment,sienna,40,k_medoids,conical_bounded,unscaled,5,6.095509014357118,4.9,11.832481651528271,0.49911715819999997,0.1,false,false,false
5bus,investment,sienna,40,hierarchical,dirac,unscaled,5,1.8649342230933954,0.0,20.8738391855436,0.23761740000000003,0.0,true,false,false
5bus,investment,sienna,40,hierarchical,convex,unscaled,5,2.0557961135242664,0.0,19.027251162589028,0.5997981085999999,0.1,true,false,false
5bus,investment,sienna,40,hierarchical,conical,unscaled,5,2.021497345738865,0.0,18.74847835735559,0.4790288834,0.1,true,false,false
5bus,investment,sienna,40,hierarchical,conical_bounded,unscaled,5,2.0574749469623344,0.0,19.629736246740023,0.5162785166000001,0.1,true,false,false
5bus,investment,sienna,40,chronological,dirac,unscaled,5,3.4922850738227984,0.0,6.45326867112847,0.2136358586,0.0,true,false,false
5bus,investment,sienna,40,chronological,convex,unscaled,5,3.3037102007444914,0.0,24.45485864298029,0.534711658,0.1,true,false,false
5bus,investment,sienna,40,chronological,conical,unscaled,5,3.539874467975545,0.0,24.64332408826067,0.5069690916,0.1,true,false,false
5bus,investment,sienna,40,chronological,conical_bounded,unscaled,5,3.1852076671718965,0.0,26.224541652633526,0.49264475040000005,0.0,true,false,false
5bus,investment,sienna,40,convex_hull,dirac,unscaled,5,0.5867595680399518,0.0,4.69794823409075,0.9512401168,0.0,true,true,true
5bus,investment,sienna,40,convex_hull,convex,unscaled,5,0.7831948741513495,0.0,4.767676073809092,0.9767063752,0.1,true,true,true
5bus,investment,sienna,40,convex_hull,conical,unscaled,5,0.9622717118030755,0.0,7.154620513543603,1.1261503581999999,0.1,true,true,true
5bus,investment,sienna,40,convex_hull,conical_bounded,unscaled,5,0.7762715507913631,0.0,5.005488618093138,0.9688037502,0.1,true,true,true
5bus,investment,sienna,40,convex_hull_with_null,dirac,unscaled,5,0.8554962922833642,0.0,14.420753984687334,0.9773882418000002,0.1,true,true,true
5bus,investment,sienna,40,convex_hull_with_null,convex,unscaled,5,0.9943257092850377,0.0,17.846753853827003,1.0556118756,0.1,true,true,true
5bus,investment,sienna,40,convex_hull_with_null,conical,unscaled,5,0.9178058486080554,0.0,13.645946581453043,1.0884920668,0.1,true,true,true
5bus,investment,sienna,40,convex_hull_with_null,conical_bounded,unscaled,5,0.8129381044943873,0.0,18.327726419814883,1.088780325,0.2,true,true,true
5bus,investment,sienna,40,conical_hull,dirac,unscaled,5,1.3485453013130755,0.0,1.8358762876319072,0.5501285584,0.1,true,false,true
5bus,investment,sienna,40,conical_hull,convex,unscaled,5,1.2533573715242774,0.0,5.111788142560894,0.8672331090000001,0.1,true,false,true
5bus,investment,sienna,40,conical_hull,conical,unscaled,5,1.3286968296832846,0.0,1.6194384366610977,0.7480255254,0.2,true,false,true
5bus,investment,sienna,40,conical_hull,conical_bounded,unscaled,5,1.2525692302199465,0.0,4.894424785502782,0.8390445084,0.2,true,false,true
5bus,investment,sienna,80,k_means,dirac,unscaled,5,6.42257106615359,5.5,19.4975929869867,0.39842887539999994,0.1,false,false,false
5bus,investment,sienna,80,k_means,convex,unscaled,5,3.375562595166967,5.4,10.262328656112299,1.3907098752,0.1,false,false,true
5bus,investment,sienna,80,k_means,conical,unscaled,5,3.460763312261804,5.5,12.19449743462543,1.2400826588,0.2,false,false,true
5bus,investment,sienna,80,k_means,conical_bounded,unscaled,5,3.3650082269016353,5.4,10.584680961279116,1.1783427166,0.1,false,false,true
5bus,investment,sienna,80,k_medoids,dirac,unscaled,5,4.1052081481518465,5.8,9.309224599547111,0.39577344979999995,0.0,false,false,false
5bus,investment,sienna,80,k_medoids,convex,unscaled,5,1.6844723379522364,3.2,5.29836278753473,1.2415088248,0.1,false,false,true
5bus,investment,sienna,80,k_medoids,conical,unscaled,5,1.6788915792077888,3.1,3.5249077150910564,0.8213290082,0.0,false,false,true
5bus,investment,sienna,80,k_medoids,conical_bounded,unscaled,5,1.68374797911206,3.2,5.154851427397547,1.3575755586,0.3,false,false,true
5bus,investment,sienna,80,hierarchical,dirac,unscaled,5,0.30408903587055836,0.0,10.208872556945197,0.37770035760000004,0.0,true,true,true
5bus,investment,sienna,80,hierarchical,convex,unscaled,5,0.286428056724386,0.0,2.5044176038341397,1.2471655588000001,0.1,true,true,true
5bus,investment,sienna,80,hierarchical,conical,unscaled,5,0.28484708692806393,0.0,0.5567539684357491,0.8484548586,0.1,true,true,true
5bus,investment,sienna,80,hierarchical,conical_bounded,unscaled,5,0.28463669885530063,0.0,2.166180285562416,1.2403027668,0.1,true,true,true
5bus,investment,sienna,80,chronological,dirac,unscaled,5,0.012093876684793337,0.0,2.6367303602526637,0.3457926502,0.0,true,true,true
5bus,investment,sienna,80,chronological,convex,unscaled,5,0.06960683804737577,0.0,11.094985649579307,1.3315194336,0.0,true,true,true
5bus,investment,sienna,80,chronological,conical,unscaled,5,0.047964328044458604,0.0,7.907014025867508,0.9918286000000001,0.1,true,true,true
5bus,investment,sienna,80,chronological,conical_bounded,unscaled,5,0.05856214774575541,0.0,11.508401251902423,1.508537225,0.2,true,true,true
5bus,investment,sienna,80,convex_hull,dirac,unscaled,5,0.4321699214631769,0.0,24.975926730372723,2.2801054501999998,0.2,true,true,true
5bus,investment,sienna,80,convex_hull,convex,unscaled,5,0.5249613171816048,0.0,19.712421701359442,2.890258658,0.3,true,true,true
5bus,investment,sienna,80,convex_hull,conical,unscaled,5,0.6175924756997686,0.0,12.361228602261958,2.6289469754000003,0.1,true,true,true
5bus,investment,sienna,80,convex_hull,conical_bounded,unscaled,5,0.523547292836879,0.0,19.64306963052734,3.0052484834,0.2,true,true,true
5bus,investment,sienna,80,convex_hull_with_null,dirac,unscaled,5,0.4433336662926779,0.0,14.947648690919767,2.5045995504,0.2,true,true,true
5bus,investment,sienna,80,convex_hull_with_null,convex,unscaled,5,0.5535469111595637,0.0,17.605437480214793,3.1222523420000003,0.2,true,true,true
5bus,investment,sienna,80,convex_hull_with_null,conical,unscaled,5,0.6087261415265832,0.0,10.496539444953648,2.9668985422,0.2,true,true,true
5bus,investment,sienna,80,convex_hull_with_null,conical_bounded,unscaled,5,0.5552375153133449,0.0,17.442914169038044,3.0756472579999996,0.2,true,true,true
5bus,investment,sienna,80,conical_hull,dirac,unscaled,5,0.5718773103879915,0.0,7.906117054847195,1.4823877833999997,0.2,true,true,true
5bus,investment,sienna,80,conical_hull,convex,unscaled,5,0.778467352081047,0.0,1.4082502931286738,2.046240517,0.0,true,true,true
5bus,investment,sienna,80,conical_hull,conical,unscaled,5,0.8662817075745899,0.0,2.7531598001731177,1.8079768084,0.2,true,true,true
5bus,investment,sienna,80,conical_hull,conical_bounded,unscaled,5,0.7689378153386439,0.0,1.2547116733917036,2.2611972498,0.3,true,true,true
p2x,dispatch,tyndp,10,k_means,dirac,economic,5,8.64759093181732,1.2,40.94243474285423,2.1833301994,0.3,false,false,false
p2x,dispatch,tyndp,10,k_means,convex,economic,5,6.13680556314506,0.4,36.882120734018,2.5788903414,0.1,false,false,true
p2x,dispatch,tyndp,10,k_means,conical,economic,5,11.665372753706823,1.1,39.562354020021544,2.7939726668,0.2,false,false,false
p2x,dispatch,tyndp,10,k_means,conical_bounded,economic,5,6.575157075894755,0.9,43.469948303300825,3.2847403414,0.7,false,false,true
p2x,dispatch,tyndp,10,k_medoids,dirac,economic,5,9.826615603224104,1.9,19.07085064935628,2.0445340502000002,0.1,false,false,false
p2x,dispatch,tyndp,10,k_medoids,convex,economic,5,6.155282233195968,0.4,16.4383920379567,2.8108012496,0.2,false,false,true
p2x,dispatch,tyndp,10,k_medoids,conical,economic,5,7.159755047613444,0.6,17.743308329404854,2.9839729754000004,0.4,false,false,false
p2x,dispatch,tyndp,10,k_medoids,conical_bounded,economic,5,6.501123920525456,0.5,11.632447525076307,2.9023510000000003,0.3,false,false,true
p2x,dispatch,tyndp,10,hierarchical,dirac,economic,5,11.29455673580113,0.0,1.1001275020386583,2.058502733,0.1,true,false,false
p2x,dispatch,tyndp,10,hierarchical,convex,economic,5,6.508641429153705,0.0,12.658510757866194,3.1617282004,0.3,true,true,true
p2x,dispatch,tyndp,10,hierarchical,conical,economic,5,7.909761077749944,0.0,11.713674984501733,2.901550683,0.3,true,false,false
p2x,dispatch,tyndp,10,hierarchical,conical_bounded,economic,5,6.814235391389412,0.0,3.658475402440871,2.902678242,0.4,true,true,true
p2x,dispatch,tyndp,10,chronological,dirac,economic,5,10.761878919107271,0.0,15.77121434408922,1.7457906749999998,0.1,true,true,false
p2x,dispatch,tyndp,10,chronological,convex,economic,5,6.522482004601239,0.0,15.048144650077688,2.8642652996,0.2,true,false,true
p2x,dispatch,tyndp,10,chronological,conical,economic,5,8.118005328994848,0.0,17.749738666743365,2.6925104832000004,0.2,true,false,false
p2x,dispatch,tyndp,10,chronological,conical_bounded,economic,5,6.8550325666624214,0.0,24.58463160297772,2.8402992172,0.4,true,false,true
p2x,dispatch,tyndp,10,convex_hull,dirac,economic,5,11.461734634761989,0.0,54.28105453407518,3.4392869081999997,0.1,true,false,false
p2x,dispatch,tyndp,10,convex_hull,convex,economic,5,5.553659677824974,0.0,128.34112277565848,3.0574686664,0.1,true,true,true
p2x,dispatch,tyndp,10,convex_hull,conical,economic,5,5.919509328284134,0.0,115.66574804018907,3.4462106915999997,0.6,true,true,true
p2x,dispatch,tyndp,10,convex_hull,conical_bounded,economic,5,5.776196381472931,0.0,100.77654048992403,3.5414715082,0.6,true,true,true
p2x,dispatch,tyndp,10,convex_hull_with_null,dirac,economic,5,10.226266765891111,0.0,33.32799688791179,2.9195243582,0.6,true,false,false
p2x,dispatch,tyndp,10,convex_hull_with_null,convex,economic,5,5.787569857192221,0.0,195.307188774531,3.8079749497999997,0.7,true,true,true
p2x,dispatch,tyndp,10,convex_hull_with_null,conical,economic,5,8.264102754965075,0.0,118.8624857750543,3.7021508746,0.6,true,false,false
p2x,dispatch,tyndp,10,convex_hull_with_null,conical_bounded,economic,5,6.65904752609494,0.0,110.93775250857011,3.3248744998,0.5,true,false,true
p2x,dispatch,tyndp,10,conical_hull,dirac,economic,5,10.223813828646588,0.0,13.557130588359437,2.3908278082,0.5,true,false,false
p2x,dispatch,tyndp,10,conical_hull,convex,economic,5,6.014165602055432,0.0,112.92844289681048,3.6051009166,0.6,true,true,true
p2x,dispatch,tyndp,10,conical_hull,conical,economic,5,6.220408737614314,0.0,155.63114407926898,3.3099035997999997,0.6,true,true,true
p2x,dispatch,tyndp,10,conical_hull,conical_bounded,economic,5,6.012922726612069,0.0,109.76466061933613,3.6020694501999997,0.7,true,true,true
p2x,dispatch,tyndp,20,k_means,dirac,economic,5,8.738374739805929,2.7,39.32332189906305,4.7192739084,0.4,false,false,false
p2x,dispatch,tyndp,20,k_means,convex,economic,5,5.5460684766184665,0.6,33.32328387748803,5.5900543832,1.6,false,false,true
p2x,dispatch,tyndp,20,k_means,conical,economic,5,11.9471477431263,1.5,37.86528347486194,5.7180044498,1.0,false,false,false
p2x,dispatch,tyndp,20,k_means,conical_bounded,economic,5,5.232742046510589,0.2,39.449537605712464,5.3692740746,1.0,false,false,true
p2x,dispatch,tyndp,20,k_medoids,dirac,economic,5,9.576583999788744,2.4,12.625098072253806,4.4002648334,0.3,false,false,false
p2x,dispatch,tyndp,20,k_medoids,convex,economic,5,5.0268845532419935,0.4,17.001175426024012,6.1953233334,1.1,false,false,true
p2x,dispatch,tyndp,20,k_medoids,conical,economic,5,5.594984263690095,0.3,18.49580102836362,5.0046057167999995,0.3,false,false,true
p2x,dispatch,tyndp,20,k_medoids,conical_bounded,economic,5,5.204526421122364,0.2,18.998004654253993,5.4970609242,0.2,false,false,true
p2x,dispatch,tyndp,20,hierarchical,dirac,economic,5,9.336917714181281,0.0,12.774886077036232,4.1564165412,0.2,true,false,false
p2x,dispatch,tyndp,20,hierarchical,convex,economic,5,6.1359319953452784,0.0,36.181731383661564,7.4094596166,0.4,true,false,false
p2x,dispatch,tyndp,20,hierarchical,conical,economic,5,5.302440154391208,0.0,40.101435805287515,5.430767575,0.4,true,true,true
p2x,dispatch,tyndp,20,hierarchical,conical_bounded,economic,5,4.915222335504077,0.0,20.558335313325315,4.6004518424,0.1,true,true,true
p2x,dispatch,tyndp,20,chronological,dirac,economic,5,14.33971258784772,0.0,29.267932859300743,3.4468436668000004,0.4,true,false,false
p2x,dispatch,tyndp,20,chronological,convex,economic,5,5.7033516252089855,0.0,19.42389189686757,7.0748227666000005,0.5,true,true,true
p2x,dispatch,tyndp,20,chronological,conical,economic,5,6.508972463512231,0.0,20.402145261485888,7.0728141832,0.5,true,false,false
p2x,dispatch,tyndp,20,chronological,conical_bounded,economic,5,6.98775621211214,0.0,25.784328659198202,9.128678191600002,0.5,true,false,false
p2x,dispatch,tyndp,20,convex_hull,dirac,economic,5,10.61001436129903,1.0,14.622255052576364,5.777045024600001,0.6,false,false,false
p2x,dispatch,tyndp,20,convex_hull,convex,economic,5,4.673415725922037,0.0,60.83811144312805,6.3286248918,0.7,true,true,true
p2x,dispatch,tyndp,20,convex_hull,conical,economic,5,5.323984522023251,0.0,62.67859012197995,6.3584474663999995,0.4,true,true,true
p2x,dispatch,tyndp,20,convex_hull,conical_bounded,economic,5,5.016073715362479,0.0,50.0258167098022,6.681674433199999,0.5,true,true,true
p2x,dispatch,tyndp,20,convex_hull_with_null,dirac,economic,5,11.05728256705876,1.2,3.515955210062426,6.521959375200001,0.2,false,false,false
p2x,dispatch,tyndp,20,convex_hull_with_null,convex,economic,5,5.023787690432879,0.0,65.73996598409326,6.4345226338,0.7,true,true,true
p2x,dispatch,tyndp,20,convex_hull_with_null,conical,economic,5,7.453922578752237,0.0,51.64386186200382,7.9168525418,0.4,true,false,false
p2x,dispatch,tyndp,20,convex_hull_with_null,conical_bounded,economic,5,5.677422853410508,0.0,44.62796032433883,6.723436825,0.6,true,true,true
p2x,dispatch,tyndp,20,conical_hull,dirac,economic,5,10.221866833997929,0.0,1.1702839573805017,4.916672391800001,0.5,true,false,false
p2x,dispatch,tyndp,20,conical_hull,convex,economic,5,4.882984093038956,0.0,53.30216249460683,5.8247418170000005,0.6,true,true,true
p2x,dispatch,tyndp,20,conical_hull,conical,economic,5,5.90121002400088,0.0,89.62403795547311,6.6589587084,0.7,true,false,false
p2x,dispatch,tyndp,20,conical_hull,conical_bounded,economic,5,4.834195917779693,0.0,50.98526608564852,6.178758183600001,0.6,true,true,true
p2x,dispatch,tyndp,40,k_means,dirac,economic,5,6.043935541602897,1.4,34.16761642868729,10.2833256582,0.9,false,false,false
p2x,dispatch,tyndp,40,k_means,convex,economic,5,4.324660831658065,0.6,29.679355341360587,15.073125874799999,3.7,false,false,true
p2x,dispatch,tyndp,40,k_means,conical,economic,5,9.734668259280813,1.8,31.55255940087256,13.8577658002,3.0,false,false,false
p2x,dispatch,tyndp,40,k_means,conical_bounded,economic,5,5.206023897323586,0.9,34.93120233792365,14.966238158,3.3,false,false,false
p2x,dispatch,tyndp,40,k_medoids,dirac,economic,5,7.635836898952562,1.0,8.049024450940077,10.5711525086,0.5,false,false,false
p2x,dispatch,tyndp,40,k_medoids,convex,economic,5,4.1795305835639285,0.5,23.826973024694322,12.408537550599998,2.8,false,false,true
p2x,dispatch,tyndp,40,k_medoids,conical,economic,5,4.373306131090313,0.3,22.653152475670655,11.4170377164,1.4,false,false,true
p2x,dispatch,tyndp,40,k_medoids,conical_bounded,economic,5,4.688120984669886,0.9,13.704409551466199,13.0332883082,2.5,false,false,true
p2x,dispatch,tyndp,40,hierarchical,dirac,economic,5,6.491036676972771,0.0,9.207563361099933,10.173081708600002,0.5,true,false,false
p2x,dispatch,tyndp,40,hierarchical,convex,economic,5,4.278139808679771,0.0,16.28639078123015,10.27478895,0.6,true,true,true
p2x,dispatch,tyndp,40,hierarchical,conical,economic,5,4.6391809812109885,0.0,22.82963478357544,9.857310158,0.4,true,true,true
p2x,dispatch,tyndp,40,hierarchical,conical_bounded,economic,5,5.809816507871046,0.0,6.70996953659327,16.9271791002,0.6,true,false,false
p2x,dispatch,tyndp,40,chronological,dirac,economic,5,10.258884850490535,0.0,12.561359879542703,5.4266468332,0.1,true,false,false
p2x,dispatch,tyndp,40,chronological,convex,economic,5,4.281803897635084,0.0,0.7614728032920106,15.047576083000001,0.8,true,true,true
p2x,dispatch,tyndp,40,chronological,conical,economic,5,5.913920431649289,0.0,2.2860210083039347,17.7168145668,0.7,true,false,false
p2x,dispatch,tyndp,40,chronological,conical_bounded,economic,5,5.466191833454692,0.0,8.418028589674902,17.778826200199997,0.6,true,false,false
p2x,dispatch,tyndp,40,convex_hull,dirac,economic,5,8.855697729401957,0.0,8.110425736188125,13.0734054834,0.4,true,false,false
p2x,dispatch,tyndp,40,convex_hull,convex,economic,5,3.971912933091648,0.0,41.74069046588402,13.685981891399999,0.5,true,true,true
p2x,dispatch,tyndp,40,convex_hull,conical,economic,5,4.316327840393841,0.0,44.69314100226016,13.7692096002,0.6,true,true,true
p2x,dispatch,tyndp,40,convex_hull,conical_bounded,economic,5,4.108068852760538,0.0,33.417555196805445,15.419892458200001,0.3,true,true,true
p2x,dispatch,tyndp,40,convex_hull_with_null,dirac,economic,5,9.892452989650602,0.0,0.13592970766345075,11.8587542168,0.6,true,false,false
p2x,dispatch,tyndp,40,convex_hull_with_null,convex,economic,5,3.956501232807996,0.0,43.3179839148559,14.446016375,0.3,true,false,true
p2x,dispatch,tyndp,40,convex_hull_with_null,conical,economic,5,4.526212475659297,0.0,38.71524157515661,14.977656666600002,0.1,true,true,true
p2x,dispatch,tyndp,40,convex_hull_with_null,conical_bounded,economic,5,4.354065613458036,0.0,30.2911320597017,13.580981842199998,0.5,true,true,true
p2x,dispatch,tyndp,40,conical_hull,dirac,economic,5,8.056159654960272,0.0,3.2687323251660607,11.0033993502,0.7,true,false,false
p2x,dispatch,tyndp,40,conical_hull,convex,economic,5,3.694748180556928,0.0,51.975359186752726,13.0860711832,0.9,true,true,true
p2x,dispatch,tyndp,40,conical_hull,conical,economic,5,6.459378765311685,0.0,77.76912837923315,15.479548691400002,0.7,true,false,false
p2x,dispatch,tyndp,40,conical_hull,conical_bounded,economic,5,3.8336135237852615,0.0,49.17732492307197,11.648731424600001,0.7,true,false,true
p2x,dispatch,tyndp,80,k_means,dirac,economic,5,5.968029437397976,0.2,29.86683874418376,22.2693922336,1.4,false,false,false
p2x,dispatch,tyndp,80,k_means,convex,economic,5,3.540891000211168,0.4,23.413700437708037,41.891393074599996,9.2,false,false,true
p2x,dispatch,tyndp,80,k_means,conical,economic,5,7.077411790302054,1.7,23.231499972752452,43.6314023004,3.0,false,false,false
p2x,dispatch,tyndp,80,k_means,conical_bounded,economic,5,4.527518692653154,0.6,27.761176388333382,45.112812366200004,2.6,false,false,false
p2x,dispatch,tyndp,80,k_medoids,dirac,economic,5,6.947229709792767,0.7,4.4208332215029,20.462509824199998,1.2,false,false,false
p2x,dispatch,tyndp,80,k_medoids,convex,economic,5,3.518062144496214,0.4,9.460756539001714,37.1661487752,4.5,false,false,true
p2x,dispatch,tyndp,80,k_medoids,conical,economic,5,4.137755040453728,0.5,11.648991896407221,39.4043004582,4.8,false,false,false
p2x,dispatch,tyndp,80,k_medoids,conical_bounded,economic,5,4.000563794051439,0.4,5.2179685472006465,38.5894683586,5.6,false,false,false
p2x,dispatch,tyndp,80,hierarchical,dirac,economic,5,6.516103154064301,0.0,4.90987116121253,20.5524383252,0.3,true,false,false
p2x,dispatch,tyndp,80,hierarchical,convex,economic,5,2.8595842401296645,0.0,10.642483204523298,26.690904274799998,0.6,true,true,true
p2x,dispatch,tyndp,80,hierarchical,conical,economic,5,3.646353831983018,0.0,12.707309007135704,26.5829009332,0.4,true,true,true
p2x,dispatch,tyndp,80,hierarchical,conical_bounded,economic,5,3.001588325797777,0.0,5.040909131022571,30.4516146752,0.4,true,true,true
p2x,dispatch,tyndp,80,chronological,dirac,economic,5,8.88427107590628,0.0,12.142316472352398,10.170039983199999,0.1,true,false,false
p2x,dispatch,tyndp,80,chronological,convex,economic,5,4.196017859574974,0.0,1.6688673286977729,49.321655249799996,0.6,true,false,false
p2x,dispatch,tyndp,80,chronological,conical,economic,5,5.225041443224798,0.0,1.3782147507502693,46.3975271498,0.4,true,false,false
p2x,dispatch,tyndp,80,chronological,conical_bounded,economic,5,4.508763581224828,0.0,5.942709079674615,44.785702525,0.3,true,false,false
p2x,dispatch,tyndp,80,convex_hull,dirac,economic,5,8.25219037376701,0.0,1.5577624812067257,30.198068174999996,0.8,true,false,false
p2x,dispatch,tyndp,80,convex_hull,convex,economic,5,3.8280498489083654,0.0,18.07905754524812,53.2343401,0.9,true,false,true
p2x,dispatch,tyndp,80,convex_hull,conical,economic,5,4.1705592449902795,0.0,21.159724956216124,50.905153932999994,0.9,true,false,false
p2x,dispatch,tyndp,80,convex_hull,conical_bounded,economic,5,4.173365195778045,0.0,12.776807784498954,49.2636867504,0.5,true,false,false
p2x,dispatch,tyndp,80,convex_hull_with_null,dirac,economic,5,7.878843962368597,0.0,11.297335438164584,29.3223468664,0.5,true,false,false
p2x,dispatch,tyndp,80,convex_hull_with_null,convex,economic,5,3.793043576303501,0.0,29.227264515713546,51.4192042754,0.7,true,true,true
p2x,dispatch,tyndp,80,convex_hull_with_null,conical,economic,5,4.084837584437628,0.0,26.75548781894232,47.5646497416,0.2,true,false,false
p2x,dispatch,tyndp,80,convex_hull_with_null,conical_bounded,economic,5,4.290429315004296,0.0,17.87643081740577,51.0946875502,1.0,true,false,false
p2x,dispatch,tyndp,80,conical_hull,dirac,economic,5,6.777832196264467,0.0,3.5802327692709612,19.8120300502,1.1,true,false,false
p2x,dispatch,tyndp,80,conical_hull,convex,economic,5,4.086083629021764,0.0,16.513855308368896,39.6285931664,0.6,true,false,false
p2x,dispatch,tyndp,80,conical_hull,conical,economic,5,5.322120094392346,0.0,38.81197076883651,34.0116094586,0.9,true,false,false
p2x,dispatch,tyndp,80,conical_hull,conical_bounded,economic,5,4.226803019074898,0.0,14.793278274182367,38.0079887082,0.7,true,false,false
p2x,dispatch,tyndp,10,k_means,dirac,unscaled,5,8.12319338578933,1.1,48.8165752570451,2.2212370245999997,0.2,false,false,false
p2x,dispatch,tyndp,10,k_means,convex,unscaled,5,6.165201503785669,0.2,47.42514015887295,2.8698511998000003,0.4,false,false,true
p2x,dispatch,tyndp,10,k_means,conical,unscaled,5,8.04215049105987,1.1,47.639128442080086,3.2022359912,0.4,false,false,false
p2x,dispatch,tyndp,10,k_means,conical_bounded,unscaled,5,6.326078113435267,0.3,51.01402816905039,2.9817543831999997,0.7,false,false,true
p2x,dispatch,tyndp,10,k_medoids,dirac,unscaled,5,11.646037573701623,5.5,21.905663457367346,2.154883592,0.4,false,false,false
p2x,dispatch,tyndp,10,k_medoids,convex,unscaled,5,6.3571873741676255,0.9,22.498832630045293,3.1012580416,0.4,false,false,true
p2x,dispatch,tyndp,10,k_medoids,conical,unscaled,5,6.80426245060738,0.9,20.641125160676182,2.9329318164000004,0.1,false,false,true
p2x,dispatch,tyndp,10,k_medoids,conical_bounded,unscaled,5,6.560686204507253,0.7,20.515652088100317,3.1418708164,0.4,false,false,true
p2x,dispatch,tyndp,10,hierarchical,dirac,unscaled,5,8.146621205737103,0.0,3.7757287428108426,2.3572803248,0.4,true,false,false
p2x,dispatch,tyndp,10,hierarchical,convex,unscaled,5,6.927592520552838,0.0,3.96797116782797,3.0146751162000003,0.1,true,false,true
p2x,dispatch,tyndp,10,hierarchical,conical,unscaled,5,7.347172652969647,0.0,7.6912159617272255,3.393821192,0.3,true,true,true
p2x,dispatch,tyndp,10,hierarchical,conical_bounded,unscaled,5,7.055561779492715,0.0,12.565711647564076,2.9062178836,0.1,true,false,true
p2x,dispatch,tyndp,10,chronological,dirac,unscaled,5,10.097105201947176,0.0,23.371694336035254,1.9000207084000003,0.5,true,true,false
p2x,dispatch,tyndp,10,chronological,convex,unscaled,5,7.683500468047223,0.0,24.31633203302202,3.1339624332,0.4,true,false,false
p2x,dispatch,tyndp,10,chronological,conical,unscaled,5,9.00787629453137,0.0,29.41849813490403,2.858898158,0.2,true,false,false
p2x,dispatch,tyndp,10,chronological,conical_bounded,unscaled,5,8.053889348673927,0.0,32.20417771624015,2.9391228079999996,0.1,true,false,false
p2x,dispatch,tyndp,10,convex_hull,dirac,unscaled,5,13.316844287457325,0.6,47.95512098797717,3.4648665580000007,0.5,false,false,false
p2x,dispatch,tyndp,10,convex_hull,convex,unscaled,5,5.997781404707814,0.0,100.64670538882625,3.5057530588,0.6,true,true,true
p2x,dispatch,tyndp,10,convex_hull,conical,unscaled,5,6.456891424291532,0.0,88.69355135233687,3.3241588918000007,0.5,true,false,true
p2x,dispatch,tyndp,10,convex_hull,conical_bounded,unscaled,5,6.187659402509449,0.0,79.86247956944614,3.4657361831999998,0.3,true,true,true
p2x,dispatch,tyndp,10,convex_hull_with_null,dirac,unscaled,5,61.20754640705957,0.0,30.08888547240242,3.2433937,0.5,true,false,false
p2x,dispatch,tyndp,10,convex_hull_with_null,convex,unscaled,5,6.560918623079326,0.0,136.97795209990215,3.7526469747999998,0.6,true,true,true
p2x,dispatch,tyndp,10,convex_hull_with_null,conical,unscaled,5,7.170687922969333,0.0,82.96570332629211,3.3171136919999995,0.5,true,false,true
p2x,dispatch,tyndp,10,convex_hull_with_null,conical_bounded,unscaled,5,7.283784206004343,0.7,77.77405632742745,3.5883146835999993,0.5,false,false,true
p2x,dispatch,tyndp,10,conical_hull,dirac,unscaled,5,7.8138317765702014,0.0,54.493617617616266,3.0443456419999997,0.5,true,false,false
p2x,dispatch,tyndp,10,conical_hull,convex,unscaled,5,6.045470051126678,0.0,65.94410607240022,3.3671272588,0.6,true,true,true
p2x,dispatch,tyndp,10,conical_hull,conical,unscaled,5,6.203971649032036,0.0,87.47108435726072,3.3556266999999997,0.6,true,true,true
p2x,dispatch,tyndp,10,conical_hull,conical_bounded,unscaled,5,6.2537176277192685,0.0,62.738096176144424,3.7288301078000003,0.7,true,true,true
p2x,dispatch,tyndp,20,k_means,dirac,unscaled,5,7.321034925445344,0.9,44.025523456472996,4.564205058800001,0.2,false,false,false
p2x,dispatch,tyndp,20,k_means,convex,unscaled,5,5.2229843072810755,0.2,42.38371377288026,5.7356211496,0.9,false,false,true
p2x,dispatch,tyndp,20,k_means,conical,unscaled,5,8.666426939563907,1.8,43.27520827470415,7.2172522830000005,1.8,false,false,false
p2x,dispatch,tyndp,20,k_means,conical_bounded,unscaled,5,5.324492250119168,0.2,45.79584122855726,5.3011280916,0.6,false,false,true
p2x,dispatch,tyndp,20,k_medoids,dirac,unscaled,5,10.737371329300993,1.8,16.83207474685954,4.1763690996000005,0.5,false,false,false
p2x,dispatch,tyndp,20,k_medoids,convex,unscaled,5,5.587941932466518,0.4,18.875475507006414,5.3362354413999995,0.3,false,false,true
p2x,dispatch,tyndp,20,k_medoids,conical,unscaled,5,5.830737369088701,0.5,16.770166238801995,5.4537121085999996,0.4,false,false,true
p2x,dispatch,tyndp,20,k_medoids,conical_bounded,unscaled,5,5.79143435933005,0.5,18.530639381465562,5.4049441080000005,0.6,false,false,true
p2x,dispatch,tyndp,20,hierarchical,dirac,unscaled,5,10.006203974233285,0.0,19.51154485287198,4.6058372002,0.3,true,false,false
p2x,dispatch,tyndp,20,hierarchical,convex,unscaled,5,5.572208329096351,0.0,23.726417361062087,6.464994874599999,0.1,true,true,true
p2x,dispatch,tyndp,20,hierarchical,conical,unscaled,5,4.974481170745482,0.0,24.996907996146554,5.0964245334,0.2,true,true,true
p2x,dispatch,tyndp,20,hierarchical,conical_bounded,unscaled,5,5.044977005666573,0.0,17.394329645946492,4.6675218836,0.1,true,true,true
p2x,dispatch,tyndp,20,chronological,dirac,unscaled,5,19.08704371690837,0.0,34.909485113241544,2.9755645592,0.0,true,false,false
p2x,dispatch,tyndp,20,chronological,convex,unscaled,5,6.397679252341981,0.0,23.54779467840689,4.9790821416,0.3,true,false,false
p2x,dispatch,tyndp,20,chronological,conical,unscaled,5,6.300346323133055,0.0,23.32259640164818,5.0652974425999995,0.2,true,false,false
p2x,dispatch,tyndp,20,chronological,conical_bounded,unscaled,5,6.728081793271935,0.0,26.144404777030264,4.9130829918000005,0.2,true,false,false
p2x,dispatch,tyndp,20,convex_hull,dirac,unscaled,5,10.473776514388788,0.0,29.3116498700678,5.4977306664,0.6,true,false,false
p2x,dispatch,tyndp,20,convex_hull,convex,unscaled,5,5.240364028310651,0.0,93.85893524851373,6.80729945,0.5,true,true,true
p2x,dispatch,tyndp,20,convex_hull,conical,unscaled,5,5.157029728253937,0.0,85.00819452519988,6.334559949600001,0.4,true,true,true
p2x,dispatch,tyndp,20,convex_hull,conical_bounded,unscaled,5,5.616165616847324,0.0,76.67792944289504,6.8463881001999995,0.5,true,true,true
p2x,dispatch,tyndp,20,convex_hull_with_null,dirac,unscaled,5,18.136698273703967,0.0,20.616682021176544,5.6110030334,0.6,true,false,false
p2x,dispatch,tyndp,20,convex_hull_with_null,convex,unscaled,5,5.49649262985616,0.7,27.10985425768306,7.137713674999999,0.6,false,false,true
p2x,dispatch,tyndp,20,convex_hull_with_null,conical,unscaled,5,5.758371753537417,0.0,19.225108100156234,6.392141233200001,0.4,true,true,true
p2x,dispatch,tyndp,20,convex_hull_with_null,conical_bounded,unscaled,5,5.770128727552959,0.0,13.603864382130649,6.860541966800001,0.6,true,true,true
p2x,dispatch,tyndp,20,conical_hull,dirac,unscaled,5,7.459227202804696,0.0,27.303697560082032,5.5634283254,0.5,true,false,false
p2x,dispatch,tyndp,20,conical_hull,convex,unscaled,5,5.139803678026866,0.0,55.72656695576287,6.3989399668,0.6,true,true,true
p2x,dispatch,tyndp,20,conical_hull,conical,unscaled,5,5.126096178420059,0.0,65.71512955639011,8.5159047084,0.3,true,true,true
p2x,dispatch,tyndp,20,conical_hull,conical_bounded,unscaled,5,5.602472976630568,0.0,53.73746457391074,7.482201141199999,0.7,true,true,true
p2x,dispatch,tyndp,40,k_means,dirac,unscaled,5,6.4022955618715685,1.7,38.92040208143506,9.559622500199998,0.7,false,false,false
p2x,dispatch,tyndp,40,k_means,convex,unscaled,5,4.718919261284755,0.6,37.26284773418125,16.2371725164,2.3,false,false,true
p2x,dispatch,tyndp,40,k_means,conical,unscaled,5,7.464220866425974,0.9,37.86958604413113,14.8461112748,3.0,false,false,false
p2x,dispatch,tyndp,40,k_means,conical_bounded,unscaled,5,5.363042649416188,0.7,40.64162613901533,16.53575245,3.5,false,false,false
p2x,dispatch,tyndp,40,k_medoids,dirac,unscaled,5,7.663818939858911,1.5,11.44927329735081,10.0085059254,0.5,false,false,false
p2x,dispatch,tyndp,40,k_medoids,convex,unscaled,5,5.022226470215591,0.5,11.120882478066054,14.1542019664,3.1,false,false,true
p2x,dispatch,tyndp,40,k_medoids,conical,unscaled,5,5.208753922859391,0.6,10.260335041660946,13.922353566800002,2.2,false,false,false
p2x,dispatch,tyndp,40,k_medoids,conical_bounded,unscaled,5,5.342702064580616,0.8,15.763775477127004,13.9702995332,2.1,false,false,false
p2x,dispatch,tyndp,40,hierarchical,dirac,unscaled,5,8.634919456515778,0.0,11.003436805307727,7.1674105583999985,0.1,true,false,false
p2x,dispatch,tyndp,40,hierarchical,convex,unscaled,5,4.143379576700124,0.0,13.514549186350624,10.9540663416,0.2,true,true,true
p2x,dispatch,tyndp,40,hierarchical,conical,unscaled,5,4.226775920720605,0.0,14.169224835599135,10.751971175399998,0.2,true,true,true
p2x,dispatch,tyndp,40,hierarchical,conical_bounded,unscaled,5,4.296444375567754,0.0,8.282812803923035,12.213913224999999,0.3,true,true,true
p2x,dispatch,tyndp,40,chronological,dirac,unscaled,5,19.084699780449043,0.0,28.730815955639276,5.684267666799999,0.3,true,false,false
p2x,dispatch,tyndp,40,chronological,convex,unscaled,5,4.76237546022491,0.0,12.084775630813338,11.107848100200002,0.5,true,true,true
p2x,dispatch,tyndp,40,chronological,conical,unscaled,5,6.200624529036691,0.0,13.890996643408076,16.988025266599998,0.5,true,false,false
p2x,dispatch,tyndp,40,chronological,conical_bounded,unscaled,5,4.965511954343138,0.0,17.331222697325384,13.5167114666,0.3,true,true,true
p2x,dispatch,tyndp,40,convex_hull,dirac,unscaled,5,7.691667597943552,0.0,7.56915494109654,11.5022798252,0.7,true,false,false
p2x,dispatch,tyndp,40,convex_hull,convex,unscaled,5,4.272835267636554,0.0,43.94031133107777,15.2791992662,0.6,true,true,true
p2x,dispatch,tyndp,40,convex_hull,conical,unscaled,5,5.605452459615523,0.0,36.54155365857172,16.377311658,0.6,true,false,false
p2x,dispatch,tyndp,40,convex_hull,conical_bounded,unscaled,5,4.63851172214691,0.0,32.64166358769455,13.7896969334,0.6,true,true,true
p2x,dispatch,tyndp,40,convex_hull_with_null,dirac,unscaled,5,7.869513536985373,0.0,23.931158553740413,11.513336983799999,0.7,true,false,false
p2x,dispatch,tyndp,40,convex_hull_with_null,convex,unscaled,5,5.41313282907061,0.0,46.61793746411721,15.473357283000002,0.6,true,false,false
p2x,dispatch,tyndp,40,convex_hull_with_null,conical,unscaled,5,4.987740360930104,0.0,29.096991559638774,12.1307334256,0.3,true,true,true
p2x,dispatch,tyndp,40,convex_hull_with_null,conical_bounded,unscaled,5,6.346969472752861,0.0,23.395404509305354,16.4453241584,0.7,true,false,false
p2x,dispatch,tyndp,40,conical_hull,dirac,unscaled,5,7.271293553473891,0.0,21.380997136796115,10.0603530336,0.6,true,false,false
p2x,dispatch,tyndp,40,conical_hull,convex,unscaled,5,4.347631491717419,0.0,27.575997359042184,12.860787516600002,0.3,true,true,true
p2x,dispatch,tyndp,40,conical_hull,conical,unscaled,5,4.497821641039912,0.0,36.83746883258778,13.5842675168,0.7,true,true,true
p2x,dispatch,tyndp,40,conical_hull,conical_bounded,unscaled,5,4.486521241869235,0.0,25.941013789355633,12.2037220168,0.3,true,true,true
p2x,dispatch,tyndp,80,k_means,dirac,unscaled,5,5.266115556804309,1.1,32.30595397597735,18.9269295002,0.4,false,false,false
p2x,dispatch,tyndp,80,k_means,convex,unscaled,5,3.8167682839158927,0.5,26.971909359733132,45.8951886248,3.6,false,false,true
p2x,dispatch,tyndp,80,k_means,conical,unscaled,5,6.085703592220075,0.6,26.38374218368371,50.000565449999996,5.0,false,false,false
p2x,dispatch,tyndp,80,k_means,conical_bounded,unscaled,5,4.107165805903232,0.6,29.459676031314693,45.724490275200004,4.5,false,false,true
p2x,dispatch,tyndp,80,k_medoids,dirac,unscaled,5,7.140373435040291,0.7,7.278588760888615,18.3786772586,1.3,false,false,false
p2x,dispatch,tyndp,80,k_medoids,convex,unscaled,5,4.179760090669178,0.2,4.245107628832378,40.1201787748,3.9,false,false,true
p2x,dispatch,tyndp,80,k_medoids,conical,unscaled,5,3.8819831782793606,0.3,4.270820182697468,35.94616215,6.0,false,false,true
p2x,dispatch,tyndp,80,k_medoids,conical_bounded,unscaled,5,4.433321964267476,0.2,6.4399499355023835,38.7929690742,2.1,false,false,false
p2x,dispatch,tyndp,80,hierarchical,dirac,unscaled,5,7.543459955330766,0.0,18.69926259368292,14.975698357999999,0.1,true,false,false
p2x,dispatch,tyndp,80,hierarchical,convex,unscaled,5,3.2018891131599063,0.0,24.56318771876759,35.33220892519999,0.1,true,false,true
p2x,dispatch,tyndp,80,hierarchical,conical,unscaled,5,3.971451676385218,0.0,21.047647208630124,35.782619050200005,0.7,true,true,true
p2x,dispatch,tyndp,80,hierarchical,conical_bounded,unscaled,5,3.6591176063190956,0.4,16.178839106333704,37.348833483599996,0.8,false,false,true
p2x,dispatch,tyndp,80,chronological,dirac,unscaled,5,6.6478868577329875,0.0,2.3388174033805185,10.5127566662,0.1,true,false,false
p2x,dispatch,tyndp,80,chronological,convex,unscaled,5,4.161474933472165,0.0,10.151086305222142,40.2606835504,0.2,true,true,true
p2x,dispatch,tyndp,80,chronological,conical,unscaled,5,3.988969335267889,0.0,15.28865785406072,42.4780071996,0.1,true,true,true
p2x,dispatch,tyndp,80,chronological,conical_bounded,unscaled,5,4.2956009948722285,0.0,6.119235464445157,44.4843285744,0.7,true,false,false
p2x,dispatch,tyndp,80,convex_hull,dirac,unscaled,5,6.501264689504337,0.0,0.17649690215367944,21.634749257800003,0.7,true,false,false
p2x,dispatch,tyndp,80,convex_hull,convex,unscaled,5,4.236849463949999,0.0,19.21184377672241,41.71993965840001,0.7,true,false,false
p2x,dispatch,tyndp,80,convex_hull,conical,unscaled,5,4.645330896035937,0.0,17.158604004442918,41.7006045336,0.8,true,false,false
p2x,dispatch,tyndp,80,convex_hull,conical_bounded,unscaled,5,4.7084674336822285,0.0,12.523573385415256,40.7560264752,0.8,true,false,false
p2x,dispatch,tyndp,80,convex_hull_with_null,dirac,unscaled,5,6.518908615774488,0.0,17.153518830375898,21.019053342,0.8,true,false,false
p2x,dispatch,tyndp,80,convex_hull_with_null,convex,unscaled,5,3.3082677791979704,0.0,22.412794484270858,37.708399767,1.0,true,false,true
p2x,dispatch,tyndp,80,convex_hull_with_null,conical,unscaled,5,3.711199447922642,0.0,15.808597709112167,34.183772524800005,0.7,true,true,true
p2x,dispatch,tyndp,80,convex_hull_with_null,conical_bounded,unscaled,5,4.24715004922287,0.0,11.644033999516724,39.18221195780001,0.1,true,false,false
p2x,dispatch,tyndp,80,conical_hull,dirac,unscaled,5,6.14011345369982,0.4,7.623298732870073,19.8287855002,0.8,false,false,false
p2x,dispatch,tyndp,80,conical_hull,convex,unscaled,5,3.659874582114764,0.0,14.754945042861053,41.0587298834,0.8,true,true,true
p2x,dispatch,tyndp,80,conical_hull,conical,unscaled,5,3.1909183775846506,0.0,27.7133705795815,28.936960216200003,0.7,true,true,true
p2x,dispatch,tyndp,80,conical_hull,conical_bounded,unscaled,5,3.396533900586385,0.0,13.953181690276079,33.6002757248,0.9,true,true,true
118bus,dispatch,nrel,10,k_means,dirac,economic,5,0.9072162763565972,0.0,1.8992555436420009,1.7706130916,0.6,true,false,true
118bus,dispatch,nrel,10,k_means,convex,economic,5,0.7799590490384833,0.0,1.8773211961643894,2.0224569915999995,0.1,true,false,true
118bus,dispatch,nrel,10,k_means,conical,economic,5,0.7846299022712389,0.0,1.4768924996837371,2.0380707996000003,0.2,true,false,true
118bus,dispatch,nrel,10,k_means,conical_bounded,economic,5,0.7847383723718471,0.0,4.017555046442023,2.0303840248,0.2,true,false,true
118bus,dispatch,nrel,10,k_medoids,dirac,economic,5,1.501819544574019,0.4,3.0325122352291727,1.5631407837999998,0.1,false,false,true
118bus,dispatch,nrel,10,k_medoids,convex,economic,5,0.9546034055432262,0.1,3.437965477684151,2.2573204088,0.6,false,false,true
118bus,dispatch,nrel,10,k_medoids,conical,economic,5,0.9809783619046364,0.1,5.947441520502327,2.183945242,0.4,false,false,true
118bus,dispatch,nrel,10,k_medoids,conical_bounded,economic,5,0.981768304415036,0.1,3.8690740178902274,2.2466549082,0.5,false,false,true
118bus,dispatch,nrel,10,hierarchical,dirac,economic,5,1.4129532044543813,0.0,8.336003680432523,1.6633109414,0.1,true,true,true
118bus,dispatch,nrel,10,hierarchical,convex,economic,5,1.084028380702784,0.0,8.765927132499547,2.0268886588,0.1,true,true,true
118bus,dispatch,nrel,10,hierarchical,conical,economic,5,1.0517941717993917,0.0,8.51655770541803,2.154929225,0.1,true,true,true
118bus,dispatch,nrel,10,hierarchical,conical_bounded,economic,5,1.0572866909631218,0.0,4.616600705036403,2.0315355004,0.2,true,true,true
118bus,dispatch,nrel,10,chronological,dirac,economic,5,12.429053728200689,0.0,13.541887826293925,1.3839508918,0.1,true,false,false
118bus,dispatch,nrel,10,chronological,convex,economic,5,0.808900157455894,0.0,3.681004718589427,2.0746344418,0.2,true,true,true
118bus,dispatch,nrel,10,chronological,conical,economic,5,1.06116791758748,0.0,6.77114669955736,2.3799853336,0.5,true,true,true
118bus,dispatch,nrel,10,chronological,conical_bounded,economic,5,0.9974506409354156,0.0,11.028996253574435,1.9395236164,0.1,true,true,true
118bus,dispatch,nrel,10,convex_hull,dirac,economic,5,1.6745968906679345,0.0,15.18617457838759,2.4203597578,0.7,true,false,true
118bus,dispatch,nrel,10,convex_hull,convex,economic,5,1.120195857184214,0.0,9.019969615429659,2.6068200829999997,0.6,true,true,true
118bus,dispatch,nrel,10,convex_hull,conical,economic,5,1.0618155818562292,0.0,6.403476479169934,2.7583194084,0.7,true,true,true
118bus,dispatch,nrel,10,convex_hull,conical_bounded,economic,5,1.091582082141418,0.0,10.8997286139717,3.1532908336000003,0.4,true,true,true
118bus,dispatch,nrel,10,convex_hull_with_null,dirac,economic,5,1.8212964211437033,0.0,11.798612143389342,2.2878298418000003,0.5,true,false,false
118bus,dispatch,nrel,10,convex_hull_with_null,convex,economic,5,0.8276017282515813,0.0,1.0680409807378224,3.4710728754,0.2,true,true,true
118bus,dispatch,nrel,10,convex_hull_with_null,conical,economic,5,0.7995729195675594,0.0,1.114935364690457,3.5407699168,0.1,true,true,true
118bus,dispatch,nrel,10,convex_hull_with_null,conical_bounded,economic,5,0.8262638726111993,0.0,5.161825012601723,3.3712637834,0.6,true,true,true
118bus,dispatch,nrel,10,conical_hull,dirac,economic,5,3.7449284979412356,0.0,6.637197213021329,2.7592275086,0.5,true,false,false
118bus,dispatch,nrel,10,conical_hull,convex,economic,5,0.7169395950830326,0.0,0.5046631434607302,2.6027542172,0.7,true,true,true
118bus,dispatch,nrel,10,conical_hull,conical,economic,5,0.7019244624690835,0.0,24.216476883048372,3.3427354334,0.6,true,true,true
118bus,dispatch,nrel,10,conical_hull,conical_bounded,economic,5,0.7140396160347118,0.0,0.7938323803799366,2.5519044915999998,0.7,true,true,true
118bus,dispatch,nrel,20,k_means,dirac,economic,5,0.7719487197667796,0.0,1.622470289350117,3.0204376999999996,0.4,true,false,true
118bus,dispatch,nrel,20,k_means,convex,economic,5,0.6572746263805751,0.0,1.580887487827701,3.8951074336,0.5,true,false,true
118bus,dispatch,nrel,20,k_means,conical,economic,5,0.6263404936757899,0.0,2.8904179894683955,3.7670160749999995,0.4,true,false,true
118bus,dispatch,nrel,20,k_means,conical_bounded,economic,5,0.6499444692991796,0.0,3.097340583821856,4.0176466912,0.7,true,false,true
118bus,dispatch,nrel,20,k_medoids,dirac,economic,5,1.1558277996054223,0.0,3.3906119614435455,3.0010454332000003,0.4,true,false,true
118bus,dispatch,nrel,20,k_medoids,convex,economic,5,0.6890988161538791,0.0,2.742227445386354,4.3570583166,0.5,true,false,true
118bus,dispatch,nrel,20,k_medoids,conical,economic,5,0.6534718103459403,0.1,3.657781594837708,3.7764509586000004,0.4,false,false,true
118bus,dispatch,nrel,20,k_medoids,conical_bounded,economic,5,0.6810086825020356,0.0,1.6741175222371574,4.1033944838,0.7,true,false,true
118bus,dispatch,nrel,20,hierarchical,dirac,economic,5,1.1552635428051516,0.0,5.5627103482193965,3.192570075,0.4,true,true,true
118bus,dispatch,nrel,20,hierarchical,convex,economic,5,0.7053530184037315,0.0,6.886000326432533,4.193630542,0.5,true,true,true
118bus,dispatch,nrel,20,hierarchical,conical,economic,5,0.6759123627489094,0.0,7.598338289784879,4.0575428836,0.3,true,true,true
118bus,dispatch,nrel,20,hierarchical,conical_bounded,economic,5,0.6840723646907687,0.0,3.8015448643013228,4.301777025,0.5,true,true,true
118bus,dispatch,nrel,20,chronological,dirac,economic,5,3.5363533799970925,0.0,4.663470577129982,2.5881955332,0.4,true,false,false
118bus,dispatch,nrel,20,chronological,convex,economic,5,0.6718219297042527,0.0,1.3033351295360944,4.1470718746,0.4,true,true,true
118bus,dispatch,nrel,20,chronological,conical,economic,5,0.7890698148815822,0.0,2.891956032915397,3.7080804832,0.5,true,true,true
118bus,dispatch,nrel,20,chronological,conical_bounded,economic,5,0.7806946849087115,0.0,5.832376664234173,4.0671249004000005,0.5,true,true,true
118bus,dispatch,nrel,20,convex_hull,dirac,economic,5,1.5568089072497182,0.0,5.612735416056732,4.5373822502,0.6,true,true,false
118bus,dispatch,nrel,20,convex_hull,convex,economic,5,0.7692992231643103,0.0,3.981020038189363,5.6555031414000005,0.1,true,true,true
118bus,dispatch,nrel,20,convex_hull,conical,economic,5,0.7105668063899451,0.0,3.54712370206146,5.594304792,0.1,true,true,true
118bus,dispatch,nrel,20,convex_hull,conical_bounded,economic,5,0.7519574759583758,0.0,4.965241034521627,5.733396841999999,0.1,true,true,true
118bus,dispatch,nrel,20,convex_hull_with_null,dirac,economic,5,1.6450131768732668,0.0,4.3197786646123175,4.568459849999999,0.6,true,false,false
118bus,dispatch,nrel,20,convex_hull_with_null,convex,economic,5,0.6408856138497621,0.0,0.26629397652491593,5.520942366599999,0.0,true,true,true
118bus,dispatch,nrel,20,convex_hull_with_null,conical,economic,5,0.5426869973533366,0.0,6.677307439444773,5.5433928498,0.1,true,true,true
118bus,dispatch,nrel,20,convex_hull_with_null,conical_bounded,economic,5,0.6260344193615985,0.0,1.6399097199402586,5.8563698418,0.2,true,true,true
118bus,dispatch,nrel,20,conical_hull,dirac,economic,5,1.9824729557257559,0.0,21.081321355322057,4.482740333,0.6,true,false,false
118bus,dispatch,nrel,20,conical_hull,convex,economic,5,0.854902665257673,0.0,12.249393555594578,5.002076984,0.1,true,true,true
118bus,dispatch,nrel,20,conical_hull,conical,economic,5,0.7701373045146065,0.0,7.199480942498059,4.9108348666,0.8,true,true,true
118bus,dispatch,nrel,20,conical_hull,conical_bounded,economic,5,0.8491628113067362,0.0,12.495281491188726,5.1783400751999995,0.1,true,true,true
118bus,dispatch,nrel,40,k_means,dirac,economic,5,0.6777744576059108,0.0,1.3855945247816899,6.2312942252,0.3,true,false,true
118bus,dispatch,nrel,40,k_means,convex,economic,5,0.5602101550035687,0.0,1.2996348674962777,8.833752283199999,0.5,true,false,true
118bus,dispatch,nrel,40,k_means,conical,economic,5,0.5116504593016735,0.0,3.2478774516264273,8.3955915588,0.7,true,false,true
118bus,dispatch,nrel,40,k_means,conical_bounded,economic,5,0.5516542124110657,0.0,2.5394555398015846,9.14853545,0.6,true,false,true
118bus,dispatch,nrel,40,k_medoids,dirac,economic,5,0.9962888967387862,0.1,2.982847262997074,5.905460766999999,0.5,false,false,true
118bus,dispatch,nrel,40,k_medoids,convex,economic,5,0.5689731052513913,0.1,1.9878716435022323,8.5821367922,0.4,false,false,true
118bus,dispatch,nrel,40,k_medoids,conical,economic,5,0.5191235151180429,0.1,3.45483786003352,8.6519293998,0.9,false,false,true
118bus,dispatch,nrel,40,k_medoids,conical_bounded,economic,5,0.563956730339954,0.1,2.5727543755395557,8.8525976082,0.2,false,false,true
118bus,dispatch,nrel,40,hierarchical,dirac,economic,5,3.3651375616946977,0.0,0.4193857050004631,5.6418003167999995,0.5,true,false,false
118bus,dispatch,nrel,40,hierarchical,convex,economic,5,0.48702747922002576,0.0,1.2860949497337029,9.0256494998,0.7,true,true,true
118bus,dispatch,nrel,40,hierarchical,conical,economic,5,0.45635140613122793,0.0,2.762141029972233,8.6268870502,0.6,true,true,true
118bus,dispatch,nrel,40,hierarchical,conical_bounded,economic,5,0.4904242663803293,0.0,1.2078984071690548,7.8957802916,0.8,true,true,true
118bus,dispatch,nrel,40,chronological,dirac,economic,5,3.9339007012316514,0.0,2.378580379859008,4.748113475399999,0.5,true,false,false
118bus,dispatch,nrel,40,chronological,convex,economic,5,0.5254707223933508,0.0,1.5915543856169285,9.324078050199999,0.5,true,true,true
118bus,dispatch,nrel,40,chronological,conical,economic,5,0.56284595067706,0.0,3.7798894876374804,9.0466277836,0.5,true,true,true
118bus,dispatch,nrel,40,chronological,conical_bounded,economic,5,0.5791291092306139,0.0,6.767501847324456,8.728242742,0.0,true,true,true
118bus,dispatch,nrel,40,convex_hull,dirac,economic,5,1.116183040018126,0.0,7.289831992627969,9.819820775,0.1,true,true,true
118bus,dispatch,nrel,40,convex_hull,convex,economic,5,0.6975236888739467,0.0,5.65852367095146,10.847942658600001,0.4,true,true,true
118bus,dispatch,nrel,40,convex_hull,conical,economic,5,0.658977457829879,0.0,0.6484616749663361,11.622755133000002,0.2,true,true,true
118bus,dispatch,nrel,40,convex_hull,conical_bounded,economic,5,0.6882688487851896,0.0,6.674707960213864,11.181696341599999,0.1,true,true,true
118bus,dispatch,nrel,40,convex_hull_with_null,dirac,economic,5,1.1776219940873078,0.0,5.939582170750161,10.0376571834,0.1,true,true,true
118bus,dispatch,nrel,40,convex_hull_with_null,convex,economic,5,0.6289327630454755,0.0,2.6485971382162945,11.5642067922,0.6,true,true,true
118bus,dispatch,nrel,40,convex_hull_with_null,conical,economic,5,0.5317374102286943,0.0,3.7658548943479664,10.8234981748,0.1,true,true,true
118bus,dispatch,nrel,40,convex_hull_with_null,conical_bounded,economic,5,0.6087633181059537,0.0,3.8388516322089385,11.1712945082,0.2,true,true,true
118bus,dispatch,nrel,40,conical_hull,dirac,economic,5,1.6816905722026654,0.0,13.231123863180283,9.100208816399999,0.4,true,false,false
118bus,dispatch,nrel,40,conical_hull,convex,economic,5,0.6611975358736588,0.0,10.666964754565226,9.780154891799999,0.2,true,true,true
118bus,dispatch,nrel,40,conical_hull,conical,economic,5,0.45613948336369337,0.0,9.004373592507905,10.7528029918,0.3,true,true,true
118bus,dispatch,nrel,40,conical_hull,conical_bounded,economic,5,0.6470172949906594,0.0,11.110935540609429,9.795779783199999,0.2,true,true,true
118bus,dispatch,nrel,80,k_means,dirac,economic,5,0.5018422804475087,0.0,1.010763434096982,13.370057183399998,0.6,true,false,true
118bus,dispatch,nrel,80,k_means,convex,economic,5,0.40211449036828384,0.0,1.1904629519024954,23.443895074999997,1.0,true,false,true
118bus,dispatch,nrel,80,k_means,conical,economic,5,0.35620465199711404,0.0,3.09055745065607,20.147040866999998,2.1,true,false,true
118bus,dispatch,nrel,80,k_means,conical_bounded,economic,5,0.39711174652193204,0.0,2.187930705256117,22.203103634,1.8,true,false,true
118bus,dispatch,nrel,80,k_medoids,dirac,economic,5,0.8227567241062017,0.0,1.8841662361952678,12.445351582799999,1.2,true,false,true
118bus,dispatch,nrel,80,k_medoids,convex,economic,5,0.4170144473553927,0.0,1.186037038181193,23.7545157082,1.5,true,false,true
118bus,dispatch,nrel,80,k_medoids,conical,economic,5,0.37419053949479864,0.0,3.8469716929995945,22.817287508600003,0.6,true,false,true
118bus,dispatch,nrel,80,k_medoids,conical_bounded,economic,5,0.41229423864572734,0.0,0.9862909462467269,23.147056900000003,1.7,true,false,true
118bus,dispatch,nrel,80,hierarchical,dirac,economic,5,0.8623127344367099,0.0,0.15763842989212662,11.576307574999998,0.4,true,true,true
118bus,dispatch,nrel,80,hierarchical,convex,economic,5,0.4287870880929523,0.0,0.15378080497014487,22.591922925,0.4,true,true,true
118bus,dispatch,nrel,80,hierarchical,conical,economic,5,0.360764350026721,0.0,3.259785482138285,25.623641941400003,0.9,true,true,true
118bus,dispatch,nrel,80,hierarchical,conical_bounded,economic,5,0.4201324823277952,0.0,1.2156257607805732,21.590633825399998,0.2,true,true,true
118bus,dispatch,nrel,80,chronological,dirac,economic,5,1.0939051578209735,0.0,2.8705677523182866,9.1309715586,0.2,true,true,true
118bus,dispatch,nrel,80,chronological,convex,economic,5,0.41375464991764144,0.0,1.0986449141023604,23.4874047,0.8,true,true,true
118bus,dispatch,nrel,80,chronological,conical,economic,5,0.4686524085187216,0.0,1.427439800392929,24.864085324799998,1.4,true,true,true
118bus,dispatch,nrel,80,chronological,conical_bounded,economic,5,0.4815417550961598,0.0,4.523731802786311,26.225826617200006,0.6,true,true,true
118bus,dispatch,nrel,80,convex_hull,dirac,economic,5,1.0079118265173825,0.0,0.02280968998311235,25.656196991799998,0.2,true,true,true
118bus,dispatch,nrel,80,convex_hull,convex,economic,5,0.4833075995313463,0.0,0.9160352115064045,32.8716005834,0.2,true,true,true
118bus,dispatch,nrel,80,convex_hull,conical,economic,5,0.37086887808539526,0.0,4.898631268596009,33.2667487252,0.3,true,true,true
118bus,dispatch,nrel,80,convex_hull,conical_bounded,economic,5,0.47552384674192094,0.0,1.6969159810577132,32.686990607999995,0.6,true,true,true
118bus,dispatch,nrel,80,convex_hull_with_null,dirac,economic,5,0.9595157002080246,0.0,0.783990912579118,23.1608708584,0.8,true,true,true
118bus,dispatch,nrel,80,convex_hull_with_null,convex,economic,5,0.4631049001757148,0.0,0.3958405732954189,32.53604542480001,0.5,true,true,true
118bus,dispatch,nrel,80,convex_hull_with_null,conical,economic,5,0.36782760490565725,0.0,5.306833804213415,32.812153575399996,0.9,true,true,true
118bus,dispatch,nrel,80,convex_hull_with_null,conical_bounded,economic,5,0.45695191399912627,0.0,1.2200927391049496,34.225269542,0.7,true,true,true
118bus,dispatch,nrel,80,conical_hull,dirac,economic,5,0.8186606921435802,0.0,2.9808997210764203,20.119975975400003,0.2,true,true,true
118bus,dispatch,nrel,80,conical_hull,convex,economic,5,0.4521953495522091,0.0,3.3349114873942645,31.472124124600004,0.2,true,true,true
118bus,dispatch,nrel,80,conical_hull,conical,economic,5,0.3320148625267416,0.0,10.05273946144658,28.7791115834,0.1,true,true,true
118bus,dispatch,nrel,80,conical_hull,conical_bounded,economic,5,0.4489569645457214,0.0,3.7165227149728266,31.692080133,0.5,true,true,true
118bus,dispatch,nrel,10,k_means,dirac,unscaled,5,0.9866069903181129,0.1,2.268870447958803,1.6115421166000001,0.1,false,false,true
118bus,dispatch,nrel,10,k_means,convex,unscaled,5,0.7917695019926141,0.0,3.8705007983638935,1.9503730248,0.1,true,false,true
118bus,dispatch,nrel,10,k_means,conical,unscaled,5,0.7231163182055766,0.1,3.0931320063398804,1.9016801164000001,0.1,false,false,true
118bus,dispatch,nrel,10,k_means,conical_bounded,unscaled,5,0.7599832856338429,0.0,5.6995175891453185,2.2483083502,0.6,true,false,true
118bus,dispatch,nrel,10,k_medoids,dirac,unscaled,5,1.6783431771466262,0.7,3.5216393516221816,1.7016912412,0.5,false,false,false
118bus,dispatch,nrel,10,k_medoids,convex,unscaled,5,0.744134582170064,0.1,4.008400279940396,2.1344558168,0.5,false,false,true
118bus,dispatch,nrel,10,k_medoids,conical,unscaled,5,0.6790491277934141,0.1,4.766413190362355,2.0200531668,0.5,false,false,true
118bus,dispatch,nrel,10,k_medoids,conical_bounded,unscaled,5,0.7176766177023097,0.1,6.412387602179352,1.8712613082,0.2,false,false,true
118bus,dispatch,nrel,10,hierarchical,dirac,unscaled,5,15.427388040955538,0.0,11.244615805217853,1.6897256080000003,0.5,true,false,false
118bus,dispatch,nrel,10,hierarchical,convex,unscaled,5,0.7052374178247778,0.0,0.25806840558934874,1.9424802499999998,0.1,true,true,true
118bus,dispatch,nrel,10,hierarchical,conical,unscaled,5,0.7137419592479599,0.0,0.7985160578192948,2.0915634000000005,0.4,true,true,true
118bus,dispatch,nrel,10,hierarchical,conical_bounded,unscaled,5,0.711063969207415,0.0,2.0368344160508958,1.8270754666000002,0.1,true,true,true
118bus,dispatch,nrel,10,chronological,dirac,unscaled,5,2.6808295904367174,0.0,3.0171182240290895,1.6087715752,0.4,true,false,false
118bus,dispatch,nrel,10,chronological,convex,unscaled,5,0.6909813953100974,0.0,3.0515035311964236,1.9641545584000002,0.1,true,true,true
118bus,dispatch,nrel,10,chronological,conical,unscaled,5,0.5203398445891461,0.0,0.7490288670723021,1.9982392246,0.5,true,true,true
118bus,dispatch,nrel,10,chronological,conical_bounded,unscaled,5,0.6058717206141262,0.0,1.655982001551339,1.9478741749999997,0.1,true,true,true
118bus,dispatch,nrel,10,convex_hull,dirac,unscaled,5,1.7400062416336184,0.0,13.404272086868437,2.836593525,0.8,true,false,false
118bus,dispatch,nrel,10,convex_hull,convex,unscaled,5,1.413002276212505,0.0,1.4646262882606742,2.8075104918,0.8,true,true,true
118bus,dispatch,nrel,10,convex_hull,conical,unscaled,5,1.5408957764796893,0.0,1.7256599492307099,3.0417103997999995,0.6,true,false,false
118bus,dispatch,nrel,10,convex_hull,conical_bounded,unscaled,5,1.3728839973127238,0.0,3.2851880869290846,3.3422970002,0.1,true,true,true
118bus,dispatch,nrel,10,convex_hull_with_null,dirac,unscaled,5,10.620942113146459,0.0,17.852400332253332,2.5946536834,0.7,true,false,false
118bus,dispatch,nrel,10,convex_hull_with_null,convex,unscaled,5,0.4977035960707976,0.0,16.36026593866761,3.2556787837999996,0.6,true,true,true
118bus,dispatch,nrel,10,convex_hull_with_null,conical,unscaled,5,0.46593764169933216,0.0,11.58365849802473,3.4907066502,0.1,true,true,true
118bus,dispatch,nrel,10,convex_hull_with_null,conical_bounded,unscaled,5,0.486822106493201,0.0,10.989471724906563,3.1581201838,0.6,true,true,true
118bus,dispatch,nrel,10,conical_hull,dirac,unscaled,5,2.001161708301047,0.0,8.122298909677971,2.8356489752000003,0.6,true,false,false
118bus,dispatch,nrel,10,conical_hull,convex,unscaled,5,0.9792508026980284,0.0,2.948062920464573,2.9718004998,0.6,true,true,true
118bus,dispatch,nrel,10,conical_hull,conical,unscaled,5,0.8993107251360932,0.0,3.083587853677742,3.1111295,0.6,true,true,true
118bus,dispatch,nrel,10,conical_hull,conical_bounded,unscaled,5,0.980798982094111,0.0,3.5217548547649002,3.1275169832000005,0.6,true,true,true
118bus,dispatch,nrel,20,k_means,dirac,unscaled,5,0.8342756377381999,0.1,2.0006246339090783,2.8643246253999997,0.4,false,false,true
118bus,dispatch,nrel,20,k_means,convex,unscaled,5,0.6005671651536115,0.1,2.9536236606372777,3.666539617,0.5,false,false,true
118bus,dispatch,nrel,20,k_means,conical,unscaled,5,0.5475389652348284,0.1,2.2006094955886404,3.4373952246000004,0.1,false,false,true
118bus,dispatch,nrel,20,k_means,conical_bounded,unscaled,5,0.5927135168871178,0.1,4.5450601802821895,3.6466072752,0.3,false,false,true
118bus,dispatch,nrel,20,k_medoids,dirac,unscaled,5,1.2114845487723525,0.2,1.6569143706315845,3.1552165586000003,0.3,false,false,true
118bus,dispatch,nrel,20,k_medoids,convex,unscaled,5,0.6196366038273871,0.1,3.7876425772685436,4.194369608200001,0.5,false,false,true
118bus,dispatch,nrel,20,k_medoids,conical,unscaled,5,0.5733391268184773,0.1,3.5448359510466267,3.8613985748000004,0.4,false,false,true
118bus,dispatch,nrel,20,k_medoids,conical_bounded,unscaled,5,0.6098015201892348,0.1,5.495471629463699,4.1366345584,0.4,false,false,true
118bus,dispatch,nrel,20,hierarchical,dirac,unscaled,5,3.9641611578208336,0.0,3.3927516717438357,2.8215270328,0.5,true,false,false
118bus,dispatch,nrel,20,hierarchical,convex,unscaled,5,0.5939984853821079,0.0,3.7274928844834134,3.8424006085999998,0.5,true,true,true
118bus,dispatch,nrel,20,hierarchical,conical,unscaled,5,0.5822208872907186,0.0,4.128240689018982,3.6989532912,0.4,true,true,true
118bus,dispatch,nrel,20,hierarchical,conical_bounded,unscaled,5,0.5968280679735427,0.0,5.467756796243666,3.8402202915999992,0.5,true,true,true
118bus,dispatch,nrel,20,chronological,dirac,unscaled,5,1.5102726126782873,0.0,3.935227663976319,2.8261897668,0.4,true,false,false
118bus,dispatch,nrel,20,chronological,convex,unscaled,5,0.6407445764558872,0.0,2.0656787937495706,4.2416020333999995,0.3,true,true,true
118bus,dispatch,nrel,20,chronological,conical,unscaled,5,0.49850431701841114,0.0,1.1044898824259095,3.467562,0.2,true,true,true
118bus,dispatch,nrel,20,chronological,conical_bounded,unscaled,5,0.5669586156492823,0.0,2.8076223984572075,3.914962584,0.4,true,true,true
118bus,dispatch,nrel,20,convex_hull,dirac,unscaled,5,1.678665754224373,0.0,16.416696600815982,5.595804124600001,0.7,true,false,false
118bus,dispatch,nrel,20,convex_hull,convex,unscaled,5,0.6090752905187902,0.0,4.993888801004383,5.3357840666000005,0.6,true,true,true
118bus,dispatch,nrel,20,convex_hull,conical,unscaled,5,0.6414208327487403,0.0,4.432340882461857,5.331496500200001,0.7,true,true,true
118bus,dispatch,nrel,20,convex_hull,conical_bounded,unscaled,5,0.6214154590099552,0.0,3.374744498666314,5.5116901581999995,0.1,true,true,true
118bus,dispatch,nrel,20,convex_hull_with_null,dirac,unscaled,5,2.5009348312363677,0.0,11.924378250030935,5.2377689584,0.6,true,false,false
118bus,dispatch,nrel,20,convex_hull_with_null,convex,unscaled,5,0.5180842537781949,0.0,7.281594073183821,5.304738025000001,0.6,true,true,true
118bus,dispatch,nrel,20,convex_hull_with_null,conical,unscaled,5,0.5188470303475023,0.0,6.413314414303931,5.422781816999999,0.1,true,true,true
118bus,dispatch,nrel,20,convex_hull_with_null,conical_bounded,unscaled,5,0.502693725509995,0.0,5.881681177360507,5.5584964575999996,0.1,true,true,true
118bus,dispatch,nrel,20,conical_hull,dirac,unscaled,5,1.928273577335382,0.0,12.055356603122261,4.804597975,0.2,true,false,false
118bus,dispatch,nrel,20,conical_hull,convex,unscaled,5,0.9836277183884468,0.0,7.852522577401508,4.907562274600001,0.6,true,true,true
118bus,dispatch,nrel,20,conical_hull,conical,unscaled,5,0.9179764223549824,0.0,2.7059493311332083,5.5575466998000005,0.1,true,true,true
118bus,dispatch,nrel,20,conical_hull,conical_bounded,unscaled,5,0.9923327339818488,0.0,8.354193048258264,5.166115832999999,0.6,true,true,true
118bus,dispatch,nrel,40,k_means,dirac,unscaled,5,0.6311483122867934,0.0,1.651080579415168,5.4228937084,0.4,true,false,true
118bus,dispatch,nrel,40,k_means,convex,unscaled,5,0.39987218571455596,0.0,1.6128757556723756,8.868470550000001,1.2,true,false,true
118bus,dispatch,nrel,40,k_means,conical,unscaled,5,0.3737186355520006,0.0,0.912362661523783,8.01956305,0.8,true,false,true
118bus,dispatch,nrel,40,k_means,conical_bounded,unscaled,5,0.4010725909773738,0.0,2.835223375959091,8.687339192,0.3,true,false,true
118bus,dispatch,nrel,40,k_medoids,dirac,unscaled,5,0.9523262263318344,0.1,1.023514107606458,5.3638207414,0.2,false,false,true
118bus,dispatch,nrel,40,k_medoids,convex,unscaled,5,0.44306603052120863,0.0,1.9116410191810354,8.5045256166,0.8,true,false,true
118bus,dispatch,nrel,40,k_medoids,conical,unscaled,5,0.4128453860072012,0.0,1.4205377586148225,8.698677933199999,0.6,true,false,true
118bus,dispatch,nrel,40,k_medoids,conical_bounded,unscaled,5,0.4381697594775291,0.0,2.6810732346259636,8.7247034836,0.8,true,false,true
118bus,dispatch,nrel,40,hierarchical,dirac,unscaled,5,0.931941663972724,0.0,0.9757076242447529,4.8603493336,0.2,true,true,true
118bus,dispatch,nrel,40,hierarchical,convex,unscaled,5,0.4088783876569524,0.0,1.2047577832095193,9.7698575166,0.6,true,true,true
118bus,dispatch,nrel,40,hierarchical,conical,unscaled,5,0.3748118495290109,0.0,0.7072539740650682,8.161779158600002,0.4,true,true,true
118bus,dispatch,nrel,40,hierarchical,conical_bounded,unscaled,5,0.4150255890402521,0.0,2.626800996064915,8.7160096334,0.7,true,true,true
118bus,dispatch,nrel,40,chronological,dirac,unscaled,5,1.3141052182921165,0.0,3.511115795011657,4.4448731254,0.2,true,true,true
118bus,dispatch,nrel,40,chronological,convex,unscaled,5,0.46150273996370395,0.0,1.7791703222396364,9.410140150200002,0.4,true,true,true
118bus,dispatch,nrel,40,chronological,conical,unscaled,5,0.4183557253347514,0.0,0.1800234982801018,8.5353273078,0.4,true,true,true
118bus,dispatch,nrel,40,chronological,conical_bounded,unscaled,5,0.44980065788857715,0.0,1.2968541838928942,8.0776883918,0.6,true,true,true
118bus,dispatch,nrel,40,convex_hull,dirac,unscaled,5,1.3565737254595645,0.0,14.093192052597862,9.7316845664,0.1,true,true,true
118bus,dispatch,nrel,40,convex_hull,convex,unscaled,5,0.5277184772853882,0.0,7.048445222760691,11.2060513996,0.1,true,true,true
118bus,dispatch,nrel,40,convex_hull,conical,unscaled,5,0.5445245749324812,0.0,6.386109695006183,12.6152541002,0.2,true,true,true
118bus,dispatch,nrel,40,convex_hull,conical_bounded,unscaled,5,0.5554217084415614,0.0,5.535719310244738,10.785012041400002,0.2,true,true,true
118bus,dispatch,nrel,40,convex_hull_with_null,dirac,unscaled,5,2.2535067348737226,0.0,7.330586561481485,9.2285728084,0.1,true,false,false
118bus,dispatch,nrel,40,convex_hull_with_null,convex,unscaled,5,0.6848351213643022,0.0,5.916258863557143,12.4246672668,0.1,true,true,true
118bus,dispatch,nrel,40,convex_hull_with_null,conical,unscaled,5,0.6984509537291794,0.0,5.306673719850041,10.349546524800001,0.4,true,true,true
118bus,dispatch,nrel,40,convex_hull_with_null,conical_bounded,unscaled,5,0.6882845943455118,0.0,4.6847170615635925,10.730691083400002,0.1,true,true,true
118bus,dispatch,nrel,40,conical_hull,dirac,unscaled,5,1.2502196379994945,0.0,7.124933346244605,8.7207824754,0.0,true,true,true
118bus,dispatch,nrel,40,conical_hull,convex,unscaled,5,0.8358385650491407,0.0,6.371417639541388,10.806235532999999,0.6,true,true,true
118bus,dispatch,nrel,40,conical_hull,conical,unscaled,5,0.6801081097288719,0.0,0.09751004915693537,11.6713191166,0.1,true,true,true
118bus,dispatch,nrel,40,conical_hull,conical_bounded,unscaled,5,0.8405084017784503,0.0,6.99902620600002,11.6964834586,0.1,true,true,true
118bus,dispatch,nrel,80,k_means,dirac,unscaled,5,0.44506348041475796,0.1,1.2151981158376703,11.662456025,0.3,false,false,true
118bus,dispatch,nrel,80,k_means,convex,unscaled,5,0.2757620783280945,0.0,1.3394393368551563,23.8481930336,3.8,true,false,true
118bus,dispatch,nrel,80,k_means,conical,unscaled,5,0.2709810465463214,0.0,1.0236210688577962,20.3468394254,1.7,true,false,true
118bus,dispatch,nrel,80,k_means,conical_bounded,unscaled,5,0.2786219534633627,0.0,2.4303162923910264,22.0579379582,1.2,true,false,true
118bus,dispatch,nrel,80,k_medoids,dirac,unscaled,5,0.637460202547615,0.1,0.9326950105256941,11.2932616916,0.3,false,false,true
118bus,dispatch,nrel,80,k_medoids,convex,unscaled,5,0.2810073299376148,0.0,0.7956665962512135,22.438731324600003,0.7,true,false,true
118bus,dispatch,nrel,80,k_medoids,conical,unscaled,5,0.2797479050826457,0.0,0.5826263281135267,23.3068633918,1.6,true,false,true
118bus,dispatch,nrel,80,k_medoids,conical_bounded,unscaled,5,0.2867492336201316,0.0,1.800697682316575,23.415573099600003,1.5,true,false,true
118bus,dispatch,nrel,80,hierarchical,dirac,unscaled,5,0.5206997619617626,0.0,1.5928895554839135,11.112924400199999,0.1,true,true,true
118bus,dispatch,nrel,80,hierarchical,convex,unscaled,5,0.2876373709873814,0.0,0.4290360628928386,21.3514005916,0.7,true,true,true
118bus,dispatch,nrel,80,hierarchical,conical,unscaled,5,0.2886533906259814,0.0,0.809437499063716,21.252084167,0.8,true,true,true
118bus,dispatch,nrel,80,hierarchical,conical_bounded,unscaled,5,0.2966756660344849,0.0,0.5777978940000614,20.3365801916,0.8,true,true,true
118bus,dispatch,nrel,80,chronological,dirac,unscaled,5,0.8888392049001492,0.0,0.055383084140224206,8.8561416084,0.2,true,true,true
118bus,dispatch,nrel,80,chronological,convex,unscaled,5,0.4007702336700447,0.0,0.6378173179911978,21.979880833200003,0.2,true,true,true
118bus,dispatch,nrel,80,chronological,conical,unscaled,5,0.38774881230128067,0.0,0.6239752270778713,22.1141682168,0.7,true,true,true
118bus,dispatch,nrel,80,chronological,conical_bounded,unscaled,5,0.40380854314692183,0.0,1.530440785724707,23.2264690916,0.7,true,true,true
118bus,dispatch,nrel,80,convex_hull,dirac,unscaled,5,0.9605768288722727,0.0,7.40805282336146,22.2902459416,0.4,true,true,true
118bus,dispatch,nrel,80,convex_hull,convex,unscaled,5,0.3362404173321121,0.0,2.437796208652231,35.717811999599995,0.1,true,true,true
118bus,dispatch,nrel,80,convex_hull,conical,unscaled,5,0.36211646582222645,0.0,2.1940281393509395,28.6831779838,0.2,true,true,true
118bus,dispatch,nrel,80,convex_hull,conical_bounded,unscaled,5,0.3582052704342864,0.0,1.4139221933272081,29.1657151086,0.3,true,true,true
118bus,dispatch,nrel,80,convex_hull_with_null,dirac,unscaled,5,0.8936944656315005,0.0,4.763883336873672,21.3535532836,0.5,true,true,true
118bus,dispatch,nrel,80,convex_hull_with_null,convex,unscaled,5,0.2711515949549659,0.0,2.6119380865619357,30.1678245168,0.4,true,true,true
118bus,dispatch,nrel,80,convex_hull_with_null,conical,unscaled,5,0.2953746358898224,0.0,2.2782217792663815,30.641053591599995,0.3,true,true,true
118bus,dispatch,nrel,80,convex_hull_with_null,conical_bounded,unscaled,5,0.2842476019036866,0.0,1.6918697229001496,38.2110093584,0.3,true,true,true
118bus,dispatch,nrel,80,conical_hull,dirac,unscaled,5,0.8123437191129401,0.0,2.596933147802819,19.5420536838,0.3,true,true,true
118bus,dispatch,nrel,80,conical_hull,convex,unscaled,5,0.3328133388489585,0.0,0.4451321885270813,35.2824989828,0.3,true,true,true
118bus,dispatch,nrel,80,conical_hull,conical,unscaled,5,0.34012300798509365,0.0,1.3258107735510818,27.026902383,0.1,true,true,true
118bus,dispatch,nrel,80,conical_hull,conical_bounded,unscaled,5,0.33584356486495714,0.0,1.0104712070704909,27.792792416599998,0.3,true,true,true
